<?xml version="1.0" encoding="UTF-8"?>
<osm generator="VMB">
  <MetaInfo format_version="1" map_version="2"/>
  <node id="32613" lat="48.26435284208842" lon="11.669275717710715">
    <tag k="mgrs_code" v="32UPU980491"/>
    <tag k="local_x" v="98088.52"/>
    <tag k="local_y" v="49127.0618"/>
    <tag k="ele" v="520.4546"/>
  </node>
  <node id="32614" lat="48.26430124266534" lon="11.669707984660675">
    <tag k="mgrs_code" v="32UPU981491"/>
    <tag k="local_x" v="98120.7957"/>
    <tag k="local_y" v="49122.4432"/>
    <tag k="ele" v="520.5149"/>
  </node>
  <node id="32615" lat="48.26432471932832" lon="11.669268043841516">
    <tag k="mgrs_code" v="32UPU980491"/>
    <tag k="local_x" v="98088.0593"/>
    <tag k="local_y" v="49123.9165"/>
    <tag k="ele" v="520.4272"/>
  </node>
  <node id="32616" lat="48.26427336112407" lon="11.669700502367444">
    <tag k="mgrs_code" v="32UPU981491"/>
    <tag k="local_x" v="98120.3483"/>
    <tag k="local_y" v="49119.3252"/>
    <tag k="ele" v="520.4338"/>
  </node>
  <node id="32621" lat="48.26456464448926" lon="11.667470413698442">
    <tag k="mgrs_code" v="32UPU979491"/>
    <tag k="local_x" v="97953.7399"/>
    <tag k="local_y" v="49145.942"/>
    <tag k="ele" v="520.5773"/>
  </node>
  <node id="32622" lat="48.26456482090495" lon="11.66746572099575">
    <tag k="mgrs_code" v="32UPU979491"/>
    <tag k="local_x" v="97953.391"/>
    <tag k="local_y" v="49145.9495"/>
    <tag k="ele" v="520.5746"/>
  </node>
  <node id="32623" lat="48.26456442869266" lon="11.667460987903155">
    <tag k="mgrs_code" v="32UPU979491"/>
    <tag k="local_x" v="97953.0413"/>
    <tag k="local_y" v="49145.8937"/>
    <tag k="ele" v="520.572"/>
  </node>
  <node id="32624" lat="48.264563512241516" lon="11.667456317804568">
    <tag k="mgrs_code" v="32UPU979491"/>
    <tag k="local_x" v="97952.6983"/>
    <tag k="local_y" v="49145.7798"/>
    <tag k="ele" v="520.5696"/>
  </node>
  <node id="32625" lat="48.26456212409141" lon="11.667451811813095">
    <tag k="mgrs_code" v="32UPU979491"/>
    <tag k="local_x" v="97952.3693"/>
    <tag k="local_y" v="49145.6139"/>
    <tag k="ele" v="520.5673"/>
  </node>
  <node id="32626" lat="48.26456032146324" lon="11.667447563199678">
    <tag k="mgrs_code" v="32UPU979491"/>
    <tag k="local_x" v="97952.061"/>
    <tag k="local_y" v="49145.4026"/>
    <tag k="ele" v="520.5651"/>
  </node>
  <node id="32627" lat="48.26455859795624" lon="11.66744444128393">
    <tag k="mgrs_code" v="32UPU979491"/>
    <tag k="local_x" v="97951.836"/>
    <tag k="local_y" v="49145.203"/>
    <tag k="ele" v="520.5634"/>
  </node>
  <node id="32628" lat="48.26455902884863" lon="11.66744522108985">
    <tag k="mgrs_code" v="32UPU979491"/>
    <tag k="local_x" v="97951.8922"/>
    <tag k="local_y" v="49145.2529"/>
    <tag k="ele" v="520.5638"/>
  </node>
  <node id="32629" lat="48.26455945970975" lon="11.667446002241784">
    <tag k="mgrs_code" v="32UPU979491"/>
    <tag k="local_x" v="97951.9485"/>
    <tag k="local_y" v="49145.3028"/>
    <tag k="ele" v="520.5642"/>
  </node>
  <node id="32630" lat="48.26455989057088" lon="11.667446783393723">
    <tag k="mgrs_code" v="32UPU979491"/>
    <tag k="local_x" v="97952.0048"/>
    <tag k="local_y" v="49145.3527"/>
    <tag k="ele" v="520.5646"/>
  </node>
  <node id="32631" lat="48.264558167095124" lon="11.667443660132031">
    <tag k="mgrs_code" v="32UPU979491"/>
    <tag k="local_x" v="97951.7797"/>
    <tag k="local_y" v="49145.1531"/>
    <tag k="ele" v="520.563"/>
  </node>
  <node id="32632" lat="48.26455573392329" lon="11.667440177832452">
    <tag k="mgrs_code" v="32UPU979491"/>
    <tag k="local_x" v="97951.5307"/>
    <tag k="local_y" v="49144.8737"/>
    <tag k="ele" v="520.561"/>
  </node>
  <node id="32633" lat="48.26455309792381" lon="11.667437176857614">
    <tag k="mgrs_code" v="32UPU979491"/>
    <tag k="local_x" v="97951.3182"/>
    <tag k="local_y" v="49144.573"/>
    <tag k="ele" v="520.5591"/>
  </node>
  <node id="32634" lat="48.26454755458902" lon="11.667432746942993">
    <tag k="mgrs_code" v="32UPU979491"/>
    <tag k="local_x" v="97951.0109"/>
    <tag k="local_y" v="49143.9455"/>
    <tag k="ele" v="520.5554"/>
  </node>
  <node id="32635" lat="48.2645422102953" lon="11.66743032458347">
    <tag k="mgrs_code" v="32UPU979491"/>
    <tag k="local_x" v="97950.8518"/>
    <tag k="local_y" v="49143.3453"/>
    <tag k="ele" v="520.5519"/>
  </node>
  <node id="32636" lat="48.26453412749708" lon="11.667428619419546">
    <tag k="mgrs_code" v="32UPU979491"/>
    <tag k="local_x" v="97950.7565"/>
    <tag k="local_y" v="49142.4426"/>
    <tag k="ele" v="520.545"/>
  </node>
  <node id="32637" lat="48.264518380219634" lon="11.667424631179504">
    <tag k="mgrs_code" v="32UPU979491"/>
    <tag k="local_x" v="97950.5214"/>
    <tag k="local_y" v="49140.6822"/>
    <tag k="ele" v="520.5235"/>
  </node>
  <node id="32638" lat="48.26459476541618" lon="11.667477367262663">
    <tag k="mgrs_code" v="32UPU979491"/>
    <tag k="local_x" v="97954.1395"/>
    <tag k="local_y" v="49149.3075"/>
    <tag k="ele" v="520.6547"/>
  </node>
  <node id="32639" lat="48.26459554871996" lon="11.6674667253631">
    <tag k="mgrs_code" v="32UPU979491"/>
    <tag k="local_x" v="97953.3468"/>
    <tag k="local_y" v="49149.3671"/>
    <tag k="ele" v="520.6594"/>
  </node>
  <node id="32640" lat="48.26459571908151" lon="11.667455703857621">
    <tag k="mgrs_code" v="32UPU979491"/>
    <tag k="local_x" v="97952.5283"/>
    <tag k="local_y" v="49149.3576"/>
    <tag k="ele" v="520.6643"/>
  </node>
  <node id="32641" lat="48.264595202948655" lon="11.667444370341281">
    <tag k="mgrs_code" v="32UPU979491"/>
    <tag k="local_x" v="97951.6893"/>
    <tag k="local_y" v="49149.271"/>
    <tag k="ele" v="520.6695"/>
  </node>
  <node id="32642" lat="48.26459392165089" lon="11.66743281909541">
    <tag k="mgrs_code" v="32UPU979491"/>
    <tag k="local_x" v="97950.8371"/>
    <tag k="local_y" v="49149.0988"/>
    <tag k="ele" v="520.6748"/>
  </node>
  <node id="32643" lat="48.2645917961354" lon="11.66742119963438">
    <tag k="mgrs_code" v="32UPU979491"/>
    <tag k="local_x" v="97949.9831"/>
    <tag k="local_y" v="49148.8326"/>
    <tag k="ele" v="520.6802"/>
  </node>
  <node id="32644" lat="48.264588763143735" lon="11.667409717548027">
    <tag k="mgrs_code" v="32UPU979491"/>
    <tag k="local_x" v="97949.1428"/>
    <tag k="local_y" v="49148.4659"/>
    <tag k="ele" v="520.6857"/>
  </node>
  <node id="32645" lat="48.26458479405334" lon="11.667398636830264">
    <tag k="mgrs_code" v="32UPU979491"/>
    <tag k="local_x" v="97948.3359"/>
    <tag k="local_y" v="49147.9962"/>
    <tag k="ele" v="520.6911"/>
  </node>
  <node id="32646" lat="48.26457992140853" lon="11.667388261045826">
    <tag k="mgrs_code" v="32UPU979491"/>
    <tag k="local_x" v="97947.5848"/>
    <tag k="local_y" v="49147.4279"/>
    <tag k="ele" v="520.6965"/>
  </node>
  <node id="32647" lat="48.26457424720369" lon="11.667378886594472">
    <tag k="mgrs_code" v="32UPU979491"/>
    <tag k="local_x" v="97946.9111"/>
    <tag k="local_y" v="49146.7731"/>
    <tag k="ele" v="520.7018"/>
  </node>
  <node id="32648" lat="48.264567941593015" lon="11.667370742000122">
    <tag k="mgrs_code" v="32UPU979491"/>
    <tag k="local_x" v="97946.3311"/>
    <tag k="local_y" v="49146.0513"/>
    <tag k="ele" v="520.707"/>
  </node>
  <node id="32649" lat="48.26456120428504" lon="11.667363945471715">
    <tag k="mgrs_code" v="32UPU979491"/>
    <tag k="local_x" v="97945.8528"/>
    <tag k="local_y" v="49145.285"/>
    <tag k="ele" v="520.7119"/>
  </node>
  <node id="32650" lat="48.264554235909046" lon="11.667358498022022">
    <tag k="mgrs_code" v="32UPU979491"/>
    <tag k="local_x" v="97945.4755"/>
    <tag k="local_y" v="49144.4965"/>
    <tag k="ele" v="520.7165"/>
  </node>
  <node id="32651" lat="48.26454719980095" lon="11.667354301692278">
    <tag k="mgrs_code" v="32UPU979491"/>
    <tag k="local_x" v="97945.1913"/>
    <tag k="local_y" v="49143.7037"/>
    <tag k="ele" v="520.7208"/>
  </node>
  <node id="32652" lat="48.264540211117826" lon="11.667351202109916">
    <tag k="mgrs_code" v="32UPU979491"/>
    <tag k="local_x" v="97944.9883"/>
    <tag k="local_y" v="49142.919"/>
    <tag k="ele" v="520.7247"/>
  </node>
  <node id="32653" lat="48.26453334051899" lon="11.667349023718584">
    <tag k="mgrs_code" v="32UPU979491"/>
    <tag k="local_x" v="97944.8532"/>
    <tag k="local_y" v="49142.1498"/>
    <tag k="ele" v="520.7282"/>
  </node>
  <node id="32654" lat="48.26452662342697" lon="11.66734759721314">
    <tag k="mgrs_code" v="32UPU979491"/>
    <tag k="local_x" v="97944.7733"/>
    <tag k="local_y" v="49141.3996"/>
    <tag k="ele" v="520.7312"/>
  </node>
  <node id="32659" lat="48.264188585530945" lon="11.66847277197563">
    <tag k="mgrs_code" v="32UPU980491"/>
    <tag k="local_x" v="98029.5727"/>
    <tag k="local_y" v="49106.7342"/>
    <tag k="ele" v="520.5645"/>
  </node>
  <node id="32660" lat="48.264246843538466" lon="11.668489223568411">
    <tag k="mgrs_code" v="32UPU980491"/>
    <tag k="local_x" v="98030.5683"/>
    <tag k="local_y" v="49113.2513"/>
    <tag k="ele" v="520.5782"/>
  </node>
  <node id="32661" lat="48.26425277525203" lon="11.6684908761336">
    <tag k="mgrs_code" v="32UPU980491"/>
    <tag k="local_x" v="98030.668"/>
    <tag k="local_y" v="49113.9148"/>
    <tag k="ele" v="520.5808"/>
  </node>
  <node id="32662" lat="48.264178197037154" lon="11.668558886989928">
    <tag k="mgrs_code" v="32UPU980491"/>
    <tag k="local_x" v="98036.003"/>
    <tag k="local_y" v="49105.8019"/>
    <tag k="ele" v="520.4631"/>
  </node>
  <node id="32663" lat="48.264214389589355" lon="11.668568866136667">
    <tag k="mgrs_code" v="32UPU980491"/>
    <tag k="local_x" v="98036.6036"/>
    <tag k="local_y" v="49109.85"/>
    <tag k="ele" v="520.4678"/>
  </node>
  <node id="32664" lat="48.2642421804008" lon="11.66857657756276">
    <tag k="mgrs_code" v="32UPU980491"/>
    <tag k="local_x" v="98037.0684"/>
    <tag k="local_y" v="49112.9585"/>
    <tag k="ele" v="520.4728"/>
  </node>
  <node id="32669" lat="48.264534655577954" lon="11.667722933235925">
    <tag k="mgrs_code" v="32UPU979491"/>
    <tag k="local_x" v="97972.5938"/>
    <tag k="local_y" v="49143.2606"/>
    <tag k="ele" v="520.5056"/>
  </node>
  <node id="32670" lat="48.26453303840856" lon="11.667736780834225">
    <tag k="mgrs_code" v="32UPU979491"/>
    <tag k="local_x" v="97973.6276"/>
    <tag k="local_y" v="49143.1166"/>
    <tag k="ele" v="520.5036"/>
  </node>
  <node id="32671" lat="48.26450488534984" lon="11.667715175744743">
    <tag k="mgrs_code" v="32UPU979491"/>
    <tag k="local_x" v="97972.1332"/>
    <tag k="local_y" v="49139.932"/>
    <tag k="ele" v="520.4911"/>
  </node>
  <node id="32672" lat="48.264503237603215" lon="11.667729138986791">
    <tag k="mgrs_code" v="32UPU979491"/>
    <tag k="local_x" v="97973.1757"/>
    <tag k="local_y" v="49139.7849"/>
    <tag k="ele" v="520.4945"/>
  </node>
  <node id="32677" lat="48.264206842915584" lon="11.670473458126935">
    <tag k="mgrs_code" v="32UPU981491"/>
    <tag k="local_x" v="98177.9625"/>
    <tag k="local_y" v="49113.9286"/>
    <tag k="ele" v="520.5067"/>
  </node>
  <node id="32678" lat="48.26419144870452" lon="11.670610274881076">
    <tag k="mgrs_code" v="32UPU981491"/>
    <tag k="local_x" v="98188.1745"/>
    <tag k="local_y" v="49112.5711"/>
    <tag k="ele" v="520.5142"/>
  </node>
  <node id="32679" lat="48.26419658012614" lon="11.670564669306243">
    <tag k="mgrs_code" v="32UPU981491"/>
    <tag k="local_x" v="98184.7705"/>
    <tag k="local_y" v="49113.0236"/>
    <tag k="ele" v="520.5117"/>
  </node>
  <node id="32680" lat="48.264201711529836" lon="11.670519063721516">
    <tag k="mgrs_code" v="32UPU981491"/>
    <tag k="local_x" v="98181.3665"/>
    <tag k="local_y" v="49113.4761"/>
    <tag k="ele" v="520.5092"/>
  </node>
  <node id="32681" lat="48.26418631726495" lon="11.670655880446057">
    <tag k="mgrs_code" v="32UPU981491"/>
    <tag k="local_x" v="98191.5785"/>
    <tag k="local_y" v="49112.1186"/>
    <tag k="ele" v="520.5167"/>
  </node>
  <node id="32682" lat="48.26417566762159" lon="11.670465303765194">
    <tag k="mgrs_code" v="32UPU981491"/>
    <tag k="local_x" v="98177.478"/>
    <tag k="local_y" v="49110.4428"/>
    <tag k="ele" v="520.4752"/>
  </node>
  <node id="32683" lat="48.26417165581155" lon="11.670489642921579">
    <tag k="mgrs_code" v="32UPU981491"/>
    <tag k="local_x" v="98179.2996"/>
    <tag k="local_y" v="49110.0598"/>
    <tag k="ele" v="520.4596"/>
  </node>
  <node id="32684" lat="48.26416909325243" lon="11.670505167359616">
    <tag k="mgrs_code" v="32UPU981491"/>
    <tag k="local_x" v="98180.4615"/>
    <tag k="local_y" v="49109.8151"/>
    <tag k="ele" v="520.4496"/>
  </node>
  <node id="32685" lat="48.264157528339766" lon="11.670575863117884">
    <tag k="mgrs_code" v="32UPU981491"/>
    <tag k="local_x" v="98185.7522"/>
    <tag k="local_y" v="49108.7124"/>
    <tag k="ele" v="520.3925"/>
  </node>
  <node id="32686" lat="48.264145792823044" lon="11.670645380215285">
    <tag k="mgrs_code" v="32UPU981491"/>
    <tag k="local_x" v="98190.9561"/>
    <tag k="local_y" v="49107.5877"/>
    <tag k="ele" v="520.4266"/>
  </node>
  <node id="32691" lat="48.26452192630451" lon="11.66783017517439">
    <tag k="mgrs_code" v="32UPU979491"/>
    <tag k="local_x" v="97980.6008"/>
    <tag k="local_y" v="49142.1226"/>
    <tag k="ele" v="520.4881"/>
  </node>
  <node id="32692" lat="48.264519068168305" lon="11.667853950823162">
    <tag k="mgrs_code" v="32UPU979491"/>
    <tag k="local_x" v="97982.3761"/>
    <tag k="local_y" v="49141.8663"/>
    <tag k="ele" v="520.4833"/>
  </node>
  <node id="32693" lat="48.26449229381333" lon="11.667822531258768">
    <tag k="mgrs_code" v="32UPU979491"/>
    <tag k="local_x" v="97980.1481"/>
    <tag k="local_y" v="49138.8096"/>
    <tag k="ele" v="520.4722"/>
  </node>
  <node id="32694" lat="48.26448944325745" lon="11.667846057977425">
    <tag k="mgrs_code" v="32UPU979491"/>
    <tag k="local_x" v="97981.9049"/>
    <tag k="local_y" v="49138.5535"/>
    <tag k="ele" v="520.4657"/>
  </node>
  <node id="32699" lat="48.26454911870365" lon="11.66786195883123">
    <tag k="mgrs_code" v="32UPU979491"/>
    <tag k="local_x" v="97982.8542"/>
    <tag k="local_y" v="49145.2267"/>
    <tag k="ele" v="520.6311"/>
  </node>
  <node id="32700" lat="48.26455182439652" lon="11.667837889532075">
    <tag k="mgrs_code" v="32UPU979491"/>
    <tag k="local_x" v="97981.0577"/>
    <tag k="local_y" v="49145.4653"/>
    <tag k="ele" v="520.6406"/>
  </node>
  <node id="32704" lat="48.26502537728412" lon="11.669655424091793">
    <tag k="mgrs_code" v="32UPU981492"/>
    <tag k="local_x" v="98114.0952"/>
    <tag k="local_y" v="49202.7859"/>
    <tag k="ele" v="520.4741"/>
  </node>
  <node id="32705" lat="48.26502419450383" lon="11.669665165218648">
    <tag k="mgrs_code" v="32UPU981492"/>
    <tag k="local_x" v="98114.8226"/>
    <tag k="local_y" v="49202.6796"/>
    <tag k="ele" v="520.4741"/>
  </node>
  <node id="32706" lat="48.26502175226447" lon="11.669685275520237">
    <tag k="mgrs_code" v="32UPU981492"/>
    <tag k="local_x" v="98116.3243"/>
    <tag k="local_y" v="49202.4601"/>
    <tag k="ele" v="520.4739"/>
  </node>
  <node id="32707" lat="48.26498681167135" lon="11.669645424091838">
    <tag k="mgrs_code" v="32UPU981491"/>
    <tag k="local_x" v="98113.5023"/>
    <tag k="local_y" v="49198.474"/>
    <tag k="ele" v="520.6114"/>
  </node>
  <node id="32708" lat="48.26498505080384" lon="11.669660373375509">
    <tag k="mgrs_code" v="32UPU981491"/>
    <tag k="local_x" v="98114.6184"/>
    <tag k="local_y" v="49198.3169"/>
    <tag k="ele" v="520.6127"/>
  </node>
  <node id="32709" lat="48.2649832899344" lon="11.669675322658078">
    <tag k="mgrs_code" v="32UPU981491"/>
    <tag k="local_x" v="98115.7345"/>
    <tag k="local_y" v="49198.1598"/>
    <tag k="ele" v="520.614"/>
  </node>
  <node id="32714" lat="48.264223835504836" lon="11.670341923741644">
    <tag k="mgrs_code" v="32UPU981491"/>
    <tag k="local_x" v="98168.1363"/>
    <tag k="local_y" v="49115.4774"/>
    <tag k="ele" v="520.5188"/>
  </node>
  <node id="32715" lat="48.26421503703257" lon="11.670407607812026">
    <tag k="mgrs_code" v="32UPU981491"/>
    <tag k="local_x" v="98173.0444"/>
    <tag k="local_y" v="49114.6692"/>
    <tag k="ele" v="520.5127"/>
  </node>
  <node id="32716" lat="48.2642109399631" lon="11.670440533645303">
    <tag k="mgrs_code" v="32UPU981491"/>
    <tag k="local_x" v="98175.5035"/>
    <tag k="local_y" v="49114.2989"/>
    <tag k="ele" v="520.5097"/>
  </node>
  <node id="32717" lat="48.26419294556127" lon="11.670333454163625">
    <tag k="mgrs_code" v="32UPU981491"/>
    <tag k="local_x" v="98167.6273"/>
    <tag k="local_y" v="49112.0225"/>
    <tag k="ele" v="520.4332"/>
  </node>
  <node id="32718" lat="48.264184739028124" lon="11.670399453400563">
    <tag k="mgrs_code" v="32UPU981491"/>
    <tag k="local_x" v="98172.5565"/>
    <tag k="local_y" v="49111.2809"/>
    <tag k="ele" v="520.4541"/>
  </node>
  <node id="32719" lat="48.2641804249286" lon="11.670432425849485">
    <tag k="mgrs_code" v="32UPU981491"/>
    <tag k="local_x" v="98175.0199"/>
    <tag k="local_y" v="49110.8866"/>
    <tag k="ele" v="520.4646"/>
  </node>
  <node id="32724" lat="48.26418631726495" lon="11.670655880446057">
    <tag k="mgrs_code" v="32UPU981491"/>
    <tag k="local_x" v="98191.5785"/>
    <tag k="local_y" v="49112.1186"/>
    <tag k="ele" v="520.5167"/>
  </node>
  <node id="32725" lat="48.264201711529836" lon="11.670519063721516">
    <tag k="mgrs_code" v="32UPU981491"/>
    <tag k="local_x" v="98181.3665"/>
    <tag k="local_y" v="49113.4761"/>
    <tag k="ele" v="520.5092"/>
  </node>
  <node id="32726" lat="48.26419743520113" lon="11.670557068816999">
    <tag k="mgrs_code" v="32UPU981491"/>
    <tag k="local_x" v="98184.2032"/>
    <tag k="local_y" v="49113.099"/>
    <tag k="ele" v="520.5113"/>
  </node>
  <node id="32727" lat="48.26419829120559" lon="11.67054946702832">
    <tag k="mgrs_code" v="32UPU981491"/>
    <tag k="local_x" v="98183.6358"/>
    <tag k="local_y" v="49113.1745"/>
    <tag k="ele" v="520.5109"/>
  </node>
  <node id="32728" lat="48.26419914627958" lon="11.67054186653853">
    <tag k="mgrs_code" v="32UPU981491"/>
    <tag k="local_x" v="98183.0685"/>
    <tag k="local_y" v="49113.2499"/>
    <tag k="ele" v="520.5105"/>
  </node>
  <node id="32729" lat="48.26420000135307" lon="11.670534266048474">
    <tag k="mgrs_code" v="32UPU981491"/>
    <tag k="local_x" v="98182.5012"/>
    <tag k="local_y" v="49113.3253"/>
    <tag k="ele" v="520.51"/>
  </node>
  <node id="32730" lat="48.26420085645735" lon="11.670526664212138">
    <tag k="mgrs_code" v="32UPU981491"/>
    <tag k="local_x" v="98181.9338"/>
    <tag k="local_y" v="49113.4007"/>
    <tag k="ele" v="520.5096"/>
  </node>
  <node id="32731" lat="48.26419658012614" lon="11.670564669306243">
    <tag k="mgrs_code" v="32UPU981491"/>
    <tag k="local_x" v="98184.7705"/>
    <tag k="local_y" v="49113.0236"/>
    <tag k="ele" v="520.5117"/>
  </node>
  <node id="32732" lat="48.26419144870452" lon="11.670610274881076">
    <tag k="mgrs_code" v="32UPU981491"/>
    <tag k="local_x" v="98188.1745"/>
    <tag k="local_y" v="49112.5711"/>
    <tag k="ele" v="520.5142"/>
  </node>
  <node id="32733" lat="48.264206842915584" lon="11.670473458126935">
    <tag k="mgrs_code" v="32UPU981491"/>
    <tag k="local_x" v="98177.9625"/>
    <tag k="local_y" v="49113.9286"/>
    <tag k="ele" v="520.5067"/>
  </node>
  <node id="32734" lat="48.26423743682537" lon="11.670669124283492">
    <tag k="mgrs_code" v="32UPU981491"/>
    <tag k="local_x" v="98192.3635"/>
    <tag k="local_y" v="49117.8341"/>
    <tag k="ele" v="520.3608"/>
  </node>
  <node id="32735" lat="48.264238687730405" lon="11.670657578368033">
    <tag k="mgrs_code" v="32UPU981491"/>
    <tag k="local_x" v="98191.5019"/>
    <tag k="local_y" v="49117.9433"/>
    <tag k="ele" v="520.3619"/>
  </node>
  <node id="32736" lat="48.26423946048097" lon="11.67064593205778">
    <tag k="mgrs_code" v="32UPU981491"/>
    <tag k="local_x" v="98190.6347"/>
    <tag k="local_y" v="49117.9991"/>
    <tag k="ele" v="520.3677"/>
  </node>
  <node id="32737" lat="48.26423983603185" lon="11.670622416729712">
    <tag k="mgrs_code" v="32UPU981491"/>
    <tag k="local_x" v="98188.8883"/>
    <tag k="local_y" v="49117.9801"/>
    <tag k="ele" v="520.3913"/>
  </node>
  <node id="32738" lat="48.2642390956697" lon="11.670598715202964">
    <tag k="mgrs_code" v="32UPU981491"/>
    <tag k="local_x" v="98187.1324"/>
    <tag k="local_y" v="49117.8366"/>
    <tag k="ele" v="520.4269"/>
  </node>
  <node id="32739" lat="48.264236396920765" lon="11.670551221703045">
    <tag k="mgrs_code" v="32UPU981491"/>
    <tag k="local_x" v="98183.6186"/>
    <tag k="local_y" v="49117.414"/>
    <tag k="ele" v="520.5144"/>
  </node>
  <node id="32740" lat="48.26423550792047" lon="11.670527643150105">
    <tag k="mgrs_code" v="32UPU981491"/>
    <tag k="local_x" v="98181.8724"/>
    <tag k="local_y" v="49117.2543"/>
    <tag k="ele" v="520.5566"/>
  </node>
  <node id="32741" lat="48.26423563576232" lon="11.670504331877734">
    <tag k="mgrs_code" v="32UPU981491"/>
    <tag k="local_x" v="98180.1421"/>
    <tag k="local_y" v="49117.2083"/>
    <tag k="ele" v="520.5913"/>
  </node>
  <node id="32742" lat="48.264236247042" lon="11.670492818649176">
    <tag k="mgrs_code" v="32UPU981491"/>
    <tag k="local_x" v="98179.2854"/>
    <tag k="local_y" v="49117.2465"/>
    <tag k="ele" v="520.6044"/>
  </node>
  <node id="32743" lat="48.26423731167737" lon="11.670481427429925">
    <tag k="mgrs_code" v="32UPU981491"/>
    <tag k="local_x" v="98178.436"/>
    <tag k="local_y" v="49117.3354"/>
    <tag k="ele" v="520.6137"/>
  </node>
  <node id="32748" lat="48.26407009524284" lon="11.668444175483575">
    <tag k="mgrs_code" v="32UPU980490"/>
    <tag k="local_x" v="98027.9087"/>
    <tag k="local_y" v="49093.4917"/>
    <tag k="ele" v="520.5577"/>
  </node>
  <node id="32749" lat="48.26412981416943" lon="11.668457580660817">
    <tag k="mgrs_code" v="32UPU980491"/>
    <tag k="local_x" v="98028.6726"/>
    <tag k="local_y" v="49100.1633"/>
    <tag k="ele" v="520.5961"/>
  </node>
  <node id="32750" lat="48.26414963861608" lon="11.668462448633868">
    <tag k="mgrs_code" v="32UPU980491"/>
    <tag k="local_x" v="98028.9572"/>
    <tag k="local_y" v="49102.3791"/>
    <tag k="ele" v="520.6018"/>
  </node>
  <node id="32751" lat="48.26418051003297" lon="11.668470598068737">
    <tag k="mgrs_code" v="32UPU980491"/>
    <tag k="local_x" v="98029.4426"/>
    <tag k="local_y" v="49105.8311"/>
    <tag k="ele" v="520.5917"/>
  </node>
  <node id="32752" lat="48.26406158724947" lon="11.668527930204238">
    <tag k="mgrs_code" v="32UPU980490"/>
    <tag k="local_x" v="98034.1566"/>
    <tag k="local_y" v="49092.7623"/>
    <tag k="ele" v="520.415"/>
  </node>
  <node id="32753" lat="48.26410533690006" lon="11.66853946865002">
    <tag k="mgrs_code" v="32UPU980490"/>
    <tag k="local_x" v="98034.8437"/>
    <tag k="local_y" v="49097.6543"/>
    <tag k="ele" v="520.4424"/>
  </node>
  <node id="32754" lat="48.26408346205937" lon="11.668533700097466">
    <tag k="mgrs_code" v="32UPU980490"/>
    <tag k="local_x" v="98034.5002"/>
    <tag k="local_y" v="49095.2083"/>
    <tag k="ele" v="520.4287"/>
  </node>
  <node id="32755" lat="48.26412721081035" lon="11.668545238507047">
    <tag k="mgrs_code" v="32UPU980491"/>
    <tag k="local_x" v="98035.1873"/>
    <tag k="local_y" v="49100.1002"/>
    <tag k="ele" v="520.4561"/>
  </node>
  <node id="32760" lat="48.26516559357512" lon="11.668476876423934">
    <tag k="mgrs_code" v="32UPU980492"/>
    <tag k="local_x" v="98026.1008"/>
    <tag k="local_y" v="49215.3269"/>
    <tag k="ele" v="520.4988"/>
  </node>
  <node id="32761" lat="48.26515547664346" lon="11.668561914277591">
    <tag k="mgrs_code" v="32UPU980492"/>
    <tag k="local_x" v="98032.45"/>
    <tag k="local_y" v="49214.422"/>
    <tag k="ele" v="520.5309"/>
  </node>
  <node id="32762" lat="48.26515388369751" lon="11.668575295645706">
    <tag k="mgrs_code" v="32UPU980492"/>
    <tag k="local_x" v="98033.4491"/>
    <tag k="local_y" v="49214.2795"/>
    <tag k="ele" v="520.559"/>
  </node>
  <node id="32763" lat="48.26514245969499" lon="11.66867132012237">
    <tag k="mgrs_code" v="32UPU980492"/>
    <tag k="local_x" v="98040.6186"/>
    <tag k="local_y" v="49213.2577"/>
    <tag k="ele" v="520.5767"/>
  </node>
  <node id="32764" lat="48.265128844791846" lon="11.6687857794338">
    <tag k="mgrs_code" v="32UPU980492"/>
    <tag k="local_x" v="98049.1645"/>
    <tag k="local_y" v="49212.04"/>
    <tag k="ele" v="520.5273"/>
  </node>
  <node id="32765" lat="48.265128059566614" lon="11.668461699452894">
    <tag k="mgrs_code" v="32UPU980492"/>
    <tag k="local_x" v="98025.1197"/>
    <tag k="local_y" v="49211.1163"/>
    <tag k="ele" v="520.5783"/>
  </node>
  <node id="32766" lat="48.26512675160216" lon="11.668472651030081">
    <tag k="mgrs_code" v="32UPU980492"/>
    <tag k="local_x" v="98025.9374"/>
    <tag k="local_y" v="49210.9992"/>
    <tag k="ele" v="520.58"/>
  </node>
  <node id="32767" lat="48.26511369013251" lon="11.668581962876292">
    <tag k="mgrs_code" v="32UPU980492"/>
    <tag k="local_x" v="98034.0992"/>
    <tag k="local_y" v="49209.8297"/>
    <tag k="ele" v="520.5964"/>
  </node>
  <node id="32768" lat="48.265100629489794" lon="11.66869127336336">
    <tag k="mgrs_code" v="32UPU980492"/>
    <tag k="local_x" v="98042.2609"/>
    <tag k="local_y" v="49208.6603"/>
    <tag k="ele" v="520.6128"/>
  </node>
  <node id="32769" lat="48.26509109379518" lon="11.668771268809328">
    <tag k="mgrs_code" v="32UPU980492"/>
    <tag k="local_x" v="98048.2337"/>
    <tag k="local_y" v="49207.807"/>
    <tag k="ele" v="520.6167"/>
  </node>
  <node id="32774" lat="48.26390880345221" lon="11.669496185389091">
    <tag k="mgrs_code" v="32UPU981490"/>
    <tag k="local_x" v="98106.5967"/>
    <tag k="local_y" v="49078.2817"/>
    <tag k="ele" v="520.3825"/>
  </node>
  <node id="32775" lat="48.26390056486815" lon="11.66956470815091">
    <tag k="mgrs_code" v="32UPU981490"/>
    <tag k="local_x" v="98111.7133"/>
    <tag k="local_y" v="49077.543"/>
    <tag k="ele" v="520.3833"/>
  </node>
  <node id="32776" lat="48.263892325344955" lon="11.669633230842212">
    <tag k="mgrs_code" v="32UPU981490"/>
    <tag k="local_x" v="98116.8299"/>
    <tag k="local_y" v="49076.8042"/>
    <tag k="ele" v="520.3841"/>
  </node>
  <node id="32777" lat="48.26387219733684" lon="11.66948634986041">
    <tag k="mgrs_code" v="32UPU981490"/>
    <tag k="local_x" v="98106.0084"/>
    <tag k="local_y" v="49074.188"/>
    <tag k="ele" v="520.4907"/>
  </node>
  <node id="32778" lat="48.26385943032003" lon="11.669592821236895">
    <tag k="mgrs_code" v="32UPU981490"/>
    <tag k="local_x" v="98113.9585"/>
    <tag k="local_y" v="49073.044"/>
    <tag k="ele" v="520.4907"/>
  </node>
  <node id="32779" lat="48.26385586549018" lon="11.669623219565413">
    <tag k="mgrs_code" v="32UPU981490"/>
    <tag k="local_x" v="98116.228"/>
    <tag k="local_y" v="49072.7263"/>
    <tag k="ele" v="520.4909"/>
  </node>
  <node id="32784" lat="48.2642765622442" lon="11.670625377093845">
    <tag k="mgrs_code" v="32UPU981491"/>
    <tag k="local_x" v="98188.9659"/>
    <tag k="local_y" v="49122.0694"/>
    <tag k="ele" v="520.4265"/>
  </node>
  <node id="32785" lat="48.26426852532527" lon="11.670622435359881">
    <tag k="mgrs_code" v="32UPU981491"/>
    <tag k="local_x" v="98188.7787"/>
    <tag k="local_y" v="49121.1686"/>
    <tag k="ele" v="520.4252"/>
  </node>
  <node id="32786" lat="48.26426063634269" lon="11.670618393591676">
    <tag k="mgrs_code" v="32UPU981491"/>
    <tag k="local_x" v="98188.5093"/>
    <tag k="local_y" v="49120.2814"/>
    <tag k="ele" v="520.4266"/>
  </node>
  <node id="32787" lat="48.2642529552589" lon="11.670613265696646">
    <tag k="mgrs_code" v="32UPU981491"/>
    <tag k="local_x" v="98188.1585"/>
    <tag k="local_y" v="49119.4145"/>
    <tag k="ele" v="520.4303"/>
  </node>
  <node id="32788" lat="48.26424554572493" lon="11.670607061731527">
    <tag k="mgrs_code" v="32UPU981491"/>
    <tag k="local_x" v="98187.7268"/>
    <tag k="local_y" v="49118.575"/>
    <tag k="ele" v="520.4358"/>
  </node>
  <node id="32789" lat="48.26423847954268" lon="11.670599789482731">
    <tag k="mgrs_code" v="32UPU981491"/>
    <tag k="local_x" v="98187.2145"/>
    <tag k="local_y" v="49117.7709"/>
    <tag k="ele" v="520.4427"/>
  </node>
  <node id="32790" lat="48.26423183914198" lon="11.670591464028691">
    <tag k="mgrs_code" v="32UPU981491"/>
    <tag k="local_x" v="98186.6224"/>
    <tag k="local_y" v="49117.0114"/>
    <tag k="ele" v="520.4508"/>
  </node>
  <node id="32791" lat="48.26422571832287" lon="11.670582114516721">
    <tag k="mgrs_code" v="32UPU981491"/>
    <tag k="local_x" v="98185.9523"/>
    <tag k="local_y" v="49116.307"/>
    <tag k="ele" v="520.4595"/>
  </node>
  <node id="32792" lat="48.264220223802894" lon="11.670571795024614">
    <tag k="mgrs_code" v="32UPU981491"/>
    <tag k="local_x" v="98185.2078"/>
    <tag k="local_y" v="49115.6697"/>
    <tag k="ele" v="520.4686"/>
  </node>
  <node id="32793" lat="48.26421546774578" lon="11.670560596299755">
    <tag k="mgrs_code" v="32UPU981491"/>
    <tag k="local_x" v="98184.3952"/>
    <tag k="local_y" v="49115.1122"/>
    <tag k="ele" v="520.4776"/>
  </node>
  <node id="32794" lat="48.26421155557813" lon="11.670548666685878">
    <tag k="mgrs_code" v="32UPU981491"/>
    <tag k="local_x" v="98183.5251"/>
    <tag k="local_y" v="49114.6466"/>
    <tag k="ele" v="520.4862"/>
  </node>
  <node id="32795" lat="48.264208568171696" lon="11.670536204456141">
    <tag k="mgrs_code" v="32UPU981491"/>
    <tag k="local_x" v="98182.6119"/>
    <tag k="local_y" v="49114.2824"/>
    <tag k="ele" v="520.4939"/>
  </node>
  <node id="32796" lat="48.264206540556266" lon="11.670523444574862">
    <tag k="mgrs_code" v="32UPU981491"/>
    <tag k="local_x" v="98181.6729"/>
    <tag k="local_y" v="49114.0241"/>
    <tag k="ele" v="520.5005"/>
  </node>
  <node id="32797" lat="48.26420544922116" lon="11.670510624345077">
    <tag k="mgrs_code" v="32UPU981491"/>
    <tag k="local_x" v="98180.7258"/>
    <tag k="local_y" v="49113.8697"/>
    <tag k="ele" v="520.5054"/>
  </node>
  <node id="32798" lat="48.26420521671104" lon="11.670497940524209">
    <tag k="mgrs_code" v="32UPU981491"/>
    <tag k="local_x" v="98179.7855"/>
    <tag k="local_y" v="49113.8111"/>
    <tag k="ele" v="520.5083"/>
  </node>
  <node id="32799" lat="48.26420572464555" lon="11.670485531136222">
    <tag k="mgrs_code" v="32UPU981491"/>
    <tag k="local_x" v="98178.8627"/>
    <tag k="local_y" v="49113.8355"/>
    <tag k="ele" v="520.5089"/>
  </node>
  <node id="32800" lat="48.26428841920351" lon="11.670534759638706">
    <tag k="mgrs_code" v="32UPU981491"/>
    <tag k="local_x" v="98182.1958"/>
    <tag k="local_y" v="49123.1531"/>
    <tag k="ele" v="520.5169"/>
  </node>
  <node id="32801" lat="48.26426673804127" lon="11.67053014713328">
    <tag k="mgrs_code" v="32UPU981491"/>
    <tag k="local_x" v="98181.9374"/>
    <tag k="local_y" v="49120.7316"/>
    <tag k="ele" v="520.5997"/>
  </node>
  <node id="32802" lat="48.26425936019764" lon="11.67052799983279">
    <tag k="mgrs_code" v="32UPU981491"/>
    <tag k="local_x" v="98181.8066"/>
    <tag k="local_y" v="49119.9061"/>
    <tag k="ele" v="520.6228"/>
  </node>
  <node id="32803" lat="48.264252714400136" lon="11.670525559178909">
    <tag k="mgrs_code" v="32UPU981491"/>
    <tag k="local_x" v="98181.6512"/>
    <tag k="local_y" v="49119.1612"/>
    <tag k="ele" v="520.628"/>
  </node>
  <node id="32804" lat="48.26424937061073" lon="11.670523708422659">
    <tag k="mgrs_code" v="32UPU981491"/>
    <tag k="local_x" v="98181.5268"/>
    <tag k="local_y" v="49118.7848"/>
    <tag k="ele" v="520.6265"/>
  </node>
  <node id="32805" lat="48.264246313017935" lon="11.67052111926412">
    <tag k="mgrs_code" v="32UPU981491"/>
    <tag k="local_x" v="98181.3465"/>
    <tag k="local_y" v="49118.4383"/>
    <tag k="ele" v="520.6268"/>
  </node>
  <node id="32806" lat="48.26424380783381" lon="11.670518184263353">
    <tag k="mgrs_code" v="32UPU981491"/>
    <tag k="local_x" v="98181.1384"/>
    <tag k="local_y" v="49118.1523"/>
    <tag k="ele" v="520.6295"/>
  </node>
  <node id="32807" lat="48.26424209473401" lon="11.670515624764827">
    <tag k="mgrs_code" v="32UPU981491"/>
    <tag k="local_x" v="98180.9551"/>
    <tag k="local_y" v="49117.9553"/>
    <tag k="ele" v="520.6319"/>
  </node>
  <node id="32808" lat="48.264242666066856" lon="11.67051647794659">
    <tag k="mgrs_code" v="32UPU981491"/>
    <tag k="local_x" v="98181.0162"/>
    <tag k="local_y" v="49118.021"/>
    <tag k="ele" v="520.6311"/>
  </node>
  <node id="32809" lat="48.26424323739969" lon="11.670517331128409">
    <tag k="mgrs_code" v="32UPU981491"/>
    <tag k="local_x" v="98181.0773"/>
    <tag k="local_y" v="49118.0867"/>
    <tag k="ele" v="520.6303"/>
  </node>
  <node id="32810" lat="48.26424152343244" lon="11.67051477023707">
    <tag k="mgrs_code" v="32UPU981491"/>
    <tag k="local_x" v="98180.8939"/>
    <tag k="local_y" v="49117.8896"/>
    <tag k="ele" v="520.6327"/>
  </node>
  <node id="32811" lat="48.2642396243154" lon="11.670510845331988">
    <tag k="mgrs_code" v="32UPU981491"/>
    <tag k="local_x" v="98180.61"/>
    <tag k="local_y" v="49117.6684"/>
    <tag k="ele" v="520.6353"/>
  </node>
  <node id="32812" lat="48.26423828401691" lon="11.67050645363253">
    <tag k="mgrs_code" v="32UPU981491"/>
    <tag k="local_x" v="98180.2893"/>
    <tag k="local_y" v="49117.5081"/>
    <tag k="ele" v="520.6363"/>
  </node>
  <node id="32813" lat="48.26423728118402" lon="11.670500549972008">
    <tag k="mgrs_code" v="32UPU981491"/>
    <tag k="local_x" v="98179.8551"/>
    <tag k="local_y" v="49117.3814"/>
    <tag k="ele" v="520.6347"/>
  </node>
  <node id="32814" lat="48.26423678463588" lon="11.670494349274287">
    <tag k="mgrs_code" v="32UPU981491"/>
    <tag k="local_x" v="98179.3969"/>
    <tag k="local_y" v="49117.3102"/>
    <tag k="ele" v="520.6305"/>
  </node>
  <node id="32815" lat="48.264236797637594" lon="11.670487943347768">
    <tag k="mgrs_code" v="32UPU981491"/>
    <tag k="local_x" v="98178.9215"/>
    <tag k="local_y" v="49117.2951"/>
    <tag k="ele" v="520.6236"/>
  </node>
  <node id="32820" lat="48.26451739786506" lon="11.667867644711494">
    <tag k="mgrs_code" v="32UPU979491"/>
    <tag k="local_x" v="97983.3987"/>
    <tag k="local_y" v="49141.716"/>
    <tag k="ele" v="520.4804"/>
  </node>
  <node id="32821" lat="48.26454745920853" lon="11.667875846001527">
    <tag k="mgrs_code" v="32UPU979491"/>
    <tag k="local_x" v="97983.8911"/>
    <tag k="local_y" v="49145.0781"/>
    <tag k="ele" v="520.6255"/>
  </node>
  <node id="32826" lat="48.264534655577954" lon="11.667722933235925">
    <tag k="mgrs_code" v="32UPU979491"/>
    <tag k="local_x" v="97972.5938"/>
    <tag k="local_y" v="49143.2606"/>
    <tag k="ele" v="520.5056"/>
  </node>
  <node id="32827" lat="48.26454223493258" lon="11.667659853137968">
    <tag k="mgrs_code" v="32UPU979491"/>
    <tag k="local_x" v="97967.8837"/>
    <tag k="local_y" v="49143.9402"/>
    <tag k="ele" v="520.5197"/>
  </node>
  <node id="32828" lat="48.264557700707115" lon="11.667533716962518">
    <tag k="mgrs_code" v="32UPU979491"/>
    <tag k="local_x" v="97958.4641"/>
    <tag k="local_y" v="49145.3336"/>
    <tag k="ele" v="520.5495"/>
  </node>
  <node id="32829" lat="48.26456481663138" lon="11.667730793295009">
    <tag k="mgrs_code" v="32UPU979491"/>
    <tag k="local_x" v="97973.0605"/>
    <tag k="local_y" v="49146.6329"/>
    <tag k="ele" v="520.6203"/>
  </node>
  <node id="32830" lat="48.26458463416782" lon="11.66756293727917">
    <tag k="mgrs_code" v="32UPU979491"/>
    <tag k="local_x" v="97960.5283"/>
    <tag k="local_y" v="49148.4023"/>
    <tag k="ele" v="520.6278"/>
  </node>
  <node id="32831" lat="48.264589871624416" lon="11.667520231299601">
    <tag k="mgrs_code" v="32UPU979491"/>
    <tag k="local_x" v="97957.3391"/>
    <tag k="local_y" v="49148.8742"/>
    <tag k="ele" v="520.6364"/>
  </node>
  <node id="32836" lat="48.26422712427163" lon="11.670317373016655">
    <tag k="mgrs_code" v="32UPU981491"/>
    <tag k="local_x" v="98166.3018"/>
    <tag k="local_y" v="49115.7795"/>
    <tag k="ele" v="520.5201"/>
  </node>
  <node id="32837" lat="48.264229603123965" lon="11.670298557334426">
    <tag k="mgrs_code" v="32UPU981491"/>
    <tag k="local_x" v="98164.896"/>
    <tag k="local_y" v="49116.0064"/>
    <tag k="ele" v="520.521"/>
  </node>
  <node id="32838" lat="48.26422976813477" lon="11.670297303212255">
    <tag k="mgrs_code" v="32UPU981491"/>
    <tag k="local_x" v="98164.8023"/>
    <tag k="local_y" v="49116.0215"/>
    <tag k="ele" v="520.521"/>
  </node>
  <node id="32839" lat="48.264255811261506" lon="11.670325273610711">
    <tag k="mgrs_code" v="32UPU981491"/>
    <tag k="local_x" v="98166.7771"/>
    <tag k="local_y" v="49118.9881"/>
    <tag k="ele" v="520.6096"/>
  </node>
  <node id="32840" lat="48.264257021185344" lon="11.6703152187148">
    <tag k="mgrs_code" v="32UPU981491"/>
    <tag k="local_x" v="98166.0263"/>
    <tag k="local_y" v="49119.0966"/>
    <tag k="ele" v="520.6094"/>
  </node>
  <node id="32841" lat="48.264258231139586" lon="11.670305162472399">
    <tag k="mgrs_code" v="32UPU981491"/>
    <tag k="local_x" v="98165.2754"/>
    <tag k="local_y" v="49119.2051"/>
    <tag k="ele" v="520.6091"/>
  </node>
  <node id="32846" lat="48.264122335758714" lon="11.667756475549064">
    <tag k="mgrs_code" v="32UPU979490"/>
    <tag k="local_x" v="97976.6761"/>
    <tag k="local_y" v="49097.523"/>
    <tag k="ele" v="520.5561"/>
  </node>
  <node id="32847" lat="48.264118663493065" lon="11.667786600384455">
    <tag k="mgrs_code" v="32UPU979490"/>
    <tag k="local_x" v="97978.9257"/>
    <tag k="local_y" v="49097.1926"/>
    <tag k="ele" v="520.5555"/>
  </node>
  <node id="32848" lat="48.26411691846234" lon="11.667801691802001">
    <tag k="mgrs_code" v="32UPU979490"/>
    <tag k="local_x" v="97980.0523"/>
    <tag k="local_y" v="49097.0376"/>
    <tag k="ele" v="520.5553"/>
  </node>
  <node id="32849" lat="48.26411517342963" lon="11.667816783218449">
    <tag k="mgrs_code" v="32UPU979490"/>
    <tag k="local_x" v="97981.1789"/>
    <tag k="local_y" v="49096.8826"/>
    <tag k="ele" v="520.555"/>
  </node>
  <node id="32850" lat="48.26408339935314" lon="11.66808577771019">
    <tag k="mgrs_code" v="32UPU980490"/>
    <tag k="local_x" v="98001.2624"/>
    <tag k="local_y" v="49094.0454"/>
    <tag k="ele" v="520.5401"/>
  </node>
  <node id="32851" lat="48.26407883864303" lon="11.667743667986276">
    <tag k="mgrs_code" v="32UPU979490"/>
    <tag k="local_x" v="97975.8938"/>
    <tag k="local_y" v="49092.6558"/>
    <tag k="ele" v="520.6426"/>
  </node>
  <node id="32852" lat="48.26406834957562" lon="11.667826077159178">
    <tag k="mgrs_code" v="32UPU979490"/>
    <tag k="local_x" v="97982.0495"/>
    <tag k="local_y" v="49091.7027"/>
    <tag k="ele" v="520.6329"/>
  </node>
  <node id="32853" lat="48.26405837653884" lon="11.667908580554021">
    <tag k="mgrs_code" v="32UPU979490"/>
    <tag k="local_x" v="97988.2102"/>
    <tag k="local_y" v="49090.8072"/>
    <tag k="ele" v="520.6375"/>
  </node>
  <node id="32854" lat="48.2640488436429" lon="11.667991152659031">
    <tag k="mgrs_code" v="32UPU979490"/>
    <tag k="local_x" v="97994.3743"/>
    <tag k="local_y" v="49089.9608"/>
    <tag k="ele" v="520.644"/>
  </node>
  <node id="32855" lat="48.26403967487309" lon="11.668073773345867">
    <tag k="mgrs_code" v="32UPU980490"/>
    <tag k="local_x" v="98000.5406"/>
    <tag k="local_y" v="49089.155"/>
    <tag k="ele" v="520.6439"/>
  </node>
  <node id="32860" lat="48.26494482051005" lon="11.667359485992318">
    <tag k="mgrs_code" v="32UPU979491"/>
    <tag k="local_x" v="97944.0397"/>
    <tag k="local_y" v="49187.9076"/>
    <tag k="ele" v="520.4492"/>
  </node>
  <node id="32861" lat="48.26494762645654" lon="11.667360204844119">
    <tag k="mgrs_code" v="32UPU979491"/>
    <tag k="local_x" v="97944.0822"/>
    <tag k="local_y" v="49188.2213"/>
    <tag k="ele" v="520.4484"/>
  </node>
  <node id="32862" lat="48.26504564133126" lon="11.667389270904126">
    <tag k="mgrs_code" v="32UPU979491"/>
    <tag k="local_x" v="97945.8603"/>
    <tag k="local_y" v="49199.1894"/>
    <tag k="ele" v="520.5665"/>
  </node>
  <node id="32863" lat="48.26505953755618" lon="11.667393034770125">
    <tag k="mgrs_code" v="32UPU979492"/>
    <tag k="local_x" v="97946.0859"/>
    <tag k="local_y" v="49200.7435"/>
    <tag k="ele" v="520.57"/>
  </node>
  <node id="32864" lat="48.26510247309388" lon="11.667404259236866">
    <tag k="mgrs_code" v="32UPU979492"/>
    <tag k="local_x" v="97946.7529"/>
    <tag k="local_y" v="49205.5442"/>
    <tag k="ele" v="520.561"/>
  </node>
  <node id="32865" lat="48.26514654102083" lon="11.667415231381804">
    <tag k="mgrs_code" v="32UPU979492"/>
    <tag k="local_x" v="97947.3968"/>
    <tag k="local_y" v="49210.4701"/>
    <tag k="ele" v="520.541"/>
  </node>
  <node id="32866" lat="48.265222050643246" lon="11.667435565479614">
    <tag k="mgrs_code" v="32UPU979492"/>
    <tag k="local_x" v="97948.6139"/>
    <tag k="local_y" v="49218.9145"/>
    <tag k="ele" v="520.5179"/>
  </node>
  <node id="32867" lat="48.26523697708043" lon="11.667439253643476">
    <tag k="mgrs_code" v="32UPU979492"/>
    <tag k="local_x" v="97948.8299"/>
    <tag k="local_y" v="49220.5829"/>
    <tag k="ele" v="520.5216"/>
  </node>
  <node id="32868" lat="48.26525242204893" lon="11.667443396015532">
    <tag k="mgrs_code" v="32UPU979492"/>
    <tag k="local_x" v="97949.0776"/>
    <tag k="local_y" v="49222.3101"/>
    <tag k="ele" v="520.5254"/>
  </node>
  <node id="32869" lat="48.26525918499188" lon="11.667445211721008">
    <tag k="mgrs_code" v="32UPU979492"/>
    <tag k="local_x" v="97949.1862"/>
    <tag k="local_y" v="49223.0664"/>
    <tag k="ele" v="520.5155"/>
  </node>
  <node id="32870" lat="48.265265811337166" lon="11.667447485253627">
    <tag k="mgrs_code" v="32UPU979492"/>
    <tag k="local_x" v="97949.3293"/>
    <tag k="local_y" v="49223.8087"/>
    <tag k="ele" v="520.4951"/>
  </node>
  <node id="32871" lat="48.264942860768336" lon="11.667455270037518">
    <tag k="mgrs_code" v="32UPU979491"/>
    <tag k="local_x" v="97951.1548"/>
    <tag k="local_y" v="49187.9369"/>
    <tag k="ele" v="520.6768"/>
  </node>
  <node id="32872" lat="48.26497054408282" lon="11.667463041421307">
    <tag k="mgrs_code" v="32UPU979491"/>
    <tag k="local_x" v="97951.6245"/>
    <tag k="local_y" v="49191.0336"/>
    <tag k="ele" v="520.6816"/>
  </node>
  <node id="32873" lat="48.26500985456002" lon="11.667473443768426">
    <tag k="mgrs_code" v="32UPU979491"/>
    <tag k="local_x" v="97952.2445"/>
    <tag k="local_y" v="49195.4293"/>
    <tag k="ele" v="520.6617"/>
  </node>
  <node id="32874" lat="48.26504159132837" lon="11.667482381724975">
    <tag k="mgrs_code" v="32UPU979491"/>
    <tag k="local_x" v="97952.7851"/>
    <tag k="local_y" v="49198.9795"/>
    <tag k="ele" v="520.6441"/>
  </node>
  <node id="32875" lat="48.26503630186704" lon="11.667480892064733">
    <tag k="mgrs_code" v="32UPU979491"/>
    <tag k="local_x" v="97952.695"/>
    <tag k="local_y" v="49198.3878"/>
    <tag k="ele" v="520.647"/>
  </node>
  <node id="32876" lat="48.2650310124057" lon="11.667479402404819">
    <tag k="mgrs_code" v="32UPU979491"/>
    <tag k="local_x" v="97952.6049"/>
    <tag k="local_y" v="49197.7961"/>
    <tag k="ele" v="520.65"/>
  </node>
  <node id="32877" lat="48.26502572294432" lon="11.667477912745214">
    <tag k="mgrs_code" v="32UPU979491"/>
    <tag k="local_x" v="97952.5148"/>
    <tag k="local_y" v="49197.2044"/>
    <tag k="ele" v="520.6529"/>
  </node>
  <node id="32878" lat="48.265020433482924" lon="11.667476423085963">
    <tag k="mgrs_code" v="32UPU979491"/>
    <tag k="local_x" v="97952.4247"/>
    <tag k="local_y" v="49196.6127"/>
    <tag k="ele" v="520.6558"/>
  </node>
  <node id="32879" lat="48.26501514402148" lon="11.66747493342704">
    <tag k="mgrs_code" v="32UPU979491"/>
    <tag k="local_x" v="97952.3346"/>
    <tag k="local_y" v="49196.021"/>
    <tag k="ele" v="520.6588"/>
  </node>
  <node id="32880" lat="48.26504688078964" lon="11.667483871385548">
    <tag k="mgrs_code" v="32UPU979491"/>
    <tag k="local_x" v="97952.8752"/>
    <tag k="local_y" v="49199.5712"/>
    <tag k="ele" v="520.6412"/>
  </node>
  <node id="32881" lat="48.26521275147165" lon="11.667529054191505">
    <tag k="mgrs_code" v="32UPU979492"/>
    <tag k="local_x" v="97955.587"/>
    <tag k="local_y" v="49218.1222"/>
    <tag k="ele" v="520.6898"/>
  </node>
  <node id="32886" lat="48.26443007483853" lon="11.667401694612513">
    <tag k="mgrs_code" v="32UPU979491"/>
    <tag k="local_x" v="97949.1606"/>
    <tag k="local_y" v="49130.809"/>
    <tag k="ele" v="520.5605"/>
  </node>
  <node id="32887" lat="48.26442297758394" lon="11.667399822458236">
    <tag k="mgrs_code" v="32UPU979491"/>
    <tag k="local_x" v="97949.0491"/>
    <tag k="local_y" v="49130.0154"/>
    <tag k="ele" v="520.5645"/>
  </node>
  <node id="32888" lat="48.26438928402943" lon="11.667391067138729">
    <tag k="mgrs_code" v="32UPU979491"/>
    <tag k="local_x" v="97948.5296"/>
    <tag k="local_y" v="49126.2482"/>
    <tag k="ele" v="520.5785"/>
  </node>
  <node id="32889" lat="48.26437293097587" lon="11.66738681693711">
    <tag k="mgrs_code" v="32UPU979491"/>
    <tag k="local_x" v="97948.2774"/>
    <tag k="local_y" v="49124.4198"/>
    <tag k="ele" v="520.5853"/>
  </node>
  <node id="32890" lat="48.26433854713097" lon="11.667377990655371">
    <tag k="mgrs_code" v="32UPU979491"/>
    <tag k="local_x" v="97947.7553"/>
    <tag k="local_y" v="49120.5757"/>
    <tag k="ele" v="520.589"/>
  </node>
  <node id="32891" lat="48.26443689561415" lon="11.667325507142657">
    <tag k="mgrs_code" v="32UPU979491"/>
    <tag k="local_x" v="97943.4808"/>
    <tag k="local_y" v="49131.3705"/>
    <tag k="ele" v="520.7255"/>
  </node>
  <node id="32892" lat="48.264369594577296" lon="11.667308513188374">
    <tag k="mgrs_code" v="32UPU979491"/>
    <tag k="local_x" v="97942.4798"/>
    <tag k="local_y" v="49123.847"/>
    <tag k="ele" v="520.7291"/>
  </node>
  <node id="32893" lat="48.264392027946705" lon="11.66731417826752">
    <tag k="mgrs_code" v="32UPU979491"/>
    <tag k="local_x" v="97942.8135"/>
    <tag k="local_y" v="49126.3548"/>
    <tag k="ele" v="520.7279"/>
  </node>
  <node id="32894" lat="48.26441446221439" lon="11.6673198433988">
    <tag k="mgrs_code" v="32UPU979491"/>
    <tag k="local_x" v="97943.1472"/>
    <tag k="local_y" v="49128.8627"/>
    <tag k="ele" v="520.7267"/>
  </node>
  <node id="32895" lat="48.264347160277474" lon="11.667302849413801">
    <tag k="mgrs_code" v="32UPU979491"/>
    <tag k="local_x" v="97942.1462"/>
    <tag k="local_y" v="49121.3391"/>
    <tag k="ele" v="520.7303"/>
  </node>
  <node id="32900" lat="48.264244043810876" lon="11.670187077231363">
    <tag k="mgrs_code" v="32UPU981491"/>
    <tag k="local_x" v="98156.5678"/>
    <tag k="local_y" v="49117.3234"/>
    <tag k="ele" v="520.5235"/>
  </node>
  <node id="32901" lat="48.26427152174367" lon="11.670194657338607">
    <tag k="mgrs_code" v="32UPU981491"/>
    <tag k="local_x" v="98157.024"/>
    <tag k="local_y" v="49120.3968"/>
    <tag k="ele" v="520.6069"/>
  </node>
  <node id="32906" lat="48.26511663940834" lon="11.66888708092384">
    <tag k="mgrs_code" v="32UPU980492"/>
    <tag k="local_x" v="98056.7286"/>
    <tag k="local_y" v="49210.945"/>
    <tag k="ele" v="520.4478"/>
  </node>
  <node id="32907" lat="48.26511628046971" lon="11.668890060737693">
    <tag k="mgrs_code" v="32UPU980492"/>
    <tag k="local_x" v="98056.9511"/>
    <tag k="local_y" v="49210.9128"/>
    <tag k="ele" v="520.4538"/>
  </node>
  <node id="32908" lat="48.26511457747571" lon="11.668904188339281">
    <tag k="mgrs_code" v="32UPU980492"/>
    <tag k="local_x" v="98058.006"/>
    <tag k="local_y" v="49210.76"/>
    <tag k="ele" v="520.4822"/>
  </node>
  <node id="32909" lat="48.265113235716925" lon="11.668915314683765">
    <tag k="mgrs_code" v="32UPU980492"/>
    <tag k="local_x" v="98058.8368"/>
    <tag k="local_y" v="49210.6396"/>
    <tag k="ele" v="520.5046"/>
  </node>
  <node id="32910" lat="48.26507919223929" lon="11.668873552319631">
    <tag k="mgrs_code" v="32UPU980492"/>
    <tag k="local_x" v="98055.8695"/>
    <tag k="local_y" v="49206.7483"/>
    <tag k="ele" v="520.6222"/>
  </node>
  <node id="32911" lat="48.26507697927669" lon="11.668892591116961">
    <tag k="mgrs_code" v="32UPU980492"/>
    <tag k="local_x" v="98057.2908"/>
    <tag k="local_y" v="49206.5515"/>
    <tag k="ele" v="520.623"/>
  </node>
  <node id="32912" lat="48.26507808574276" lon="11.668883072391521">
    <tag k="mgrs_code" v="32UPU980492"/>
    <tag k="local_x" v="98056.5802"/>
    <tag k="local_y" v="49206.6499"/>
    <tag k="ele" v="520.6226"/>
  </node>
  <node id="32913" lat="48.26507587277862" lon="11.668902111187993">
    <tag k="mgrs_code" v="32UPU980492"/>
    <tag k="local_x" v="98058.0015"/>
    <tag k="local_y" v="49206.4531"/>
    <tag k="ele" v="520.6235"/>
  </node>
  <node id="32918" lat="48.264209631502034" lon="11.669835681796394">
    <tag k="mgrs_code" v="32UPU981491"/>
    <tag k="local_x" v="98130.6257"/>
    <tag k="local_y" v="49112.5915"/>
    <tag k="ele" v="520.3866"/>
  </node>
  <node id="32919" lat="48.26421109868262" lon="11.669827448815967">
    <tag k="mgrs_code" v="32UPU981491"/>
    <tag k="local_x" v="98130.0091"/>
    <tag k="local_y" v="49112.7333"/>
    <tag k="ele" v="520.3919"/>
  </node>
  <node id="32920" lat="48.26421281497507" lon="11.669819143917548">
    <tag k="mgrs_code" v="32UPU981491"/>
    <tag k="local_x" v="98129.3862"/>
    <tag k="local_y" v="49112.9026"/>
    <tag k="ele" v="520.3976"/>
  </node>
  <node id="32921" lat="48.26421493332953" lon="11.669810845148561">
    <tag k="mgrs_code" v="32UPU981491"/>
    <tag k="local_x" v="98128.7622"/>
    <tag k="local_y" v="49113.1166"/>
    <tag k="ele" v="520.4038"/>
  </node>
  <node id="32922" lat="48.264217592394374" lon="11.669802703930294">
    <tag k="mgrs_code" v="32UPU981491"/>
    <tag k="local_x" v="98128.1478"/>
    <tag k="local_y" v="49113.3911"/>
    <tag k="ele" v="520.4103"/>
  </node>
  <node id="32923" lat="48.264219424048925" lon="11.669798302369088">
    <tag k="mgrs_code" v="32UPU981491"/>
    <tag k="local_x" v="98127.8141"/>
    <tag k="local_y" v="49113.5833"/>
    <tag k="ele" v="520.4141"/>
  </node>
  <node id="32924" lat="48.264221549958506" lon="11.669794170843685">
    <tag k="mgrs_code" v="32UPU981491"/>
    <tag k="local_x" v="98127.4993"/>
    <tag k="local_y" v="49113.8089"/>
    <tag k="ele" v="520.418"/>
  </node>
  <node id="32925" lat="48.26422656595933" lon="11.669786942163778">
    <tag k="mgrs_code" v="32UPU981491"/>
    <tag k="local_x" v="98126.9435"/>
    <tag k="local_y" v="49114.3477"/>
    <tag k="ele" v="520.4259"/>
  </node>
  <node id="32926" lat="48.2642323432292" lon="11.669781337961792">
    <tag k="mgrs_code" v="32UPU981491"/>
    <tag k="local_x" v="98126.5053"/>
    <tag k="local_y" v="49114.9753"/>
    <tag k="ele" v="520.4341"/>
  </node>
  <node id="32927" lat="48.26423856320587" lon="11.669777437317396">
    <tag k="mgrs_code" v="32UPU981491"/>
    <tag k="local_x" v="98126.1918"/>
    <tag k="local_y" v="49115.6565"/>
    <tag k="ele" v="520.4423"/>
  </node>
  <node id="32928" lat="48.26424496891736" lon="11.669775108248015">
    <tag k="mgrs_code" v="32UPU981491"/>
    <tag k="local_x" v="98125.9942"/>
    <tag k="local_y" v="49116.3624"/>
    <tag k="ele" v="520.4506"/>
  </node>
  <node id="32929" lat="48.26425356608842" lon="11.669773649403783">
    <tag k="mgrs_code" v="32UPU981491"/>
    <tag k="local_x" v="98125.8527"/>
    <tag k="local_y" v="49117.3141"/>
    <tag k="ele" v="520.4613"/>
  </node>
  <node id="32930" lat="48.26424926703791" lon="11.669774379475538">
    <tag k="mgrs_code" v="32UPU981491"/>
    <tag k="local_x" v="98125.9235"/>
    <tag k="local_y" v="49116.8382"/>
    <tag k="ele" v="520.456"/>
  </node>
  <node id="32931" lat="48.264257865107645" lon="11.669772920677936">
    <tag k="mgrs_code" v="32UPU981491"/>
    <tag k="local_x" v="98125.782"/>
    <tag k="local_y" v="49117.79"/>
    <tag k="ele" v="520.4667"/>
  </node>
  <node id="32932" lat="48.26426451612164" lon="11.669770954773586">
    <tag k="mgrs_code" v="32UPU981491"/>
    <tag k="local_x" v="98125.6104"/>
    <tag k="local_y" v="49118.5241"/>
    <tag k="ele" v="520.4744"/>
  </node>
  <node id="32933" lat="48.26427129587325" lon="11.669767630434077">
    <tag k="mgrs_code" v="32UPU981491"/>
    <tag k="local_x" v="98125.3375"/>
    <tag k="local_y" v="49119.269"/>
    <tag k="ele" v="520.4817"/>
  </node>
  <node id="32934" lat="48.26427801149027" lon="11.669762457852778">
    <tag k="mgrs_code" v="32UPU981491"/>
    <tag k="local_x" v="98124.9277"/>
    <tag k="local_y" v="49120.002"/>
    <tag k="ele" v="520.4886"/>
  </node>
  <node id="32935" lat="48.26428427572011" lon="11.669755296908688">
    <tag k="mgrs_code" v="32UPU981491"/>
    <tag k="local_x" v="98124.3721"/>
    <tag k="local_y" v="49120.6797"/>
    <tag k="ele" v="520.4949"/>
  </node>
  <node id="32936" lat="48.26428967339033" lon="11.669746589547744">
    <tag k="mgrs_code" v="32UPU981491"/>
    <tag k="local_x" v="98123.7051"/>
    <tag k="local_y" v="49121.2571"/>
    <tag k="ele" v="520.5005"/>
  </node>
  <node id="32937" lat="48.26429401205507" lon="11.669737066934584">
    <tag k="mgrs_code" v="32UPU981491"/>
    <tag k="local_x" v="98122.9817"/>
    <tag k="local_y" v="49121.7147"/>
    <tag k="ele" v="520.5055"/>
  </node>
  <node id="32938" lat="48.26429732159271" lon="11.66972730201987">
    <tag k="mgrs_code" v="32UPU981491"/>
    <tag k="local_x" v="98122.2443"/>
    <tag k="local_y" v="49122.0573"/>
    <tag k="ele" v="520.5095"/>
  </node>
  <node id="32939" lat="48.26429970427274" lon="11.669717579092321">
    <tag k="mgrs_code" v="32UPU981491"/>
    <tag k="local_x" v="98121.5136"/>
    <tag k="local_y" v="49122.297"/>
    <tag k="ele" v="520.5127"/>
  </node>
  <node id="32940" lat="48.26430124266534" lon="11.669707984660675">
    <tag k="mgrs_code" v="32UPU981491"/>
    <tag k="local_x" v="98120.7957"/>
    <tag k="local_y" v="49122.4432"/>
    <tag k="ele" v="520.5149"/>
  </node>
  <node id="32941" lat="48.264238592156175" lon="11.66984601805956">
    <tag k="mgrs_code" v="32UPU981491"/>
    <tag k="local_x" v="98131.2807"/>
    <tag k="local_y" v="49115.8368"/>
    <tag k="ele" v="520.4222"/>
  </node>
  <node id="32942" lat="48.26423933475188" lon="11.669841668897618">
    <tag k="mgrs_code" v="32UPU981491"/>
    <tag k="local_x" v="98130.9551"/>
    <tag k="local_y" v="49115.9081"/>
    <tag k="ele" v="520.4272"/>
  </node>
  <node id="32943" lat="48.2642414137468" lon="11.669833979895314">
    <tag k="mgrs_code" v="32UPU981491"/>
    <tag k="local_x" v="98130.3765"/>
    <tag k="local_y" v="49116.1193"/>
    <tag k="ele" v="520.438"/>
  </node>
  <node id="32944" lat="48.26424417823783" lon="11.66982792355242">
    <tag k="mgrs_code" v="32UPU981491"/>
    <tag k="local_x" v="98129.9164"/>
    <tag k="local_y" v="49116.4109"/>
    <tag k="ele" v="520.4497"/>
  </node>
  <node id="32945" lat="48.26424575946424" lon="11.669825586974854">
    <tag k="mgrs_code" v="32UPU981491"/>
    <tag k="local_x" v="98129.7369"/>
    <tag k="local_y" v="49116.5806"/>
    <tag k="ele" v="520.4558"/>
  </node>
  <node id="32946" lat="48.26424919133375" lon="11.669822291655969">
    <tag k="mgrs_code" v="32UPU981491"/>
    <tag k="local_x" v="98129.4791"/>
    <tag k="local_y" v="49116.9535"/>
    <tag k="ele" v="520.4684"/>
  </node>
  <node id="32947" lat="48.26425288724939" lon="11.66982056660378">
    <tag k="mgrs_code" v="32UPU981491"/>
    <tag k="local_x" v="98129.3368"/>
    <tag k="local_y" v="49117.3598"/>
    <tag k="ele" v="520.4814"/>
  </node>
  <node id="32948" lat="48.26425686388447" lon="11.669819965276249">
    <tag k="mgrs_code" v="32UPU981491"/>
    <tag k="local_x" v="98129.2768"/>
    <tag k="local_y" v="49117.8002"/>
    <tag k="ele" v="520.4947"/>
  </node>
  <node id="32949" lat="48.26426350980384" lon="11.669820426184375">
    <tag k="mgrs_code" v="32UPU981491"/>
    <tag k="local_x" v="98129.2853"/>
    <tag k="local_y" v="49118.54"/>
    <tag k="ele" v="520.5148"/>
  </node>
  <node id="32950" lat="48.26427316286301" lon="11.669817205777976">
    <tag k="mgrs_code" v="32UPU981491"/>
    <tag k="local_x" v="98129.009"/>
    <tag k="local_y" v="49119.6045"/>
    <tag k="ele" v="520.528"/>
  </node>
  <node id="32951" lat="48.26427846522411" lon="11.669814653451944">
    <tag k="mgrs_code" v="32UPU981491"/>
    <tag k="local_x" v="98128.7991"/>
    <tag k="local_y" v="49120.1872"/>
    <tag k="ele" v="520.5345"/>
  </node>
  <node id="32952" lat="48.26428400082485" lon="11.669811318182107">
    <tag k="mgrs_code" v="32UPU981491"/>
    <tag k="local_x" v="98128.5302"/>
    <tag k="local_y" v="49120.7938"/>
    <tag k="ele" v="520.5409"/>
  </node>
  <node id="32953" lat="48.264289732577964" lon="11.66980701475835">
    <tag k="mgrs_code" v="32UPU981491"/>
    <tag k="local_x" v="98128.1887"/>
    <tag k="local_y" v="49121.4197"/>
    <tag k="ele" v="520.5472"/>
  </node>
  <node id="32954" lat="48.26429556140903" lon="11.669801592473336">
    <tag k="mgrs_code" v="32UPU981491"/>
    <tag k="local_x" v="98127.7638"/>
    <tag k="local_y" v="49122.0535"/>
    <tag k="ele" v="520.5533"/>
  </node>
  <node id="32955" lat="48.26430131669825" lon="11.669794997963082">
    <tag k="mgrs_code" v="32UPU981491"/>
    <tag k="local_x" v="98127.2522"/>
    <tag k="local_y" v="49122.6761"/>
    <tag k="ele" v="520.5593"/>
  </node>
  <node id="32956" lat="48.26430677368357" lon="11.669787339452265">
    <tag k="mgrs_code" v="32UPU981491"/>
    <tag k="local_x" v="98126.6628"/>
    <tag k="local_y" v="49123.2628"/>
    <tag k="ele" v="520.565"/>
  </node>
  <node id="32957" lat="48.264311716986725" lon="11.669778902193814">
    <tag k="mgrs_code" v="32UPU981491"/>
    <tag k="local_x" v="98126.0176"/>
    <tag k="local_y" v="49123.7904"/>
    <tag k="ele" v="520.5706"/>
  </node>
  <node id="32958" lat="48.26431600338239" lon="11.669770080316066">
    <tag k="mgrs_code" v="32UPU981491"/>
    <tag k="local_x" v="98125.3464"/>
    <tag k="local_y" v="49124.244"/>
    <tag k="ele" v="520.5759"/>
  </node>
  <node id="32959" lat="48.264319597247294" lon="11.669761245255158">
    <tag k="mgrs_code" v="32UPU981491"/>
    <tag k="local_x" v="98124.6769"/>
    <tag k="local_y" v="49124.6206"/>
    <tag k="ele" v="520.581"/>
  </node>
  <node id="32960" lat="48.264322543646806" lon="11.669752664842354">
    <tag k="mgrs_code" v="32UPU981491"/>
    <tag k="local_x" v="98124.0288"/>
    <tag k="local_y" v="49124.9259"/>
    <tag k="ele" v="520.5858"/>
  </node>
  <node id="32961" lat="48.26432493019124" lon="11.669744479754087">
    <tag k="mgrs_code" v="32UPU981491"/>
    <tag k="local_x" v="98123.4122"/>
    <tag k="local_y" v="49125.17"/>
    <tag k="ele" v="520.5904"/>
  </node>
  <node id="32962" lat="48.264328373785" lon="11.669729409477561">
    <tag k="mgrs_code" v="32UPU981491"/>
    <tag k="local_x" v="98122.2806"/>
    <tag k="local_y" v="49125.5138"/>
    <tag k="ele" v="520.5985"/>
  </node>
  <node id="32963" lat="48.26433047265873" lon="11.669715829671235">
    <tag k="mgrs_code" v="32UPU981491"/>
    <tag k="local_x" v="98121.2648"/>
    <tag k="local_y" v="49125.712"/>
    <tag k="ele" v="520.6051"/>
  </node>
  <node id="32968" lat="48.26456321751987" lon="11.667744521902314">
    <tag k="mgrs_code" v="32UPU979491"/>
    <tag k="local_x" v="97974.0854"/>
    <tag k="local_y" v="49146.4906"/>
    <tag k="ele" v="520.6232"/>
  </node>
  <node id="32972" lat="48.26497440232682" lon="11.670084532266335">
    <tag k="mgrs_code" v="32UPU981491"/>
    <tag k="local_x" v="98146.1337"/>
    <tag k="local_y" v="49198.2287"/>
    <tag k="ele" v="520.4867"/>
  </node>
  <node id="32973" lat="48.264972462239655" lon="11.670100841395993">
    <tag k="mgrs_code" v="32UPU981491"/>
    <tag k="local_x" v="98147.3514"/>
    <tag k="local_y" v="49198.0552"/>
    <tag k="ele" v="520.4973"/>
  </node>
  <node id="32974" lat="48.264961242955295" lon="11.670195164371066">
    <tag k="mgrs_code" v="32UPU981491"/>
    <tag k="local_x" v="98154.3939"/>
    <tag k="local_y" v="49197.0519"/>
    <tag k="ele" v="520.5362"/>
  </node>
  <node id="32975" lat="48.26495025305631" lon="11.670289718928549">
    <tag k="mgrs_code" v="32UPU981491"/>
    <tag k="local_x" v="98161.4527"/>
    <tag k="local_y" v="49196.0747"/>
    <tag k="ele" v="520.5177"/>
  </node>
  <node id="32976" lat="48.26494765646288" lon="11.670311317009885">
    <tag k="mgrs_code" v="32UPU981491"/>
    <tag k="local_x" v="98163.0654"/>
    <tag k="local_y" v="49195.8419"/>
    <tag k="ele" v="520.4978"/>
  </node>
  <node id="32977" lat="48.26494535906119" lon="11.67033297246213">
    <tag k="mgrs_code" v="32UPU981491"/>
    <tag k="local_x" v="98164.6812"/>
    <tag k="local_y" v="49195.6425"/>
    <tag k="ele" v="520.4778"/>
  </node>
  <node id="32978" lat="48.26494792383802" lon="11.67033853176686">
    <tag k="mgrs_code" v="32UPU981491"/>
    <tag k="local_x" v="98165.0838"/>
    <tag k="local_y" v="49195.9419"/>
    <tag k="ele" v="520.5069"/>
  </node>
  <node id="32979" lat="48.26495538988621" lon="11.670352216798536">
    <tag k="mgrs_code" v="32UPU981491"/>
    <tag k="local_x" v="98166.0704"/>
    <tag k="local_y" v="49196.807"/>
    <tag k="ele" v="520.5081"/>
  </node>
  <node id="32980" lat="48.264957226589125" lon="11.670355730164392">
    <tag k="mgrs_code" v="32UPU981491"/>
    <tag k="local_x" v="98166.324"/>
    <tag k="local_y" v="49197.0202"/>
    <tag k="ele" v="520.5026"/>
  </node>
  <node id="32981" lat="48.26495855802101" lon="11.670359148461923">
    <tag k="mgrs_code" v="32UPU981491"/>
    <tag k="local_x" v="98166.5725"/>
    <tag k="local_y" v="49197.177"/>
    <tag k="ele" v="520.4889"/>
  </node>
  <node id="32982" lat="48.264958802152215" lon="11.670360917166766">
    <tag k="mgrs_code" v="32UPU981491"/>
    <tag k="local_x" v="98166.7028"/>
    <tag k="local_y" v="49197.2087"/>
    <tag k="ele" v="520.4769"/>
  </node>
  <node id="32983" lat="48.264958784707844" lon="11.670362635849838">
    <tag k="mgrs_code" v="32UPU981491"/>
    <tag k="local_x" v="98166.8304"/>
    <tag k="local_y" v="49197.2112"/>
    <tag k="ele" v="520.4613"/>
  </node>
  <node id="32984" lat="48.2649355234127" lon="11.670077329501227">
    <tag k="mgrs_code" v="32UPU981491"/>
    <tag k="local_x" v="98145.7496"/>
    <tag k="local_y" v="49193.8892"/>
    <tag k="ele" v="520.57"/>
  </node>
  <node id="32985" lat="48.264919635677835" lon="11.670214921735534">
    <tag k="mgrs_code" v="32UPU981491"/>
    <tag k="local_x" v="98156.0209"/>
    <tag k="local_y" v="49192.4788"/>
    <tag k="ele" v="520.5956"/>
  </node>
  <node id="32986" lat="48.26490509501549" lon="11.670338021491803">
    <tag k="mgrs_code" v="32UPU981491"/>
    <tag k="local_x" v="98165.2116"/>
    <tag k="local_y" v="49191.1807"/>
    <tag k="ele" v="520.5669"/>
  </node>
  <node id="32987" lat="48.26490671035501" lon="11.670324343579649">
    <tag k="mgrs_code" v="32UPU981491"/>
    <tag k="local_x" v="98164.1904"/>
    <tag k="local_y" v="49191.3249"/>
    <tag k="ele" v="520.57"/>
  </node>
  <node id="32988" lat="48.2649083265916" lon="11.67031066571341">
    <tag k="mgrs_code" v="32UPU981491"/>
    <tag k="local_x" v="98163.1692"/>
    <tag k="local_y" v="49191.4692"/>
    <tag k="ele" v="520.5732"/>
  </node>
  <node id="32989" lat="48.26490994192788" lon="11.670296987799393">
    <tag k="mgrs_code" v="32UPU981491"/>
    <tag k="local_x" v="98162.148"/>
    <tag k="local_y" v="49191.6134"/>
    <tag k="ele" v="520.5764"/>
  </node>
  <node id="32990" lat="48.26491155726256" lon="11.670283309884443">
    <tag k="mgrs_code" v="32UPU981491"/>
    <tag k="local_x" v="98161.1268"/>
    <tag k="local_y" v="49191.7576"/>
    <tag k="ele" v="520.5796"/>
  </node>
  <node id="32991" lat="48.264913173463036" lon="11.670269633361432">
    <tag k="mgrs_code" v="32UPU981491"/>
    <tag k="local_x" v="98160.1057"/>
    <tag k="local_y" v="49191.9019"/>
    <tag k="ele" v="520.5828"/>
  </node>
  <node id="32992" lat="48.26491478879447" lon="11.670255955444643">
    <tag k="mgrs_code" v="32UPU981491"/>
    <tag k="local_x" v="98159.0845"/>
    <tag k="local_y" v="49192.0461"/>
    <tag k="ele" v="520.586"/>
  </node>
  <node id="32993" lat="48.26491640412431" lon="11.670242277526912">
    <tag k="mgrs_code" v="32UPU981491"/>
    <tag k="local_x" v="98158.0633"/>
    <tag k="local_y" v="49192.1903"/>
    <tag k="ele" v="520.5892"/>
  </node>
  <node id="32994" lat="48.26491801945253" lon="11.670228599608263">
    <tag k="mgrs_code" v="32UPU981491"/>
    <tag k="local_x" v="98157.0421"/>
    <tag k="local_y" v="49192.3345"/>
    <tag k="ele" v="520.5924"/>
  </node>
  <node id="32995" lat="48.26490347967437" lon="11.670351699403021">
    <tag k="mgrs_code" v="32UPU981491"/>
    <tag k="local_x" v="98166.2328"/>
    <tag k="local_y" v="49191.0365"/>
    <tag k="ele" v="520.5637"/>
  </node>
  <node id="33000" lat="48.26442632605878" lon="11.668657686060538">
    <tag k="mgrs_code" v="32UPU980491"/>
    <tag k="local_x" v="98042.3752"/>
    <tag k="local_y" v="49133.6333"/>
    <tag k="ele" v="520.3688"/>
  </node>
  <node id="33001" lat="48.264389728749876" lon="11.668966747373746">
    <tag k="mgrs_code" v="32UPU980491"/>
    <tag k="local_x" v="98065.4504"/>
    <tag k="local_y" v="49130.3637"/>
    <tag k="ele" v="520.4069"/>
  </node>
  <node id="33002" lat="48.264398297724654" lon="11.668650245186852">
    <tag k="mgrs_code" v="32UPU980491"/>
    <tag k="local_x" v="98041.9314"/>
    <tag k="local_y" v="49130.4991"/>
    <tag k="ele" v="520.4966"/>
  </node>
  <node id="33003" lat="48.26437041798827" lon="11.668884673421918">
    <tag k="mgrs_code" v="32UPU980491"/>
    <tag k="local_x" v="98059.4348"/>
    <tag k="local_y" v="49128.0057"/>
    <tag k="ele" v="520.4256"/>
  </node>
  <node id="33008" lat="48.26406551267425" lon="11.66817133498642">
    <tag k="mgrs_code" v="32UPU980490"/>
    <tag k="local_x" v="98007.6803"/>
    <tag k="local_y" v="49092.2783"/>
    <tag k="ele" v="520.5558"/>
  </node>
  <node id="33009" lat="48.26406422326667" lon="11.668181527253763">
    <tag k="mgrs_code" v="32UPU980490"/>
    <tag k="local_x" v="98008.4416"/>
    <tag k="local_y" v="49092.1613"/>
    <tag k="ele" v="520.5477"/>
  </node>
  <node id="33010" lat="48.264061169975065" lon="11.668205644236126">
    <tag k="mgrs_code" v="32UPU980490"/>
    <tag k="local_x" v="98010.243"/>
    <tag k="local_y" v="49091.8842"/>
    <tag k="ele" v="520.528"/>
  </node>
  <node id="33011" lat="48.26405203437388" lon="11.668282063544197">
    <tag k="mgrs_code" v="32UPU980490"/>
    <tag k="local_x" v="98015.949"/>
    <tag k="local_y" v="49091.0661"/>
    <tag k="ele" v="520.5371"/>
  </node>
  <node id="33012" lat="48.26404623070435" lon="11.668331704003368">
    <tag k="mgrs_code" v="32UPU980490"/>
    <tag k="local_x" v="98019.655"/>
    <tag k="local_y" v="49090.5492"/>
    <tag k="ele" v="520.5362"/>
  </node>
  <node id="33013" lat="48.264040240740236" lon="11.66838130644788">
    <tag k="mgrs_code" v="32UPU980490"/>
    <tag k="local_x" v="98023.3589"/>
    <tag k="local_y" v="49090.0115"/>
    <tag k="ele" v="520.5321"/>
  </node>
  <node id="33014" lat="48.264030243993105" lon="11.668161634715679">
    <tag k="mgrs_code" v="32UPU980490"/>
    <tag k="local_x" v="98007.0968"/>
    <tag k="local_y" v="49088.3336"/>
    <tag k="ele" v="520.6428"/>
  </node>
  <node id="33015" lat="48.26402087580842" lon="11.668240282959976">
    <tag k="mgrs_code" v="32UPU980490"/>
    <tag k="local_x" v="98012.9691"/>
    <tag k="local_y" v="49087.4954"/>
    <tag k="ele" v="520.6299"/>
  </node>
  <node id="33016" lat="48.2640239985634" lon="11.668214065984648">
    <tag k="mgrs_code" v="32UPU980490"/>
    <tag k="local_x" v="98011.0116"/>
    <tag k="local_y" v="49087.7748"/>
    <tag k="ele" v="520.6342"/>
  </node>
  <node id="33017" lat="48.26402712128123" lon="11.668187850351886">
    <tag k="mgrs_code" v="32UPU980490"/>
    <tag k="local_x" v="98009.0542"/>
    <tag k="local_y" v="49088.0542"/>
    <tag k="ele" v="520.6385"/>
  </node>
  <node id="33018" lat="48.26401775307874" lon="11.66826649858586">
    <tag k="mgrs_code" v="32UPU980490"/>
    <tag k="local_x" v="98014.9265"/>
    <tag k="local_y" v="49087.216"/>
    <tag k="ele" v="520.6256"/>
  </node>
  <node id="33019" lat="48.26400478622673" lon="11.668371162425357">
    <tag k="mgrs_code" v="32UPU980490"/>
    <tag k="local_x" v="98022.7432"/>
    <tag k="local_y" v="49086.045"/>
    <tag k="ele" v="520.6045"/>
  </node>
  <node id="33024" lat="48.26487355307524" lon="11.667341684223093">
    <tag k="mgrs_code" v="32UPU979491"/>
    <tag k="local_x" v="97942.9941"/>
    <tag k="local_y" v="49179.9412"/>
    <tag k="ele" v="520.5338"/>
  </node>
  <node id="33025" lat="48.26489568555163" lon="11.667347054752954">
    <tag k="mgrs_code" v="32UPU979491"/>
    <tag k="local_x" v="97943.3071"/>
    <tag k="local_y" v="49182.4148"/>
    <tag k="ele" v="520.5316"/>
  </node>
  <node id="33026" lat="48.264874003594215" lon="11.667436666463038">
    <tag k="mgrs_code" v="32UPU979491"/>
    <tag k="local_x" v="97950.0404"/>
    <tag k="local_y" v="49180.2363"/>
    <tag k="ele" v="520.6936"/>
  </node>
  <node id="33027" lat="48.26490897332721" lon="11.667445487013122">
    <tag k="mgrs_code" v="32UPU979491"/>
    <tag k="local_x" v="97950.5598"/>
    <tag k="local_y" v="49184.1455"/>
    <tag k="ele" v="520.6843"/>
  </node>
  <node id="33032" lat="48.26435284208842" lon="11.669275717710715">
    <tag k="mgrs_code" v="32UPU980491"/>
    <tag k="local_x" v="98088.52"/>
    <tag k="local_y" v="49127.0618"/>
    <tag k="ele" v="520.4546"/>
  </node>
  <node id="33033" lat="48.264380506937" lon="11.669043989991131">
    <tag k="mgrs_code" v="32UPU980491"/>
    <tag k="local_x" v="98071.2178"/>
    <tag k="local_y" v="49129.5382"/>
    <tag k="ele" v="520.4188"/>
  </node>
  <node id="33034" lat="48.26437128507268" lon="11.669121232578622">
    <tag k="mgrs_code" v="32UPU980491"/>
    <tag k="local_x" v="98076.9852"/>
    <tag k="local_y" v="49128.7127"/>
    <tag k="ele" v="520.4307"/>
  </node>
  <node id="33035" lat="48.26436206405561" lon="11.66919847518304">
    <tag k="mgrs_code" v="32UPU980491"/>
    <tag k="local_x" v="98082.7526"/>
    <tag k="local_y" v="49127.8873"/>
    <tag k="ele" v="520.4427"/>
  </node>
  <node id="33036" lat="48.264389728749876" lon="11.668966747373746">
    <tag k="mgrs_code" v="32UPU980491"/>
    <tag k="local_x" v="98065.4504"/>
    <tag k="local_y" v="49130.3637"/>
    <tag k="ele" v="520.4069"/>
  </node>
  <node id="33037" lat="48.26442632605878" lon="11.668657686060538">
    <tag k="mgrs_code" v="32UPU980491"/>
    <tag k="local_x" v="98042.3752"/>
    <tag k="local_y" v="49133.6333"/>
    <tag k="ele" v="520.3688"/>
  </node>
  <node id="33038" lat="48.264380957720675" lon="11.66928338852236">
    <tag k="mgrs_code" v="32UPU980491"/>
    <tag k="local_x" v="98088.9805"/>
    <tag k="local_y" v="49130.2063"/>
    <tag k="ele" v="520.6215"/>
  </node>
  <node id="33039" lat="48.2643881789849" lon="11.66921658689566">
    <tag k="mgrs_code" v="32UPU980491"/>
    <tag k="local_x" v="98083.9956"/>
    <tag k="local_y" v="49130.8364"/>
    <tag k="ele" v="520.5811"/>
  </node>
  <node id="33040" lat="48.26439573116632" lon="11.669149869873849">
    <tag k="mgrs_code" v="32UPU980491"/>
    <tag k="local_x" v="98079.0157"/>
    <tag k="local_y" v="49131.5035"/>
    <tag k="ele" v="520.5613"/>
  </node>
  <node id="33041" lat="48.26441955711758" lon="11.668950264764776">
    <tag k="mgrs_code" v="32UPU980491"/>
    <tag k="local_x" v="98064.112"/>
    <tag k="local_y" v="49133.6362"/>
    <tag k="ele" v="520.5691"/>
  </node>
  <node id="33042" lat="48.26444316842065" lon="11.66875054991477">
    <tag k="mgrs_code" v="32UPU980491"/>
    <tag k="local_x" v="98049.201"/>
    <tag k="local_y" v="49135.7448"/>
    <tag k="ele" v="520.5967"/>
  </node>
  <node id="33043" lat="48.264452891370766" lon="11.668664738078357">
    <tag k="mgrs_code" v="32UPU980491"/>
    <tag k="local_x" v="98042.7958"/>
    <tag k="local_y" v="49136.6039"/>
    <tag k="ele" v="520.6122"/>
  </node>
  <node id="33048" lat="48.26425801627107" lon="11.668492320224846">
    <tag k="mgrs_code" v="32UPU980491"/>
    <tag k="local_x" v="98030.7549"/>
    <tag k="local_y" v="49114.501"/>
    <tag k="ele" v="520.5838"/>
  </node>
  <node id="33049" lat="48.26433067512973" lon="11.668512075767383">
    <tag k="mgrs_code" v="32UPU980491"/>
    <tag k="local_x" v="98031.94"/>
    <tag k="local_y" v="49122.6271"/>
    <tag k="ele" v="520.6137"/>
  </node>
  <node id="33050" lat="48.26437301394342" lon="11.668522605524581">
    <tag k="mgrs_code" v="32UPU980491"/>
    <tag k="local_x" v="98032.5577"/>
    <tag k="local_y" v="49127.3597"/>
    <tag k="ele" v="520.5912"/>
  </node>
  <node id="33051" lat="48.264387068072594" lon="11.668526426381675">
    <tag k="mgrs_code" v="32UPU980491"/>
    <tag k="local_x" v="98032.7869"/>
    <tag k="local_y" v="49128.9315"/>
    <tag k="ele" v="520.5758"/>
  </node>
  <node id="33052" lat="48.264316929143504" lon="11.66859696631151">
    <tag k="mgrs_code" v="32UPU980491"/>
    <tag k="local_x" v="98038.2924"/>
    <tag k="local_y" v="49121.3185"/>
    <tag k="ele" v="520.4885"/>
  </node>
  <node id="33053" lat="48.26433956778076" lon="11.668602933729664">
    <tag k="mgrs_code" v="32UPU980491"/>
    <tag k="local_x" v="98038.6477"/>
    <tag k="local_y" v="49123.8499"/>
    <tag k="ele" v="520.4938"/>
  </node>
  <node id="33054" lat="48.26436220641753" lon="11.668608901153515">
    <tag k="mgrs_code" v="32UPU980491"/>
    <tag k="local_x" v="98039.003"/>
    <tag k="local_y" v="49126.3813"/>
    <tag k="ele" v="520.4991"/>
  </node>
  <node id="33055" lat="48.264377369507955" lon="11.668612471195633">
    <tag k="mgrs_code" v="32UPU980491"/>
    <tag k="local_x" v="98039.2093"/>
    <tag k="local_y" v="49128.0757"/>
    <tag k="ele" v="520.5029"/>
  </node>
  <node id="33060" lat="48.26385401128405" lon="11.670348653956637">
    <tag k="mgrs_code" v="32UPU981490"/>
    <tag k="local_x" v="98170.0662"/>
    <tag k="local_y" v="49074.3935"/>
    <tag k="ele" v="520.359"/>
  </node>
  <node id="33061" lat="48.26385769106051" lon="11.670356916627833">
    <tag k="mgrs_code" v="32UPU981490"/>
    <tag k="local_x" v="98170.6651"/>
    <tag k="local_y" v="49074.8238"/>
    <tag k="ele" v="520.359"/>
  </node>
  <node id="33062" lat="48.26386168003286" lon="11.670364845037778">
    <tag k="mgrs_code" v="32UPU981490"/>
    <tag k="local_x" v="98171.238"/>
    <tag k="local_y" v="49075.2876"/>
    <tag k="ele" v="520.359"/>
  </node>
  <node id="33063" lat="48.26387044614216" lon="11.670379697196932">
    <tag k="mgrs_code" v="32UPU981490"/>
    <tag k="local_x" v="98172.3062"/>
    <tag k="local_y" v="49076.3002"/>
    <tag k="ele" v="520.3589"/>
  </node>
  <node id="33064" lat="48.26388004376844" lon="11.670393266652798">
    <tag k="mgrs_code" v="32UPU981490"/>
    <tag k="local_x" v="98173.276"/>
    <tag k="local_y" v="49077.4019"/>
    <tag k="ele" v="520.3588"/>
  </node>
  <node id="33065" lat="48.26389024798493" lon="11.67040570743723">
    <tag k="mgrs_code" v="32UPU981490"/>
    <tag k="local_x" v="98174.1597"/>
    <tag k="local_y" v="49078.5681"/>
    <tag k="ele" v="520.3587"/>
  </node>
  <node id="33066" lat="48.26389696990861" lon="11.67041300343844">
    <tag k="mgrs_code" v="32UPU981490"/>
    <tag k="local_x" v="98174.6751"/>
    <tag k="local_y" v="49079.334"/>
    <tag k="ele" v="520.3586"/>
  </node>
  <node id="33067" lat="48.2639039198122" lon="11.670419781712832">
    <tag k="mgrs_code" v="32UPU981490"/>
    <tag k="local_x" v="98175.1512"/>
    <tag k="local_y" v="49080.1239"/>
    <tag k="ele" v="520.3584"/>
  </node>
  <node id="33068" lat="48.26391107628341" lon="11.670426034406026">
    <tag k="mgrs_code" v="32UPU981490"/>
    <tag k="local_x" v="98175.5875"/>
    <tag k="local_y" v="49080.9354"/>
    <tag k="ele" v="520.3583"/>
  </node>
  <node id="33069" lat="48.263918421567276" lon="11.670431751159036">
    <tag k="mgrs_code" v="32UPU981490"/>
    <tag k="local_x" v="98175.9833"/>
    <tag k="local_y" v="49081.7665"/>
    <tag k="ele" v="520.3582"/>
  </node>
  <node id="33070" lat="48.263925935056406" lon="11.670436928202273">
    <tag k="mgrs_code" v="32UPU981490"/>
    <tag k="local_x" v="98176.3384"/>
    <tag k="local_y" v="49082.6149"/>
    <tag k="ele" v="520.358"/>
  </node>
  <node id="33071" lat="48.26393359803455" lon="11.670441557821844">
    <tag k="mgrs_code" v="32UPU981490"/>
    <tag k="local_x" v="98176.6523"/>
    <tag k="local_y" v="49083.4785"/>
    <tag k="ele" v="520.3579"/>
  </node>
  <node id="33072" lat="48.26394139265293" lon="11.670445633696636">
    <tag k="mgrs_code" v="32UPU981490"/>
    <tag k="local_x" v="98176.9246"/>
    <tag k="local_y" v="49084.3553"/>
    <tag k="ele" v="520.3577"/>
  </node>
  <node id="33073" lat="48.263949300968925" lon="11.670449153543515">
    <tag k="mgrs_code" v="32UPU981490"/>
    <tag k="local_x" v="98177.1552"/>
    <tag k="local_y" v="49085.2433"/>
    <tag k="ele" v="520.3575"/>
  </node>
  <node id="33074" lat="48.26395931144378" lon="11.670452739849157">
    <tag k="mgrs_code" v="32UPU981490"/>
    <tag k="local_x" v="98177.3826"/>
    <tag k="local_y" v="49086.3651"/>
    <tag k="ele" v="520.3597"/>
  </node>
  <node id="33075" lat="48.26396944251456" lon="11.670455395848983">
    <tag k="mgrs_code" v="32UPU981490"/>
    <tag k="local_x" v="98177.5405"/>
    <tag k="local_y" v="49087.4979"/>
    <tag k="ele" v="520.3646"/>
  </node>
  <node id="33076" lat="48.2639796585775" lon="11.67045710486271">
    <tag k="mgrs_code" v="32UPU981490"/>
    <tag k="local_x" v="98177.6278"/>
    <tag k="local_y" v="49088.6377"/>
    <tag k="ele" v="520.3696"/>
  </node>
  <node id="33077" lat="48.26398992303625" lon="11.670457854201109">
    <tag k="mgrs_code" v="32UPU981490"/>
    <tag k="local_x" v="98177.6437"/>
    <tag k="local_y" v="49089.7804"/>
    <tag k="ele" v="520.3717"/>
  </node>
  <node id="33078" lat="48.263996705100325" lon="11.670457838490528">
    <tag k="mgrs_code" v="32UPU981490"/>
    <tag k="local_x" v="98177.6163"/>
    <tag k="local_y" v="49090.5341"/>
    <tag k="ele" v="520.3713"/>
  </node>
  <node id="33079" lat="48.26401025303101" lon="11.67045660684511">
    <tag k="mgrs_code" v="32UPU981490"/>
    <tag k="local_x" v="98177.4725"/>
    <tag k="local_y" v="49092.0366"/>
    <tag k="ele" v="520.3693"/>
  </node>
  <node id="33080" lat="48.264020343343134" lon="11.670454395822212">
    <tag k="mgrs_code" v="32UPU981490"/>
    <tag k="local_x" v="98177.2694"/>
    <tag k="local_y" v="49093.1523"/>
    <tag k="ele" v="520.3674"/>
  </node>
  <node id="33081" lat="48.26401697990576" lon="11.670455132829932">
    <tag k="mgrs_code" v="32UPU981490"/>
    <tag k="local_x" v="98177.3371"/>
    <tag k="local_y" v="49092.7804"/>
    <tag k="ele" v="520.368"/>
  </node>
  <node id="33082" lat="48.26401361646839" lon="11.670455869837564">
    <tag k="mgrs_code" v="32UPU981490"/>
    <tag k="local_x" v="98177.4048"/>
    <tag k="local_y" v="49092.4085"/>
    <tag k="ele" v="520.3686"/>
  </node>
  <node id="33083" lat="48.26402370681176" lon="11.670453657468425">
    <tag k="mgrs_code" v="32UPU981490"/>
    <tag k="local_x" v="98177.2016"/>
    <tag k="local_y" v="49093.5242"/>
    <tag k="ele" v="520.3667"/>
  </node>
  <node id="33084" lat="48.26403036500491" lon="11.670451499324951">
    <tag k="mgrs_code" v="32UPU981490"/>
    <tag k="local_x" v="98177.0157"/>
    <tag k="local_y" v="49094.2586"/>
    <tag k="ele" v="520.3656"/>
  </node>
  <node id="33085" lat="48.26404381309134" lon="11.67044577490191">
    <tag k="mgrs_code" v="32UPU981490"/>
    <tag k="local_x" v="98176.5389"/>
    <tag k="local_y" v="49095.7384"/>
    <tag k="ele" v="520.3642"/>
  </node>
  <node id="33086" lat="48.26404934436498" lon="11.670442897679312">
    <tag k="mgrs_code" v="32UPU981490"/>
    <tag k="local_x" v="98176.304"/>
    <tag k="local_y" v="49096.3457"/>
    <tag k="ele" v="520.3644"/>
  </node>
  <node id="33087" lat="48.26406015501483" lon="11.670436328267956">
    <tag k="mgrs_code" v="32UPU981490"/>
    <tag k="local_x" v="98175.7747"/>
    <tag k="local_y" v="49097.5302"/>
    <tag k="ele" v="520.3663"/>
  </node>
  <node id="33088" lat="48.2640654235128" lon="11.670432639554857">
    <tag k="mgrs_code" v="32UPU981490"/>
    <tag k="local_x" v="98175.4806"/>
    <tag k="local_y" v="49098.1062"/>
    <tag k="ele" v="520.3676"/>
  </node>
  <node id="33089" lat="48.26407566667672" lon="11.670424470580713">
    <tag k="mgrs_code" v="32UPU981490"/>
    <tag k="local_x" v="98174.8348"/>
    <tag k="local_y" v="49099.2235"/>
    <tag k="ele" v="520.3701"/>
  </node>
  <node id="33090" lat="48.26408549371051" lon="11.67041527458708">
    <tag k="mgrs_code" v="32UPU981491"/>
    <tag k="local_x" v="98174.1144"/>
    <tag k="local_y" v="49100.2919"/>
    <tag k="ele" v="520.3709"/>
  </node>
  <node id="33091" lat="48.26409226302514" lon="11.670408102343838">
    <tag k="mgrs_code" v="32UPU981491"/>
    <tag k="local_x" v="98173.556"/>
    <tag k="local_y" v="49101.0257"/>
    <tag k="ele" v="520.3706"/>
  </node>
  <node id="33092" lat="48.264098808757836" lon="11.670400445429307">
    <tag k="mgrs_code" v="32UPU981491"/>
    <tag k="local_x" v="98172.9625"/>
    <tag k="local_y" v="49101.7334"/>
    <tag k="ele" v="520.37"/>
  </node>
  <node id="33093" lat="48.26410511228604" lon="11.670392292091666">
    <tag k="mgrs_code" v="32UPU981491"/>
    <tag k="local_x" v="98172.3331"/>
    <tag k="local_y" v="49102.4129"/>
    <tag k="ele" v="520.3693"/>
  </node>
  <node id="33094" lat="48.264111156534376" lon="11.6703836414408">
    <tag k="mgrs_code" v="32UPU981491"/>
    <tag k="local_x" v="98171.6678"/>
    <tag k="local_y" v="49103.0623"/>
    <tag k="ele" v="520.3685"/>
  </node>
  <node id="33095" lat="48.26411691984012" lon="11.670374496390293">
    <tag k="mgrs_code" v="32UPU981491"/>
    <tag k="local_x" v="98170.9669"/>
    <tag k="local_y" v="49103.6792"/>
    <tag k="ele" v="520.3675"/>
  </node>
  <node id="33096" lat="48.26412238385386" lon="11.670364872155078">
    <tag k="mgrs_code" v="32UPU981491"/>
    <tag k="local_x" v="98170.2316"/>
    <tag k="local_y" v="49104.2616"/>
    <tag k="ele" v="520.3663"/>
  </node>
  <node id="33097" lat="48.26412753106227" lon="11.670354786688979">
    <tag k="mgrs_code" v="32UPU981491"/>
    <tag k="local_x" v="98169.4633"/>
    <tag k="local_y" v="49104.8076"/>
    <tag k="ele" v="520.365"/>
  </node>
  <node id="33098" lat="48.264132344694374" lon="11.67034426472261">
    <tag k="mgrs_code" v="32UPU981491"/>
    <tag k="local_x" v="98168.6639"/>
    <tag k="local_y" v="49105.3154"/>
    <tag k="ele" v="520.3635"/>
  </node>
  <node id="33099" lat="48.264136626597974" lon="11.670333895618665">
    <tag k="mgrs_code" v="32UPU981491"/>
    <tag k="local_x" v="98167.8779"/>
    <tag k="local_y" v="49105.7645"/>
    <tag k="ele" v="520.3618"/>
  </node>
  <node id="33100" lat="48.26414064359942" lon="11.670323232399515">
    <tag k="mgrs_code" v="32UPU981491"/>
    <tag k="local_x" v="98167.0711"/>
    <tag k="local_y" v="49106.1834"/>
    <tag k="ele" v="520.36"/>
  </node>
  <node id="33101" lat="48.264147911042855" lon="11.67030112885003">
    <tag k="mgrs_code" v="32UPU981491"/>
    <tag k="local_x" v="98165.4028"/>
    <tag k="local_y" v="49106.934"/>
    <tag k="ele" v="520.3558"/>
  </node>
  <node id="33102" lat="48.26382435119519" lon="11.670376549205333">
    <tag k="mgrs_code" v="32UPU981490"/>
    <tag k="local_x" v="98172.2509"/>
    <tag k="local_y" v="49071.1692"/>
    <tag k="ele" v="520.4835"/>
  </node>
  <node id="33103" lat="48.26382941718781" lon="11.670387963428373">
    <tag k="mgrs_code" v="32UPU981490"/>
    <tag k="local_x" v="98173.0783"/>
    <tag k="local_y" v="49071.7617"/>
    <tag k="ele" v="520.4829"/>
  </node>
  <node id="33104" lat="48.26383489671267" lon="11.670398928892755">
    <tag k="mgrs_code" v="32UPU981490"/>
    <tag k="local_x" v="98173.8708"/>
    <tag k="local_y" v="49072.399"/>
    <tag k="ele" v="520.4822"/>
  </node>
  <node id="33105" lat="48.26384075419729" lon="11.670409427572924">
    <tag k="mgrs_code" v="32UPU981490"/>
    <tag k="local_x" v="98174.6272"/>
    <tag k="local_y" v="49073.0771"/>
    <tag k="ele" v="520.4816"/>
  </node>
  <node id="33106" lat="48.2638469538815" lon="11.670419449519207">
    <tag k="mgrs_code" v="32UPU981490"/>
    <tag k="local_x" v="98175.3469"/>
    <tag k="local_y" v="49073.792"/>
    <tag k="ele" v="520.4809"/>
  </node>
  <node id="33107" lat="48.2638534626074" lon="11.67042898896037">
    <tag k="mgrs_code" v="32UPU981490"/>
    <tag k="local_x" v="98176.0296"/>
    <tag k="local_y" v="49074.54"/>
    <tag k="ele" v="520.4802"/>
  </node>
  <node id="33108" lat="48.26386024879553" lon="11.67043804964069">
    <tag k="mgrs_code" v="32UPU981490"/>
    <tag k="local_x" v="98176.6757"/>
    <tag k="local_y" v="49075.3176"/>
    <tag k="ele" v="520.4796"/>
  </node>
  <node id="33109" lat="48.263867284398664" lon="11.670446638183783">
    <tag k="mgrs_code" v="32UPU981490"/>
    <tag k="local_x" v="98177.2858"/>
    <tag k="local_y" v="49076.1217"/>
    <tag k="ele" v="520.4789"/>
  </node>
  <node id="33110" lat="48.26387454214318" lon="11.670454766644005">
    <tag k="mgrs_code" v="32UPU981490"/>
    <tag k="local_x" v="98177.8609"/>
    <tag k="local_y" v="49076.9493"/>
    <tag k="ele" v="520.4782"/>
  </node>
  <node id="33111" lat="48.26388255318438" lon="11.67046292628881">
    <tag k="mgrs_code" v="32UPU981490"/>
    <tag k="local_x" v="98178.4354"/>
    <tag k="local_y" v="49077.8607"/>
    <tag k="ele" v="520.4775"/>
  </node>
  <node id="33112" lat="48.263890811314035" lon="11.670470481608898">
    <tag k="mgrs_code" v="32UPU981490"/>
    <tag k="local_x" v="98178.9641"/>
    <tag k="local_y" v="49078.798"/>
    <tag k="ele" v="520.4767"/>
  </node>
  <node id="33113" lat="48.26389929611242" lon="11.670477420758765">
    <tag k="mgrs_code" v="32UPU981490"/>
    <tag k="local_x" v="98179.4462"/>
    <tag k="local_y" v="49079.7589"/>
    <tag k="ele" v="520.476"/>
  </node>
  <node id="33114" lat="48.26390798607344" lon="11.670483739921847">
    <tag k="mgrs_code" v="32UPU981490"/>
    <tag k="local_x" v="98179.8815"/>
    <tag k="local_y" v="49080.741"/>
    <tag k="ele" v="520.4752"/>
  </node>
  <node id="33115" lat="48.26391685888611" lon="11.670489431196831">
    <tag k="mgrs_code" v="32UPU981490"/>
    <tag k="local_x" v="98180.2695"/>
    <tag k="local_y" v="49081.7418"/>
    <tag k="ele" v="520.4744"/>
  </node>
  <node id="33116" lat="48.263925897537824" lon="11.670494491001351">
    <tag k="mgrs_code" v="32UPU981490"/>
    <tag k="local_x" v="98180.61"/>
    <tag k="local_y" v="49082.7594"/>
    <tag k="ele" v="520.4736"/>
  </node>
  <node id="33117" lat="48.26393508055375" lon="11.670498914172818">
    <tag k="mgrs_code" v="32UPU981490"/>
    <tag k="local_x" v="98180.9027"/>
    <tag k="local_y" v="49083.7914"/>
    <tag k="ele" v="520.4729"/>
  </node>
  <node id="33118" lat="48.26394439185119" lon="11.670502695829711">
    <tag k="mgrs_code" v="32UPU981490"/>
    <tag k="local_x" v="98181.1473"/>
    <tag k="local_y" v="49084.836"/>
    <tag k="ele" v="520.4722"/>
  </node>
  <node id="33119" lat="48.263954985761394" lon="11.670506188578685">
    <tag k="mgrs_code" v="32UPU981490"/>
    <tag k="local_x" v="98181.3655"/>
    <tag k="local_y" v="49086.0224"/>
    <tag k="ele" v="520.4714"/>
  </node>
  <node id="33120" lat="48.2639656941395" lon="11.670508859859563">
    <tag k="mgrs_code" v="32UPU981490"/>
    <tag k="local_x" v="98181.5223"/>
    <tag k="local_y" v="49087.2194"/>
    <tag k="ele" v="520.4706"/>
  </node>
  <node id="33121" lat="48.263976493502724" lon="11.670510674757322">
    <tag k="mgrs_code" v="32UPU981490"/>
    <tag k="local_x" v="98181.6152"/>
    <tag k="local_y" v="49088.4243"/>
    <tag k="ele" v="520.4698"/>
  </node>
  <node id="33122" lat="48.26398735689859" lon="11.67051159278551">
    <tag k="mgrs_code" v="32UPU981490"/>
    <tag k="local_x" v="98181.6413"/>
    <tag k="local_y" v="49089.634"/>
    <tag k="ele" v="520.469"/>
  </node>
  <node id="33123" lat="48.2639951700348" lon="11.670511696864299">
    <tag k="mgrs_code" v="32UPU981490"/>
    <tag k="local_x" v="98181.6188"/>
    <tag k="local_y" v="49090.5026"/>
    <tag k="ele" v="520.4684"/>
  </node>
  <node id="33124" lat="48.26401079855587" lon="11.670510530568961">
    <tag k="mgrs_code" v="32UPU981490"/>
    <tag k="local_x" v="98181.4718"/>
    <tag k="local_y" v="49092.2365"/>
    <tag k="ele" v="520.4673"/>
  </node>
  <node id="33125" lat="48.26402634954477" lon="11.67050747356564">
    <tag k="mgrs_code" v="32UPU981490"/>
    <tag k="local_x" v="98181.1848"/>
    <tag k="local_y" v="49093.9569"/>
    <tag k="ele" v="520.4661"/>
  </node>
  <node id="33126" lat="48.264034060054996" lon="11.670505218004593">
    <tag k="mgrs_code" v="32UPU981490"/>
    <tag k="local_x" v="98180.9876"/>
    <tag k="local_y" v="49094.808"/>
    <tag k="ele" v="520.4655"/>
  </node>
  <node id="33127" lat="48.26404911409824" lon="11.670499384602813">
    <tag k="mgrs_code" v="32UPU981490"/>
    <tag k="local_x" v="98180.4965"/>
    <tag k="local_y" v="49096.466"/>
    <tag k="ele" v="520.4643"/>
  </node>
  <node id="33128" lat="48.264056374917224" lon="11.670495958773762">
    <tag k="mgrs_code" v="32UPU981490"/>
    <tag k="local_x" v="98180.2142"/>
    <tag k="local_y" v="49097.2641"/>
    <tag k="ele" v="520.4637"/>
  </node>
  <node id="33129" lat="48.26407071172962" lon="11.6704879614348">
    <tag k="mgrs_code" v="32UPU981490"/>
    <tag k="local_x" v="98179.5653"/>
    <tag k="local_y" v="49098.8368"/>
    <tag k="ele" v="520.4624"/>
  </node>
  <node id="33130" lat="48.264084709545365" lon="11.670478367009505">
    <tag k="mgrs_code" v="32UPU981491"/>
    <tag k="local_x" v="98178.7992"/>
    <tag k="local_y" v="49100.3677"/>
    <tag k="ele" v="520.4612"/>
  </node>
  <node id="33131" lat="48.2640982398272" lon="11.67046713106287">
    <tag k="mgrs_code" v="32UPU981491"/>
    <tag k="local_x" v="98177.9131"/>
    <tag k="local_y" v="49101.8424"/>
    <tag k="ele" v="520.4598"/>
  </node>
  <node id="33132" lat="48.26410478844913" lon="11.670460898740437">
    <tag k="mgrs_code" v="32UPU981491"/>
    <tag k="local_x" v="98177.4253"/>
    <tag k="local_y" v="49102.5541"/>
    <tag k="ele" v="520.4591"/>
  </node>
  <node id="33133" lat="48.26411173681207" lon="11.670453649586348">
    <tag k="mgrs_code" v="32UPU981491"/>
    <tag k="local_x" v="98176.8605"/>
    <tag k="local_y" v="49103.3076"/>
    <tag k="ele" v="520.4581"/>
  </node>
  <node id="33134" lat="48.26411846998598" lon="11.670445941802832">
    <tag k="mgrs_code" v="32UPU981491"/>
    <tag k="local_x" v="98176.2625"/>
    <tag k="local_y" v="49104.036"/>
    <tag k="ele" v="520.457"/>
  </node>
  <node id="33135" lat="48.26412497212979" lon="11.670437798821178">
    <tag k="mgrs_code" v="32UPU981491"/>
    <tag k="local_x" v="98175.6331"/>
    <tag k="local_y" v="49104.7376"/>
    <tag k="ele" v="520.4557"/>
  </node>
  <node id="33136" lat="48.26413123087223" lon="11.67042924964413">
    <tag k="mgrs_code" v="32UPU981491"/>
    <tag k="local_x" v="98174.9745"/>
    <tag k="local_y" v="49105.4111"/>
    <tag k="ele" v="520.4545"/>
  </node>
  <node id="33137" lat="48.264142984039395" lon="11.670411045473264">
    <tag k="mgrs_code" v="32UPU981491"/>
    <tag k="local_x" v="98173.5782"/>
    <tag k="local_y" v="49106.6703"/>
    <tag k="ele" v="520.4524"/>
  </node>
  <node id="33138" lat="48.26415369301926" lon="11.670391582089772">
    <tag k="mgrs_code" v="32UPU981491"/>
    <tag k="local_x" v="98172.0925"/>
    <tag k="local_y" v="49107.8102"/>
    <tag k="ele" v="520.4513"/>
  </node>
  <node id="33139" lat="48.26416063380628" lon="11.670377301981148">
    <tag k="mgrs_code" v="32UPU981491"/>
    <tag k="local_x" v="98171.006"/>
    <tag k="local_y" v="49108.5447"/>
    <tag k="ele" v="520.4584"/>
  </node>
  <node id="33140" lat="48.26416700392444" lon="11.670362527192044">
    <tag k="mgrs_code" v="32UPU981491"/>
    <tag k="local_x" v="98169.885"/>
    <tag k="local_y" v="49109.2145"/>
    <tag k="ele" v="520.4655"/>
  </node>
  <node id="33141" lat="48.26417066590188" lon="11.670353047541743">
    <tag k="mgrs_code" v="32UPU981491"/>
    <tag k="local_x" v="98169.1674"/>
    <tag k="local_y" v="49109.597"/>
    <tag k="ele" v="520.4646"/>
  </node>
  <node id="33142" lat="48.26417726004657" lon="11.670333627041543">
    <tag k="mgrs_code" v="32UPU981491"/>
    <tag k="local_x" v="98167.7008"/>
    <tag k="local_y" v="49110.2797"/>
    <tag k="ele" v="520.4583"/>
  </node>
  <node id="33143" lat="48.26418011709839" lon="11.670323666104942">
    <tag k="mgrs_code" v="32UPU981491"/>
    <tag k="local_x" v="98166.9506"/>
    <tag k="local_y" v="49110.5715"/>
    <tag k="ele" v="520.453"/>
  </node>
  <node id="33148" lat="48.264389792846394" lon="11.66852699821151">
    <tag k="mgrs_code" v="32UPU980491"/>
    <tag k="local_x" v="98032.8188"/>
    <tag k="local_y" v="49129.2358"/>
    <tag k="ele" v="520.5602"/>
  </node>
  <node id="33149" lat="48.26437817298507" lon="11.66861262759935">
    <tag k="mgrs_code" v="32UPU980491"/>
    <tag k="local_x" v="98039.2178"/>
    <tag k="local_y" v="49128.1654"/>
    <tag k="ele" v="520.5045"/>
  </node>
  <node id="33154" lat="48.264183788543434" lon="11.670675600445923">
    <tag k="mgrs_code" v="32UPU981491"/>
    <tag k="local_x" v="98193.0516"/>
    <tag k="local_y" v="49111.8885"/>
    <tag k="ele" v="520.5106"/>
  </node>
  <node id="33155" lat="48.26418072179659" lon="11.670695202104234">
    <tag k="mgrs_code" v="32UPU981491"/>
    <tag k="local_x" v="98194.518"/>
    <tag k="local_y" v="49111.5983"/>
    <tag k="ele" v="520.5159"/>
  </node>
  <node id="33156" lat="48.26417972346386" lon="11.67069986808428">
    <tag k="mgrs_code" v="32UPU981491"/>
    <tag k="local_x" v="98194.8681"/>
    <tag k="local_y" v="49111.4994"/>
    <tag k="ele" v="520.519"/>
  </node>
  <node id="33157" lat="48.26417238423397" lon="11.670722540588484">
    <tag k="mgrs_code" v="32UPU981491"/>
    <tag k="local_x" v="98196.5789"/>
    <tag k="local_y" v="49110.7423"/>
    <tag k="ele" v="520.5436"/>
  </node>
  <node id="33158" lat="48.264171280354255" lon="11.670727179502727">
    <tag k="mgrs_code" v="32UPU981491"/>
    <tag k="local_x" v="98196.9274"/>
    <tag k="local_y" v="49110.6316"/>
    <tag k="ele" v="520.5503"/>
  </node>
  <node id="33159" lat="48.26417057504157" lon="11.67073193622443">
    <tag k="mgrs_code" v="32UPU981491"/>
    <tag k="local_x" v="98197.2831"/>
    <tag k="local_y" v="49110.5655"/>
    <tag k="ele" v="520.5578"/>
  </node>
  <node id="33160" lat="48.26413956300649" lon="11.670683075884702">
    <tag k="mgrs_code" v="32UPU981491"/>
    <tag k="local_x" v="98193.7774"/>
    <tag k="local_y" v="49106.9927"/>
    <tag k="ele" v="520.4406"/>
  </node>
  <node id="33161" lat="48.26413477719237" lon="11.670713615490255">
    <tag k="mgrs_code" v="32UPU981491"/>
    <tag k="local_x" v="98196.0621"/>
    <tag k="local_y" v="49106.5397"/>
    <tag k="ele" v="520.4434"/>
  </node>
  <node id="33162" lat="48.264135973205114" lon="11.670705980229503">
    <tag k="mgrs_code" v="32UPU981491"/>
    <tag k="local_x" v="98195.4909"/>
    <tag k="local_y" v="49106.6529"/>
    <tag k="ele" v="520.4427"/>
  </node>
  <node id="33163" lat="48.264137170084794" lon="11.67069834636123">
    <tag k="mgrs_code" v="32UPU981491"/>
    <tag k="local_x" v="98194.9198"/>
    <tag k="local_y" v="49106.7662"/>
    <tag k="ele" v="520.442"/>
  </node>
  <node id="33164" lat="48.26413836609654" lon="11.670690711099725">
    <tag k="mgrs_code" v="32UPU981491"/>
    <tag k="local_x" v="98194.3486"/>
    <tag k="local_y" v="49106.8794"/>
    <tag k="ele" v="520.4413"/>
  </node>
  <node id="33165" lat="48.26413358028043" lon="11.670721250703767">
    <tag k="mgrs_code" v="32UPU981491"/>
    <tag k="local_x" v="98196.6333"/>
    <tag k="local_y" v="49106.4264"/>
    <tag k="ele" v="520.4441"/>
  </node>
  <node id="33170" lat="48.264209829384654" lon="11.669836807941298">
    <tag k="mgrs_code" v="32UPU981491"/>
    <tag k="local_x" v="98130.7085"/>
    <tag k="local_y" v="49112.6164"/>
    <tag k="ele" v="520.3821"/>
  </node>
  <node id="33171" lat="48.26421130714266" lon="11.669828971713349">
    <tag k="mgrs_code" v="32UPU981491"/>
    <tag k="local_x" v="98130.1213"/>
    <tag k="local_y" v="49112.7604"/>
    <tag k="ele" v="520.3879"/>
  </node>
  <node id="33172" lat="48.26421335179627" lon="11.669820708185076">
    <tag k="mgrs_code" v="32UPU981491"/>
    <tag k="local_x" v="98129.5002"/>
    <tag k="local_y" v="49112.9663"/>
    <tag k="ele" v="520.3938"/>
  </node>
  <node id="33173" lat="48.264216248163855" lon="11.66981191899939">
    <tag k="mgrs_code" v="32UPU981491"/>
    <tag k="local_x" v="98128.8368"/>
    <tag k="local_y" v="49113.2655"/>
    <tag k="ele" v="520.3997"/>
  </node>
  <node id="33174" lat="48.26422050794922" lon="11.669802615999748">
    <tag k="mgrs_code" v="32UPU981491"/>
    <tag k="local_x" v="98128.13"/>
    <tag k="local_y" v="49113.7149"/>
    <tag k="ele" v="520.4054"/>
  </node>
  <node id="33175" lat="48.26422338309865" lon="11.669797915743402">
    <tag k="mgrs_code" v="32UPU981491"/>
    <tag k="local_x" v="98127.7701"/>
    <tag k="local_y" v="49114.0223"/>
    <tag k="ele" v="520.4081"/>
  </node>
  <node id="33176" lat="48.26422687530887" lon="11.669793417445605">
    <tag k="mgrs_code" v="32UPU981491"/>
    <tag k="local_x" v="98127.4228"/>
    <tag k="local_y" v="49114.3988"/>
    <tag k="ele" v="520.4108"/>
  </node>
  <node id="33177" lat="48.264230994368894" lon="11.66978943561273">
    <tag k="mgrs_code" v="32UPU981491"/>
    <tag k="local_x" v="98127.1114"/>
    <tag k="local_y" v="49114.8463"/>
    <tag k="ele" v="520.4133"/>
  </node>
  <node id="33178" lat="48.26423560582982" lon="11.669786335182083">
    <tag k="mgrs_code" v="32UPU981491"/>
    <tag k="local_x" v="98126.8635"/>
    <tag k="local_y" v="49115.3508"/>
    <tag k="ele" v="520.4158"/>
  </node>
  <node id="33179" lat="48.264240429365366" lon="11.669784369721633">
    <tag k="mgrs_code" v="32UPU981491"/>
    <tag k="local_x" v="98126.699"/>
    <tag k="local_y" v="49115.8818"/>
    <tag k="ele" v="520.4181"/>
  </node>
  <node id="33180" lat="48.26424515606501" lon="11.669783551432767">
    <tag k="mgrs_code" v="32UPU981491"/>
    <tag k="local_x" v="98126.62"/>
    <tag k="local_y" v="49116.405"/>
    <tag k="ele" v="520.4205"/>
  </node>
  <node id="33181" lat="48.2642495653505" lon="11.669783692281523">
    <tag k="mgrs_code" v="32UPU981491"/>
    <tag k="local_x" v="98126.6134"/>
    <tag k="local_y" v="49116.8954"/>
    <tag k="ele" v="520.4228"/>
  </node>
  <node id="33182" lat="48.264253572301044" lon="11.669784535836689">
    <tag k="mgrs_code" v="32UPU981491"/>
    <tag k="local_x" v="98126.6605"/>
    <tag k="local_y" v="49117.3429"/>
    <tag k="ele" v="520.4252"/>
  </node>
  <node id="33183" lat="48.264260707588626" lon="11.669787635287763">
    <tag k="mgrs_code" v="32UPU981491"/>
    <tag k="local_x" v="98126.8629"/>
    <tag k="local_y" v="49118.1439"/>
    <tag k="ele" v="520.4298"/>
  </node>
  <node id="33184" lat="48.26426436959521" lon="11.669790080711254">
    <tag k="mgrs_code" v="32UPU981491"/>
    <tag k="local_x" v="98127.0302"/>
    <tag k="local_y" v="49118.5572"/>
    <tag k="ele" v="520.4322"/>
  </node>
  <node id="33185" lat="48.26426805914138" lon="11.669793315930809">
    <tag k="mgrs_code" v="32UPU981491"/>
    <tag k="local_x" v="98127.256"/>
    <tag k="local_y" v="49118.9756"/>
    <tag k="ele" v="520.4345"/>
  </node>
  <node id="33186" lat="48.26427162150928" lon="11.669797416436062">
    <tag k="mgrs_code" v="32UPU981491"/>
    <tag k="local_x" v="98127.5465"/>
    <tag k="local_y" v="49119.3821"/>
    <tag k="ele" v="520.4368"/>
  </node>
  <node id="33187" lat="48.26427485484367" lon="11.669802317802345">
    <tag k="mgrs_code" v="32UPU981491"/>
    <tag k="local_x" v="98127.8977"/>
    <tag k="local_y" v="49119.7541"/>
    <tag k="ele" v="520.4391"/>
  </node>
  <node id="33188" lat="48.264277579820806" lon="11.669807799106952">
    <tag k="mgrs_code" v="32UPU981491"/>
    <tag k="local_x" v="98128.2939"/>
    <tag k="local_y" v="49120.0711"/>
    <tag k="ele" v="520.4414"/>
  </node>
  <node id="33189" lat="48.2642797066049" lon="11.669813544366525">
    <tag k="mgrs_code" v="32UPU981491"/>
    <tag k="local_x" v="98128.712"/>
    <tag k="local_y" v="49120.3223"/>
    <tag k="ele" v="520.4437"/>
  </node>
  <node id="33190" lat="48.2642812534462" lon="11.669819271530788">
    <tag k="mgrs_code" v="32UPU981491"/>
    <tag k="local_x" v="98129.131"/>
    <tag k="local_y" v="49120.509"/>
    <tag k="ele" v="520.446"/>
  </node>
  <node id="33191" lat="48.264282310068005" lon="11.669824797955696">
    <tag k="mgrs_code" v="32UPU981491"/>
    <tag k="local_x" v="98129.537"/>
    <tag k="local_y" v="49120.6407"/>
    <tag k="ele" v="520.4482"/>
  </node>
  <node id="33192" lat="48.26428337602921" lon="11.669834995736164">
    <tag k="mgrs_code" v="32UPU981491"/>
    <tag k="local_x" v="98130.2896"/>
    <tag k="local_y" v="49120.7855"/>
    <tag k="ele" v="520.4527"/>
  </node>
  <node id="33193" lat="48.26428359305703" lon="11.669844127773603">
    <tag k="mgrs_code" v="32UPU981491"/>
    <tag k="local_x" v="98130.9664"/>
    <tag k="local_y" v="49120.8332"/>
    <tag k="ele" v="520.4571"/>
  </node>
  <node id="33194" lat="48.26428336632204" lon="11.669852453713398">
    <tag k="mgrs_code" v="32UPU981491"/>
    <tag k="local_x" v="98131.5851"/>
    <tag k="local_y" v="49120.8295"/>
    <tag k="ele" v="520.4615"/>
  </node>
  <node id="33195" lat="48.26423934840573" lon="11.669847045281111">
    <tag k="mgrs_code" v="32UPU981491"/>
    <tag k="local_x" v="98131.354"/>
    <tag k="local_y" v="49115.9235"/>
    <tag k="ele" v="520.4063"/>
  </node>
  <node id="33196" lat="48.26424148599645" lon="11.669840126130882">
    <tag k="mgrs_code" v="32UPU981491"/>
    <tag k="local_x" v="98130.8323"/>
    <tag k="local_y" v="49116.1432"/>
    <tag k="ele" v="520.4053"/>
  </node>
  <node id="33197" lat="48.26424365974146" lon="11.66983443924506">
    <tag k="mgrs_code" v="32UPU981491"/>
    <tag k="local_x" v="98130.4019"/>
    <tag k="local_y" v="49116.3701"/>
    <tag k="ele" v="520.4051"/>
  </node>
  <node id="33198" lat="48.26424562294377" lon="11.669830804598568">
    <tag k="mgrs_code" v="32UPU981491"/>
    <tag k="local_x" v="98130.1246"/>
    <tag k="local_y" v="49116.5789"/>
    <tag k="ele" v="520.4058"/>
  </node>
  <node id="33199" lat="48.26424672529289" lon="11.669829599325197">
    <tag k="mgrs_code" v="32UPU981491"/>
    <tag k="local_x" v="98130.0309"/>
    <tag k="local_y" v="49116.6983"/>
    <tag k="ele" v="520.4077"/>
  </node>
  <node id="33200" lat="48.26424872894204" lon="11.669828600043894">
    <tag k="mgrs_code" v="32UPU981491"/>
    <tag k="local_x" v="98129.949"/>
    <tag k="local_y" v="49116.9184"/>
    <tag k="ele" v="520.4111"/>
  </node>
  <node id="33201" lat="48.26425094805622" lon="11.669828822158335">
    <tag k="mgrs_code" v="32UPU981491"/>
    <tag k="local_x" v="98129.9569"/>
    <tag k="local_y" v="49117.1656"/>
    <tag k="ele" v="520.4127"/>
  </node>
  <node id="33202" lat="48.26425077749098" lon="11.66982880518335">
    <tag k="mgrs_code" v="32UPU981491"/>
    <tag k="local_x" v="98129.9563"/>
    <tag k="local_y" v="49117.1466"/>
    <tag k="ele" v="520.4126"/>
  </node>
  <node id="33203" lat="48.264250606925756" lon="11.669828788208365">
    <tag k="mgrs_code" v="32UPU981491"/>
    <tag k="local_x" v="98129.9557"/>
    <tag k="local_y" v="49117.1276"/>
    <tag k="ele" v="520.4125"/>
  </node>
  <node id="33204" lat="48.26425043636052" lon="11.669828771233382">
    <tag k="mgrs_code" v="32UPU981491"/>
    <tag k="local_x" v="98129.9551"/>
    <tag k="local_y" v="49117.1086"/>
    <tag k="ele" v="520.4124"/>
  </node>
  <node id="33205" lat="48.26425026489659" lon="11.669828754211569">
    <tag k="mgrs_code" v="32UPU981491"/>
    <tag k="local_x" v="98129.9545"/>
    <tag k="local_y" v="49117.0895"/>
    <tag k="ele" v="520.4122"/>
  </node>
  <node id="33206" lat="48.26425009433135" lon="11.669828737236587">
    <tag k="mgrs_code" v="32UPU981491"/>
    <tag k="local_x" v="98129.9539"/>
    <tag k="local_y" v="49117.0705"/>
    <tag k="ele" v="520.4121"/>
  </node>
  <node id="33207" lat="48.264249923766116" lon="11.6698287202616">
    <tag k="mgrs_code" v="32UPU981491"/>
    <tag k="local_x" v="98129.9533"/>
    <tag k="local_y" v="49117.0515"/>
    <tag k="ele" v="520.412"/>
  </node>
  <node id="33208" lat="48.264249753200886" lon="11.669828703286617">
    <tag k="mgrs_code" v="32UPU981491"/>
    <tag k="local_x" v="98129.9527"/>
    <tag k="local_y" v="49117.0325"/>
    <tag k="ele" v="520.4119"/>
  </node>
  <node id="33209" lat="48.26424958263566" lon="11.669828686311634">
    <tag k="mgrs_code" v="32UPU981491"/>
    <tag k="local_x" v="98129.9521"/>
    <tag k="local_y" v="49117.0135"/>
    <tag k="ele" v="520.4117"/>
  </node>
  <node id="33210" lat="48.26424941207041" lon="11.669828669336649">
    <tag k="mgrs_code" v="32UPU981491"/>
    <tag k="local_x" v="98129.9515"/>
    <tag k="local_y" v="49116.9945"/>
    <tag k="ele" v="520.4116"/>
  </node>
  <node id="33211" lat="48.264249241505176" lon="11.669828652361666">
    <tag k="mgrs_code" v="32UPU981491"/>
    <tag k="local_x" v="98129.9509"/>
    <tag k="local_y" v="49116.9755"/>
    <tag k="ele" v="520.4115"/>
  </node>
  <node id="33212" lat="48.264249070041245" lon="11.669828635339856">
    <tag k="mgrs_code" v="32UPU981491"/>
    <tag k="local_x" v="98129.9503"/>
    <tag k="local_y" v="49116.9564"/>
    <tag k="ele" v="520.4114"/>
  </node>
  <node id="33213" lat="48.264248899507294" lon="11.669828617018878">
    <tag k="mgrs_code" v="32UPU981491"/>
    <tag k="local_x" v="98129.9496"/>
    <tag k="local_y" v="49116.9374"/>
    <tag k="ele" v="520.4113"/>
  </node>
  <node id="33214" lat="48.26425111862145" lon="11.669828839133318">
    <tag k="mgrs_code" v="32UPU981491"/>
    <tag k="local_x" v="98129.9575"/>
    <tag k="local_y" v="49117.1846"/>
    <tag k="ele" v="520.4128"/>
  </node>
  <node id="33215" lat="48.264252906994216" lon="11.66982970856838">
    <tag k="mgrs_code" v="32UPU981491"/>
    <tag k="local_x" v="98130.0151"/>
    <tag k="local_y" v="49117.3856"/>
    <tag k="ele" v="520.4145"/>
  </node>
  <node id="33216" lat="48.26425423774049" lon="11.669831453019086">
    <tag k="mgrs_code" v="32UPU981491"/>
    <tag k="local_x" v="98130.1394"/>
    <tag k="local_y" v="49117.538"/>
    <tag k="ele" v="520.4161"/>
  </node>
  <node id="33217" lat="48.26425526174695" lon="11.669834975171733">
    <tag k="mgrs_code" v="32UPU981491"/>
    <tag k="local_x" v="98130.3968"/>
    <tag k="local_y" v="49117.6609"/>
    <tag k="ele" v="520.4168"/>
  </node>
  <node id="33218" lat="48.264255782183966" lon="11.669840923756553">
    <tag k="mgrs_code" v="32UPU981491"/>
    <tag k="local_x" v="98130.8362"/>
    <tag k="local_y" v="49117.7341"/>
    <tag k="ele" v="520.4168"/>
  </node>
  <node id="33219" lat="48.26425558945276" lon="11.669848328341327">
    <tag k="mgrs_code" v="32UPU981491"/>
    <tag k="local_x" v="98131.3864"/>
    <tag k="local_y" v="49117.7318"/>
    <tag k="ele" v="520.4162"/>
  </node>
  <node id="33224" lat="48.26420469996858" lon="11.669877924770024">
    <tag k="mgrs_code" v="32UPU981491"/>
    <tag k="local_x" v="98133.7794"/>
    <tag k="local_y" v="49112.1525"/>
    <tag k="ele" v="520.3694"/>
  </node>
  <node id="33225" lat="48.26420684797729" lon="11.669857118912752">
    <tag k="mgrs_code" v="32UPU981491"/>
    <tag k="local_x" v="98132.2272"/>
    <tag k="local_y" v="49112.3375"/>
    <tag k="ele" v="520.3754"/>
  </node>
  <node id="33226" lat="48.26420823975579" lon="11.66984639968189">
    <tag k="mgrs_code" v="32UPU981491"/>
    <tag k="local_x" v="98131.4264"/>
    <tag k="local_y" v="49112.4645"/>
    <tag k="ele" v="520.381"/>
  </node>
  <node id="33227" lat="48.26423403474806" lon="11.66988551927333">
    <tag k="mgrs_code" v="32UPU981491"/>
    <tag k="local_x" v="98134.2295"/>
    <tag k="local_y" v="49115.4323"/>
    <tag k="ele" v="520.4252"/>
  </node>
  <node id="33228" lat="48.26423479353576" lon="11.66987904036297">
    <tag k="mgrs_code" v="32UPU981491"/>
    <tag k="local_x" v="98133.7458"/>
    <tag k="local_y" v="49115.4999"/>
    <tag k="ele" v="520.4251"/>
  </node>
  <node id="33229" lat="48.2642362083527" lon="11.669866942360715">
    <tag k="mgrs_code" v="32UPU981491"/>
    <tag k="local_x" v="98132.8426"/>
    <tag k="local_y" v="49115.6259"/>
    <tag k="ele" v="520.4249"/>
  </node>
  <node id="33234" lat="48.264181399681036" lon="11.67073506373284">
    <tag k="mgrs_code" v="32UPU981491"/>
    <tag k="local_x" v="98197.4733"/>
    <tag k="local_y" v="49111.7766"/>
    <tag k="ele" v="520.547"/>
  </node>
  <node id="33235" lat="48.26418194755578" lon="11.670725505308985">
    <tag k="mgrs_code" v="32UPU981491"/>
    <tag k="local_x" v="98196.7619"/>
    <tag k="local_y" v="49111.8128"/>
    <tag k="ele" v="520.5372"/>
  </node>
  <node id="33236" lat="48.26418220423383" lon="11.670706176264225">
    <tag k="mgrs_code" v="32UPU981491"/>
    <tag k="local_x" v="98195.3266"/>
    <tag k="local_y" v="49111.7914"/>
    <tag k="ele" v="520.5215"/>
  </node>
  <node id="33237" lat="48.264182592294226" lon="11.67069660277019">
    <tag k="mgrs_code" v="32UPU981491"/>
    <tag k="local_x" v="98194.6147"/>
    <tag k="local_y" v="49111.8098"/>
    <tag k="ele" v="520.5155"/>
  </node>
  <node id="33238" lat="48.264184231733374" lon="11.670676159904442">
    <tag k="mgrs_code" v="32UPU981491"/>
    <tag k="local_x" v="98193.0914"/>
    <tag k="local_y" v="49111.9392"/>
    <tag k="ele" v="520.5108"/>
  </node>
  <node id="33239" lat="48.264227198227005" lon="11.670748293027373">
    <tag k="mgrs_code" v="32UPU981491"/>
    <tag k="local_x" v="98198.2778"/>
    <tag k="local_y" v="49116.9007"/>
    <tag k="ele" v="520.4815"/>
  </node>
  <node id="33240" lat="48.2642288438272" lon="11.670735754280049">
    <tag k="mgrs_code" v="32UPU981491"/>
    <tag k="local_x" v="98197.341"/>
    <tag k="local_y" v="49117.0512"/>
    <tag k="ele" v="520.4753"/>
  </node>
  <node id="33241" lat="48.264230801698815" lon="11.670720426059024">
    <tag k="mgrs_code" v="32UPU981491"/>
    <tag k="local_x" v="98196.196"/>
    <tag k="local_y" v="49117.2292"/>
    <tag k="ele" v="520.455"/>
  </node>
  <node id="33242" lat="48.26423275956839" lon="11.67070509783676">
    <tag k="mgrs_code" v="32UPU981491"/>
    <tag k="local_x" v="98195.051"/>
    <tag k="local_y" v="49117.4072"/>
    <tag k="ele" v="520.4347"/>
  </node>
  <node id="33243" lat="48.26423571654168" lon="11.670682398987067">
    <tag k="mgrs_code" v="32UPU981491"/>
    <tag k="local_x" v="98193.3552"/>
    <tag k="local_y" v="49117.6772"/>
    <tag k="ele" v="520.3945"/>
  </node>
  <node id="33248" lat="48.2651244837411" lon="11.668822227102467">
    <tag k="mgrs_code" v="32UPU980492"/>
    <tag k="local_x" v="98051.8859"/>
    <tag k="local_y" v="49211.6494"/>
    <tag k="ele" v="520.5056"/>
  </node>
  <node id="33249" lat="48.26508514257915" lon="11.668822410547472">
    <tag k="mgrs_code" v="32UPU980492"/>
    <tag k="local_x" v="98052.0516"/>
    <tag k="local_y" v="49207.2776"/>
    <tag k="ele" v="520.6195"/>
  </node>
  <node id="33254" lat="48.26456621042787" lon="11.66745543814301">
    <tag k="mgrs_code" v="32UPU979491"/>
    <tag k="local_x" v="97952.6226"/>
    <tag k="local_y" v="49146.0774"/>
    <tag k="ele" v="520.5799"/>
  </node>
  <node id="33255" lat="48.264567777263245" lon="11.667440462633378">
    <tag k="mgrs_code" v="32UPU979491"/>
    <tag k="local_x" v="97951.5053"/>
    <tag k="local_y" v="49146.2129"/>
    <tag k="ele" v="520.5825"/>
  </node>
  <node id="33256" lat="48.2645711704584" lon="11.667409913299679">
    <tag k="mgrs_code" v="32UPU979491"/>
    <tag k="local_x" v="97949.2253"/>
    <tag k="local_y" v="49146.5112"/>
    <tag k="ele" v="520.5831"/>
  </node>
  <node id="33257" lat="48.26459789439413" lon="11.667450293179419">
    <tag k="mgrs_code" v="32UPU979491"/>
    <tag k="local_x" v="97952.1184"/>
    <tag k="local_y" v="49149.5854"/>
    <tag k="ele" v="520.6752"/>
  </node>
  <node id="33258" lat="48.26459972619512" lon="11.667437276091835">
    <tag k="mgrs_code" v="32UPU979491"/>
    <tag k="local_x" v="97951.1454"/>
    <tag k="local_y" v="49149.7554"/>
    <tag k="ele" v="520.6837"/>
  </node>
  <node id="33259" lat="48.26460177584387" lon="11.66742464229342">
    <tag k="mgrs_code" v="32UPU979491"/>
    <tag k="local_x" v="97950.2"/>
    <tag k="local_y" v="49149.9506"/>
    <tag k="ele" v="520.6912"/>
  </node>
  <node id="33264" lat="48.264202679298144" lon="11.670289822848446">
    <tag k="mgrs_code" v="32UPU981491"/>
    <tag k="local_x" v="98164.352"/>
    <tag k="local_y" v="49112.9916"/>
    <tag k="ele" v="520.4145"/>
  </node>
  <node id="33265" lat="48.26420142509024" lon="11.670299886206964">
    <tag k="mgrs_code" v="32UPU981491"/>
    <tag k="local_x" v="98165.1036"/>
    <tag k="local_y" v="49112.8782"/>
    <tag k="ele" v="520.4139"/>
  </node>
  <node id="33266" lat="48.26420017178013" lon="11.670309949611793">
    <tag k="mgrs_code" v="32UPU981491"/>
    <tag k="local_x" v="98165.8552"/>
    <tag k="local_y" v="49112.7649"/>
    <tag k="ele" v="520.4133"/>
  </node>
  <node id="33270" lat="48.26382720113411" lon="11.67017049947592">
    <tag k="mgrs_code" v="32UPU981490"/>
    <tag k="local_x" v="98156.9499"/>
    <tag k="local_y" v="49070.9538"/>
    <tag k="ele" v="520.4022"/>
  </node>
  <node id="33271" lat="48.26382616895021" lon="11.670186536176558">
    <tag k="mgrs_code" v="32UPU981490"/>
    <tag k="local_x" v="98158.1439"/>
    <tag k="local_y" v="49070.8805"/>
    <tag k="ele" v="520.4007"/>
  </node>
  <node id="33272" lat="48.26382543723602" lon="11.670202459167074">
    <tag k="mgrs_code" v="32UPU981490"/>
    <tag k="local_x" v="98159.3283"/>
    <tag k="local_y" v="49070.8403"/>
    <tag k="ele" v="520.3983"/>
  </node>
  <node id="33273" lat="48.26382518864642" lon="11.670218268535004">
    <tag k="mgrs_code" v="32UPU981490"/>
    <tag k="local_x" v="98160.5024"/>
    <tag k="local_y" v="49070.8535"/>
    <tag k="ele" v="520.3952"/>
  </node>
  <node id="33274" lat="48.26382560048374" lon="11.670233923660719">
    <tag k="mgrs_code" v="32UPU981490"/>
    <tag k="local_x" v="98161.6625"/>
    <tag k="local_y" v="49070.9397"/>
    <tag k="ele" v="520.3912"/>
  </node>
  <node id="33275" lat="48.263826685233724" lon="11.67024842257147">
    <tag k="mgrs_code" v="32UPU981490"/>
    <tag k="local_x" v="98162.7342"/>
    <tag k="local_y" v="49071.0977"/>
    <tag k="ele" v="520.3838"/>
  </node>
  <node id="33276" lat="48.263828393818685" lon="11.670262444601903">
    <tag k="mgrs_code" v="32UPU981490"/>
    <tag k="local_x" v="98163.7681"/>
    <tag k="local_y" v="49071.3238"/>
    <tag k="ele" v="520.3728"/>
  </node>
  <node id="33277" lat="48.26383080720093" lon="11.670275913115782">
    <tag k="mgrs_code" v="32UPU981490"/>
    <tag k="local_x" v="98164.7582"/>
    <tag k="local_y" v="49071.6268"/>
    <tag k="ele" v="520.3625"/>
  </node>
  <node id="33278" lat="48.26383392678804" lon="11.67028934836568">
    <tag k="mgrs_code" v="32UPU981490"/>
    <tag k="local_x" v="98165.7431"/>
    <tag k="local_y" v="49072.0082"/>
    <tag k="ele" v="520.3577"/>
  </node>
  <node id="33279" lat="48.26383800900283" lon="11.670304145021966">
    <tag k="mgrs_code" v="32UPU981490"/>
    <tag k="local_x" v="98166.8253"/>
    <tag k="local_y" v="49072.5001"/>
    <tag k="ele" v="520.3572"/>
  </node>
  <node id="33280" lat="48.263842724110376" lon="11.670319004317772">
    <tag k="mgrs_code" v="32UPU981490"/>
    <tag k="local_x" v="98167.9097"/>
    <tag k="local_y" v="49073.0625"/>
    <tag k="ele" v="520.3572"/>
  </node>
  <node id="33281" lat="48.26384806642236" lon="11.67033386127173">
    <tag k="mgrs_code" v="32UPU981490"/>
    <tag k="local_x" v="98168.9915"/>
    <tag k="local_y" v="49073.6946"/>
    <tag k="ele" v="520.3578"/>
  </node>
  <node id="33282" lat="48.26379337993284" lon="11.67016592956409">
    <tag k="mgrs_code" v="32UPU981490"/>
    <tag k="local_x" v="98156.7416"/>
    <tag k="local_y" v="49067.1832"/>
    <tag k="ele" v="520.4872"/>
  </node>
  <node id="33283" lat="48.26379248439522" lon="11.670178563917702">
    <tag k="mgrs_code" v="32UPU981490"/>
    <tag k="local_x" v="98157.6826"/>
    <tag k="local_y" v="49067.1163"/>
    <tag k="ele" v="520.4866"/>
  </node>
  <node id="33284" lat="48.263791428612414" lon="11.67020413508113">
    <tag k="mgrs_code" v="32UPU981490"/>
    <tag k="local_x" v="98159.5842"/>
    <tag k="local_y" v="49067.065"/>
    <tag k="ele" v="520.4854"/>
  </node>
  <node id="33285" lat="48.26379132443053" lon="11.670217059989772">
    <tag k="mgrs_code" v="32UPU981490"/>
    <tag k="local_x" v="98160.5437"/>
    <tag k="local_y" v="49067.0868"/>
    <tag k="ele" v="520.4849"/>
  </node>
  <node id="33286" lat="48.26379146146674" lon="11.670227542122076">
    <tag k="mgrs_code" v="32UPU981490"/>
    <tag k="local_x" v="98161.321"/>
    <tag k="local_y" v="49067.1291"/>
    <tag k="ele" v="520.4845"/>
  </node>
  <node id="33287" lat="48.26379236256134" lon="11.670248628012013">
    <tag k="mgrs_code" v="32UPU981490"/>
    <tag k="local_x" v="98162.8822"/>
    <tag k="local_y" v="49067.2837"/>
    <tag k="ele" v="520.4838"/>
  </node>
  <node id="33288" lat="48.263794240583806" lon="11.67026984029052">
    <tag k="mgrs_code" v="32UPU981490"/>
    <tag k="local_x" v="98164.449"/>
    <tag k="local_y" v="49067.5472"/>
    <tag k="ele" v="520.4832"/>
  </node>
  <node id="33289" lat="48.26379568971993" lon="11.67028066168603">
    <tag k="mgrs_code" v="32UPU981490"/>
    <tag k="local_x" v="98165.2464"/>
    <tag k="local_y" v="49067.7362"/>
    <tag k="ele" v="520.4829"/>
  </node>
  <node id="33290" lat="48.263799624595855" lon="11.670301760171744">
    <tag k="mgrs_code" v="32UPU981490"/>
    <tag k="local_x" v="98166.7968"/>
    <tag k="local_y" v="49068.228"/>
    <tag k="ele" v="520.4826"/>
  </node>
  <node id="33291" lat="48.26380472997059" lon="11.670321934568461">
    <tag k="mgrs_code" v="32UPU981490"/>
    <tag k="local_x" v="98168.2741"/>
    <tag k="local_y" v="49068.8475"/>
    <tag k="ele" v="520.4825"/>
  </node>
  <node id="33292" lat="48.26381072366981" lon="11.67034109200725">
    <tag k="mgrs_code" v="32UPU981490"/>
    <tag k="local_x" v="98169.6725"/>
    <tag k="local_y" v="49069.5631"/>
    <tag k="ele" v="520.4826"/>
  </node>
  <node id="33293" lat="48.26381734050693" lon="11.670359260441666">
    <tag k="mgrs_code" v="32UPU981490"/>
    <tag k="local_x" v="98170.9951"/>
    <tag k="local_y" v="49070.3454"/>
    <tag k="ele" v="520.4829"/>
  </node>
  <node id="33298" lat="48.26452748236592" lon="11.667783478009747">
    <tag k="mgrs_code" v="32UPU979491"/>
    <tag k="local_x" v="97977.1142"/>
    <tag k="local_y" v="49142.6196"/>
    <tag k="ele" v="520.4959"/>
  </node>
  <node id="33299" lat="48.264557700350316" lon="11.667790978555068">
    <tag k="mgrs_code" v="32UPU979491"/>
    <tag k="local_x" v="97977.554"/>
    <tag k="local_y" v="49145.9973"/>
    <tag k="ele" v="520.6325"/>
  </node>
  <node id="33304" lat="48.26425541673351" lon="11.667356319607789">
    <tag k="mgrs_code" v="32UPU979491"/>
    <tag k="local_x" v="97946.4684"/>
    <tag k="local_y" v="49111.2809"/>
    <tag k="ele" v="520.5764"/>
  </node>
  <node id="33305" lat="48.26420882420101" lon="11.667344136840502">
    <tag k="mgrs_code" v="32UPU979491"/>
    <tag k="local_x" v="97945.7444"/>
    <tag k="local_y" v="49106.0713"/>
    <tag k="ele" v="520.5764"/>
  </node>
  <node id="33306" lat="48.2642044508842" lon="11.66734302778672">
    <tag k="mgrs_code" v="32UPU979491"/>
    <tag k="local_x" v="97945.679"/>
    <tag k="local_y" v="49105.5824"/>
    <tag k="ele" v="520.5766"/>
  </node>
  <node id="33307" lat="48.26420182001659" lon="11.667342712917396">
    <tag k="mgrs_code" v="32UPU979491"/>
    <tag k="local_x" v="97945.6658"/>
    <tag k="local_y" v="49105.2892"/>
    <tag k="ele" v="520.5769"/>
  </node>
  <node id="33308" lat="48.26419745122821" lon="11.667343230680087">
    <tag k="mgrs_code" v="32UPU979491"/>
    <tag k="local_x" v="97945.7211"/>
    <tag k="local_y" v="49104.805"/>
    <tag k="ele" v="520.5794"/>
  </node>
  <node id="33309" lat="48.264195115584855" lon="11.667343997151807">
    <tag k="mgrs_code" v="32UPU979491"/>
    <tag k="local_x" v="97945.787"/>
    <tag k="local_y" v="49104.5474"/>
    <tag k="ele" v="520.5904"/>
  </node>
  <node id="33310" lat="48.264192426009465" lon="11.66734539744429">
    <tag k="mgrs_code" v="32UPU979491"/>
    <tag k="local_x" v="97945.9013"/>
    <tag k="local_y" v="49104.2521"/>
    <tag k="ele" v="520.6116"/>
  </node>
  <node id="33311" lat="48.26418948895305" lon="11.667347923591697">
    <tag k="mgrs_code" v="32UPU979491"/>
    <tag k="local_x" v="97946.1001"/>
    <tag k="local_y" v="49103.9322"/>
    <tag k="ele" v="520.6321"/>
  </node>
  <node id="33312" lat="48.26418659446446" lon="11.667351833268047">
    <tag k="mgrs_code" v="32UPU979491"/>
    <tag k="local_x" v="97946.4014"/>
    <tag k="local_y" v="49103.6206"/>
    <tag k="ele" v="520.6409"/>
  </node>
  <node id="33313" lat="48.26418575144045" lon="11.667353496810971">
    <tag k="mgrs_code" v="32UPU979491"/>
    <tag k="local_x" v="97946.5281"/>
    <tag k="local_y" v="49103.5312"/>
    <tag k="ele" v="520.6405"/>
  </node>
  <node id="33314" lat="48.26418603243805" lon="11.667352942745332">
    <tag k="mgrs_code" v="32UPU979491"/>
    <tag k="local_x" v="97946.4859"/>
    <tag k="local_y" v="49103.561"/>
    <tag k="ele" v="520.6406"/>
  </node>
  <node id="33315" lat="48.26418631346688" lon="11.667352387333683">
    <tag k="mgrs_code" v="32UPU979491"/>
    <tag k="local_x" v="97946.4436"/>
    <tag k="local_y" v="49103.5908"/>
    <tag k="ele" v="520.6408"/>
  </node>
  <node id="33316" lat="48.264185470411604" lon="11.667354052222597">
    <tag k="mgrs_code" v="32UPU979491"/>
    <tag k="local_x" v="97946.5704"/>
    <tag k="local_y" v="49103.5014"/>
    <tag k="ele" v="520.6404"/>
  </node>
  <node id="33317" lat="48.26418451144217" lon="11.667356601854324">
    <tag k="mgrs_code" v="32UPU979491"/>
    <tag k="local_x" v="97946.7633"/>
    <tag k="local_y" v="49103.4014"/>
    <tag k="ele" v="520.6399"/>
  </node>
  <node id="33318" lat="48.26418303255434" lon="11.66736243956534">
    <tag k="mgrs_code" v="32UPU979491"/>
    <tag k="local_x" v="97947.2022"/>
    <tag k="local_y" v="49103.2521"/>
    <tag k="ele" v="520.6384"/>
  </node>
  <node id="33319" lat="48.26418117121117" lon="11.667375721841095">
    <tag k="mgrs_code" v="32UPU979491"/>
    <tag k="local_x" v="97948.195"/>
    <tag k="local_y" v="49103.0795"/>
    <tag k="ele" v="520.635"/>
  </node>
  <node id="33320" lat="48.264168674695675" lon="11.667485431959596">
    <tag k="mgrs_code" v="32UPU979491"/>
    <tag k="local_x" v="97956.3843"/>
    <tag k="local_y" v="49101.9737"/>
    <tag k="ele" v="520.6"/>
  </node>
  <node id="33321" lat="48.2641627099462" lon="11.667538305260466">
    <tag k="mgrs_code" v="32UPU979491"/>
    <tag k="local_x" v="97960.3308"/>
    <tag k="local_y" v="49101.4472"/>
    <tag k="ele" v="520.5751"/>
  </node>
  <node id="33322" lat="48.264159267981206" lon="11.667567349205697">
    <tag k="mgrs_code" v="32UPU979491"/>
    <tag k="local_x" v="97962.4993"/>
    <tag k="local_y" v="49101.1396"/>
    <tag k="ele" v="520.5663"/>
  </node>
  <node id="33323" lat="48.264157218932716" lon="11.667584413900764">
    <tag k="mgrs_code" v="32UPU979491"/>
    <tag k="local_x" v="97963.7735"/>
    <tag k="local_y" v="49100.9559"/>
    <tag k="ele" v="520.5636"/>
  </node>
  <node id="33324" lat="48.264154695973225" lon="11.667602668123632">
    <tag k="mgrs_code" v="32UPU979491"/>
    <tag k="local_x" v="97965.1378"/>
    <tag k="local_y" v="49100.7226"/>
    <tag k="ele" v="520.5629"/>
  </node>
  <node id="33325" lat="48.264281906549805" lon="11.667285571309547">
    <tag k="mgrs_code" v="32UPU979491"/>
    <tag k="local_x" v="97941.1162"/>
    <tag k="local_y" v="49114.0424"/>
    <tag k="ele" v="520.739"/>
  </node>
  <node id="33326" lat="48.26421112699596" lon="11.66726694631239">
    <tag k="mgrs_code" v="32UPU979491"/>
    <tag k="local_x" v="97940.0076"/>
    <tag k="local_y" v="49106.1281"/>
    <tag k="ele" v="520.7675"/>
  </node>
  <node id="33327" lat="48.26418048267375" lon="11.667258933404142">
    <tag k="mgrs_code" v="32UPU979491"/>
    <tag k="local_x" v="97939.5314"/>
    <tag k="local_y" v="49102.7017"/>
    <tag k="ele" v="520.7285"/>
  </node>
  <node id="33328" lat="48.26416467071034" lon="11.667254126569473">
    <tag k="mgrs_code" v="32UPU979491"/>
    <tag k="local_x" v="97939.2358"/>
    <tag k="local_y" v="49100.932"/>
    <tag k="ele" v="520.7287"/>
  </node>
  <node id="33329" lat="48.26416040145097" lon="11.667253380062064">
    <tag k="mgrs_code" v="32UPU979491"/>
    <tag k="local_x" v="97939.1969"/>
    <tag k="local_y" v="49100.4556"/>
    <tag k="ele" v="520.729"/>
  </node>
  <node id="33330" lat="48.26415619821079" lon="11.667253239378903">
    <tag k="mgrs_code" v="32UPU979490"/>
    <tag k="local_x" v="97939.2027"/>
    <tag k="local_y" v="49099.9881"/>
    <tag k="ele" v="520.7295"/>
  </node>
  <node id="33331" lat="48.2641521965082" lon="11.667253874637929">
    <tag k="mgrs_code" v="32UPU979490"/>
    <tag k="local_x" v="97939.2653"/>
    <tag k="local_y" v="49099.545"/>
    <tag k="ele" v="520.73"/>
  </node>
  <node id="33332" lat="48.26414854317711" lon="11.667255433636571">
    <tag k="mgrs_code" v="32UPU979490"/>
    <tag k="local_x" v="97939.3951"/>
    <tag k="local_y" v="49099.143"/>
    <tag k="ele" v="520.7307"/>
  </node>
  <node id="33333" lat="48.26414622926909" lon="11.667256969387388">
    <tag k="mgrs_code" v="32UPU979490"/>
    <tag k="local_x" v="97939.518"/>
    <tag k="local_y" v="49098.8898"/>
    <tag k="ele" v="520.7344"/>
  </node>
  <node id="33334" lat="48.26414199864819" lon="11.667260721903267">
    <tag k="mgrs_code" v="32UPU979490"/>
    <tag k="local_x" v="97939.8128"/>
    <tag k="local_y" v="49098.4293"/>
    <tag k="ele" v="520.7493"/>
  </node>
  <node id="33335" lat="48.26414012739415" lon="11.667262957206617">
    <tag k="mgrs_code" v="32UPU979490"/>
    <tag k="local_x" v="97939.9859"/>
    <tag k="local_y" v="49098.2271"/>
    <tag k="ele" v="520.7532"/>
  </node>
  <node id="33336" lat="48.26413824780033" lon="11.66726570686679">
    <tag k="mgrs_code" v="32UPU979490"/>
    <tag k="local_x" v="97940.1972"/>
    <tag k="local_y" v="49098.0253"/>
    <tag k="ele" v="520.754"/>
  </node>
  <node id="33337" lat="48.26413657105761" lon="11.667268671926811">
    <tag k="mgrs_code" v="32UPU979490"/>
    <tag k="local_x" v="97940.4237"/>
    <tag k="local_y" v="49097.8466"/>
    <tag k="ele" v="520.7547"/>
  </node>
  <node id="33338" lat="48.26413378754177" lon="11.667275088565889">
    <tag k="mgrs_code" v="32UPU979490"/>
    <tag k="local_x" v="97940.9106"/>
    <tag k="local_y" v="49097.5538"/>
    <tag k="ele" v="520.756"/>
  </node>
  <node id="33339" lat="48.26413168523028" lon="11.66728192878687">
    <tag k="mgrs_code" v="32UPU979490"/>
    <tag k="local_x" v="97941.4263"/>
    <tag k="local_y" v="49097.3378"/>
    <tag k="ele" v="520.7571"/>
  </node>
  <node id="33340" lat="48.26413014445235" lon="11.667288959958878">
    <tag k="mgrs_code" v="32UPU979490"/>
    <tag k="local_x" v="97941.954"/>
    <tag k="local_y" v="49097.1847"/>
    <tag k="ele" v="520.7579"/>
  </node>
  <node id="33341" lat="48.26412902485975" lon="11.667295987455352">
    <tag k="mgrs_code" v="32UPU979490"/>
    <tag k="local_x" v="97942.4798"/>
    <tag k="local_y" v="49097.0784"/>
    <tag k="ele" v="520.7585"/>
  </node>
  <node id="33342" lat="48.26412660138246" lon="11.66731561739189">
    <tag k="mgrs_code" v="32UPU979490"/>
    <tag k="local_x" v="97943.9458"/>
    <tag k="local_y" v="49096.8597"/>
    <tag k="ele" v="520.7588"/>
  </node>
  <node id="33343" lat="48.264125029005505" lon="11.667327033422028">
    <tag k="mgrs_code" v="32UPU979490"/>
    <tag k="local_x" v="97944.799"/>
    <tag k="local_y" v="49096.7144"/>
    <tag k="ele" v="520.7492"/>
  </node>
  <node id="33344" lat="48.264106919592486" lon="11.667473338231174">
    <tag k="mgrs_code" v="32UPU979490"/>
    <tag k="local_x" v="97955.7255"/>
    <tag k="local_y" v="49095.0792"/>
    <tag k="ele" v="520.7124"/>
  </node>
  <node id="33345" lat="48.26409319424292" lon="11.667584466562117">
    <tag k="mgrs_code" v="32UPU979490"/>
    <tag k="local_x" v="97964.0248"/>
    <tag k="local_y" v="49093.8405"/>
    <tag k="ele" v="520.6701"/>
  </node>
  <node id="33350" lat="48.26442749165318" lon="11.66864759644105">
    <tag k="mgrs_code" v="32UPU980491"/>
    <tag k="local_x" v="98041.622"/>
    <tag k="local_y" v="49133.7368"/>
    <tag k="ele" v="520.3623"/>
  </node>
  <node id="33351" lat="48.264440854311864" lon="11.668518498349611">
    <tag k="mgrs_code" v="32UPU980491"/>
    <tag k="local_x" v="98031.9907"/>
    <tag k="local_y" v="49134.8887"/>
    <tag k="ele" v="520.2722"/>
  </node>
  <node id="33352" lat="48.2644540869043" lon="11.66865463788477">
    <tag k="mgrs_code" v="32UPU980491"/>
    <tag k="local_x" v="98042.0417"/>
    <tag k="local_y" v="49136.7107"/>
    <tag k="ele" v="520.6143"/>
  </node>
  <node id="33353" lat="48.26446973292019" lon="11.668526289362045">
    <tag k="mgrs_code" v="32UPU980491"/>
    <tag k="local_x" v="98032.4572"/>
    <tag k="local_y" v="49138.1183"/>
    <tag k="ele" v="520.6353"/>
  </node>
  <node id="33358" lat="48.26401950519007" lon="11.668553769929927">
    <tag k="mgrs_code" v="32UPU980490"/>
    <tag k="local_x" v="98036.2367"/>
    <tag k="local_y" v="49088.1521"/>
    <tag k="ele" v="520.4585"/>
  </node>
  <node id="33359" lat="48.26401476179063" lon="11.668594053796468">
    <tag k="mgrs_code" v="32UPU980490"/>
    <tag k="local_x" v="98039.2443"/>
    <tag k="local_y" v="49087.7289"/>
    <tag k="ele" v="520.4571"/>
  </node>
  <node id="33360" lat="48.26400973951437" lon="11.66863425709502">
    <tag k="mgrs_code" v="32UPU980490"/>
    <tag k="local_x" v="98042.247"/>
    <tag k="local_y" v="49087.2745"/>
    <tag k="ele" v="520.4554"/>
  </node>
  <node id="33361" lat="48.263984179342366" lon="11.668544672855111">
    <tag k="mgrs_code" v="32UPU980490"/>
    <tag k="local_x" v="98035.6982"/>
    <tag k="local_y" v="49084.2026"/>
    <tag k="ele" v="520.5865"/>
  </node>
  <node id="33362" lat="48.26397942258317" lon="11.668584834713327">
    <tag k="mgrs_code" v="32UPU980490"/>
    <tag k="local_x" v="98038.6968"/>
    <tag k="local_y" v="49083.7776"/>
    <tag k="ele" v="520.57"/>
  </node>
  <node id="33363" lat="48.263974666708755" lon="11.668624996610346">
    <tag k="mgrs_code" v="32UPU980490"/>
    <tag k="local_x" v="98041.6954"/>
    <tag k="local_y" v="49083.3527"/>
    <tag k="ele" v="520.5535"/>
  </node>
  <node id="33368" lat="48.26388505897913" lon="11.66969259058531">
    <tag k="mgrs_code" v="32UPU981490"/>
    <tag k="local_x" v="98121.2628"/>
    <tag k="local_y" v="49076.1499"/>
    <tag k="ele" v="520.3858"/>
  </node>
  <node id="33369" lat="48.263876026399664" lon="11.669766198231592">
    <tag k="mgrs_code" v="32UPU981490"/>
    <tag k="local_x" v="98126.7598"/>
    <tag k="local_y" v="49075.3361"/>
    <tag k="ele" v="520.3959"/>
  </node>
  <node id="33370" lat="48.263842074734335" lon="11.669737034574785">
    <tag k="mgrs_code" v="32UPU981490"/>
    <tag k="local_x" v="98124.727"/>
    <tag k="local_y" v="49071.4875"/>
    <tag k="ele" v="520.4992"/>
  </node>
  <node id="33371" lat="48.26383988332453" lon="11.669755952716216">
    <tag k="mgrs_code" v="32UPU981490"/>
    <tag k="local_x" v="98126.1393"/>
    <tag k="local_y" v="49071.2928"/>
    <tag k="ele" v="520.4971"/>
  </node>
  <node id="33376" lat="48.26392209189262" lon="11.669370827273228">
    <tag k="mgrs_code" v="32UPU980490"/>
    <tag k="local_x" v="98097.2431"/>
    <tag k="local_y" v="49079.4349"/>
    <tag k="ele" v="520.364"/>
  </node>
  <node id="33377" lat="48.263915447689364" lon="11.669433506339983">
    <tag k="mgrs_code" v="32UPU981490"/>
    <tag k="local_x" v="98101.9199"/>
    <tag k="local_y" v="49078.8583"/>
    <tag k="ele" v="520.3733"/>
  </node>
  <node id="33378" lat="48.263886979690746" lon="11.669361483391713">
    <tag k="mgrs_code" v="32UPU980490"/>
    <tag k="local_x" v="98096.6855"/>
    <tag k="local_y" v="49075.5085"/>
    <tag k="ele" v="520.4907"/>
  </node>
  <node id="33379" lat="48.26388651800276" lon="11.669365399759803">
    <tag k="mgrs_code" v="32UPU980490"/>
    <tag k="local_x" v="98096.9779"/>
    <tag k="local_y" v="49075.4673"/>
    <tag k="ele" v="520.4907"/>
  </node>
  <node id="33384" lat="48.26399905338847" lon="11.668725549991139">
    <tag k="mgrs_code" v="32UPU980490"/>
    <tag k="local_x" v="98049.0627"/>
    <tag k="local_y" v="49086.3225"/>
    <tag k="ele" v="520.4427"/>
  </node>
  <node id="33385" lat="48.26398819177232" lon="11.668816763631547">
    <tag k="mgrs_code" v="32UPU980490"/>
    <tag k="local_x" v="98055.8732"/>
    <tag k="local_y" v="49085.3508"/>
    <tag k="ele" v="520.4166"/>
  </node>
  <node id="33386" lat="48.26396598297152" lon="11.66869694091306">
    <tag k="mgrs_code" v="32UPU980490"/>
    <tag k="local_x" v="98047.0676"/>
    <tag k="local_y" v="49082.5733"/>
    <tag k="ele" v="520.5335"/>
  </node>
  <node id="33387" lat="48.263952930295865" lon="11.668807142816929">
    <tag k="mgrs_code" v="32UPU980490"/>
    <tag k="local_x" v="98055.2956"/>
    <tag k="local_y" v="49081.4071"/>
    <tag k="ele" v="520.5065"/>
  </node>
  <node id="33392" lat="48.26439017310658" lon="11.668527400745981">
    <tag k="mgrs_code" v="32UPU980491"/>
    <tag k="local_x" v="98032.8472"/>
    <tag k="local_y" v="49129.2791"/>
    <tag k="ele" v="520.5691"/>
  </node>
  <node id="33393" lat="48.26439567721046" lon="11.668529411077282">
    <tag k="mgrs_code" v="32UPU980491"/>
    <tag k="local_x" v="98032.9751"/>
    <tag k="local_y" v="49129.896"/>
    <tag k="ele" v="520.5285"/>
  </node>
  <node id="33394" lat="48.26440233257235" lon="11.668531209158667">
    <tag k="mgrs_code" v="32UPU980491"/>
    <tag k="local_x" v="98033.0828"/>
    <tag k="local_y" v="49130.6403"/>
    <tag k="ele" v="520.4887"/>
  </node>
  <node id="33395" lat="48.26441000925444" lon="11.668531842186486">
    <tag k="mgrs_code" v="32UPU980491"/>
    <tag k="local_x" v="98033.1001"/>
    <tag k="local_y" v="49131.4951"/>
    <tag k="ele" v="520.4496"/>
  </node>
  <node id="33396" lat="48.26441411125745" lon="11.668531460213407">
    <tag k="mgrs_code" v="32UPU980491"/>
    <tag k="local_x" v="98033.0559"/>
    <tag k="local_y" v="49131.95"/>
    <tag k="ele" v="520.4303"/>
  </node>
  <node id="33397" lat="48.26441830058201" lon="11.668530495222921">
    <tag k="mgrs_code" v="32UPU980491"/>
    <tag k="local_x" v="98032.9681"/>
    <tag k="local_y" v="49132.4131"/>
    <tag k="ele" v="520.4113"/>
  </node>
  <node id="33398" lat="48.26442249797046" lon="11.668528873009612">
    <tag k="mgrs_code" v="32UPU980491"/>
    <tag k="local_x" v="98032.8315"/>
    <tag k="local_y" v="49132.8754"/>
    <tag k="ele" v="520.3927"/>
  </node>
  <node id="33399" lat="48.26442558448712" lon="11.668527118809791">
    <tag k="mgrs_code" v="32UPU980491"/>
    <tag k="local_x" v="98032.6894"/>
    <tag k="local_y" v="49133.2139"/>
    <tag k="ele" v="520.3789"/>
  </node>
  <node id="33400" lat="48.264424555937374" lon="11.668527704007358">
    <tag k="mgrs_code" v="32UPU980491"/>
    <tag k="local_x" v="98032.7368"/>
    <tag k="local_y" v="49133.1011"/>
    <tag k="ele" v="520.3835"/>
  </node>
  <node id="33401" lat="48.26442352738764" lon="11.668528289204902">
    <tag k="mgrs_code" v="32UPU980491"/>
    <tag k="local_x" v="98032.7842"/>
    <tag k="local_y" v="49132.9883"/>
    <tag k="ele" v="520.3881"/>
  </node>
  <node id="33402" lat="48.26442661393556" lon="11.668526533659016">
    <tag k="mgrs_code" v="32UPU980491"/>
    <tag k="local_x" v="98032.642"/>
    <tag k="local_y" v="49133.3268"/>
    <tag k="ele" v="520.3743"/>
  </node>
  <node id="33403" lat="48.264430546869434" lon="11.668523435492128">
    <tag k="mgrs_code" v="32UPU980491"/>
    <tag k="local_x" v="98032.3969"/>
    <tag k="local_y" v="49133.7559"/>
    <tag k="ele" v="520.3559"/>
  </node>
  <node id="33404" lat="48.26443418564571" lon="11.668519559243833">
    <tag k="mgrs_code" v="32UPU980491"/>
    <tag k="local_x" v="98032.0952"/>
    <tag k="local_y" v="49134.1503"/>
    <tag k="ele" v="520.3374"/>
  </node>
  <node id="33405" lat="48.26443740843972" lon="11.668514920130104">
    <tag k="mgrs_code" v="32UPU980491"/>
    <tag k="local_x" v="98031.7385"/>
    <tag k="local_y" v="49134.4965"/>
    <tag k="ele" v="520.3188"/>
  </node>
  <node id="33406" lat="48.264440088026745" lon="11.66850957216696">
    <tag k="mgrs_code" v="32UPU980491"/>
    <tag k="local_x" v="98031.3313"/>
    <tag k="local_y" v="49134.7805"/>
    <tag k="ele" v="520.2999"/>
  </node>
  <node id="33407" lat="48.264442097697966" lon="11.668503624650223">
    <tag k="mgrs_code" v="32UPU980491"/>
    <tag k="local_x" v="98030.8822"/>
    <tag k="local_y" v="49134.9885"/>
    <tag k="ele" v="520.2806"/>
  </node>
  <node id="33408" lat="48.26444281239367" lon="11.668500474736396">
    <tag k="mgrs_code" v="32UPU980491"/>
    <tag k="local_x" v="98030.6457"/>
    <tag k="local_y" v="49135.0598"/>
    <tag k="ele" v="520.271"/>
  </node>
  <node id="33409" lat="48.26444331764512" lon="11.66849723844517">
    <tag k="mgrs_code" v="32UPU980491"/>
    <tag k="local_x" v="98030.4036"/>
    <tag k="local_y" v="49135.1076"/>
    <tag k="ele" v="520.261"/>
  </node>
  <node id="33410" lat="48.26438797753894" lon="11.668614002175591">
    <tag k="mgrs_code" v="32UPU980491"/>
    <tag k="local_x" v="98039.2819"/>
    <tag k="local_y" v="49129.2586"/>
    <tag k="ele" v="520.521"/>
  </node>
  <node id="33411" lat="48.2643959404352" lon="11.668612500658798">
    <tag k="mgrs_code" v="32UPU980491"/>
    <tag k="local_x" v="98039.1397"/>
    <tag k="local_y" v="49130.1397"/>
    <tag k="ele" v="520.5274"/>
  </node>
  <node id="33412" lat="48.264403589348326" lon="11.668610028664595">
    <tag k="mgrs_code" v="32UPU980491"/>
    <tag k="local_x" v="98038.9267"/>
    <tag k="local_y" v="49130.9834"/>
    <tag k="ele" v="520.5341"/>
  </node>
  <node id="33413" lat="48.26441090820332" lon="11.668606697208382">
    <tag k="mgrs_code" v="32UPU980491"/>
    <tag k="local_x" v="98038.6512"/>
    <tag k="local_y" v="49131.7882"/>
    <tag k="ele" v="520.5409"/>
  </node>
  <node id="33414" lat="48.26441789323345" lon="11.668602590994231">
    <tag k="mgrs_code" v="32UPU980491"/>
    <tag k="local_x" v="98038.3195"/>
    <tag k="local_y" v="49132.5539"/>
    <tag k="ele" v="520.548"/>
  </node>
  <node id="33415" lat="48.2644245481742" lon="11.668597781640758">
    <tag k="mgrs_code" v="32UPU980491"/>
    <tag k="local_x" v="98037.9369"/>
    <tag k="local_y" v="49133.2811"/>
    <tag k="ele" v="520.5552"/>
  </node>
  <node id="33416" lat="48.26443087372882" lon="11.668592316351488">
    <tag k="mgrs_code" v="32UPU980491"/>
    <tag k="local_x" v="98037.5069"/>
    <tag k="local_y" v="49133.97"/>
    <tag k="ele" v="520.5626"/>
  </node>
  <node id="33417" lat="48.264436872710604" lon="11.668586228963491">
    <tag k="mgrs_code" v="32UPU980491"/>
    <tag k="local_x" v="98037.032"/>
    <tag k="local_y" v="49134.621"/>
    <tag k="ele" v="520.5701"/>
  </node>
  <node id="33418" lat="48.26444253928962" lon="11.668579538039811">
    <tag k="mgrs_code" v="32UPU980491"/>
    <tag k="local_x" v="98036.5136"/>
    <tag k="local_y" v="49135.2335"/>
    <tag k="ele" v="520.578"/>
  </node>
  <node id="33419" lat="48.26444786162639" lon="11.668572249701775">
    <tag k="mgrs_code" v="32UPU980491"/>
    <tag k="local_x" v="98035.9522"/>
    <tag k="local_y" v="49135.8062"/>
    <tag k="ele" v="520.5862"/>
  </node>
  <node id="33420" lat="48.2644528171908" lon="11.66856436547097">
    <tag k="mgrs_code" v="32UPU980491"/>
    <tag k="local_x" v="98035.348"/>
    <tag k="local_y" v="49136.3366"/>
    <tag k="ele" v="520.5946"/>
  </node>
  <node id="33421" lat="48.264457374528185" lon="11.668555883708834">
    <tag k="mgrs_code" v="32UPU980491"/>
    <tag k="local_x" v="98034.701"/>
    <tag k="local_y" v="49136.8212"/>
    <tag k="ele" v="520.6031"/>
  </node>
  <node id="33422" lat="48.26446148864091" lon="11.668546804766649">
    <tag k="mgrs_code" v="32UPU980491"/>
    <tag k="local_x" v="98034.0114"/>
    <tag k="local_y" v="49137.255"/>
    <tag k="ele" v="520.6115"/>
  </node>
  <node id="33423" lat="48.264465105262985" lon="11.668537140641666">
    <tag k="mgrs_code" v="32UPU980491"/>
    <tag k="local_x" v="98033.2803"/>
    <tag k="local_y" v="49137.632"/>
    <tag k="ele" v="520.6197"/>
  </node>
  <node id="33424" lat="48.264468158750134" lon="11.668526928343445">
    <tag k="mgrs_code" v="32UPU980491"/>
    <tag k="local_x" v="98032.5107"/>
    <tag k="local_y" v="49137.945"/>
    <tag k="ele" v="520.6277"/>
  </node>
  <node id="33425" lat="48.264470579238136" lon="11.668516231614376">
    <tag k="mgrs_code" v="32UPU980491"/>
    <tag k="local_x" v="98031.7076"/>
    <tag k="local_y" v="49138.1864"/>
    <tag k="ele" v="520.6353"/>
  </node>
  <node id="33426" lat="48.26447153206252" lon="11.66851073170815">
    <tag k="mgrs_code" v="32UPU980491"/>
    <tag k="local_x" v="98031.2958"/>
    <tag k="local_y" v="49138.2781"/>
    <tag k="ele" v="520.639"/>
  </node>
  <node id="33427" lat="48.264472303145915" lon="11.668505153605572">
    <tag k="mgrs_code" v="32UPU980491"/>
    <tag k="local_x" v="98030.8789"/>
    <tag k="local_y" v="49138.3494"/>
    <tag k="ele" v="520.6425"/>
  </node>
  <node id="33432" lat="48.26499285580728" lon="11.66992758933935">
    <tag k="mgrs_code" v="32UPU981491"/>
    <tag k="local_x" v="98134.4166"/>
    <tag k="local_y" v="49199.8743"/>
    <tag k="ele" v="520.4692"/>
  </node>
  <node id="33433" lat="48.264991646179645" lon="11.669937710437905">
    <tag k="mgrs_code" v="32UPU981491"/>
    <tag k="local_x" v="98135.1723"/>
    <tag k="local_y" v="49199.766"/>
    <tag k="ele" v="520.4676"/>
  </node>
  <node id="33434" lat="48.264988849948594" lon="11.66996108781947">
    <tag k="mgrs_code" v="32UPU981491"/>
    <tag k="local_x" v="98136.9178"/>
    <tag k="local_y" v="49199.5156"/>
    <tag k="ele" v="520.4639"/>
  </node>
  <node id="33435" lat="48.26498707977349" lon="11.66997589375796">
    <tag k="mgrs_code" v="32UPU981491"/>
    <tag k="local_x" v="98138.0233"/>
    <tag k="local_y" v="49199.3571"/>
    <tag k="ele" v="520.4616"/>
  </node>
  <node id="33436" lat="48.26495451867374" lon="11.669918793713451">
    <tag k="mgrs_code" v="32UPU981491"/>
    <tag k="local_x" v="98133.9122"/>
    <tag k="local_y" v="49195.5909"/>
    <tag k="ele" v="520.5962"/>
  </node>
  <node id="33437" lat="48.264953819145404" lon="11.66992492945833">
    <tag k="mgrs_code" v="32UPU981491"/>
    <tag k="local_x" v="98134.3702"/>
    <tag k="local_y" v="49195.529"/>
    <tag k="ele" v="520.5955"/>
  </node>
  <node id="33438" lat="48.26494516899136" lon="11.669996787724854">
    <tag k="mgrs_code" v="32UPU981491"/>
    <tag k="local_x" v="98139.7358"/>
    <tag k="local_y" v="49194.7532"/>
    <tag k="ele" v="520.5819"/>
  </node>
  <node id="33439" lat="48.264936518761544" lon="11.670068647311338">
    <tag k="mgrs_code" v="32UPU981491"/>
    <tag k="local_x" v="98145.1015"/>
    <tag k="local_y" v="49193.9774"/>
    <tag k="ele" v="520.5683"/>
  </node>
  <node id="33444" lat="48.264572763859476" lon="11.66739782445154">
    <tag k="mgrs_code" v="32UPU979491"/>
    <tag k="local_x" v="97948.3221"/>
    <tag k="local_y" v="49146.6571"/>
    <tag k="ele" v="520.5823"/>
  </node>
  <node id="33445" lat="48.26457478942424" lon="11.66738568533291">
    <tag k="mgrs_code" v="32UPU979491"/>
    <tag k="local_x" v="97947.4135"/>
    <tag k="local_y" v="49146.8509"/>
    <tag k="ele" v="520.5811"/>
  </node>
  <node id="33446" lat="48.26457733342067" lon="11.667373539516714">
    <tag k="mgrs_code" v="32UPU979491"/>
    <tag k="local_x" v="97946.5024"/>
    <tag k="local_y" v="49147.1023"/>
    <tag k="ele" v="520.5793"/>
  </node>
  <node id="33447" lat="48.26458048242173" lon="11.667361456196712">
    <tag k="mgrs_code" v="32UPU979491"/>
    <tag k="local_x" v="97945.5936"/>
    <tag k="local_y" v="49147.4211"/>
    <tag k="ele" v="520.5772"/>
  </node>
  <node id="33448" lat="48.264584315803525" lon="11.667349543273179">
    <tag k="mgrs_code" v="32UPU979491"/>
    <tag k="local_x" v="97944.6948"/>
    <tag k="local_y" v="49147.8164"/>
    <tag k="ele" v="520.5747"/>
  </node>
  <node id="33449" lat="48.26458889778186" lon="11.667337941547839">
    <tag k="mgrs_code" v="32UPU979491"/>
    <tag k="local_x" v="97943.8162"/>
    <tag k="local_y" v="49148.2957"/>
    <tag k="ele" v="520.5719"/>
  </node>
  <node id="33450" lat="48.26459426200945" lon="11.66732682931245">
    <tag k="mgrs_code" v="32UPU979491"/>
    <tag k="local_x" v="97942.9709"/>
    <tag k="local_y" v="49148.8632"/>
    <tag k="ele" v="520.5689"/>
  </node>
  <node id="33451" lat="48.26460068918443" lon="11.667316091809205">
    <tag k="mgrs_code" v="32UPU979491"/>
    <tag k="local_x" v="97942.1493"/>
    <tag k="local_y" v="49149.5498"/>
    <tag k="ele" v="520.5657"/>
  </node>
  <node id="33452" lat="48.26460467530348" lon="11.667310817185928">
    <tag k="mgrs_code" v="32UPU979491"/>
    <tag k="local_x" v="97941.7425"/>
    <tag k="local_y" v="49149.9792"/>
    <tag k="ele" v="520.564"/>
  </node>
  <node id="33453" lat="48.2646089279911" lon="11.667306075280285">
    <tag k="mgrs_code" v="32UPU979491"/>
    <tag k="local_x" v="97941.3742"/>
    <tag k="local_y" v="49150.4396"/>
    <tag k="ele" v="520.5623"/>
  </node>
  <node id="33454" lat="48.26461338541712" lon="11.667301893868563">
    <tag k="mgrs_code" v="32UPU979491"/>
    <tag k="local_x" v="97941.0467"/>
    <tag k="local_y" v="49150.9242"/>
    <tag k="ele" v="520.5606"/>
  </node>
  <node id="33455" lat="48.26461798724363" lon="11.667298275199755">
    <tag k="mgrs_code" v="32UPU979491"/>
    <tag k="local_x" v="97940.7604"/>
    <tag k="local_y" v="49151.4263"/>
    <tag k="ele" v="520.5588"/>
  </node>
  <node id="33456" lat="48.26462742503148" lon="11.667292657778205">
    <tag k="mgrs_code" v="32UPU979491"/>
    <tag k="local_x" v="97940.3071"/>
    <tag k="local_y" v="49152.4607"/>
    <tag k="ele" v="520.5553"/>
  </node>
  <node id="33457" lat="48.2646369312221" lon="11.667288977771152">
    <tag k="mgrs_code" v="32UPU979491"/>
    <tag k="local_x" v="97939.9973"/>
    <tag k="local_y" v="49153.5077"/>
    <tag k="ele" v="520.5518"/>
  </node>
  <node id="33458" lat="48.26464633183143" lon="11.667286939074623">
    <tag k="mgrs_code" v="32UPU979491"/>
    <tag k="local_x" v="97939.8097"/>
    <tag k="local_y" v="49154.5472"/>
    <tag k="ele" v="520.5484"/>
  </node>
  <node id="33459" lat="48.264655535767204" lon="11.667286279548394">
    <tag k="mgrs_code" v="32UPU979491"/>
    <tag k="local_x" v="97939.7252"/>
    <tag k="local_y" v="49155.5684"/>
    <tag k="ele" v="520.5451"/>
  </node>
  <node id="33460" lat="48.264664502905745" lon="11.667286789568315">
    <tag k="mgrs_code" v="32UPU979491"/>
    <tag k="local_x" v="97939.7284"/>
    <tag k="local_y" v="49156.5663"/>
    <tag k="ele" v="520.542"/>
  </node>
  <node id="33461" lat="48.264673215333595" lon="11.667288310528996">
    <tag k="mgrs_code" v="32UPU979491"/>
    <tag k="local_x" v="97939.8076"/>
    <tag k="local_y" v="49157.5385"/>
    <tag k="ele" v="520.539"/>
  </node>
  <node id="33462" lat="48.264605116206255" lon="11.667403733851208">
    <tag k="mgrs_code" v="32UPU979491"/>
    <tag k="local_x" v="97948.6356"/>
    <tag k="local_y" v="49150.2679"/>
    <tag k="ele" v="520.7233"/>
  </node>
  <node id="33463" lat="48.26460742211805" lon="11.667392851840612">
    <tag k="mgrs_code" v="32UPU979491"/>
    <tag k="local_x" v="97947.8192"/>
    <tag k="local_y" v="49150.4961"/>
    <tag k="ele" v="520.7299"/>
  </node>
  <node id="33464" lat="48.2646088493206" lon="11.667387651517188">
    <tag k="mgrs_code" v="32UPU979491"/>
    <tag k="local_x" v="97947.4278"/>
    <tag k="local_y" v="49150.6413"/>
    <tag k="ele" v="520.7307"/>
  </node>
  <node id="33465" lat="48.26461064238414" lon="11.667382815237698">
    <tag k="mgrs_code" v="32UPU979491"/>
    <tag k="local_x" v="97947.062"/>
    <tag k="local_y" v="49150.8281"/>
    <tag k="ele" v="520.7298"/>
  </node>
  <node id="33466" lat="48.26461312453426" lon="11.667378179249285">
    <tag k="mgrs_code" v="32UPU979491"/>
    <tag k="local_x" v="97946.7084"/>
    <tag k="local_y" v="49151.092"/>
    <tag k="ele" v="520.7202"/>
  </node>
  <node id="33467" lat="48.264616025454735" lon="11.66737418632448">
    <tag k="mgrs_code" v="32UPU979491"/>
    <tag k="local_x" v="97946.4009"/>
    <tag k="local_y" v="49151.4041"/>
    <tag k="ele" v="520.7011"/>
  </node>
  <node id="33468" lat="48.26462097629436" lon="11.66736875035765">
    <tag k="mgrs_code" v="32UPU979491"/>
    <tag k="local_x" v="97945.9784"/>
    <tag k="local_y" v="49151.9403"/>
    <tag k="ele" v="520.6778"/>
  </node>
  <node id="33469" lat="48.26461973814296" lon="11.667370108989545">
    <tag k="mgrs_code" v="32UPU979491"/>
    <tag k="local_x" v="97946.084"/>
    <tag k="local_y" v="49151.8062"/>
    <tag k="ele" v="520.6836"/>
  </node>
  <node id="33470" lat="48.26461850089021" lon="11.667371467668191">
    <tag k="mgrs_code" v="32UPU979491"/>
    <tag k="local_x" v="97946.1896"/>
    <tag k="local_y" v="49151.6722"/>
    <tag k="ele" v="520.6894"/>
  </node>
  <node id="33471" lat="48.2646172627075" lon="11.667372827645973">
    <tag k="mgrs_code" v="32UPU979491"/>
    <tag k="local_x" v="97946.2953"/>
    <tag k="local_y" v="49151.5381"/>
    <tag k="ele" v="520.6953"/>
  </node>
  <node id="33472" lat="48.26462221444578" lon="11.667367391725664">
    <tag k="mgrs_code" v="32UPU979491"/>
    <tag k="local_x" v="97945.8728"/>
    <tag k="local_y" v="49152.0744"/>
    <tag k="ele" v="520.672"/>
  </node>
  <node id="33473" lat="48.26462695275203" lon="11.667363126566075">
    <tag k="mgrs_code" v="32UPU979491"/>
    <tag k="local_x" v="97945.538"/>
    <tag k="local_y" v="49152.59"/>
    <tag k="ele" v="520.6687"/>
  </node>
  <node id="33474" lat="48.26463127481933" lon="11.667360900264962">
    <tag k="mgrs_code" v="32UPU979491"/>
    <tag k="local_x" v="97945.3561"/>
    <tag k="local_y" v="49153.0646"/>
    <tag k="ele" v="520.6666"/>
  </node>
  <node id="33475" lat="48.26463609126749" lon="11.66735950963339">
    <tag k="mgrs_code" v="32UPU979491"/>
    <tag k="local_x" v="97945.2343"/>
    <tag k="local_y" v="49153.5963"/>
    <tag k="ele" v="520.6657"/>
  </node>
  <node id="33476" lat="48.26464144934364" lon="11.667358857406708">
    <tag k="mgrs_code" v="32UPU979491"/>
    <tag k="local_x" v="97945.1652"/>
    <tag k="local_y" v="49154.1901"/>
    <tag k="ele" v="520.666"/>
  </node>
  <node id="33477" lat="48.264647299009084" lon="11.667358889769563">
    <tag k="mgrs_code" v="32UPU979491"/>
    <tag k="local_x" v="97945.145"/>
    <tag k="local_y" v="49154.8403"/>
    <tag k="ele" v="520.6678"/>
  </node>
  <node id="33478" lat="48.26466012248582" lon="11.66736068544304">
    <tag k="mgrs_code" v="32UPU979491"/>
    <tag k="local_x" v="97945.2287"/>
    <tag k="local_y" v="49156.2701"/>
    <tag k="ele" v="520.6755"/>
  </node>
  <node id="33479" lat="48.26466695009559" lon="11.667362234953417">
    <tag k="mgrs_code" v="32UPU979491"/>
    <tag k="local_x" v="97945.3173"/>
    <tag k="local_y" v="49157.0329"/>
    <tag k="ele" v="520.6817"/>
  </node>
  <node id="33484" lat="48.264282840557215" lon="11.669858894912599">
    <tag k="mgrs_code" v="32UPU981491"/>
    <tag k="local_x" v="98132.0651"/>
    <tag k="local_y" v="49120.7877"/>
    <tag k="ele" v="520.4663"/>
  </node>
  <node id="33485" lat="48.26428210444519" lon="11.66986497880933">
    <tag k="mgrs_code" v="32UPU981491"/>
    <tag k="local_x" v="98132.5194"/>
    <tag k="local_y" v="49120.7216"/>
    <tag k="ele" v="520.4716"/>
  </node>
  <node id="33486" lat="48.26428003240631" lon="11.669882321216944">
    <tag k="mgrs_code" v="32UPU981491"/>
    <tag k="local_x" v="98133.8143"/>
    <tag k="local_y" v="49120.5361"/>
    <tag k="ele" v="520.4905"/>
  </node>
  <node id="33487" lat="48.26427868410995" lon="11.669896396966593">
    <tag k="mgrs_code" v="32UPU981491"/>
    <tag k="local_x" v="98134.864"/>
    <tag k="local_y" v="49120.4226"/>
    <tag k="ele" v="520.513"/>
  </node>
  <node id="33488" lat="48.26425495619009" lon="11.66985769232234">
    <tag k="mgrs_code" v="32UPU981491"/>
    <tag k="local_x" v="98132.0837"/>
    <tag k="local_y" v="49117.6856"/>
    <tag k="ele" v="520.4234"/>
  </node>
  <node id="33489" lat="48.26425438899026" lon="11.669862663795552">
    <tag k="mgrs_code" v="32UPU981491"/>
    <tag k="local_x" v="98132.4548"/>
    <tag k="local_y" v="49117.6354"/>
    <tag k="ele" v="520.4268"/>
  </node>
  <node id="33490" lat="48.26425382086023" lon="11.669867636567796">
    <tag k="mgrs_code" v="32UPU981491"/>
    <tag k="local_x" v="98132.826"/>
    <tag k="local_y" v="49117.5851"/>
    <tag k="ele" v="520.4303"/>
  </node>
  <node id="33491" lat="48.26425102628004" lon="11.669889742893957">
    <tag k="mgrs_code" v="32UPU981491"/>
    <tag k="local_x" v="98134.4772"/>
    <tag k="local_y" v="49117.3316"/>
    <tag k="ele" v="520.443"/>
  </node>
  <node id="33496" lat="48.26427868410995" lon="11.669896396966593">
    <tag k="mgrs_code" v="32UPU981491"/>
    <tag k="local_x" v="98134.864"/>
    <tag k="local_y" v="49120.4226"/>
    <tag k="ele" v="520.513"/>
  </node>
  <node id="33497" lat="48.26428397665027" lon="11.669849150149643">
    <tag k="mgrs_code" v="32UPU981491"/>
    <tag k="local_x" v="98131.3376"/>
    <tag k="local_y" v="49120.8888"/>
    <tag k="ele" v="520.5094"/>
  </node>
  <node id="33498" lat="48.26428682284588" lon="11.669825596452473">
    <tag k="mgrs_code" v="32UPU981491"/>
    <tag k="local_x" v="98129.5788"/>
    <tag k="local_y" v="49121.1443"/>
    <tag k="ele" v="520.5106"/>
  </node>
  <node id="33499" lat="48.26428966993541" lon="11.669802042799327">
    <tag k="mgrs_code" v="32UPU981491"/>
    <tag k="local_x" v="98127.82"/>
    <tag k="local_y" v="49121.3999"/>
    <tag k="ele" v="520.5119"/>
  </node>
  <node id="33500" lat="48.264307778034336" lon="11.669903398113705">
    <tag k="mgrs_code" v="32UPU981491"/>
    <tag k="local_x" v="98135.271"/>
    <tag k="local_y" v="49123.6741"/>
    <tag k="ele" v="520.5751"/>
  </node>
  <node id="33501" lat="48.264308087020105" lon="11.669900671798972">
    <tag k="mgrs_code" v="32UPU981491"/>
    <tag k="local_x" v="98135.0675"/>
    <tag k="local_y" v="49123.7014"/>
    <tag k="ele" v="520.5754"/>
  </node>
  <node id="33502" lat="48.26431402978036" lon="11.669849062887197">
    <tag k="mgrs_code" v="32UPU981491"/>
    <tag k="local_x" v="98131.2149"/>
    <tag k="local_y" v="49124.2286"/>
    <tag k="ele" v="520.582"/>
  </node>
  <node id="33503" lat="48.264320223942725" lon="11.66979743741794">
    <tag k="mgrs_code" v="32UPU981491"/>
    <tag k="local_x" v="98127.3601"/>
    <tag k="local_y" v="49124.7837"/>
    <tag k="ele" v="520.5928"/>
  </node>
  <node id="33508" lat="48.263848433034184" lon="11.669992617430635">
    <tag k="mgrs_code" v="32UPU981490"/>
    <tag k="local_x" v="98143.668"/>
    <tag k="local_y" v="49072.8541"/>
    <tag k="ele" v="520.4352"/>
  </node>
  <node id="33509" lat="48.263843088988004" lon="11.670039328841275">
    <tag k="mgrs_code" v="32UPU981490"/>
    <tag k="local_x" v="98147.1549"/>
    <tag k="local_y" v="49072.3808"/>
    <tag k="ele" v="520.4199"/>
  </node>
  <node id="33510" lat="48.26383725140285" lon="11.67008547816872">
    <tag k="mgrs_code" v="32UPU981490"/>
    <tag k="local_x" v="98150.602"/>
    <tag k="local_y" v="49071.8512"/>
    <tag k="ele" v="520.4041"/>
  </node>
  <node id="33511" lat="48.26383208443029" lon="11.67012414140965">
    <tag k="mgrs_code" v="32UPU981490"/>
    <tag k="local_x" v="98153.491"/>
    <tag k="local_y" v="49071.3768"/>
    <tag k="ele" v="520.4037"/>
  </node>
  <node id="33512" lat="48.263827904107465" lon="11.670162202476808">
    <tag k="mgrs_code" v="32UPU981490"/>
    <tag k="local_x" v="98156.3315"/>
    <tag k="local_y" v="49071.0105"/>
    <tag k="ele" v="520.4029"/>
  </node>
  <node id="33513" lat="48.26382961489459" lon="11.669844603970983">
    <tag k="mgrs_code" v="32UPU981490"/>
    <tag k="local_x" v="98132.7574"/>
    <tag k="local_y" v="49070.3805"/>
    <tag k="ele" v="520.4871"/>
  </node>
  <node id="33514" lat="48.263808590361" lon="11.670017056505827">
    <tag k="mgrs_code" v="32UPU981490"/>
    <tag k="local_x" v="98145.6356"/>
    <tag k="local_y" v="49068.4892"/>
    <tag k="ele" v="520.5013"/>
  </node>
  <node id="33515" lat="48.263802619853834" lon="11.670066061205713">
    <tag k="mgrs_code" v="32UPU981490"/>
    <tag k="local_x" v="98149.2951"/>
    <tag k="local_y" v="49067.9522"/>
    <tag k="ele" v="520.4961"/>
  </node>
  <node id="33516" lat="48.26379711487854" lon="11.670116134558022">
    <tag k="mgrs_code" v="32UPU981490"/>
    <tag k="local_x" v="98153.0321"/>
    <tag k="local_y" v="49067.4697"/>
    <tag k="ele" v="520.49"/>
  </node>
  <node id="33517" lat="48.263794949006744" lon="11.670140882421475">
    <tag k="mgrs_code" v="32UPU981490"/>
    <tag k="local_x" v="98154.8769"/>
    <tag k="local_y" v="49067.2929"/>
    <tag k="ele" v="520.4886"/>
  </node>
  <node id="33522" lat="48.26521774788353" lon="11.668046047643086">
    <tag k="mgrs_code" v="32UPU979492"/>
    <tag k="local_x" v="97993.9303"/>
    <tag k="local_y" v="49220.0114"/>
    <tag k="ele" v="520.6226"/>
  </node>
  <node id="33523" lat="48.26521316772631" lon="11.668085315434697">
    <tag k="mgrs_code" v="32UPU979492"/>
    <tag k="local_x" v="97996.8618"/>
    <tag k="local_y" v="49219.6037"/>
    <tag k="ele" v="520.5778"/>
  </node>
  <node id="33524" lat="48.265208342679365" lon="11.668124550249694">
    <tag k="mgrs_code" v="32UPU979492"/>
    <tag k="local_x" v="97999.7918"/>
    <tag k="local_y" v="49219.1687"/>
    <tag k="ele" v="520.5316"/>
  </node>
  <node id="33525" lat="48.265180071940065" lon="11.668034539964326">
    <tag k="mgrs_code" v="32UPU979492"/>
    <tag k="local_x" v="97993.222"/>
    <tag k="local_y" v="49215.7945"/>
    <tag k="ele" v="520.653"/>
  </node>
  <node id="33526" lat="48.26517518324854" lon="11.668073183869126">
    <tag k="mgrs_code" v="32UPU979492"/>
    <tag k="local_x" v="97996.1084"/>
    <tag k="local_y" v="49215.3509"/>
    <tag k="ele" v="520.6299"/>
  </node>
  <node id="33527" lat="48.265170293614176" lon="11.668111829065241">
    <tag k="mgrs_code" v="32UPU979492"/>
    <tag k="local_x" v="97998.9949"/>
    <tag k="local_y" v="49214.9072"/>
    <tag k="ele" v="520.6069"/>
  </node>
  <node id="33532" lat="48.26441056734514" lon="11.668510328072417">
    <tag k="mgrs_code" v="32UPU980491"/>
    <tag k="local_x" v="98031.5015"/>
    <tag k="local_y" v="49131.5016"/>
    <tag k="ele" v="520.5138"/>
  </node>
  <node id="33533" lat="48.264399316212824" lon="11.668640135780796">
    <tag k="mgrs_code" v="32UPU980491"/>
    <tag k="local_x" v="98041.1773"/>
    <tag k="local_y" v="49130.5862"/>
    <tag k="ele" v="520.5025"/>
  </node>
  <node id="33537" lat="48.26418067370624" lon="11.67007818122005">
    <tag k="mgrs_code" v="32UPU981491"/>
    <tag k="local_x" v="98148.7323"/>
    <tag k="local_y" v="49109.9994"/>
    <tag k="ele" v="520.3547"/>
  </node>
  <node id="33538" lat="48.26418425911536" lon="11.670049380735215">
    <tag k="mgrs_code" v="32UPU981491"/>
    <tag k="local_x" v="98146.5813"/>
    <tag k="local_y" v="49110.3235"/>
    <tag k="ele" v="520.3599"/>
  </node>
  <node id="33539" lat="48.26418765149467" lon="11.670020368042337">
    <tag k="mgrs_code" v="32UPU981491"/>
    <tag k="local_x" v="98144.4153"/>
    <tag k="local_y" v="49110.6256"/>
    <tag k="ele" v="520.3642"/>
  </node>
  <node id="33540" lat="48.264210284514846" lon="11.670084235063971">
    <tag k="mgrs_code" v="32UPU981491"/>
    <tag k="local_x" v="98149.067"/>
    <tag k="local_y" v="49113.3059"/>
    <tag k="ele" v="520.4277"/>
  </node>
  <node id="33541" lat="48.26422251094804" lon="11.669984203496913">
    <tag k="mgrs_code" v="32UPU981491"/>
    <tag k="local_x" v="98141.5969"/>
    <tag k="local_y" v="49114.4064"/>
    <tag k="ele" v="520.4295"/>
  </node>
  <node id="33542" lat="48.264228272409206" lon="11.66993486136768">
    <tag k="mgrs_code" v="32UPU981491"/>
    <tag k="local_x" v="98137.9132"/>
    <tag k="local_y" v="49114.9193"/>
    <tag k="ele" v="520.4274"/>
  </node>
  <node id="33547" lat="48.26415369354226" lon="11.667610306799746">
    <tag k="mgrs_code" v="32UPU979491"/>
    <tag k="local_x" v="97965.7085"/>
    <tag k="local_y" v="49100.6309"/>
    <tag k="ele" v="520.5653"/>
  </node>
  <node id="33548" lat="48.2641523779611" lon="11.66761841161735">
    <tag k="mgrs_code" v="32UPU979491"/>
    <tag k="local_x" v="97966.315"/>
    <tag k="local_y" v="49100.5056"/>
    <tag k="ele" v="520.5679"/>
  </node>
  <node id="33549" lat="48.26415083985269" lon="11.667626450942034">
    <tag k="mgrs_code" v="32UPU979491"/>
    <tag k="local_x" v="97966.9175"/>
    <tag k="local_y" v="49100.3554"/>
    <tag k="ele" v="520.5705"/>
  </node>
  <node id="33550" lat="48.26414722998446" lon="11.667642377819732">
    <tag k="mgrs_code" v="32UPU979490"/>
    <tag k="local_x" v="97968.1133"/>
    <tag k="local_y" v="49099.9953"/>
    <tag k="ele" v="520.5758"/>
  </node>
  <node id="33551" lat="48.264134495359215" lon="11.667689622607709">
    <tag k="mgrs_code" v="32UPU979490"/>
    <tag k="local_x" v="97971.6683"/>
    <tag k="local_y" v="49098.7019"/>
    <tag k="ele" v="520.5879"/>
  </node>
  <node id="33552" lat="48.26413048833404" lon="11.667705447936948">
    <tag k="mgrs_code" v="32UPU979490"/>
    <tag k="local_x" v="97972.8581"/>
    <tag k="local_y" v="49098.2974"/>
    <tag k="ele" v="520.5896"/>
  </node>
  <node id="33553" lat="48.26412703894007" lon="11.667721438412048">
    <tag k="mgrs_code" v="32UPU979490"/>
    <tag k="local_x" v="97974.058"/>
    <tag k="local_y" v="49097.9553"/>
    <tag k="ele" v="520.5896"/>
  </node>
  <node id="33554" lat="48.26412440809798" lon="11.667737672306798">
    <tag k="mgrs_code" v="32UPU979490"/>
    <tag k="local_x" v="97975.2728"/>
    <tag k="local_y" v="49097.7048"/>
    <tag k="ele" v="520.5875"/>
  </node>
  <node id="33555" lat="48.26409224402428" lon="11.667592142986376">
    <tag k="mgrs_code" v="32UPU979490"/>
    <tag k="local_x" v="97964.5981"/>
    <tag k="local_y" v="49093.7547"/>
    <tag k="ele" v="520.6917"/>
  </node>
  <node id="33556" lat="48.26409122341075" lon="11.667611301507922">
    <tag k="mgrs_code" v="32UPU979490"/>
    <tag k="local_x" v="97966.0237"/>
    <tag k="local_y" v="49093.6907"/>
    <tag k="ele" v="520.6829"/>
  </node>
  <node id="33557" lat="48.2640886286667" lon="11.667649430706161">
    <tag k="mgrs_code" v="32UPU979490"/>
    <tag k="local_x" v="97968.8631"/>
    <tag k="local_y" v="49093.5007"/>
    <tag k="ele" v="520.6701"/>
  </node>
  <node id="33558" lat="48.26408612185651" lon="11.667677841404105">
    <tag k="mgrs_code" v="32UPU979490"/>
    <tag k="local_x" v="97970.981"/>
    <tag k="local_y" v="49093.2954"/>
    <tag k="ele" v="520.6628"/>
  </node>
  <node id="33559" lat="48.26408695717153" lon="11.667668370707554">
    <tag k="mgrs_code" v="32UPU979490"/>
    <tag k="local_x" v="97970.275"/>
    <tag k="local_y" v="49093.3638"/>
    <tag k="ele" v="520.6652"/>
  </node>
  <node id="33560" lat="48.264087793353234" lon="11.667658901403424">
    <tag k="mgrs_code" v="32UPU979490"/>
    <tag k="local_x" v="97969.5691"/>
    <tag k="local_y" v="49093.4323"/>
    <tag k="ele" v="520.6676"/>
  </node>
  <node id="33561" lat="48.26408528567326" lon="11.667687310707551">
    <tag k="mgrs_code" v="32UPU979490"/>
    <tag k="local_x" v="97971.6869"/>
    <tag k="local_y" v="49093.2269"/>
    <tag k="ele" v="520.6603"/>
  </node>
  <node id="33562" lat="48.26408118085644" lon="11.667724944846448">
    <tag k="mgrs_code" v="32UPU979490"/>
    <tag k="local_x" v="97974.4954"/>
    <tag k="local_y" v="49092.8678"/>
    <tag k="ele" v="520.6496"/>
  </node>
  <node id="33567" lat="48.26427063892147" lon="11.669969249376367">
    <tag k="mgrs_code" v="32UPU981491"/>
    <tag k="local_x" v="98140.3011"/>
    <tag k="local_y" v="49119.7166"/>
    <tag k="ele" v="520.5153"/>
  </node>
  <node id="33568" lat="48.2642621208399" lon="11.670041966611118">
    <tag k="mgrs_code" v="32UPU981491"/>
    <tag k="local_x" v="98145.73"/>
    <tag k="local_y" v="49118.9577"/>
    <tag k="ele" v="520.5178"/>
  </node>
  <node id="33569" lat="48.264244043810876" lon="11.670187077231363">
    <tag k="mgrs_code" v="32UPU981491"/>
    <tag k="local_x" v="98156.5678"/>
    <tag k="local_y" v="49117.3234"/>
    <tag k="ele" v="520.5235"/>
  </node>
  <node id="33570" lat="48.26422779885208" lon="11.67008284214982">
    <tag k="mgrs_code" v="32UPU981491"/>
    <tag k="local_x" v="98148.8959"/>
    <tag k="local_y" v="49115.2488"/>
    <tag k="ele" v="520.4288"/>
  </node>
  <node id="33571" lat="48.2642394125906" lon="11.66998629321841">
    <tag k="mgrs_code" v="32UPU981491"/>
    <tag k="local_x" v="98141.6866"/>
    <tag k="local_y" v="49116.2902"/>
    <tag k="ele" v="520.4359"/>
  </node>
  <node id="33572" lat="48.26421618590061" lon="11.670179392427004">
    <tag k="mgrs_code" v="32UPU981491"/>
    <tag k="local_x" v="98156.1053"/>
    <tag k="local_y" v="49114.2075"/>
    <tag k="ele" v="520.4217"/>
  </node>
  <node id="33580" lat="48.26444331764512" lon="11.66849723844517">
    <tag k="mgrs_code" v="32UPU980491"/>
    <tag k="local_x" v="98030.4036"/>
    <tag k="local_y" v="49135.1076"/>
    <tag k="ele" v="520.261"/>
  </node>
  <node id="33581" lat="48.26441339332174" lon="11.668489066855946">
    <tag k="mgrs_code" v="32UPU980491"/>
    <tag k="local_x" v="98029.9129"/>
    <tag k="local_y" v="49131.7608"/>
    <tag k="ele" v="520.4901"/>
  </node>
  <node id="33586" lat="48.2643895080134" lon="11.66852717473736">
    <tag k="mgrs_code" v="32UPU980491"/>
    <tag k="local_x" v="98032.833"/>
    <tag k="local_y" v="49129.2046"/>
    <tag k="ele" v="520.5704"/>
  </node>
  <node id="33587" lat="48.264385779842144" lon="11.668614213817197">
    <tag k="mgrs_code" v="32UPU980491"/>
    <tag k="local_x" v="98039.3061"/>
    <tag k="local_y" v="49129.0149"/>
    <tag k="ele" v="520.5193"/>
  </node>
  <node id="33592" lat="48.264206390368486" lon="11.669863221358135">
    <tag k="mgrs_code" v="32UPU981491"/>
    <tag k="local_x" v="98132.6818"/>
    <tag k="local_y" v="49112.3024"/>
    <tag k="ele" v="520.3732"/>
  </node>
  <node id="33593" lat="48.264208081633925" lon="11.669848519338004">
    <tag k="mgrs_code" v="32UPU981491"/>
    <tag k="local_x" v="98131.5843"/>
    <tag k="local_y" v="49112.4524"/>
    <tag k="ele" v="520.377"/>
  </node>
  <node id="33594" lat="48.26423615441276" lon="11.669867172688441">
    <tag k="mgrs_code" v="32UPU981491"/>
    <tag k="local_x" v="98132.8599"/>
    <tag k="local_y" v="49115.6205"/>
    <tag k="ele" v="520.425"/>
  </node>
  <node id="33595" lat="48.26423756205305" lon="11.669856777708135">
    <tag k="mgrs_code" v="32UPU981491"/>
    <tag k="local_x" v="98132.0831"/>
    <tag k="local_y" v="49115.7501"/>
    <tag k="ele" v="520.4197"/>
  </node>
  <node id="33607" lat="48.264165949677555" lon="11.670776283859432">
    <tag k="mgrs_code" v="32UPU982491"/>
    <tag k="local_x" v="98200.5918"/>
    <tag k="local_y" v="49110.166"/>
    <tag k="ele" v="520.5601"/>
  </node>
  <node id="33608" lat="48.264126824180266" lon="11.670764864622111">
    <tag k="mgrs_code" v="32UPU981491"/>
    <tag k="local_x" v="98199.8958"/>
    <tag k="local_y" v="49105.7882"/>
    <tag k="ele" v="520.4384"/>
  </node>
  <node id="33613" lat="48.264936482675814" lon="11.67055413493772">
    <tag k="mgrs_code" v="32UPU981491"/>
    <tag k="local_x" v="98181.1266"/>
    <tag k="local_y" v="49195.2272"/>
    <tag k="ele" v="520.4579"/>
  </node>
  <node id="33614" lat="48.26493532249889" lon="11.670562900165441">
    <tag k="mgrs_code" v="32UPU981491"/>
    <tag k="local_x" v="98181.7815"/>
    <tag k="local_y" v="49195.1209"/>
    <tag k="ele" v="520.4621"/>
  </node>
  <node id="33615" lat="48.264928659554535" lon="11.670618885604213">
    <tag k="mgrs_code" v="32UPU981491"/>
    <tag k="local_x" v="98185.9616"/>
    <tag k="local_y" v="49194.525"/>
    <tag k="ele" v="520.4521"/>
  </node>
  <node id="33616" lat="48.264922080954335" lon="11.670676506072809">
    <tag k="mgrs_code" v="32UPU981491"/>
    <tag k="local_x" v="98190.2627"/>
    <tag k="local_y" v="49193.9427"/>
    <tag k="ele" v="520.4377"/>
  </node>
  <node id="33617" lat="48.2649176350026" lon="11.670713444946047">
    <tag k="mgrs_code" v="32UPU981491"/>
    <tag k="local_x" v="98193.0209"/>
    <tag k="local_y" v="49193.544"/>
    <tag k="ele" v="520.4378"/>
  </node>
  <node id="33618" lat="48.264916468354585" lon="11.670721558918656">
    <tag k="mgrs_code" v="32UPU981491"/>
    <tag k="local_x" v="98193.6275"/>
    <tag k="local_y" v="49193.4353"/>
    <tag k="ele" v="520.4455"/>
  </node>
  <node id="33619" lat="48.26491499801144" lon="11.670729925238437">
    <tag k="mgrs_code" v="32UPU981491"/>
    <tag k="local_x" v="98194.254"/>
    <tag k="local_y" v="49193.2935"/>
    <tag k="ele" v="520.4564"/>
  </node>
  <node id="33620" lat="48.264912986119896" lon="11.670739563798257">
    <tag k="mgrs_code" v="32UPU981491"/>
    <tag k="local_x" v="98194.977"/>
    <tag k="local_y" v="49193.0948"/>
    <tag k="ele" v="520.4637"/>
  </node>
  <node id="33621" lat="48.26491017514224" lon="11.670748818395547">
    <tag k="mgrs_code" v="32UPU981491"/>
    <tag k="local_x" v="98195.6746"/>
    <tag k="local_y" v="49192.8063"/>
    <tag k="ele" v="520.4667"/>
  </node>
  <node id="33622" lat="48.264908185106606" lon="11.67075329662562">
    <tag k="mgrs_code" v="32UPU981491"/>
    <tag k="local_x" v="98196.0146"/>
    <tag k="local_y" v="49192.5967"/>
    <tag k="ele" v="520.4662"/>
  </node>
  <node id="33623" lat="48.264905952709334" lon="11.670757440133306">
    <tag k="mgrs_code" v="32UPU981491"/>
    <tag k="local_x" v="98196.3307"/>
    <tag k="local_y" v="49192.3593"/>
    <tag k="ele" v="520.4656"/>
  </node>
  <node id="33624" lat="48.264903478123976" lon="11.670761164026246">
    <tag k="mgrs_code" v="32UPU981491"/>
    <tag k="local_x" v="98196.6166"/>
    <tag k="local_y" v="49192.0939"/>
    <tag k="ele" v="520.4647"/>
  </node>
  <node id="33625" lat="48.26490076883874" lon="11.670764378402835">
    <tag k="mgrs_code" v="32UPU981491"/>
    <tag k="local_x" v="98196.8656"/>
    <tag k="local_y" v="49191.8011"/>
    <tag k="ele" v="520.4636"/>
  </node>
  <node id="33626" lat="48.26489659391845" lon="11.670768284522477">
    <tag k="mgrs_code" v="32UPU981491"/>
    <tag k="local_x" v="98197.1716"/>
    <tag k="local_y" v="49191.3472"/>
    <tag k="ele" v="520.4614"/>
  </node>
  <node id="33627" lat="48.26489228591664" lon="11.670771528749517">
    <tag k="mgrs_code" v="32UPU981491"/>
    <tag k="local_x" v="98197.429"/>
    <tag k="local_y" v="49190.8768"/>
    <tag k="ele" v="520.4581"/>
  </node>
  <node id="33628" lat="48.26488790451431" lon="11.670774137105525">
    <tag k="mgrs_code" v="32UPU981491"/>
    <tag k="local_x" v="98197.6395"/>
    <tag k="local_y" v="49190.3966"/>
    <tag k="ele" v="520.4539"/>
  </node>
  <node id="33629" lat="48.26488350375005" lon="11.670776146099033">
    <tag k="mgrs_code" v="32UPU981491"/>
    <tag k="local_x" v="98197.8056"/>
    <tag k="local_y" v="49189.9127"/>
    <tag k="ele" v="520.4489"/>
  </node>
  <node id="33630" lat="48.264874794332215" lon="11.670778562499542">
    <tag k="mgrs_code" v="32UPU981491"/>
    <tag k="local_x" v="98198.0186"/>
    <tag k="local_y" v="49188.951"/>
    <tag k="ele" v="520.4372"/>
  </node>
  <node id="33631" lat="48.2648663839476" lon="11.670779223689989">
    <tag k="mgrs_code" v="32UPU981491"/>
    <tag k="local_x" v="98198.1002"/>
    <tag k="local_y" v="49188.018"/>
    <tag k="ele" v="520.4244"/>
  </node>
  <node id="33632" lat="48.26485837959542" lon="11.67077859749044">
    <tag k="mgrs_code" v="32UPU981491"/>
    <tag k="local_x" v="98198.0847"/>
    <tag k="local_y" v="49187.1268"/>
    <tag k="ele" v="520.4117"/>
  </node>
  <node id="33633" lat="48.2648508093458" lon="11.670777140867283">
    <tag k="mgrs_code" v="32UPU981491"/>
    <tag k="local_x" v="98198.0059"/>
    <tag k="local_y" v="49186.2817"/>
    <tag k="ele" v="520.4006"/>
  </node>
  <node id="33634" lat="48.264836843453814" lon="11.670773398071704">
    <tag k="mgrs_code" v="32UPU981491"/>
    <tag k="local_x" v="98197.7822"/>
    <tag k="local_y" v="49184.7199"/>
    <tag k="ele" v="520.3882"/>
  </node>
  <node id="33635" lat="48.264829244468366" lon="11.670771125977582">
    <tag k="mgrs_code" v="32UPU981491"/>
    <tag k="local_x" v="98197.643"/>
    <tag k="local_y" v="49183.8695"/>
    <tag k="ele" v="520.3864"/>
  </node>
  <node id="33636" lat="48.264881500379126" lon="11.670539107504663">
    <tag k="mgrs_code" v="32UPU981491"/>
    <tag k="local_x" v="98180.2242"/>
    <tag k="local_y" v="49189.0778"/>
    <tag k="ele" v="520.5753"/>
  </node>
  <node id="33637" lat="48.26487965212296" lon="11.67055537286055">
    <tag k="mgrs_code" v="32UPU981491"/>
    <tag k="local_x" v="98181.4383"/>
    <tag k="local_y" v="49188.9144"/>
    <tag k="ele" v="520.5769"/>
  </node>
  <node id="33638" lat="48.26487411040511" lon="11.67060504369922">
    <tag k="mgrs_code" v="32UPU981491"/>
    <tag k="local_x" v="98185.1455"/>
    <tag k="local_y" v="49188.4268"/>
    <tag k="ele" v="520.5786"/>
  </node>
  <node id="33639" lat="48.264868452314566" lon="11.67065364247672">
    <tag k="mgrs_code" v="32UPU981491"/>
    <tag k="local_x" v="98188.7736"/>
    <tag k="local_y" v="49187.9235"/>
    <tag k="ele" v="520.5758"/>
  </node>
  <node id="33640" lat="48.264867531627736" lon="11.670659807101092">
    <tag k="mgrs_code" v="32UPU981491"/>
    <tag k="local_x" v="98189.2346"/>
    <tag k="local_y" v="49187.8371"/>
    <tag k="ele" v="520.5708"/>
  </node>
  <node id="33641" lat="48.264866302023286" lon="11.670665016314711">
    <tag k="mgrs_code" v="32UPU981491"/>
    <tag k="local_x" v="98189.6259"/>
    <tag k="local_y" v="49187.7139"/>
    <tag k="ele" v="520.5657"/>
  </node>
  <node id="33642" lat="48.264865336667754" lon="11.670667953706095">
    <tag k="mgrs_code" v="32UPU981491"/>
    <tag k="local_x" v="98189.8476"/>
    <tag k="local_y" v="49187.6142"/>
    <tag k="ele" v="520.5674"/>
  </node>
  <node id="33643" lat="48.264862929386574" lon="11.670673001796933">
    <tag k="mgrs_code" v="32UPU981491"/>
    <tag k="local_x" v="98190.2315"/>
    <tag k="local_y" v="49187.3597"/>
    <tag k="ele" v="520.5771"/>
  </node>
  <node id="33644" lat="48.264861523295004" lon="11.6706749256949">
    <tag k="mgrs_code" v="32UPU981491"/>
    <tag k="local_x" v="98190.3797"/>
    <tag k="local_y" v="49187.2084"/>
    <tag k="ele" v="520.5791"/>
  </node>
  <node id="33645" lat="48.26486169893629" lon="11.67067468553831">
    <tag k="mgrs_code" v="32UPU981491"/>
    <tag k="local_x" v="98190.3612"/>
    <tag k="local_y" v="49187.2273"/>
    <tag k="ele" v="520.5789"/>
  </node>
  <node id="33646" lat="48.2648618745776" lon="11.670674445381719">
    <tag k="mgrs_code" v="32UPU981491"/>
    <tag k="local_x" v="98190.3427"/>
    <tag k="local_y" v="49187.2462"/>
    <tag k="ele" v="520.5786"/>
  </node>
  <node id="33647" lat="48.26486205111759" lon="11.670674205271968">
    <tag k="mgrs_code" v="32UPU981491"/>
    <tag k="local_x" v="98190.3242"/>
    <tag k="local_y" v="49187.2652"/>
    <tag k="ele" v="520.5784"/>
  </node>
  <node id="33648" lat="48.26486222679016" lon="11.670673963769351">
    <tag k="mgrs_code" v="32UPU981491"/>
    <tag k="local_x" v="98190.3056"/>
    <tag k="local_y" v="49187.2841"/>
    <tag k="ele" v="520.5781"/>
  </node>
  <node id="33649" lat="48.26486240243143" lon="11.67067372361275">
    <tag k="mgrs_code" v="32UPU981491"/>
    <tag k="local_x" v="98190.2871"/>
    <tag k="local_y" v="49187.303"/>
    <tag k="ele" v="520.5779"/>
  </node>
  <node id="33650" lat="48.26486257807272" lon="11.670673483456147">
    <tag k="mgrs_code" v="32UPU981491"/>
    <tag k="local_x" v="98190.2686"/>
    <tag k="local_y" v="49187.3219"/>
    <tag k="ele" v="520.5776"/>
  </node>
  <node id="33651" lat="48.26486275371403" lon="11.670673243299541">
    <tag k="mgrs_code" v="32UPU981491"/>
    <tag k="local_x" v="98190.2501"/>
    <tag k="local_y" v="49187.3408"/>
    <tag k="ele" v="520.5774"/>
  </node>
  <node id="33652" lat="48.264861347653714" lon="11.670675165851488">
    <tag k="mgrs_code" v="32UPU981491"/>
    <tag k="local_x" v="98190.3982"/>
    <tag k="local_y" v="49187.1895"/>
    <tag k="ele" v="520.5794"/>
  </node>
  <node id="33653" lat="48.26485980083871" lon="11.67067679536546">
    <tag k="mgrs_code" v="32UPU981491"/>
    <tag k="local_x" v="98190.5251"/>
    <tag k="local_y" v="49187.0218"/>
    <tag k="ele" v="520.5792"/>
  </node>
  <node id="33654" lat="48.26485383001179" lon="11.670680892213321">
    <tag k="mgrs_code" v="32UPU981491"/>
    <tag k="local_x" v="98190.8522"/>
    <tag k="local_y" v="49186.3688"/>
    <tag k="ele" v="520.5777"/>
  </node>
  <node id="33655" lat="48.2648516863689" lon="11.6706814879675">
    <tag k="mgrs_code" v="32UPU981491"/>
    <tag k="local_x" v="98190.9047"/>
    <tag k="local_y" v="49186.1321"/>
    <tag k="ele" v="520.5773"/>
  </node>
  <node id="33656" lat="48.264844302316796" lon="11.670680691976298">
    <tag k="mgrs_code" v="32UPU981491"/>
    <tag k="local_x" v="98190.8742"/>
    <tag k="local_y" v="49185.3094"/>
    <tag k="ele" v="520.5759"/>
  </node>
  <node id="33657" lat="48.26483498475031" lon="11.670678419243249">
    <tag k="mgrs_code" v="32UPU981491"/>
    <tag k="local_x" v="98190.7416"/>
    <tag k="local_y" v="49184.268"/>
    <tag k="ele" v="520.5744"/>
  </node>
  <node id="33658" lat="48.26482707333422" lon="11.6706762332957">
    <tag k="mgrs_code" v="32UPU981491"/>
    <tag k="local_x" v="98190.61"/>
    <tag k="local_y" v="49183.3831"/>
    <tag k="ele" v="520.5734"/>
  </node>
  <node id="33663" lat="48.265294454134704" lon="11.667487764836393">
    <tag k="mgrs_code" v="32UPU979492"/>
    <tag k="local_x" v="97952.2075"/>
    <tag k="local_y" v="49227.0959"/>
    <tag k="ele" v="520.5877"/>
  </node>
  <node id="33664" lat="48.26529609202847" lon="11.66750011779706">
    <tag k="mgrs_code" v="32UPU979492"/>
    <tag k="local_x" v="97953.1178"/>
    <tag k="local_y" v="49227.3098"/>
    <tag k="ele" v="520.5611"/>
  </node>
  <node id="33665" lat="48.26529705377366" lon="11.667512837149566">
    <tag k="mgrs_code" v="32UPU979492"/>
    <tag k="local_x" v="97954.0579"/>
    <tag k="local_y" v="49227.4495"/>
    <tag k="ele" v="520.5513"/>
  </node>
  <node id="33666" lat="48.265297160244806" lon="11.667517785879594">
    <tag k="mgrs_code" v="32UPU979492"/>
    <tag k="local_x" v="97954.4247"/>
    <tag k="local_y" v="49227.4741"/>
    <tag k="ele" v="520.554"/>
  </node>
  <node id="33667" lat="48.26529641160759" lon="11.66753236082851">
    <tag k="mgrs_code" v="32UPU979492"/>
    <tag k="local_x" v="97955.5091"/>
    <tag k="local_y" v="49227.4285"/>
    <tag k="ele" v="520.5781"/>
  </node>
  <node id="33668" lat="48.26529410371247" lon="11.667549839628698">
    <tag k="mgrs_code" v="32UPU979492"/>
    <tag k="local_x" v="97956.815"/>
    <tag k="local_y" v="49227.2171"/>
    <tag k="ele" v="520.6046"/>
  </node>
  <node id="33669" lat="48.26529293580057" lon="11.667557126206644">
    <tag k="mgrs_code" v="32UPU979492"/>
    <tag k="local_x" v="97957.3602"/>
    <tag k="local_y" v="49227.1061"/>
    <tag k="ele" v="520.6049"/>
  </node>
  <node id="33670" lat="48.26529100733328" lon="11.667576283721772">
    <tag k="mgrs_code" v="32UPU979492"/>
    <tag k="local_x" v="97958.7892"/>
    <tag k="local_y" v="49226.9412"/>
    <tag k="ele" v="520.6027"/>
  </node>
  <node id="33671" lat="48.26529021946316" lon="11.667583013294372">
    <tag k="mgrs_code" v="32UPU979492"/>
    <tag k="local_x" v="97959.2916"/>
    <tag k="local_y" v="49226.871"/>
    <tag k="ele" v="520.6023"/>
  </node>
  <node id="33672" lat="48.26527961656246" lon="11.667673819768469">
    <tag k="mgrs_code" v="32UPU979492"/>
    <tag k="local_x" v="97966.0707"/>
    <tag k="local_y" v="49225.9269"/>
    <tag k="ele" v="520.5753"/>
  </node>
  <node id="33673" lat="48.26527551256542" lon="11.66770986864039">
    <tag k="mgrs_code" v="32UPU979492"/>
    <tag k="local_x" v="97968.7615"/>
    <tag k="local_y" v="49225.5638"/>
    <tag k="ele" v="520.562"/>
  </node>
  <node id="33674" lat="48.265274156079656" lon="11.66772275835793">
    <tag k="mgrs_code" v="32UPU979492"/>
    <tag k="local_x" v="97969.7232"/>
    <tag k="local_y" v="49225.4463"/>
    <tag k="ele" v="520.5514"/>
  </node>
  <node id="33675" lat="48.265273204947434" lon="11.667729155987699">
    <tag k="mgrs_code" v="32UPU979492"/>
    <tag k="local_x" v="97970.2016"/>
    <tag k="local_y" v="49225.3571"/>
    <tag k="ele" v="520.5446"/>
  </node>
  <node id="33676" lat="48.265271545591276" lon="11.667735441266379">
    <tag k="mgrs_code" v="32UPU979492"/>
    <tag k="local_x" v="97970.6744"/>
    <tag k="local_y" v="49225.1889"/>
    <tag k="ele" v="520.5371"/>
  </node>
  <node id="33677" lat="48.265236435002734" lon="11.66755241722781">
    <tag k="mgrs_code" v="32UPU979492"/>
    <tag k="local_x" v="97957.2291"/>
    <tag k="local_y" v="49220.8146"/>
    <tag k="ele" v="520.7573"/>
  </node>
  <node id="33678" lat="48.265236684791155" lon="11.667555300729553">
    <tag k="mgrs_code" v="32UPU979492"/>
    <tag k="local_x" v="97957.4421"/>
    <tag k="local_y" v="49220.8498"/>
    <tag k="ele" v="520.7459"/>
  </node>
  <node id="33679" lat="48.26523632715594" lon="11.667556985535644">
    <tag k="mgrs_code" v="32UPU979492"/>
    <tag k="local_x" v="97957.5685"/>
    <tag k="local_y" v="49220.8144"/>
    <tag k="ele" v="520.7348"/>
  </node>
  <node id="33680" lat="48.265234996418165" lon="11.667558921542161">
    <tag k="mgrs_code" v="32UPU979492"/>
    <tag k="local_x" v="97957.7173"/>
    <tag k="local_y" v="49220.6715"/>
    <tag k="ele" v="520.7147"/>
  </node>
  <node id="33681" lat="48.26523245503343" lon="11.667589287865585">
    <tag k="mgrs_code" v="32UPU979492"/>
    <tag k="local_x" v="97959.9804"/>
    <tag k="local_y" v="49220.4674"/>
    <tag k="ele" v="520.6926"/>
  </node>
  <node id="33682" lat="48.26522929727629" lon="11.667616592571893">
    <tag k="mgrs_code" v="32UPU979492"/>
    <tag k="local_x" v="97962.0187"/>
    <tag k="local_y" v="49220.1869"/>
    <tag k="ele" v="520.6891"/>
  </node>
  <node id="33683" lat="48.265229928809475" lon="11.667611132438532">
    <tag k="mgrs_code" v="32UPU979492"/>
    <tag k="local_x" v="97961.6111"/>
    <tag k="local_y" v="49220.243"/>
    <tag k="ele" v="520.6898"/>
  </node>
  <node id="33684" lat="48.26523056037366" lon="11.667605670959023">
    <tag k="mgrs_code" v="32UPU979492"/>
    <tag k="local_x" v="97961.2034"/>
    <tag k="local_y" v="49220.2991"/>
    <tag k="ele" v="520.6905"/>
  </node>
  <node id="33685" lat="48.26523119190634" lon="11.667600210825352">
    <tag k="mgrs_code" v="32UPU979492"/>
    <tag k="local_x" v="97960.7958"/>
    <tag k="local_y" v="49220.3552"/>
    <tag k="ele" v="520.6912"/>
  </node>
  <node id="33686" lat="48.26523182347001" lon="11.667594749345552">
    <tag k="mgrs_code" v="32UPU979492"/>
    <tag k="local_x" v="97960.3881"/>
    <tag k="local_y" v="49220.4113"/>
    <tag k="ele" v="520.6919"/>
  </node>
  <node id="33687" lat="48.2652286657116" lon="11.667622054051133">
    <tag k="mgrs_code" v="32UPU979492"/>
    <tag k="local_x" v="97962.4264"/>
    <tag k="local_y" v="49220.1308"/>
    <tag k="ele" v="520.6884"/>
  </node>
  <node id="33688" lat="48.265224505698725" lon="11.667655361550214">
    <tag k="mgrs_code" v="32UPU979492"/>
    <tag k="local_x" v="97964.914"/>
    <tag k="local_y" v="49219.7544"/>
    <tag k="ele" v="520.6861"/>
  </node>
  <node id="33689" lat="48.26522009539337" lon="11.66769065187861">
    <tag k="mgrs_code" v="32UPU979492"/>
    <tag k="local_x" v="97967.5497"/>
    <tag k="local_y" v="49219.3553"/>
    <tag k="ele" v="520.6863"/>
  </node>
  <node id="33690" lat="48.265215829924465" lon="11.667726911965358">
    <tag k="mgrs_code" v="32UPU979492"/>
    <tag k="local_x" v="97970.2568"/>
    <tag k="local_y" v="49218.9748"/>
    <tag k="ele" v="520.6945"/>
  </node>
  <node id="33695" lat="48.26446402247306" lon="11.668323110292143">
    <tag k="mgrs_code" v="32UPU980491"/>
    <tag k="local_x" v="98017.4025"/>
    <tag k="local_y" v="49136.9593"/>
    <tag k="ele" v="520.3285"/>
  </node>
  <node id="33696" lat="48.26449055720306" lon="11.668095329222085">
    <tag k="mgrs_code" v="32UPU980491"/>
    <tag k="local_x" v="98000.3976"/>
    <tag k="local_y" v="49139.3205"/>
    <tag k="ele" v="520.4067"/>
  </node>
  <node id="33697" lat="48.2644772899096" lon="11.668209219115898">
    <tag k="mgrs_code" v="32UPU980491"/>
    <tag k="local_x" v="98008.9"/>
    <tag k="local_y" v="49138.1399"/>
    <tag k="ele" v="520.3676"/>
  </node>
  <node id="33698" lat="48.26450382441592" lon="11.667981437918733">
    <tag k="mgrs_code" v="32UPU979491"/>
    <tag k="local_x" v="97991.8951"/>
    <tag k="local_y" v="49140.5011"/>
    <tag k="ele" v="520.4458"/>
  </node>
  <node id="33699" lat="48.26449296588033" lon="11.668330668738125">
    <tag k="mgrs_code" v="32UPU980491"/>
    <tag k="local_x" v="98017.8515"/>
    <tag k="local_y" v="49140.1955"/>
    <tag k="ele" v="520.6527"/>
  </node>
  <node id="33700" lat="48.26451406030813" lon="11.668154824895565">
    <tag k="mgrs_code" v="32UPU980491"/>
    <tag k="local_x" v="98004.7216"/>
    <tag k="local_y" v="49142.0861"/>
    <tag k="ele" v="520.6475"/>
  </node>
  <node id="33701" lat="48.26453487399814" lon="11.667979202125697">
    <tag k="mgrs_code" v="32UPU979491"/>
    <tag k="local_x" v="97991.6092"/>
    <tag k="local_y" v="49143.9461"/>
    <tag k="ele" v="520.641"/>
  </node>
  <node id="33702" lat="48.26454235213127" lon="11.667916728617145">
    <tag k="mgrs_code" v="32UPU979491"/>
    <tag k="local_x" v="97986.9445"/>
    <tag k="local_y" v="49144.616"/>
    <tag k="ele" v="520.6384"/>
  </node>
  <node id="33707" lat="48.265270948270306" lon="11.667736675603672">
    <tag k="mgrs_code" v="32UPU979492"/>
    <tag k="local_x" v="97970.7683"/>
    <tag k="local_y" v="49225.1257"/>
    <tag k="ele" v="520.5484"/>
  </node>
  <node id="33708" lat="48.2652700685461" lon="11.667737865585789">
    <tag k="mgrs_code" v="32UPU979492"/>
    <tag k="local_x" v="97970.86"/>
    <tag k="local_y" v="49225.031"/>
    <tag k="ele" v="520.5594"/>
  </node>
  <node id="33709" lat="48.2652626598562" lon="11.667744680258268">
    <tag k="mgrs_code" v="32UPU979492"/>
    <tag k="local_x" v="97971.3943"/>
    <tag k="local_y" v="49224.2252"/>
    <tag k="ele" v="520.6033"/>
  </node>
  <node id="33710" lat="48.26525663971112" lon="11.667750324707166">
    <tag k="mgrs_code" v="32UPU979492"/>
    <tag k="local_x" v="97971.8364"/>
    <tag k="local_y" v="49223.5707"/>
    <tag k="ele" v="520.6107"/>
  </node>
  <node id="33711" lat="48.265254043873234" lon="11.667753190739704">
    <tag k="mgrs_code" v="32UPU979492"/>
    <tag k="local_x" v="97972.0591"/>
    <tag k="local_y" v="49223.2896"/>
    <tag k="ele" v="520.6134"/>
  </node>
  <node id="33712" lat="48.265252569716196" lon="11.667756227041473">
    <tag k="mgrs_code" v="32UPU979492"/>
    <tag k="local_x" v="97972.2901"/>
    <tag k="local_y" v="49223.1336"/>
    <tag k="ele" v="520.6169"/>
  </node>
  <node id="33713" lat="48.265251646745874" lon="11.667761527799543">
    <tag k="mgrs_code" v="32UPU979492"/>
    <tag k="local_x" v="97972.687"/>
    <tag k="local_y" v="49223.0447"/>
    <tag k="ele" v="520.6263"/>
  </node>
  <node id="33714" lat="48.26525100081759" lon="11.667766871285819">
    <tag k="mgrs_code" v="32UPU979492"/>
    <tag k="local_x" v="97973.086"/>
    <tag k="local_y" v="49222.9867"/>
    <tag k="ele" v="520.6341"/>
  </node>
  <node id="33715" lat="48.26523826381767" lon="11.667872855600297">
    <tag k="mgrs_code" v="32UPU979492"/>
    <tag k="local_x" v="97980.9996"/>
    <tag k="local_y" v="49221.8446"/>
    <tag k="ele" v="520.6773"/>
  </node>
  <node id="33716" lat="48.26523412040834" lon="11.667910793128087">
    <tag k="mgrs_code" v="32UPU979492"/>
    <tag k="local_x" v="97983.8307"/>
    <tag k="local_y" v="49221.482"/>
    <tag k="ele" v="520.6708"/>
  </node>
  <node id="33717" lat="48.26520588208952" lon="11.667815697229571">
    <tag k="mgrs_code" v="32UPU979492"/>
    <tag k="local_x" v="97976.8834"/>
    <tag k="local_y" v="49218.0983"/>
    <tag k="ele" v="520.7313"/>
  </node>
  <node id="33718" lat="48.26519662312368" lon="11.667891822136303">
    <tag k="mgrs_code" v="32UPU979492"/>
    <tag k="local_x" v="97982.5679"/>
    <tag k="local_y" v="49217.2657"/>
    <tag k="ele" v="520.7272"/>
  </node>
  <node id="33719" lat="48.26519777983485" lon="11.667882305984712">
    <tag k="mgrs_code" v="32UPU979492"/>
    <tag k="local_x" v="97981.8573"/>
    <tag k="local_y" v="49217.3697"/>
    <tag k="ele" v="520.7277"/>
  </node>
  <node id="33720" lat="48.265198937412684" lon="11.667872791225491">
    <tag k="mgrs_code" v="32UPU979492"/>
    <tag k="local_x" v="97981.1468"/>
    <tag k="local_y" v="49217.4738"/>
    <tag k="ele" v="520.7283"/>
  </node>
  <node id="33721" lat="48.26520009502096" lon="11.667863275119792">
    <tag k="mgrs_code" v="32UPU979492"/>
    <tag k="local_x" v="97980.4362"/>
    <tag k="local_y" v="49217.5779"/>
    <tag k="ele" v="520.7288"/>
  </node>
  <node id="33722" lat="48.26520125259722" lon="11.667853760359632">
    <tag k="mgrs_code" v="32UPU979492"/>
    <tag k="local_x" v="97979.7257"/>
    <tag k="local_y" v="49217.682"/>
    <tag k="ele" v="520.7293"/>
  </node>
  <node id="33723" lat="48.26520241020396" lon="11.667844244253015">
    <tag k="mgrs_code" v="32UPU979492"/>
    <tag k="local_x" v="97979.0151"/>
    <tag k="local_y" v="49217.7861"/>
    <tag k="ele" v="520.7298"/>
  </node>
  <node id="33724" lat="48.26520356691122" lon="11.667834728099107">
    <tag k="mgrs_code" v="32UPU979492"/>
    <tag k="local_x" v="97978.3045"/>
    <tag k="local_y" v="49217.8901"/>
    <tag k="ele" v="520.7303"/>
  </node>
  <node id="33725" lat="48.26520472448514" lon="11.66782521333759">
    <tag k="mgrs_code" v="32UPU979492"/>
    <tag k="local_x" v="97977.594"/>
    <tag k="local_y" v="49217.9942"/>
    <tag k="ele" v="520.7308"/>
  </node>
  <node id="33726" lat="48.265195465513074" lon="11.667901338240608">
    <tag k="mgrs_code" v="32UPU979492"/>
    <tag k="local_x" v="97983.2785"/>
    <tag k="local_y" v="49217.1616"/>
    <tag k="ele" v="520.7267"/>
  </node>
  <node id="33731" lat="48.264824736858095" lon="11.670770260274326">
    <tag k="mgrs_code" v="32UPU981491"/>
    <tag k="local_x" v="98197.5962"/>
    <tag k="local_y" v="49183.3663"/>
    <tag k="ele" v="520.3849"/>
  </node>
  <node id="33732" lat="48.26481856039867" lon="11.670768725384274">
    <tag k="mgrs_code" v="32UPU981491"/>
    <tag k="local_x" v="98197.5062"/>
    <tag k="local_y" v="49182.6759"/>
    <tag k="ele" v="520.3828"/>
  </node>
  <node id="33733" lat="48.264800830728035" lon="11.670763355174186">
    <tag k="mgrs_code" v="32UPU981491"/>
    <tag k="local_x" v="98197.1763"/>
    <tag k="local_y" v="49180.6916"/>
    <tag k="ele" v="520.3763"/>
  </node>
  <node id="33734" lat="48.26481212749804" lon="11.670671951596061">
    <tag k="mgrs_code" v="32UPU981491"/>
    <tag k="local_x" v="98190.3501"/>
    <tag k="local_y" v="49181.711"/>
    <tag k="ele" v="520.5719"/>
  </node>
  <node id="33735" lat="48.26481960088114" lon="11.670674091795968">
    <tag k="mgrs_code" v="32UPU981491"/>
    <tag k="local_x" v="98190.48"/>
    <tag k="local_y" v="49182.5471"/>
    <tag k="ele" v="520.5726"/>
  </node>
  <node id="33736" lat="48.26480465501356" lon="11.670669811443664">
    <tag k="mgrs_code" v="32UPU981491"/>
    <tag k="local_x" v="98190.2202"/>
    <tag k="local_y" v="49180.875"/>
    <tag k="ele" v="520.5712"/>
  </node>
  <node id="33741" lat="48.26404091675486" lon="11.668408186221065">
    <tag k="mgrs_code" v="32UPU980490"/>
    <tag k="local_x" v="98025.3509"/>
    <tag k="local_y" v="49090.156"/>
    <tag k="ele" v="520.5488"/>
  </node>
  <node id="33742" lat="48.26404199023188" lon="11.668413764677403">
    <tag k="mgrs_code" v="32UPU980490"/>
    <tag k="local_x" v="98025.7607"/>
    <tag k="local_y" v="49090.2897"/>
    <tag k="ele" v="520.549"/>
  </node>
  <node id="33743" lat="48.26404360938295" lon="11.668419015785995">
    <tag k="mgrs_code" v="32UPU980490"/>
    <tag k="local_x" v="98026.1441"/>
    <tag k="local_y" v="49090.4832"/>
    <tag k="ele" v="520.5486"/>
  </node>
  <node id="33744" lat="48.26404566883326" lon="11.668423827596229">
    <tag k="mgrs_code" v="32UPU980490"/>
    <tag k="local_x" v="98026.4932"/>
    <tag k="local_y" v="49090.7245"/>
    <tag k="ele" v="520.5478"/>
  </node>
  <node id="33745" lat="48.26404805619826" lon="11.668428118787613">
    <tag k="mgrs_code" v="32UPU980490"/>
    <tag k="local_x" v="98026.8024"/>
    <tag k="local_y" v="49091.0009"/>
    <tag k="ele" v="520.5467"/>
  </node>
  <node id="33746" lat="48.264050288085244" lon="11.668431317047647">
    <tag k="mgrs_code" v="32UPU980490"/>
    <tag k="local_x" v="98027.0311"/>
    <tag k="local_y" v="49091.2572"/>
    <tag k="ele" v="520.5458"/>
  </node>
  <node id="33747" lat="48.26404991624868" lon="11.668430784236419">
    <tag k="mgrs_code" v="32UPU980490"/>
    <tag k="local_x" v="98026.993"/>
    <tag k="local_y" v="49091.2145"/>
    <tag k="ele" v="520.5459"/>
  </node>
  <node id="33748" lat="48.264049544412075" lon="11.668430251425201">
    <tag k="mgrs_code" v="32UPU980490"/>
    <tag k="local_x" v="98026.9549"/>
    <tag k="local_y" v="49091.1718"/>
    <tag k="ele" v="520.5461"/>
  </node>
  <node id="33749" lat="48.26404917257549" lon="11.66842971861399">
    <tag k="mgrs_code" v="32UPU980490"/>
    <tag k="local_x" v="98026.9168"/>
    <tag k="local_y" v="49091.1291"/>
    <tag k="ele" v="520.5462"/>
  </node>
  <node id="33750" lat="48.2640487998402" lon="11.668429185755976">
    <tag k="mgrs_code" v="32UPU980490"/>
    <tag k="local_x" v="98026.8787"/>
    <tag k="local_y" v="49091.0863"/>
    <tag k="ele" v="520.5464"/>
  </node>
  <node id="33751" lat="48.26404842800359" lon="11.66842865294479">
    <tag k="mgrs_code" v="32UPU980490"/>
    <tag k="local_x" v="98026.8406"/>
    <tag k="local_y" v="49091.0436"/>
    <tag k="ele" v="520.5465"/>
  </node>
  <node id="33752" lat="48.264050659921836" lon="11.668431849858875">
    <tag k="mgrs_code" v="32UPU980490"/>
    <tag k="local_x" v="98027.0692"/>
    <tag k="local_y" v="49091.2999"/>
    <tag k="ele" v="520.5456"/>
  </node>
  <node id="33753" lat="48.26405609206316" lon="11.668437656701965">
    <tag k="mgrs_code" v="32UPU980490"/>
    <tag k="local_x" v="98027.4791"/>
    <tag k="local_y" v="49091.9186"/>
    <tag k="ele" v="520.5442"/>
  </node>
  <node id="33754" lat="48.2640587447424" lon="11.66843986077679">
    <tag k="mgrs_code" v="32UPU980490"/>
    <tag k="local_x" v="98027.6324"/>
    <tag k="local_y" v="49092.2191"/>
    <tag k="ele" v="520.5443"/>
  </node>
  <node id="33755" lat="48.26406163934298" lon="11.668441682600877">
    <tag k="mgrs_code" v="32UPU980490"/>
    <tag k="local_x" v="98027.7564"/>
    <tag k="local_y" v="49092.5455"/>
    <tag k="ele" v="520.5455"/>
  </node>
  <node id="33756" lat="48.264064510059946" lon="11.668442828023881">
    <tag k="mgrs_code" v="32UPU980490"/>
    <tag k="local_x" v="98027.8303"/>
    <tag k="local_y" v="49092.8675"/>
    <tag k="ele" v="520.5479"/>
  </node>
  <node id="33757" lat="48.26400240744405" lon="11.668421253444711">
    <tag k="mgrs_code" v="32UPU980490"/>
    <tag k="local_x" v="98026.4694"/>
    <tag k="local_y" v="49085.9099"/>
    <tag k="ele" v="520.505"/>
  </node>
  <node id="33758" lat="48.26400263853309" lon="11.668429746038862">
    <tag k="mgrs_code" v="32UPU980490"/>
    <tag k="local_x" v="98027.0987"/>
    <tag k="local_y" v="49085.9575"/>
    <tag k="ele" v="520.4982"/>
  </node>
  <node id="33759" lat="48.264003311438266" lon="11.668438276470535">
    <tag k="mgrs_code" v="32UPU980490"/>
    <tag k="local_x" v="98027.7291"/>
    <tag k="local_y" v="49086.0543"/>
    <tag k="ele" v="520.4912"/>
  </node>
  <node id="33760" lat="48.26400443611549" lon="11.66844680348238">
    <tag k="mgrs_code" v="32UPU980490"/>
    <tag k="local_x" v="98028.3575"/>
    <tag k="local_y" v="49086.2013"/>
    <tag k="ele" v="520.4839"/>
  </node>
  <node id="33761" lat="48.264006020879606" lon="11.668455278993514">
    <tag k="mgrs_code" v="32UPU980490"/>
    <tag k="local_x" v="98028.9803"/>
    <tag k="local_y" v="49086.3993"/>
    <tag k="ele" v="520.4765"/>
  </node>
  <node id="33762" lat="48.26400807946889" lon="11.668463653857904">
    <tag k="mgrs_code" v="32UPU980490"/>
    <tag k="local_x" v="98029.5938"/>
    <tag k="local_y" v="49086.6497"/>
    <tag k="ele" v="520.4691"/>
  </node>
  <node id="33763" lat="48.264010622151865" lon="11.668471873358364">
    <tag k="mgrs_code" v="32UPU980490"/>
    <tag k="local_x" v="98030.1939"/>
    <tag k="local_y" v="49086.9535"/>
    <tag k="ele" v="520.4617"/>
  </node>
  <node id="33764" lat="48.26401366025208" lon="11.668479876094496">
    <tag k="mgrs_code" v="32UPU980490"/>
    <tag k="local_x" v="98030.776"/>
    <tag k="local_y" v="49087.3118"/>
    <tag k="ele" v="520.4546"/>
  </node>
  <node id="33765" lat="48.26401720351445" lon="11.668487591150374">
    <tag k="mgrs_code" v="32UPU980490"/>
    <tag k="local_x" v="98031.3348"/>
    <tag k="local_y" v="49087.7255"/>
    <tag k="ele" v="520.4478"/>
  </node>
  <node id="33766" lat="48.26402125384568" lon="11.668494936420773">
    <tag k="mgrs_code" v="32UPU980490"/>
    <tag k="local_x" v="98031.8642"/>
    <tag k="local_y" v="49088.1946"/>
    <tag k="ele" v="520.4413"/>
  </node>
  <node id="33767" lat="48.26402580797909" lon="11.668501820097644">
    <tag k="mgrs_code" v="32UPU980490"/>
    <tag k="local_x" v="98032.3574"/>
    <tag k="local_y" v="49088.7185"/>
    <tag k="ele" v="520.4353"/>
  </node>
  <node id="33768" lat="48.26403084935505" lon="11.668508141594739">
    <tag k="mgrs_code" v="32UPU980490"/>
    <tag k="local_x" v="98032.807"/>
    <tag k="local_y" v="49089.2951"/>
    <tag k="ele" v="520.4299"/>
  </node>
  <node id="33769" lat="48.26403634529987" lon="11.668513796791059">
    <tag k="mgrs_code" v="32UPU980490"/>
    <tag k="local_x" v="98033.2054"/>
    <tag k="local_y" v="49089.9205"/>
    <tag k="ele" v="520.4252"/>
  </node>
  <node id="33770" lat="48.26404224513457" lon="11.6685186819753">
    <tag k="mgrs_code" v="32UPU980490"/>
    <tag k="local_x" v="98033.5451"/>
    <tag k="local_y" v="49090.5888"/>
    <tag k="ele" v="520.4212"/>
  </node>
  <node id="33771" lat="48.264048478064986" lon="11.668522707211991">
    <tag k="mgrs_code" v="32UPU980490"/>
    <tag k="local_x" v="98033.8197"/>
    <tag k="local_y" v="49091.2919"/>
    <tag k="ele" v="520.4181"/>
  </node>
  <node id="33772" lat="48.26405495841761" lon="11.66852580335244">
    <tag k="mgrs_code" v="32UPU980490"/>
    <tag k="local_x" v="98034.0244"/>
    <tag k="local_y" v="49092.0201"/>
    <tag k="ele" v="520.416"/>
  </node>
  <node id="33777" lat="48.264394836598804" lon="11.668530233813525">
    <tag k="mgrs_code" v="32UPU980491"/>
    <tag k="local_x" v="98033.0394"/>
    <tag k="local_y" v="49129.8047"/>
    <tag k="ele" v="520.5595"/>
  </node>
  <node id="33778" lat="48.26439958640012" lon="11.66853492975656">
    <tag k="mgrs_code" v="32UPU980491"/>
    <tag k="local_x" v="98033.3695"/>
    <tag k="local_y" v="49130.3447"/>
    <tag k="ele" v="520.5577"/>
  </node>
  <node id="33779" lat="48.264403924426205" lon="11.668540773991737">
    <tag k="mgrs_code" v="32UPU980491"/>
    <tag k="local_x" v="98033.7864"/>
    <tag k="local_y" v="49130.8419"/>
    <tag k="ele" v="520.5549"/>
  </node>
  <node id="33780" lat="48.264407773669575" lon="11.668547440424584">
    <tag k="mgrs_code" v="32UPU980491"/>
    <tag k="local_x" v="98034.2662"/>
    <tag k="local_y" v="49131.2869"/>
    <tag k="ele" v="520.5512"/>
  </node>
  <node id="33781" lat="48.264411109591265" lon="11.668554590869794">
    <tag k="mgrs_code" v="32UPU980491"/>
    <tag k="local_x" v="98034.7839"/>
    <tag k="local_y" v="49131.6761"/>
    <tag k="ele" v="520.5467"/>
  </node>
  <node id="33782" lat="48.26441397021753" lon="11.668561905224864">
    <tag k="mgrs_code" v="32UPU980491"/>
    <tag k="local_x" v="98035.3156"/>
    <tag k="local_y" v="49132.0129"/>
    <tag k="ele" v="520.5414"/>
  </node>
  <node id="33783" lat="48.264418736939014" lon="11.668575946510158">
    <tag k="mgrs_code" v="32UPU980491"/>
    <tag k="local_x" v="98036.3391"/>
    <tag k="local_y" v="49132.5789"/>
    <tag k="ele" v="520.5291"/>
  </node>
  <node id="33784" lat="48.26442130212694" lon="11.668584242722623">
    <tag k="mgrs_code" v="32UPU980491"/>
    <tag k="local_x" v="98036.9448"/>
    <tag k="local_y" v="49132.8854"/>
    <tag k="ele" v="520.5204"/>
  </node>
  <node id="33785" lat="48.26442337946064" lon="11.668592429969436">
    <tag k="mgrs_code" v="32UPU980491"/>
    <tag k="local_x" v="98037.5443"/>
    <tag k="local_y" v="49133.1374"/>
    <tag k="ele" v="520.5108"/>
  </node>
  <node id="33786" lat="48.26442501013184" lon="11.668600478053012">
    <tag k="mgrs_code" v="32UPU980491"/>
    <tag k="local_x" v="98038.1352"/>
    <tag k="local_y" v="49133.3394"/>
    <tag k="ele" v="520.5005"/>
  </node>
  <node id="33787" lat="48.2644270997079" lon="11.668616119673331">
    <tag k="mgrs_code" v="32UPU980491"/>
    <tag k="local_x" v="98039.2878"/>
    <tag k="local_y" v="49133.612"/>
    <tag k="ele" v="520.4776"/>
  </node>
  <node id="33788" lat="48.26442782980606" lon="11.668631175681108">
    <tag k="mgrs_code" v="32UPU980491"/>
    <tag k="local_x" v="98040.4022"/>
    <tag k="local_y" v="49133.732"/>
    <tag k="ele" v="520.4519"/>
  </node>
  <node id="33789" lat="48.264427728249174" lon="11.668638493405306">
    <tag k="mgrs_code" v="32UPU980491"/>
    <tag k="local_x" v="98040.9456"/>
    <tag k="local_y" v="49133.7396"/>
    <tag k="ele" v="520.4379"/>
  </node>
  <node id="33790" lat="48.26442734203836" lon="11.668645863682277">
    <tag k="mgrs_code" v="32UPU980491"/>
    <tag k="local_x" v="98041.494"/>
    <tag k="local_y" v="49133.7157"/>
    <tag k="ele" v="520.4259"/>
  </node>
  <node id="33791" lat="48.264426770780766" lon="11.668653104380422">
    <tag k="mgrs_code" v="32UPU980491"/>
    <tag k="local_x" v="98042.0335"/>
    <tag k="local_y" v="49133.6709"/>
    <tag k="ele" v="520.4082"/>
  </node>
  <node id="33792" lat="48.26438225340412" lon="11.668612632625216">
    <tag k="mgrs_code" v="32UPU980491"/>
    <tag k="local_x" v="98039.2024"/>
    <tag k="local_y" v="49128.6189"/>
    <tag k="ele" v="520.5092"/>
  </node>
  <node id="33793" lat="48.264386119284474" lon="11.66861339058005">
    <tag k="mgrs_code" v="32UPU980491"/>
    <tag k="local_x" v="98039.2437"/>
    <tag k="local_y" v="49129.0505"/>
    <tag k="ele" v="520.5089"/>
  </node>
  <node id="33794" lat="48.26438991015947" lon="11.668615441045674">
    <tag k="mgrs_code" v="32UPU980491"/>
    <tag k="local_x" v="98039.3812"/>
    <tag k="local_y" v="49129.4771"/>
    <tag k="ele" v="520.5053"/>
  </node>
  <node id="33795" lat="48.2643935125588" lon="11.668619330638764">
    <tag k="mgrs_code" v="32UPU980491"/>
    <tag k="local_x" v="98039.6559"/>
    <tag k="local_y" v="49129.8875"/>
    <tag k="ele" v="520.5"/>
  </node>
  <node id="33796" lat="48.26439653851738" lon="11.668625221079154">
    <tag k="mgrs_code" v="32UPU980491"/>
    <tag k="local_x" v="98040.0813"/>
    <tag k="local_y" v="49130.239"/>
    <tag k="ele" v="520.4949"/>
  </node>
  <node id="33797" lat="48.26439750077706" lon="11.668628226554329">
    <tag k="mgrs_code" v="32UPU980491"/>
    <tag k="local_x" v="98040.3006"/>
    <tag k="local_y" v="49130.3537"/>
    <tag k="ele" v="520.4932"/>
  </node>
  <node id="33798" lat="48.26439730869711" lon="11.668627624939619">
    <tag k="mgrs_code" v="32UPU980491"/>
    <tag k="local_x" v="98040.2567"/>
    <tag k="local_y" v="49130.3308"/>
    <tag k="ele" v="520.4935"/>
  </node>
  <node id="33799" lat="48.2643971156872" lon="11.668627024624087">
    <tag k="mgrs_code" v="32UPU980491"/>
    <tag k="local_x" v="98040.2129"/>
    <tag k="local_y" v="49130.3078"/>
    <tag k="ele" v="520.4939"/>
  </node>
  <node id="33800" lat="48.264396923607265" lon="11.668626423009377">
    <tag k="mgrs_code" v="32UPU980491"/>
    <tag k="local_x" v="98040.169"/>
    <tag k="local_y" v="49130.2849"/>
    <tag k="ele" v="520.4942"/>
  </node>
  <node id="33801" lat="48.26439673149605" lon="11.668625822740665">
    <tag k="mgrs_code" v="32UPU980491"/>
    <tag k="local_x" v="98040.1252"/>
    <tag k="local_y" v="49130.262"/>
    <tag k="ele" v="520.4946"/>
  </node>
  <node id="33802" lat="48.264397692857" lon="11.668628828169059">
    <tag k="mgrs_code" v="32UPU980491"/>
    <tag k="local_x" v="98040.3445"/>
    <tag k="local_y" v="49130.3766"/>
    <tag k="ele" v="520.4929"/>
  </node>
  <node id="33803" lat="48.26439854227948" lon="11.668632779191674">
    <tag k="mgrs_code" v="32UPU980491"/>
    <tag k="local_x" v="98040.6344"/>
    <tag k="local_y" v="49130.4812"/>
    <tag k="ele" v="520.4915"/>
  </node>
  <node id="33804" lat="48.26439905094613" lon="11.668636990074692">
    <tag k="mgrs_code" v="32UPU980491"/>
    <tag k="local_x" v="98040.9449"/>
    <tag k="local_y" v="49130.5486"/>
    <tag k="ele" v="520.491"/>
  </node>
  <node id="33805" lat="48.26439919042669" lon="11.668641367698285">
    <tag k="mgrs_code" v="32UPU980491"/>
    <tag k="local_x" v="98041.2692"/>
    <tag k="local_y" v="49130.5754"/>
    <tag k="ele" v="520.4915"/>
  </node>
  <node id="33806" lat="48.26439894313785" lon="11.668645816812454">
    <tag k="mgrs_code" v="32UPU980491"/>
    <tag k="local_x" v="98041.6003"/>
    <tag k="local_y" v="49130.5594"/>
    <tag k="ele" v="520.4933"/>
  </node>
  <node id="33811" lat="48.26398565265835" lon="11.668837952004285">
    <tag k="mgrs_code" v="32UPU980490"/>
    <tag k="local_x" v="98057.4553"/>
    <tag k="local_y" v="49085.1233"/>
    <tag k="ele" v="520.4089"/>
  </node>
  <node id="33812" lat="48.26395740867076" lon="11.669074913015187">
    <tag k="mgrs_code" v="32UPU980490"/>
    <tag k="local_x" v="98075.1482"/>
    <tag k="local_y" v="49082.596"/>
    <tag k="ele" v="520.3768"/>
  </node>
  <node id="33813" lat="48.26394341615404" lon="11.669191588301112">
    <tag k="mgrs_code" v="32UPU980490"/>
    <tag k="local_x" v="98083.8602"/>
    <tag k="local_y" v="49081.3421"/>
    <tag k="ele" v="520.3777"/>
  </node>
  <node id="33814" lat="48.26392942438742" lon="11.669308264911356">
    <tag k="mgrs_code" v="32UPU980490"/>
    <tag k="local_x" v="98092.5723"/>
    <tag k="local_y" v="49080.0883"/>
    <tag k="ele" v="520.3786"/>
  </node>
  <node id="33815" lat="48.26395040317963" lon="11.668828318324469">
    <tag k="mgrs_code" v="32UPU980490"/>
    <tag k="local_x" v="98056.8767"/>
    <tag k="local_y" v="49081.1809"/>
    <tag k="ele" v="520.506"/>
  </node>
  <node id="33816" lat="48.26394511349706" lon="11.668872554510566">
    <tag k="mgrs_code" v="32UPU980490"/>
    <tag k="local_x" v="98060.1797"/>
    <tag k="local_y" v="49080.7072"/>
    <tag k="ele" v="520.5032"/>
  </node>
  <node id="33817" lat="48.26391562346988" lon="11.669120429417612">
    <tag k="mgrs_code" v="32UPU980490"/>
    <tag k="local_x" v="98078.6873"/>
    <tag k="local_y" v="49078.0696"/>
    <tag k="ele" v="520.4772"/>
  </node>
  <node id="33818" lat="48.26389437815198" lon="11.669298947417943">
    <tag k="mgrs_code" v="32UPU980490"/>
    <tag k="local_x" v="98092.0164"/>
    <tag k="local_y" v="49076.1693"/>
    <tag k="ele" v="520.4892"/>
  </node>
  <node id="33827" lat="48.26466547196752" lon="11.670728594847683">
    <tag k="mgrs_code" v="32UPU981491"/>
    <tag k="local_x" v="98195.1206"/>
    <tag k="local_y" v="49165.5584"/>
    <tag k="ele" v="520.3927"/>
  </node>
  <node id="33828" lat="48.264663877658975" lon="11.670728164038977">
    <tag k="mgrs_code" v="32UPU981491"/>
    <tag k="local_x" v="98195.0948"/>
    <tag k="local_y" v="49165.3801"/>
    <tag k="ele" v="520.3925"/>
  </node>
  <node id="33829" lat="48.26443279027505" lon="11.670667163817408">
    <tag k="mgrs_code" v="32UPU981491"/>
    <tag k="local_x" v="98191.4623"/>
    <tag k="local_y" v="49139.5401"/>
    <tag k="ele" v="520.3815"/>
  </node>
  <node id="33830" lat="48.264323353589226" lon="11.670638360249747">
    <tag k="mgrs_code" v="32UPU981491"/>
    <tag k="local_x" v="98189.7483"/>
    <tag k="local_y" v="49127.3032"/>
    <tag k="ele" v="520.4099"/>
  </node>
  <node id="33831" lat="48.264278553198174" lon="11.670625930992971">
    <tag k="mgrs_code" v="32UPU981491"/>
    <tag k="local_x" v="98188.9993"/>
    <tag k="local_y" v="49122.2921"/>
    <tag k="ele" v="520.4258"/>
  </node>
  <node id="33832" lat="48.26467504871407" lon="11.670635702987191">
    <tag k="mgrs_code" v="32UPU981491"/>
    <tag k="local_x" v="98188.1906"/>
    <tag k="local_y" v="49166.3828"/>
    <tag k="ele" v="520.55"/>
  </node>
  <node id="33833" lat="48.264627233038894" lon="11.670622968200131">
    <tag k="mgrs_code" v="32UPU981491"/>
    <tag k="local_x" v="98187.4306"/>
    <tag k="local_y" v="49161.0358"/>
    <tag k="ele" v="520.5449"/>
  </node>
  <node id="33834" lat="48.264373122897084" lon="11.670556811672899">
    <tag k="mgrs_code" v="32UPU981491"/>
    <tag k="local_x" v="98183.5045"/>
    <tag k="local_y" v="49132.6238"/>
    <tag k="ele" v="520.5239"/>
  </node>
  <node id="33835" lat="48.26445782658396" lon="11.670578863785675">
    <tag k="mgrs_code" v="32UPU981491"/>
    <tag k="local_x" v="98184.8132"/>
    <tag k="local_y" v="49142.0945"/>
    <tag k="ele" v="520.5309"/>
  </node>
  <node id="33836" lat="48.264542529365436" lon="11.670600915930192">
    <tag k="mgrs_code" v="32UPU981491"/>
    <tag k="local_x" v="98186.1219"/>
    <tag k="local_y" v="49151.5651"/>
    <tag k="ele" v="520.5379"/>
  </node>
  <node id="33845" lat="48.26494979325619" lon="11.670442896332286">
    <tag k="mgrs_code" v="32UPU981491"/>
    <tag k="local_x" v="98172.8208"/>
    <tag k="local_y" v="49196.4192"/>
    <tag k="ele" v="520.4249"/>
  </node>
  <node id="33846" lat="48.26494032721914" lon="11.670523210209772">
    <tag k="mgrs_code" v="32UPU981491"/>
    <tag k="local_x" v="98178.817"/>
    <tag k="local_y" v="49195.5746"/>
    <tag k="ele" v="520.4205"/>
  </node>
  <node id="33847" lat="48.26488882684452" lon="11.670476638156693">
    <tag k="mgrs_code" v="32UPU981491"/>
    <tag k="local_x" v="98175.5604"/>
    <tag k="local_y" v="49189.7307"/>
    <tag k="ele" v="520.5714"/>
  </node>
  <node id="33848" lat="48.26489615327627" lon="11.67041416878947">
    <tag k="mgrs_code" v="32UPU981491"/>
    <tag k="local_x" v="98170.8966"/>
    <tag k="local_y" v="49190.3836"/>
    <tag k="ele" v="520.5675"/>
  </node>
  <node id="33853" lat="48.26446402247306" lon="11.668323110292143">
    <tag k="mgrs_code" v="32UPU980491"/>
    <tag k="local_x" v="98017.4025"/>
    <tag k="local_y" v="49136.9593"/>
    <tag k="ele" v="520.3285"/>
  </node>
  <node id="33854" lat="48.26445367052549" lon="11.668410175083988">
    <tag k="mgrs_code" v="32UPU980491"/>
    <tag k="local_x" v="98023.9031"/>
    <tag k="local_y" v="49136.0335"/>
    <tag k="ele" v="520.2948"/>
  </node>
  <node id="33855" lat="48.26443379471967" lon="11.668315218127036">
    <tag k="mgrs_code" v="32UPU980491"/>
    <tag k="local_x" v="98016.9337"/>
    <tag k="local_y" v="49133.5795"/>
    <tag k="ele" v="520.5007"/>
  </node>
  <node id="33856" lat="48.26442370822353" lon="11.668402205057511">
    <tag k="mgrs_code" v="32UPU980491"/>
    <tag k="local_x" v="98023.4275"/>
    <tag k="local_y" v="49132.683"/>
    <tag k="ele" v="520.4961"/>
  </node>
  <node id="33861" lat="48.264223835504836" lon="11.670341923741644">
    <tag k="mgrs_code" v="32UPU981491"/>
    <tag k="local_x" v="98168.1363"/>
    <tag k="local_y" v="49115.4774"/>
    <tag k="ele" v="520.5188"/>
  </node>
  <node id="33862" lat="48.264252855003015" lon="11.67034988076251">
    <tag k="mgrs_code" v="32UPU981491"/>
    <tag k="local_x" v="98168.6145"/>
    <tag k="local_y" v="49118.7231"/>
    <tag k="ele" v="520.6102"/>
  </node>
  <node id="33867" lat="48.26432704259387" lon="11.66949185062974">
    <tag k="mgrs_code" v="32UPU981491"/>
    <tag k="local_x" v="98104.6578"/>
    <tag k="local_y" v="49124.7525"/>
    <tag k="ele" v="520.4847"/>
  </node>
  <node id="33868" lat="48.264330602862785" lon="11.669714717926865">
    <tag k="mgrs_code" v="32UPU981491"/>
    <tag k="local_x" v="98121.1818"/>
    <tag k="local_y" v="49125.7236"/>
    <tag k="ele" v="520.6052"/>
  </node>
  <node id="33873" lat="48.26520688665903" lon="11.668136066891675">
    <tag k="mgrs_code" v="32UPU980492"/>
    <tag k="local_x" v="98000.652"/>
    <tag k="local_y" v="49219.0366"/>
    <tag k="ele" v="520.5352"/>
  </node>
  <node id="33874" lat="48.26520361859038" lon="11.668162962859311">
    <tag k="mgrs_code" v="32UPU980492"/>
    <tag k="local_x" v="98002.6604"/>
    <tag k="local_y" v="49218.7428"/>
    <tag k="ele" v="520.5304"/>
  </node>
  <node id="33875" lat="48.26520281779124" lon="11.66816955023522">
    <tag k="mgrs_code" v="32UPU980492"/>
    <tag k="local_x" v="98003.1523"/>
    <tag k="local_y" v="49218.6708"/>
    <tag k="ele" v="520.5293"/>
  </node>
  <node id="33876" lat="48.265173267403824" lon="11.668412729200053">
    <tag k="mgrs_code" v="32UPU980492"/>
    <tag k="local_x" v="98021.3112"/>
    <tag k="local_y" v="49216.0142"/>
    <tag k="ele" v="520.4864"/>
  </node>
  <node id="33877" lat="48.2651730648717" lon="11.668414360085778">
    <tag k="mgrs_code" v="32UPU980492"/>
    <tag k="local_x" v="98021.433"/>
    <tag k="local_y" v="49215.9959"/>
    <tag k="ele" v="520.4862"/>
  </node>
  <node id="33878" lat="48.26516367070341" lon="11.668162964270818">
    <tag k="mgrs_code" v="32UPU980492"/>
    <tag k="local_x" v="98002.8149"/>
    <tag k="local_y" v="49214.3031"/>
    <tag k="ele" v="520.5779"/>
  </node>
  <node id="33879" lat="48.26515830434813" lon="11.668206212442465">
    <tag k="mgrs_code" v="32UPU980492"/>
    <tag k="local_x" v="98006.0448"/>
    <tag k="local_y" v="49213.8183"/>
    <tag k="ele" v="520.5677"/>
  </node>
  <node id="33880" lat="48.26515062323807" lon="11.668271569485835">
    <tag k="mgrs_code" v="32UPU980492"/>
    <tag k="local_x" v="98010.9242"/>
    <tag k="local_y" v="49213.1333"/>
    <tag k="ele" v="520.5769"/>
  </node>
  <node id="33881" lat="48.2651429429899" lon="11.668336926554927">
    <tag k="mgrs_code" v="32UPU980492"/>
    <tag k="local_x" v="98015.8036"/>
    <tag k="local_y" v="49212.4484"/>
    <tag k="ele" v="520.5861"/>
  </node>
  <node id="33882" lat="48.2651356297586" lon="11.66839941875741">
    <tag k="mgrs_code" v="32UPU980492"/>
    <tag k="local_x" v="98020.469"/>
    <tag k="local_y" v="49211.7969"/>
    <tag k="ele" v="520.5731"/>
  </node>
  <node id="33887" lat="48.265107155663415" lon="11.668966964516311">
    <tag k="mgrs_code" v="32UPU980492"/>
    <tag k="local_x" v="98062.6929"/>
    <tag k="local_y" v="49210.0972"/>
    <tag k="ele" v="520.4946"/>
  </node>
  <node id="33888" lat="48.265092826432436" lon="11.669087798556019">
    <tag k="mgrs_code" v="32UPU980492"/>
    <tag k="local_x" v="98071.7146"/>
    <tag k="local_y" v="49208.8166"/>
    <tag k="ele" v="520.4905"/>
  </node>
  <node id="33889" lat="48.26508443770018" lon="11.669157837975378">
    <tag k="mgrs_code" v="32UPU980492"/>
    <tag k="local_x" v="98076.9442"/>
    <tag k="local_y" v="49208.0651"/>
    <tag k="ele" v="520.4617"/>
  </node>
  <node id="33890" lat="48.26508370676551" lon="11.669163933027571">
    <tag k="mgrs_code" v="32UPU980492"/>
    <tag k="local_x" v="98077.3993"/>
    <tag k="local_y" v="49207.9996"/>
    <tag k="ele" v="520.4611"/>
  </node>
  <node id="33891" lat="48.265081826960866" lon="11.669179628144576">
    <tag k="mgrs_code" v="32UPU980492"/>
    <tag k="local_x" v="98078.5712"/>
    <tag k="local_y" v="49207.8312"/>
    <tag k="ele" v="520.4596"/>
  </node>
  <node id="33892" lat="48.26508010233811" lon="11.669194026824954">
    <tag k="mgrs_code" v="32UPU980492"/>
    <tag k="local_x" v="98079.6463"/>
    <tag k="local_y" v="49207.6767"/>
    <tag k="ele" v="520.4582"/>
  </node>
  <node id="33893" lat="48.26506623805834" lon="11.669309747742371">
    <tag k="mgrs_code" v="32UPU980492"/>
    <tag k="local_x" v="98088.2868"/>
    <tag k="local_y" v="49206.4346"/>
    <tag k="ele" v="520.5164"/>
  </node>
  <node id="33894" lat="48.26506964408536" lon="11.668954311165589">
    <tag k="mgrs_code" v="32UPU980492"/>
    <tag k="local_x" v="98061.899"/>
    <tag k="local_y" v="49205.8956"/>
    <tag k="ele" v="520.6258"/>
  </node>
  <node id="33895" lat="48.26506478801006" lon="11.668993358200566">
    <tag k="mgrs_code" v="32UPU980492"/>
    <tag k="local_x" v="98064.8152"/>
    <tag k="local_y" v="49205.4567"/>
    <tag k="ele" v="520.6275"/>
  </node>
  <node id="33896" lat="48.26505973899049" lon="11.66903234396493">
    <tag k="mgrs_code" v="32UPU980492"/>
    <tag k="local_x" v="98067.7276"/>
    <tag k="local_y" v="49204.9962"/>
    <tag k="ele" v="520.6288"/>
  </node>
  <node id="33897" lat="48.26505409374856" lon="11.669076931814134">
    <tag k="mgrs_code" v="32UPU980492"/>
    <tag k="local_x" v="98071.058"/>
    <tag k="local_y" v="49204.4839"/>
    <tag k="ele" v="520.6292"/>
  </node>
  <node id="33898" lat="48.26505691592232" lon="11.669054637867431">
    <tag k="mgrs_code" v="32UPU980492"/>
    <tag k="local_x" v="98069.3928"/>
    <tag k="local_y" v="49204.74"/>
    <tag k="ele" v="520.629"/>
  </node>
  <node id="33899" lat="48.26505127067182" lon="11.66909922571138">
    <tag k="mgrs_code" v="32UPU980492"/>
    <tag k="local_x" v="98072.7232"/>
    <tag k="local_y" v="49204.2277"/>
    <tag k="ele" v="520.6295"/>
  </node>
  <node id="33900" lat="48.265027537405004" lon="11.669299362269275">
    <tag k="mgrs_code" v="32UPU980492"/>
    <tag k="local_x" v="98087.6658"/>
    <tag k="local_y" v="49202.1067"/>
    <tag k="ele" v="520.6223"/>
  </node>
  <node id="33905" lat="48.26416987466195" lon="11.66769459818335">
    <tag k="mgrs_code" v="32UPU979491"/>
    <tag k="local_x" v="97971.9008"/>
    <tag k="local_y" v="49102.6467"/>
    <tag k="ele" v="520.5885"/>
  </node>
  <node id="33906" lat="48.26420806145868" lon="11.667705962155193">
    <tag k="mgrs_code" v="32UPU979491"/>
    <tag k="local_x" v="97972.5965"/>
    <tag k="local_y" v="49106.92"/>
    <tag k="ele" v="520.5839"/>
  </node>
  <node id="33907" lat="48.26424632323931" lon="11.667716731705008">
    <tag k="mgrs_code" v="32UPU979491"/>
    <tag k="local_x" v="97973.2478"/>
    <tag k="local_y" v="49111.2001"/>
    <tag k="ele" v="520.5792"/>
  </node>
  <node id="33908" lat="48.264323003112" lon="11.667736963713718">
    <tag k="mgrs_code" v="32UPU979491"/>
    <tag k="local_x" v="97974.4528"/>
    <tag k="local_y" v="49119.7743"/>
    <tag k="ele" v="520.5699"/>
  </node>
  <node id="33909" lat="48.264476569159335" lon="11.667775556032117">
    <tag k="mgrs_code" v="32UPU979491"/>
    <tag k="local_x" v="97976.7231"/>
    <tag k="local_y" v="49136.9408"/>
    <tag k="ele" v="520.5513"/>
  </node>
  <node id="33910" lat="48.26416626384924" lon="11.667723510696197">
    <tag k="mgrs_code" v="32UPU979491"/>
    <tag k="local_x" v="97974.0602"/>
    <tag k="local_y" v="49102.32"/>
    <tag k="ele" v="520.6353"/>
  </node>
  <node id="33911" lat="48.26424042677611" lon="11.66774390808424">
    <tag k="mgrs_code" v="32UPU979491"/>
    <tag k="local_x" v="97975.2872"/>
    <tag k="local_y" v="49110.6149"/>
    <tag k="ele" v="520.6349"/>
  </node>
  <node id="33912" lat="48.264314634289875" lon="11.667763508715822">
    <tag k="mgrs_code" v="32UPU979491"/>
    <tag k="local_x" v="97976.4549"/>
    <tag k="local_y" v="49118.9127"/>
    <tag k="ele" v="520.6297"/>
  </node>
  <node id="33913" lat="48.264463039593785" lon="11.667801461751825">
    <tag k="mgrs_code" v="32UPU979491"/>
    <tag k="local_x" v="97978.6977"/>
    <tag k="local_y" v="49135.504"/>
    <tag k="ele" v="520.605"/>
  </node>
  <node id="33914" lat="48.264473343026125" lon="11.667804021117337">
    <tag k="mgrs_code" v="32UPU979491"/>
    <tag k="local_x" v="97978.8478"/>
    <tag k="local_y" v="49136.6557"/>
    <tag k="ele" v="520.553"/>
  </node>
  <node id="33919" lat="48.26526833131007" lon="11.667448352290114">
    <tag k="mgrs_code" v="32UPU979492"/>
    <tag k="local_x" v="97949.3839"/>
    <tag k="local_y" v="49224.091"/>
    <tag k="ele" v="520.5042"/>
  </node>
  <node id="33920" lat="48.26527078440002" lon="11.667449581057356">
    <tag k="mgrs_code" v="32UPU979492"/>
    <tag k="local_x" v="97949.4656"/>
    <tag k="local_y" v="49224.3668"/>
    <tag k="ele" v="520.513"/>
  </node>
  <node id="33921" lat="48.26527559538411" lon="11.667453154880757">
    <tag k="mgrs_code" v="32UPU979492"/>
    <tag k="local_x" v="97949.7122"/>
    <tag k="local_y" v="49224.9107"/>
    <tag k="ele" v="520.5298"/>
  </node>
  <node id="33922" lat="48.26528040527432" lon="11.667458248798303">
    <tag k="mgrs_code" v="32UPU979492"/>
    <tag k="local_x" v="97950.0716"/>
    <tag k="local_y" v="49225.4584"/>
    <tag k="ele" v="520.5455"/>
  </node>
  <node id="33923" lat="48.2652853058555" lon="11.667464901281113">
    <tag k="mgrs_code" v="32UPU979492"/>
    <tag k="local_x" v="97950.5463"/>
    <tag k="local_y" v="49226.0202"/>
    <tag k="ele" v="520.5599"/>
  </node>
  <node id="33924" lat="48.265287935820886" lon="11.667469480087341">
    <tag k="mgrs_code" v="32UPU979492"/>
    <tag k="local_x" v="97950.8759"/>
    <tag k="local_y" v="49226.3243"/>
    <tag k="ele" v="520.5674"/>
  </node>
  <node id="33925" lat="48.265290334164405" lon="11.667474889115061">
    <tag k="mgrs_code" v="32UPU979492"/>
    <tag k="local_x" v="97951.268"/>
    <tag k="local_y" v="49226.6048"/>
    <tag k="ele" v="520.5746"/>
  </node>
  <node id="33926" lat="48.26529250787909" lon="11.667481020916334">
    <tag k="mgrs_code" v="32UPU979492"/>
    <tag k="local_x" v="97951.7146"/>
    <tag k="local_y" v="49226.8622"/>
    <tag k="ele" v="520.5813"/>
  </node>
  <node id="33927" lat="48.265217019641874" lon="11.667530622750379">
    <tag k="mgrs_code" v="32UPU979492"/>
    <tag k="local_x" v="97955.6869"/>
    <tag k="local_y" v="49218.6006"/>
    <tag k="ele" v="520.691"/>
  </node>
  <node id="33928" lat="48.265224937168476" lon="11.66753297430919">
    <tag k="mgrs_code" v="32UPU979492"/>
    <tag k="local_x" v="97955.8308"/>
    <tag k="local_y" v="49219.4866"/>
    <tag k="ele" v="520.6933"/>
  </node>
  <node id="33929" lat="48.26522776497877" lon="11.667535231981896">
    <tag k="mgrs_code" v="32UPU979492"/>
    <tag k="local_x" v="97955.9874"/>
    <tag k="local_y" v="49219.8067"/>
    <tag k="ele" v="520.6943"/>
  </node>
  <node id="33930" lat="48.26523097302325" lon="11.667539676475775">
    <tag k="mgrs_code" v="32UPU979492"/>
    <tag k="local_x" v="97956.3048"/>
    <tag k="local_y" v="49220.1747"/>
    <tag k="ele" v="520.6958"/>
  </node>
  <node id="33931" lat="48.265229369001034" lon="11.667537454228764">
    <tag k="mgrs_code" v="32UPU979492"/>
    <tag k="local_x" v="97956.1461"/>
    <tag k="local_y" v="49219.9907"/>
    <tag k="ele" v="520.6951"/>
  </node>
  <node id="33932" lat="48.265232576146715" lon="11.667541898676117">
    <tag k="mgrs_code" v="32UPU979492"/>
    <tag k="local_x" v="97956.4635"/>
    <tag k="local_y" v="49220.3586"/>
    <tag k="ele" v="520.6965"/>
  </node>
  <node id="33933" lat="48.265233882895295" lon="11.667544213255317">
    <tag k="mgrs_code" v="32UPU979492"/>
    <tag k="local_x" v="97956.6302"/>
    <tag k="local_y" v="49220.5098"/>
    <tag k="ele" v="520.7064"/>
  </node>
  <node id="33934" lat="48.26523607456999" lon="11.667550889090872">
    <tag k="mgrs_code" v="32UPU979492"/>
    <tag k="local_x" v="97957.1171"/>
    <tag k="local_y" v="49220.7706"/>
    <tag k="ele" v="520.7569"/>
  </node>
  <node id="33939" lat="48.26502154236712" lon="11.669687067729813">
    <tag k="mgrs_code" v="32UPU981492"/>
    <tag k="local_x" v="98116.4581"/>
    <tag k="local_y" v="49202.4414"/>
    <tag k="ele" v="520.4741"/>
  </node>
  <node id="33940" lat="48.265012054439325" lon="11.669767572078207">
    <tag k="mgrs_code" v="32UPU981492"/>
    <tag k="local_x" v="98122.4685"/>
    <tag k="local_y" v="49201.5948"/>
    <tag k="ele" v="520.4826"/>
  </node>
  <node id="33941" lat="48.26500237042236" lon="11.6698480324865">
    <tag k="mgrs_code" v="32UPU981492"/>
    <tag k="local_x" v="98128.4764"/>
    <tag k="local_y" v="49200.7263"/>
    <tag k="ele" v="520.4817"/>
  </node>
  <node id="33942" lat="48.26499750036945" lon="11.669887861641433">
    <tag k="mgrs_code" v="32UPU981492"/>
    <tag k="local_x" v="98131.4507"/>
    <tag k="local_y" v="49200.2879"/>
    <tag k="ele" v="520.4752"/>
  </node>
  <node id="33943" lat="48.26497324793989" lon="11.669760001372103">
    <tag k="mgrs_code" v="32UPU981491"/>
    <tag k="local_x" v="98122.0568"/>
    <tag k="local_y" v="49197.2624"/>
    <tag k="ele" v="520.6191"/>
  </node>
  <node id="33944" lat="48.26495920121969" lon="11.669879096324541">
    <tag k="mgrs_code" v="32UPU981491"/>
    <tag k="local_x" v="98130.9484"/>
    <tag k="local_y" v="49196.0088"/>
    <tag k="ele" v="520.6019"/>
  </node>
  <node id="33945" lat="48.26496388378334" lon="11.669839397581816">
    <tag k="mgrs_code" v="32UPU981491"/>
    <tag k="local_x" v="98127.9845"/>
    <tag k="local_y" v="49196.4267"/>
    <tag k="ele" v="520.6077"/>
  </node>
  <node id="33946" lat="48.26496856630213" lon="11.669799700177295">
    <tag k="mgrs_code" v="32UPU981491"/>
    <tag k="local_x" v="98125.0207"/>
    <tag k="local_y" v="49196.8446"/>
    <tag k="ele" v="520.6134"/>
  </node>
  <node id="33955" lat="48.26517191477501" lon="11.6684238994758">
    <tag k="mgrs_code" v="32UPU980492"/>
    <tag k="local_x" v="98022.1453"/>
    <tag k="local_y" v="49215.8927"/>
    <tag k="ele" v="520.4883"/>
  </node>
  <node id="33956" lat="48.26517076377885" lon="11.668433438818552">
    <tag k="mgrs_code" v="32UPU980492"/>
    <tag k="local_x" v="98022.8576"/>
    <tag k="local_y" v="49215.7894"/>
    <tag k="ele" v="520.4904"/>
  </node>
  <node id="33957" lat="48.26513474786047" lon="11.668406243125464">
    <tag k="mgrs_code" v="32UPU980492"/>
    <tag k="local_x" v="98020.9788"/>
    <tag k="local_y" v="49211.7165"/>
    <tag k="ele" v="520.5724"/>
  </node>
  <node id="33958" lat="48.26513323497679" lon="11.668418386132512">
    <tag k="mgrs_code" v="32UPU980492"/>
    <tag k="local_x" v="98021.8857"/>
    <tag k="local_y" v="49211.5797"/>
    <tag k="ele" v="520.5718"/>
  </node>
  <node id="33967" lat="48.26469757697118" lon="11.667293431868922">
    <tag k="mgrs_code" v="32UPU979491"/>
    <tag k="local_x" v="97940.0935"/>
    <tag k="local_y" v="49160.2592"/>
    <tag k="ele" v="520.5355"/>
  </node>
  <node id="33968" lat="48.26472213951325" lon="11.667299395166477">
    <tag k="mgrs_code" v="32UPU979491"/>
    <tag k="local_x" v="97940.4411"/>
    <tag k="local_y" v="49163.0044"/>
    <tag k="ele" v="520.5328"/>
  </node>
  <node id="33969" lat="48.26474447254288" lon="11.667305351542756">
    <tag k="mgrs_code" v="32UPU979491"/>
    <tag k="local_x" v="97940.7968"/>
    <tag k="local_y" v="49165.5018"/>
    <tag k="ele" v="520.5311"/>
  </node>
  <node id="33970" lat="48.26474199098837" lon="11.6673046900168">
    <tag k="mgrs_code" v="32UPU979491"/>
    <tag k="local_x" v="97940.7573"/>
    <tag k="local_y" v="49165.2243"/>
    <tag k="ele" v="520.5312"/>
  </node>
  <node id="33971" lat="48.26473950943385" lon="11.667304028490936">
    <tag k="mgrs_code" v="32UPU979491"/>
    <tag k="local_x" v="97940.7178"/>
    <tag k="local_y" v="49164.9468"/>
    <tag k="ele" v="520.5314"/>
  </node>
  <node id="33972" lat="48.264737027879335" lon="11.667303366965113">
    <tag k="mgrs_code" v="32UPU979491"/>
    <tag k="local_x" v="97940.6783"/>
    <tag k="local_y" v="49164.6693"/>
    <tag k="ele" v="520.5316"/>
  </node>
  <node id="33973" lat="48.264734546356046" lon="11.66730270409336">
    <tag k="mgrs_code" v="32UPU979491"/>
    <tag k="local_x" v="97940.6387"/>
    <tag k="local_y" v="49164.3918"/>
    <tag k="ele" v="520.5318"/>
  </node>
  <node id="33974" lat="48.26473206480151" lon="11.667302042567691">
    <tag k="mgrs_code" v="32UPU979491"/>
    <tag k="local_x" v="97940.5992"/>
    <tag k="local_y" v="49164.1143"/>
    <tag k="ele" v="520.532"/>
  </node>
  <node id="33975" lat="48.26472958414569" lon="11.667301381088885">
    <tag k="mgrs_code" v="32UPU979491"/>
    <tag k="local_x" v="97940.5597"/>
    <tag k="local_y" v="49163.8369"/>
    <tag k="ele" v="520.5322"/>
  </node>
  <node id="33976" lat="48.26472710262237" lon="11.667300718217348">
    <tag k="mgrs_code" v="32UPU979491"/>
    <tag k="local_x" v="97940.5201"/>
    <tag k="local_y" v="49163.5594"/>
    <tag k="ele" v="520.5324"/>
  </node>
  <node id="33977" lat="48.26472462106782" lon="11.667300056691868">
    <tag k="mgrs_code" v="32UPU979491"/>
    <tag k="local_x" v="97940.4806"/>
    <tag k="local_y" v="49163.2819"/>
    <tag k="ele" v="520.5326"/>
  </node>
  <node id="33978" lat="48.264746954066126" lon="11.66730601441479">
    <tag k="mgrs_code" v="32UPU979491"/>
    <tag k="local_x" v="97940.8364"/>
    <tag k="local_y" v="49165.7793"/>
    <tag k="ele" v="520.5309"/>
  </node>
  <node id="33979" lat="48.264848127180954" lon="11.667334926643237">
    <tag k="mgrs_code" v="32UPU979491"/>
    <tag k="local_x" v="97942.5909"/>
    <tag k="local_y" v="49177.098"/>
    <tag k="ele" v="520.5315"/>
  </node>
  <node id="33980" lat="48.26466846448207" lon="11.667362736963224">
    <tag k="mgrs_code" v="32UPU979491"/>
    <tag k="local_x" v="97945.3487"/>
    <tag k="local_y" v="49157.2025"/>
    <tag k="ele" v="520.678"/>
  </node>
  <node id="33981" lat="48.264669948457765" lon="11.667363618770297">
    <tag k="mgrs_code" v="32UPU979491"/>
    <tag k="local_x" v="97945.4084"/>
    <tag k="local_y" v="49157.3697"/>
    <tag k="ele" v="520.6743"/>
  </node>
  <node id="33982" lat="48.26467284877471" lon="11.667366280430798">
    <tag k="mgrs_code" v="32UPU979491"/>
    <tag k="local_x" v="97945.5947"/>
    <tag k="local_y" v="49157.6989"/>
    <tag k="ele" v="520.6664"/>
  </node>
  <node id="33983" lat="48.264678540640844" lon="11.667373537336351">
    <tag k="mgrs_code" v="32UPU979491"/>
    <tag k="local_x" v="97946.1112"/>
    <tag k="local_y" v="49158.3502"/>
    <tag k="ele" v="520.6495"/>
  </node>
  <node id="33984" lat="48.26468090333151" lon="11.667377575240046">
    <tag k="mgrs_code" v="32UPU979491"/>
    <tag k="local_x" v="97946.4017"/>
    <tag k="local_y" v="49158.6232"/>
    <tag k="ele" v="520.6405"/>
  </node>
  <node id="33985" lat="48.26468560613955" lon="11.66738670102883">
    <tag k="mgrs_code" v="32UPU979491"/>
    <tag k="local_x" v="97947.0607"/>
    <tag k="local_y" v="49159.1694"/>
    <tag k="ele" v="520.6215"/>
  </node>
  <node id="33986" lat="48.26468683868974" lon="11.66738825838703">
    <tag k="mgrs_code" v="32UPU979491"/>
    <tag k="local_x" v="97947.1715"/>
    <tag k="local_y" v="49159.3104"/>
    <tag k="ele" v="520.6187"/>
  </node>
  <node id="33987" lat="48.26468811154947" lon="11.667389203322458">
    <tag k="mgrs_code" v="32UPU979491"/>
    <tag k="local_x" v="97947.2367"/>
    <tag k="local_y" v="49159.4543"/>
    <tag k="ele" v="520.6174"/>
  </node>
  <node id="33988" lat="48.26469399734569" lon="11.667390896509772">
    <tag k="mgrs_code" v="32UPU979491"/>
    <tag k="local_x" v="97947.3396"/>
    <tag k="local_y" v="49160.1128"/>
    <tag k="ele" v="520.6216"/>
  </node>
  <node id="33989" lat="48.26470831354462" lon="11.66739451510739">
    <tag k="mgrs_code" v="32UPU979491"/>
    <tag k="local_x" v="97947.5528"/>
    <tag k="local_y" v="49161.7132"/>
    <tag k="ele" v="520.6427"/>
  </node>
  <node id="33990" lat="48.264751044055046" lon="11.667403447260606">
    <tag k="mgrs_code" v="32UPU979491"/>
    <tag k="local_x" v="97948.0505"/>
    <tag k="local_y" v="49166.4852"/>
    <tag k="ele" v="520.7133"/>
  </node>
  <node id="33991" lat="48.264773407198895" lon="11.667408920104728">
    <tag k="mgrs_code" v="32UPU979491"/>
    <tag k="local_x" v="97948.3702"/>
    <tag k="local_y" v="49168.9847"/>
    <tag k="ele" v="520.7109"/>
  </node>
  <node id="33992" lat="48.26483959490749" lon="11.667427166281616">
    <tag k="mgrs_code" v="32UPU979491"/>
    <tag k="local_x" v="97949.4684"/>
    <tag k="local_y" v="49176.3877"/>
    <tag k="ele" v="520.7009"/>
  </node>
  <node id="33997" lat="48.26415263494942" lon="11.66761831045168">
    <tag k="mgrs_code" v="32UPU979491"/>
    <tag k="local_x" v="97966.3065"/>
    <tag k="local_y" v="49100.5339"/>
    <tag k="ele" v="520.5834"/>
  </node>
  <node id="33998" lat="48.264151566498604" lon="11.667626002289431">
    <tag k="mgrs_code" v="32UPU979491"/>
    <tag k="local_x" v="97966.8814"/>
    <tag k="local_y" v="49100.435"/>
    <tag k="ele" v="520.592"/>
  </node>
  <node id="33999" lat="48.26415085090031" lon="11.667634502207143">
    <tag k="mgrs_code" v="32UPU979491"/>
    <tag k="local_x" v="97967.5149"/>
    <tag k="local_y" v="49100.3774"/>
    <tag k="ele" v="520.5971"/>
  </node>
  <node id="34000" lat="48.26415078949484" lon="11.667642379899107">
    <tag k="mgrs_code" v="32UPU979491"/>
    <tag k="local_x" v="97968.0997"/>
    <tag k="local_y" v="49100.3909"/>
    <tag k="ele" v="520.5992"/>
  </node>
  <node id="34001" lat="48.26415153540605" lon="11.667651411418563">
    <tag k="mgrs_code" v="32UPU979491"/>
    <tag k="local_x" v="97968.767"/>
    <tag k="local_y" v="49100.4971"/>
    <tag k="ele" v="520.6008"/>
  </node>
  <node id="34002" lat="48.26415349363986" lon="11.667661282298416">
    <tag k="mgrs_code" v="32UPU979491"/>
    <tag k="local_x" v="97969.4919"/>
    <tag k="local_y" v="49100.7402"/>
    <tag k="ele" v="520.6017"/>
  </node>
  <node id="34003" lat="48.26415630269492" lon="11.667669735315398">
    <tag k="mgrs_code" v="32UPU979491"/>
    <tag k="local_x" v="97970.1083"/>
    <tag k="local_y" v="49101.0742"/>
    <tag k="ele" v="520.6015"/>
  </node>
  <node id="34004" lat="48.26415574089022" lon="11.667668044442742">
    <tag k="mgrs_code" v="32UPU979491"/>
    <tag k="local_x" v="97969.985"/>
    <tag k="local_y" v="49101.0074"/>
    <tag k="ele" v="520.6015"/>
  </node>
  <node id="34005" lat="48.26415517908548" lon="11.667666353570112">
    <tag k="mgrs_code" v="32UPU979491"/>
    <tag k="local_x" v="97969.8617"/>
    <tag k="local_y" v="49100.9406"/>
    <tag k="ele" v="520.6015"/>
  </node>
  <node id="34006" lat="48.26415461728071" lon="11.667664662697497">
    <tag k="mgrs_code" v="32UPU979491"/>
    <tag k="local_x" v="97969.7384"/>
    <tag k="local_y" v="49100.8738"/>
    <tag k="ele" v="520.6016"/>
  </node>
  <node id="34007" lat="48.26415405547593" lon="11.667662971824948">
    <tag k="mgrs_code" v="32UPU979491"/>
    <tag k="local_x" v="97969.6151"/>
    <tag k="local_y" v="49100.807"/>
    <tag k="ele" v="520.6016"/>
  </node>
  <node id="34008" lat="48.26415686360092" lon="11.667671426141306">
    <tag k="mgrs_code" v="32UPU979491"/>
    <tag k="local_x" v="97970.2316"/>
    <tag k="local_y" v="49101.1409"/>
    <tag k="ele" v="520.6014"/>
  </node>
  <node id="34009" lat="48.26415930464871" lon="11.667678095959129">
    <tag k="mgrs_code" v="32UPU979491"/>
    <tag k="local_x" v="97970.7171"/>
    <tag k="local_y" v="49101.4294"/>
    <tag k="ele" v="520.6001"/>
  </node>
  <node id="34010" lat="48.26416213685385" lon="11.66768524164295">
    <tag k="mgrs_code" v="32UPU979491"/>
    <tag k="local_x" v="97971.2364"/>
    <tag k="local_y" v="49101.7626"/>
    <tag k="ele" v="520.5973"/>
  </node>
  <node id="34011" lat="48.26416565132663" lon="11.667691292201626">
    <tag k="mgrs_code" v="32UPU979491"/>
    <tag k="local_x" v="97971.6718"/>
    <tag k="local_y" v="49102.1688"/>
    <tag k="ele" v="520.5933"/>
  </node>
  <node id="34012" lat="48.26416768194721" lon="11.66769339377286">
    <tag k="mgrs_code" v="32UPU979491"/>
    <tag k="local_x" v="97971.8199"/>
    <tag k="local_y" v="49102.3999"/>
    <tag k="ele" v="520.591"/>
  </node>
  <node id="34013" lat="48.264092346489285" lon="11.667590287259044">
    <tag k="mgrs_code" v="32UPU979490"/>
    <tag k="local_x" v="97964.46"/>
    <tag k="local_y" v="49093.7613"/>
    <tag k="ele" v="520.6673"/>
  </node>
  <node id="34014" lat="48.26409131097587" lon="11.66760241312487">
    <tag k="mgrs_code" v="32UPU979490"/>
    <tag k="local_x" v="97965.3638"/>
    <tag k="local_y" v="49093.6775"/>
    <tag k="ele" v="520.6625"/>
  </node>
  <node id="34015" lat="48.264091221703985" lon="11.667615057235318">
    <tag k="mgrs_code" v="32UPU979490"/>
    <tag k="local_x" v="97966.3024"/>
    <tag k="local_y" v="49093.7002"/>
    <tag k="ele" v="520.6587"/>
  </node>
  <node id="34016" lat="48.26409215702266" lon="11.667628022875617">
    <tag k="mgrs_code" v="32UPU979490"/>
    <tag k="local_x" v="97967.2609"/>
    <tag k="local_y" v="49093.8376"/>
    <tag k="ele" v="520.6556"/>
  </node>
  <node id="34017" lat="48.26409417573573" lon="11.66764106379899">
    <tag k="mgrs_code" v="32UPU979490"/>
    <tag k="local_x" v="97968.2208"/>
    <tag k="local_y" v="49094.0956"/>
    <tag k="ele" v="520.6532"/>
  </node>
  <node id="34018" lat="48.26409730377764" lon="11.667653876794676">
    <tag k="mgrs_code" v="32UPU979490"/>
    <tag k="local_x" v="97969.1595"/>
    <tag k="local_y" v="49094.4763"/>
    <tag k="ele" v="520.6514"/>
  </node>
  <node id="34019" lat="48.264101513848345" lon="11.667666126232112">
    <tag k="mgrs_code" v="32UPU979490"/>
    <tag k="local_x" v="97970.0522"/>
    <tag k="local_y" v="49094.9758"/>
    <tag k="ele" v="520.65"/>
  </node>
  <node id="34020" lat="48.264103998292136" lon="11.667671934477662">
    <tag k="mgrs_code" v="32UPU979490"/>
    <tag k="local_x" v="97970.4736"/>
    <tag k="local_y" v="49095.2669"/>
    <tag k="ele" v="520.6494"/>
  </node>
  <node id="34021" lat="48.26410963947757" lon="11.66768273024095">
    <tag k="mgrs_code" v="32UPU979490"/>
    <tag k="local_x" v="97971.2529"/>
    <tag k="local_y" v="49095.9217"/>
    <tag k="ele" v="520.6485"/>
  </node>
  <node id="34022" lat="48.26411601955424" lon="11.667692239773078">
    <tag k="mgrs_code" v="32UPU979490"/>
    <tag k="local_x" v="97971.9339"/>
    <tag k="local_y" v="49096.6553"/>
    <tag k="ele" v="520.6476"/>
  </node>
  <node id="34023" lat="48.26412292744394" lon="11.66770033079634">
    <tag k="mgrs_code" v="32UPU979490"/>
    <tag k="local_x" v="97972.5076"/>
    <tag k="local_y" v="49097.4439"/>
    <tag k="ele" v="520.6468"/>
  </node>
  <node id="34024" lat="48.26413015467959" lon="11.667706991106915">
    <tag k="mgrs_code" v="32UPU979490"/>
    <tag k="local_x" v="97972.9739"/>
    <tag k="local_y" v="49098.2643"/>
    <tag k="ele" v="520.6459"/>
  </node>
  <node id="34025" lat="48.26413752032641" lon="11.667712301572811">
    <tag k="mgrs_code" v="32UPU979490"/>
    <tag k="local_x" v="97973.3395"/>
    <tag k="local_y" v="49099.0966"/>
    <tag k="ele" v="520.6447"/>
  </node>
  <node id="34026" lat="48.264144886697224" lon="11.667716418085618">
    <tag k="mgrs_code" v="32UPU979490"/>
    <tag k="local_x" v="97973.6165"/>
    <tag k="local_y" v="49099.9259"/>
    <tag k="ele" v="520.6432"/>
  </node>
  <node id="34027" lat="48.264152161251076" lon="11.667719528535615">
    <tag k="mgrs_code" v="32UPU979491"/>
    <tag k="local_x" v="97973.8192"/>
    <tag k="local_y" v="49100.7424"/>
    <tag k="ele" v="520.6412"/>
  </node>
  <node id="34028" lat="48.26415929263097" lon="11.667721829695918">
    <tag k="mgrs_code" v="32UPU979491"/>
    <tag k="local_x" v="97973.9624"/>
    <tag k="local_y" v="49101.5409"/>
    <tag k="ele" v="520.6386"/>
  </node>
  <node id="34037" lat="48.264517789297855" lon="11.667864116784235">
    <tag k="mgrs_code" v="32UPU979491"/>
    <tag k="local_x" v="97983.1354"/>
    <tag k="local_y" v="49141.7504"/>
    <tag k="ele" v="520.5022"/>
  </node>
  <node id="34038" lat="48.26451798509504" lon="11.667860566539847">
    <tag k="mgrs_code" v="32UPU979491"/>
    <tag k="local_x" v="97982.8712"/>
    <tag k="local_y" v="49141.763"/>
    <tag k="ele" v="520.5151"/>
  </node>
  <node id="34039" lat="48.26451816753313" lon="11.66785332848123">
    <tag k="mgrs_code" v="32UPU979491"/>
    <tag k="local_x" v="97982.3334"/>
    <tag k="local_y" v="49141.7646"/>
    <tag k="ele" v="520.5163"/>
  </node>
  <node id="34040" lat="48.264517919665586" lon="11.667846138089866">
    <tag k="mgrs_code" v="32UPU979491"/>
    <tag k="local_x" v="97981.8008"/>
    <tag k="local_y" v="49141.7185"/>
    <tag k="ele" v="520.5181"/>
  </node>
  <node id="34041" lat="48.26451726135002" lon="11.667839031438515">
    <tag k="mgrs_code" v="32UPU979491"/>
    <tag k="local_x" v="97981.276"/>
    <tag k="local_y" v="49141.627"/>
    <tag k="ele" v="520.5202"/>
  </node>
  <node id="34042" lat="48.26451620884928" lon="11.66783204441268">
    <tag k="mgrs_code" v="32UPU979491"/>
    <tag k="local_x" v="97980.7616"/>
    <tag k="local_y" v="49141.492"/>
    <tag k="ele" v="520.5227"/>
  </node>
  <node id="34043" lat="48.26451477399525" lon="11.667825209971832">
    <tag k="mgrs_code" v="32UPU979491"/>
    <tag k="local_x" v="97980.26"/>
    <tag k="local_y" v="49141.3149"/>
    <tag k="ele" v="520.5255"/>
  </node>
  <node id="34044" lat="48.26451296307135" lon="11.667818567524636">
    <tag k="mgrs_code" v="32UPU979491"/>
    <tag k="local_x" v="97979.7741"/>
    <tag k="local_y" v="49141.0965"/>
    <tag k="ele" v="520.5285"/>
  </node>
  <node id="34045" lat="48.26451078056354" lon="11.667812156386125">
    <tag k="mgrs_code" v="32UPU979491"/>
    <tag k="local_x" v="97979.3068"/>
    <tag k="local_y" v="49140.8374"/>
    <tag k="ele" v="520.5316"/>
  </node>
  <node id="34046" lat="48.26450822522197" lon="11.667806030396566">
    <tag k="mgrs_code" v="32UPU979491"/>
    <tag k="local_x" v="97978.8621"/>
    <tag k="local_y" v="49140.5376"/>
    <tag k="ele" v="520.5347"/>
  </node>
  <node id="34047" lat="48.264505300165204" lon="11.667800249014174">
    <tag k="mgrs_code" v="32UPU979491"/>
    <tag k="local_x" v="97978.4444"/>
    <tag k="local_y" v="49140.1976"/>
    <tag k="ele" v="520.5378"/>
  </node>
  <node id="34048" lat="48.26450200996556" lon="11.667794886596864">
    <tag k="mgrs_code" v="32UPU979491"/>
    <tag k="local_x" v="97978.0592"/>
    <tag k="local_y" v="49139.8181"/>
    <tag k="ele" v="520.5407"/>
  </node>
  <node id="34049" lat="48.26449837069092" lon="11.667790026186855">
    <tag k="mgrs_code" v="32UPU979491"/>
    <tag k="local_x" v="97977.7126"/>
    <tag k="local_y" v="49139.4011"/>
    <tag k="ele" v="520.5434"/>
  </node>
  <node id="34050" lat="48.26449441365589" lon="11.667785752968012">
    <tag k="mgrs_code" v="32UPU979491"/>
    <tag k="local_x" v="97977.4108"/>
    <tag k="local_y" v="49138.9503"/>
    <tag k="ele" v="520.5459"/>
  </node>
  <node id="34051" lat="48.264490186601655" lon="11.667782142198513">
    <tag k="mgrs_code" v="32UPU979491"/>
    <tag k="local_x" v="97977.1592"/>
    <tag k="local_y" v="49138.4712"/>
    <tag k="ele" v="520.548"/>
  </node>
  <node id="34052" lat="48.26448575500094" lon="11.667779241759678">
    <tag k="mgrs_code" v="32UPU979491"/>
    <tag k="local_x" v="97976.9611"/>
    <tag k="local_y" v="49137.9712"/>
    <tag k="ele" v="520.5496"/>
  </node>
  <node id="34053" lat="48.26448119335221" lon="11.667777059573863">
    <tag k="mgrs_code" v="32UPU979491"/>
    <tag k="local_x" v="97976.8168"/>
    <tag k="local_y" v="49137.4586"/>
    <tag k="ele" v="520.5508"/>
  </node>
  <node id="34054" lat="48.264476569159335" lon="11.667775556032117">
    <tag k="mgrs_code" v="32UPU979491"/>
    <tag k="local_x" v="97976.7231"/>
    <tag k="local_y" v="49136.9408"/>
    <tag k="ele" v="520.5513"/>
  </node>
  <node id="34055" lat="48.264548186146406" lon="11.667870191462672">
    <tag k="mgrs_code" v="32UPU979491"/>
    <tag k="local_x" v="97983.4687"/>
    <tag k="local_y" v="49145.1443"/>
    <tag k="ele" v="520.6225"/>
  </node>
  <node id="34056" lat="48.26454884441369" lon="11.667858890812875">
    <tag k="mgrs_code" v="32UPU979491"/>
    <tag k="local_x" v="97982.6276"/>
    <tag k="local_y" v="49145.1883"/>
    <tag k="ele" v="520.6172"/>
  </node>
  <node id="34057" lat="48.264548515532624" lon="11.667847709903164">
    <tag k="mgrs_code" v="32UPU979491"/>
    <tag k="local_x" v="97981.7992"/>
    <tag k="local_y" v="49145.1229"/>
    <tag k="ele" v="520.6125"/>
  </node>
  <node id="34058" lat="48.264547283747326" lon="11.667836740717522">
    <tag k="mgrs_code" v="32UPU979491"/>
    <tag k="local_x" v="97980.99"/>
    <tag k="local_y" v="49144.9577"/>
    <tag k="ele" v="520.6083"/>
  </node>
  <node id="34059" lat="48.2645452246274" lon="11.66782606131175">
    <tag k="mgrs_code" v="32UPU979491"/>
    <tag k="local_x" v="97980.2055"/>
    <tag k="local_y" v="49144.7013"/>
    <tag k="ele" v="520.6046"/>
  </node>
  <node id="34060" lat="48.26454239893337" lon="11.667815728755837">
    <tag k="mgrs_code" v="32UPU979491"/>
    <tag k="local_x" v="97979.4497"/>
    <tag k="local_y" v="49144.3606"/>
    <tag k="ele" v="520.6013"/>
  </node>
  <node id="34061" lat="48.26453885834488" lon="11.66780580368973">
    <tag k="mgrs_code" v="32UPU979491"/>
    <tag k="local_x" v="97978.7269"/>
    <tag k="local_y" v="49143.9415"/>
    <tag k="ele" v="520.5982"/>
  </node>
  <node id="34062" lat="48.26453464468729" lon="11.66779634489241">
    <tag k="mgrs_code" v="32UPU979491"/>
    <tag k="local_x" v="97978.0413"/>
    <tag k="local_y" v="49143.4488"/>
    <tag k="ele" v="520.5953"/>
  </node>
  <node id="34063" lat="48.264532218934974" lon="11.667791884583606">
    <tag k="mgrs_code" v="32UPU979491"/>
    <tag k="local_x" v="97977.7197"/>
    <tag k="local_y" v="49143.1677"/>
    <tag k="ele" v="520.5939"/>
  </node>
  <node id="34064" lat="48.26452979318247" lon="11.667787424275208">
    <tag k="mgrs_code" v="32UPU979491"/>
    <tag k="local_x" v="97977.3981"/>
    <tag k="local_y" v="49142.8866"/>
    <tag k="ele" v="520.5925"/>
  </node>
  <node id="34065" lat="48.2645243386149" lon="11.667779132593461">
    <tag k="mgrs_code" v="32UPU979491"/>
    <tag k="local_x" v="97976.8039"/>
    <tag k="local_y" v="49142.259"/>
    <tag k="ele" v="520.5897"/>
  </node>
  <node id="34066" lat="48.26451832428736" lon="11.667771581260409">
    <tag k="mgrs_code" v="32UPU979491"/>
    <tag k="local_x" v="97976.2668"/>
    <tag k="local_y" v="49141.5711"/>
    <tag k="ele" v="520.5868"/>
  </node>
  <node id="34067" lat="48.26451181460267" lon="11.667764903002508">
    <tag k="mgrs_code" v="32UPU979491"/>
    <tag k="local_x" v="97975.7964"/>
    <tag k="local_y" v="49140.8304"/>
    <tag k="ele" v="520.5837"/>
  </node>
  <node id="34068" lat="48.264508404135604" lon="11.667761930411201">
    <tag k="mgrs_code" v="32UPU979491"/>
    <tag k="local_x" v="97975.589"/>
    <tag k="local_y" v="49140.4437"/>
    <tag k="ele" v="520.582"/>
  </node>
  <node id="34069" lat="48.26450135322638" lon="11.667756783179493">
    <tag k="mgrs_code" v="32UPU979491"/>
    <tag k="local_x" v="97975.2343"/>
    <tag k="local_y" v="49139.6468"/>
    <tag k="ele" v="520.5785"/>
  </node>
  <node id="34070" lat="48.26449412580545" lon="11.667752727771227">
    <tag k="mgrs_code" v="32UPU979491"/>
    <tag k="local_x" v="97974.9613"/>
    <tag k="local_y" v="49138.8331"/>
    <tag k="ele" v="520.5744"/>
  </node>
  <node id="34071" lat="48.26448688077052" lon="11.667749702383983">
    <tag k="mgrs_code" v="32UPU979491"/>
    <tag k="local_x" v="97974.7648"/>
    <tag k="local_y" v="49138.0201"/>
    <tag k="ele" v="520.5699"/>
  </node>
  <node id="34072" lat="48.26447974338348" lon="11.667747543739113">
    <tag k="mgrs_code" v="32UPU979491"/>
    <tag k="local_x" v="97974.6322"/>
    <tag k="local_y" v="49137.2213"/>
    <tag k="ele" v="520.5647"/>
  </node>
  <node id="34081" lat="48.26448274488677" lon="11.668417906157307">
    <tag k="mgrs_code" v="32UPU980491"/>
    <tag k="local_x" v="98024.3644"/>
    <tag k="local_y" v="49139.2847"/>
    <tag k="ele" v="520.6483"/>
  </node>
  <node id="34085" lat="48.26449776616701" lon="11.667775835151534">
    <tag k="mgrs_code" v="32UPU979491"/>
    <tag k="local_x" v="97976.6619"/>
    <tag k="local_y" v="49139.2973"/>
    <tag k="ele" v="520.4833"/>
  </node>
  <node id="34089" lat="48.26428966993541" lon="11.669802042799327">
    <tag k="mgrs_code" v="32UPU981491"/>
    <tag k="local_x" v="98127.82"/>
    <tag k="local_y" v="49121.3999"/>
    <tag k="ele" v="520.5119"/>
  </node>
  <node id="34090" lat="48.26428397665027" lon="11.669849150149643">
    <tag k="mgrs_code" v="32UPU981491"/>
    <tag k="local_x" v="98131.3376"/>
    <tag k="local_y" v="49120.8888"/>
    <tag k="ele" v="520.5094"/>
  </node>
  <node id="34091" lat="48.26425847095237" lon="11.669826663171254">
    <tag k="mgrs_code" v="32UPU981491"/>
    <tag k="local_x" v="98129.7676"/>
    <tag k="local_y" v="49117.9961"/>
    <tag k="ele" v="520.4399"/>
  </node>
  <node id="34092" lat="48.26426591652035" lon="11.66976358212964">
    <tag k="mgrs_code" v="32UPU981491"/>
    <tag k="local_x" v="98125.0579"/>
    <tag k="local_y" v="49118.6607"/>
    <tag k="ele" v="520.4369"/>
  </node>
  <node id="34097" lat="48.26453412628335" lon="11.667726741031618">
    <tag k="mgrs_code" v="32UPU979491"/>
    <tag k="local_x" v="97972.8784"/>
    <tag k="local_y" v="49143.2116"/>
    <tag k="ele" v="520.5203"/>
  </node>
  <node id="34098" lat="48.26453335419066" lon="11.667730503840156">
    <tag k="mgrs_code" v="32UPU979491"/>
    <tag k="local_x" v="97973.1606"/>
    <tag k="local_y" v="49143.1355"/>
    <tag k="ele" v="520.5294"/>
  </node>
  <node id="34099" lat="48.264531857149535" lon="11.667736851386882">
    <tag k="mgrs_code" v="32UPU979491"/>
    <tag k="local_x" v="97973.6374"/>
    <tag k="local_y" v="49142.9855"/>
    <tag k="ele" v="520.5313"/>
  </node>
  <node id="34100" lat="48.264529934021326" lon="11.667743064890898">
    <tag k="mgrs_code" v="32UPU979491"/>
    <tag k="local_x" v="97974.1059"/>
    <tag k="local_y" v="49142.7878"/>
    <tag k="ele" v="520.5339"/>
  </node>
  <node id="34101" lat="48.264527577787774" lon="11.667749059085809">
    <tag k="mgrs_code" v="32UPU979491"/>
    <tag k="local_x" v="97974.5598"/>
    <tag k="local_y" v="49142.5414"/>
    <tag k="ele" v="520.5368"/>
  </node>
  <node id="34102" lat="48.2645247872289" lon="11.66775473148798">
    <tag k="mgrs_code" v="32UPU979491"/>
    <tag k="local_x" v="97974.9915"/>
    <tag k="local_y" v="49142.2459"/>
    <tag k="ele" v="520.5397"/>
  </node>
  <node id="34103" lat="48.26452157758268" lon="11.667759968342246">
    <tag k="mgrs_code" v="32UPU979491"/>
    <tag k="local_x" v="97975.3925"/>
    <tag k="local_y" v="49141.9027"/>
    <tag k="ele" v="520.5424"/>
  </node>
  <node id="34104" lat="48.26451798587465" lon="11.667764647594629">
    <tag k="mgrs_code" v="32UPU979491"/>
    <tag k="local_x" v="97975.7536"/>
    <tag k="local_y" v="49141.5156"/>
    <tag k="ele" v="520.5445"/>
  </node>
  <node id="34105" lat="48.26451407227783" lon="11.66776865783015">
    <tag k="mgrs_code" v="32UPU979491"/>
    <tag k="local_x" v="97976.0663"/>
    <tag k="local_y" v="49141.091"/>
    <tag k="ele" v="520.5461"/>
  </node>
  <node id="34106" lat="48.264509919581485" lon="11.667771921154774">
    <tag k="mgrs_code" v="32UPU979491"/>
    <tag k="local_x" v="97976.3245"/>
    <tag k="local_y" v="49140.6379"/>
    <tag k="ele" v="520.5476"/>
  </node>
  <node id="34107" lat="48.264505622992985" lon="11.667774406140698">
    <tag k="mgrs_code" v="32UPU979491"/>
    <tag k="local_x" v="97976.5255"/>
    <tag k="local_y" v="49140.1668"/>
    <tag k="ele" v="520.5491"/>
  </node>
  <node id="34108" lat="48.264501273773625" lon="11.667776135059889">
    <tag k="mgrs_code" v="32UPU979491"/>
    <tag k="local_x" v="97976.6706"/>
    <tag k="local_y" v="49139.6879"/>
    <tag k="ele" v="520.5505"/>
  </node>
  <node id="34109" lat="48.26449694321827" lon="11.66777717631161">
    <tag k="mgrs_code" v="32UPU979491"/>
    <tag k="local_x" v="97976.7646"/>
    <tag k="local_y" v="49139.2093"/>
    <tag k="ele" v="520.5516"/>
  </node>
  <node id="34110" lat="48.26449268219414" lon="11.66777762553149">
    <tag k="mgrs_code" v="32UPU979491"/>
    <tag k="local_x" v="97976.8144"/>
    <tag k="local_y" v="49138.7369"/>
    <tag k="ele" v="520.5524"/>
  </node>
  <node id="34111" lat="48.26448444796145" lon="11.667777172462612">
    <tag k="mgrs_code" v="32UPU979491"/>
    <tag k="local_x" v="97976.8126"/>
    <tag k="local_y" v="49137.8206"/>
    <tag k="ele" v="520.5529"/>
  </node>
  <node id="34112" lat="48.26450371683481" lon="11.667723301749865">
    <tag k="mgrs_code" v="32UPU979491"/>
    <tag k="local_x" v="97972.7407"/>
    <tag k="local_y" v="49139.8231"/>
    <tag k="ele" v="520.497"/>
  </node>
  <node id="34113" lat="48.264502128609365" lon="11.667730360136511">
    <tag k="mgrs_code" v="32UPU979491"/>
    <tag k="local_x" v="97973.2706"/>
    <tag k="local_y" v="49139.6648"/>
    <tag k="ele" v="520.5071"/>
  </node>
  <node id="34114" lat="48.264500034490844" lon="11.66773618739619">
    <tag k="mgrs_code" v="32UPU979491"/>
    <tag k="local_x" v="97973.7111"/>
    <tag k="local_y" v="49139.4471"/>
    <tag k="ele" v="520.518"/>
  </node>
  <node id="34115" lat="48.264498757512676" lon="11.66773863692255">
    <tag k="mgrs_code" v="32UPU979491"/>
    <tag k="local_x" v="97973.8978"/>
    <tag k="local_y" v="49139.3115"/>
    <tag k="ele" v="520.5229"/>
  </node>
  <node id="34116" lat="48.264497498284626" lon="11.667740476896565">
    <tag k="mgrs_code" v="32UPU979491"/>
    <tag k="local_x" v="97974.0392"/>
    <tag k="local_y" v="49139.1763"/>
    <tag k="ele" v="520.5273"/>
  </node>
  <node id="34117" lat="48.26449770873427" lon="11.667740171162773">
    <tag k="mgrs_code" v="32UPU979491"/>
    <tag k="local_x" v="97974.0157"/>
    <tag k="local_y" v="49139.1989"/>
    <tag k="ele" v="520.5265"/>
  </node>
  <node id="34118" lat="48.26449791831647" lon="11.667739864036166">
    <tag k="mgrs_code" v="32UPU979491"/>
    <tag k="local_x" v="97973.9921"/>
    <tag k="local_y" v="49139.2214"/>
    <tag k="ele" v="520.5258"/>
  </node>
  <node id="34119" lat="48.26449812789866" lon="11.667739556909574">
    <tag k="mgrs_code" v="32UPU979491"/>
    <tag k="local_x" v="97973.9685"/>
    <tag k="local_y" v="49139.2439"/>
    <tag k="ele" v="520.5251"/>
  </node>
  <node id="34120" lat="48.26449833837955" lon="11.66773924982977">
    <tag k="mgrs_code" v="32UPU979491"/>
    <tag k="local_x" v="97973.9449"/>
    <tag k="local_y" v="49139.2665"/>
    <tag k="ele" v="520.5244"/>
  </node>
  <node id="34121" lat="48.264498547961736" lon="11.667738942703169">
    <tag k="mgrs_code" v="32UPU979491"/>
    <tag k="local_x" v="97973.9213"/>
    <tag k="local_y" v="49139.289"/>
    <tag k="ele" v="520.5236"/>
  </node>
  <node id="34122" lat="48.264497288702415" lon="11.667740784023147">
    <tag k="mgrs_code" v="32UPU979491"/>
    <tag k="local_x" v="97974.0628"/>
    <tag k="local_y" v="49139.1538"/>
    <tag k="ele" v="520.528"/>
  </node>
  <node id="34123" lat="48.26449411573946" lon="11.667744130712785">
    <tag k="mgrs_code" v="32UPU979491"/>
    <tag k="local_x" v="97974.3234"/>
    <tag k="local_y" v="49138.8098"/>
    <tag k="ele" v="520.5376"/>
  </node>
  <node id="34124" lat="48.26449007142148" lon="11.667746717781199">
    <tag k="mgrs_code" v="32UPU979491"/>
    <tag k="local_x" v="97974.531"/>
    <tag k="local_y" v="49138.367"/>
    <tag k="ele" v="520.5474"/>
  </node>
  <node id="34125" lat="48.26448517379619" lon="11.66774800037807">
    <tag k="mgrs_code" v="32UPU979491"/>
    <tag k="local_x" v="97974.6451"/>
    <tag k="local_y" v="49137.826"/>
    <tag k="ele" v="520.5566"/>
  </node>
  <node id="34126" lat="48.2644824994514" lon="11.66774800800031">
    <tag k="mgrs_code" v="32UPU979491"/>
    <tag k="local_x" v="97974.656"/>
    <tag k="local_y" v="49137.5288"/>
    <tag k="ele" v="520.5609"/>
  </node>
  <node id="34134" lat="48.26415948766289" lon="11.670255246069035">
    <tag k="mgrs_code" v="32UPU981491"/>
    <tag k="local_x" v="98161.9533"/>
    <tag k="local_y" v="49108.1021"/>
    <tag k="ele" v="520.3455"/>
  </node>
  <node id="34135" lat="48.26416164645133" lon="11.670238122510195">
    <tag k="mgrs_code" v="32UPU981491"/>
    <tag k="local_x" v="98160.6743"/>
    <tag k="local_y" v="49108.2978"/>
    <tag k="ele" v="520.3452"/>
  </node>
  <node id="34136" lat="48.2641667621214" lon="11.670194776067229">
    <tag k="mgrs_code" v="32UPU981491"/>
    <tag k="local_x" v="98157.438"/>
    <tag k="local_y" v="49108.7544"/>
    <tag k="ele" v="520.3461"/>
  </node>
  <node id="34137" lat="48.26417341665713" lon="11.670136781661876">
    <tag k="mgrs_code" v="32UPU981491"/>
    <tag k="local_x" v="98153.1088"/>
    <tag k="local_y" v="49109.3442"/>
    <tag k="ele" v="520.3494"/>
  </node>
  <node id="34138" lat="48.26418865776545" lon="11.670270236036266">
    <tag k="mgrs_code" v="32UPU981491"/>
    <tag k="local_x" v="98162.9528"/>
    <tag k="local_y" v="49111.3827"/>
    <tag k="ele" v="520.4429"/>
  </node>
  <node id="34139" lat="48.26418908100543" lon="11.67026394852826">
    <tag k="mgrs_code" v="32UPU981491"/>
    <tag k="local_x" v="98162.4846"/>
    <tag k="local_y" v="49111.4135"/>
    <tag k="ele" v="520.4426"/>
  </node>
  <node id="34140" lat="48.26419602682474" lon="11.670203604211027">
    <tag k="mgrs_code" v="32UPU981491"/>
    <tag k="local_x" v="98157.9799"/>
    <tag k="local_y" v="49112.0296"/>
    <tag k="ele" v="520.4354"/>
  </node>
  <node id="34141" lat="48.26420308774299" lon="11.670144268508542">
    <tag k="mgrs_code" v="32UPU981491"/>
    <tag k="local_x" v="98153.5496"/>
    <tag k="local_y" v="49112.6611"/>
    <tag k="ele" v="520.4291"/>
  </node>
  <node id="34146" lat="48.264039441931594" lon="11.668387807527576">
    <tag k="mgrs_code" v="32UPU980490"/>
    <tag k="local_x" v="98023.8444"/>
    <tag k="local_y" v="49089.9395"/>
    <tag k="ele" v="520.539"/>
  </node>
  <node id="34147" lat="48.26403946730963" lon="11.668394580632395">
    <tag k="mgrs_code" v="32UPU980490"/>
    <tag k="local_x" v="98024.3469"/>
    <tag k="local_y" v="49089.9598"/>
    <tag k="ele" v="520.5438"/>
  </node>
  <node id="34148" lat="48.2640400522963" lon="11.668401395014705">
    <tag k="mgrs_code" v="32UPU980490"/>
    <tag k="local_x" v="98024.8503"/>
    <tag k="local_y" v="49090.0424"/>
    <tag k="ele" v="520.547"/>
  </node>
  <node id="34149" lat="48.264003430203665" lon="11.668381200272828">
    <tag k="mgrs_code" v="32UPU980490"/>
    <tag k="local_x" v="98023.4933"/>
    <tag k="local_y" v="49085.9202"/>
    <tag k="ele" v="520.5398"/>
  </node>
  <node id="34150" lat="48.26400265796721" lon="11.66839109064241">
    <tag k="mgrs_code" v="32UPU980490"/>
    <tag k="local_x" v="98024.2302"/>
    <tag k="local_y" v="49085.8599"/>
    <tag k="ele" v="520.5295"/>
  </node>
  <node id="34151" lat="48.26400237570145" lon="11.668401037528499">
    <tag k="mgrs_code" v="32UPU980490"/>
    <tag k="local_x" v="98024.9694"/>
    <tag k="local_y" v="49085.8542"/>
    <tag k="ele" v="520.5202"/>
  </node>
  <node id="34156" lat="48.26424767359062" lon="11.670393730542907">
    <tag k="mgrs_code" v="32UPU981491"/>
    <tag k="local_x" v="98171.8884"/>
    <tag k="local_y" v="49118.2605"/>
    <tag k="ele" v="520.6113"/>
  </node>
  <node id="34157" lat="48.26424249309164" lon="11.670437579014605">
    <tag k="mgrs_code" v="32UPU981491"/>
    <tag k="local_x" v="98175.1622"/>
    <tag k="local_y" v="49117.798"/>
    <tag k="ele" v="520.6125"/>
  </node>
  <node id="34164" lat="48.265064857020754" lon="11.669321207583218">
    <tag k="mgrs_code" v="32UPU980492"/>
    <tag k="local_x" v="98089.1425"/>
    <tag k="local_y" v="49206.3107"/>
    <tag k="ele" v="520.525"/>
  </node>
  <node id="34165" lat="48.265057451619356" lon="11.669384158342911">
    <tag k="mgrs_code" v="32UPU980492"/>
    <tag k="local_x" v="98093.8423"/>
    <tag k="local_y" v="49205.6502"/>
    <tag k="ele" v="520.5545"/>
  </node>
  <node id="34166" lat="48.265050046215066" lon="11.66944710773699">
    <tag k="mgrs_code" v="32UPU980492"/>
    <tag k="local_x" v="98098.542"/>
    <tag k="local_y" v="49204.9897"/>
    <tag k="ele" v="520.5839"/>
  </node>
  <node id="34167" lat="48.2650127852601" lon="11.669425100981934">
    <tag k="mgrs_code" v="32UPU980492"/>
    <tag k="local_x" v="98097.0531"/>
    <tag k="local_y" v="49200.7918"/>
    <tag k="ele" v="520.6109"/>
  </node>
  <node id="34168" lat="48.26500977511865" lon="11.669450564187416">
    <tag k="mgrs_code" v="32UPU980492"/>
    <tag k="local_x" v="98098.9542"/>
    <tag k="local_y" v="49200.523"/>
    <tag k="ele" v="520.6076"/>
  </node>
  <node id="34169" lat="48.26500215755161" lon="11.669515014514333">
    <tag k="mgrs_code" v="32UPU981491"/>
    <tag k="local_x" v="98103.7661"/>
    <tag k="local_y" v="49199.8428"/>
    <tag k="ele" v="520.5994"/>
  </node>
  <node id="34174" lat="48.264487320437816" lon="11.667859438551332">
    <tag k="mgrs_code" v="32UPU979491"/>
    <tag k="local_x" v="97982.906"/>
    <tag k="local_y" v="49138.3521"/>
    <tag k="ele" v="520.4254"/>
  </node>
  <node id="34175" lat="48.26448106967758" lon="11.667915748523493">
    <tag k="mgrs_code" v="32UPU979491"/>
    <tag k="local_x" v="97987.1086"/>
    <tag k="local_y" v="49137.8027"/>
    <tag k="ele" v="520.4427"/>
  </node>
  <node id="34176" lat="48.264474613876374" lon="11.667971975031572">
    <tag k="mgrs_code" v="32UPU979491"/>
    <tag k="local_x" v="97991.3058"/>
    <tag k="local_y" v="49137.2303"/>
    <tag k="ele" v="520.4578"/>
  </node>
  <node id="34177" lat="48.264434577308506" lon="11.668308446625774">
    <tag k="mgrs_code" v="32UPU980491"/>
    <tag k="local_x" v="98016.4282"/>
    <tag k="local_y" v="49133.649"/>
    <tag k="ele" v="520.5007"/>
  </node>
  <node id="34181" lat="48.26416987466195" lon="11.66769459818335">
    <tag k="mgrs_code" v="32UPU979491"/>
    <tag k="local_x" v="97971.9008"/>
    <tag k="local_y" v="49102.6467"/>
    <tag k="ele" v="520.5885"/>
  </node>
  <node id="34182" lat="48.26416763957383" lon="11.66769409502485">
    <tag k="mgrs_code" v="32UPU979491"/>
    <tag k="local_x" v="97971.8721"/>
    <tag k="local_y" v="49102.397"/>
    <tag k="ele" v="520.5937"/>
  </node>
  <node id="34183" lat="48.26416528824355" lon="11.667693909242374">
    <tag k="mgrs_code" v="32UPU979491"/>
    <tag k="local_x" v="97971.8674"/>
    <tag k="local_y" v="49102.1352"/>
    <tag k="ele" v="520.5985"/>
  </node>
  <node id="34184" lat="48.26416026777101" lon="11.667694398429242">
    <tag k="mgrs_code" v="32UPU979491"/>
    <tag k="local_x" v="97971.9231"/>
    <tag k="local_y" v="49101.5785"/>
    <tag k="ele" v="520.6066"/>
  </node>
  <node id="34185" lat="48.26415496602215" lon="11.667695918722968">
    <tag k="mgrs_code" v="32UPU979491"/>
    <tag k="local_x" v="97972.0564"/>
    <tag k="local_y" v="49100.9932"/>
    <tag k="ele" v="520.613"/>
  </node>
  <node id="34186" lat="48.26414963474931" lon="11.667698361947172">
    <tag k="mgrs_code" v="32UPU979491"/>
    <tag k="local_x" v="97972.2583"/>
    <tag k="local_y" v="49100.407"/>
    <tag k="ele" v="520.6175"/>
  </node>
  <node id="34187" lat="48.26414459258369" lon="11.667701607236786">
    <tag k="mgrs_code" v="32UPU979490"/>
    <tag k="local_x" v="97972.5186"/>
    <tag k="local_y" v="49099.855"/>
    <tag k="ele" v="520.6202"/>
  </node>
  <node id="34188" lat="48.264138271308454" lon="11.667707432644303">
    <tag k="mgrs_code" v="32UPU979490"/>
    <tag k="local_x" v="97972.9753"/>
    <tag k="local_y" v="49099.1675"/>
    <tag k="ele" v="520.6207"/>
  </node>
  <node id="34189" lat="48.26413497452423" lon="11.667712004591012">
    <tag k="mgrs_code" v="32UPU979490"/>
    <tag k="local_x" v="97973.3273"/>
    <tag k="local_y" v="49098.8129"/>
    <tag k="ele" v="520.6177"/>
  </node>
  <node id="34190" lat="48.26413579916966" lon="11.667710861627793">
    <tag k="mgrs_code" v="32UPU979490"/>
    <tag k="local_x" v="97973.2393"/>
    <tag k="local_y" v="49098.9016"/>
    <tag k="ele" v="520.6184"/>
  </node>
  <node id="34191" lat="48.264136622916354" lon="11.667709718617733">
    <tag k="mgrs_code" v="32UPU979490"/>
    <tag k="local_x" v="97973.1513"/>
    <tag k="local_y" v="49098.9902"/>
    <tag k="ele" v="520.6192"/>
  </node>
  <node id="34192" lat="48.26413744756177" lon="11.667708575654444">
    <tag k="mgrs_code" v="32UPU979490"/>
    <tag k="local_x" v="97973.0633"/>
    <tag k="local_y" v="49099.0789"/>
    <tag k="ele" v="520.62"/>
  </node>
  <node id="34193" lat="48.264134150777494" lon="11.667713147601">
    <tag k="mgrs_code" v="32UPU979490"/>
    <tag k="local_x" v="97973.4153"/>
    <tag k="local_y" v="49098.7243"/>
    <tag k="ele" v="520.6169"/>
  </node>
  <node id="34194" lat="48.264131174776914" lon="11.667718009818772">
    <tag k="mgrs_code" v="32UPU979490"/>
    <tag k="local_x" v="97973.7876"/>
    <tag k="local_y" v="49098.4061"/>
    <tag k="ele" v="520.6108"/>
  </node>
  <node id="34195" lat="48.26412848086485" lon="11.667723588836157">
    <tag k="mgrs_code" v="32UPU979490"/>
    <tag k="local_x" v="97974.212"/>
    <tag k="local_y" v="49098.1211"/>
    <tag k="ele" v="520.6037"/>
  </node>
  <node id="34196" lat="48.264126109125364" lon="11.667730134702692">
    <tag k="mgrs_code" v="32UPU979490"/>
    <tag k="local_x" v="97974.7069"/>
    <tag k="local_y" v="49097.8744"/>
    <tag k="ele" v="520.5957"/>
  </node>
  <node id="34197" lat="48.264124306809734" lon="11.667737578089223">
    <tag k="mgrs_code" v="32UPU979490"/>
    <tag k="local_x" v="97975.2662"/>
    <tag k="local_y" v="49097.6933"/>
    <tag k="ele" v="520.5872"/>
  </node>
  <node id="34198" lat="48.26412364536647" lon="11.667742233364198">
    <tag k="mgrs_code" v="32UPU979490"/>
    <tag k="local_x" v="97975.6142"/>
    <tag k="local_y" v="49097.6318"/>
    <tag k="ele" v="520.5812"/>
  </node>
  <node id="34199" lat="48.26417307872173" lon="11.667668943249419">
    <tag k="mgrs_code" v="32UPU979491"/>
    <tag k="local_x" v="97969.9847"/>
    <tag k="local_y" v="49102.9366"/>
    <tag k="ele" v="520.6368"/>
  </node>
  <node id="34200" lat="48.264169116841" lon="11.66766778551752">
    <tag k="mgrs_code" v="32UPU979491"/>
    <tag k="local_x" v="97969.9141"/>
    <tag k="local_y" v="49102.4933"/>
    <tag k="ele" v="520.6407"/>
  </node>
  <node id="34201" lat="48.264152514667316" lon="11.66766143750566">
    <tag k="mgrs_code" v="32UPU979491"/>
    <tag k="local_x" v="97969.5072"/>
    <tag k="local_y" v="49100.6318"/>
    <tag k="ele" v="520.6468"/>
  </node>
  <node id="34202" lat="48.26414513623382" lon="11.667659623456595">
    <tag k="mgrs_code" v="32UPU979490"/>
    <tag k="local_x" v="97969.4011"/>
    <tag k="local_y" v="49099.8071"/>
    <tag k="ele" v="520.6473"/>
  </node>
  <node id="34203" lat="48.26413667937056" lon="11.667658993061536">
    <tag k="mgrs_code" v="32UPU979490"/>
    <tag k="local_x" v="97969.387"/>
    <tag k="local_y" v="49098.8656"/>
    <tag k="ele" v="520.6473"/>
  </node>
  <node id="34204" lat="48.26413172412829" lon="11.66765950181991">
    <tag k="mgrs_code" v="32UPU979490"/>
    <tag k="local_x" v="97969.4439"/>
    <tag k="local_y" v="49098.3162"/>
    <tag k="ele" v="520.6471"/>
  </node>
  <node id="34205" lat="48.264126481043924" lon="11.66766085941406">
    <tag k="mgrs_code" v="32UPU979490"/>
    <tag k="local_x" v="97969.5649"/>
    <tag k="local_y" v="49097.737"/>
    <tag k="ele" v="520.6469"/>
  </node>
  <node id="34206" lat="48.26412130842535" lon="11.667663057549738">
    <tag k="mgrs_code" v="32UPU979490"/>
    <tag k="local_x" v="97969.748"/>
    <tag k="local_y" v="49097.1678"/>
    <tag k="ele" v="520.6465"/>
  </node>
  <node id="34207" lat="48.26411634183501" lon="11.667666031862069">
    <tag k="mgrs_code" v="32UPU979490"/>
    <tag k="local_x" v="97969.9879"/>
    <tag k="local_y" v="49096.6235"/>
    <tag k="ele" v="520.6461"/>
  </node>
  <node id="34208" lat="48.264111690256804" lon="11.66766966134979">
    <tag k="mgrs_code" v="32UPU979490"/>
    <tag k="local_x" v="97970.2752"/>
    <tag k="local_y" v="49096.1159"/>
    <tag k="ele" v="520.6456"/>
  </node>
  <node id="34209" lat="48.26410741836445" lon="11.667673795751853">
    <tag k="mgrs_code" v="32UPU979490"/>
    <tag k="local_x" v="97970.5985"/>
    <tag k="local_y" v="49095.6518"/>
    <tag k="ele" v="520.6451"/>
  </node>
  <node id="34210" lat="48.26410354924155" lon="11.667678293422597">
    <tag k="mgrs_code" v="32UPU979490"/>
    <tag k="local_x" v="97970.9472"/>
    <tag k="local_y" v="49095.2334"/>
    <tag k="ele" v="520.6446"/>
  </node>
  <node id="34211" lat="48.26410007404838" lon="11.667683031268275">
    <tag k="mgrs_code" v="32UPU979490"/>
    <tag k="local_x" v="97971.3122"/>
    <tag k="local_y" v="49094.8594"/>
    <tag k="ele" v="520.6441"/>
  </node>
  <node id="34212" lat="48.26409419082096" lon="11.667692894043768">
    <tag k="mgrs_code" v="32UPU979490"/>
    <tag k="local_x" v="97972.0668"/>
    <tag k="local_y" v="49094.231"/>
    <tag k="ele" v="520.6431"/>
  </node>
  <node id="34213" lat="48.26408949964645" lon="11.66770295769739">
    <tag k="mgrs_code" v="32UPU979490"/>
    <tag k="local_x" v="97972.8317"/>
    <tag k="local_y" v="49093.7356"/>
    <tag k="ele" v="520.6422"/>
  </node>
  <node id="34214" lat="48.264085758647894" lon="11.667713060048378">
    <tag k="mgrs_code" v="32UPU979490"/>
    <tag k="local_x" v="97973.5958"/>
    <tag k="local_y" v="49093.3459"/>
    <tag k="ele" v="520.6416"/>
  </node>
  <node id="34215" lat="48.264082796579615" lon="11.667723174660587">
    <tag k="mgrs_code" v="32UPU979490"/>
    <tag k="local_x" v="97974.3578"/>
    <tag k="local_y" v="49093.0428"/>
    <tag k="ele" v="520.6414"/>
  </node>
  <node id="34216" lat="48.264080508098665" lon="11.667733343215438">
    <tag k="mgrs_code" v="32UPU979490"/>
    <tag k="local_x" v="97975.1212"/>
    <tag k="local_y" v="49092.8147"/>
    <tag k="ele" v="520.6417"/>
  </node>
  <node id="34221" lat="48.264151099924796" lon="11.67028989823531">
    <tag k="mgrs_code" v="32UPU981491"/>
    <tag k="local_x" v="98164.5571"/>
    <tag k="local_y" v="49107.2594"/>
    <tag k="ele" v="520.3533"/>
  </node>
  <node id="34222" lat="48.26415308964848" lon="11.67028229624901">
    <tag k="mgrs_code" v="32UPU981491"/>
    <tag k="local_x" v="98163.9853"/>
    <tag k="local_y" v="49107.4609"/>
    <tag k="ele" v="520.3515"/>
  </node>
  <node id="34223" lat="48.26415209433734" lon="11.670286097218803">
    <tag k="mgrs_code" v="32UPU981491"/>
    <tag k="local_x" v="98164.2712"/>
    <tag k="local_y" v="49107.3601"/>
    <tag k="ele" v="520.3524"/>
  </node>
  <node id="34224" lat="48.26415408495949" lon="11.670278495279058">
    <tag k="mgrs_code" v="32UPU981491"/>
    <tag k="local_x" v="98163.6994"/>
    <tag k="local_y" v="49107.5617"/>
    <tag k="ele" v="520.3507"/>
  </node>
  <node id="34225" lat="48.264183913123034" lon="11.67030946328171">
    <tag k="mgrs_code" v="32UPU981491"/>
    <tag k="local_x" v="98165.882"/>
    <tag k="local_y" v="49110.9567"/>
    <tag k="ele" v="520.4474"/>
  </node>
  <node id="34226" lat="48.264187181526296" lon="11.670295042939157">
    <tag k="mgrs_code" v="32UPU981491"/>
    <tag k="local_x" v="98164.7993"/>
    <tag k="local_y" v="49111.2827"/>
    <tag k="ele" v="520.4442"/>
  </node>
  <node id="34227" lat="48.264188011359" lon="11.670289031325954">
    <tag k="mgrs_code" v="32UPU981491"/>
    <tag k="local_x" v="98164.35"/>
    <tag k="local_y" v="49111.3594"/>
    <tag k="ele" v="520.4437"/>
  </node>
  <node id="34228" lat="48.2641884121784" lon="11.670282818116371">
    <tag k="mgrs_code" v="32UPU981491"/>
    <tag k="local_x" v="98163.8874"/>
    <tag k="local_y" v="49111.3879"/>
    <tag k="ele" v="520.4434"/>
  </node>
  <node id="34233" lat="48.264175997842834" lon="11.670779215919028">
    <tag k="mgrs_code" v="32UPU982491"/>
    <tag k="local_x" v="98200.7705"/>
    <tag k="local_y" v="49111.2903"/>
    <tag k="ele" v="520.5617"/>
  </node>
  <node id="34234" lat="48.26418028072899" lon="11.670746158321235">
    <tag k="mgrs_code" v="32UPU981491"/>
    <tag k="local_x" v="98198.3009"/>
    <tag k="local_y" v="49111.6809"/>
    <tag k="ele" v="520.5516"/>
  </node>
  <node id="34235" lat="48.2642212847107" lon="11.67079243205136">
    <tag k="mgrs_code" v="32UPU982491"/>
    <tag k="local_x" v="98201.576"/>
    <tag k="local_y" v="49116.3575"/>
    <tag k="ele" v="520.4943"/>
  </node>
  <node id="34236" lat="48.26422424147095" lon="11.670770362540722">
    <tag k="mgrs_code" v="32UPU981491"/>
    <tag k="local_x" v="98199.9269"/>
    <tag k="local_y" v="49116.6291"/>
    <tag k="ele" v="520.4879"/>
  </node>
  <node id="34241" lat="48.26402957657463" lon="11.668467555110048">
    <tag k="mgrs_code" v="32UPU980490"/>
    <tag k="local_x" v="98029.8002"/>
    <tag k="local_y" v="49089.0489"/>
    <tag k="ele" v="520.4921"/>
  </node>
  <node id="34242" lat="48.264024540905986" lon="11.668510661851544">
    <tag k="mgrs_code" v="32UPU980490"/>
    <tag k="local_x" v="98033.0184"/>
    <tag k="local_y" v="49088.6005"/>
    <tag k="ele" v="520.4753"/>
  </node>
  <node id="34243" lat="48.263998420386976" lon="11.668427108696148">
    <tag k="mgrs_code" v="32UPU980490"/>
    <tag k="local_x" v="98026.9193"/>
    <tag k="local_y" v="49085.4819"/>
    <tag k="ele" v="520.6013"/>
  </node>
  <node id="34244" lat="48.26399113678078" lon="11.668485726638862">
    <tag k="mgrs_code" v="32UPU980490"/>
    <tag k="local_x" v="98031.2972"/>
    <tag k="local_y" v="49084.8237"/>
    <tag k="ele" v="520.5888"/>
  </node>
  <node id="34249" lat="48.264484612494066" lon="11.667806982523905">
    <tag k="mgrs_code" v="32UPU979491"/>
    <tag k="local_x" v="97979.024"/>
    <tag k="local_y" v="49137.9158"/>
    <tag k="ele" v="520.5637"/>
  </node>
  <node id="34250" lat="48.264490756535785" lon="11.667808287606553">
    <tag k="mgrs_code" v="32UPU979491"/>
    <tag k="local_x" v="97979.0971"/>
    <tag k="local_y" v="49138.602"/>
    <tag k="ele" v="520.5683"/>
  </node>
  <node id="34251" lat="48.264497348908066" lon="11.667809117414114">
    <tag k="mgrs_code" v="32UPU979491"/>
    <tag k="local_x" v="97979.1332"/>
    <tag k="local_y" v="49139.3368"/>
    <tag k="ele" v="520.5727"/>
  </node>
  <node id="34252" lat="48.264504414185964" lon="11.66780914979488">
    <tag k="mgrs_code" v="32UPU979491"/>
    <tag k="local_x" v="97979.1083"/>
    <tag k="local_y" v="49140.1221"/>
    <tag k="ele" v="520.5767"/>
  </node>
  <node id="34253" lat="48.26451189903875" lon="11.66780804641114">
    <tag k="mgrs_code" v="32UPU979491"/>
    <tag k="local_x" v="97978.9975"/>
    <tag k="local_y" v="49140.9511"/>
    <tag k="ele" v="520.5807"/>
  </node>
  <node id="34254" lat="48.26451965638208" lon="11.66780551525247">
    <tag k="mgrs_code" v="32UPU979491"/>
    <tag k="local_x" v="97978.7797"/>
    <tag k="local_y" v="49141.8067"/>
    <tag k="ele" v="520.5845"/>
  </node>
  <node id="34255" lat="48.26452744660529" lon="11.667801374038373">
    <tag k="mgrs_code" v="32UPU979491"/>
    <tag k="local_x" v="97978.4423"/>
    <tag k="local_y" v="49142.6618"/>
    <tag k="ele" v="520.5884"/>
  </node>
  <node id="34256" lat="48.264531213403465" lon="11.66779849356035">
    <tag k="mgrs_code" v="32UPU979491"/>
    <tag k="local_x" v="97978.214"/>
    <tag k="local_y" v="49143.073"/>
    <tag k="ele" v="520.5905"/>
  </node>
  <node id="34257" lat="48.26453497930289" lon="11.667795613035125">
    <tag k="mgrs_code" v="32UPU979491"/>
    <tag k="local_x" v="97977.9857"/>
    <tag k="local_y" v="49143.4841"/>
    <tag k="ele" v="520.5925"/>
  </node>
  <node id="34258" lat="48.26454197094762" lon="11.667788391321388">
    <tag k="mgrs_code" v="32UPU979491"/>
    <tag k="local_x" v="97977.4228"/>
    <tag k="local_y" v="49144.2425"/>
    <tag k="ele" v="520.5963"/>
  </node>
  <node id="34259" lat="48.26454819637408" lon="11.667779989606927">
    <tag k="mgrs_code" v="32UPU979491"/>
    <tag k="local_x" v="97976.7753"/>
    <tag k="local_y" v="49144.9127"/>
    <tag k="ele" v="520.5997"/>
  </node>
  <node id="34260" lat="48.26455351296473" lon="11.667770737372672">
    <tag k="mgrs_code" v="32UPU979491"/>
    <tag k="local_x" v="97976.0682"/>
    <tag k="local_y" v="49145.4797"/>
    <tag k="ele" v="520.6028"/>
  </node>
  <node id="34261" lat="48.264557845043605" lon="11.667760948719065">
    <tag k="mgrs_code" v="32UPU979491"/>
    <tag k="local_x" v="97975.3251"/>
    <tag k="local_y" v="49145.9359"/>
    <tag k="ele" v="520.606"/>
  </node>
  <node id="34262" lat="48.26456117018431" lon="11.66775089200505">
    <tag k="mgrs_code" v="32UPU979491"/>
    <tag k="local_x" v="97974.566"/>
    <tag k="local_y" v="49146.2795"/>
    <tag k="ele" v="520.6098"/>
  </node>
  <node id="34263" lat="48.264563490576656" lon="11.667740782966359">
    <tag k="mgrs_code" v="32UPU979491"/>
    <tag k="local_x" v="97973.8069"/>
    <tag k="local_y" v="49146.5113"/>
    <tag k="ele" v="520.6144"/>
  </node>
  <node id="34267" lat="48.26478486174442" lon="11.670759580726841">
    <tag k="mgrs_code" v="32UPU981491"/>
    <tag k="local_x" v="98196.958"/>
    <tag k="local_y" v="49178.9071"/>
    <tag k="ele" v="520.3764"/>
  </node>
  <node id="34268" lat="48.26475482625031" lon="11.670752172802688">
    <tag k="mgrs_code" v="32UPU981491"/>
    <tag k="local_x" v="98196.5245"/>
    <tag k="local_y" v="49175.5499"/>
    <tag k="ele" v="520.3775"/>
  </node>
  <node id="34269" lat="48.26471825049525" lon="11.670647073333754">
    <tag k="mgrs_code" v="32UPU981491"/>
    <tag k="local_x" v="98188.8672"/>
    <tag k="local_y" v="49171.2135"/>
    <tag k="ele" v="520.5571"/>
  </node>
  <node id="34270" lat="48.264761453204656" lon="11.670658442401827">
    <tag k="mgrs_code" v="32UPU981491"/>
    <tag k="local_x" v="98189.5437"/>
    <tag k="local_y" v="49176.0443"/>
    <tag k="ele" v="520.5641"/>
  </node>
  <node id="34275" lat="48.265228353940934" lon="11.66795996233375">
    <tag k="mgrs_code" v="32UPU979492"/>
    <tag k="local_x" v="97987.5015"/>
    <tag k="local_y" v="49220.968"/>
    <tag k="ele" v="520.6547"/>
  </node>
  <node id="34276" lat="48.265222239725695" lon="11.66800907163982">
    <tag k="mgrs_code" v="32UPU979492"/>
    <tag k="local_x" v="97991.1692"/>
    <tag k="local_y" v="49220.4152"/>
    <tag k="ele" v="520.6427"/>
  </node>
  <node id="34277" lat="48.2652195658784" lon="11.668030760258459">
    <tag k="mgrs_code" v="32UPU979492"/>
    <tag k="local_x" v="97992.7889"/>
    <tag k="local_y" v="49220.174"/>
    <tag k="ele" v="520.6433"/>
  </node>
  <node id="34278" lat="48.26518808838193" lon="11.667967910614209">
    <tag k="mgrs_code" v="32UPU979492"/>
    <tag k="local_x" v="97988.2469"/>
    <tag k="local_y" v="49216.5135"/>
    <tag k="ele" v="520.6917"/>
  </node>
  <node id="34279" lat="48.26518274350289" lon="11.668012329703572">
    <tag k="mgrs_code" v="32UPU979492"/>
    <tag k="local_x" v="97991.5636"/>
    <tag k="local_y" v="49216.0341"/>
    <tag k="ele" v="520.6659"/>
  </node>
  <node id="34280" lat="48.26518541596016" lon="11.66799011948712">
    <tag k="mgrs_code" v="32UPU979492"/>
    <tag k="local_x" v="97989.9052"/>
    <tag k="local_y" v="49216.2738"/>
    <tag k="ele" v="520.6788"/>
  </node>
  <node id="34285" lat="48.26426653548375" lon="11.67062218203933">
    <tag k="mgrs_code" v="32UPU981491"/>
    <tag k="local_x" v="98188.7676"/>
    <tag k="local_y" v="49120.9468"/>
    <tag k="ele" v="520.4402"/>
  </node>
  <node id="34286" lat="48.264256231645746" lon="11.670619255542736">
    <tag k="mgrs_code" v="32UPU981491"/>
    <tag k="local_x" v="98188.5903"/>
    <tag k="local_y" v="49119.7941"/>
    <tag k="ele" v="520.4496"/>
  </node>
  <node id="34287" lat="48.26423487258144" lon="11.670612282587852">
    <tag k="mgrs_code" v="32UPU981491"/>
    <tag k="local_x" v="98188.1555"/>
    <tag k="local_y" v="49117.4023"/>
    <tag k="ele" v="520.4619"/>
  </node>
  <node id="34288" lat="48.264229877820306" lon="11.670611355129036">
    <tag k="mgrs_code" v="32UPU981491"/>
    <tag k="local_x" v="98188.106"/>
    <tag k="local_y" v="49116.8448"/>
    <tag k="ele" v="520.4644"/>
  </node>
  <node id="34289" lat="48.26422464330682" lon="11.670611064726357">
    <tag k="mgrs_code" v="32UPU981491"/>
    <tag k="local_x" v="98188.1047"/>
    <tag k="local_y" v="49116.2623"/>
    <tag k="ele" v="520.4671"/>
  </node>
  <node id="34290" lat="48.2642192253039" lon="11.670611623194333">
    <tag k="mgrs_code" v="32UPU981491"/>
    <tag k="local_x" v="98188.1671"/>
    <tag k="local_y" v="49115.6616"/>
    <tag k="ele" v="520.4701"/>
  </node>
  <node id="34291" lat="48.26421371658543" lon="11.67061321999356">
    <tag k="mgrs_code" v="32UPU981491"/>
    <tag k="local_x" v="98188.3069"/>
    <tag k="local_y" v="49115.0535"/>
    <tag k="ele" v="520.4736"/>
  </node>
  <node id="34292" lat="48.2642089352057" lon="11.670615655198013">
    <tag k="mgrs_code" v="32UPU981491"/>
    <tag k="local_x" v="98188.5061"/>
    <tag k="local_y" v="49114.5284"/>
    <tag k="ele" v="520.477"/>
  </node>
  <node id="34293" lat="48.264209618113696" lon="11.670615308074135">
    <tag k="mgrs_code" v="32UPU981491"/>
    <tag k="local_x" v="98188.4777"/>
    <tag k="local_y" v="49114.6034"/>
    <tag k="ele" v="520.4765"/>
  </node>
  <node id="34294" lat="48.26421030195167" lon="11.6706149596511">
    <tag k="mgrs_code" v="32UPU981491"/>
    <tag k="local_x" v="98188.4492"/>
    <tag k="local_y" v="49114.6785"/>
    <tag k="ele" v="520.476"/>
  </node>
  <node id="34295" lat="48.26421098485964" lon="11.670614612527197">
    <tag k="mgrs_code" v="32UPU981491"/>
    <tag k="local_x" v="98188.4208"/>
    <tag k="local_y" v="49114.7535"/>
    <tag k="ele" v="520.4755"/>
  </node>
  <node id="34296" lat="48.26421166779891" lon="11.670614264057306">
    <tag k="mgrs_code" v="32UPU981491"/>
    <tag k="local_x" v="98188.3923"/>
    <tag k="local_y" v="49114.8285"/>
    <tag k="ele" v="520.475"/>
  </node>
  <node id="34297" lat="48.264212350738184" lon="11.670613915587403">
    <tag k="mgrs_code" v="32UPU981491"/>
    <tag k="local_x" v="98188.3638"/>
    <tag k="local_y" v="49114.9035"/>
    <tag k="ele" v="520.4745"/>
  </node>
  <node id="34298" lat="48.26421303364618" lon="11.67061356846347">
    <tag k="mgrs_code" v="32UPU981491"/>
    <tag k="local_x" v="98188.3354"/>
    <tag k="local_y" v="49114.9785"/>
    <tag k="ele" v="520.4741"/>
  </node>
  <node id="34299" lat="48.26420825226642" lon="11.670616003667869">
    <tag k="mgrs_code" v="32UPU981491"/>
    <tag k="local_x" v="98188.5346"/>
    <tag k="local_y" v="49114.4534"/>
    <tag k="ele" v="520.4775"/>
  </node>
  <node id="34300" lat="48.26420300066809" lon="11.670620049025331">
    <tag k="mgrs_code" v="32UPU981491"/>
    <tag k="local_x" v="98188.8551"/>
    <tag k="local_y" v="49113.8802"/>
    <tag k="ele" v="520.482"/>
  </node>
  <node id="34301" lat="48.26419815185366" lon="11.670625347107215">
    <tag k="mgrs_code" v="32UPU981491"/>
    <tag k="local_x" v="98189.267"/>
    <tag k="local_y" v="49113.355"/>
    <tag k="ele" v="520.4872"/>
  </node>
  <node id="34302" lat="48.26419389906859" lon="11.670631790744359">
    <tag k="mgrs_code" v="32UPU981491"/>
    <tag k="local_x" v="98189.7616"/>
    <tag k="local_y" v="49112.899"/>
    <tag k="ele" v="520.4932"/>
  </node>
  <node id="34303" lat="48.26419041939871" lon="11.670639193763249">
    <tag k="mgrs_code" v="32UPU981491"/>
    <tag k="local_x" v="98190.3244"/>
    <tag k="local_y" v="49112.5314"/>
    <tag k="ele" v="520.5"/>
  </node>
  <node id="34304" lat="48.264187856131855" lon="11.670647314323736">
    <tag k="mgrs_code" v="32UPU981491"/>
    <tag k="local_x" v="98190.9369"/>
    <tag k="local_y" v="49112.2675"/>
    <tag k="ele" v="520.5078"/>
  </node>
  <node id="34305" lat="48.2641869530938" lon="11.670651558076905">
    <tag k="mgrs_code" v="32UPU981491"/>
    <tag k="local_x" v="98191.2553"/>
    <tag k="local_y" v="49112.1781"/>
    <tag k="ele" v="520.5121"/>
  </node>
  <node id="34306" lat="48.26427008335175" lon="11.670530693469091">
    <tag k="mgrs_code" v="32UPU981491"/>
    <tag k="local_x" v="98181.965"/>
    <tag k="local_y" v="49121.1048"/>
    <tag k="ele" v="520.5042"/>
  </node>
  <node id="34307" lat="48.264260713388495" lon="11.670529513680606">
    <tag k="mgrs_code" v="32UPU981491"/>
    <tag k="local_x" v="98181.9137"/>
    <tag k="local_y" v="49120.0604"/>
    <tag k="ele" v="520.4965"/>
  </node>
  <node id="34308" lat="48.26425113427475" lon="11.6705290480115">
    <tag k="mgrs_code" v="32UPU981491"/>
    <tag k="local_x" v="98181.9162"/>
    <tag k="local_y" v="49118.9946"/>
    <tag k="ele" v="520.4883"/>
  </node>
  <node id="34309" lat="48.264241302714154" lon="11.670529455919247">
    <tag k="mgrs_code" v="32UPU981491"/>
    <tag k="local_x" v="98181.9845"/>
    <tag k="local_y" v="49117.903"/>
    <tag k="ele" v="520.4798"/>
  </node>
  <node id="34310" lat="48.264231190460784" lon="11.67053094616017">
    <tag k="mgrs_code" v="32UPU981491"/>
    <tag k="local_x" v="98182.1342"/>
    <tag k="local_y" v="49116.783"/>
    <tag k="ele" v="520.4711"/>
  </node>
  <node id="34311" lat="48.26422080062081" lon="11.670533772248753">
    <tag k="mgrs_code" v="32UPU981491"/>
    <tag k="local_x" v="98182.3841"/>
    <tag k="local_y" v="49115.6356"/>
    <tag k="ele" v="520.4625"/>
  </node>
  <node id="34312" lat="48.2642101784996" lon="11.670538230327812">
    <tag k="mgrs_code" v="32UPU981491"/>
    <tag k="local_x" v="98182.756"/>
    <tag k="local_y" v="49114.4666"/>
    <tag k="ele" v="520.4543"/>
  </node>
  <node id="34313" lat="48.26419944275149" lon="11.670544635187417">
    <tag k="mgrs_code" v="32UPU981491"/>
    <tag k="local_x" v="98183.2728"/>
    <tag k="local_y" v="49113.29"/>
    <tag k="ele" v="520.4466"/>
  </node>
  <node id="34314" lat="48.26419409357275" lon="11.670548659293145">
    <tag k="mgrs_code" v="32UPU981491"/>
    <tag k="local_x" v="98183.5921"/>
    <tag k="local_y" v="49112.7059"/>
    <tag k="ele" v="520.443"/>
  </node>
  <node id="34315" lat="48.2641888027452" lon="11.670553269960552">
    <tag k="mgrs_code" v="32UPU981491"/>
    <tag k="local_x" v="98183.9547"/>
    <tag k="local_y" v="49112.1298"/>
    <tag k="ele" v="520.4397"/>
  </node>
  <node id="34316" lat="48.26418361489094" lon="11.670558482991858">
    <tag k="mgrs_code" v="32UPU981491"/>
    <tag k="local_x" v="98184.3616"/>
    <tag k="local_y" v="49111.5667"/>
    <tag k="ele" v="520.4366"/>
  </node>
  <node id="34317" lat="48.26417857587481" lon="11.67056429943028">
    <tag k="mgrs_code" v="32UPU981491"/>
    <tag k="local_x" v="98184.8127"/>
    <tag k="local_y" v="49111.0217"/>
    <tag k="ele" v="520.4337"/>
  </node>
  <node id="34318" lat="48.26417373903274" lon="11.670570708579897">
    <tag k="mgrs_code" v="32UPU981491"/>
    <tag k="local_x" v="98185.307"/>
    <tag k="local_y" v="49110.5007"/>
    <tag k="ele" v="520.4312"/>
  </node>
  <node id="34319" lat="48.26416915556764" lon="11.670577675376418">
    <tag k="mgrs_code" v="32UPU981491"/>
    <tag k="local_x" v="98185.8417"/>
    <tag k="local_y" v="49110.0093"/>
    <tag k="ele" v="520.429"/>
  </node>
  <node id="34320" lat="48.264164874267856" lon="11.670585152501191">
    <tag k="mgrs_code" v="32UPU981491"/>
    <tag k="local_x" v="98186.4131"/>
    <tag k="local_y" v="49109.5528"/>
    <tag k="ele" v="520.4271"/>
  </node>
  <node id="34321" lat="48.26416093896747" lon="11.670593073510606">
    <tag k="mgrs_code" v="32UPU981491"/>
    <tag k="local_x" v="98187.0161"/>
    <tag k="local_y" v="49109.1359"/>
    <tag k="ele" v="520.4257"/>
  </node>
  <node id="34322" lat="48.26415738476382" lon="11.670601360724717">
    <tag k="mgrs_code" v="32UPU981491"/>
    <tag k="local_x" v="98187.6448"/>
    <tag k="local_y" v="49108.7623"/>
    <tag k="ele" v="520.4246"/>
  </node>
  <node id="34323" lat="48.264154234328906" lon="11.670609929077736">
    <tag k="mgrs_code" v="32UPU981491"/>
    <tag k="local_x" v="98188.2928"/>
    <tag k="local_y" v="49108.4343"/>
    <tag k="ele" v="520.424"/>
  </node>
  <node id="34324" lat="48.264151502215206" lon="11.670618694428294">
    <tag k="mgrs_code" v="32UPU981491"/>
    <tag k="local_x" v="98188.9538"/>
    <tag k="local_y" v="49108.1533"/>
    <tag k="ele" v="520.4239"/>
  </node>
  <node id="34325" lat="48.26414918943214" lon="11.670627574624259">
    <tag k="mgrs_code" v="32UPU981491"/>
    <tag k="local_x" v="98189.6217"/>
    <tag k="local_y" v="49107.9192"/>
    <tag k="ele" v="520.4242"/>
  </node>
  <node id="34326" lat="48.26414729060439" lon="11.670636491223584">
    <tag k="mgrs_code" v="32UPU981491"/>
    <tag k="local_x" v="98190.2907"/>
    <tag k="local_y" v="49107.7312"/>
    <tag k="ele" v="520.4251"/>
  </node>
  <node id="34331" lat="48.26447820754908" lon="11.66780583096061">
    <tag k="mgrs_code" v="32UPU979491"/>
    <tag k="local_x" v="97978.9633"/>
    <tag k="local_y" v="49137.201"/>
    <tag k="ele" v="520.5528"/>
  </node>
  <node id="34332" lat="48.26448047375445" lon="11.667807280436788">
    <tag k="mgrs_code" v="32UPU979491"/>
    <tag k="local_x" v="97979.0621"/>
    <tag k="local_y" v="49137.4566"/>
    <tag k="ele" v="520.5513"/>
  </node>
  <node id="34333" lat="48.264482588200465" lon="11.66780922063299">
    <tag k="mgrs_code" v="32UPU979491"/>
    <tag k="local_x" v="97979.1979"/>
    <tag k="local_y" v="49137.6966"/>
    <tag k="ele" v="520.549"/>
  </node>
  <node id="34334" lat="48.264484302437054" lon="11.667811346174934">
    <tag k="mgrs_code" v="32UPU979491"/>
    <tag k="local_x" v="97979.349"/>
    <tag k="local_y" v="49137.8926"/>
    <tag k="ele" v="520.5432"/>
  </node>
  <node id="34335" lat="48.264487275198405" lon="11.667816584249634">
    <tag k="mgrs_code" v="32UPU979491"/>
    <tag k="local_x" v="97979.7262"/>
    <tag k="local_y" v="49138.2365"/>
    <tag k="ele" v="520.5198"/>
  </node>
  <node id="34336" lat="48.26448835136954" lon="11.667819257391809">
    <tag k="mgrs_code" v="32UPU979491"/>
    <tag k="local_x" v="97979.9204"/>
    <tag k="local_y" v="49138.363"/>
    <tag k="ele" v="520.5098"/>
  </node>
  <node id="34337" lat="48.264488197391906" lon="11.667818874731836">
    <tag k="mgrs_code" v="32UPU979491"/>
    <tag k="local_x" v="97979.8926"/>
    <tag k="local_y" v="49138.3449"/>
    <tag k="ele" v="520.5113"/>
  </node>
  <node id="34338" lat="48.264488044281705" lon="11.667818493464674">
    <tag k="mgrs_code" v="32UPU979491"/>
    <tag k="local_x" v="97979.8649"/>
    <tag k="local_y" v="49138.3269"/>
    <tag k="ele" v="520.5127"/>
  </node>
  <node id="34339" lat="48.26448789027282" lon="11.667818112150684">
    <tag k="mgrs_code" v="32UPU979491"/>
    <tag k="local_x" v="97979.8372"/>
    <tag k="local_y" v="49138.3088"/>
    <tag k="ele" v="520.5141"/>
  </node>
  <node id="34340" lat="48.26448773629515" lon="11.66781772949073">
    <tag k="mgrs_code" v="32UPU979491"/>
    <tag k="local_x" v="97979.8094"/>
    <tag k="local_y" v="49138.2907"/>
    <tag k="ele" v="520.5155"/>
  </node>
  <node id="34341" lat="48.26448758228627" lon="11.66781734817676">
    <tag k="mgrs_code" v="32UPU979491"/>
    <tag k="local_x" v="97979.7817"/>
    <tag k="local_y" v="49138.2726"/>
    <tag k="ele" v="520.517"/>
  </node>
  <node id="34342" lat="48.264487429176064" lon="11.667816966909601">
    <tag k="mgrs_code" v="32UPU979491"/>
    <tag k="local_x" v="97979.754"/>
    <tag k="local_y" v="49138.2546"/>
    <tag k="ele" v="520.5184"/>
  </node>
  <node id="34343" lat="48.26448850537846" lon="11.667819638705785">
    <tag k="mgrs_code" v="32UPU979491"/>
    <tag k="local_x" v="97979.9481"/>
    <tag k="local_y" v="49138.3811"/>
    <tag k="ele" v="520.5084"/>
  </node>
  <node id="34344" lat="48.264489741744796" lon="11.667824364545824">
    <tag k="mgrs_code" v="32UPU979491"/>
    <tag k="local_x" v="97980.294"/>
    <tag k="local_y" v="49138.5307"/>
    <tag k="ele" v="520.4951"/>
  </node>
  <node id="34345" lat="48.26449034003692" lon="11.667829522089091">
    <tag k="mgrs_code" v="32UPU979491"/>
    <tag k="local_x" v="97980.6744"/>
    <tag k="local_y" v="49138.6105"/>
    <tag k="ele" v="520.4823"/>
  </node>
  <node id="34346" lat="48.264490395507224" lon="11.667834845422288">
    <tag k="mgrs_code" v="32UPU979491"/>
    <tag k="local_x" v="97981.0692"/>
    <tag k="local_y" v="49138.6304"/>
    <tag k="ele" v="520.4702"/>
  </node>
  <node id="34347" lat="48.26449003410513" lon="11.667840141655123">
    <tag k="mgrs_code" v="32UPU979491"/>
    <tag k="local_x" v="97981.4636"/>
    <tag k="local_y" v="49138.6039"/>
    <tag k="ele" v="520.459"/>
  </node>
  <node id="34351" lat="48.26451823346624" lon="11.66786079779084">
    <tag k="mgrs_code" v="32UPU979491"/>
    <tag k="local_x" v="97982.8874"/>
    <tag k="local_y" v="49141.7912"/>
    <tag k="ele" v="520.4819"/>
  </node>
  <node id="34352" lat="48.26448821815121" lon="11.667852706722568">
    <tag k="mgrs_code" v="32UPU979491"/>
    <tag k="local_x" v="97982.403"/>
    <tag k="local_y" v="49138.4345"/>
    <tag k="ele" v="520.4456"/>
  </node>
  <node id="34357" lat="48.26424955153351" lon="11.667689645472022">
    <tag k="mgrs_code" v="32UPU979491"/>
    <tag k="local_x" v="97971.2254"/>
    <tag k="local_y" v="49111.489"/>
    <tag k="ele" v="520.6188"/>
  </node>
  <node id="34358" lat="48.264230418538546" lon="11.66768456448419">
    <tag k="mgrs_code" v="32UPU979491"/>
    <tag k="local_x" v="97970.9223"/>
    <tag k="local_y" v="49109.3495"/>
    <tag k="ele" v="520.6233"/>
  </node>
  <node id="34359" lat="48.264211286441956" lon="11.667679483547248">
    <tag k="mgrs_code" v="32UPU979491"/>
    <tag k="local_x" v="97970.6192"/>
    <tag k="local_y" v="49107.2101"/>
    <tag k="ele" v="520.6278"/>
  </node>
  <node id="34363" lat="48.26517017967272" lon="11.668438327308243">
    <tag k="mgrs_code" v="32UPU980492"/>
    <tag k="local_x" v="98023.2226"/>
    <tag k="local_y" v="49215.7371"/>
    <tag k="ele" v="520.4919"/>
  </node>
  <node id="34364" lat="48.26516898891466" lon="11.668448338951315">
    <tag k="mgrs_code" v="32UPU980492"/>
    <tag k="local_x" v="98023.9701"/>
    <tag k="local_y" v="49215.6306"/>
    <tag k="ele" v="520.4926"/>
  </node>
  <node id="34365" lat="48.2651297850047" lon="11.668447261696082">
    <tag k="mgrs_code" v="32UPU980492"/>
    <tag k="local_x" v="98024.0417"/>
    <tag k="local_y" v="49211.2708"/>
    <tag k="ele" v="520.5762"/>
  </node>
  <node id="34366" lat="48.26513151044099" lon="11.668432823938222">
    <tag k="mgrs_code" v="32UPU980492"/>
    <tag k="local_x" v="98022.9637"/>
    <tag k="local_y" v="49211.4253"/>
    <tag k="ele" v="520.574"/>
  </node>
  <node id="34371" lat="48.264534653310896" lon="11.667463491156585">
    <tag k="mgrs_code" v="32UPU979491"/>
    <tag k="local_x" v="97953.3421"/>
    <tag k="local_y" v="49142.591"/>
    <tag k="ele" v="520.4696"/>
  </node>
  <node id="34372" lat="48.26452766520476" lon="11.667523432431924">
    <tag k="mgrs_code" v="32UPU979491"/>
    <tag k="local_x" v="97957.817"/>
    <tag k="local_y" v="49141.969"/>
    <tag k="ele" v="520.4519"/>
  </node>
  <node id="34373" lat="48.26452041560076" lon="11.667583396460312">
    <tag k="mgrs_code" v="32UPU979491"/>
    <tag k="local_x" v="97962.2946"/>
    <tag k="local_y" v="49141.318"/>
    <tag k="ele" v="520.4501"/>
  </node>
  <node id="34377" lat="48.2642621208399" lon="11.670041966611118">
    <tag k="mgrs_code" v="32UPU981491"/>
    <tag k="local_x" v="98145.73"/>
    <tag k="local_y" v="49118.9577"/>
    <tag k="ele" v="520.5178"/>
  </node>
  <node id="34378" lat="48.26426637942139" lon="11.670005608646573">
    <tag k="mgrs_code" v="32UPU981491"/>
    <tag k="local_x" v="98143.0156"/>
    <tag k="local_y" v="49119.3371"/>
    <tag k="ele" v="520.5166"/>
  </node>
  <node id="34379" lat="48.26427063892147" lon="11.669969249376367">
    <tag k="mgrs_code" v="32UPU981491"/>
    <tag k="local_x" v="98140.3011"/>
    <tag k="local_y" v="49119.7166"/>
    <tag k="ele" v="520.5153"/>
  </node>
  <node id="34380" lat="48.26427278497444" lon="11.670190207291762">
    <tag k="mgrs_code" v="32UPU981491"/>
    <tag k="local_x" v="98156.6889"/>
    <tag k="local_y" v="49120.5257"/>
    <tag k="ele" v="520.5942"/>
  </node>
  <node id="34381" lat="48.26427374424245" lon="11.670185672672257">
    <tag k="mgrs_code" v="32UPU981491"/>
    <tag k="local_x" v="98156.3487"/>
    <tag k="local_y" v="49120.6206"/>
    <tag k="ele" v="520.5865"/>
  </node>
  <node id="34382" lat="48.26428210662159" lon="11.670115323191563">
    <tag k="mgrs_code" v="32UPU981491"/>
    <tag k="local_x" v="98151.0961"/>
    <tag k="local_y" v="49121.3683"/>
    <tag k="ele" v="520.5747"/>
  </node>
  <node id="34387" lat="48.269631495917615" lon="11.668372316414496">
    <tag k="mgrs_code" v="32UPU980497"/>
    <tag k="local_x" v="98001.0798"/>
    <tag k="local_y" v="49711.3859"/>
    <tag k="ele" v="519.0884"/>
  </node>
  <node id="34388" lat="48.26963366452185" lon="11.668375798808553">
    <tag k="mgrs_code" v="32UPU980497"/>
    <tag k="local_x" v="98001.3298"/>
    <tag k="local_y" v="49711.6359"/>
    <tag k="ele" v="519.0884"/>
  </node>
  <node id="34390" lat="48.26427722903756" lon="11.67061616040925">
    <tag k="mgrs_code" v="32UPU981491"/>
    <tag k="local_x" v="98188.2794"/>
    <tag k="local_y" v="49122.1197"/>
    <tag k="ele" v="520.436"/>
  </node>
  <node id="34391" lat="48.26428692671104" lon="11.670543731138501">
    <tag k="mgrs_code" v="32UPU981491"/>
    <tag k="local_x" v="98182.8673"/>
    <tag k="local_y" v="49123.0104"/>
    <tag k="ele" v="520.5094"/>
  </node>
  <node id="34393" lat="48.26438769172969" lon="11.668535876090935">
    <tag k="mgrs_code" v="32UPU980491"/>
    <tag k="local_x" v="98033.4857"/>
    <tag k="local_y" v="49129.0252"/>
    <tag k="ele" v="520.5684"/>
  </node>
  <node id="34394" lat="48.26438008037969" lon="11.668604420185043">
    <tag k="mgrs_code" v="32UPU980491"/>
    <tag k="local_x" v="98038.6014"/>
    <tag k="local_y" v="49128.3562"/>
    <tag k="ele" v="520.5106"/>
  </node>
  <node id="34396" lat="48.26454479338265" lon="11.667872657478117">
    <tag k="mgrs_code" v="32UPU979491"/>
    <tag k="local_x" v="97983.6648"/>
    <tag k="local_y" v="49144.7736"/>
    <tag k="ele" v="520.6102"/>
  </node>
  <node id="34397" lat="48.264520650499485" lon="11.667865943591865">
    <tag k="mgrs_code" v="32UPU979491"/>
    <tag k="local_x" v="97983.2599"/>
    <tag k="local_y" v="49142.0731"/>
    <tag k="ele" v="520.4957"/>
  </node>
  <node id="34399" lat="48.26417223856655" lon="11.66767292484581">
    <tag k="mgrs_code" v="32UPU979491"/>
    <tag k="local_x" v="97970.2834"/>
    <tag k="local_y" v="49102.8535"/>
    <tag k="ele" v="520.6252"/>
  </node>
  <node id="34400" lat="48.26416977504048" lon="11.667692106633329">
    <tag k="mgrs_code" v="32UPU979491"/>
    <tag k="local_x" v="97971.7163"/>
    <tag k="local_y" v="49102.6292"/>
    <tag k="ele" v="520.5926"/>
  </node>
  <node id="34402" lat="48.26447517679895" lon="11.667801269073088">
    <tag k="mgrs_code" v="32UPU979491"/>
    <tag k="local_x" v="97978.6365"/>
    <tag k="local_y" v="49136.8524"/>
    <tag k="ele" v="520.5517"/>
  </node>
  <node id="34403" lat="48.26447751869712" lon="11.667778761630188">
    <tag k="mgrs_code" v="32UPU979491"/>
    <tag k="local_x" v="97976.9573"/>
    <tag k="local_y" v="49137.0546"/>
    <tag k="ele" v="520.5511"/>
  </node>
  <node id="34405" lat="48.26427554769149" lon="11.670615951471415">
    <tag k="mgrs_code" v="32UPU981491"/>
    <tag k="local_x" v="98188.2704"/>
    <tag k="local_y" v="49121.9323"/>
    <tag k="ele" v="520.4358"/>
  </node>
  <node id="34406" lat="48.2642850579861" lon="11.670544732035705">
    <tag k="mgrs_code" v="32UPU981491"/>
    <tag k="local_x" v="98182.9488"/>
    <tag k="local_y" v="49122.8053"/>
    <tag k="ele" v="520.5076"/>
  </node>
  <node id="34408" lat="48.26447675551894" lon="11.667778535913465">
    <tag k="mgrs_code" v="32UPU979491"/>
    <tag k="local_x" v="97976.9435"/>
    <tag k="local_y" v="49136.9692"/>
    <tag k="ele" v="520.5509"/>
  </node>
  <node id="34409" lat="48.2644739866304" lon="11.667801258302461">
    <tag k="mgrs_code" v="32UPU979491"/>
    <tag k="local_x" v="97978.6403"/>
    <tag k="local_y" v="49136.7201"/>
    <tag k="ele" v="520.5514"/>
  </node>
  <node id="34411" lat="48.26415476725924" lon="11.667602620626065">
    <tag k="mgrs_code" v="32UPU979491"/>
    <tag k="local_x" v="97965.134"/>
    <tag k="local_y" v="49100.7304"/>
    <tag k="ele" v="520.5925"/>
  </node>
  <node id="34412" lat="48.264093220656385" lon="11.667584414032737">
    <tag k="mgrs_code" v="32UPU979490"/>
    <tag k="local_x" v="97964.0208"/>
    <tag k="local_y" v="49093.8433"/>
    <tag k="ele" v="520.591"/>
  </node>
  <node id="34414" lat="48.26416357310467" lon="11.667605349912439">
    <tag k="mgrs_code" v="32UPU979491"/>
    <tag k="local_x" v="97965.3025"/>
    <tag k="local_y" v="49101.7161"/>
    <tag k="ele" v="522.393"/>
  </node>
  <node id="34415" lat="48.264156528068874" lon="11.66760316646454">
    <tag k="mgrs_code" v="32UPU979491"/>
    <tag k="local_x" v="97965.1677"/>
    <tag k="local_y" v="49100.9275"/>
    <tag k="ele" v="522.3926"/>
  </node>
  <node id="34418" lat="48.26404025749529" lon="11.668381359877733">
    <tag k="mgrs_code" v="32UPU980490"/>
    <tag k="local_x" v="98023.3628"/>
    <tag k="local_y" v="49090.0135"/>
    <tag k="ele" v="520.6058"/>
  </node>
  <node id="34419" lat="48.264004785640566" lon="11.668371148918647">
    <tag k="mgrs_code" v="32UPU980490"/>
    <tag k="local_x" v="98022.7422"/>
    <tag k="local_y" v="49086.0449"/>
    <tag k="ele" v="520.6025"/>
  </node>
  <node id="34421" lat="48.26404910615187" lon="11.668383755964244">
    <tag k="mgrs_code" v="32UPU980490"/>
    <tag k="local_x" v="98023.5064"/>
    <tag k="local_y" v="49091.0031"/>
    <tag k="ele" v="522.4069"/>
  </node>
  <node id="34422" lat="48.264042027053115" lon="11.668381838816405">
    <tag k="mgrs_code" v="32UPU980490"/>
    <tag k="local_x" v="98023.3915"/>
    <tag k="local_y" v="49090.2114"/>
    <tag k="ele" v="522.406"/>
  </node>
  <way id="32617">
    <nd ref="32613"/>
    <nd ref="32614"/>
  </way>
  <way id="32618">
    <nd ref="32615"/>
    <nd ref="32616"/>
  </way>
  <way id="32655">
    <nd ref="32621"/>
    <nd ref="32622"/>
    <nd ref="32623"/>
    <nd ref="32624"/>
    <nd ref="32625"/>
    <nd ref="32626"/>
    <nd ref="32627"/>
    <nd ref="32628"/>
    <nd ref="32629"/>
    <nd ref="32630"/>
    <nd ref="32631"/>
    <nd ref="32632"/>
    <nd ref="32633"/>
    <nd ref="32634"/>
    <nd ref="32635"/>
    <nd ref="32636"/>
    <nd ref="32637"/>
  </way>
  <way id="32656">
    <nd ref="32638"/>
    <nd ref="32639"/>
    <nd ref="32640"/>
    <nd ref="32641"/>
    <nd ref="32642"/>
    <nd ref="32643"/>
    <nd ref="32644"/>
    <nd ref="32645"/>
    <nd ref="32646"/>
    <nd ref="32647"/>
    <nd ref="32648"/>
    <nd ref="32649"/>
    <nd ref="32650"/>
    <nd ref="32651"/>
    <nd ref="32652"/>
    <nd ref="32653"/>
    <nd ref="32654"/>
  </way>
  <way id="32665">
    <nd ref="32659"/>
    <nd ref="32660"/>
    <nd ref="32661"/>
  </way>
  <way id="32666">
    <nd ref="32662"/>
    <nd ref="32663"/>
    <nd ref="32664"/>
  </way>
  <way id="32673">
    <nd ref="32669"/>
    <nd ref="32670"/>
  </way>
  <way id="32674">
    <nd ref="32671"/>
    <nd ref="32672"/>
  </way>
  <way id="32687">
    <nd ref="32677"/>
    <nd ref="32678"/>
    <nd ref="32679"/>
    <nd ref="32680"/>
    <nd ref="32681"/>
  </way>
  <way id="32688">
    <nd ref="32682"/>
    <nd ref="32683"/>
    <nd ref="32684"/>
    <nd ref="32685"/>
    <nd ref="32686"/>
  </way>
  <way id="32695">
    <nd ref="32691"/>
    <nd ref="32692"/>
  </way>
  <way id="32696">
    <nd ref="32693"/>
    <nd ref="32694"/>
  </way>
  <way id="32701">
    <nd ref="32699"/>
    <nd ref="32700"/>
  </way>
  <way id="32710">
    <nd ref="32704"/>
    <nd ref="32705"/>
    <nd ref="32706"/>
  </way>
  <way id="32711">
    <nd ref="32707"/>
    <nd ref="32708"/>
    <nd ref="32709"/>
  </way>
  <way id="32720">
    <nd ref="32714"/>
    <nd ref="32715"/>
    <nd ref="32716"/>
    <nd ref="32677"/>
  </way>
  <way id="32721">
    <nd ref="32717"/>
    <nd ref="32718"/>
    <nd ref="32719"/>
    <nd ref="32682"/>
  </way>
  <way id="32744">
    <nd ref="32724"/>
    <nd ref="32725"/>
    <nd ref="32726"/>
    <nd ref="32727"/>
    <nd ref="32728"/>
    <nd ref="32729"/>
    <nd ref="32730"/>
    <nd ref="32731"/>
    <nd ref="32732"/>
    <nd ref="32733"/>
  </way>
  <way id="32745">
    <nd ref="32734"/>
    <nd ref="32735"/>
    <nd ref="32736"/>
    <nd ref="32737"/>
    <nd ref="32738"/>
    <nd ref="32739"/>
    <nd ref="32740"/>
    <nd ref="32741"/>
    <nd ref="32742"/>
    <nd ref="32743"/>
  </way>
  <way id="32756">
    <nd ref="32748"/>
    <nd ref="32749"/>
    <nd ref="32750"/>
    <nd ref="32751"/>
    <nd ref="32659"/>
  </way>
  <way id="32757">
    <nd ref="32752"/>
    <nd ref="32753"/>
    <nd ref="32754"/>
    <nd ref="32755"/>
    <nd ref="32662"/>
  </way>
  <way id="32770">
    <nd ref="32760"/>
    <nd ref="32761"/>
    <nd ref="32762"/>
    <nd ref="32763"/>
    <nd ref="32764"/>
  </way>
  <way id="32771">
    <nd ref="32765"/>
    <nd ref="32766"/>
    <nd ref="32767"/>
    <nd ref="32768"/>
    <nd ref="32769"/>
  </way>
  <way id="32780">
    <nd ref="32774"/>
    <nd ref="32775"/>
    <nd ref="32776"/>
  </way>
  <way id="32781">
    <nd ref="32777"/>
    <nd ref="32778"/>
    <nd ref="32779"/>
  </way>
  <way id="32816">
    <nd ref="32784"/>
    <nd ref="32785"/>
    <nd ref="32786"/>
    <nd ref="32787"/>
    <nd ref="32788"/>
    <nd ref="32789"/>
    <nd ref="32790"/>
    <nd ref="32791"/>
    <nd ref="32792"/>
    <nd ref="32793"/>
    <nd ref="32794"/>
    <nd ref="32795"/>
    <nd ref="32796"/>
    <nd ref="32797"/>
    <nd ref="32798"/>
    <nd ref="32799"/>
    <nd ref="32733"/>
  </way>
  <way id="32817">
    <nd ref="32800"/>
    <nd ref="32801"/>
    <nd ref="32802"/>
    <nd ref="32803"/>
    <nd ref="32804"/>
    <nd ref="32805"/>
    <nd ref="32806"/>
    <nd ref="32807"/>
    <nd ref="32808"/>
    <nd ref="32809"/>
    <nd ref="32810"/>
    <nd ref="32811"/>
    <nd ref="32812"/>
    <nd ref="32813"/>
    <nd ref="32814"/>
    <nd ref="32815"/>
    <nd ref="32743"/>
  </way>
  <way id="32822">
    <nd ref="32820"/>
    <nd ref="32692"/>
  </way>
  <way id="32823">
    <nd ref="32821"/>
    <nd ref="32699"/>
  </way>
  <way id="32832">
    <nd ref="32826"/>
    <nd ref="32827"/>
    <nd ref="32828"/>
    <nd ref="32621"/>
  </way>
  <way id="32833">
    <nd ref="32829"/>
    <nd ref="32830"/>
    <nd ref="32831"/>
    <nd ref="32638"/>
  </way>
  <way id="32842">
    <nd ref="32836"/>
    <nd ref="32837"/>
    <nd ref="32838"/>
  </way>
  <way id="32843">
    <nd ref="32839"/>
    <nd ref="32840"/>
    <nd ref="32841"/>
  </way>
  <way id="32856">
    <nd ref="32846"/>
    <nd ref="32847"/>
    <nd ref="32848"/>
    <nd ref="32849"/>
    <nd ref="32850"/>
  </way>
  <way id="32857">
    <nd ref="32851"/>
    <nd ref="32852"/>
    <nd ref="32853"/>
    <nd ref="32854"/>
    <nd ref="32855"/>
  </way>
  <way id="32882">
    <nd ref="32860"/>
    <nd ref="32861"/>
    <nd ref="32862"/>
    <nd ref="32863"/>
    <nd ref="32864"/>
    <nd ref="32865"/>
    <nd ref="32866"/>
    <nd ref="32867"/>
    <nd ref="32868"/>
    <nd ref="32869"/>
    <nd ref="32870"/>
  </way>
  <way id="32883">
    <nd ref="32871"/>
    <nd ref="32872"/>
    <nd ref="32873"/>
    <nd ref="32874"/>
    <nd ref="32875"/>
    <nd ref="32876"/>
    <nd ref="32877"/>
    <nd ref="32878"/>
    <nd ref="32879"/>
    <nd ref="32880"/>
    <nd ref="32881"/>
  </way>
  <way id="32896">
    <nd ref="32637"/>
    <nd ref="32886"/>
    <nd ref="32887"/>
    <nd ref="32888"/>
    <nd ref="32889"/>
    <nd ref="32890"/>
  </way>
  <way id="32897">
    <nd ref="32654"/>
    <nd ref="32891"/>
    <nd ref="32892"/>
    <nd ref="32893"/>
    <nd ref="32894"/>
    <nd ref="32895"/>
  </way>
  <way id="32902">
    <nd ref="32838"/>
    <nd ref="32900"/>
  </way>
  <way id="32903">
    <nd ref="32841"/>
    <nd ref="32901"/>
  </way>
  <way id="32914">
    <nd ref="32906"/>
    <nd ref="32907"/>
    <nd ref="32908"/>
    <nd ref="32909"/>
  </way>
  <way id="32915">
    <nd ref="32910"/>
    <nd ref="32911"/>
    <nd ref="32912"/>
    <nd ref="32913"/>
  </way>
  <way id="32964">
    <nd ref="32918"/>
    <nd ref="32919"/>
    <nd ref="32920"/>
    <nd ref="32921"/>
    <nd ref="32922"/>
    <nd ref="32923"/>
    <nd ref="32924"/>
    <nd ref="32925"/>
    <nd ref="32926"/>
    <nd ref="32927"/>
    <nd ref="32928"/>
    <nd ref="32929"/>
    <nd ref="32930"/>
    <nd ref="32931"/>
    <nd ref="32932"/>
    <nd ref="32933"/>
    <nd ref="32934"/>
    <nd ref="32935"/>
    <nd ref="32936"/>
    <nd ref="32937"/>
    <nd ref="32938"/>
    <nd ref="32939"/>
    <nd ref="32940"/>
  </way>
  <way id="32965">
    <nd ref="32941"/>
    <nd ref="32942"/>
    <nd ref="32943"/>
    <nd ref="32944"/>
    <nd ref="32945"/>
    <nd ref="32946"/>
    <nd ref="32947"/>
    <nd ref="32948"/>
    <nd ref="32949"/>
    <nd ref="32950"/>
    <nd ref="32951"/>
    <nd ref="32952"/>
    <nd ref="32953"/>
    <nd ref="32954"/>
    <nd ref="32955"/>
    <nd ref="32956"/>
    <nd ref="32957"/>
    <nd ref="32958"/>
    <nd ref="32959"/>
    <nd ref="32960"/>
    <nd ref="32961"/>
    <nd ref="32962"/>
    <nd ref="32963"/>
  </way>
  <way id="32969">
    <nd ref="32968"/>
    <nd ref="32829"/>
  </way>
  <way id="32996">
    <nd ref="32972"/>
    <nd ref="32973"/>
    <nd ref="32974"/>
    <nd ref="32975"/>
    <nd ref="32976"/>
    <nd ref="32977"/>
    <nd ref="32978"/>
    <nd ref="32979"/>
    <nd ref="32980"/>
    <nd ref="32981"/>
    <nd ref="32982"/>
    <nd ref="32983"/>
  </way>
  <way id="32997">
    <nd ref="32984"/>
    <nd ref="32985"/>
    <nd ref="32986"/>
    <nd ref="32987"/>
    <nd ref="32988"/>
    <nd ref="32989"/>
    <nd ref="32990"/>
    <nd ref="32991"/>
    <nd ref="32992"/>
    <nd ref="32993"/>
    <nd ref="32994"/>
    <nd ref="32995"/>
  </way>
  <way id="33004">
    <nd ref="33000"/>
    <nd ref="33001"/>
    <nd ref="32613"/>
  </way>
  <way id="33005">
    <nd ref="33002"/>
    <nd ref="33003"/>
    <nd ref="32615"/>
  </way>
  <way id="33020">
    <nd ref="33008"/>
    <nd ref="33009"/>
    <nd ref="33010"/>
    <nd ref="33011"/>
    <nd ref="33012"/>
    <nd ref="33013"/>
  </way>
  <way id="33021">
    <nd ref="33014"/>
    <nd ref="33015"/>
    <nd ref="33016"/>
    <nd ref="33017"/>
    <nd ref="33018"/>
    <nd ref="33019"/>
  </way>
  <way id="33028">
    <nd ref="33024"/>
    <nd ref="33025"/>
    <nd ref="32860"/>
  </way>
  <way id="33029">
    <nd ref="33026"/>
    <nd ref="33027"/>
    <nd ref="32871"/>
  </way>
  <way id="33044">
    <nd ref="33032"/>
    <nd ref="33033"/>
    <nd ref="33034"/>
    <nd ref="33035"/>
    <nd ref="33036"/>
    <nd ref="33037"/>
  </way>
  <way id="33045">
    <nd ref="33038"/>
    <nd ref="33039"/>
    <nd ref="33040"/>
    <nd ref="33041"/>
    <nd ref="33042"/>
    <nd ref="33043"/>
  </way>
  <way id="33056">
    <nd ref="32661"/>
    <nd ref="33048"/>
    <nd ref="33049"/>
    <nd ref="33050"/>
    <nd ref="33051"/>
  </way>
  <way id="33057">
    <nd ref="32664"/>
    <nd ref="33052"/>
    <nd ref="33053"/>
    <nd ref="33054"/>
    <nd ref="33055"/>
  </way>
  <way id="33144">
    <nd ref="33060"/>
    <nd ref="33061"/>
    <nd ref="33062"/>
    <nd ref="33063"/>
    <nd ref="33064"/>
    <nd ref="33065"/>
    <nd ref="33066"/>
    <nd ref="33067"/>
    <nd ref="33068"/>
    <nd ref="33069"/>
    <nd ref="33070"/>
    <nd ref="33071"/>
    <nd ref="33072"/>
    <nd ref="33073"/>
    <nd ref="33074"/>
    <nd ref="33075"/>
    <nd ref="33076"/>
    <nd ref="33077"/>
    <nd ref="33078"/>
    <nd ref="33079"/>
    <nd ref="33080"/>
    <nd ref="33081"/>
    <nd ref="33082"/>
    <nd ref="33083"/>
    <nd ref="33084"/>
    <nd ref="33085"/>
    <nd ref="33086"/>
    <nd ref="33087"/>
    <nd ref="33088"/>
    <nd ref="33089"/>
    <nd ref="33090"/>
    <nd ref="33091"/>
    <nd ref="33092"/>
    <nd ref="33093"/>
    <nd ref="33094"/>
    <nd ref="33095"/>
    <nd ref="33096"/>
    <nd ref="33097"/>
    <nd ref="33098"/>
    <nd ref="33099"/>
    <nd ref="33100"/>
    <nd ref="33101"/>
  </way>
  <way id="33145">
    <nd ref="33102"/>
    <nd ref="33103"/>
    <nd ref="33104"/>
    <nd ref="33105"/>
    <nd ref="33106"/>
    <nd ref="33107"/>
    <nd ref="33108"/>
    <nd ref="33109"/>
    <nd ref="33110"/>
    <nd ref="33111"/>
    <nd ref="33112"/>
    <nd ref="33113"/>
    <nd ref="33114"/>
    <nd ref="33115"/>
    <nd ref="33116"/>
    <nd ref="33117"/>
    <nd ref="33118"/>
    <nd ref="33119"/>
    <nd ref="33120"/>
    <nd ref="33121"/>
    <nd ref="33122"/>
    <nd ref="33123"/>
    <nd ref="33124"/>
    <nd ref="33125"/>
    <nd ref="33126"/>
    <nd ref="33127"/>
    <nd ref="33128"/>
    <nd ref="33129"/>
    <nd ref="33130"/>
    <nd ref="33131"/>
    <nd ref="33132"/>
    <nd ref="33133"/>
    <nd ref="33134"/>
    <nd ref="33135"/>
    <nd ref="33136"/>
    <nd ref="33137"/>
    <nd ref="33138"/>
    <nd ref="33139"/>
    <nd ref="33140"/>
    <nd ref="33141"/>
    <nd ref="33142"/>
    <nd ref="33143"/>
  </way>
  <way id="33150">
    <nd ref="33051"/>
    <nd ref="33148"/>
  </way>
  <way id="33151">
    <nd ref="33055"/>
    <nd ref="33149"/>
  </way>
  <way id="33166">
    <nd ref="32681"/>
    <nd ref="33154"/>
    <nd ref="33155"/>
    <nd ref="33156"/>
    <nd ref="33157"/>
    <nd ref="33158"/>
    <nd ref="33159"/>
  </way>
  <way id="33167">
    <nd ref="32686"/>
    <nd ref="33160"/>
    <nd ref="33161"/>
    <nd ref="33162"/>
    <nd ref="33163"/>
    <nd ref="33164"/>
    <nd ref="33165"/>
  </way>
  <way id="33220">
    <nd ref="33170"/>
    <nd ref="33171"/>
    <nd ref="33172"/>
    <nd ref="33173"/>
    <nd ref="33174"/>
    <nd ref="33175"/>
    <nd ref="33176"/>
    <nd ref="33177"/>
    <nd ref="33178"/>
    <nd ref="33179"/>
    <nd ref="33180"/>
    <nd ref="33181"/>
    <nd ref="33182"/>
    <nd ref="33183"/>
    <nd ref="33184"/>
    <nd ref="33185"/>
    <nd ref="33186"/>
    <nd ref="33187"/>
    <nd ref="33188"/>
    <nd ref="33189"/>
    <nd ref="33190"/>
    <nd ref="33191"/>
    <nd ref="33192"/>
    <nd ref="33193"/>
    <nd ref="33194"/>
  </way>
  <way id="33221">
    <nd ref="33195"/>
    <nd ref="33196"/>
    <nd ref="33197"/>
    <nd ref="33198"/>
    <nd ref="33199"/>
    <nd ref="33200"/>
    <nd ref="33201"/>
    <nd ref="33202"/>
    <nd ref="33203"/>
    <nd ref="33204"/>
    <nd ref="33205"/>
    <nd ref="33206"/>
    <nd ref="33207"/>
    <nd ref="33208"/>
    <nd ref="33209"/>
    <nd ref="33210"/>
    <nd ref="33211"/>
    <nd ref="33212"/>
    <nd ref="33213"/>
    <nd ref="33214"/>
    <nd ref="33215"/>
    <nd ref="33216"/>
    <nd ref="33217"/>
    <nd ref="33218"/>
    <nd ref="33219"/>
  </way>
  <way id="33230">
    <nd ref="33224"/>
    <nd ref="33225"/>
    <nd ref="33226"/>
    <nd ref="32918"/>
  </way>
  <way id="33231">
    <nd ref="33227"/>
    <nd ref="33228"/>
    <nd ref="33229"/>
    <nd ref="32941"/>
  </way>
  <way id="33244">
    <nd ref="33234"/>
    <nd ref="33235"/>
    <nd ref="33236"/>
    <nd ref="33237"/>
    <nd ref="33238"/>
    <nd ref="32724"/>
  </way>
  <way id="33245">
    <nd ref="33239"/>
    <nd ref="33240"/>
    <nd ref="33241"/>
    <nd ref="33242"/>
    <nd ref="33243"/>
    <nd ref="32734"/>
  </way>
  <way id="33250">
    <nd ref="32764"/>
    <nd ref="33248"/>
    <nd ref="32906"/>
  </way>
  <way id="33251">
    <nd ref="32769"/>
    <nd ref="33249"/>
    <nd ref="32910"/>
  </way>
  <way id="33260">
    <nd ref="32621"/>
    <nd ref="33254"/>
    <nd ref="33255"/>
    <nd ref="33256"/>
  </way>
  <way id="33261">
    <nd ref="32638"/>
    <nd ref="33257"/>
    <nd ref="33258"/>
    <nd ref="33259"/>
  </way>
  <way id="33267">
    <nd ref="33264"/>
    <nd ref="33265"/>
    <nd ref="33266"/>
  </way>
  <way id="33294">
    <nd ref="33270"/>
    <nd ref="33271"/>
    <nd ref="33272"/>
    <nd ref="33273"/>
    <nd ref="33274"/>
    <nd ref="33275"/>
    <nd ref="33276"/>
    <nd ref="33277"/>
    <nd ref="33278"/>
    <nd ref="33279"/>
    <nd ref="33280"/>
    <nd ref="33281"/>
    <nd ref="33060"/>
  </way>
  <way id="33295">
    <nd ref="33282"/>
    <nd ref="33283"/>
    <nd ref="33284"/>
    <nd ref="33285"/>
    <nd ref="33286"/>
    <nd ref="33287"/>
    <nd ref="33288"/>
    <nd ref="33289"/>
    <nd ref="33290"/>
    <nd ref="33291"/>
    <nd ref="33292"/>
    <nd ref="33293"/>
    <nd ref="33102"/>
  </way>
  <way id="33300">
    <nd ref="32691"/>
    <nd ref="33298"/>
    <nd ref="32670"/>
  </way>
  <way id="33301">
    <nd ref="32700"/>
    <nd ref="33299"/>
    <nd ref="32968"/>
  </way>
  <way id="33346">
    <nd ref="32890"/>
    <nd ref="33304"/>
    <nd ref="33305"/>
    <nd ref="33306"/>
    <nd ref="33307"/>
    <nd ref="33308"/>
    <nd ref="33309"/>
    <nd ref="33310"/>
    <nd ref="33311"/>
    <nd ref="33312"/>
    <nd ref="33313"/>
    <nd ref="33314"/>
    <nd ref="33315"/>
    <nd ref="33316"/>
    <nd ref="33317"/>
    <nd ref="33318"/>
    <nd ref="33319"/>
    <nd ref="33320"/>
    <nd ref="33321"/>
    <nd ref="33322"/>
    <nd ref="33323"/>
    <nd ref="33324"/>
  </way>
  <way id="33347">
    <nd ref="32895"/>
    <nd ref="33325"/>
    <nd ref="33326"/>
    <nd ref="33327"/>
    <nd ref="33328"/>
    <nd ref="33329"/>
    <nd ref="33330"/>
    <nd ref="33331"/>
    <nd ref="33332"/>
    <nd ref="33333"/>
    <nd ref="33334"/>
    <nd ref="33335"/>
    <nd ref="33336"/>
    <nd ref="33337"/>
    <nd ref="33338"/>
    <nd ref="33339"/>
    <nd ref="33340"/>
    <nd ref="33341"/>
    <nd ref="33342"/>
    <nd ref="33343"/>
    <nd ref="33344"/>
    <nd ref="33345"/>
  </way>
  <way id="33354">
    <nd ref="33350"/>
    <nd ref="33351"/>
  </way>
  <way id="33355">
    <nd ref="33352"/>
    <nd ref="33353"/>
  </way>
  <way id="33364">
    <nd ref="33358"/>
    <nd ref="33359"/>
    <nd ref="33360"/>
  </way>
  <way id="33365">
    <nd ref="33361"/>
    <nd ref="33362"/>
    <nd ref="33363"/>
  </way>
  <way id="33372">
    <nd ref="32776"/>
    <nd ref="33368"/>
    <nd ref="33369"/>
  </way>
  <way id="33373">
    <nd ref="32779"/>
    <nd ref="33370"/>
    <nd ref="33371"/>
  </way>
  <way id="33380">
    <nd ref="33376"/>
    <nd ref="33377"/>
    <nd ref="32774"/>
  </way>
  <way id="33381">
    <nd ref="33378"/>
    <nd ref="33379"/>
    <nd ref="32777"/>
  </way>
  <way id="33388">
    <nd ref="33360"/>
    <nd ref="33384"/>
    <nd ref="33385"/>
  </way>
  <way id="33389">
    <nd ref="33363"/>
    <nd ref="33386"/>
    <nd ref="33387"/>
  </way>
  <way id="33428">
    <nd ref="33392"/>
    <nd ref="33393"/>
    <nd ref="33394"/>
    <nd ref="33395"/>
    <nd ref="33396"/>
    <nd ref="33397"/>
    <nd ref="33398"/>
    <nd ref="33399"/>
    <nd ref="33400"/>
    <nd ref="33401"/>
    <nd ref="33402"/>
    <nd ref="33403"/>
    <nd ref="33404"/>
    <nd ref="33405"/>
    <nd ref="33406"/>
    <nd ref="33407"/>
    <nd ref="33408"/>
    <nd ref="33409"/>
  </way>
  <way id="33429">
    <nd ref="33410"/>
    <nd ref="33411"/>
    <nd ref="33412"/>
    <nd ref="33413"/>
    <nd ref="33414"/>
    <nd ref="33415"/>
    <nd ref="33416"/>
    <nd ref="33417"/>
    <nd ref="33418"/>
    <nd ref="33419"/>
    <nd ref="33420"/>
    <nd ref="33421"/>
    <nd ref="33422"/>
    <nd ref="33423"/>
    <nd ref="33424"/>
    <nd ref="33425"/>
    <nd ref="33426"/>
    <nd ref="33427"/>
  </way>
  <way id="33440">
    <nd ref="33432"/>
    <nd ref="33433"/>
    <nd ref="33434"/>
    <nd ref="33435"/>
    <nd ref="32972"/>
  </way>
  <way id="33441">
    <nd ref="33436"/>
    <nd ref="33437"/>
    <nd ref="33438"/>
    <nd ref="33439"/>
    <nd ref="32984"/>
  </way>
  <way id="33480">
    <nd ref="33256"/>
    <nd ref="33444"/>
    <nd ref="33445"/>
    <nd ref="33446"/>
    <nd ref="33447"/>
    <nd ref="33448"/>
    <nd ref="33449"/>
    <nd ref="33450"/>
    <nd ref="33451"/>
    <nd ref="33452"/>
    <nd ref="33453"/>
    <nd ref="33454"/>
    <nd ref="33455"/>
    <nd ref="33456"/>
    <nd ref="33457"/>
    <nd ref="33458"/>
    <nd ref="33459"/>
    <nd ref="33460"/>
    <nd ref="33461"/>
  </way>
  <way id="33481">
    <nd ref="33259"/>
    <nd ref="33462"/>
    <nd ref="33463"/>
    <nd ref="33464"/>
    <nd ref="33465"/>
    <nd ref="33466"/>
    <nd ref="33467"/>
    <nd ref="33468"/>
    <nd ref="33469"/>
    <nd ref="33470"/>
    <nd ref="33471"/>
    <nd ref="33472"/>
    <nd ref="33473"/>
    <nd ref="33474"/>
    <nd ref="33475"/>
    <nd ref="33476"/>
    <nd ref="33477"/>
    <nd ref="33478"/>
    <nd ref="33479"/>
  </way>
  <way id="33492">
    <nd ref="33194"/>
    <nd ref="33484"/>
    <nd ref="33485"/>
    <nd ref="33486"/>
    <nd ref="33487"/>
  </way>
  <way id="33493">
    <nd ref="33219"/>
    <nd ref="33488"/>
    <nd ref="33489"/>
    <nd ref="33490"/>
    <nd ref="33491"/>
  </way>
  <way id="33504">
    <nd ref="33496"/>
    <nd ref="33497"/>
    <nd ref="33498"/>
    <nd ref="33499"/>
    <nd ref="32940"/>
  </way>
  <way id="33505">
    <nd ref="33500"/>
    <nd ref="33501"/>
    <nd ref="33502"/>
    <nd ref="33503"/>
    <nd ref="32963"/>
  </way>
  <way id="33518">
    <nd ref="33369"/>
    <nd ref="33508"/>
    <nd ref="33509"/>
    <nd ref="33510"/>
    <nd ref="33511"/>
    <nd ref="33512"/>
    <nd ref="33270"/>
  </way>
  <way id="33519">
    <nd ref="33371"/>
    <nd ref="33513"/>
    <nd ref="33514"/>
    <nd ref="33515"/>
    <nd ref="33516"/>
    <nd ref="33517"/>
    <nd ref="33282"/>
  </way>
  <way id="33528">
    <nd ref="33522"/>
    <nd ref="33523"/>
    <nd ref="33524"/>
  </way>
  <way id="33529">
    <nd ref="33525"/>
    <nd ref="33526"/>
    <nd ref="33527"/>
  </way>
  <way id="33534">
    <nd ref="33532"/>
    <nd ref="33533"/>
  </way>
  <way id="33543">
    <nd ref="33537"/>
    <nd ref="33538"/>
    <nd ref="33539"/>
    <nd ref="33224"/>
  </way>
  <way id="33544">
    <nd ref="33540"/>
    <nd ref="33541"/>
    <nd ref="33542"/>
    <nd ref="33227"/>
  </way>
  <way id="33563">
    <nd ref="33547"/>
    <nd ref="33548"/>
    <nd ref="33549"/>
    <nd ref="33550"/>
    <nd ref="33551"/>
    <nd ref="33552"/>
    <nd ref="33553"/>
    <nd ref="33554"/>
    <nd ref="32846"/>
  </way>
  <way id="33564">
    <nd ref="33555"/>
    <nd ref="33556"/>
    <nd ref="33557"/>
    <nd ref="33558"/>
    <nd ref="33559"/>
    <nd ref="33560"/>
    <nd ref="33561"/>
    <nd ref="33562"/>
    <nd ref="32851"/>
  </way>
  <way id="33573">
    <nd ref="33487"/>
    <nd ref="33567"/>
    <nd ref="33568"/>
    <nd ref="33569"/>
  </way>
  <way id="33574">
    <nd ref="33491"/>
    <nd ref="33570"/>
    <nd ref="33571"/>
    <nd ref="33572"/>
  </way>
  <way id="33577">
    <nd ref="33572"/>
    <nd ref="33264"/>
  </way>
  <way id="33582">
    <nd ref="33580"/>
    <nd ref="33351"/>
  </way>
  <way id="33583">
    <nd ref="33581"/>
    <nd ref="33532"/>
  </way>
  <way id="33588">
    <nd ref="33051"/>
    <nd ref="33586"/>
  </way>
  <way id="33589">
    <nd ref="33055"/>
    <nd ref="33587"/>
  </way>
  <way id="33596">
    <nd ref="33224"/>
    <nd ref="33592"/>
    <nd ref="33593"/>
    <nd ref="33170"/>
  </way>
  <way id="33597">
    <nd ref="33227"/>
    <nd ref="33594"/>
    <nd ref="33595"/>
    <nd ref="33195"/>
  </way>
  <way id="33600">
    <nd ref="33586"/>
    <nd ref="33392"/>
  </way>
  <way id="33601">
    <nd ref="33587"/>
    <nd ref="33410"/>
  </way>
  <way id="33604">
    <nd ref="33353"/>
    <nd ref="33427"/>
  </way>
  <way id="33609">
    <nd ref="33159"/>
    <nd ref="33607"/>
  </way>
  <way id="33610">
    <nd ref="33165"/>
    <nd ref="33608"/>
  </way>
  <way id="33659">
    <nd ref="33613"/>
    <nd ref="33614"/>
    <nd ref="33615"/>
    <nd ref="33616"/>
    <nd ref="33617"/>
    <nd ref="33618"/>
    <nd ref="33619"/>
    <nd ref="33620"/>
    <nd ref="33621"/>
    <nd ref="33622"/>
    <nd ref="33623"/>
    <nd ref="33624"/>
    <nd ref="33625"/>
    <nd ref="33626"/>
    <nd ref="33627"/>
    <nd ref="33628"/>
    <nd ref="33629"/>
    <nd ref="33630"/>
    <nd ref="33631"/>
    <nd ref="33632"/>
    <nd ref="33633"/>
    <nd ref="33634"/>
    <nd ref="33635"/>
  </way>
  <way id="33660">
    <nd ref="33636"/>
    <nd ref="33637"/>
    <nd ref="33638"/>
    <nd ref="33639"/>
    <nd ref="33640"/>
    <nd ref="33641"/>
    <nd ref="33642"/>
    <nd ref="33643"/>
    <nd ref="33644"/>
    <nd ref="33645"/>
    <nd ref="33646"/>
    <nd ref="33647"/>
    <nd ref="33648"/>
    <nd ref="33649"/>
    <nd ref="33650"/>
    <nd ref="33651"/>
    <nd ref="33652"/>
    <nd ref="33653"/>
    <nd ref="33654"/>
    <nd ref="33655"/>
    <nd ref="33656"/>
    <nd ref="33657"/>
    <nd ref="33658"/>
  </way>
  <way id="33691">
    <nd ref="33663"/>
    <nd ref="33664"/>
    <nd ref="33665"/>
    <nd ref="33666"/>
    <nd ref="33667"/>
    <nd ref="33668"/>
    <nd ref="33669"/>
    <nd ref="33670"/>
    <nd ref="33671"/>
    <nd ref="33672"/>
    <nd ref="33673"/>
    <nd ref="33674"/>
    <nd ref="33675"/>
    <nd ref="33676"/>
  </way>
  <way id="33692">
    <nd ref="33677"/>
    <nd ref="33678"/>
    <nd ref="33679"/>
    <nd ref="33680"/>
    <nd ref="33681"/>
    <nd ref="33682"/>
    <nd ref="33683"/>
    <nd ref="33684"/>
    <nd ref="33685"/>
    <nd ref="33686"/>
    <nd ref="33687"/>
    <nd ref="33688"/>
    <nd ref="33689"/>
    <nd ref="33690"/>
  </way>
  <way id="33703">
    <nd ref="33695"/>
    <nd ref="33696"/>
    <nd ref="33697"/>
    <nd ref="33698"/>
    <nd ref="32820"/>
  </way>
  <way id="33704">
    <nd ref="33699"/>
    <nd ref="33700"/>
    <nd ref="33701"/>
    <nd ref="33702"/>
    <nd ref="32821"/>
  </way>
  <way id="33727">
    <nd ref="33676"/>
    <nd ref="33707"/>
    <nd ref="33708"/>
    <nd ref="33709"/>
    <nd ref="33710"/>
    <nd ref="33711"/>
    <nd ref="33712"/>
    <nd ref="33713"/>
    <nd ref="33714"/>
    <nd ref="33715"/>
    <nd ref="33716"/>
  </way>
  <way id="33728">
    <nd ref="33690"/>
    <nd ref="33717"/>
    <nd ref="33718"/>
    <nd ref="33719"/>
    <nd ref="33720"/>
    <nd ref="33721"/>
    <nd ref="33722"/>
    <nd ref="33723"/>
    <nd ref="33724"/>
    <nd ref="33725"/>
    <nd ref="33726"/>
  </way>
  <way id="33737">
    <nd ref="33635"/>
    <nd ref="33731"/>
    <nd ref="33732"/>
    <nd ref="33733"/>
  </way>
  <way id="33738">
    <nd ref="33658"/>
    <nd ref="33734"/>
    <nd ref="33735"/>
    <nd ref="33736"/>
  </way>
  <way id="33773">
    <nd ref="33741"/>
    <nd ref="33742"/>
    <nd ref="33743"/>
    <nd ref="33744"/>
    <nd ref="33745"/>
    <nd ref="33746"/>
    <nd ref="33747"/>
    <nd ref="33748"/>
    <nd ref="33749"/>
    <nd ref="33750"/>
    <nd ref="33751"/>
    <nd ref="33752"/>
    <nd ref="33753"/>
    <nd ref="33754"/>
    <nd ref="33755"/>
    <nd ref="33756"/>
    <nd ref="32748"/>
  </way>
  <way id="33774">
    <nd ref="33757"/>
    <nd ref="33758"/>
    <nd ref="33759"/>
    <nd ref="33760"/>
    <nd ref="33761"/>
    <nd ref="33762"/>
    <nd ref="33763"/>
    <nd ref="33764"/>
    <nd ref="33765"/>
    <nd ref="33766"/>
    <nd ref="33767"/>
    <nd ref="33768"/>
    <nd ref="33769"/>
    <nd ref="33770"/>
    <nd ref="33771"/>
    <nd ref="33772"/>
    <nd ref="32752"/>
  </way>
  <way id="33807">
    <nd ref="33148"/>
    <nd ref="33777"/>
    <nd ref="33778"/>
    <nd ref="33779"/>
    <nd ref="33780"/>
    <nd ref="33781"/>
    <nd ref="33782"/>
    <nd ref="33783"/>
    <nd ref="33784"/>
    <nd ref="33785"/>
    <nd ref="33786"/>
    <nd ref="33787"/>
    <nd ref="33788"/>
    <nd ref="33789"/>
    <nd ref="33790"/>
    <nd ref="33791"/>
    <nd ref="33000"/>
  </way>
  <way id="33808">
    <nd ref="33149"/>
    <nd ref="33792"/>
    <nd ref="33793"/>
    <nd ref="33794"/>
    <nd ref="33795"/>
    <nd ref="33796"/>
    <nd ref="33797"/>
    <nd ref="33798"/>
    <nd ref="33799"/>
    <nd ref="33800"/>
    <nd ref="33801"/>
    <nd ref="33802"/>
    <nd ref="33803"/>
    <nd ref="33804"/>
    <nd ref="33805"/>
    <nd ref="33806"/>
    <nd ref="33002"/>
  </way>
  <way id="33819">
    <nd ref="33811"/>
    <nd ref="33812"/>
    <nd ref="33813"/>
    <nd ref="33814"/>
  </way>
  <way id="33820">
    <nd ref="33815"/>
    <nd ref="33816"/>
    <nd ref="33817"/>
    <nd ref="33818"/>
  </way>
  <way id="33823">
    <nd ref="33385"/>
    <nd ref="33811"/>
  </way>
  <way id="33824">
    <nd ref="33387"/>
    <nd ref="33815"/>
  </way>
  <way id="33837">
    <nd ref="33827"/>
    <nd ref="33828"/>
    <nd ref="33829"/>
    <nd ref="33830"/>
    <nd ref="33831"/>
    <nd ref="32784"/>
  </way>
  <way id="33838">
    <nd ref="33832"/>
    <nd ref="33833"/>
    <nd ref="33834"/>
    <nd ref="33835"/>
    <nd ref="33836"/>
    <nd ref="32800"/>
  </way>
  <way id="33841">
    <nd ref="33324"/>
    <nd ref="33547"/>
  </way>
  <way id="33842">
    <nd ref="33345"/>
    <nd ref="33555"/>
  </way>
  <way id="33849">
    <nd ref="32983"/>
    <nd ref="33845"/>
    <nd ref="33846"/>
    <nd ref="33613"/>
  </way>
  <way id="33850">
    <nd ref="32995"/>
    <nd ref="33847"/>
    <nd ref="33848"/>
    <nd ref="33636"/>
  </way>
  <way id="33857">
    <nd ref="33853"/>
    <nd ref="33854"/>
    <nd ref="33580"/>
  </way>
  <way id="33858">
    <nd ref="33855"/>
    <nd ref="33856"/>
    <nd ref="33581"/>
  </way>
  <way id="33863">
    <nd ref="33861"/>
    <nd ref="32836"/>
  </way>
  <way id="33864">
    <nd ref="33862"/>
    <nd ref="32839"/>
  </way>
  <way id="33869">
    <nd ref="32940"/>
    <nd ref="33867"/>
    <nd ref="33032"/>
  </way>
  <way id="33870">
    <nd ref="32963"/>
    <nd ref="33868"/>
    <nd ref="33038"/>
  </way>
  <way id="33883">
    <nd ref="33524"/>
    <nd ref="33873"/>
    <nd ref="33874"/>
    <nd ref="33875"/>
    <nd ref="33876"/>
    <nd ref="33877"/>
  </way>
  <way id="33884">
    <nd ref="33527"/>
    <nd ref="33878"/>
    <nd ref="33879"/>
    <nd ref="33880"/>
    <nd ref="33881"/>
    <nd ref="33882"/>
  </way>
  <way id="33901">
    <nd ref="33887"/>
    <nd ref="33888"/>
    <nd ref="33889"/>
    <nd ref="33890"/>
    <nd ref="33891"/>
    <nd ref="33892"/>
    <nd ref="33893"/>
  </way>
  <way id="33902">
    <nd ref="33894"/>
    <nd ref="33895"/>
    <nd ref="33896"/>
    <nd ref="33897"/>
    <nd ref="33898"/>
    <nd ref="33899"/>
    <nd ref="33900"/>
  </way>
  <way id="33915">
    <nd ref="33905"/>
    <nd ref="33906"/>
    <nd ref="33907"/>
    <nd ref="33908"/>
    <nd ref="33909"/>
  </way>
  <way id="33916">
    <nd ref="33910"/>
    <nd ref="33911"/>
    <nd ref="33912"/>
    <nd ref="33913"/>
    <nd ref="33914"/>
  </way>
  <way id="33935">
    <nd ref="32870"/>
    <nd ref="33919"/>
    <nd ref="33920"/>
    <nd ref="33921"/>
    <nd ref="33922"/>
    <nd ref="33923"/>
    <nd ref="33924"/>
    <nd ref="33925"/>
    <nd ref="33926"/>
    <nd ref="33663"/>
  </way>
  <way id="33936">
    <nd ref="32881"/>
    <nd ref="33927"/>
    <nd ref="33928"/>
    <nd ref="33929"/>
    <nd ref="33930"/>
    <nd ref="33931"/>
    <nd ref="33932"/>
    <nd ref="33933"/>
    <nd ref="33934"/>
    <nd ref="33677"/>
  </way>
  <way id="33947">
    <nd ref="32706"/>
    <nd ref="33939"/>
    <nd ref="33940"/>
    <nd ref="33941"/>
    <nd ref="33942"/>
    <nd ref="33432"/>
  </way>
  <way id="33948">
    <nd ref="32709"/>
    <nd ref="33943"/>
    <nd ref="33944"/>
    <nd ref="33945"/>
    <nd ref="33946"/>
    <nd ref="33436"/>
  </way>
  <way id="33951">
    <nd ref="33814"/>
    <nd ref="33376"/>
  </way>
  <way id="33952">
    <nd ref="33818"/>
    <nd ref="33378"/>
  </way>
  <way id="33959">
    <nd ref="33877"/>
    <nd ref="33955"/>
    <nd ref="33956"/>
  </way>
  <way id="33960">
    <nd ref="33882"/>
    <nd ref="33957"/>
    <nd ref="33958"/>
  </way>
  <way id="33963">
    <nd ref="32909"/>
    <nd ref="33887"/>
  </way>
  <way id="33964">
    <nd ref="32913"/>
    <nd ref="33894"/>
  </way>
  <way id="33993">
    <nd ref="33461"/>
    <nd ref="33967"/>
    <nd ref="33968"/>
    <nd ref="33969"/>
    <nd ref="33970"/>
    <nd ref="33971"/>
    <nd ref="33972"/>
    <nd ref="33973"/>
    <nd ref="33974"/>
    <nd ref="33975"/>
    <nd ref="33976"/>
    <nd ref="33977"/>
    <nd ref="33978"/>
    <nd ref="33979"/>
    <nd ref="33024"/>
  </way>
  <way id="33994">
    <nd ref="33479"/>
    <nd ref="33980"/>
    <nd ref="33981"/>
    <nd ref="33982"/>
    <nd ref="33983"/>
    <nd ref="33984"/>
    <nd ref="33985"/>
    <nd ref="33986"/>
    <nd ref="33987"/>
    <nd ref="33988"/>
    <nd ref="33989"/>
    <nd ref="33990"/>
    <nd ref="33991"/>
    <nd ref="33992"/>
    <nd ref="33026"/>
  </way>
  <way id="34029">
    <nd ref="33324"/>
    <nd ref="33997"/>
    <nd ref="33998"/>
    <nd ref="33999"/>
    <nd ref="34000"/>
    <nd ref="34001"/>
    <nd ref="34002"/>
    <nd ref="34003"/>
    <nd ref="34004"/>
    <nd ref="34005"/>
    <nd ref="34006"/>
    <nd ref="34007"/>
    <nd ref="34008"/>
    <nd ref="34009"/>
    <nd ref="34010"/>
    <nd ref="34011"/>
    <nd ref="34012"/>
    <nd ref="33905"/>
  </way>
  <way id="34030">
    <nd ref="33345"/>
    <nd ref="34013"/>
    <nd ref="34014"/>
    <nd ref="34015"/>
    <nd ref="34016"/>
    <nd ref="34017"/>
    <nd ref="34018"/>
    <nd ref="34019"/>
    <nd ref="34020"/>
    <nd ref="34021"/>
    <nd ref="34022"/>
    <nd ref="34023"/>
    <nd ref="34024"/>
    <nd ref="34025"/>
    <nd ref="34026"/>
    <nd ref="34027"/>
    <nd ref="34028"/>
    <nd ref="33910"/>
  </way>
  <way id="34033">
    <nd ref="33350"/>
    <nd ref="33000"/>
  </way>
  <way id="34034">
    <nd ref="33533"/>
    <nd ref="33002"/>
  </way>
  <way id="34073">
    <nd ref="32820"/>
    <nd ref="34037"/>
    <nd ref="34038"/>
    <nd ref="34039"/>
    <nd ref="34040"/>
    <nd ref="34041"/>
    <nd ref="34042"/>
    <nd ref="34043"/>
    <nd ref="34044"/>
    <nd ref="34045"/>
    <nd ref="34046"/>
    <nd ref="34047"/>
    <nd ref="34048"/>
    <nd ref="34049"/>
    <nd ref="34050"/>
    <nd ref="34051"/>
    <nd ref="34052"/>
    <nd ref="34053"/>
    <nd ref="34054"/>
  </way>
  <way id="34074">
    <nd ref="32821"/>
    <nd ref="34055"/>
    <nd ref="34056"/>
    <nd ref="34057"/>
    <nd ref="34058"/>
    <nd ref="34059"/>
    <nd ref="34060"/>
    <nd ref="34061"/>
    <nd ref="34062"/>
    <nd ref="34063"/>
    <nd ref="34064"/>
    <nd ref="34065"/>
    <nd ref="34066"/>
    <nd ref="34067"/>
    <nd ref="34068"/>
    <nd ref="34069"/>
    <nd ref="34070"/>
    <nd ref="34071"/>
    <nd ref="34072"/>
  </way>
  <way id="34077">
    <nd ref="32850"/>
    <nd ref="33008"/>
  </way>
  <way id="34078">
    <nd ref="32855"/>
    <nd ref="33014"/>
  </way>
  <way id="34082">
    <nd ref="33427"/>
    <nd ref="34081"/>
    <nd ref="33699"/>
  </way>
  <way id="34086">
    <nd ref="32672"/>
    <nd ref="34085"/>
    <nd ref="32693"/>
  </way>
  <way id="34093">
    <nd ref="32614"/>
    <nd ref="34089"/>
    <nd ref="34090"/>
    <nd ref="33487"/>
  </way>
  <way id="34094">
    <nd ref="32616"/>
    <nd ref="34091"/>
    <nd ref="34092"/>
    <nd ref="33491"/>
  </way>
  <way id="34127">
    <nd ref="32669"/>
    <nd ref="34097"/>
    <nd ref="34098"/>
    <nd ref="34099"/>
    <nd ref="34100"/>
    <nd ref="34101"/>
    <nd ref="34102"/>
    <nd ref="34103"/>
    <nd ref="34104"/>
    <nd ref="34105"/>
    <nd ref="34106"/>
    <nd ref="34107"/>
    <nd ref="34108"/>
    <nd ref="34109"/>
    <nd ref="34110"/>
    <nd ref="34111"/>
    <nd ref="34054"/>
  </way>
  <way id="34128">
    <nd ref="32671"/>
    <nd ref="34112"/>
    <nd ref="34113"/>
    <nd ref="34114"/>
    <nd ref="34115"/>
    <nd ref="34116"/>
    <nd ref="34117"/>
    <nd ref="34118"/>
    <nd ref="34119"/>
    <nd ref="34120"/>
    <nd ref="34121"/>
    <nd ref="34122"/>
    <nd ref="34123"/>
    <nd ref="34124"/>
    <nd ref="34125"/>
    <nd ref="34126"/>
    <nd ref="34072"/>
  </way>
  <way id="34131">
    <nd ref="33266"/>
    <nd ref="32717"/>
  </way>
  <way id="34142">
    <nd ref="34134"/>
    <nd ref="34135"/>
    <nd ref="34136"/>
    <nd ref="34137"/>
    <nd ref="33537"/>
  </way>
  <way id="34143">
    <nd ref="34138"/>
    <nd ref="34139"/>
    <nd ref="34140"/>
    <nd ref="34141"/>
    <nd ref="33540"/>
  </way>
  <way id="34152">
    <nd ref="33013"/>
    <nd ref="34146"/>
    <nd ref="34147"/>
    <nd ref="34148"/>
    <nd ref="33741"/>
  </way>
  <way id="34153">
    <nd ref="33019"/>
    <nd ref="34149"/>
    <nd ref="34150"/>
    <nd ref="34151"/>
    <nd ref="33757"/>
  </way>
  <way id="34158">
    <nd ref="32743"/>
    <nd ref="34156"/>
    <nd ref="34157"/>
    <nd ref="33862"/>
  </way>
  <way id="34161">
    <nd ref="33043"/>
    <nd ref="33352"/>
  </way>
  <way id="34170">
    <nd ref="33893"/>
    <nd ref="34164"/>
    <nd ref="34165"/>
    <nd ref="34166"/>
    <nd ref="32704"/>
  </way>
  <way id="34171">
    <nd ref="33900"/>
    <nd ref="34167"/>
    <nd ref="34168"/>
    <nd ref="34169"/>
    <nd ref="32707"/>
  </way>
  <way id="34178">
    <nd ref="34174"/>
    <nd ref="34175"/>
    <nd ref="34176"/>
    <nd ref="34177"/>
    <nd ref="33855"/>
  </way>
  <way id="34217">
    <nd ref="34181"/>
    <nd ref="34182"/>
    <nd ref="34183"/>
    <nd ref="34184"/>
    <nd ref="34185"/>
    <nd ref="34186"/>
    <nd ref="34187"/>
    <nd ref="34188"/>
    <nd ref="34189"/>
    <nd ref="34190"/>
    <nd ref="34191"/>
    <nd ref="34192"/>
    <nd ref="34193"/>
    <nd ref="34194"/>
    <nd ref="34195"/>
    <nd ref="34196"/>
    <nd ref="34197"/>
    <nd ref="34198"/>
    <nd ref="32846"/>
  </way>
  <way id="34218">
    <nd ref="34199"/>
    <nd ref="34200"/>
    <nd ref="34201"/>
    <nd ref="34202"/>
    <nd ref="34203"/>
    <nd ref="34204"/>
    <nd ref="34205"/>
    <nd ref="34206"/>
    <nd ref="34207"/>
    <nd ref="34208"/>
    <nd ref="34209"/>
    <nd ref="34210"/>
    <nd ref="34211"/>
    <nd ref="34212"/>
    <nd ref="34213"/>
    <nd ref="34214"/>
    <nd ref="34215"/>
    <nd ref="34216"/>
    <nd ref="32851"/>
  </way>
  <way id="34229">
    <nd ref="33101"/>
    <nd ref="34221"/>
    <nd ref="34222"/>
    <nd ref="34223"/>
    <nd ref="34224"/>
    <nd ref="34134"/>
  </way>
  <way id="34230">
    <nd ref="33143"/>
    <nd ref="34225"/>
    <nd ref="34226"/>
    <nd ref="34227"/>
    <nd ref="34228"/>
    <nd ref="34138"/>
  </way>
  <way id="34237">
    <nd ref="34233"/>
    <nd ref="34234"/>
    <nd ref="33234"/>
  </way>
  <way id="34238">
    <nd ref="34235"/>
    <nd ref="34236"/>
    <nd ref="33239"/>
  </way>
  <way id="34245">
    <nd ref="33013"/>
    <nd ref="34241"/>
    <nd ref="34242"/>
    <nd ref="33358"/>
  </way>
  <way id="34246">
    <nd ref="33019"/>
    <nd ref="34243"/>
    <nd ref="34244"/>
    <nd ref="33361"/>
  </way>
  <way id="34264">
    <nd ref="33914"/>
    <nd ref="34249"/>
    <nd ref="34250"/>
    <nd ref="34251"/>
    <nd ref="34252"/>
    <nd ref="34253"/>
    <nd ref="34254"/>
    <nd ref="34255"/>
    <nd ref="34256"/>
    <nd ref="34257"/>
    <nd ref="34258"/>
    <nd ref="34259"/>
    <nd ref="34260"/>
    <nd ref="34261"/>
    <nd ref="34262"/>
    <nd ref="34263"/>
    <nd ref="32829"/>
  </way>
  <way id="34271">
    <nd ref="33733"/>
    <nd ref="34267"/>
    <nd ref="34268"/>
    <nd ref="33827"/>
  </way>
  <way id="34272">
    <nd ref="33736"/>
    <nd ref="34269"/>
    <nd ref="34270"/>
    <nd ref="33832"/>
  </way>
  <way id="34281">
    <nd ref="33716"/>
    <nd ref="34275"/>
    <nd ref="34276"/>
    <nd ref="34277"/>
    <nd ref="33522"/>
  </way>
  <way id="34282">
    <nd ref="33726"/>
    <nd ref="34278"/>
    <nd ref="34279"/>
    <nd ref="34280"/>
    <nd ref="33525"/>
  </way>
  <way id="34327">
    <nd ref="32784"/>
    <nd ref="34285"/>
    <nd ref="34286"/>
    <nd ref="34287"/>
    <nd ref="34288"/>
    <nd ref="34289"/>
    <nd ref="34290"/>
    <nd ref="34291"/>
    <nd ref="34292"/>
    <nd ref="34293"/>
    <nd ref="34294"/>
    <nd ref="34295"/>
    <nd ref="34296"/>
    <nd ref="34297"/>
    <nd ref="34298"/>
    <nd ref="34299"/>
    <nd ref="34300"/>
    <nd ref="34301"/>
    <nd ref="34302"/>
    <nd ref="34303"/>
    <nd ref="34304"/>
    <nd ref="34305"/>
    <nd ref="32681"/>
  </way>
  <way id="34328">
    <nd ref="32800"/>
    <nd ref="34306"/>
    <nd ref="34307"/>
    <nd ref="34308"/>
    <nd ref="34309"/>
    <nd ref="34310"/>
    <nd ref="34311"/>
    <nd ref="34312"/>
    <nd ref="34313"/>
    <nd ref="34314"/>
    <nd ref="34315"/>
    <nd ref="34316"/>
    <nd ref="34317"/>
    <nd ref="34318"/>
    <nd ref="34319"/>
    <nd ref="34320"/>
    <nd ref="34321"/>
    <nd ref="34322"/>
    <nd ref="34323"/>
    <nd ref="34324"/>
    <nd ref="34325"/>
    <nd ref="34326"/>
    <nd ref="32686"/>
  </way>
  <way id="34348">
    <nd ref="33914"/>
    <nd ref="34331"/>
    <nd ref="34332"/>
    <nd ref="34333"/>
    <nd ref="34334"/>
    <nd ref="34335"/>
    <nd ref="34336"/>
    <nd ref="34337"/>
    <nd ref="34338"/>
    <nd ref="34339"/>
    <nd ref="34340"/>
    <nd ref="34341"/>
    <nd ref="34342"/>
    <nd ref="34343"/>
    <nd ref="34344"/>
    <nd ref="34345"/>
    <nd ref="34346"/>
    <nd ref="34347"/>
    <nd ref="34174"/>
  </way>
  <way id="34353">
    <nd ref="32692"/>
    <nd ref="34351"/>
    <nd ref="32820"/>
  </way>
  <way id="34354">
    <nd ref="32694"/>
    <nd ref="34352"/>
    <nd ref="34174"/>
  </way>
  <way id="34360">
    <nd ref="34072"/>
    <nd ref="34357"/>
    <nd ref="34358"/>
    <nd ref="34359"/>
    <nd ref="34199"/>
  </way>
  <way id="34367">
    <nd ref="33956"/>
    <nd ref="34363"/>
    <nd ref="34364"/>
    <nd ref="32760"/>
  </way>
  <way id="34368">
    <nd ref="33958"/>
    <nd ref="34365"/>
    <nd ref="34366"/>
    <nd ref="32765"/>
  </way>
  <way id="34374">
    <nd ref="34371"/>
    <nd ref="34372"/>
    <nd ref="34373"/>
    <nd ref="32671"/>
  </way>
  <way id="34383">
    <nd ref="32900"/>
    <nd ref="34377"/>
    <nd ref="34378"/>
    <nd ref="34379"/>
    <nd ref="33496"/>
  </way>
  <way id="34384">
    <nd ref="32901"/>
    <nd ref="34380"/>
    <nd ref="34381"/>
    <nd ref="34382"/>
    <nd ref="33500"/>
  </way>
  <way id="34389">
    <nd ref="34387"/>
    <nd ref="34388"/>
    <tag k="type" v="traffic_sign"/>
    <tag k="subtype" v="de274"/>
    <tag k="virtual" v="True"/>
  </way>
  <way id="34392">
    <nd ref="34390"/>
    <nd ref="34391"/>
    <tag k="type" v="stop_line"/>
  </way>
  <way id="34395">
    <nd ref="34393"/>
    <nd ref="34394"/>
    <tag k="type" v="stop_line"/>
  </way>
  <way id="34398">
    <nd ref="34396"/>
    <nd ref="34397"/>
    <tag k="type" v="stop_line"/>
  </way>
  <way id="34401">
    <nd ref="34399"/>
    <nd ref="34400"/>
    <tag k="type" v="stop_line"/>
  </way>
  <way id="34404">
    <nd ref="34402"/>
    <nd ref="34403"/>
    <tag k="type" v="stop_line"/>
  </way>
  <way id="34407">
    <nd ref="34405"/>
    <nd ref="34406"/>
    <tag k="type" v="stop_line"/>
  </way>
  <way id="34410">
    <nd ref="34408"/>
    <nd ref="34409"/>
    <tag k="type" v="stop_line"/>
  </way>
  <way id="34413">
    <nd ref="34411"/>
    <nd ref="34412"/>
    <tag k="type" v="stop_line"/>
    <tag k="subtype" v="solid"/>
  </way>
  <way id="34416">
    <nd ref="34414"/>
    <nd ref="34415"/>
    <tag k="type" v="traffic_sign"/>
    <tag k="subtype" v="stop_sign"/>
  </way>
  <way id="34420">
    <nd ref="34418"/>
    <nd ref="34419"/>
    <tag k="type" v="stop_line"/>
    <tag k="subtype" v="solid"/>
  </way>
  <way id="34423">
    <nd ref="34421"/>
    <nd ref="34422"/>
    <tag k="type" v="traffic_sign"/>
    <tag k="subtype" v="stop_sign"/>
  </way>
  <relation id="32619">
    <member type="way" role="left" ref="32617"/>
    <member type="way" role="right" ref="32618"/>
    <member type="relation" role="regulatory_element" ref="32620"/>
    <tag k="type" v="lanelet"/>
    <tag k="subtype" v="road"/>
    <tag k="speed_limit" v="10"/>
    <tag k="location" v="urban"/>
    <tag k="one_way" v="yes"/>
    <tag k="one_way:vehicle:emergency" v="no"/>
  </relation>
  <relation id="32657">
    <member type="way" role="left" ref="32655"/>
    <member type="way" role="right" ref="32656"/>
    <member type="relation" role="regulatory_element" ref="32658"/>
    <tag k="type" v="lanelet"/>
    <tag k="subtype" v="road"/>
    <tag k="speed_limit" v="10"/>
    <tag k="location" v="urban"/>
    <tag k="one_way" v="yes"/>
    <tag k="one_way:vehicle:emergency" v="no"/>
  </relation>
  <relation id="32667">
    <member type="way" role="left" ref="32665"/>
    <member type="way" role="right" ref="32666"/>
    <member type="relation" role="regulatory_element" ref="32668"/>
    <tag k="type" v="lanelet"/>
    <tag k="subtype" v="road"/>
    <tag k="speed_limit" v="10"/>
    <tag k="location" v="urban"/>
    <tag k="one_way" v="yes"/>
    <tag k="one_way:vehicle:emergency" v="no"/>
  </relation>
  <relation id="32675">
    <member type="way" role="left" ref="32673"/>
    <member type="way" role="right" ref="32674"/>
    <member type="relation" role="regulatory_element" ref="32676"/>
    <tag k="type" v="lanelet"/>
    <tag k="subtype" v="road"/>
    <tag k="speed_limit" v="10"/>
    <tag k="location" v="urban"/>
    <tag k="one_way" v="yes"/>
    <tag k="one_way:vehicle:emergency" v="no"/>
  </relation>
  <relation id="32689">
    <member type="way" role="left" ref="32687"/>
    <member type="way" role="right" ref="32688"/>
    <member type="relation" role="regulatory_element" ref="32690"/>
    <tag k="type" v="lanelet"/>
    <tag k="subtype" v="road"/>
    <tag k="speed_limit" v="10"/>
    <tag k="location" v="urban"/>
    <tag k="one_way" v="yes"/>
    <tag k="one_way:vehicle:emergency" v="no"/>
  </relation>
  <relation id="32697">
    <member type="way" role="left" ref="32695"/>
    <member type="way" role="right" ref="32696"/>
    <member type="relation" role="regulatory_element" ref="32698"/>
    <tag k="type" v="lanelet"/>
    <tag k="subtype" v="road"/>
    <tag k="speed_limit" v="10"/>
    <tag k="location" v="urban"/>
    <tag k="one_way" v="yes"/>
    <tag k="one_way:vehicle:emergency" v="no"/>
  </relation>
  <relation id="32702">
    <member type="way" role="left" ref="32695"/>
    <member type="way" role="right" ref="32701"/>
    <member type="relation" role="regulatory_element" ref="32703"/>
    <tag k="type" v="lanelet"/>
    <tag k="subtype" v="road"/>
    <tag k="speed_limit" v="10"/>
    <tag k="location" v="urban"/>
    <tag k="one_way" v="yes"/>
    <tag k="one_way:vehicle:emergency" v="no"/>
  </relation>
  <relation id="32712">
    <member type="way" role="left" ref="32710"/>
    <member type="way" role="right" ref="32711"/>
    <member type="relation" role="regulatory_element" ref="32713"/>
    <tag k="type" v="lanelet"/>
    <tag k="subtype" v="road"/>
    <tag k="speed_limit" v="10"/>
    <tag k="location" v="urban"/>
    <tag k="one_way" v="yes"/>
    <tag k="one_way:vehicle:emergency" v="no"/>
  </relation>
  <relation id="32722">
    <member type="way" role="left" ref="32720"/>
    <member type="way" role="right" ref="32721"/>
    <member type="relation" role="regulatory_element" ref="32723"/>
    <tag k="type" v="lanelet"/>
    <tag k="subtype" v="road"/>
    <tag k="speed_limit" v="10"/>
    <tag k="location" v="urban"/>
    <tag k="one_way" v="yes"/>
    <tag k="one_way:vehicle:emergency" v="no"/>
  </relation>
  <relation id="32746">
    <member type="way" role="left" ref="32744"/>
    <member type="way" role="right" ref="32745"/>
    <member type="relation" role="regulatory_element" ref="32747"/>
    <tag k="type" v="lanelet"/>
    <tag k="subtype" v="road"/>
    <tag k="speed_limit" v="10"/>
    <tag k="location" v="urban"/>
    <tag k="one_way" v="yes"/>
    <tag k="one_way:vehicle:emergency" v="no"/>
  </relation>
  <relation id="32758">
    <member type="way" role="left" ref="32756"/>
    <member type="way" role="right" ref="32757"/>
    <member type="relation" role="regulatory_element" ref="32759"/>
    <tag k="type" v="lanelet"/>
    <tag k="subtype" v="road"/>
    <tag k="speed_limit" v="10"/>
    <tag k="location" v="urban"/>
    <tag k="one_way" v="yes"/>
    <tag k="one_way:vehicle:emergency" v="no"/>
  </relation>
  <relation id="32772">
    <member type="way" role="left" ref="32770"/>
    <member type="way" role="right" ref="32771"/>
    <member type="relation" role="regulatory_element" ref="32773"/>
    <tag k="type" v="lanelet"/>
    <tag k="subtype" v="road"/>
    <tag k="speed_limit" v="10"/>
    <tag k="location" v="urban"/>
    <tag k="one_way" v="yes"/>
    <tag k="one_way:vehicle:emergency" v="no"/>
  </relation>
  <relation id="32782">
    <member type="way" role="left" ref="32780"/>
    <member type="way" role="right" ref="32781"/>
    <member type="relation" role="regulatory_element" ref="32783"/>
    <tag k="type" v="lanelet"/>
    <tag k="subtype" v="road"/>
    <tag k="speed_limit" v="10"/>
    <tag k="location" v="urban"/>
    <tag k="one_way" v="yes"/>
    <tag k="one_way:vehicle:emergency" v="no"/>
  </relation>
  <relation id="32818">
    <member type="way" role="left" ref="32816"/>
    <member type="way" role="right" ref="32817"/>
    <member type="relation" role="regulatory_element" ref="32819"/>
    <tag k="type" v="lanelet"/>
    <tag k="subtype" v="road"/>
    <tag k="speed_limit" v="10"/>
    <tag k="location" v="urban"/>
    <tag k="one_way" v="yes"/>
    <tag k="one_way:vehicle:emergency" v="no"/>
  </relation>
  <relation id="32824">
    <member type="way" role="left" ref="32822"/>
    <member type="way" role="right" ref="32823"/>
    <member type="relation" role="regulatory_element" ref="32825"/>
    <tag k="type" v="lanelet"/>
    <tag k="subtype" v="road"/>
    <tag k="speed_limit" v="10"/>
    <tag k="location" v="urban"/>
    <tag k="one_way" v="yes"/>
    <tag k="one_way:vehicle:emergency" v="no"/>
  </relation>
  <relation id="32834">
    <member type="way" role="left" ref="32832"/>
    <member type="way" role="right" ref="32833"/>
    <member type="relation" role="regulatory_element" ref="32835"/>
    <tag k="type" v="lanelet"/>
    <tag k="subtype" v="road"/>
    <tag k="speed_limit" v="10"/>
    <tag k="location" v="urban"/>
    <tag k="one_way" v="yes"/>
    <tag k="one_way:vehicle:emergency" v="no"/>
  </relation>
  <relation id="32844">
    <member type="way" role="left" ref="32842"/>
    <member type="way" role="right" ref="32843"/>
    <member type="relation" role="regulatory_element" ref="32845"/>
    <tag k="type" v="lanelet"/>
    <tag k="subtype" v="road"/>
    <tag k="speed_limit" v="10"/>
    <tag k="location" v="urban"/>
    <tag k="one_way" v="yes"/>
    <tag k="one_way:vehicle:emergency" v="no"/>
  </relation>
  <relation id="32858">
    <member type="way" role="left" ref="32856"/>
    <member type="way" role="right" ref="32857"/>
    <member type="relation" role="regulatory_element" ref="32859"/>
    <tag k="type" v="lanelet"/>
    <tag k="subtype" v="road"/>
    <tag k="speed_limit" v="10"/>
    <tag k="location" v="urban"/>
    <tag k="one_way" v="yes"/>
    <tag k="one_way:vehicle:emergency" v="no"/>
  </relation>
  <relation id="32884">
    <member type="way" role="left" ref="32882"/>
    <member type="way" role="right" ref="32883"/>
    <member type="relation" role="regulatory_element" ref="32885"/>
    <tag k="type" v="lanelet"/>
    <tag k="subtype" v="road"/>
    <tag k="speed_limit" v="10"/>
    <tag k="location" v="urban"/>
    <tag k="one_way" v="yes"/>
    <tag k="one_way:vehicle:emergency" v="no"/>
  </relation>
  <relation id="32898">
    <member type="way" role="left" ref="32896"/>
    <member type="way" role="right" ref="32897"/>
    <member type="relation" role="regulatory_element" ref="32899"/>
    <tag k="type" v="lanelet"/>
    <tag k="subtype" v="road"/>
    <tag k="speed_limit" v="10"/>
    <tag k="location" v="urban"/>
    <tag k="one_way" v="yes"/>
    <tag k="one_way:vehicle:emergency" v="no"/>
  </relation>
  <relation id="32904">
    <member type="way" role="left" ref="32902"/>
    <member type="way" role="right" ref="32903"/>
    <member type="relation" role="regulatory_element" ref="32905"/>
    <tag k="type" v="lanelet"/>
    <tag k="subtype" v="road"/>
    <tag k="speed_limit" v="10"/>
    <tag k="location" v="urban"/>
    <tag k="one_way" v="yes"/>
    <tag k="one_way:vehicle:emergency" v="no"/>
  </relation>
  <relation id="32916">
    <member type="way" role="left" ref="32914"/>
    <member type="way" role="right" ref="32915"/>
    <member type="relation" role="regulatory_element" ref="32917"/>
    <tag k="type" v="lanelet"/>
    <tag k="subtype" v="road"/>
    <tag k="speed_limit" v="10"/>
    <tag k="location" v="urban"/>
    <tag k="one_way" v="yes"/>
    <tag k="one_way:vehicle:emergency" v="no"/>
  </relation>
  <relation id="32966">
    <member type="way" role="left" ref="32964"/>
    <member type="way" role="right" ref="32965"/>
    <member type="relation" role="regulatory_element" ref="32967"/>
    <tag k="type" v="lanelet"/>
    <tag k="subtype" v="road"/>
    <tag k="speed_limit" v="10"/>
    <tag k="location" v="urban"/>
    <tag k="one_way" v="yes"/>
    <tag k="one_way:vehicle:emergency" v="no"/>
  </relation>
  <relation id="32970">
    <member type="way" role="left" ref="32673"/>
    <member type="way" role="right" ref="32969"/>
    <member type="relation" role="regulatory_element" ref="32971"/>
    <tag k="type" v="lanelet"/>
    <tag k="subtype" v="road"/>
    <tag k="speed_limit" v="10"/>
    <tag k="location" v="urban"/>
    <tag k="one_way" v="yes"/>
    <tag k="one_way:vehicle:emergency" v="no"/>
  </relation>
  <relation id="32998">
    <member type="way" role="left" ref="32996"/>
    <member type="way" role="right" ref="32997"/>
    <member type="relation" role="regulatory_element" ref="32999"/>
    <tag k="type" v="lanelet"/>
    <tag k="subtype" v="road"/>
    <tag k="speed_limit" v="10"/>
    <tag k="location" v="urban"/>
    <tag k="one_way" v="yes"/>
    <tag k="one_way:vehicle:emergency" v="no"/>
  </relation>
  <relation id="33006">
    <member type="way" role="left" ref="33004"/>
    <member type="way" role="right" ref="33005"/>
    <member type="relation" role="regulatory_element" ref="33007"/>
    <tag k="type" v="lanelet"/>
    <tag k="subtype" v="road"/>
    <tag k="speed_limit" v="10"/>
    <tag k="location" v="urban"/>
    <tag k="one_way" v="yes"/>
    <tag k="one_way:vehicle:emergency" v="no"/>
  </relation>
  <relation id="33022">
    <member type="way" role="left" ref="33020"/>
    <member type="way" role="right" ref="33021"/>
    <member type="relation" role="regulatory_element" ref="33023"/>
    <member type="relation" role="regulatory_element" ref="34424"/>
    <tag k="type" v="lanelet"/>
    <tag k="subtype" v="road"/>
    <tag k="speed_limit" v="10"/>
    <tag k="location" v="urban"/>
    <tag k="one_way" v="yes"/>
    <tag k="one_way:vehicle:emergency" v="no"/>
  </relation>
  <relation id="33030">
    <member type="way" role="left" ref="33028"/>
    <member type="way" role="right" ref="33029"/>
    <member type="relation" role="regulatory_element" ref="33031"/>
    <tag k="type" v="lanelet"/>
    <tag k="subtype" v="road"/>
    <tag k="speed_limit" v="10"/>
    <tag k="location" v="urban"/>
    <tag k="one_way" v="yes"/>
    <tag k="one_way:vehicle:emergency" v="no"/>
  </relation>
  <relation id="33046">
    <member type="way" role="left" ref="33044"/>
    <member type="way" role="right" ref="33045"/>
    <member type="relation" role="regulatory_element" ref="33047"/>
    <tag k="type" v="lanelet"/>
    <tag k="subtype" v="road"/>
    <tag k="speed_limit" v="10"/>
    <tag k="location" v="urban"/>
    <tag k="one_way" v="yes"/>
    <tag k="one_way:vehicle:emergency" v="no"/>
  </relation>
  <relation id="33058">
    <member type="way" role="left" ref="33056"/>
    <member type="way" role="right" ref="33057"/>
    <member type="relation" role="regulatory_element" ref="33059"/>
    <tag k="type" v="lanelet"/>
    <tag k="subtype" v="road"/>
    <tag k="speed_limit" v="10"/>
    <tag k="location" v="urban"/>
    <tag k="one_way" v="yes"/>
    <tag k="one_way:vehicle:emergency" v="no"/>
  </relation>
  <relation id="33146">
    <member type="way" role="left" ref="33144"/>
    <member type="way" role="right" ref="33145"/>
    <member type="relation" role="regulatory_element" ref="33147"/>
    <tag k="type" v="lanelet"/>
    <tag k="subtype" v="road"/>
    <tag k="speed_limit" v="10"/>
    <tag k="location" v="urban"/>
    <tag k="one_way" v="yes"/>
    <tag k="one_way:vehicle:emergency" v="no"/>
  </relation>
  <relation id="33152">
    <member type="way" role="left" ref="33150"/>
    <member type="way" role="right" ref="33151"/>
    <member type="relation" role="regulatory_element" ref="33153"/>
    <tag k="type" v="lanelet"/>
    <tag k="subtype" v="road"/>
    <tag k="speed_limit" v="10"/>
    <tag k="location" v="urban"/>
    <tag k="one_way" v="yes"/>
    <tag k="one_way:vehicle:emergency" v="no"/>
  </relation>
  <relation id="33168">
    <member type="way" role="left" ref="33166"/>
    <member type="way" role="right" ref="33167"/>
    <member type="relation" role="regulatory_element" ref="33169"/>
    <tag k="type" v="lanelet"/>
    <tag k="subtype" v="road"/>
    <tag k="speed_limit" v="10"/>
    <tag k="location" v="urban"/>
    <tag k="one_way" v="yes"/>
    <tag k="one_way:vehicle:emergency" v="no"/>
  </relation>
  <relation id="33222">
    <member type="way" role="left" ref="33220"/>
    <member type="way" role="right" ref="33221"/>
    <member type="relation" role="regulatory_element" ref="33223"/>
    <tag k="type" v="lanelet"/>
    <tag k="subtype" v="road"/>
    <tag k="speed_limit" v="10"/>
    <tag k="location" v="urban"/>
    <tag k="one_way" v="yes"/>
    <tag k="one_way:vehicle:emergency" v="no"/>
  </relation>
  <relation id="33232">
    <member type="way" role="left" ref="33230"/>
    <member type="way" role="right" ref="33231"/>
    <member type="relation" role="regulatory_element" ref="33233"/>
    <tag k="type" v="lanelet"/>
    <tag k="subtype" v="road"/>
    <tag k="speed_limit" v="10"/>
    <tag k="location" v="urban"/>
    <tag k="one_way" v="yes"/>
    <tag k="one_way:vehicle:emergency" v="no"/>
  </relation>
  <relation id="33246">
    <member type="way" role="left" ref="33244"/>
    <member type="way" role="right" ref="33245"/>
    <member type="relation" role="regulatory_element" ref="33247"/>
    <tag k="type" v="lanelet"/>
    <tag k="subtype" v="road"/>
    <tag k="speed_limit" v="10"/>
    <tag k="location" v="urban"/>
    <tag k="one_way" v="yes"/>
    <tag k="one_way:vehicle:emergency" v="no"/>
  </relation>
  <relation id="33252">
    <member type="way" role="left" ref="33250"/>
    <member type="way" role="right" ref="33251"/>
    <member type="relation" role="regulatory_element" ref="33253"/>
    <tag k="type" v="lanelet"/>
    <tag k="subtype" v="road"/>
    <tag k="speed_limit" v="10"/>
    <tag k="location" v="urban"/>
    <tag k="one_way" v="yes"/>
    <tag k="one_way:vehicle:emergency" v="no"/>
  </relation>
  <relation id="33262">
    <member type="way" role="left" ref="33260"/>
    <member type="way" role="right" ref="33261"/>
    <member type="relation" role="regulatory_element" ref="33263"/>
    <tag k="type" v="lanelet"/>
    <tag k="subtype" v="road"/>
    <tag k="speed_limit" v="10"/>
    <tag k="location" v="urban"/>
    <tag k="one_way" v="yes"/>
    <tag k="one_way:vehicle:emergency" v="no"/>
  </relation>
  <relation id="33268">
    <member type="way" role="left" ref="32842"/>
    <member type="way" role="right" ref="33267"/>
    <member type="relation" role="regulatory_element" ref="33269"/>
    <tag k="type" v="lanelet"/>
    <tag k="subtype" v="road"/>
    <tag k="speed_limit" v="10"/>
    <tag k="location" v="urban"/>
    <tag k="one_way" v="yes"/>
    <tag k="one_way:vehicle:emergency" v="no"/>
  </relation>
  <relation id="33296">
    <member type="way" role="left" ref="33294"/>
    <member type="way" role="right" ref="33295"/>
    <member type="relation" role="regulatory_element" ref="33297"/>
    <tag k="type" v="lanelet"/>
    <tag k="subtype" v="road"/>
    <tag k="speed_limit" v="10"/>
    <tag k="location" v="urban"/>
    <tag k="one_way" v="yes"/>
    <tag k="one_way:vehicle:emergency" v="no"/>
  </relation>
  <relation id="33302">
    <member type="way" role="left" ref="33300"/>
    <member type="way" role="right" ref="33301"/>
    <member type="relation" role="regulatory_element" ref="33303"/>
    <tag k="type" v="lanelet"/>
    <tag k="subtype" v="road"/>
    <tag k="speed_limit" v="10"/>
    <tag k="location" v="urban"/>
    <tag k="one_way" v="yes"/>
    <tag k="one_way:vehicle:emergency" v="no"/>
  </relation>
  <relation id="33348">
    <member type="way" role="left" ref="33346"/>
    <member type="way" role="right" ref="33347"/>
    <member type="relation" role="regulatory_element" ref="33349"/>
    <member type="relation" role="regulatory_element" ref="34417"/>
    <tag k="type" v="lanelet"/>
    <tag k="subtype" v="road"/>
    <tag k="speed_limit" v="10"/>
    <tag k="location" v="urban"/>
    <tag k="one_way" v="yes"/>
    <tag k="one_way:vehicle:emergency" v="no"/>
  </relation>
  <relation id="33356">
    <member type="way" role="left" ref="33354"/>
    <member type="way" role="right" ref="33355"/>
    <member type="relation" role="regulatory_element" ref="33357"/>
    <tag k="type" v="lanelet"/>
    <tag k="subtype" v="road"/>
    <tag k="speed_limit" v="10"/>
    <tag k="location" v="urban"/>
    <tag k="one_way" v="yes"/>
    <tag k="one_way:vehicle:emergency" v="no"/>
  </relation>
  <relation id="33366">
    <member type="way" role="left" ref="33364"/>
    <member type="way" role="right" ref="33365"/>
    <member type="relation" role="regulatory_element" ref="33367"/>
    <tag k="type" v="lanelet"/>
    <tag k="subtype" v="road"/>
    <tag k="speed_limit" v="10"/>
    <tag k="location" v="urban"/>
    <tag k="one_way" v="yes"/>
    <tag k="one_way:vehicle:emergency" v="no"/>
  </relation>
  <relation id="33374">
    <member type="way" role="left" ref="33372"/>
    <member type="way" role="right" ref="33373"/>
    <member type="relation" role="regulatory_element" ref="33375"/>
    <tag k="type" v="lanelet"/>
    <tag k="subtype" v="road"/>
    <tag k="speed_limit" v="10"/>
    <tag k="location" v="urban"/>
    <tag k="one_way" v="yes"/>
    <tag k="one_way:vehicle:emergency" v="no"/>
  </relation>
  <relation id="33382">
    <member type="way" role="left" ref="33380"/>
    <member type="way" role="right" ref="33381"/>
    <member type="relation" role="regulatory_element" ref="33383"/>
    <tag k="type" v="lanelet"/>
    <tag k="subtype" v="road"/>
    <tag k="speed_limit" v="10"/>
    <tag k="location" v="urban"/>
    <tag k="one_way" v="yes"/>
    <tag k="one_way:vehicle:emergency" v="no"/>
  </relation>
  <relation id="33390">
    <member type="way" role="left" ref="33388"/>
    <member type="way" role="right" ref="33389"/>
    <member type="relation" role="regulatory_element" ref="33391"/>
    <tag k="type" v="lanelet"/>
    <tag k="subtype" v="road"/>
    <tag k="speed_limit" v="10"/>
    <tag k="location" v="urban"/>
    <tag k="one_way" v="yes"/>
    <tag k="one_way:vehicle:emergency" v="no"/>
  </relation>
  <relation id="33430">
    <member type="way" role="left" ref="33428"/>
    <member type="way" role="right" ref="33429"/>
    <member type="relation" role="regulatory_element" ref="33431"/>
    <tag k="type" v="lanelet"/>
    <tag k="subtype" v="road"/>
    <tag k="speed_limit" v="10"/>
    <tag k="location" v="urban"/>
    <tag k="one_way" v="yes"/>
    <tag k="one_way:vehicle:emergency" v="no"/>
  </relation>
  <relation id="33442">
    <member type="way" role="left" ref="33440"/>
    <member type="way" role="right" ref="33441"/>
    <member type="relation" role="regulatory_element" ref="33443"/>
    <tag k="type" v="lanelet"/>
    <tag k="subtype" v="road"/>
    <tag k="speed_limit" v="10"/>
    <tag k="location" v="urban"/>
    <tag k="one_way" v="yes"/>
    <tag k="one_way:vehicle:emergency" v="no"/>
  </relation>
  <relation id="33482">
    <member type="way" role="left" ref="33480"/>
    <member type="way" role="right" ref="33481"/>
    <member type="relation" role="regulatory_element" ref="33483"/>
    <tag k="type" v="lanelet"/>
    <tag k="subtype" v="road"/>
    <tag k="speed_limit" v="10"/>
    <tag k="location" v="urban"/>
    <tag k="one_way" v="yes"/>
    <tag k="one_way:vehicle:emergency" v="no"/>
  </relation>
  <relation id="33494">
    <member type="way" role="left" ref="33492"/>
    <member type="way" role="right" ref="33493"/>
    <member type="relation" role="regulatory_element" ref="33495"/>
    <tag k="type" v="lanelet"/>
    <tag k="subtype" v="road"/>
    <tag k="speed_limit" v="10"/>
    <tag k="location" v="urban"/>
    <tag k="one_way" v="yes"/>
    <tag k="one_way:vehicle:emergency" v="no"/>
  </relation>
  <relation id="33506">
    <member type="way" role="left" ref="33504"/>
    <member type="way" role="right" ref="33505"/>
    <member type="relation" role="regulatory_element" ref="33507"/>
    <tag k="type" v="lanelet"/>
    <tag k="subtype" v="road"/>
    <tag k="speed_limit" v="10"/>
    <tag k="location" v="urban"/>
    <tag k="one_way" v="yes"/>
    <tag k="one_way:vehicle:emergency" v="no"/>
  </relation>
  <relation id="33520">
    <member type="way" role="left" ref="33518"/>
    <member type="way" role="right" ref="33519"/>
    <member type="relation" role="regulatory_element" ref="33521"/>
    <tag k="type" v="lanelet"/>
    <tag k="subtype" v="road"/>
    <tag k="speed_limit" v="10"/>
    <tag k="location" v="urban"/>
    <tag k="one_way" v="yes"/>
    <tag k="one_way:vehicle:emergency" v="no"/>
  </relation>
  <relation id="33530">
    <member type="way" role="left" ref="33528"/>
    <member type="way" role="right" ref="33529"/>
    <member type="relation" role="regulatory_element" ref="33531"/>
    <tag k="type" v="lanelet"/>
    <tag k="subtype" v="road"/>
    <tag k="speed_limit" v="10"/>
    <tag k="location" v="urban"/>
    <tag k="one_way" v="yes"/>
    <tag k="one_way:vehicle:emergency" v="no"/>
  </relation>
  <relation id="33535">
    <member type="way" role="left" ref="33354"/>
    <member type="way" role="right" ref="33534"/>
    <member type="relation" role="regulatory_element" ref="33536"/>
    <tag k="type" v="lanelet"/>
    <tag k="subtype" v="road"/>
    <tag k="speed_limit" v="10"/>
    <tag k="location" v="urban"/>
    <tag k="one_way" v="yes"/>
    <tag k="one_way:vehicle:emergency" v="no"/>
  </relation>
  <relation id="33545">
    <member type="way" role="left" ref="33543"/>
    <member type="way" role="right" ref="33544"/>
    <member type="relation" role="regulatory_element" ref="33546"/>
    <tag k="type" v="lanelet"/>
    <tag k="subtype" v="road"/>
    <tag k="speed_limit" v="10"/>
    <tag k="location" v="urban"/>
    <tag k="one_way" v="yes"/>
    <tag k="one_way:vehicle:emergency" v="no"/>
  </relation>
  <relation id="33565">
    <member type="way" role="left" ref="33563"/>
    <member type="way" role="right" ref="33564"/>
    <member type="relation" role="regulatory_element" ref="33566"/>
    <tag k="type" v="lanelet"/>
    <tag k="subtype" v="road"/>
    <tag k="speed_limit" v="10"/>
    <tag k="location" v="urban"/>
    <tag k="one_way" v="yes"/>
    <tag k="one_way:vehicle:emergency" v="no"/>
  </relation>
  <relation id="33575">
    <member type="way" role="left" ref="33573"/>
    <member type="way" role="right" ref="33574"/>
    <member type="relation" role="regulatory_element" ref="33576"/>
    <tag k="type" v="lanelet"/>
    <tag k="subtype" v="road"/>
    <tag k="speed_limit" v="10"/>
    <tag k="location" v="urban"/>
    <tag k="one_way" v="yes"/>
    <tag k="one_way:vehicle:emergency" v="no"/>
  </relation>
  <relation id="33578">
    <member type="way" role="left" ref="32902"/>
    <member type="way" role="right" ref="33577"/>
    <member type="relation" role="regulatory_element" ref="33579"/>
    <tag k="type" v="lanelet"/>
    <tag k="subtype" v="road"/>
    <tag k="speed_limit" v="10"/>
    <tag k="location" v="urban"/>
    <tag k="one_way" v="yes"/>
    <tag k="one_way:vehicle:emergency" v="no"/>
  </relation>
  <relation id="33584">
    <member type="way" role="left" ref="33582"/>
    <member type="way" role="right" ref="33583"/>
    <member type="relation" role="regulatory_element" ref="33585"/>
    <tag k="type" v="lanelet"/>
    <tag k="subtype" v="road"/>
    <tag k="speed_limit" v="10"/>
    <tag k="location" v="urban"/>
    <tag k="one_way" v="yes"/>
    <tag k="one_way:vehicle:emergency" v="no"/>
  </relation>
  <relation id="33590">
    <member type="way" role="left" ref="33588"/>
    <member type="way" role="right" ref="33589"/>
    <member type="relation" role="regulatory_element" ref="33591"/>
    <tag k="type" v="lanelet"/>
    <tag k="subtype" v="road"/>
    <tag k="speed_limit" v="10"/>
    <tag k="location" v="urban"/>
    <tag k="one_way" v="yes"/>
    <tag k="one_way:vehicle:emergency" v="no"/>
  </relation>
  <relation id="33598">
    <member type="way" role="left" ref="33596"/>
    <member type="way" role="right" ref="33597"/>
    <member type="relation" role="regulatory_element" ref="33599"/>
    <tag k="type" v="lanelet"/>
    <tag k="subtype" v="road"/>
    <tag k="speed_limit" v="10"/>
    <tag k="location" v="urban"/>
    <tag k="one_way" v="yes"/>
    <tag k="one_way:vehicle:emergency" v="no"/>
  </relation>
  <relation id="33602">
    <member type="way" role="left" ref="33600"/>
    <member type="way" role="right" ref="33601"/>
    <member type="relation" role="regulatory_element" ref="33603"/>
    <tag k="type" v="lanelet"/>
    <tag k="subtype" v="road"/>
    <tag k="speed_limit" v="10"/>
    <tag k="location" v="urban"/>
    <tag k="one_way" v="yes"/>
    <tag k="one_way:vehicle:emergency" v="no"/>
  </relation>
  <relation id="33605">
    <member type="way" role="left" ref="33582"/>
    <member type="way" role="right" ref="33604"/>
    <member type="relation" role="regulatory_element" ref="33606"/>
    <tag k="type" v="lanelet"/>
    <tag k="subtype" v="road"/>
    <tag k="speed_limit" v="10"/>
    <tag k="location" v="urban"/>
    <tag k="one_way" v="yes"/>
    <tag k="one_way:vehicle:emergency" v="no"/>
  </relation>
  <relation id="33611">
    <member type="way" role="left" ref="33609"/>
    <member type="way" role="right" ref="33610"/>
    <member type="relation" role="regulatory_element" ref="33612"/>
    <tag k="type" v="lanelet"/>
    <tag k="subtype" v="road"/>
    <tag k="speed_limit" v="10"/>
    <tag k="location" v="urban"/>
    <tag k="one_way" v="yes"/>
    <tag k="one_way:vehicle:emergency" v="no"/>
  </relation>
  <relation id="33661">
    <member type="way" role="left" ref="33659"/>
    <member type="way" role="right" ref="33660"/>
    <member type="relation" role="regulatory_element" ref="33662"/>
    <tag k="type" v="lanelet"/>
    <tag k="subtype" v="road"/>
    <tag k="speed_limit" v="10"/>
    <tag k="location" v="urban"/>
    <tag k="one_way" v="yes"/>
    <tag k="one_way:vehicle:emergency" v="no"/>
  </relation>
  <relation id="33693">
    <member type="way" role="left" ref="33691"/>
    <member type="way" role="right" ref="33692"/>
    <member type="relation" role="regulatory_element" ref="33694"/>
    <tag k="type" v="lanelet"/>
    <tag k="subtype" v="road"/>
    <tag k="speed_limit" v="10"/>
    <tag k="location" v="urban"/>
    <tag k="one_way" v="yes"/>
    <tag k="one_way:vehicle:emergency" v="no"/>
  </relation>
  <relation id="33705">
    <member type="way" role="left" ref="33703"/>
    <member type="way" role="right" ref="33704"/>
    <member type="relation" role="regulatory_element" ref="33706"/>
    <tag k="type" v="lanelet"/>
    <tag k="subtype" v="road"/>
    <tag k="speed_limit" v="10"/>
    <tag k="location" v="urban"/>
    <tag k="one_way" v="yes"/>
    <tag k="one_way:vehicle:emergency" v="no"/>
  </relation>
  <relation id="33729">
    <member type="way" role="left" ref="33727"/>
    <member type="way" role="right" ref="33728"/>
    <member type="relation" role="regulatory_element" ref="33730"/>
    <tag k="type" v="lanelet"/>
    <tag k="subtype" v="road"/>
    <tag k="speed_limit" v="10"/>
    <tag k="location" v="urban"/>
    <tag k="one_way" v="yes"/>
    <tag k="one_way:vehicle:emergency" v="no"/>
  </relation>
  <relation id="33739">
    <member type="way" role="left" ref="33737"/>
    <member type="way" role="right" ref="33738"/>
    <member type="relation" role="regulatory_element" ref="33740"/>
    <tag k="type" v="lanelet"/>
    <tag k="subtype" v="road"/>
    <tag k="speed_limit" v="10"/>
    <tag k="location" v="urban"/>
    <tag k="one_way" v="yes"/>
    <tag k="one_way:vehicle:emergency" v="no"/>
  </relation>
  <relation id="33775">
    <member type="way" role="left" ref="33773"/>
    <member type="way" role="right" ref="33774"/>
    <member type="relation" role="regulatory_element" ref="33776"/>
    <tag k="type" v="lanelet"/>
    <tag k="subtype" v="road"/>
    <tag k="speed_limit" v="10"/>
    <tag k="location" v="urban"/>
    <tag k="one_way" v="yes"/>
    <tag k="one_way:vehicle:emergency" v="no"/>
  </relation>
  <relation id="33809">
    <member type="way" role="left" ref="33807"/>
    <member type="way" role="right" ref="33808"/>
    <member type="relation" role="regulatory_element" ref="33810"/>
    <tag k="type" v="lanelet"/>
    <tag k="subtype" v="road"/>
    <tag k="speed_limit" v="10"/>
    <tag k="location" v="urban"/>
    <tag k="one_way" v="yes"/>
    <tag k="one_way:vehicle:emergency" v="no"/>
  </relation>
  <relation id="33821">
    <member type="way" role="left" ref="33819"/>
    <member type="way" role="right" ref="33820"/>
    <member type="relation" role="regulatory_element" ref="33822"/>
    <tag k="type" v="lanelet"/>
    <tag k="subtype" v="road"/>
    <tag k="speed_limit" v="10"/>
    <tag k="location" v="urban"/>
    <tag k="one_way" v="yes"/>
    <tag k="one_way:vehicle:emergency" v="no"/>
  </relation>
  <relation id="33825">
    <member type="way" role="left" ref="33823"/>
    <member type="way" role="right" ref="33824"/>
    <member type="relation" role="regulatory_element" ref="33826"/>
    <tag k="type" v="lanelet"/>
    <tag k="subtype" v="road"/>
    <tag k="speed_limit" v="10"/>
    <tag k="location" v="urban"/>
    <tag k="one_way" v="yes"/>
    <tag k="one_way:vehicle:emergency" v="no"/>
  </relation>
  <relation id="33839">
    <member type="way" role="left" ref="33837"/>
    <member type="way" role="right" ref="33838"/>
    <member type="relation" role="regulatory_element" ref="33840"/>
    <tag k="type" v="lanelet"/>
    <tag k="subtype" v="road"/>
    <tag k="speed_limit" v="10"/>
    <tag k="location" v="urban"/>
    <tag k="one_way" v="yes"/>
    <tag k="one_way:vehicle:emergency" v="no"/>
  </relation>
  <relation id="33843">
    <member type="way" role="left" ref="33841"/>
    <member type="way" role="right" ref="33842"/>
    <member type="relation" role="regulatory_element" ref="33844"/>
    <tag k="type" v="lanelet"/>
    <tag k="subtype" v="road"/>
    <tag k="speed_limit" v="10"/>
    <tag k="location" v="urban"/>
    <tag k="one_way" v="yes"/>
    <tag k="one_way:vehicle:emergency" v="no"/>
  </relation>
  <relation id="33851">
    <member type="way" role="left" ref="33849"/>
    <member type="way" role="right" ref="33850"/>
    <member type="relation" role="regulatory_element" ref="33852"/>
    <tag k="type" v="lanelet"/>
    <tag k="subtype" v="road"/>
    <tag k="speed_limit" v="10"/>
    <tag k="location" v="urban"/>
    <tag k="one_way" v="yes"/>
    <tag k="one_way:vehicle:emergency" v="no"/>
  </relation>
  <relation id="33859">
    <member type="way" role="left" ref="33857"/>
    <member type="way" role="right" ref="33858"/>
    <member type="relation" role="regulatory_element" ref="33860"/>
    <tag k="type" v="lanelet"/>
    <tag k="subtype" v="road"/>
    <tag k="speed_limit" v="10"/>
    <tag k="location" v="urban"/>
    <tag k="one_way" v="yes"/>
    <tag k="one_way:vehicle:emergency" v="no"/>
  </relation>
  <relation id="33865">
    <member type="way" role="left" ref="33863"/>
    <member type="way" role="right" ref="33864"/>
    <member type="relation" role="regulatory_element" ref="33866"/>
    <tag k="type" v="lanelet"/>
    <tag k="subtype" v="road"/>
    <tag k="speed_limit" v="10"/>
    <tag k="location" v="urban"/>
    <tag k="one_way" v="yes"/>
    <tag k="one_way:vehicle:emergency" v="no"/>
  </relation>
  <relation id="33871">
    <member type="way" role="left" ref="33869"/>
    <member type="way" role="right" ref="33870"/>
    <member type="relation" role="regulatory_element" ref="33872"/>
    <tag k="type" v="lanelet"/>
    <tag k="subtype" v="road"/>
    <tag k="speed_limit" v="10"/>
    <tag k="location" v="urban"/>
    <tag k="one_way" v="yes"/>
    <tag k="one_way:vehicle:emergency" v="no"/>
  </relation>
  <relation id="33885">
    <member type="way" role="left" ref="33883"/>
    <member type="way" role="right" ref="33884"/>
    <member type="relation" role="regulatory_element" ref="33886"/>
    <tag k="type" v="lanelet"/>
    <tag k="subtype" v="road"/>
    <tag k="speed_limit" v="10"/>
    <tag k="location" v="urban"/>
    <tag k="one_way" v="yes"/>
    <tag k="one_way:vehicle:emergency" v="no"/>
  </relation>
  <relation id="33903">
    <member type="way" role="left" ref="33901"/>
    <member type="way" role="right" ref="33902"/>
    <member type="relation" role="regulatory_element" ref="33904"/>
    <tag k="type" v="lanelet"/>
    <tag k="subtype" v="road"/>
    <tag k="speed_limit" v="10"/>
    <tag k="location" v="urban"/>
    <tag k="one_way" v="yes"/>
    <tag k="one_way:vehicle:emergency" v="no"/>
  </relation>
  <relation id="33917">
    <member type="way" role="left" ref="33915"/>
    <member type="way" role="right" ref="33916"/>
    <member type="relation" role="regulatory_element" ref="33918"/>
    <tag k="type" v="lanelet"/>
    <tag k="subtype" v="road"/>
    <tag k="speed_limit" v="10"/>
    <tag k="location" v="urban"/>
    <tag k="one_way" v="yes"/>
    <tag k="one_way:vehicle:emergency" v="no"/>
  </relation>
  <relation id="33937">
    <member type="way" role="left" ref="33935"/>
    <member type="way" role="right" ref="33936"/>
    <member type="relation" role="regulatory_element" ref="33938"/>
    <tag k="type" v="lanelet"/>
    <tag k="subtype" v="road"/>
    <tag k="speed_limit" v="10"/>
    <tag k="location" v="urban"/>
    <tag k="one_way" v="yes"/>
    <tag k="one_way:vehicle:emergency" v="no"/>
  </relation>
  <relation id="33949">
    <member type="way" role="left" ref="33947"/>
    <member type="way" role="right" ref="33948"/>
    <member type="relation" role="regulatory_element" ref="33950"/>
    <tag k="type" v="lanelet"/>
    <tag k="subtype" v="road"/>
    <tag k="speed_limit" v="10"/>
    <tag k="location" v="urban"/>
    <tag k="one_way" v="yes"/>
    <tag k="one_way:vehicle:emergency" v="no"/>
  </relation>
  <relation id="33953">
    <member type="way" role="left" ref="33951"/>
    <member type="way" role="right" ref="33952"/>
    <member type="relation" role="regulatory_element" ref="33954"/>
    <tag k="type" v="lanelet"/>
    <tag k="subtype" v="road"/>
    <tag k="speed_limit" v="10"/>
    <tag k="location" v="urban"/>
    <tag k="one_way" v="yes"/>
    <tag k="one_way:vehicle:emergency" v="no"/>
  </relation>
  <relation id="33961">
    <member type="way" role="left" ref="33959"/>
    <member type="way" role="right" ref="33960"/>
    <member type="relation" role="regulatory_element" ref="33962"/>
    <tag k="type" v="lanelet"/>
    <tag k="subtype" v="road"/>
    <tag k="speed_limit" v="10"/>
    <tag k="location" v="urban"/>
    <tag k="one_way" v="yes"/>
    <tag k="one_way:vehicle:emergency" v="no"/>
  </relation>
  <relation id="33965">
    <member type="way" role="left" ref="33963"/>
    <member type="way" role="right" ref="33964"/>
    <member type="relation" role="regulatory_element" ref="33966"/>
    <tag k="type" v="lanelet"/>
    <tag k="subtype" v="road"/>
    <tag k="speed_limit" v="10"/>
    <tag k="location" v="urban"/>
    <tag k="one_way" v="yes"/>
    <tag k="one_way:vehicle:emergency" v="no"/>
  </relation>
  <relation id="33995">
    <member type="way" role="left" ref="33993"/>
    <member type="way" role="right" ref="33994"/>
    <member type="relation" role="regulatory_element" ref="33996"/>
    <tag k="type" v="lanelet"/>
    <tag k="subtype" v="road"/>
    <tag k="speed_limit" v="10"/>
    <tag k="location" v="urban"/>
    <tag k="one_way" v="yes"/>
    <tag k="one_way:vehicle:emergency" v="no"/>
  </relation>
  <relation id="34031">
    <member type="way" role="left" ref="34029"/>
    <member type="way" role="right" ref="34030"/>
    <member type="relation" role="regulatory_element" ref="34032"/>
    <tag k="type" v="lanelet"/>
    <tag k="subtype" v="road"/>
    <tag k="speed_limit" v="10"/>
    <tag k="location" v="urban"/>
    <tag k="one_way" v="yes"/>
    <tag k="one_way:vehicle:emergency" v="no"/>
  </relation>
  <relation id="34035">
    <member type="way" role="left" ref="34033"/>
    <member type="way" role="right" ref="34034"/>
    <member type="relation" role="regulatory_element" ref="34036"/>
    <tag k="type" v="lanelet"/>
    <tag k="subtype" v="road"/>
    <tag k="speed_limit" v="10"/>
    <tag k="location" v="urban"/>
    <tag k="one_way" v="yes"/>
    <tag k="one_way:vehicle:emergency" v="no"/>
  </relation>
  <relation id="34075">
    <member type="way" role="left" ref="34073"/>
    <member type="way" role="right" ref="34074"/>
    <member type="relation" role="regulatory_element" ref="34076"/>
    <tag k="type" v="lanelet"/>
    <tag k="subtype" v="road"/>
    <tag k="speed_limit" v="10"/>
    <tag k="location" v="urban"/>
    <tag k="one_way" v="yes"/>
    <tag k="one_way:vehicle:emergency" v="no"/>
  </relation>
  <relation id="34079">
    <member type="way" role="left" ref="34077"/>
    <member type="way" role="right" ref="34078"/>
    <member type="relation" role="regulatory_element" ref="34080"/>
    <tag k="type" v="lanelet"/>
    <tag k="subtype" v="road"/>
    <tag k="speed_limit" v="10"/>
    <tag k="location" v="urban"/>
    <tag k="one_way" v="yes"/>
    <tag k="one_way:vehicle:emergency" v="no"/>
  </relation>
  <relation id="34083">
    <member type="way" role="left" ref="33857"/>
    <member type="way" role="right" ref="34082"/>
    <member type="relation" role="regulatory_element" ref="34084"/>
    <tag k="type" v="lanelet"/>
    <tag k="subtype" v="road"/>
    <tag k="speed_limit" v="10"/>
    <tag k="location" v="urban"/>
    <tag k="one_way" v="yes"/>
    <tag k="one_way:vehicle:emergency" v="no"/>
  </relation>
  <relation id="34087">
    <member type="way" role="left" ref="33300"/>
    <member type="way" role="right" ref="34086"/>
    <member type="relation" role="regulatory_element" ref="34088"/>
    <tag k="type" v="lanelet"/>
    <tag k="subtype" v="road"/>
    <tag k="speed_limit" v="10"/>
    <tag k="location" v="urban"/>
    <tag k="one_way" v="yes"/>
    <tag k="one_way:vehicle:emergency" v="no"/>
  </relation>
  <relation id="34095">
    <member type="way" role="left" ref="34093"/>
    <member type="way" role="right" ref="34094"/>
    <member type="relation" role="regulatory_element" ref="34096"/>
    <tag k="type" v="lanelet"/>
    <tag k="subtype" v="road"/>
    <tag k="speed_limit" v="10"/>
    <tag k="location" v="urban"/>
    <tag k="one_way" v="yes"/>
    <tag k="one_way:vehicle:emergency" v="no"/>
  </relation>
  <relation id="34129">
    <member type="way" role="left" ref="34127"/>
    <member type="way" role="right" ref="34128"/>
    <member type="relation" role="regulatory_element" ref="34130"/>
    <tag k="type" v="lanelet"/>
    <tag k="subtype" v="road"/>
    <tag k="speed_limit" v="10"/>
    <tag k="location" v="urban"/>
    <tag k="one_way" v="yes"/>
    <tag k="one_way:vehicle:emergency" v="no"/>
  </relation>
  <relation id="34132">
    <member type="way" role="left" ref="33863"/>
    <member type="way" role="right" ref="34131"/>
    <member type="relation" role="regulatory_element" ref="34133"/>
    <tag k="type" v="lanelet"/>
    <tag k="subtype" v="road"/>
    <tag k="speed_limit" v="10"/>
    <tag k="location" v="urban"/>
    <tag k="one_way" v="yes"/>
    <tag k="one_way:vehicle:emergency" v="no"/>
  </relation>
  <relation id="34144">
    <member type="way" role="left" ref="34142"/>
    <member type="way" role="right" ref="34143"/>
    <member type="relation" role="regulatory_element" ref="34145"/>
    <tag k="type" v="lanelet"/>
    <tag k="subtype" v="road"/>
    <tag k="speed_limit" v="10"/>
    <tag k="location" v="urban"/>
    <tag k="one_way" v="yes"/>
    <tag k="one_way:vehicle:emergency" v="no"/>
  </relation>
  <relation id="34154">
    <member type="way" role="left" ref="34152"/>
    <member type="way" role="right" ref="34153"/>
    <member type="relation" role="regulatory_element" ref="34155"/>
    <tag k="type" v="lanelet"/>
    <tag k="subtype" v="road"/>
    <tag k="speed_limit" v="10"/>
    <tag k="location" v="urban"/>
    <tag k="one_way" v="yes"/>
    <tag k="one_way:vehicle:emergency" v="no"/>
  </relation>
  <relation id="34159">
    <member type="way" role="left" ref="32720"/>
    <member type="way" role="right" ref="34158"/>
    <member type="relation" role="regulatory_element" ref="34160"/>
    <tag k="type" v="lanelet"/>
    <tag k="subtype" v="road"/>
    <tag k="speed_limit" v="10"/>
    <tag k="location" v="urban"/>
    <tag k="one_way" v="yes"/>
    <tag k="one_way:vehicle:emergency" v="no"/>
  </relation>
  <relation id="34162">
    <member type="way" role="left" ref="34033"/>
    <member type="way" role="right" ref="34161"/>
    <member type="relation" role="regulatory_element" ref="34163"/>
    <tag k="type" v="lanelet"/>
    <tag k="subtype" v="road"/>
    <tag k="speed_limit" v="10"/>
    <tag k="location" v="urban"/>
    <tag k="one_way" v="yes"/>
    <tag k="one_way:vehicle:emergency" v="no"/>
  </relation>
  <relation id="34172">
    <member type="way" role="left" ref="34170"/>
    <member type="way" role="right" ref="34171"/>
    <member type="relation" role="regulatory_element" ref="34173"/>
    <tag k="type" v="lanelet"/>
    <tag k="subtype" v="road"/>
    <tag k="speed_limit" v="10"/>
    <tag k="location" v="urban"/>
    <tag k="one_way" v="yes"/>
    <tag k="one_way:vehicle:emergency" v="no"/>
  </relation>
  <relation id="34179">
    <member type="way" role="left" ref="33703"/>
    <member type="way" role="right" ref="34178"/>
    <member type="relation" role="regulatory_element" ref="34180"/>
    <tag k="type" v="lanelet"/>
    <tag k="subtype" v="road"/>
    <tag k="speed_limit" v="10"/>
    <tag k="location" v="urban"/>
    <tag k="one_way" v="yes"/>
    <tag k="one_way:vehicle:emergency" v="no"/>
  </relation>
  <relation id="34219">
    <member type="way" role="left" ref="34217"/>
    <member type="way" role="right" ref="34218"/>
    <member type="relation" role="regulatory_element" ref="34220"/>
    <tag k="type" v="lanelet"/>
    <tag k="subtype" v="road"/>
    <tag k="speed_limit" v="10"/>
    <tag k="location" v="urban"/>
    <tag k="one_way" v="yes"/>
    <tag k="one_way:vehicle:emergency" v="no"/>
  </relation>
  <relation id="34231">
    <member type="way" role="left" ref="34229"/>
    <member type="way" role="right" ref="34230"/>
    <member type="relation" role="regulatory_element" ref="34232"/>
    <tag k="type" v="lanelet"/>
    <tag k="subtype" v="road"/>
    <tag k="speed_limit" v="10"/>
    <tag k="location" v="urban"/>
    <tag k="one_way" v="yes"/>
    <tag k="one_way:vehicle:emergency" v="no"/>
  </relation>
  <relation id="34239">
    <member type="way" role="left" ref="34237"/>
    <member type="way" role="right" ref="34238"/>
    <member type="relation" role="regulatory_element" ref="34240"/>
    <tag k="type" v="lanelet"/>
    <tag k="subtype" v="road"/>
    <tag k="speed_limit" v="10"/>
    <tag k="location" v="urban"/>
    <tag k="one_way" v="yes"/>
    <tag k="one_way:vehicle:emergency" v="no"/>
  </relation>
  <relation id="34247">
    <member type="way" role="left" ref="34245"/>
    <member type="way" role="right" ref="34246"/>
    <member type="relation" role="regulatory_element" ref="34248"/>
    <tag k="type" v="lanelet"/>
    <tag k="subtype" v="road"/>
    <tag k="speed_limit" v="10"/>
    <tag k="location" v="urban"/>
    <tag k="one_way" v="yes"/>
    <tag k="one_way:vehicle:emergency" v="no"/>
  </relation>
  <relation id="34265">
    <member type="way" role="left" ref="34127"/>
    <member type="way" role="right" ref="34264"/>
    <member type="relation" role="regulatory_element" ref="34266"/>
    <tag k="type" v="lanelet"/>
    <tag k="subtype" v="road"/>
    <tag k="speed_limit" v="10"/>
    <tag k="location" v="urban"/>
    <tag k="one_way" v="yes"/>
    <tag k="one_way:vehicle:emergency" v="no"/>
  </relation>
  <relation id="34273">
    <member type="way" role="left" ref="34271"/>
    <member type="way" role="right" ref="34272"/>
    <member type="relation" role="regulatory_element" ref="34274"/>
    <tag k="type" v="lanelet"/>
    <tag k="subtype" v="road"/>
    <tag k="speed_limit" v="10"/>
    <tag k="location" v="urban"/>
    <tag k="one_way" v="yes"/>
    <tag k="one_way:vehicle:emergency" v="no"/>
  </relation>
  <relation id="34283">
    <member type="way" role="left" ref="34281"/>
    <member type="way" role="right" ref="34282"/>
    <member type="relation" role="regulatory_element" ref="34284"/>
    <tag k="type" v="lanelet"/>
    <tag k="subtype" v="road"/>
    <tag k="speed_limit" v="10"/>
    <tag k="location" v="urban"/>
    <tag k="one_way" v="yes"/>
    <tag k="one_way:vehicle:emergency" v="no"/>
  </relation>
  <relation id="34329">
    <member type="way" role="left" ref="34327"/>
    <member type="way" role="right" ref="34328"/>
    <member type="relation" role="regulatory_element" ref="34330"/>
    <tag k="type" v="lanelet"/>
    <tag k="subtype" v="road"/>
    <tag k="speed_limit" v="10"/>
    <tag k="location" v="urban"/>
    <tag k="one_way" v="yes"/>
    <tag k="one_way:vehicle:emergency" v="no"/>
  </relation>
  <relation id="34349">
    <member type="way" role="left" ref="34073"/>
    <member type="way" role="right" ref="34348"/>
    <member type="relation" role="regulatory_element" ref="34350"/>
    <tag k="type" v="lanelet"/>
    <tag k="subtype" v="road"/>
    <tag k="speed_limit" v="10"/>
    <tag k="location" v="urban"/>
    <tag k="one_way" v="yes"/>
    <tag k="one_way:vehicle:emergency" v="no"/>
  </relation>
  <relation id="34355">
    <member type="way" role="left" ref="34353"/>
    <member type="way" role="right" ref="34354"/>
    <member type="relation" role="regulatory_element" ref="34356"/>
    <tag k="type" v="lanelet"/>
    <tag k="subtype" v="road"/>
    <tag k="speed_limit" v="10"/>
    <tag k="location" v="urban"/>
    <tag k="one_way" v="yes"/>
    <tag k="one_way:vehicle:emergency" v="no"/>
  </relation>
  <relation id="34361">
    <member type="way" role="left" ref="33915"/>
    <member type="way" role="right" ref="34360"/>
    <member type="relation" role="regulatory_element" ref="34362"/>
    <tag k="type" v="lanelet"/>
    <tag k="subtype" v="road"/>
    <tag k="speed_limit" v="10"/>
    <tag k="location" v="urban"/>
    <tag k="one_way" v="yes"/>
    <tag k="one_way:vehicle:emergency" v="no"/>
  </relation>
  <relation id="34369">
    <member type="way" role="left" ref="34367"/>
    <member type="way" role="right" ref="34368"/>
    <member type="relation" role="regulatory_element" ref="34370"/>
    <tag k="type" v="lanelet"/>
    <tag k="subtype" v="road"/>
    <tag k="speed_limit" v="10"/>
    <tag k="location" v="urban"/>
    <tag k="one_way" v="yes"/>
    <tag k="one_way:vehicle:emergency" v="no"/>
  </relation>
  <relation id="34375">
    <member type="way" role="left" ref="32832"/>
    <member type="way" role="right" ref="34374"/>
    <member type="relation" role="regulatory_element" ref="34376"/>
    <tag k="type" v="lanelet"/>
    <tag k="subtype" v="road"/>
    <tag k="speed_limit" v="10"/>
    <tag k="location" v="urban"/>
    <tag k="one_way" v="yes"/>
    <tag k="one_way:vehicle:emergency" v="no"/>
  </relation>
  <relation id="34385">
    <member type="way" role="left" ref="34383"/>
    <member type="way" role="right" ref="34384"/>
    <member type="relation" role="regulatory_element" ref="34386"/>
    <tag k="type" v="lanelet"/>
    <tag k="subtype" v="road"/>
    <tag k="speed_limit" v="10"/>
    <tag k="location" v="urban"/>
    <tag k="one_way" v="yes"/>
    <tag k="one_way:vehicle:emergency" v="no"/>
  </relation>
  <relation id="32620">
    <tag k="type" v="regulatory_element"/>
    <tag k="subtype" v="speed_limit"/>
    <tag k="sign_type" v="de274-50"/>
  </relation>
  <relation id="32658">
    <tag k="type" v="regulatory_element"/>
    <tag k="subtype" v="speed_limit"/>
    <tag k="sign_type" v="de274-50"/>
  </relation>
  <relation id="32668">
    <tag k="type" v="regulatory_element"/>
    <tag k="subtype" v="speed_limit"/>
    <tag k="sign_type" v="de274-50"/>
  </relation>
  <relation id="32676">
    <tag k="type" v="regulatory_element"/>
    <tag k="subtype" v="speed_limit"/>
    <tag k="sign_type" v="de274-50"/>
  </relation>
  <relation id="32690">
    <tag k="type" v="regulatory_element"/>
    <tag k="subtype" v="speed_limit"/>
    <tag k="sign_type" v="de274-50"/>
  </relation>
  <relation id="32698">
    <tag k="type" v="regulatory_element"/>
    <tag k="subtype" v="speed_limit"/>
    <tag k="sign_type" v="de274-50"/>
  </relation>
  <relation id="32703">
    <tag k="type" v="regulatory_element"/>
    <tag k="subtype" v="speed_limit"/>
    <tag k="sign_type" v="de274-50"/>
  </relation>
  <relation id="32713">
    <tag k="type" v="regulatory_element"/>
    <tag k="subtype" v="speed_limit"/>
    <tag k="sign_type" v="de274-50"/>
  </relation>
  <relation id="32723">
    <tag k="type" v="regulatory_element"/>
    <tag k="subtype" v="speed_limit"/>
    <tag k="sign_type" v="de274-50"/>
  </relation>
  <relation id="32747">
    <tag k="type" v="regulatory_element"/>
    <tag k="subtype" v="speed_limit"/>
    <tag k="sign_type" v="de274-50"/>
  </relation>
  <relation id="32759">
    <tag k="type" v="regulatory_element"/>
    <tag k="subtype" v="speed_limit"/>
    <tag k="sign_type" v="de274-50"/>
  </relation>
  <relation id="32773">
    <tag k="type" v="regulatory_element"/>
    <tag k="subtype" v="speed_limit"/>
    <tag k="sign_type" v="de274-50"/>
  </relation>
  <relation id="32783">
    <tag k="type" v="regulatory_element"/>
    <tag k="subtype" v="speed_limit"/>
    <tag k="sign_type" v="de274-50"/>
  </relation>
  <relation id="32819">
    <tag k="type" v="regulatory_element"/>
    <tag k="subtype" v="speed_limit"/>
    <tag k="sign_type" v="de274-50"/>
  </relation>
  <relation id="32825">
    <tag k="type" v="regulatory_element"/>
    <tag k="subtype" v="speed_limit"/>
    <tag k="sign_type" v="de274-50"/>
  </relation>
  <relation id="32835">
    <tag k="type" v="regulatory_element"/>
    <tag k="subtype" v="speed_limit"/>
    <tag k="sign_type" v="de274-50"/>
  </relation>
  <relation id="32845">
    <tag k="type" v="regulatory_element"/>
    <tag k="subtype" v="speed_limit"/>
    <tag k="sign_type" v="de274-50"/>
  </relation>
  <relation id="32859">
    <tag k="type" v="regulatory_element"/>
    <tag k="subtype" v="speed_limit"/>
    <tag k="sign_type" v="de274-50"/>
  </relation>
  <relation id="32885">
    <tag k="type" v="regulatory_element"/>
    <tag k="subtype" v="speed_limit"/>
    <tag k="sign_type" v="de274-50"/>
  </relation>
  <relation id="32899">
    <tag k="type" v="regulatory_element"/>
    <tag k="subtype" v="speed_limit"/>
    <tag k="sign_type" v="de274-50"/>
  </relation>
  <relation id="32905">
    <tag k="type" v="regulatory_element"/>
    <tag k="subtype" v="speed_limit"/>
    <tag k="sign_type" v="de274-50"/>
  </relation>
  <relation id="32917">
    <tag k="type" v="regulatory_element"/>
    <tag k="subtype" v="speed_limit"/>
    <tag k="sign_type" v="de274-50"/>
  </relation>
  <relation id="32967">
    <tag k="type" v="regulatory_element"/>
    <tag k="subtype" v="speed_limit"/>
    <tag k="sign_type" v="de274-50"/>
  </relation>
  <relation id="32971">
    <tag k="type" v="regulatory_element"/>
    <tag k="subtype" v="speed_limit"/>
    <tag k="sign_type" v="de274-50"/>
  </relation>
  <relation id="32999">
    <tag k="type" v="regulatory_element"/>
    <tag k="subtype" v="speed_limit"/>
    <tag k="sign_type" v="de274-50"/>
  </relation>
  <relation id="33007">
    <tag k="type" v="regulatory_element"/>
    <tag k="subtype" v="speed_limit"/>
    <tag k="sign_type" v="de274-50"/>
  </relation>
  <relation id="33023">
    <tag k="type" v="regulatory_element"/>
    <tag k="subtype" v="speed_limit"/>
    <tag k="sign_type" v="de274-50"/>
  </relation>
  <relation id="33031">
    <tag k="type" v="regulatory_element"/>
    <tag k="subtype" v="speed_limit"/>
    <tag k="sign_type" v="de274-50"/>
  </relation>
  <relation id="33047">
    <tag k="type" v="regulatory_element"/>
    <tag k="subtype" v="speed_limit"/>
    <tag k="sign_type" v="de274-50"/>
  </relation>
  <relation id="33059">
    <tag k="type" v="regulatory_element"/>
    <tag k="subtype" v="speed_limit"/>
    <tag k="sign_type" v="de274-50"/>
  </relation>
  <relation id="33147">
    <tag k="type" v="regulatory_element"/>
    <tag k="subtype" v="speed_limit"/>
    <tag k="sign_type" v="de274-50"/>
  </relation>
  <relation id="33153">
    <tag k="type" v="regulatory_element"/>
    <tag k="subtype" v="speed_limit"/>
    <tag k="sign_type" v="de274-50"/>
  </relation>
  <relation id="33169">
    <tag k="type" v="regulatory_element"/>
    <tag k="subtype" v="speed_limit"/>
    <tag k="sign_type" v="de274-50"/>
  </relation>
  <relation id="33223">
    <tag k="type" v="regulatory_element"/>
    <tag k="subtype" v="speed_limit"/>
    <tag k="sign_type" v="de274-50"/>
  </relation>
  <relation id="33233">
    <tag k="type" v="regulatory_element"/>
    <tag k="subtype" v="speed_limit"/>
    <tag k="sign_type" v="de274-50"/>
  </relation>
  <relation id="33247">
    <tag k="type" v="regulatory_element"/>
    <tag k="subtype" v="speed_limit"/>
    <tag k="sign_type" v="de274-50"/>
  </relation>
  <relation id="33253">
    <tag k="type" v="regulatory_element"/>
    <tag k="subtype" v="speed_limit"/>
    <tag k="sign_type" v="de274-50"/>
  </relation>
  <relation id="33263">
    <tag k="type" v="regulatory_element"/>
    <tag k="subtype" v="speed_limit"/>
    <tag k="sign_type" v="de274-50"/>
  </relation>
  <relation id="33269">
    <tag k="type" v="regulatory_element"/>
    <tag k="subtype" v="speed_limit"/>
    <tag k="sign_type" v="de274-50"/>
  </relation>
  <relation id="33297">
    <tag k="type" v="regulatory_element"/>
    <tag k="subtype" v="speed_limit"/>
    <tag k="sign_type" v="de274-50"/>
  </relation>
  <relation id="33303">
    <tag k="type" v="regulatory_element"/>
    <tag k="subtype" v="speed_limit"/>
    <tag k="sign_type" v="de274-50"/>
  </relation>
  <relation id="33349">
    <tag k="type" v="regulatory_element"/>
    <tag k="subtype" v="speed_limit"/>
    <tag k="sign_type" v="de274-50"/>
  </relation>
  <relation id="33357">
    <tag k="type" v="regulatory_element"/>
    <tag k="subtype" v="speed_limit"/>
    <tag k="sign_type" v="de274-50"/>
  </relation>
  <relation id="33367">
    <tag k="type" v="regulatory_element"/>
    <tag k="subtype" v="speed_limit"/>
    <tag k="sign_type" v="de274-50"/>
  </relation>
  <relation id="33375">
    <tag k="type" v="regulatory_element"/>
    <tag k="subtype" v="speed_limit"/>
    <tag k="sign_type" v="de274-50"/>
  </relation>
  <relation id="33383">
    <tag k="type" v="regulatory_element"/>
    <tag k="subtype" v="speed_limit"/>
    <tag k="sign_type" v="de274-50"/>
  </relation>
  <relation id="33391">
    <tag k="type" v="regulatory_element"/>
    <tag k="subtype" v="speed_limit"/>
    <tag k="sign_type" v="de274-50"/>
  </relation>
  <relation id="33431">
    <tag k="type" v="regulatory_element"/>
    <tag k="subtype" v="speed_limit"/>
    <tag k="sign_type" v="de274-50"/>
  </relation>
  <relation id="33443">
    <tag k="type" v="regulatory_element"/>
    <tag k="subtype" v="speed_limit"/>
    <tag k="sign_type" v="de274-50"/>
  </relation>
  <relation id="33483">
    <tag k="type" v="regulatory_element"/>
    <tag k="subtype" v="speed_limit"/>
    <tag k="sign_type" v="de274-50"/>
  </relation>
  <relation id="33495">
    <tag k="type" v="regulatory_element"/>
    <tag k="subtype" v="speed_limit"/>
    <tag k="sign_type" v="de274-50"/>
  </relation>
  <relation id="33507">
    <tag k="type" v="regulatory_element"/>
    <tag k="subtype" v="speed_limit"/>
    <tag k="sign_type" v="de274-50"/>
  </relation>
  <relation id="33521">
    <tag k="type" v="regulatory_element"/>
    <tag k="subtype" v="speed_limit"/>
    <tag k="sign_type" v="de274-50"/>
  </relation>
  <relation id="33531">
    <tag k="type" v="regulatory_element"/>
    <tag k="subtype" v="speed_limit"/>
    <tag k="sign_type" v="de274-50"/>
  </relation>
  <relation id="33536">
    <tag k="type" v="regulatory_element"/>
    <tag k="subtype" v="speed_limit"/>
    <tag k="sign_type" v="de274-50"/>
  </relation>
  <relation id="33546">
    <tag k="type" v="regulatory_element"/>
    <tag k="subtype" v="speed_limit"/>
    <tag k="sign_type" v="de274-50"/>
  </relation>
  <relation id="33566">
    <tag k="type" v="regulatory_element"/>
    <tag k="subtype" v="speed_limit"/>
    <tag k="sign_type" v="de274-50"/>
  </relation>
  <relation id="33576">
    <tag k="type" v="regulatory_element"/>
    <tag k="subtype" v="speed_limit"/>
    <tag k="sign_type" v="de274-50"/>
  </relation>
  <relation id="33579">
    <tag k="type" v="regulatory_element"/>
    <tag k="subtype" v="speed_limit"/>
    <tag k="sign_type" v="de274-50"/>
  </relation>
  <relation id="33585">
    <tag k="type" v="regulatory_element"/>
    <tag k="subtype" v="speed_limit"/>
    <tag k="sign_type" v="de274-50"/>
  </relation>
  <relation id="33591">
    <tag k="type" v="regulatory_element"/>
    <tag k="subtype" v="speed_limit"/>
    <tag k="sign_type" v="de274-50"/>
  </relation>
  <relation id="33599">
    <tag k="type" v="regulatory_element"/>
    <tag k="subtype" v="speed_limit"/>
    <tag k="sign_type" v="de274-50"/>
  </relation>
  <relation id="33603">
    <tag k="type" v="regulatory_element"/>
    <tag k="subtype" v="speed_limit"/>
    <tag k="sign_type" v="de274-50"/>
  </relation>
  <relation id="33606">
    <tag k="type" v="regulatory_element"/>
    <tag k="subtype" v="speed_limit"/>
    <tag k="sign_type" v="de274-50"/>
  </relation>
  <relation id="33612">
    <tag k="type" v="regulatory_element"/>
    <tag k="subtype" v="speed_limit"/>
    <tag k="sign_type" v="de274-50"/>
  </relation>
  <relation id="33662">
    <tag k="type" v="regulatory_element"/>
    <tag k="subtype" v="speed_limit"/>
    <tag k="sign_type" v="de274-50"/>
  </relation>
  <relation id="33694">
    <tag k="type" v="regulatory_element"/>
    <tag k="subtype" v="speed_limit"/>
    <tag k="sign_type" v="de274-50"/>
  </relation>
  <relation id="33706">
    <tag k="type" v="regulatory_element"/>
    <tag k="subtype" v="speed_limit"/>
    <tag k="sign_type" v="de274-50"/>
  </relation>
  <relation id="33730">
    <tag k="type" v="regulatory_element"/>
    <tag k="subtype" v="speed_limit"/>
    <tag k="sign_type" v="de274-50"/>
  </relation>
  <relation id="33740">
    <tag k="type" v="regulatory_element"/>
    <tag k="subtype" v="speed_limit"/>
    <tag k="sign_type" v="de274-50"/>
  </relation>
  <relation id="33776">
    <tag k="type" v="regulatory_element"/>
    <tag k="subtype" v="speed_limit"/>
    <tag k="sign_type" v="de274-50"/>
  </relation>
  <relation id="33810">
    <tag k="type" v="regulatory_element"/>
    <tag k="subtype" v="speed_limit"/>
    <tag k="sign_type" v="de274-50"/>
  </relation>
  <relation id="33822">
    <tag k="type" v="regulatory_element"/>
    <tag k="subtype" v="speed_limit"/>
    <tag k="sign_type" v="de274-50"/>
  </relation>
  <relation id="33826">
    <tag k="type" v="regulatory_element"/>
    <tag k="subtype" v="speed_limit"/>
    <tag k="sign_type" v="de274-50"/>
  </relation>
  <relation id="33840">
    <tag k="type" v="regulatory_element"/>
    <tag k="subtype" v="speed_limit"/>
    <tag k="sign_type" v="de274-50"/>
  </relation>
  <relation id="33844">
    <tag k="type" v="regulatory_element"/>
    <tag k="subtype" v="speed_limit"/>
    <tag k="sign_type" v="de274-50"/>
  </relation>
  <relation id="33852">
    <tag k="type" v="regulatory_element"/>
    <tag k="subtype" v="speed_limit"/>
    <tag k="sign_type" v="de274-50"/>
  </relation>
  <relation id="33860">
    <tag k="type" v="regulatory_element"/>
    <tag k="subtype" v="speed_limit"/>
    <tag k="sign_type" v="de274-50"/>
  </relation>
  <relation id="33866">
    <tag k="type" v="regulatory_element"/>
    <tag k="subtype" v="speed_limit"/>
    <tag k="sign_type" v="de274-50"/>
  </relation>
  <relation id="33872">
    <tag k="type" v="regulatory_element"/>
    <tag k="subtype" v="speed_limit"/>
    <tag k="sign_type" v="de274-50"/>
  </relation>
  <relation id="33886">
    <tag k="type" v="regulatory_element"/>
    <tag k="subtype" v="speed_limit"/>
    <tag k="sign_type" v="de274-50"/>
  </relation>
  <relation id="33904">
    <tag k="type" v="regulatory_element"/>
    <tag k="subtype" v="speed_limit"/>
    <tag k="sign_type" v="de274-50"/>
  </relation>
  <relation id="33918">
    <tag k="type" v="regulatory_element"/>
    <tag k="subtype" v="speed_limit"/>
    <tag k="sign_type" v="de274-50"/>
  </relation>
  <relation id="33938">
    <tag k="type" v="regulatory_element"/>
    <tag k="subtype" v="speed_limit"/>
    <tag k="sign_type" v="de274-50"/>
  </relation>
  <relation id="33950">
    <tag k="type" v="regulatory_element"/>
    <tag k="subtype" v="speed_limit"/>
    <tag k="sign_type" v="de274-50"/>
  </relation>
  <relation id="33954">
    <tag k="type" v="regulatory_element"/>
    <tag k="subtype" v="speed_limit"/>
    <tag k="sign_type" v="de274-50"/>
  </relation>
  <relation id="33962">
    <tag k="type" v="regulatory_element"/>
    <tag k="subtype" v="speed_limit"/>
    <tag k="sign_type" v="de274-50"/>
  </relation>
  <relation id="33966">
    <tag k="type" v="regulatory_element"/>
    <tag k="subtype" v="speed_limit"/>
    <tag k="sign_type" v="de274-50"/>
  </relation>
  <relation id="33996">
    <tag k="type" v="regulatory_element"/>
    <tag k="subtype" v="speed_limit"/>
    <tag k="sign_type" v="de274-50"/>
  </relation>
  <relation id="34032">
    <tag k="type" v="regulatory_element"/>
    <tag k="subtype" v="speed_limit"/>
    <tag k="sign_type" v="de274-50"/>
  </relation>
  <relation id="34036">
    <tag k="type" v="regulatory_element"/>
    <tag k="subtype" v="speed_limit"/>
    <tag k="sign_type" v="de274-50"/>
  </relation>
  <relation id="34076">
    <tag k="type" v="regulatory_element"/>
    <tag k="subtype" v="speed_limit"/>
    <tag k="sign_type" v="de274-50"/>
  </relation>
  <relation id="34080">
    <tag k="type" v="regulatory_element"/>
    <tag k="subtype" v="speed_limit"/>
    <tag k="sign_type" v="de274-50"/>
  </relation>
  <relation id="34084">
    <tag k="type" v="regulatory_element"/>
    <tag k="subtype" v="speed_limit"/>
    <tag k="sign_type" v="de274-50"/>
  </relation>
  <relation id="34088">
    <tag k="type" v="regulatory_element"/>
    <tag k="subtype" v="speed_limit"/>
    <tag k="sign_type" v="de274-50"/>
  </relation>
  <relation id="34096">
    <tag k="type" v="regulatory_element"/>
    <tag k="subtype" v="speed_limit"/>
    <tag k="sign_type" v="de274-50"/>
  </relation>
  <relation id="34130">
    <tag k="type" v="regulatory_element"/>
    <tag k="subtype" v="speed_limit"/>
    <tag k="sign_type" v="de274-50"/>
  </relation>
  <relation id="34133">
    <tag k="type" v="regulatory_element"/>
    <tag k="subtype" v="speed_limit"/>
    <tag k="sign_type" v="de274-50"/>
  </relation>
  <relation id="34145">
    <tag k="type" v="regulatory_element"/>
    <tag k="subtype" v="speed_limit"/>
    <tag k="sign_type" v="de274-50"/>
  </relation>
  <relation id="34155">
    <tag k="type" v="regulatory_element"/>
    <tag k="subtype" v="speed_limit"/>
    <tag k="sign_type" v="de274-50"/>
  </relation>
  <relation id="34160">
    <tag k="type" v="regulatory_element"/>
    <tag k="subtype" v="speed_limit"/>
    <tag k="sign_type" v="de274-50"/>
  </relation>
  <relation id="34163">
    <tag k="type" v="regulatory_element"/>
    <tag k="subtype" v="speed_limit"/>
    <tag k="sign_type" v="de274-50"/>
  </relation>
  <relation id="34173">
    <tag k="type" v="regulatory_element"/>
    <tag k="subtype" v="speed_limit"/>
    <tag k="sign_type" v="de274-50"/>
  </relation>
  <relation id="34180">
    <tag k="type" v="regulatory_element"/>
    <tag k="subtype" v="speed_limit"/>
    <tag k="sign_type" v="de274-50"/>
  </relation>
  <relation id="34220">
    <tag k="type" v="regulatory_element"/>
    <tag k="subtype" v="speed_limit"/>
    <tag k="sign_type" v="de274-50"/>
  </relation>
  <relation id="34232">
    <tag k="type" v="regulatory_element"/>
    <tag k="subtype" v="speed_limit"/>
    <tag k="sign_type" v="de274-50"/>
  </relation>
  <relation id="34240">
    <tag k="type" v="regulatory_element"/>
    <tag k="subtype" v="speed_limit"/>
    <tag k="sign_type" v="de274-50"/>
  </relation>
  <relation id="34248">
    <tag k="type" v="regulatory_element"/>
    <tag k="subtype" v="speed_limit"/>
    <tag k="sign_type" v="de274-50"/>
  </relation>
  <relation id="34266">
    <tag k="type" v="regulatory_element"/>
    <tag k="subtype" v="speed_limit"/>
    <tag k="sign_type" v="de274-50"/>
  </relation>
  <relation id="34274">
    <tag k="type" v="regulatory_element"/>
    <tag k="subtype" v="speed_limit"/>
    <tag k="sign_type" v="de274-50"/>
  </relation>
  <relation id="34284">
    <tag k="type" v="regulatory_element"/>
    <tag k="subtype" v="speed_limit"/>
    <tag k="sign_type" v="de274-50"/>
  </relation>
  <relation id="34330">
    <tag k="type" v="regulatory_element"/>
    <tag k="subtype" v="speed_limit"/>
    <tag k="sign_type" v="de274-50"/>
  </relation>
  <relation id="34350">
    <tag k="type" v="regulatory_element"/>
    <tag k="subtype" v="speed_limit"/>
    <tag k="sign_type" v="de274-50"/>
  </relation>
  <relation id="34356">
    <tag k="type" v="regulatory_element"/>
    <tag k="subtype" v="speed_limit"/>
    <tag k="sign_type" v="de274-50"/>
  </relation>
  <relation id="34362">
    <tag k="type" v="regulatory_element"/>
    <tag k="subtype" v="speed_limit"/>
    <tag k="sign_type" v="de274-50"/>
  </relation>
  <relation id="34370">
    <tag k="type" v="regulatory_element"/>
    <tag k="subtype" v="speed_limit"/>
    <tag k="sign_type" v="de274-50"/>
  </relation>
  <relation id="34376">
    <tag k="type" v="regulatory_element"/>
    <tag k="subtype" v="speed_limit"/>
    <tag k="sign_type" v="de274-50"/>
  </relation>
  <relation id="34386">
    <tag k="type" v="regulatory_element"/>
    <tag k="subtype" v="speed_limit"/>
    <tag k="sign_type" v="de274-50"/>
  </relation>
  <relation id="34417">
    <member type="way" role="refers" ref="34416"/>
    <member type="way" role="ref_line" ref="34413"/>
    <tag k="type" v="regulatory_element"/>
    <tag k="subtype" v="traffic_sign"/>
  </relation>
  <relation id="34424">
    <member type="way" role="refers" ref="34423"/>
    <member type="way" role="ref_line" ref="34420"/>
    <tag k="type" v="regulatory_element"/>
    <tag k="subtype" v="traffic_sign"/>
  </relation>
</osm>
