row_type,case_index,scenario_id,ego_id,rule,scenario_type,dv,tc_s,selected_target_id,status,selected_tc_target_compliant,repair_success,outcome,monitor_initialization_time_s,preprocessing_time_s,search_time_s,ha_core_time_s,validation_time_s,wall_time_s,expanded_nodes,generated_nodes,rule_evaluations,rule_evaluation_time_s,vp_core_time_s,ha_over_vp,error,total_cases,completed_cases,timeout_cases,error_cases,compliant_cases,compliance_rate_completed,preprocessing_mean_s,search_mean_s,search_median_s,search_p95_s,core_mean_s,core_median_s,core_p95_s,validation_mean_s,wall_mean_s,expanded_nodes_mean,generated_nodes_mean,rule_evaluations_mean,rule_evaluation_time_mean_s,vp_core_mean_s,ha_over_vp_median
case,0,DEU_LocationALower-11_102_T-1,16,R_G1,interstate,1.0,0.0,15,ok,True,true,success,1.2985910789993795,0.0038257470005191863,0.05022150900003908,0.054047256000558264,0.06014608100122132,1.4529983749998792,68,278,1344,0.0015712509648437845,0.00875234603881836,6.175173577558309,,,,,,,,,,,,,,,,,,,,,,
case,1,DEU_LocationALower-11_110_T-1,16,R_G1,interstate,1.0,0.0,15,ok,True,true,success,1.4062566640004661,0.005970411000816966,0.6362839869998425,0.6422543980006594,0.090887678999934,2.17859027600025,2608,4442,52144,0.07612943398271454,0.008953332901000977,71.7335549903272,,,,,,,,,,,,,,,,,,,,,,
case,2,DEU_LocationALower-11_131_T-1,18,R_G1,interstate,1.0,0.0,16,ok,True,true,success,1.4240504099998361,0.006560309000633424,0.4733129519991053,0.4798732609997387,0.08945890799986955,2.0326225360004173,2022,3554,40440,0.05296520489537215,0.00906062126159668,52.962511857070446,,,,,,,,,,,,,,,,,,,,,,
case,3,DEU_LocationALower-11_43_T-1,17,R_G1,interstate,1.0,0.0,16,ok,True,true,success,1.4740029810000124,0.004964602001564344,0.2689570870006719,0.27392168900223623,0.07320277699909639,1.8619678680006473,980,1965,19576,0.03336937017229502,0.009379148483276367,29.205389965907507,,,,,,,,,,,,,,,,,,,,,,
case,4,DEU_LocationALower-11_4_T-1,18,R_G1,interstate,1.0,0.0,16,ok,True,true,success,1.3146069009999337,0.006212870999661391,0.40523795599983714,0.41145082699949853,0.0640995550002117,1.8324433460002183,1766,3160,35304,0.054917201050557196,0.009440183639526367,43.58504481594405,,,,,,,,,,,,,,,,,,,,,,
case,5,DEU_LocationALower-11_56_T-1,15,R_G1,interstate,1.0,0.0,13,ok,True,true,success,1.3105208020006103,0.004446990000360529,0.38552876099856803,0.38997575099892856,0.0708174079991295,1.811520813000243,1579,3013,31564,0.03694382820140163,0.013799667358398438,28.259793578400313,,,,,,,,,,,,,,,,,,,,,,
case,6,DEU_LocationALower-11_64_T-1,18,R_G1,interstate,1.0,0.0,17,ok,True,true,success,1.2986722309997276,0.004460379999727593,0.06434142299985979,0.06880180299958738,0.06811339800151472,1.473917272000108,158,530,3160,0.00435363902397512,0.008419275283813477,8.171938876005475,,,,,,,,,,,,,,,,,,,,,,
case,7,DEU_LocationALower-12_109_T-1,20,R_G1,interstate,1.0,0.0,19,ok,True,true,success,1.419240875999094,0.006213098000444006,0.07593096699929447,0.08214406499973848,0.09019639500002086,1.630875181999727,255,745,5084,0.007847060021958896,0.008487701416015625,9.678010685524244,,,,,,,,,,,,,,,,,,,,,,
case,8,DEU_LocationALower-12_167_T-1,12,R_G1,interstate,1.0,0.0,10,ok,True,true,success,0.9112045930014574,0.004489171000386705,1.3035259139996924,1.3080150850000791,0.07429647300159559,2.312623468000311,3666,5954,73320,0.2867611620658863,0.010073423385620117,129.8481196439415,,,,,,,,,,,,,,,,,,,,,,
case,9,DEU_LocationALower-12_217_T-1,14,R_G1,interstate,1.0,0.0,11,ok,True,true,success,1.0575276379986462,0.0049004669999703765,0.13772615200105065,0.14262661900102103,0.0937032999991061,1.3122769750007137,587,1369,11724,0.015471146029085503,0.008426666259765625,16.925628072161004,,,,,,,,,,,,,,,,,,,,,,
case,10,DEU_LocationALower-12_52_T-1,26,R_G1,interstate,1.0,0.0,23,ok,True,true,success,1.0482681299999967,0.007763457999317325,0.13639037699977052,0.14415383499908785,0.08626182899934065,1.2973961949992372,580,1290,11584,0.02481681796416524,0.009043693542480469,15.939708076347522,,,,,,,,,,,,,,,,,,,,,,
case,11,DEU_LocationALower-13_162_T-1,21,R_G1,interstate,1.0,0.0,19,ok,True,true,success,0.9922242020002159,0.0040434439997625304,0.08415279400105646,0.088196238000819,0.06894862199987983,1.167013901998871,301,762,5996,0.009616140892831027,0.009124755859375,9.66559975522019,,,,,,,,,,,,,,,,,,,,,,
case,12,DEU_LocationALower-13_167_T-1,17,R_G1,interstate,1.0,0.0,16,ok,True,true,success,0.9585630840010708,0.004032458000438055,0.42794748400046956,0.4319799420009076,0.06544839700109151,1.475234700999863,1781,3181,35620,0.04987438606804062,0.008753061294555664,49.3518698731832,,,,,,,,,,,,,,,,,,,,,,
case,13,DEU_LocationALower-13_168_T-1,12,R_G1,interstate,1.0,0.0,13,ok,True,true,success,0.916402802000448,0.004154034999373835,0.15960343299957458,0.16375746799894841,0.06470885099952284,1.162879271998463,699,1531,13980,0.01659944993480167,0.02081584930419922,7.866960680096455,,,,,,,,,,,,,,,,,,,,,,
case,14,DEU_LocationALower-13_214_T-1,21,R_G1,interstate,1.0,0.0,18,ok,True,true,success,0.9408101720000559,0.004770618999828002,0.07063950900010241,0.07541012799993041,0.07734349100064719,1.1112660879989562,222,660,4424,0.0066251699936401565,0.009593725204467773,7.860359390407816,,,,,,,,,,,,,,,,,,,,,,
case,15,DEU_LocationALower-13_239_T-1,18,R_G1,interstate,1.0,0.0,17,ok,True,true,success,0.8878402139998798,0.003932512001483701,0.16717490600058227,0.17110741800206597,0.2643726340011199,1.3414008029994875,747,1671,14940,0.02003278103438788,0.009302616119384766,18.39347295493714,,,,,,,,,,,,,,,,,,,,,,
case,16,DEU_LocationALower-13_241_T-1,20,R_G1,interstate,1.0,0.0,18,ok,True,true,success,1.1421432429997367,0.004675410000345437,0.04998847500064585,0.054663885000991286,0.1156048920001922,1.3300401739998051,81,312,1612,0.0021068529695185134,0.008366107940673828,6.53396841023647,,,,,,,,,,,,,,,,,,,,,,
case,17,DEU_LocationALower-13_247_T-1,15,R_G1,interstate,1.0,0.0,12,ok,True,true,success,0.857677664998846,0.003859108999677119,0.055088658000386204,0.05894776700006332,0.06295388000035018,0.9963234150000062,78,297,1552,0.00292272204933397,0.011316299438476562,5.209102791998854,,,,,,,,,,,,,,,,,,,,,,
case,18,DEU_LocationALower-13_29_T-1,18,R_G1,interstate,1.0,0.0,17,ok,True,true,success,1.1382820929993613,0.005271341999105061,0.054361045000405284,0.059632386999510345,0.08376128099916968,1.2984547939995537,105,349,2100,0.0023665259668632643,0.008964300155639648,6.652207753440098,,,,,,,,,,,,,,,,,,,,,,
case,19,DEU_LocationALower-13_56_T-1,10,R_G1,interstate,1.0,0.0,7,ok,True,true,success,0.9646352270010539,0.006045916999937617,0.04621065999890561,0.05225657699884323,0.07971059500050615,1.1131414270003006,89,339,1764,0.0023212750420498196,0.009613037109375,5.436011159041572,,,,,,,,,,,,,,,,,,,,,,
case,20,DEU_LocationALower-13_82_T-1,17,R_G1,interstate,1.0,0.0,15,ok,True,true,success,1.1799493329999677,0.005578231999606942,0.06761060200005886,0.0731888339996658,0.09155927100073313,1.3631489700001111,216,601,4296,0.005968055005723727,0.008714914321899414,8.398112855309668,,,,,,,,,,,,,,,,,,,,,,
case,21,DEU_LocationALower-14_14_T-1,13,R_G1,interstate,1.0,0.0,11,ok,True,true,success,1.4343549020013597,0.013774671999271959,0.15435606700157223,0.1681307390008442,0.09025273700171965,1.7225760580004135,614,1344,12264,0.016165355053090025,0.009425163269042969,17.83849618319834,,,,,,,,,,,,,,,,,,,,,,
case,22,DEU_LocationALower-14_161_T-1,21,R_G1,interstate,1.0,0.0,19,ok,True,true,success,0.9485193040000013,0.004744285999549902,0.09016021500065108,0.09490450100020098,0.08482608099984645,1.1463280810003198,346,960,6904,0.008803120001175557,0.009621858596801758,9.863427117058924,,,,,,,,,,,,,,,,,,,,,,
case,23,DEU_LocationALower-14_219_T-1,12,R_G1,interstate,1.0,0.0,11,ok,True,true,success,0.9043038949985203,0.005693648001397378,0.071908579000592,0.07760222700198938,0.07533737599987944,1.0767282240012719,199,563,3980,0.00522191203708644,0.008813619613647461,8.804807831940705,,,,,,,,,,,,,,,,,,,,,,
case,24,DEU_LocationALower-14_247_T-1,16,R_G1,interstate,1.0,0.0,15,ok,True,true,success,1.0922160289992462,0.004143689999182243,0.09692588100006105,0.1010695709992433,0.07760365400099545,1.288421469998866,380,906,7584,0.011328865073664929,0.00828242301940918,12.20289892974496,,,,,,,,,,,,,,,,,,,,,,
case,25,DEU_LocationALower-14_252_T-1,12,R_G1,interstate,1.0,0.0,10,ok,True,true,success,0.916369004000444,0.003544908000549185,0.08557745699908992,0.0891223649996391,0.19717302399840264,1.2228670139993483,311,863,6220,0.006706047874104115,0.009050369262695312,9.847373340554434,,,,,,,,,,,,,,,,,,,,,,
case,26,DEU_LocationALower-14_255_T-1,11,R_G1,interstate,1.0,0.0,9,ok,True,true,success,1.2199810439997236,0.006536897999467328,0.050311975999647984,0.05684887399911531,0.09541110000100161,1.389987184000347,141,477,2820,0.0033010450042638695,0.008927106857299805,6.368118462996698,,,,,,,,,,,,,,,,,,,,,,
case,27,DEU_LocationALower-14_39_T-1,15,R_G1,interstate,1.0,0.0,11,ok,True,true,success,0.9803550769993308,0.006420428999263095,0.2948672290003742,0.3012876579996373,0.08709172000089893,1.3867694569999003,1327,2646,26532,0.03341348413960077,0.009049415588378906,33.29360388603938,,,,,,,,,,,,,,,,,,,,,,
case,28,DEU_LocationALower-14_96_T-1,15,R_G1,interstate,1.0,0.0,11,ok,True,true,success,0.8872952969995822,0.0035517529995559016,0.060278253000433324,0.06383000599998923,0.06778138099980424,1.0376285990005272,156,497,3096,0.0030120160008664243,0.009048223495483398,7.054424112296878,,,,,,,,,,,,,,,,,,,,,,
case,29,DEU_LocationALower-25_155_T-1,15,R_G1,interstate,1.0,0.0,14,ok,True,true,success,0.927513758000714,0.004800964001333341,0.07601025399890204,0.08081121800023539,0.08361750099902565,1.1123337079989142,254,708,5064,0.007480443950043991,0.008965730667114258,9.013344366527305,,,,,,,,,,,,,,,,,,,,,,
case,30,DEU_LocationALower-27_140_T-1,14,R_G1,interstate,1.0,0.0,13,ok,True,true,success,0.9605867609989218,0.0051465169999573845,0.14973918599935132,0.1548857029993087,0.08319279399984225,1.216971187001036,684,1442,13664,0.01724712398390693,0.009421586990356445,16.439449442842637,,,,,,,,,,,,,,,,,,,,,,
case,31,DEU_LocationALower-27_184_T-1,13,R_G1,interstate,1.0,0.0,11,ok,True,true,success,1.1295426519991452,0.004139044000112335,0.052836713000942837,0.05697575700105517,0.06341875400175923,1.270626450999771,49,189,980,0.0027179390326637076,0.008976459503173828,6.347241580147509,,,,,,,,,,,,,,,,,,,,,,
case,32,DEU_LocationALower-28_109_T-1,13,R_G1,interstate,1.0,0.0,12,ok,True,true,success,1.084753928000282,0.005157229999895208,0.15707735400064848,0.1622345840005437,0.08805346300141537,1.3526090900013514,719,1534,14372,0.016100873055620468,0.00873565673828125,18.57153833547534,,,,,,,,,,,,,,,,,,,,,,
case,33,DEU_LocationALower-28_109_T-1,18,R_G1,interstate,1.0,0.0,16,ok,True,true,success,1.1351295950007625,0.005055161998825497,0.07111864500075171,0.07617380699957721,0.08761364800011506,1.3167989929988835,227,619,4540,0.00623065601757844,0.008779525756835938,8.67630087425469,,,,,,,,,,,,,,,,,,,,,,
case,34,DEU_LocationALower-28_204_T-1,12,R_G1,interstate,1.0,0.0,11,ok,True,true,success,0.9653693069994915,0.003767673000766081,0.08510170100089454,0.08886937400166062,0.06536150300053123,1.1373698139996122,349,881,6980,0.007446240975696128,0.008389949798583984,10.592360638040953,,,,,,,,,,,,,,,,,,,,,,
case,35,DEU_LocationALower-28_228_T-1,11,R_G1,interstate,1.0,0.0,9,ok,True,true,success,0.8937063760004094,0.002372062001086306,0.06065746300009778,0.06302952500118408,0.05618700400009402,1.0307363320007426,166,528,3304,0.0037363089359132573,0.009730339050292969,6.477628855007508,,,,,,,,,,,,,,,,,,,,,,
case,36,DEU_LocationALower-28_252_T-1,12,R_G1,interstate,1.0,0.0,10,ok,True,true,success,0.9778677760004939,0.0035391430010349723,0.0808081739996851,0.08434731700072007,0.07026056200083985,1.149649055001646,307,769,6124,0.00709604193798441,0.009143829345703125,9.224506911905198,,,,,,,,,,,,,,,,,,,,,,
case,37,DEU_LocationALower-28_252_T-1,18,R_G1,interstate,1.0,0.0,17,ok,True,true,success,0.9508977370005596,0.0044764819995180005,0.08404347999930906,0.08851996199882706,0.0803443620006874,1.1381429769990064,285,796,5692,0.010692590065445984,0.009180784225463867,9.64187370326248,,,,,,,,,,,,,,,,,,,,,,
case,38,DEU_LocationALower-29_123_T-1,16,R_G1,interstate,1.0,0.0,14,ok,True,true,success,0.8779888750013924,0.0034329919999436243,0.1537342270003137,0.15716721900025732,0.06780572900061088,1.1223966399993515,700,1482,13984,0.014851833970169537,0.008790254592895508,17.879711826240346,,,,,,,,,,,,,,,,,,,,,,
case,39,DEU_LocationALower-29_134_T-1,9,R_G1,interstate,1.0,0.0,6,ok,True,true,success,1.0476635579998401,0.0034937629989144625,0.03772186100104591,0.04121562399996037,0.0736880749991542,1.1870449620000727,93,307,1844,0.0028278399531700416,0.006594657897949219,6.249850202658344,,,,,,,,,,,,,,,,,,,,,,
case,40,DEU_LocationALower-29_192_T-1,9,R_G1,interstate,1.0,0.0,10,ok,True,true,success,0.8307731120003155,0.0022643510001216782,0.19359657499990135,0.19586092600002303,0.05228118800005177,1.097395881999546,812,1734,16224,0.015535909091340727,0.02564406394958496,7.637671095543847,,,,,,,,,,,,,,,,,,,,,,
case,41,DEU_LocationALower-29_245_T-1,12,R_G1,interstate,1.0,0.0,8,ok,True,true,success,0.9667714000006526,0.0045237249996716855,0.08354200899884745,0.08806573399851914,0.07297303399900557,1.146862768999199,302,832,6024,0.0060675360036839265,0.00877237319946289,10.038986257893265,,,,,,,,,,,,,,,,,,,,,,
case,42,DEU_LocationALower-29_249_T-1,23,R_G1,interstate,1.0,0.0,21,ok,True,true,success,1.1488073420005094,0.005593513998974231,0.0798204300008365,0.08541394399981073,0.12234468199858384,1.3754338110011304,285,707,5684,0.009059776997673907,0.009073734283447266,9.413317751174054,,,,,,,,,,,,,,,,,,,,,,
case,43,DEU_LocationALower-29_250_T-1,12,R_G1,interstate,1.0,0.0,9,ok,True,true,success,1.0583611220008606,0.00536704399928567,0.1927018890000909,0.19806893299937656,0.10513239200008684,1.3796380700005102,982,2004,19624,0.01926904320862377,0.00909876823425293,21.768763408406496,,,,,,,,,,,,,,,,,,,,,,
case,44,DEU_LocationALower-29_65_T-1,8,R_G1,interstate,1.0,0.0,6,ok,True,true,success,1.1687417500015727,0.004969167999661295,0.06299918400145543,0.06796835200111673,0.07837303499945847,1.3335031139995408,243,701,4844,0.004731067032480496,0.008727073669433594,7.7882179726721645,,,,,,,,,,,,,,,,,,,,,,
case,45,DEU_LocationALower-29_70_T-1,11,R_G1,interstate,1.0,0.0,9,ok,True,true,success,1.2055799160007155,0.004900633999568527,0.06628023400116945,0.07118086800073797,0.08744316100091964,1.3829396909986826,276,714,5504,0.0074851510107691865,0.008749246597290039,8.135656848760588,,,,,,,,,,,,,,,,,,,,,,
case,46,DEU_LocationALower-30_218_T-1,16,R_G1,interstate,1.0,0.0,14,ok,True,true,success,1.095042299000852,0.003722478000781848,0.1147400709996873,0.11846254900046915,0.07696056699933251,1.309574144999715,471,1153,9404,0.011473028036562027,0.009183883666992188,12.898960101839661,,,,,,,,,,,,,,,,,,,,,,
case,47,DEU_LocationALower-30_258_T-1,22,R_G1,interstate,1.0,0.0,20,ok,True,true,success,1.0101347010004247,0.006264683999688714,0.3004612229997292,0.30672590699941793,0.0918420239995612,1.4272872239998833,451,1009,9004,0.22273560690882732,0.009024620056152344,33.987680931820954,,,,,,,,,,,,,,,,,,,,,,
case,48,DEU_LocationALower-30_46_T-1,16,R_G1,interstate,1.0,0.0,14,ok,True,true,success,0.9938803860004555,0.005390712998632807,0.40536249299839255,0.41075320599702536,0.09286178500042297,1.5167265050004062,955,1893,19084,0.2155655999576993,0.008809089660644531,46.62833752641949,,,,,,,,,,,,,,,,,,,,,,
case,49,DEU_LocationALower-31_154_T-1,9,R_G1,interstate,1.0,0.0,6,ok,True,true,success,0.8516777120003098,0.003187233000062406,0.03565820099902339,0.0388454339990858,0.06579684000098496,0.9750339280017215,65,249,1300,0.0013816259433951927,0.007745981216430664,5.014914561977949,,,,,,,,,,,,,,,,,,,,,,
case,50,DEU_LocationALower-31_239_T-1,16,R_G1,interstate,1.0,0.0,15,ok,True,true,success,1.3947039790000417,0.006281333000515588,0.07486223900014011,0.0811435720006557,0.09586200900048425,1.589936250999017,232,704,4640,0.005727962003220455,0.009225606918334961,8.795472505921648,,,,,,,,,,,,,,,,,,,,,,
case,51,DEU_LocationALower-31_24_T-1,13,R_G1,interstate,1.0,0.0,12,ok,True,true,success,1.4403157340002508,0.011959786001170869,0.051815138998790644,0.06377492499996151,0.09712986500016996,1.6257942439988256,171,537,3404,0.003764271959880716,0.008748292922973633,7.289985093261346,,,,,,,,,,,,,,,,,,,,,,
case,52,DEU_LocationALower-31_258_T-1,12,R_G1,interstate,1.0,0.0,9,ok,True,true,success,0.959551284000554,0.004846691001148429,0.9858803730003274,0.9907270640014758,0.08578800899886119,2.05362587199852,3487,5690,69732,0.07957321620233415,0.008962631225585938,110.53975546524914,,,,,,,,,,,,,,,,,,,,,,
case,53,DEU_LocationALower-31_31_T-1,15,R_G1,interstate,1.0,0.0,13,ok,True,true,success,0.952691999000308,0.003426678000323591,0.08968610000010813,0.09311277800043172,0.07850468399919919,1.1416987459997472,336,855,6712,0.006975378923016251,0.008289813995361328,11.232191464432637,,,,,,,,,,,,,,,,,,,,,,
case,54,DEU_LocationALower-31_47_T-1,13,R_G1,interstate,1.0,0.0,12,ok,True,true,success,0.9037273110006936,0.0028982600015297066,0.05726919100015948,0.06016745100168919,0.06789171600030386,1.0499885629997152,78,296,1544,0.0018253219914186047,0.008589744567871094,7.004568124963611,,,,,,,,,,,,,,,,,,,,,,
case,55,DEU_LocationALower-32_117_T-1,17,R_G1,interstate,1.0,0.0,15,ok,True,true,success,1.0685136100000818,0.003913345999535522,0.10962303899941617,0.11353638499895169,0.07578670700058865,1.2773247090008226,454,1154,9080,0.012109360033718986,0.009138345718383789,12.424172656386627,,,,,,,,,,,,,,,,,,,,,,
case,56,DEU_LocationALower-32_136_T-1,16,R_G1,interstate,1.0,0.0,15,ok,True,true,success,1.0372451670009468,0.00573528299901227,0.14376373100094497,0.14949901399995724,0.10444655799983593,1.3086833479992492,336,799,6712,0.013924126033089124,0.008705854415893555,17.172239145996897,,,,,,,,,,,,,,,,,,,,,,
case,57,DEU_LocationALower-32_186_T-1,12,R_G1,interstate,1.0,0.0,11,ok,True,true,success,0.890486009999222,0.003834331000689417,0.10417805500037502,0.10801238600106444,0.08059289900120348,1.0992182700010744,408,946,8144,0.009645843971156864,0.009164094924926758,11.786476120764071,,,,,,,,,,,,,,,,,,,,,,
case,58,DEU_LocationALower-32_70_T-1,14,R_G1,interstate,1.0,0.0,12,ok,True,true,success,0.9714220289988589,0.003955502999815508,0.08452297899930272,0.08847848199911823,0.08740181999928609,1.1661999199986894,285,755,5684,0.007561823993455619,0.00887918472290039,9.964707882574233,,,,,,,,,,,,,,,,,,,,,,
case,59,DEU_LocationALower-32_84_T-1,13,R_G1,interstate,1.0,0.0,10,ok,True,true,success,0.8866138630000933,0.0029081089996907394,0.11256040199987183,0.11546851099956257,0.07056389100034721,1.0917347140002676,509,1155,10164,0.011146159828058444,0.008852481842041016,13.04363149904415,,,,,,,,,,,,,,,,,,,,,,
case,60,DEU_LocationALower-33_120_T-1,9,R_G1,interstate,1.0,0.0,8,ok,True,true,success,1.0862098910001805,0.004007587000160129,0.1894413979989622,0.19344898499912233,0.07061692600109382,1.3686811859988666,941,1931,18804,0.017691594921416254,0.008773088455200195,22.050271804162264,,,,,,,,,,,,,,,,,,,,,,
case,61,DEU_LocationALower-33_124_T-1,21,R_G1,interstate,1.0,0.0,20,ok,True,true,success,1.0953554850002547,0.007248378000440425,0.04203900200081989,0.04928738000126032,0.10750182999981917,1.2699762579995877,123,395,2460,0.0057832039947243175,0.009195566177368164,5.359907052005656,,,,,,,,,,,,,,,,,,,,,,
case,62,DEU_LocationALower-33_128_T-1,6,R_G1,interstate,1.0,0.0,5,ok,True,true,success,1.1357823090002057,0.008253306999904453,0.08028899100099807,0.08854229800090252,0.10950582399891573,1.3527016430016374,452,1043,9032,0.009375411915243603,0.00851750373840332,10.395334210619383,,,,,,,,,,,,,,,,,,,,,,
case,63,DEU_LocationALower-33_142_T-1,10,R_G1,interstate,1.0,0.0,8,ok,True,true,success,1.0277461340010632,0.004512985000474146,0.058740845999636804,0.06325383100011095,0.09722008099925006,1.3699576330000127,274,681,5472,0.006977847977395868,0.006886720657348633,9.184898611012267,,,,,,,,,,,,,,,,,,,,,,
case,64,DEU_LocationALower-33_16_T-1,12,R_G1,interstate,1.0,0.0,10,ok,True,true,success,1.1490256870001758,0.006415300000298885,0.05194726399895444,0.058362563999253325,0.11954469800002698,1.3451766629987105,188,590,3744,0.004072101946803741,0.010295629501342773,5.66867368252146,,,,,,,,,,,,,,,,,,,,,,
case,65,DEU_LocationALower-33_183_T-1,25,R_G1,interstate,1.0,0.0,21,ok,True,true,success,1.1317778419997921,0.006383646999893244,0.4662538560005487,0.47263750300044194,0.11735822000082408,1.7396858760002942,1843,3254,36852,0.07635235788984573,0.008713006973266602,54.245050468867575,,,,,,,,,,,,,,,,,,,,,,
case,66,DEU_LocationALower-33_219_T-1,8,R_G1,interstate,1.0,0.0,7,ok,True,true,success,0.8933952690003935,0.002540560999477748,0.23382572999980766,0.2363662909992854,0.06782276499870932,1.21725109199906,945,1832,18892,0.025106086062805844,0.008202314376831055,28.81702409102307,,,,,,,,,,,,,,,,,,,,,,
case,67,DEU_LocationALower-33_228_T-1,14,R_G1,interstate,1.0,0.0,13,ok,True,true,success,1.0081286570002703,0.005225040000368608,0.05758548799894925,0.06281052799931786,0.09323565699924075,1.1833326899995882,99,330,1972,0.003385990992683219,0.009313344955444336,6.74414276501167,,,,,,,,,,,,,,,,,,,,,,
case,68,DEU_LocationALower-33_233_T-1,14,R_G1,interstate,1.0,0.0,11,ok,True,true,success,0.9422302399998443,0.003864084999804618,0.18678625699976692,0.19065034199957154,0.07804548499916564,1.230130805999579,876,1771,17512,0.023302504941966617,0.008693456649780273,21.93032641445221,,,,,,,,,,,,,,,,,,,,,,
case,69,DEU_LocationALower-33_261_T-1,13,R_G1,interstate,1.0,0.0,11,ok,True,true,success,1.0758604540005763,0.005085001999759697,0.18861463499888487,0.19369963699864456,0.09256267399905482,1.3828598279997095,957,1919,19124,0.018085977137161535,0.00992274284362793,19.52077566164403,,,,,,,,,,,,,,,,,,,,,,
case,70,DEU_LocationALower-33_265_T-1,22,R_G1,interstate,1.0,0.0,20,ok,True,true,success,1.0550491779995355,0.005504025999471196,0.1319255409998732,0.1374295669993444,0.09708427399891661,1.3081690599992726,536,1270,10704,0.019605436973506585,0.009021520614624023,15.233525795703326,,,,,,,,,,,,,,,,,,,,,,
case,71,DEU_LocationALower-33_46_T-1,17,R_G1,interstate,1.0,0.0,15,ok,True,true,success,0.994276629999149,0.010935706999589456,1.1324821779999183,1.1434178849995078,0.14537458700033312,2.3154743330014753,2691,4555,53820,0.3100208421528805,0.008458137512207031,135.18553976561552,,,,,,,,,,,,,,,,,,,,,,
case,72,DEU_LocationALower-33_96_T-1,9,R_G1,interstate,1.0,0.0,7,ok,True,true,success,1.017795316000047,0.004437608999069198,0.18263361000026634,0.18707121899933554,0.08824810400074057,1.3121278290000191,892,1775,17832,0.019974805170932086,0.008920907974243164,20.969975202014833,,,,,,,,,,,,,,,,,,,,,,
case,73,DEU_LocationALower-34_120_T-1,17,R_G1,interstate,1.0,0.0,15,ok,True,true,success,1.193606238000939,0.004326467000282719,0.06912065699907544,0.07344712399935815,0.09016689800046152,1.3754516419994616,232,673,4616,0.00508137501674355,0.00847935676574707,8.661874482750004,,,,,,,,,,,,,,,,,,,,,,
case,74,DEU_LocationALower-34_146_T-1,14,R_G1,interstate,1.0,0.0,11,ok,True,true,success,0.8894323280001117,0.002234356999906595,0.08165569100128778,0.08389004800119437,0.06890763999945193,1.0621504500013543,276,706,5504,0.005046756030424149,0.00853419303894043,9.829874672205658,,,,,,,,,,,,,,,,,,,,,,
case,75,DEU_LocationALower-34_147_T-1,16,R_G1,interstate,1.0,0.0,15,ok,True,true,success,1.1544580349982425,0.003787783000007039,0.058327929000370204,0.06211571200037724,0.0859258790005697,1.3208998619993508,91,313,1804,0.0034617490291566355,0.009059429168701172,6.856470848624409,,,,,,,,,,,,,,,,,,,,,,
case,76,DEU_LocationALower-34_163_T-1,15,R_G1,interstate,1.0,0.0,13,ok,True,true,success,1.0310984150000877,0.0056393109989585355,0.05788812299942947,0.063527433998388,0.09629498699905525,1.2093589120013348,110,397,2192,0.0026905679878836963,0.009958028793334961,6.3795190109218955,,,,,,,,,,,,,,,,,,,,,,
case,77,DEU_LocationALower-34_179_T-1,15,R_G1,interstate,1.0,0.0,13,ok,True,true,success,1.1813505720001558,0.004547086999082239,0.08471280699995987,0.0892598939990421,0.09006327600036457,1.3793883729995287,310,853,6192,0.008162004936821177,0.008907079696655273,10.021229969746468,,,,,,,,,,,,,,,,,,,,,,
case,78,DEU_LocationALower-34_37_T-1,9,R_G1,interstate,1.0,0.0,8,ok,True,true,success,0.974798502998965,0.004332132000854472,0.310175981001521,0.31450811300237547,0.09597118499914359,1.40298562299904,645,1341,12900,0.20255705893396225,0.02973318099975586,10.577681311829968,,,,,,,,,,,,,,,,,,,,,,
case,79,DEU_LocationALower-34_49_T-1,10,R_G1,interstate,1.0,0.0,9,ok,True,true,success,0.9024956989997008,0.002985993000038434,0.3256457679999585,0.3286317609999969,0.07510806299978867,1.3232276880007703,1491,2733,29804,0.029765717015834525,0.009027719497680664,36.40252237394245,,,,,,,,,,,,,,,,,,,,,,
case,80,DEU_LocationALower-34_96_T-1,14,R_G1,interstate,1.0,0.0,12,ok,True,true,success,1.0504727570005343,0.0026217009999527363,0.2352133929998672,0.23783509399981995,0.07505466299880936,1.382120133999706,1068,2086,21344,0.027041857958465698,0.009023427963256836,26.357510135646702,,,,,,,,,,,,,,,,,,,,,,
case,81,DEU_LocationALower-35_126_T-1,20,R_G1,interstate,1.0,0.0,18,ok,True,true,success,1.028601535001144,0.007330173999434919,0.47793805900073494,0.48526823300016986,0.10291586200037273,1.6376005150013953,1844,3279,36872,0.0648069318394846,0.008957862854003906,54.17232222787034,,,,,,,,,,,,,,,,,,,,,,
case,82,DEU_LocationALower-35_263_T-1,12,R_G1,interstate,1.0,0.0,10,ok,True,true,success,0.9887720970000373,0.005535423999390332,0.0817805970000336,0.08731602099942393,0.09960953199879441,1.1965275709990237,323,797,6444,0.009321076096966863,0.009130477905273438,9.563138086013364,,,,,,,,,,,,,,,,,,,,,,
case,83,DEU_LocationALower-35_34_T-1,19,R_G1,interstate,1.0,0.0,17,ok,True,true,success,0.9657185650012252,0.006478512999819941,0.18571128599978692,0.19218979899960686,0.3377162189990486,1.5151764139991428,807,1701,16124,0.025870141849736683,0.008635282516479492,22.256341773744364,,,,,,,,,,,,,,,,,,,,,,
case,84,DEU_LocationALower-36_113_T-1,14,R_G1,interstate,1.0,0.0,11,ok,True,true,success,0.954649334998976,0.0044879790002596565,0.10876174000077299,0.11324971900103264,0.08324137999989034,1.1716638289999537,488,1138,9744,0.011399414972402155,0.00859522819519043,13.175882760669808,,,,,,,,,,,,,,,,,,,,,,
case,85,DEU_LocationALower-36_123_T-1,15,R_G1,interstate,1.0,0.0,13,ok,True,true,success,1.1422779010008526,0.004901914000583929,0.15193372700014152,0.15683564100072545,0.13881783500073652,1.4566142929998023,537,1188,10732,0.018759108155791182,0.01053309440612793,14.889797333391583,,,,,,,,,,,,,,,,,,,,,,
case,86,DEU_LocationALower-36_199_T-1,19,R_G1,interstate,1.0,0.0,18,ok,True,true,success,1.0504982769998605,0.005211132000113139,0.9101915370010829,0.915402669001196,0.10764642499998445,2.092604602001302,3101,5075,62004,0.0825444322090334,0.009398460388183594,97.39921553024841,,,,,,,,,,,,,,,,,,,,,,
case,87,DEU_LocationALower-36_208_T-1,8,R_G1,interstate,1.0,0.0,7,ok,True,true,success,1.006739024000126,0.00381009900047502,0.03463289600040298,0.038442995000878,0.08518058600020595,1.1502769140006421,154,406,3080,0.0029091959513607435,0.0061969757080078125,6.203509068334972,,,,,,,,,,,,,,,,,,,,,,
case,88,DEU_LocationALower-36_236_T-1,6,R_G1,interstate,1.0,0.0,5,ok,True,true,success,0.8185405189997255,0.0008669039998494554,0.03441860200109659,0.03528550600094604,0.05575356599911174,0.9281665609996708,115,317,2284,0.0034020320508716395,0.0073566436767578125,4.796413629822141,,,,,,,,,,,,,,,,,,,,,,
case,89,DEU_LocationALower-36_263_T-1,15,R_G1,interstate,1.0,0.0,12,ok,True,true,success,1.0257336780014157,0.0050381910004944075,0.6604036190001352,0.6654418100006296,0.10143479799990018,1.8119804369998747,2467,4206,49332,0.07014110503041593,0.00935673713684082,71.1190023048256,,,,,,,,,,,,,,,,,,,,,,
case,90,DEU_LocationALower-36_269_T-1,18,R_G1,interstate,1.0,0.0,16,ok,True,true,success,1.0391159690007044,0.005184715000723372,0.08008824900025502,0.08527296400097839,0.10039817600045353,1.2444222049998643,285,721,5700,0.0074815840125666,0.01013040542602539,8.417527277033647,,,,,,,,,,,,,,,,,,,,,,
case,91,DEU_LocationALower-36_291_T-1,13,R_G1,interstate,1.0,0.0,12,ok,True,true,success,0.9357724390010844,0.0034611129995028023,0.09758518099988578,0.10104629399938858,0.08423277200017765,1.1409919220004667,332,826,6624,0.008253323012468172,0.009276390075683594,10.892846589565425,,,,,,,,,,,,,,,,,,,,,,
case,92,DEU_LocationALower-36_61_T-1,9,R_G1,interstate,1.0,0.0,7,ok,True,true,success,0.9587857520000398,0.0034486589993321104,0.05343257899949094,0.05688123799882305,0.08162052499938,1.1167537959991023,162,500,3224,0.004160467029578285,0.00908350944519043,6.262033230883108,,,,,,,,,,,,,,,,,,,,,,
case,93,DEU_LocationALower-37_121_T-1,16,R_G1,interstate,1.0,0.0,9,ok,True,true,success,0.9285596899990196,0.004260273000909365,0.35372719000042707,0.35798746300133644,0.09023792500011041,1.3953745670005446,1492,2767,29832,0.04491555221466115,0.010748863220214844,33.30468121764611,,,,,,,,,,,,,,,,,,,,,,
case,94,DEU_LocationALower-37_1_T-1,11,R_G1,interstate,1.0,0.0,8,ok,True,true,success,1.1896333820004656,0.0042216950005240506,0.08178407099876495,0.086005765999289,0.11947863299974415,1.4230497629996535,237,627,4724,0.006794217972128536,0.009052515029907227,9.500759260288179,,,,,,,,,,,,,,,,,,,,,,
case,95,DEU_LocationALower-37_205_T-1,15,R_G1,interstate,1.0,0.0,14,ok,True,true,success,1.176613935000205,0.0038298279996524798,0.17847689200061723,0.1823067200002697,0.08792436799922143,1.4672344379996503,782,1740,15624,0.018261576904478716,0.008631467819213867,21.12117241455159,,,,,,,,,,,,,,,,,,,,,,
case,96,DEU_LocationALower-37_231_T-1,23,R_G1,interstate,1.0,0.0,22,ok,True,true,success,1.3254742139997688,0.007489321998946252,0.05476124999950116,0.06225057199844741,0.11475271499875817,1.5220546049986297,94,317,1872,0.0036489690901362337,0.009591102600097656,6.490450013308541,,,,,,,,,,,,,,,,,,,,,,
case,97,DEU_LocationALower-37_235_T-1,8,R_G1,interstate,1.0,0.0,5,ok,True,true,success,0.9354956240003958,0.0007162639994930942,0.035775099000602495,0.03649136300009559,0.06188898799882736,1.052793594000832,84,294,1664,0.0013166199969418813,0.008416175842285156,4.335860334185635,,,,,,,,,,,,,,,,,,,,,,
case,98,DEU_LocationALower-37_240_T-1,8,R_G1,interstate,1.0,0.0,6,ok,True,true,success,0.8666181659991707,0.0029023229999438627,0.18971294299990404,0.1926152659998479,0.07199689200024295,1.1497570150004321,975,1953,19484,0.019585558020480676,0.008729696273803711,22.06437199629185,,,,,,,,,,,,,,,,,,,,,,
case,99,DEU_LocationALower-37_4_T-1,22,R_G1,interstate,1.0,0.0,20,ok,True,true,success,1.114632150000034,0.006103792000430985,0.07962847799899464,0.08573226999942563,0.11111683099989023,1.3320734389999416,272,678,5424,0.007430764033415471,0.009109020233154297,9.411799272042897,,,,,,,,,,,,,,,,,,,,,,
case,100,DEU_MONAMerge-2_10001000_T-1019.xml,11010,R_G1_MONA,interstate,1.0,0.0,11020,ok,True,true,success,1.4279693810003664,0.0028387229995132657,0.026956055000482593,0.02979477799999586,0.07306048999998893,1.5949945459997252,66,273,1312,0.0012150300208304543,0.015449762344360352,1.9284942600344845,,,,,,,,,,,,,,,,,,,,,,
case,101,DEU_MONAMerge-2_10001020_T-1039.xml,11055,R_G1_MONA,interstate,1.0,0.0,11046,ok,True,true,success,1.9375908720012376,0.005595452001216472,0.037394024000604986,0.04298947600182146,0.1025741260000359,2.161964533999708,20,94,384,0.0007226069865282625,0.01519322395324707,2.829516377439682,,,,,,,,,,,,,,,,,,,,,,
case,102,DEU_MONAMerge-2_10001040_T-1059.xml,11071,R_G1_MONA,interstate,1.0,0.0,11081,ok,True,true,success,1.299996800998997,0.0064390059997094795,0.05451192199871002,0.0609509279984195,0.0867927730014344,1.5222236230001727,127,437,2524,0.00471269195440982,0.008689641952514648,7.014204766029657,,,,,,,,,,,,,,,,,,,,,,
case,103,DEU_MONAMerge-2_10001040_T-1059.xml,11081,R_G1_MONA,interstate,1.0,0.0,11071,ok,True,true,success,1.689771932999065,0.004082531999301864,0.058732491999762715,0.06281502399906458,0.08700011899964011,1.9176732920004724,110,369,2192,0.0032507690575585,0.008132696151733398,7.723763783511846,,,,,,,,,,,,,,,,,,,,,,
case,104,DEU_MONAMerge-2_1000120_T-139.xml,10115,R_G1_MONA,interstate,1.0,0.0,10121,ok,True,true,success,1.9368072599991137,0.004419679999045911,0.04576836900014314,0.05018804899918905,0.11085323599945696,2.1798980200001097,70,280,1384,0.0029101500294927973,0.014463424682617188,3.4699976043369154,,,,,,,,,,,,,,,,,,,,,,
case,105,DEU_MONAMerge-2_10001220_T-1239.xml,11262,R_G1_MONA,interstate,1.0,0.0,11266,ok,True,true,success,1.191330558000118,0.0018336579996685032,0.03696125500027847,0.03879491299994697,0.04776552899966191,1.3308180999993056,41,183,804,0.0006910990414326079,0.015564203262329102,2.492573011677664,,,,,,,,,,,,,,,,,,,,,,
case,106,DEU_MONAMerge-2_10001220_T-1239.xml,11266,R_G1_MONA,interstate,1.0,0.0,11280,ok,True,true,success,1.8639110929998424,0.004832742000871804,0.04874484499850951,0.05357758699938131,0.1005861100002221,2.0964869119998184,81,315,1604,0.003112998998403782,0.01470041275024414,3.6446314746156707,,,,,,,,,,,,,,,,,,,,,,
case,107,DEU_MONAMerge-2_10001320_T-1339.xml,11342,R_G1_MONA,interstate,1.0,0.0,11352,ok,True,true,success,1.2281775160008692,0.0023591819990542717,0.05196890700062795,0.05432808899968222,0.07155299900114187,1.4305274990001635,81,324,1612,0.0021876850023545558,0.014967918395996094,3.6296355687117416,,,,,,,,,,,,,,,,,,,,,,
case,108,DEU_MONAMerge-2_10001320_T-1339.xml,11352,R_G1_MONA,interstate,1.0,0.0,11342,ok,True,true,success,0.6243092990007426,0.0011428349989728304,0.029815077999955975,0.030957912998928805,0.04748532099984004,0.7229420990006474,58,241,1152,0.0014300199891295051,0.016048908233642578,1.92897314560209,,,,,,,,,,,,,,,,,,,,,,
case,109,DEU_MONAMerge-2_10001480_T-1499.xml,11568,R_G1_MONA,interstate,1.0,0.0,11557,ok,True,true,success,1.233917471001405,0.0036306029996922007,0.06125280800006294,0.06488341099975514,0.05607002500073577,1.3760187620009674,236,654,4704,0.006664630071099964,0.007781028747558594,8.338667431361594,,,,,,,,,,,,,,,,,,,,,,
case,110,DEU_MONAMerge-2_10001500_T-1519.xml,11592,R_G1_MONA,interstate,1.0,0.0,11597,ok,True,true,success,1.4048809179985255,0.0034458980007912032,0.04518457700032741,0.04863047500111861,0.08899888700034353,1.5816712800005917,83,310,1652,0.003450923997661448,0.014247417449951172,3.4132835071302887,,,,,,,,,,,,,,,,,,,,,,
case,111,DEU_MONAMerge-2_10001500_T-1519.xml,11597,R_G1_MONA,interstate,1.0,0.0,11607,ok,True,true,success,1.174830881998787,0.002228186000138521,0.0432593170007749,0.04548750300091342,0.0526547470017249,1.3037556250001217,161,502,3196,0.002812320974044269,0.007882118225097656,5.770974464208807,,,,,,,,,,,,,,,,,,,,,,
case,112,DEU_MONAMerge-2_10001600_T-1619.xml,11668,R_G1_MONA,interstate,1.0,0.0,11673,ok,True,true,success,1.3391111260007165,0.006336758000543341,0.04270788300163986,0.0490446410021832,0.09232371399957628,1.5164967500004423,49,204,972,0.0017522390626254492,0.01818704605102539,2.6966798711887603,,,,,,,,,,,,,,,,,,,,,,
case,113,DEU_MONAMerge-2_1000160_T-179.xml,10161,R_G1_MONA,interstate,1.0,0.0,10148,ok,True,true,success,1.02157256800092,0.004302210998503142,0.06340671899852168,0.06770892999702482,0.11504951100141625,1.2422474140003033,174,490,3480,0.00612114105024375,0.008015155792236328,8.44761246719737,,,,,,,,,,,,,,,,,,,,,,
case,114,DEU_MONAMerge-2_10001720_T-1739.xml,11767,R_G1_MONA,interstate,1.0,0.0,11763,ok,True,true,success,1.192434498001603,0.002328308999494766,0.12839074399926176,0.13071905299875652,0.11576058799983002,1.4762983689997782,351,901,7004,0.01063195494498359,0.008229970932006836,15.883294616555999,,,,,,,,,,,,,,,,,,,,,,
case,115,DEU_MONAMerge-2_10001900_T-1919.xml,11934,R_G1_MONA,interstate,1.0,0.0,11955,ok,True,true,success,1.2657429020000563,0.0018465480006852886,0.01959159700163582,0.021438145002321107,0.053578677001496544,1.368764699998792,48,203,952,0.0021225899618002586,0.01349639892578125,1.588434449827152,,,,,,,,,,,,,,,,,,,,,,
case,116,DEU_MONAMerge-2_10001920_T-1939.xml,11957,R_G1_MONA,interstate,1.0,0.0,11963,ok,True,true,success,0.6948185350011045,0.0015814500002306886,0.04052231199966627,0.04210376199989696,0.10656778599877725,0.8661258770007407,170,544,3384,0.0037901810046605533,0.01787853240966797,2.3549898299890093,,,,,,,,,,,,,,,,,,,,,,
case,117,DEU_MONAMerge-2_10002000_T-2019.xml,12012,R_G1_MONA,interstate,1.0,0.0,12023,ok,True,true,success,0.7538922290004848,0.002821893000145792,0.043057504000898916,0.04587939700104471,0.0921210840006097,0.9292378099999041,76,282,1504,0.004723535019365954,0.013847589492797852,3.3131684777994495,,,,,,,,,,,,,,,,,,,,,,
case,118,DEU_MONAMerge-2_10002000_T-2019.xml,12023,R_G1_MONA,interstate,1.0,0.0,12043,ok,True,true,success,0.9921581800008425,0.0028095380002923775,0.03874122600063856,0.04155076400093094,0.12399796799945761,1.1965182580006513,30,136,584,0.0009547470108373091,0.014658927917480469,2.834502238828974,,,,,,,,,,,,,,,,,,,,,,
case,119,DEU_MONAMerge-2_10002060_T-2079.xml,12057,R_G1_MONA,interstate,1.0,0.0,12059,ok,True,true,success,1.2882731040008366,0.0032494139995833393,0.05790261900074256,0.0611520330003259,0.09719301000041014,1.4821454459997767,134,448,2664,0.0031186260403046617,0.00906515121459961,6.745837058055834,,,,,,,,,,,,,,,,,,,,,,
case,120,DEU_MONAMerge-2_10002120_T-2139.xml,12117,R_G1_MONA,interstate,1.0,0.0,12140,ok,True,true,success,1.3713220640001964,0.005703278999135364,0.044478801000877866,0.05018208000001323,0.12764461400001892,1.5897347720001562,80,310,1584,0.003271024981586379,0.00814199447631836,6.1633645350622395,,,,,,,,,,,,,,,,,,,,,,
case,121,DEU_MONAMerge-2_10002140_T-2159.xml,12152,R_G1_MONA,interstate,1.0,0.0,12165,ok,True,true,success,0.9460917620017426,0.002038769998762291,0.03259534000062558,0.034634109999387874,0.08268105800016201,1.0870707190006215,86,328,1704,0.002345696986594703,0.014444112777709961,2.3978011340949204,,,,,,,,,,,,,,,,,,,,,,
case,122,DEU_MONAMerge-2_10002180_T-2199.xml,12184,R_G1_MONA,interstate,1.0,0.0,12182,ok,True,true,success,1.3500147159993503,0.0030979479997768067,0.07544047300143575,0.07853842100121255,0.09113285999956133,1.5554738089995226,130,441,2592,0.004760309037010302,0.022307157516479492,3.5207722428638437,,,,,,,,,,,,,,,,,,,,,,
case,123,DEU_MONAMerge-2_10002200_T-2219.xml,12214,R_G1_MONA,interstate,1.0,0.0,12232,ok,True,true,success,0.9588275520000025,0.002301835998878232,0.03263583700027084,0.03493767299914907,0.06101152900009765,1.075693089998822,99,361,1964,0.002610699013530393,0.015188455581665039,2.300278182419323,,,,,,,,,,,,,,,,,,,,,,
case,124,DEU_MONAMerge-2_10002200_T-2219.xml,12232,R_G1_MONA,interstate,1.0,0.0,12214,ok,True,true,success,1.1844510060000175,0.002069599000606104,0.03738036100003228,0.039449960000638384,0.05542898800013063,1.3010472080004547,63,229,1244,0.0012827849859604612,0.015601873397827148,2.5285399384238385,,,,,,,,,,,,,,,,,,,,,,
case,125,DEU_MONAMerge-2_10002380_T-2399.xml,12372,R_G1_MONA,interstate,1.0,0.0,12381,ok,True,true,success,1.3232847469989792,0.005528386000150931,0.07293940799900156,0.07846779399915249,0.10158039499947336,1.5409128800001781,161,507,3204,0.0052625799835368525,0.015994548797607422,4.905908568730007,,,,,,,,,,,,,,,,,,,,,,
case,126,DEU_MONAMerge-2_10002440_T-2459.xml,12409,R_G1_MONA,interstate,1.0,0.0,12415,ok,True,true,success,1.0254560240009596,0.0016026539997255895,0.057351417000973015,0.058954071000698605,0.048626326000885456,1.1684243380004773,129,429,2580,0.0036473839627433335,0.009289979934692383,6.345984750789533,,,,,,,,,,,,,,,,,,,,,,
case,127,DEU_MONAMerge-2_10002480_T-2499.xml,12445,R_G1_MONA,interstate,1.0,0.0,12430,ok,True,true,success,0.645760651999808,0.0013868509995518252,0.05422036699928867,0.0556072179988405,0.05593774699991627,0.7794143169994641,184,571,3672,0.004387886041513411,0.016953468322753906,3.2799906744868186,,,,,,,,,,,,,,,,,,,,,,
case,128,DEU_MONAMerge-2_10002580_T-2599.xml,12493,R_G1_MONA,interstate,1.0,0.0,12498,ok,True,true,success,1.139661180000985,0.001834009999583941,0.026120358999833115,0.027954368999417056,0.06403040799887094,1.2568316440010676,69,276,1372,0.0012681250263995025,0.00836944580078125,3.340050185498261,,,,,,,,,,,,,,,,,,,,,,
case,129,DEU_MONAMerge-2_10002780_T-2799.xml,12602,R_G1_MONA,interstate,1.0,0.0,12603,ok,True,true,success,1.151620863000062,0.003030564999789931,0.04367209600059141,0.04670266100038134,0.08523104599953513,1.3219914130004327,76,294,1504,0.0025433659848204115,0.014995336532592773,3.1144790181181885,,,,,,,,,,,,,,,,,,,,,,
case,130,DEU_MONAMerge-2_10002780_T-2799.xml,12603,R_G1_MONA,interstate,1.0,0.0,12602,ok,True,true,success,1.0119494819991814,0.0010761949997686315,0.03259917499963194,0.03367536999940057,0.06157815100050357,1.1294152240006952,75,279,1500,0.0014361349676619284,0.024216651916503906,1.3905873576375951,,,,,,,,,,,,,,,,,,,,,,
case,131,DEU_MONAMerge-2_10002820_T-2839.xml,12625,R_G1_MONA,interstate,1.0,0.0,12628,ok,True,true,success,1.2983181060008064,0.002161766999051906,0.03896980900026392,0.04113157599931583,0.0918259339996439,1.4669861769998533,33,151,644,0.0008839969959808514,0.01601696014404297,2.5680013953592495,,,,,,,,,,,,,,,,,,,,,,
case,132,DEU_MONAMerge-2_10002920_T-2939.xml,12731,R_G1_MONA,interstate,1.0,0.0,12726,ok,True,true,success,1.1657483340004546,0.00116776499999105,0.07093055200130038,0.07209831700129143,0.0777472490008222,1.350637210000059,173,517,3460,0.007154946051741717,0.008048534393310547,8.957943580537492,,,,,,,,,,,,,,,,,,,,,,
case,133,DEU_MONAMerge-2_1000340_T-359.xml,10361,R_G1_MONA,interstate,1.0,0.0,10363,ok,True,true,success,0.9563079729996389,0.001918620000651572,0.09707972800060816,0.09899834800125973,0.08842198599995754,1.1787803940005688,231,669,4604,0.006758043060472119,0.016299724578857422,6.073620908274226,,,,,,,,,,,,,,,,,,,,,,
case,134,DEU_MONAMerge-2_10003680_T-3699.xml,13262,R_G1_MONA,interstate,1.0,0.0,13269,ok,True,true,success,1.1060076689991547,0.003253033000873984,0.03783619599926169,0.041089229000135674,0.09453030400072748,1.2790095410000504,62,232,1224,0.0019767409776250133,0.014122724533081055,2.9094406609637047,,,,,,,,,,,,,,,,,,,,,,
case,135,DEU_MONAMerge-2_10003840_T-3859.xml,13361,R_G1_MONA,interstate,1.0,0.0,13364,ok,True,true,success,1.3411248669999623,0.005584498001553584,0.04369364800004405,0.049278146001597634,0.10917794299894013,1.5343630030001805,71,266,1412,0.0035427160073595587,0.014359474182128906,3.4317514260324926,,,,,,,,,,,,,,,,,,,,,,
case,136,DEU_MONAMerge-2_10003880_T-3899.xml,13408,R_G1_MONA,interstate,1.0,0.0,13401,ok,True,true,success,0.6586251509997965,0.0018256269995617913,0.04068513499987603,0.04251076199943782,0.06295117999979993,0.7888500030003343,81,295,1604,0.0028392199601512402,0.015774965286254883,2.6948244403731585,,,,,,,,,,,,,,,,,,,,,,
case,137,DEU_MONAMerge-2_10003960_T-3979.xml,13454,R_G1_MONA,interstate,1.0,0.0,13451,ok,True,true,success,0.9920443810005963,0.002445629999783705,0.03310955099914281,0.03555518099892652,0.07029069999953208,1.1202583710000908,55,229,1084,0.002931502009232645,0.01642632484436035,2.164524404321255,,,,,,,,,,,,,,,,,,,,,,
case,138,DEU_MONAMerge-2_10004120_T-4139.xml,13541,R_G1_MONA,interstate,1.0,0.0,13534,ok,True,true,success,0.9974282630009839,0.0036372969989315607,0.09827212100026372,0.10190941799919528,0.11009598300006473,1.238834298999791,227,673,4524,0.008020836005016463,0.015724658966064453,6.480866657847845,,,,,,,,,,,,,,,,,,,,,,
case,139,DEU_MONAMerge-2_10004160_T-4179.xml,13563,R_G1_MONA,interstate,1.0,0.0,13568,ok,True,true,success,1.2452747110000928,0.0025820329992711777,0.045305241001187824,0.047887274000459,0.0991671640003915,1.4298669119998522,71,274,1412,0.001971207031601807,0.014755010604858398,3.2454923471685686,,,,,,,,,,,,,,,,,,,,,,
case,140,DEU_MONAMerge-2_10004160_T-4179.xml,13568,R_G1_MONA,interstate,1.0,0.0,13563,ok,True,true,success,0.9443168720008543,0.0015095740000106161,0.03233078899938846,0.033840362999399076,0.0605428060007398,1.0624043610005174,49,215,964,0.0009177959982480388,0.017500877380371094,1.9336380836171263,,,,,,,,,,,,,,,,,,,,,,
case,141,DEU_MONAMerge-2_10004300_T-4319.xml,13694,R_G1_MONA,interstate,1.0,0.0,13685,ok,True,true,success,1.232732099999339,0.0011682950007525505,0.05013753499952145,0.051305830000274,0.08744411999941804,1.4065585589996772,39,161,764,0.0008988369845610578,0.015767574310302734,3.253882238991581,,,,,,,,,,,,,,,,,,,,,,
case,142,DEU_MONAMerge-2_10004400_T-4419.xml,13727,R_G1_MONA,interstate,1.0,0.0,13731,ok,True,true,success,0.951379405998523,0.002332116999241407,0.029609259001517785,0.03194137600075919,0.10882941999989271,1.116271073999087,94,325,1872,0.0014146199846436502,0.014834403991699219,2.153195775080172,,,,,,,,,,,,,,,,,,,,,,
case,143,DEU_MONAMerge-2_10004460_T-4479.xml,13754,R_G1_MONA,interstate,1.0,0.0,13756,ok,True,true,success,0.6910688619991561,0.0011071720000472851,0.056271061999723315,0.0573782339997706,0.07579024900041986,0.8564765820010507,70,280,1384,0.0033350249541399535,0.01661539077758789,3.4533183581313507,,,,,,,,,,,,,,,,,,,,,,
case,144,DEU_MONAMerge-2_10004480_T-4499.xml,13771,R_G1_MONA,interstate,1.0,0.0,13776,ok,True,true,success,1.2741119050006091,0.0017059639994840836,0.09874755700002424,0.10045352099950833,0.08444035899992741,1.4936627890001546,244,675,4872,0.0074030310533999,0.007855653762817383,12.787417067052772,,,,,,,,,,,,,,,,,,,,,,
case,145,DEU_MONAMerge-2_10004500_T-4519.xml,13778,R_G1_MONA,interstate,1.0,0.0,13780,ok,True,true,success,0.6532531209995796,0.0007992239989107475,0.027138739000292844,0.02793796299920359,0.06736275399998704,0.77106251800069,20,94,384,0.0012776809999195393,0.01503443717956543,1.8582646404067877,,,,,,,,,,,,,,,,,,,,,,
case,146,DEU_MONAMerge-2_10004500_T-4519.xml,13780,R_G1_MONA,interstate,1.0,0.0,13778,ok,True,true,success,1.1602326050015108,0.001177299000119092,0.07027881599969987,0.07145611499981896,0.38092220799990173,1.6456339409996872,145,471,2884,0.0047644999976910185,0.01493692398071289,4.783857445621718,,,,,,,,,,,,,,,,,,,,,,
case,147,DEU_MONAMerge-2_10004520_T-4539.xml,13808,R_G1_MONA,interstate,1.0,0.0,13792,ok,True,true,success,0.6930947090004338,0.0012384450001263758,0.0486452740005916,0.049883719000717974,0.09128801000042586,0.8658644440001808,174,541,3472,0.003171750975525356,0.015844106674194336,3.148408428855427,,,,,,,,,,,,,,,,,,,,,,
case,148,DEU_MONAMerge-2_10004960_T-4979.xml,14036,R_G1_MONA,interstate,1.0,0.0,14041,ok,True,true,success,1.1802268410010583,0.0023710409986961167,0.03672095000001718,0.0390919909987133,0.1011605799994868,1.3572335739991104,62,250,1240,0.0022532739876623964,0.013370275497436523,2.923798466696396,,,,,,,,,,,,,,,,,,,,,,
case,149,DEU_MONAMerge-2_10004960_T-4979.xml,14040,R_G1_MONA,interstate,1.0,0.0,14041,ok,True,true,success,1.282240186999843,0.0020604320015991107,0.0354414990015357,0.037501931003134814,0.10552269899926614,1.4591868860006798,69,275,1364,0.0030146609951771097,0.008655309677124023,4.332823711929382,,,,,,,,,,,,,,,,,,,,,,
case,150,DEU_MONAMerge-2_10005000_T-5019.xml,14067,R_G1_MONA,interstate,1.0,0.0,14074,ok,True,true,success,1.1632568260010885,0.002251265999802854,0.023847275000662194,0.026098541000465048,0.06763314300042111,1.2767669360000582,48,203,952,0.0009631529719626997,0.00876617431640625,2.977187089654443,,,,,,,,,,,,,,,,,,,,,,
case,151,DEU_MONAMerge-2_10005080_T-5099.xml,14116,R_G1_MONA,interstate,1.0,0.0,14111,ok,True,true,success,1.2541168850002578,0.0025835529995674733,0.09521937200042885,0.09780292499999632,0.10185254599855398,1.4886951759999647,243,669,4844,0.010030513019955833,0.007639646530151367,12.802022268176655,,,,,,,,,,,,,,,,,,,,,,
case,152,DEU_MONAMerge-2_10005280_T-5299.xml,14224,R_G1_MONA,interstate,1.0,0.0,14238,ok,True,true,success,0.7264261349992012,0.005328098000973114,0.04702100299982703,0.05234910100080015,0.07649377999950957,0.8936193649988127,166,520,3304,0.003488693948384025,0.014163970947265625,3.6959339436449645,,,,,,,,,,,,,,,,,,,,,,
case,153,DEU_MONAMerge-2_10005280_T-5299.xml,14238,R_G1_MONA,interstate,1.0,0.0,14224,ok,True,true,success,1.4210967090002669,0.002719215999604785,0.03416308700070658,0.03688230300031137,0.08776123899951926,1.568664213999,59,234,1172,0.0008705189648026135,0.00864410400390625,4.266758357331696,,,,,,,,,,,,,,,,,,,,,,
case,154,DEU_MONAMerge-2_10005380_T-5399.xml,14301,R_G1_MONA,interstate,1.0,0.0,14298,ok,True,true,success,1.600361068998609,0.005241081000349368,0.05422208900017722,0.05946317000052659,0.11215608599923144,1.7996409480001603,149,491,2964,0.003303280896943761,0.008629083633422852,6.891017925728419,,,,,,,,,,,,,,,,,,,,,,
case,155,DEU_MONAMerge-2_10005380_T-5399.xml,14303,R_G1_MONA,interstate,1.0,0.0,14298,ok,True,true,success,0.9310234929998842,0.0027000169993698364,0.06934775199988508,0.07204776899925491,0.08077487199989264,1.1439770640008646,268,730,5344,0.007132203014407423,0.016333341598510742,4.411085665766285,,,,,,,,,,,,,,,,,,,,,,
case,156,DEU_MONAMerge-2_1000540_T-559.xml,10565,R_G1_MONA,interstate,1.0,0.0,10567,ok,True,true,success,0.84880458599946,0.001101039000786841,0.04393013400112977,0.04503117300191661,0.08889666899995063,1.0414213929998368,113,395,2244,0.003643769978225464,0.014978885650634766,3.0063099520362724,,,,,,,,,,,,,,,,,,,,,,
case,157,DEU_MONAMerge-2_1000540_T-559.xml,10567,R_G1_MONA,interstate,1.0,0.0,10565,ok,True,true,success,1.594616075999511,0.0014995990004535997,0.040628063999974984,0.042127663000428583,0.059931589999905555,1.7169577940003364,123,413,2444,0.0028975799923500745,0.016078710556030273,2.6200896429862484,,,,,,,,,,,,,,,,,,,,,,
case,158,DEU_MONAMerge-2_10005460_T-5479.xml,14384,R_G1_MONA,interstate,1.0,0.0,14367,ok,True,true,success,1.4683393989998876,0.007472031998986495,0.05740644599973166,0.06487847799871815,0.13344321000113268,2.0692388940005912,91,343,1820,0.0036038259422639385,0.009096622467041016,7.1321502276022315,,,,,,,,,,,,,,,,,,,,,,
case,159,DEU_MONAMerge-2_10005480_T-5499.xml,14400,R_G1_MONA,interstate,1.0,0.0,14417,ok,True,true,success,0.9093092710008932,0.003007131001140806,0.02358815399929881,0.026595285000439617,0.0668643669996527,1.0259616969997296,81,307,1604,0.0016515790139237652,0.016972064971923828,1.567003487462196,,,,,,,,,,,,,,,,,,,,,,
case,160,DEU_MONAMerge-2_10005480_T-5499.xml,14412,R_G1_MONA,interstate,1.0,0.0,14417,ok,True,true,success,1.487447287001487,0.003960285999710322,0.039621297000849154,0.043581583000559476,0.11515438700007508,1.682271502999356,76,291,1512,0.0029057700267003383,0.013837814331054688,3.1494556841071435,,,,,,,,,,,,,,,,,,,,,,
case,161,DEU_MONAMerge-2_10005520_T-5539.xml,14429,R_G1_MONA,interstate,1.0,0.0,14428,ok,True,true,success,0.6458510369993746,0.000872089998665615,0.03883739499906369,0.039709484997729305,0.05976117700083705,0.7676656269995874,113,392,2252,0.0031652820034651086,0.01593494415283203,2.4919751595534745,,,,,,,,,,,,,,,,,,,,,,
case,162,DEU_MONAMerge-2_10005540_T-5559.xml,14437,R_G1_MONA,interstate,1.0,0.0,14448,ok,True,true,success,0.6699050419993,0.0015433560001838487,0.0350148329998774,0.03655818900006125,0.06789852200017776,0.7964973380003357,99,357,1964,0.0028956309797649737,0.007696628570556641,4.74989648583461,,,,,,,,,,,,,,,,,,,,,,
case,163,DEU_MONAMerge-2_10005540_T-5559.xml,14440,R_G1_MONA,interstate,1.0,0.0,14448,ok,True,true,success,1.095056824000494,0.004122325999560417,0.04623412399996596,0.050356449999526376,0.12981747000048927,1.3153102380001656,67,274,1332,0.0024985269465105375,0.007343769073486328,6.8570307012146445,,,,,,,,,,,,,,,,,,,,,,
case,164,DEU_MONAMerge-2_10005840_T-5859.xml,14623,R_G1_MONA,interstate,1.0,0.0,14624,ok,True,true,success,1.704555332999007,0.007059892999677686,0.14409380899996904,0.15115370199964673,0.14815507700041053,2.0431865860009566,414,991,8256,0.018372978038314614,0.007888555526733398,19.16113811805018,,,,,,,,,,,,,,,,,,,,,,
case,165,DEU_MONAMerge-2_10005860_T-5879.xml,14647,R_G1_MONA,interstate,1.0,0.0,14652,ok,True,true,success,1.1542725899998914,0.0038614620007138,0.03324383400104125,0.03710529600175505,0.08676815000035276,1.2991524640001444,90,316,1784,0.003926790021068882,0.015468835830688477,2.3987128965543874,,,,,,,,,,,,,,,,,,,,,,
case,166,DEU_MONAMerge-2_10006000_T-6019.xml,14754,R_G1_MONA,interstate,1.0,0.0,14755,ok,True,true,success,0.679529791999812,0.0008713459992577555,0.05387930899996718,0.054750654999224935,0.06579162399975758,0.8212032569990697,215,641,4284,0.0044802620832342654,0.014117956161499023,3.87808648595574,,,,,,,,,,,,,,,,,,,,,,
case,167,DEU_MONAMerge-2_10006080_T-6099.xml,14780,R_G1_MONA,interstate,1.0,0.0,14789,ok,True,true,success,1.2300684210003965,0.007666436000363319,0.041249702000641264,0.04891613800100458,0.14919179800017446,1.4649418870012596,46,199,896,0.0017466370227339212,0.014487028121948242,3.376547459509332,,,,,,,,,,,,,,,,,,,,,,
case,168,DEU_MONAMerge-2_10006080_T-6099.xml,14789,R_G1_MONA,interstate,1.0,0.0,14780,ok,True,true,success,0.7526893049998762,0.002973028000269551,0.5437232530002802,0.5466962810005498,0.09321056699991459,1.41652981200059,1829,3227,36564,0.03149438607215416,0.01570296287536621,34.81484897720617,,,,,,,,,,,,,,,,,,,,,,
case,169,DEU_MONAMerge-2_10006100_T-6119.xml,14801,R_G1_MONA,interstate,1.0,0.0,14814,ok,True,true,success,1.7458432749990607,0.002642515999468742,0.0482032670006447,0.05084578300011344,0.11863503599852265,1.9518439040002704,80,294,1584,0.004992223963199649,0.014640331268310547,3.4729940237193078,,,,,,,,,,,,,,,,,,,,,,
case,170,DEU_MONAMerge-2_10006120_T-6139.xml,14815,R_G1_MONA,interstate,1.0,0.0,14829,ok,True,true,success,1.3386333920007019,0.0014013020008860622,0.040753970000878326,0.04215527200176439,0.10365851599999587,1.51994487400043,120,402,2384,0.006327671040708083,0.008349418640136719,5.048887092463974,,,,,,,,,,,,,,,,,,,,,,
case,171,DEU_MONAMerge-2_10006160_T-6179.xml,14836,R_G1_MONA,interstate,1.0,0.0,14844,ok,True,true,success,1.1907798390002426,0.0010464160004630685,0.04874707999988459,0.04979349600034766,0.10210087100131204,1.378253732000303,62,248,1224,0.003982139047366218,0.014912605285644531,3.3390205833638515,,,,,,,,,,,,,,,,,,,,,,
case,172,DEU_MONAMerge-2_10006160_T-6179.xml,14844,R_G1_MONA,interstate,1.0,0.0,14836,ok,True,true,success,0.7200065699998959,0.0009426500000699889,0.11924083899975813,0.12018348899982811,0.06536231900099665,0.9288657079996483,516,1194,10304,0.009410116843355354,0.016206026077270508,7.41597529380688,,,,,,,,,,,,,,,,,,,,,,
case,173,DEU_MONAMerge-2_10006200_T-6219.xml,14857,R_G1_MONA,interstate,1.0,0.0,14866,ok,True,true,success,0.9580983420000848,0.0023179510008048965,0.040234055999462726,0.04255200700026762,0.08154164699953981,1.1158041290000256,62,258,1240,0.001510340020104195,0.014460086822509766,2.942721404274534,,,,,,,,,,,,,,,,,,,,,,
case,174,DEU_MONAMerge-2_1000640_T-659.xml,10665,R_G1_MONA,interstate,1.0,0.0,10666,ok,True,true,success,1.2326402880007663,0.002440399000988691,0.6346239539998351,0.6370643530008238,0.1062074070014205,2.013104828998621,1656,3026,33104,0.058593655900040176,0.00825953483581543,77.1307786291247,,,,,,,,,,,,,,,,,,,,,,
case,175,DEU_MONAMerge-2_10006480_T-6499.xml,15037,R_G1_MONA,interstate,1.0,0.0,15038,ok,True,true,success,0.6932563509999454,0.002159411000320688,0.05483944099978544,0.056998852000106126,0.11518128200077626,0.9004993470007321,109,378,2156,0.004522289984379313,0.01478433609008789,3.855354183832497,,,,,,,,,,,,,,,,,,,,,,
case,176,DEU_MONAMerge-2_10006480_T-6499.xml,15038,R_G1_MONA,interstate,1.0,0.0,15037,ok,True,true,success,1.133518737000486,0.0011880639995069942,0.07923142999970878,0.08041949399921577,0.10873000799983856,1.360541092000858,156,499,3112,0.004037066044475068,0.01570415496826172,5.120905528616122,,,,,,,,,,,,,,,,,,,,,,
case,177,DEU_MONAMerge-2_10006660_T-6679.xml,15184,R_G1_MONA,interstate,1.0,0.0,15200,ok,True,true,success,0.952693317000012,0.005321378999724402,0.03732390299956023,0.042645281999284634,0.14770105200113903,1.1814029529996333,58,221,1152,0.0019020640083908802,0.014231443405151367,2.996553531867912,,,,,,,,,,,,,,,,,,,,,,
case,178,DEU_MONAMerge-2_10006660_T-6679.xml,15192,R_G1_MONA,interstate,1.0,0.0,15216,ok,True,true,success,0.986421337000138,0.0032075600011012284,0.038135344000693294,0.04134290400179452,0.07640514900049311,1.125229257000683,171,553,3404,0.004828136014111806,0.008679628372192383,4.763211306862869,,,,,,,,,,,,,,,,,,,,,,
case,179,DEU_MONAMerge-2_10006660_T-6679.xml,15200,R_G1_MONA,interstate,1.0,0.0,15212,ok,True,true,success,1.3428762769999594,0.005825198999446002,0.04861419999906502,0.054439398998511024,0.14910591899933934,1.5860169600000518,86,321,1712,0.0021639470014633844,0.007840156555175781,6.943662236256258,,,,,,,,,,,,,,,,,,,,,,
case,180,DEU_MONAMerge-2_10006820_T-6839.xml,15281,R_G1_MONA,interstate,1.0,0.0,15295,ok,True,true,success,1.312273252000523,0.004390460999275092,0.058021730999826104,0.062412191999101196,0.12183748900133651,1.535974828999315,110,394,2200,0.003746471977137844,0.007364749908447266,8.474448253499455,,,,,,,,,,,,,,,,,,,,,,
case,181,DEU_MONAMerge-2_10007040_T-7059.xml,15491,R_G1_MONA,interstate,1.0,0.0,15497,ok,True,true,success,1.020557745001497,0.0011707060002663638,0.03157329699934053,0.03274400299960689,0.08104600099977688,1.1559559959987382,93,339,1844,0.0036173979424347635,0.007754325866699219,4.222675647437683,,,,,,,,,,,,,,,,,,,,,,
case,182,DEU_MONAMerge-2_10007160_T-7179.xml,15645,R_G1_MONA,interstate,1.0,0.0,15647,ok,True,true,success,0.840898862999893,0.002134589998604497,1.9877184870001656,1.9898530769987701,0.07752300799984368,2.9331056620012532,3870,6232,77384,0.6570799199180328,0.007792472839355469,255.35579244487363,,,,,,,,,,,,,,,,,,,,,,
case,183,DEU_MONAMerge-2_10007240_T-7259.xml,15774,R_G1_MONA,interstate,1.0,0.0,15764,ok,True,true,success,1.4102363600013632,0.005204238999795052,0.03935826200176962,0.04456250100156467,0.10533570099869394,1.5937165049999749,92,330,1824,0.0037482269708561944,0.0078067779541015625,5.708180924776041,,,,,,,,,,,,,,,,,,,,,,
case,184,DEU_MONAMerge-2_1000840_T-859.xml,10847,R_G1_MONA,interstate,1.0,0.0,10841,ok,True,true,success,1.1427352099999553,0.006058627999664168,0.045497109998905216,0.051555737998569384,0.15787568199993984,1.3963847929990152,56,244,1120,0.002284280968524399,0.01538228988647461,3.3516295934522393,,,,,,,,,,,,,,,,,,,,,,
case,185,DEU_MONAMerge-2_1000980_T-999.xml,10963,R_G1_MONA,interstate,1.0,0.0,10958,ok,True,true,success,0.6865600410001207,0.0019124310001643607,0.03489106199958769,0.03680349299975205,0.0773344460012595,0.8227650609987904,82,304,1624,0.0019512570215738378,0.015400171279907227,2.389810628130479,,,,,,,,,,,,,,,,,,,,,,
case,186,DEU_MONAMerge-2_1001100_T-119.xml,10081,R_G1_MONA,interstate,1.0,0.0,10093,ok,True,true,success,1.215855301999909,0.00328054700003122,0.03147552900009032,0.03475607600012154,0.09191935600028955,1.3662823449994903,75,289,1484,0.0025261870159738464,0.00820612907409668,4.235380127011644,,,,,,,,,,,,,,,,,,,,,,
case,187,DEU_MONAMerge-2_1001100_T-119.xml,10090,R_G1_MONA,interstate,1.0,0.0,10093,ok,True,true,success,1.4598252220002905,0.003459028001088882,0.05151453699909325,0.054973565000182134,0.12799243300105445,1.6770123789992795,110,389,2192,0.005510423046871438,0.008572101593017578,6.413079033613059,,,,,,,,,,,,,,,,,,,,,,
case,188,DEU_MONAMerge-2_10011100_T-1119.xml,10920,R_G1_MONA,interstate,1.0,0.0,10914,ok,True,true,success,1.3435057160004362,0.0021555570001510205,0.04211353200116719,0.04426908900131821,0.12507133799954318,1.5351668330004031,128,436,2560,0.0035361309983272804,0.015713214874267578,2.8173158297360628,,,,,,,,,,,,,,,,,,,,,,
case,189,DEU_MONAMerge-2_10011100_T-1119.xml,10932,R_G1_MONA,interstate,1.0,0.0,10914,ok,True,true,success,0.857063602999915,0.0021686590007448103,0.04129109999848879,0.0434597589992336,0.1340741780004464,1.0655235159993026,54,217,1072,0.0023469379884772934,0.015636444091796875,2.779388890728249,,,,,,,,,,,,,,,,,,,,,,
case,190,DEU_MONAMerge-2_10011120_T-1139.xml,10951,R_G1_MONA,interstate,1.0,0.0,10939,ok,True,true,success,0.7041049969993765,0.0013983620010549203,0.0330952360000083,0.03449359800106322,0.06860702900121396,0.8295801540007233,77,290,1516,0.0025871340094454354,0.015622854232788086,2.2078934800960135,,,,,,,,,,,,,,,,,,,,,,
case,191,DEU_MONAMerge-2_10011180_T-1199.xml,11007,R_G1_MONA,interstate,1.0,0.0,10992,ok,True,true,success,1.015733332000309,0.0018247339994559297,0.05464450100043905,0.05646923499989498,0.09987976500087825,1.193047167998884,230,671,4576,0.004122229054701165,0.015007257461547852,3.7627951106044883,,,,,,,,,,,,,,,,,,,,,,
case,192,DEU_MONAMerge-2_1001120_T-139.xml,10100,R_G1_MONA,interstate,1.0,0.0,10096,ok,True,true,success,0.6367526579997502,0.0027370389998395694,0.036715373000333784,0.039452412000173354,0.08048640600100043,0.7774696619999304,109,368,2172,0.0025363379281770904,0.016061782836914062,2.456290961019699,,,,,,,,,,,,,,,,,,,,,,
case,193,DEU_LocationALower-11_102_T-1,16,R_G1_R_G3,interstate,1.0,0.0,"{""R_G1"": 15, ""R_G3"": 16}",ok,True,true,success,1.3520390030007547,0.007941460999063565,0.1045471669986,0.11248862799766357,0.23069381900131702,1.7385503860004974,428,1018,10680,0.012433070958650205,0.010257720947265625,10.9662398281218,,,,,,,,,,,,,,,,,,,,,,
case,194,DEU_LocationALower-11_110_T-1,16,R_G1_R_G3,interstate,1.0,0.0,"{""R_G1"": 15, ""R_G3"": 16}",ok,True,true,success,1.8287523389990383,0.011519072999362834,0.8019894449989806,0.8135085179983435,0.3450679609995859,3.0284040180013108,2582,4416,64530,0.0866983409923705,0.010234355926513672,79.48800333305046,,,,,,,,,,,,,,,,,,,,,,
case,195,DEU_LocationALower-11_131_T-1,18,R_G1_R_G3,interstate,1.0,0.0,"{""R_G1"": 16, ""R_G3"": 18}",ok,True,true,success,2.375059677999161,0.011272439000094892,0.6317543139994086,0.6430267529995035,0.3662358060009865,3.4259549559992593,2022,3554,50550,0.18077138678563642,0.011331319808959961,56.747736701513446,,,,,,,,,,,,,,,,,,,,,,
case,196,DEU_LocationALower-11_43_T-1,17,R_G1_R_G3,interstate,1.0,0.0,"{""R_G1"": 16, ""R_G3"": 17}",ok,True,true,success,1.5808248220000678,0.009955780999007402,0.3016958300013357,0.3116516110003431,0.3801711300002353,2.3167261889993824,1273,2394,31795,0.04248444597214984,0.01023554801940918,30.447965307707324,,,,,,,,,,,,,,,,,,,,,,
case,197,DEU_LocationALower-11_4_T-1,18,R_G1_R_G3,interstate,1.0,0.0,"{""R_G1"": 16, ""R_G3"": 18}",ok,False,false,validation_failed,1.5390417100006744,0.008365338000658085,0.5403229509993253,0.5486882889999833,0.2506597959982173,2.3818164099993737,1784,3182,44580,0.16524290282723086,0.010553836822509766,51.989461105719656,,,,,,,,,,,,,,,,,,,,,,
case,198,DEU_LocationALower-11_56_T-1,15,R_G1_R_G3,interstate,1.0,0.0,"{""R_G1"": 13, ""R_G3"": 15}",ok,True,true,success,1.6047614689996408,0.009661854999649222,1.0006162879999465,1.0102781429995957,0.28336658499938494,2.941849540000476,2995,5013,74855,0.20339016703292145,0.011796951293945312,85.63891787178206,,,,,,,,,,,,,,,,,,,,,,
case,199,DEU_LocationALower-11_64_T-1,18,R_G1_R_G3,interstate,1.0,0.0,"{""R_G1"": 17, ""R_G3"": 18}",ok,True,true,success,1.5937747200005106,0.009346942999400198,0.06557750700085307,0.07492445000025327,0.2745555510009581,1.9858061070008262,158,530,3950,0.0049481250389362685,0.012421369552612305,6.031899275108204,,,,,,,,,,,,,,,,,,,,,,
case,200,DEU_LocationALower-12_109_T-1,20,R_G1_R_G3,interstate,1.0,0.0,"{""R_G1"": 19, ""R_G3"": 20}",ok,True,true,success,1.7447008380004263,0.013473290000547422,0.08791767300135689,0.10139096300190431,0.4545745370014629,2.3440506029983226,299,769,7455,0.010886197957006516,0.010694503784179688,9.48066081868065,,,,,,,,,,,,,,,,,,,,,,
case,201,DEU_LocationALower-12_167_T-1,12,R_G1_R_G3,interstate,1.0,0.0,"{""R_G1"": 10, ""R_G3"": 12}",ok,True,true,success,1.7359589620009501,0.00886800100124674,1.165994185999807,1.1748621870010538,0.3025539509999362,3.2309582860016235,3666,5954,91650,0.10411093173934205,0.010413408279418945,112.82206127681086,,,,,,,,,,,,,,,,,,,,,,
case,202,DEU_LocationALower-12_217_T-1,14,R_G1_R_G3,interstate,1.0,0.0,"{""R_G1"": 11, ""R_G3"": 14}",ok,True,true,success,1.2857792810009414,0.0076783200001955265,0.17321045700009563,0.18088877700029116,0.24452712700076518,1.7290646990004461,767,1597,19155,0.023952251023729332,0.01022648811340332,17.688259644404198,,,,,,,,,,,,,,,,,,,,,,
case,203,DEU_LocationALower-12_52_T-1,26,R_G1_R_G3,interstate,1.0,0.0,"{""R_G1"": 23, ""R_G3"": 26}",ok,False,false,validation_failed,1.4858634240008541,0.010780962000353611,0.1318475040006888,0.1426284660010424,0.3828102229999786,2.0285773819996393,537,1199,13405,0.024491043921443634,0.010773420333862305,13.238921492067101,,,,,,,,,,,,,,,,,,,,,,
case,204,DEU_LocationALower-13_162_T-1,21,R_G1_R_G3,interstate,1.0,0.0,"{""R_G1"": 19, ""R_G3"": 21}",ok,True,true,success,1.5305056260003767,0.018340411999815842,0.15743589799967594,0.1757763099994918,0.5453033829999185,2.27975212399906,339,868,8445,0.019166941014191252,0.010380268096923828,16.933696544078927,,,,,,,,,,,,,,,,,,,,,,
case,205,DEU_LocationALower-13_167_T-1,17,R_G1_R_G3,interstate,1.0,0.0,"{""R_G1"": 16, ""R_G3"": 17}",ok,True,true,success,1.4175059169992892,0.007271461001437274,0.667594022999765,0.6748654840012023,0.2424990279996564,2.353539535000891,2403,4151,60075,0.07891071609810751,0.010456562042236328,64.53990147768204,,,,,,,,,,,,,,,,,,,,,,
case,206,DEU_LocationALower-13_168_T-1,12,R_G1_R_G3,interstate,1.0,0.0,"{""R_G1"": 13, ""R_G3"": 12}",ok,True,true,success,1.3106306879999465,0.007429630999467918,0.09102690199870267,0.09845653299817059,0.24065644899928884,1.6681554809983936,342,842,8550,0.009942088969182805,0.022096872329711914,4.455677325237739,,,,,,,,,,,,,,,,,,,,,,
case,207,DEU_LocationALower-13_214_T-1,21,R_G1_R_G3,interstate,1.0,0.0,"{""R_G1"": 18, ""R_G3"": 21}",ok,True,true,success,1.3220715900006326,0.00936963099957211,0.11055045700049959,0.1199200880000717,0.2671051870001975,1.725633256999572,445,1147,11105,0.014606488965000608,0.010637521743774414,11.2733107286248,,,,,,,,,,,,,,,,,,,,,,
case,208,DEU_LocationALower-13_239_T-1,18,R_G1_R_G3,interstate,1.0,0.0,"{""R_G1"": 17, ""R_G3"": 18}",ok,True,true,success,1.2992478539999865,0.00916452300043602,0.0958179970002675,0.10498252000070352,0.2622141890005878,1.6850540850009565,349,865,8725,0.011308549912428134,0.010406017303466797,10.088635924690253,,,,,,,,,,,,,,,,,,,,,,
case,209,DEU_LocationALower-13_241_T-1,20,R_G1_R_G3,interstate,1.0,0.0,"{""R_G1"": 18, ""R_G3"": 20}",ok,True,true,success,1.451211448000322,0.020636604998799157,0.054768423999121296,0.07540502899792045,0.26423581800008833,1.8192147330009902,81,312,2015,0.0026305629944545217,0.010716438293457031,7.036389043919502,,,,,,,,,,,,,,,,,,,,,,
case,210,DEU_LocationALower-13_247_T-1,15,R_G1_R_G3,interstate,1.0,0.0,"{""R_G1"": 12, ""R_G3"": 15}",ok,False,false,validation_failed,1.3582557480003743,0.0071084690007410245,0.12712905400076124,0.13423752300150227,0.22585680799966212,1.7370372709992807,526,1193,13140,0.015091098108314327,0.010699987411499023,12.545577657151295,,,,,,,,,,,,,,,,,,,,,,
case,211,DEU_LocationALower-13_29_T-1,18,R_G1_R_G3,interstate,1.0,0.0,"{""R_G1"": 17, ""R_G3"": 18}",ok,True,true,success,1.4481778040008066,0.010091979998833267,0.055215976000908995,0.06530795599974226,0.3339666519987077,1.8655461940015812,76,272,1900,0.002210608043242246,0.010363340377807617,6.3018248575135845,,,,,,,,,,,,,,,,,,,,,,
case,212,DEU_LocationALower-13_56_T-1,10,R_G1_R_G3,interstate,1.0,0.0,"{""R_G1"": 7, ""R_G3"": 10}",ok,True,true,success,1.480478414998288,0.009335905000625644,0.16999622200091835,0.179332127001544,0.2754605369991623,1.953126747001079,826,1696,20630,0.0193604498035711,0.009989738464355469,17.951633833200095,,,,,,,,,,,,,,,,,,,,,,
case,213,DEU_LocationALower-13_82_T-1,17,R_G1_R_G3,interstate,1.0,0.0,"{""R_G1"": 15, ""R_G3"": 17}",ok,True,true,success,1.6995726410004863,0.010557195000728825,0.060402846000215504,0.07096004100094433,0.38407254300000204,2.171599470999354,161,498,3995,0.004479408860788681,0.010103225708007812,7.023503488069304,,,,,,,,,,,,,,,,,,,,,,
case,214,DEU_LocationALower-14_14_T-1,13,R_G1_R_G3,interstate,1.0,0.0,"{""R_G1"": 11, ""R_G3"": 13}",ok,True,true,success,1.6094018290004897,0.010979340999256237,0.5760764179995022,0.5870557589987584,0.4710814770005527,2.6843121140009316,2266,3944,56630,0.057416191973970854,0.010757923126220703,54.56961832790054,,,,,,,,,,,,,,,,,,,,,,
case,215,DEU_LocationALower-14_161_T-1,21,R_G1_R_G3,interstate,1.0,0.0,"{""R_G1"": 19, ""R_G3"": 21}",ok,True,true,success,1.5045537530004367,0.022045943998818984,0.33566138799869805,0.35770733199751703,0.44610197600013635,2.3383381829989958,894,1812,22330,0.0433871820641798,0.010744571685791016,33.29191171673798,,,,,,,,,,,,,,,,,,,,,,
case,216,DEU_LocationALower-14_219_T-1,12,R_G1_R_G3,interstate,1.0,0.0,"{""R_G1"": 11, ""R_G3"": 12}",ok,True,true,success,1.3863293429985788,0.008668635000503855,0.06877138700110663,0.07744002200161049,0.25894148299994413,1.740199694999319,199,563,4975,0.004728530979264178,0.010669469833374023,7.258094658028711,,,,,,,,,,,,,,,,,,,,,,
case,217,DEU_LocationALower-14_247_T-1,16,R_G1_R_G3,interstate,1.0,0.0,"{""R_G1"": 15, ""R_G3"": 16}",ok,True,true,success,1.5943948300009652,0.019477382000332,0.16544206000071426,0.18491944200104626,0.5684451489996718,2.3771393290007836,380,906,9480,0.019789126939940616,0.010825634002685547,17.0816269934096,,,,,,,,,,,,,,,,,,,,,,
case,218,DEU_LocationALower-14_252_T-1,12,R_G1_R_G3,interstate,1.0,0.0,"{""R_G1"": 10, ""R_G3"": 12}",ok,True,true,success,1.3190164200004801,0.005540170999665861,0.08847511000021768,0.09401528099988354,0.1998882699990645,1.6301071439993393,345,861,8625,0.008526327008439694,0.010707378387451172,8.780420154952917,,,,,,,,,,,,,,,,,,,,,,
case,219,DEU_LocationALower-14_39_T-1,15,R_G1_R_G3,interstate,1.0,0.0,"{""R_G1"": 11, ""R_G3"": 15}",ok,True,true,success,1.5566068419993826,0.010268055999404169,0.31414063299962436,0.3244086889990285,0.33363684399955673,2.2331333069996617,744,1583,18590,0.1665208510166849,0.012096166610717773,26.819131997701415,,,,,,,,,,,,,,,,,,,,,,
case,220,DEU_LocationALower-14_96_T-1,15,R_G1_R_G3,interstate,1.0,0.0,"{""R_G1"": 11, ""R_G3"": 15}",ok,True,true,success,1.336180421998506,0.007714018000115175,0.06923127399932127,0.07694529199943645,0.23198349399899598,1.663022794000426,202,635,5020,0.004672760056564584,0.010554790496826172,7.290082358581529,,,,,,,,,,,,,,,,,,,,,,
case,221,DEU_LocationALower-25_155_T-1,15,R_G1_R_G3,interstate,1.0,0.0,"{""R_G1"": 14, ""R_G3"": 15}",ok,True,true,success,1.5283464429994638,0.009471698000197648,0.1520289740001317,0.16150067200032936,0.26571872899876325,1.972563622000962,703,1525,17555,0.019724652998775127,0.01060628890991211,15.226878446560029,,,,,,,,,,,,,,,,,,,,,,
case,222,DEU_LocationALower-27_140_T-1,14,R_G1_R_G3,interstate,1.0,0.0,"{""R_G1"": 13, ""R_G3"": 14}",ok,True,true,success,1.760863260999031,0.010035140001491527,0.1529120929990313,0.16294723300052283,0.2935375759989256,2.2359592899993004,684,1442,17080,0.019794351952441502,0.010972023010253906,14.851156696284765,,,,,,,,,,,,,,,,,,,,,,
case,223,DEU_LocationALower-27_184_T-1,13,R_G1_R_G3,interstate,1.0,0.0,"{""R_G1"": 11, ""R_G3"": 13}",ok,True,true,success,1.410486889000822,0.007104677000825177,0.05270525499872747,0.059809931999552646,0.20634253900061594,1.6956854139989446,49,189,1225,0.0013722089661314385,0.0099334716796875,6.021050235825933,,,,,,,,,,,,,,,,,,,,,,
case,224,DEU_LocationALower-28_109_T-1,13,R_G1_R_G3,interstate,1.0,0.0,"{""R_G1"": 12, ""R_G3"": 13}",ok,True,true,success,1.4437644689987792,0.0100839469996572,0.24277069500021753,0.25285464199987473,0.30835159300113446,2.022258402999796,1073,2112,26815,0.028636960851144977,0.010318517684936523,24.504938569713776,,,,,,,,,,,,,,,,,,,,,,
case,225,DEU_LocationALower-28_109_T-1,18,R_G1_R_G3,interstate,1.0,0.0,"{""R_G1"": 16, ""R_G3"": 18}",ok,True,true,success,1.502560541001003,0.010302427999704378,0.07339410200074781,0.08369653000045219,0.3165636909998284,1.9208149229998526,227,619,5675,0.0067144240347261075,0.010409832000732422,8.040142241926999,,,,,,,,,,,,,,,,,,,,,,
case,226,DEU_LocationALower-28_228_T-1,11,R_G1_R_G3,interstate,1.0,0.0,"{""R_G1"": 9, ""R_G3"": 11}",ok,True,true,success,1.3617100690007646,0.005301042001519818,0.0628980240016972,0.06819906600321701,0.19174675499925797,1.640769290001117,135,469,3355,0.003489842982162372,0.01055455207824707,6.461578425841043,,,,,,,,,,,,,,,,,,,,,,
case,227,DEU_LocationALower-28_252_T-1,12,R_G1_R_G3,interstate,1.0,0.0,"{""R_G1"": 10, ""R_G3"": 12}",ok,True,true,success,1.8212432830005127,0.007426631998896482,0.1581192200010264,0.1655458519999229,0.37680969999928493,2.380683859999408,736,1538,18380,0.019519352848874405,0.009795665740966797,16.899908222428188,,,,,,,,,,,,,,,,,,,,,,
case,228,DEU_LocationALower-28_252_T-1,18,R_G1_R_G3,interstate,1.0,0.0,"{""R_G1"": 17, ""R_G3"": 18}",ok,True,true,success,1.3090024800003448,0.00778773700039892,0.1534255500009749,0.16121328700137383,0.26648203900003864,1.754330553998443,652,1399,16290,0.02354607500092243,0.009884357452392578,16.30994101314608,,,,,,,,,,,,,,,,,,,,,,
case,229,DEU_LocationALower-29_123_T-1,16,R_G1_R_G3,interstate,1.0,0.0,"{""R_G1"": 14, ""R_G3"": 16}",ok,True,true,success,1.2312626789989736,0.006357690999720944,0.15354051800022717,0.1598982089999481,0.19888836800055287,1.6085142949996225,700,1482,17480,0.015531451999777346,0.0098724365234375,16.1964281685017,,,,,,,,,,,,,,,,,,,,,,
case,230,DEU_LocationALower-29_134_T-1,9,R_G1_R_G3,interstate,1.0,0.0,"{""R_G1"": 6, ""R_G3"": 9}",ok,True,true,success,1.2155602209986682,0.0065230279997194884,0.03515304000029573,0.04167606800001522,0.21560905300066224,1.490382056999806,106,324,2630,0.0031626770232833223,0.008054733276367188,5.174109007717732,,,,,,,,,,,,,,,,,,,,,,
case,231,DEU_LocationALower-29_192_T-1,9,R_G1_R_G3,interstate,1.0,0.0,"{""R_G1"": 10, ""R_G3"": 9}",ok,True,true,success,1.1728820989992528,0.004564759999993839,0.09462833199904708,0.09919309199904092,0.1475446690001263,1.437783899000351,358,876,8930,0.008826312894598232,0.024034500122070312,4.12711275438403,,,,,,,,,,,,,,,,,,,,,,
case,232,DEU_LocationALower-29_245_T-1,12,R_G1_R_G3,interstate,1.0,0.0,"{""R_G1"": 8, ""R_G3"": 12}",ok,True,true,success,1.2739475130001665,0.007874921999245998,0.08000025200090022,0.08787517400014622,0.24750644300002023,1.6286485020009422,251,669,6255,0.0071402091252821265,0.009609699249267578,9.144424994033377,,,,,,,,,,,,,,,,,,,,,,
case,233,DEU_LocationALower-29_249_T-1,23,R_G1_R_G3,interstate,1.0,0.0,"{""R_G1"": 21, ""R_G3"": 23}",ok,True,true,success,1.3889394879988686,0.010898329001065576,0.08745980299863731,0.09835813199970289,0.34621387399965897,1.851375004998772,293,747,7305,0.01003350591781782,0.009862899780273438,9.972536899992308,,,,,,,,,,,,,,,,,,,,,,
case,234,DEU_LocationALower-29_250_T-1,12,R_G1_R_G3,interstate,1.0,0.0,"{""R_G1"": 9, ""R_G3"": 12}",ok,True,true,success,1.408847737000542,0.01031927700023516,0.2254752560002089,0.23579453300044406,0.3356409620009799,1.9979720570008794,982,2004,24530,0.025549609013978625,0.010447263717651367,22.569979984524853,,,,,,,,,,,,,,,,,,,,,,
case,235,DEU_LocationALower-29_65_T-1,8,R_G1_R_G3,interstate,1.0,0.0,"{""R_G1"": 6, ""R_G3"": 8}",ok,True,true,success,1.3200441190001584,0.008861377000357606,0.10249989700059814,0.11136127400095575,0.28809077899859403,1.736754393999945,456,1062,11380,0.010654452875314746,0.009836435317993164,11.321303948113162,,,,,,,,,,,,,,,,,,,,,,
case,236,DEU_LocationALower-29_70_T-1,11,R_G1_R_G3,interstate,1.0,0.0,"{""R_G1"": 9, ""R_G3"": 11}",ok,True,true,success,1.322415810000166,0.00847823900039657,0.07128734199977771,0.07976558100017428,0.26626264699916646,1.6862465820013313,319,797,7955,0.007545569927970064,0.010003805160522461,7.973524046124907,,,,,,,,,,,,,,,,,,,,,,
case,237,DEU_LocationALower-30_218_T-1,16,R_G1_R_G3,interstate,1.0,0.0,"{""R_G1"": 14, ""R_G3"": 16}",ok,True,true,success,1.2888821350006765,0.007376556000963319,0.09692073299993353,0.10429728900089685,0.22591241499867465,1.6363883389985858,381,915,9505,0.009034475002408726,0.010080337524414062,10.346606822270996,,,,,,,,,,,,,,,,,,,,,,
case,238,DEU_LocationALower-30_46_T-1,16,R_G1_R_G3,interstate,1.0,0.0,"{""R_G1"": 14, ""R_G3"": 16}",ok,True,true,success,1.3836232899993774,0.009818681000979268,0.1987468209990766,0.20856550200005586,0.3234147729999677,1.932827239001199,929,1867,23205,0.027749417207814986,0.009962081909179688,20.9359352695013,,,,,,,,,,,,,,,,,,,,,,
case,239,DEU_LocationALower-31_154_T-1,9,R_G1_R_G3,interstate,1.0,0.0,"{""R_G1"": 6, ""R_G3"": 9}",ok,True,true,success,1.204892617999576,0.00570470400089107,0.029949122999823885,0.035653827000714955,0.20315694399869244,1.4618160850004642,46,170,1150,0.0010738579840108287,0.008305788040161133,4.292648310830632,,,,,,,,,,,,,,,,,,,,,,
case,240,DEU_LocationALower-31_239_T-1,16,R_G1_R_G3,interstate,1.0,0.0,"{""R_G1"": 15, ""R_G3"": 16}",ok,True,true,success,1.3971327760009444,0.011085987998740165,0.2333334079994529,0.24441939599819307,0.45716904800065095,2.1161791939994146,1051,2071,26275,0.027293124829157023,0.010575532913208008,23.111780560290487,,,,,,,,,,,,,,,,,,,,,,
case,241,DEU_LocationALower-31_24_T-1,13,R_G1_R_G3,interstate,1.0,0.0,"{""R_G1"": 12, ""R_G3"": 13}",ok,True,true,success,1.4457217149993085,0.011955395000768476,0.06186012100079097,0.07381551600155944,0.37045042799945804,1.9090232380003727,188,602,4680,0.005880226997760474,0.012129783630371094,6.085476728268826,,,,,,,,,,,,,,,,,,,,,,
case,242,DEU_LocationALower-31_31_T-1,15,R_G1_R_G3,interstate,1.0,0.0,"{""R_G1"": 13, ""R_G3"": 15}",ok,True,true,success,1.3524916450005549,0.007449448001352721,0.2460444690004806,0.2534939170018333,0.22262358300031337,1.847022083000411,1099,2146,27465,0.024503245967935072,0.01032876968383789,24.542508426583666,,,,,,,,,,,,,,,,,,,,,,
case,243,DEU_LocationALower-31_47_T-1,13,R_G1_R_G3,interstate,1.0,0.0,"{""R_G1"": 12, ""R_G3"": 13}",ok,False,false,validation_failed,1.2762242529988725,0.005987690999972983,0.07628442600071139,0.08227211700068437,0.21007719099907263,1.5858196530007262,246,668,6130,0.006678048035610118,0.010216474533081055,8.052887200402289,,,,,,,,,,,,,,,,,,,,,,
case,244,DEU_LocationALower-32_117_T-1,17,R_G1_R_G3,interstate,1.0,0.0,"{""R_G1"": 15, ""R_G3"": 17}",ok,False,false,validation_failed,1.322661751999476,0.006886299001052976,0.20826517499881447,0.21515147399986745,0.24362918299993908,1.7987368820013216,334,826,8350,0.13016582096861384,0.010378122329711914,20.731252452469388,,,,,,,,,,,,,,,,,,,,,,
case,245,DEU_LocationALower-32_136_T-1,16,R_G1_R_G3,interstate,1.0,0.0,"{""R_G1"": 15, ""R_G3"": 16}",ok,True,true,success,1.3699452239998209,0.009764905998963513,0.08551014499971643,0.09527505099867994,0.30922565899891197,1.7918595769988315,336,799,8390,0.009647501003200887,0.010812044143676758,8.811936922621607,,,,,,,,,,,,,,,,,,,,,,
case,246,DEU_LocationALower-32_186_T-1,12,R_G1_R_G3,interstate,1.0,0.0,"{""R_G1"": 11, ""R_G3"": 12}",ok,True,true,success,1.2622058090000792,0.007226916000945494,0.09362481999960437,0.10085173600054986,0.2275467879990174,1.6078594739992695,394,932,9830,0.00874943710550724,0.009939193725585938,10.146872954184664,,,,,,,,,,,,,,,,,,,,,,
case,247,DEU_LocationALower-32_70_T-1,14,R_G1_R_G3,interstate,1.0,0.0,"{""R_G1"": 12, ""R_G3"": 14}",ok,True,true,success,1.2652196170001844,0.007765420999930939,0.19173767099891847,0.1995030919988494,0.2558562140002323,1.7386978779995843,896,1810,22380,0.023328113236857462,0.011927604675292969,16.726165682880428,,,,,,,,,,,,,,,,,,,,,,
case,248,DEU_LocationALower-32_84_T-1,13,R_G1_R_G3,interstate,1.0,0.0,"{""R_G1"": 10, ""R_G3"": 13}",ok,True,true,success,1.238968699999532,0.006649506000030669,0.12777606099916738,0.13442556699919805,0.19220201300049666,1.5852378589988803,509,1155,12705,0.014816343020356726,0.009853124618530273,13.642937870327012,,,,,,,,,,,,,,,,,,,,,,
case,249,DEU_LocationALower-33_142_T-1,10,R_G1_R_G3,interstate,1.0,0.0,"{""R_G1"": 8, ""R_G3"": 10}",ok,True,true,success,1.4769844900001772,0.009477617000811733,0.06240392399922712,0.07188154100003885,0.3451514900007169,1.9129431620003743,278,669,6940,0.007392381923637004,0.00795888900756836,9.031604905117337,,,,,,,,,,,,,,,,,,,,,,
case,250,DEU_LocationALower-33_16_T-1,12,R_G1_R_G3,interstate,1.0,0.0,"{""R_G1"": 10, ""R_G3"": 12}",ok,True,true,success,1.7236784220003756,0.013353669999560225,0.1250651320006,0.1384188020001602,0.40300406300048053,2.282791276000353,585,1343,14605,0.015286872980141197,0.009546995162963867,14.49867729452039,,,,,,,,,,,,,,,,,,,,,,
case,251,DEU_LocationALower-33_219_T-1,8,R_G1_R_G3,interstate,1.0,0.0,"{""R_G1"": 7, ""R_G3"": 8}",ok,True,true,success,1.2563794620000408,0.005182509999940521,0.3039366760003759,0.3091191860003164,0.18546532599975762,1.768785691998346,945,1832,23615,0.13917569102522975,0.008934736251831055,34.5974606622514,,,,,,,,,,,,,,,,,,,,,,
case,252,DEU_LocationALower-33_228_T-1,14,R_G1_R_G3,interstate,1.0,0.0,"{""R_G1"": 13, ""R_G3"": 14}",ok,True,true,success,1.3810723710012098,0.009354619000077946,0.05250479299866129,0.06185941199873923,0.2691206660001626,1.7310101090006356,99,330,2465,0.002442879009322496,0.009939432144165039,6.2236364312878685,,,,,,,,,,,,,,,,,,,,,,
case,253,DEU_LocationALower-33_233_T-1,14,R_G1_R_G3,interstate,1.0,0.0,"{""R_G1"": 11, ""R_G3"": 14}",ok,False,false,validation_failed,1.3045787819992256,0.006705584999508574,0.19159735500034003,0.1983029399998486,0.24645252099981008,1.8977934029990138,878,1773,21940,0.026713008963270113,0.010620832443237305,18.671129693427726,,,,,,,,,,,,,,,,,,,,,,
case,254,DEU_LocationALower-33_261_T-1,13,R_G1_R_G3,interstate,1.0,0.0,"{""R_G1"": 11, ""R_G3"": 13}",ok,True,true,success,1.597081985000841,0.009211991000483977,0.20128264000049967,0.21049463100098365,0.3325937490008073,2.160757019999437,957,1919,23905,0.022731161105184583,0.011291027069091797,18.642646918914433,,,,,,,,,,,,,,,,,,,,,,
case,255,DEU_LocationALower-33_265_T-1,22,R_G1_R_G3,interstate,1.0,0.0,"{""R_G1"": 20, ""R_G3"": 22}",ok,True,true,success,1.3667945460001647,0.009584643001289805,0.25512862800133007,0.2647132710026199,0.35614476400041895,2.005322573999365,434,1060,10830,0.01736801292099699,0.009973526000976562,26.541593311803705,,,,,,,,,,,,,,,,,,,,,,
case,256,DEU_LocationALower-33_96_T-1,9,R_G1_R_G3,interstate,1.0,0.0,"{""R_G1"": 7, ""R_G3"": 9}",ok,True,true,success,1.2722652219999873,0.007687867000640836,0.19533464199957962,0.20302250900022045,0.2967397089996666,1.7893384369999694,892,1775,22290,0.025166830862872303,0.009806632995605469,20.702570300244595,,,,,,,,,,,,,,,,,,,,,,
case,257,DEU_LocationALower-34_120_T-1,17,R_G1_R_G3,interstate,1.0,0.0,"{""R_G1"": 15, ""R_G3"": 17}",ok,True,true,success,1.3668634059995384,0.009196594999593799,0.07229472600010922,0.08149132099970302,0.3169581100009964,1.7855888300000515,199,628,4945,0.005920277915720362,0.010849237442016602,7.5112487338608585,,,,,,,,,,,,,,,,,,,,,,
case,258,DEU_LocationALower-34_146_T-1,14,R_G1_R_G3,interstate,1.0,0.0,"{""R_G1"": 11, ""R_G3"": 14}",ok,True,true,success,1.2629165689995716,0.00541143599912175,0.08077976599997783,0.08619120199909958,0.17010267499972542,1.5365109649992519,269,699,6705,0.005703117016309989,0.010229349136352539,8.42587351846245,,,,,,,,,,,,,,,,,,,,,,
case,259,DEU_LocationALower-34_147_T-1,16,R_G1_R_G3,interstate,1.0,0.0,"{""R_G1"": 15, ""R_G3"": 16}",ok,True,true,success,1.3484017179998773,0.007257066999954986,0.055461439998907736,0.06271850699886272,0.26232222999897203,1.6902781640001194,91,313,2255,0.0029350180138862925,0.010027885437011719,6.254410004264335,,,,,,,,,,,,,,,,,,,,,,
case,260,DEU_LocationALower-34_163_T-1,15,R_G1_R_G3,interstate,1.0,0.0,"{""R_G1"": 13, ""R_G3"": 15}",ok,True,true,success,1.4336123640005098,0.010406524001155049,0.06849789899933967,0.07890442300049472,0.30798288799996953,1.8379072949992405,163,486,4065,0.005091207956866128,0.010315656661987305,7.648996625804123,,,,,,,,,,,,,,,,,,,,,,
case,261,DEU_LocationALower-34_179_T-1,15,R_G1_R_G3,interstate,1.0,0.0,"{""R_G1"": 13, ""R_G3"": 15}",ok,True,true,success,1.3471006990002934,0.00955083100052434,0.09803371199996036,0.1075845430004847,0.28879972999857273,1.762603830999069,348,923,8690,0.0110425880720868,0.010005950927734375,10.752055829324842,,,,,,,,,,,,,,,,,,,,,,
case,262,DEU_LocationALower-34_37_T-1,9,R_G1_R_G3,interstate,1.0,0.0,"{""R_G1"": 8, ""R_G3"": 9}",ok,True,true,success,1.3548334070001147,0.008818396001515794,0.13030330800029333,0.13912170400180912,0.31536928199966496,1.8269600050007284,668,1384,16700,0.01785599901995738,0.009542226791381836,14.579584728321315,,,,,,,,,,,,,,,,,,,,,,
case,263,DEU_LocationALower-34_49_T-1,10,R_G1_R_G3,interstate,1.0,0.0,"{""R_G1"": 9, ""R_G3"": 10}",ok,True,true,success,1.3243629150001652,0.005991403999360045,0.35204428500037466,0.3580356889997347,0.2260190880006121,1.9269031439998798,1491,2733,37255,0.037694208995162626,0.009840965270996094,36.38217178298147,,,,,,,,,,,,,,,,,,,,,,
case,264,DEU_LocationALower-34_96_T-1,14,R_G1_R_G3,interstate,1.0,0.0,"{""R_G1"": 12, ""R_G3"": 14}",ok,True,true,success,1.2075341279996792,0.005529709000256844,0.21967133399994054,0.2252010430001974,0.20647118899978523,1.656526741999187,985,1943,24605,0.026831899980606977,0.011908769607543945,18.91052144106789,,,,,,,,,,,,,,,,,,,,,,
case,265,DEU_LocationALower-35_126_T-1,20,R_G1_R_G3,interstate,1.0,0.0,"{""R_G1"": 18, ""R_G3"": 20}",ok,False,false,validation_failed,1.4250701979999576,0.010150644999157521,0.7375044529999286,0.7476550979990861,0.3574029720002727,2.5476261239982705,2480,4219,61990,0.09669055718040909,0.010219812393188477,73.15741906352406,,,,,,,,,,,,,,,,,,,,,,
case,266,DEU_LocationALower-35_263_T-1,12,R_G1_R_G3,interstate,1.0,0.0,"{""R_G1"": 10, ""R_G3"": 12}",ok,True,true,success,1.516881678999198,0.00980572299886262,0.08164882200071588,0.0914545449995785,0.3165348160000576,1.9430167659993458,323,797,8055,0.00969604597594298,0.010070562362670898,9.081374178127136,,,,,,,,,,,,,,,,,,,,,,
case,267,DEU_LocationALower-35_34_T-1,19,R_G1_R_G3,interstate,1.0,0.0,"{""R_G1"": 17, ""R_G3"": 19}",ok,False,false,validation_failed,1.3285406440008956,0.008299666000311845,0.28709376999904634,0.2953934359993582,0.306474786999388,1.9488649970007828,1143,2213,28555,0.04150228186699678,0.01006007194519043,29.362954619880366,,,,,,,,,,,,,,,,,,,,,,
case,268,DEU_LocationALower-36_113_T-1,14,R_G1_R_G3,interstate,1.0,0.0,"{""R_G1"": 11, ""R_G3"": 14}",ok,True,true,success,1.2986268080003356,0.00780401200063352,0.10468719999880705,0.11249121199944057,0.26720201399984944,1.6975309650006238,419,997,10455,0.011107211996204569,0.00995635986328125,11.298427692866417,,,,,,,,,,,,,,,,,,,,,,
case,269,DEU_LocationALower-36_123_T-1,15,R_G1_R_G3,interstate,1.0,0.0,"{""R_G1"": 13, ""R_G3"": 15}",ok,True,true,success,1.3505582599991612,0.008138312001392478,0.11926241000037408,0.12740072200176655,0.265438810998603,1.7604917869994097,537,1188,13415,0.014674408148493967,0.009628772735595703,13.23125236207838,,,,,,,,,,,,,,,,,,,,,,
case,270,DEU_LocationALower-36_208_T-1,8,R_G1_R_G3,interstate,1.0,0.0,"{""R_G1"": 7, ""R_G3"": 8}",ok,True,true,success,1.4122901120008464,0.015249314001266612,0.07204970599923399,0.0872990200005006,0.33463703699999314,1.8616716710002947,189,473,4725,0.008328893020006944,0.008797407150268555,9.92326699325672,,,,,,,,,,,,,,,,,,,,,,
case,271,DEU_LocationALower-36_236_T-1,6,R_G1_R_G3,interstate,1.0,0.0,"{""R_G1"": 5, ""R_G3"": 6}",ok,True,true,success,1.080291333999412,0.002484066999386414,0.03178070200010552,0.034264768999491935,0.08498804599912546,1.2165963120005472,136,362,3380,0.002505999918867019,0.007128238677978516,4.806905400817614,,,,,,,,,,,,,,,,,,,,,,
case,272,DEU_LocationALower-36_269_T-1,18,R_G1_R_G3,interstate,1.0,0.0,"{""R_G1"": 16, ""R_G3"": 18}",ok,True,true,success,1.4595416199990723,0.01034667800013267,0.16480324400072277,0.17514992200085544,0.3296052730001975,1.9824712010013172,710,1506,17750,0.022251580108786584,0.009669303894042969,18.11401564374879,,,,,,,,,,,,,,,,,,,,,,
case,273,DEU_LocationALower-36_291_T-1,13,R_G1_R_G3,interstate,1.0,0.0,"{""R_G1"": 12, ""R_G3"": 13}",ok,True,true,success,1.3259874520008452,0.0068325230004120385,0.09049635600058537,0.0973288790009974,0.24317974300174683,1.6843197030011652,332,826,8280,0.008982197998193442,0.01003718376159668,9.696831433273935,,,,,,,,,,,,,,,,,,,,,,
case,274,DEU_LocationALower-36_61_T-1,9,R_G1_R_G3,interstate,1.0,0.0,"{""R_G1"": 7, ""R_G3"": 9}",ok,True,true,success,1.3070246420011244,0.00588071699894499,0.05769976800002041,0.0635804849989654,0.2389177879995259,1.6270716390008602,217,667,5405,0.00445569693329162,0.009788751602172852,6.495259823004617,,,,,,,,,,,,,,,,,,,,,,
case,275,DEU_LocationALower-37_1_T-1,11,R_G1_R_G3,interstate,1.0,0.0,"{""R_G1"": 8, ""R_G3"": 11}",ok,True,true,success,1.4237849239998468,0.0074584289995982544,0.0753600700008974,0.08281849900049565,0.24021820400048455,1.7647920840008737,309,775,7705,0.00823717003368074,0.010886907577514648,7.607164698591308,,,,,,,,,,,,,,,,,,,,,,
case,276,DEU_LocationALower-37_205_T-1,15,R_G1_R_G3,interstate,1.0,0.0,"{""R_G1"": 14, ""R_G3"": 15}",ok,True,true,success,1.3103485440005898,0.0066920900007971795,0.18089253600010125,0.18758462600089842,0.2397480119998363,1.7559517189984035,775,1733,19355,0.021969410954625346,0.009884119033813477,18.97838597038069,,,,,,,,,,,,,,,,,,,,,,
case,277,DEU_LocationALower-37_231_T-1,23,R_G1_R_G3,interstate,1.0,0.0,"{""R_G1"": 22, ""R_G3"": 23}",ok,True,true,success,1.5047562689996994,0.009773522999239503,0.05512036599975545,0.06489388899899495,0.3445177430003241,1.9309374770000431,94,317,2340,0.003458191966274171,0.009892702102661133,6.5597738944892034,,,,,,,,,,,,,,,,,,,,,,
case,278,DEU_LocationALower-37_240_T-1,8,R_G1_R_G3,interstate,1.0,0.0,"{""R_G1"": 6, ""R_G3"": 8}",ok,False,false,validation_failed,1.220949689999543,0.004241816999638104,0.3387559359998704,0.3429977529995085,0.15725271999872348,1.739342132999809,1107,2145,27655,0.13984030821666238,0.009552240371704102,35.90757138142644,,,,,,,,,,,,,,,,,,,,,,
case,279,DEU_LocationALower-37_4_T-1,22,R_G1_R_G3,interstate,1.0,0.0,"{""R_G1"": 20, ""R_G3"": 22}",ok,True,true,success,1.370444120000684,0.009603765000065323,0.1855757650009764,0.1951795300010417,0.28469708699958574,1.8663455870009784,334,820,8330,0.009573491937771905,0.009699344635009766,20.122960606693113,,,,,,,,,,,,,,,,,,,,,,
case,280,DEU_LocationALower-11_119_T-1,10,R_G2,interstate,1.0,0.0,10,ok,False,false,validation_failed,1.1706591160000244,0.003929769000023953,0.1696832279994851,0.17361299699950905,0.2736159020005289,1.6571145589987282,1040,2567,20792,0.01570115884533152,0.005758523941040039,30.148871269284513,,,,,,,,,,,,,,,,,,,,,,
case,281,DEU_LocationALower-12_123_T-1,16,R_G2,interstate,1.0,0.0,16,ok,True,true,success,1.1887321569993219,0.005437137000626535,0.41810152899961395,0.4235386660002405,0.228653280000799,1.8813324390011985,1734,3187,34656,0.1216704541893705,0.005177974700927734,81.79620227274485,,,,,,,,,,,,,,,,,,,,,,
case,282,DEU_LocationALower-12_123_T-1,19,R_G2,interstate,1.0,0.0,19,ok,False,false,validation_failed,1.2770264470000257,0.0049887559998751385,0.358175437000682,0.36316419300055713,0.23517567400085682,1.9149021909997828,1370,2812,27384,0.10355318493202503,0.005835056304931641,62.23833567700453,,,,,,,,,,,,,,,,,,,,,,
case,283,DEU_LocationALower-12_124_T-1,19,R_G2,interstate,1.0,0.0,19,ok,True,true,success,1.1491312939997442,0.0044309389995760284,0.240695811000478,0.24512675000005402,0.277092428999822,1.7301477519995387,1311,2850,26212,0.02078619788517244,0.0057523250579833984,42.61350802139622,,,,,,,,,,,,,,,,,,,,,,
case,284,DEU_LocationALower-12_37_T-1,28,R_G2,interstate,1.0,0.0,28,ok,False,false,validation_failed,1.418562689999817,0.007711661999564967,0.3827904700010549,0.3905021320006199,0.4596914949997881,2.3083245889993123,1721,3182,34396,0.03037435105034092,0.00560760498046875,69.63795298719081,,,,,,,,,,,,,,,,,,,,,,
case,285,DEU_LocationALower-25_149_T-1,9,R_G2,interstate,1.0,0.0,9,ok,True,true,success,1.1356550790005713,0.0034354829986114055,0.03454803299973719,0.037983515998348594,0.17455508899911365,1.386895932000698,186,485,3712,0.002775910012132954,0.00591588020324707,6.420602631118265,,,,,,,,,,,,,,,,,,,,,,
case,286,DEU_LocationALower-25_167_T-1,23,R_G2,interstate,1.0,0.0,23,ok,True,true,success,1.2338130670013925,0.005913207000048715,0.19474458299919206,0.20065778999924078,0.3703218870014098,1.8728774190003605,1173,2319,23444,0.01935211902127776,0.0061304569244384766,32.73129433457689,,,,,,,,,,,,,,,,,,,,,,
case,287,DEU_LocationALower-25_257_T-1,25,R_G2,interstate,1.0,0.0,25,ok,False,false,validation_failed,1.3188770769993425,0.006307155999820679,0.43895695299943327,0.44526410899925395,0.3362815549990046,2.1383240060004027,1851,3621,37004,0.03366966691646667,0.005582094192504883,79.76649867304518,,,,,,,,,,,,,,,,,,,,,,
case,288,DEU_LocationALower-26_141_T-1,16,R_G2,interstate,1.0,0.0,16,ok,True,true,success,1.0445622870010993,0.0060051649998058565,0.24822511200000008,0.25423027699980594,0.2721826359993429,1.5911019670002133,1377,2587,27524,0.023408051805745345,0.006021738052368164,42.218753919364694,,,,,,,,,,,,,,,,,,,,,,
case,289,DEU_LocationALower-26_236_T-1,11,R_G2,interstate,1.0,0.0,11,ok,True,true,success,1.2013117900005454,0.007496374000766082,0.07326291899880744,0.08075929299957352,0.44055071599905204,1.7399414689989499,469,1135,9364,0.008002152981134714,0.012755632400512695,6.331265315887239,,,,,,,,,,,,,,,,,,,,,,
case,290,DEU_LocationALower-26_238_T-1,20,R_G2,interstate,1.0,0.0,20,ok,False,false,validation_failed,1.2431803710005624,0.008381231000385014,0.5044418409997888,0.5128230720001739,0.4883910940006899,2.2618214630001603,2381,4255,47604,0.04037760394567158,0.005669116973876953,90.45907402567993,,,,,,,,,,,,,,,,,,,,,,
case,291,DEU_LocationALower-26_241_T-1,24,R_G2,interstate,1.0,0.0,24,ok,False,false,validation_failed,1.350200577000578,0.010124946000360069,0.6178682270001445,0.6279931730005046,0.5746025770004053,2.570602235999104,2690,4621,53792,0.048686007834476186,0.0054814815521240234,114.56632062497101,,,,,,,,,,,,,,,,,,,,,,
case,292,DEU_LocationALower-26_59_T-1,13,R_G2,interstate,1.0,0.0,13,ok,False,false,validation_failed,1.0048615800005791,0.005232327999692643,0.2605591990013636,0.26579152700105624,0.2630261230005999,1.5526916239996353,1594,3648,31864,0.025975329026550753,0.0058057308197021484,45.78089051236656,,,,,,,,,,,,,,,,,,,,,,
case,293,DEU_LocationALower-27_113_T-1,22,R_G2,interstate,1.0,0.0,22,ok,False,false,validation_failed,1.0697753770000418,0.006231524999748217,0.23564129199985473,0.24187281699960295,0.32517280700085394,1.6533901290003996,1355,2629,27084,0.022748209104975103,0.0056078433990478516,43.13116465425376,,,,,,,,,,,,,,,,,,,,,,
case,294,DEU_LocationALower-27_115_T-1,23,R_G2,interstate,1.0,0.0,23,ok,True,true,success,1.029205147000539,0.0058231729999533854,0.14637127700007113,0.15219445000002452,0.28597300899855327,1.4846180519998597,819,2031,16380,0.015081904159160331,0.006256818771362305,24.32457380684003,,,,,,,,,,,,,,,,,,,,,,
case,295,DEU_LocationALower-27_116_T-1,21,R_G2,interstate,1.0,0.0,21,ok,False,false,validation_failed,0.9233447900005558,0.005758870000136085,0.33616201499899034,0.34192088499912643,0.27567121499851055,1.5589076800006296,1821,3999,36404,0.03133471334695059,0.005501270294189453,62.1530786008224,,,,,,,,,,,,,,,,,,,,,,
case,296,DEU_LocationALower-27_119_T-1,11,R_G2,interstate,1.0,0.0,11,ok,False,false,validation_failed,0.8622651160003443,0.005650697999953991,0.1178708950010332,0.1235215930009872,0.27097430399953737,1.2757139980003558,735,1917,14684,0.012750721783959307,0.0054662227630615234,22.597248292860495,,,,,,,,,,,,,,,,,,,,,,
case,297,DEU_LocationALower-27_119_T-1,18,R_G2,interstate,1.0,0.0,18,ok,True,true,success,0.9159985219994269,0.005628770000839722,0.058597397999619716,0.06422616800045944,0.386630241999228,1.3851741340004082,228,662,4544,0.0034827279723685933,0.005514621734619141,11.646522842585345,,,,,,,,,,,,,,,,,,,,,,
case,298,DEU_LocationALower-27_131_T-1,5,R_G2,interstate,1.0,0.0,5,ok,True,true,success,0.6845353190001333,0.0005308039999363245,0.005983080998703372,0.006513884998639696,0.05158440099876316,0.7595018880001589,7,30,132,8.703798812348396e-05,0.002996683120727539,2.173698297822776,,,,,,,,,,,,,,,,,,,,,,
case,299,DEU_LocationALower-27_226_T-1,24,R_G2,interstate,1.0,0.0,24,ok,False,false,validation_failed,0.9887173430015537,0.007429233999573626,0.10880556800111663,0.11623480200069025,0.533912937000423,1.6573585240003013,617,1716,12332,0.011387755930627463,0.0065402984619140625,17.77209445066722,,,,,,,,,,,,,,,,,,,,,,
case,300,DEU_LocationALower-27_244_T-1,13,R_G2,interstate,1.0,0.0,13,ok,False,false,validation_failed,0.849713175000943,0.003760847999728867,0.054399349999584956,0.05816019799931382,0.20983421500022814,1.1367028089989617,61,248,1212,0.0010295130050508305,0.006100177764892578,9.534180845357382,,,,,,,,,,,,,,,,,,,,,,
case,301,DEU_LocationALower-27_270_T-1,20,R_G2,interstate,1.0,0.0,20,ok,True,true,success,0.9885934800004179,0.0064262159994541435,0.30203246800010675,0.3084586839995609,0.32099150200156146,1.762194561000797,1689,3177,33780,0.02724414588556101,0.005689382553100586,54.21654830214534,,,,,,,,,,,,,,,,,,,,,,
case,302,DEU_LocationALower-27_293_T-1,29,R_G2,interstate,1.0,0.0,29,ok,False,false,validation_failed,1.2340171039995766,0.00790727700041316,0.9340938280001865,0.9420011050005996,0.4168882220001251,2.611112377000609,3465,6187,69284,0.06679757107303885,0.005679130554199219,165.87065502554304,,,,,,,,,,,,,,,,,,,,,,
case,303,DEU_LocationALower-27_294_T-1,28,R_G2,interstate,1.0,0.0,28,ok,False,false,validation_failed,1.2271812409999256,0.007463638999979594,0.6526244410015352,0.6600880800015148,0.4103390109994507,2.315523517998372,2799,4718,55972,0.050077706153388135,0.005691051483154297,115.98701609981875,,,,,,,,,,,,,,,,,,,,,,
case,304,DEU_LocationALower-27_294_T-1,29,R_G2,interstate,1.0,0.0,29,ok,False,false,validation_failed,1.1454975269989518,0.00833260000035807,0.44125201699898753,0.4495846169993456,0.4061228420014231,2.019081118998656,1833,3355,36644,0.1350124960154062,0.005943775177001953,75.63957310143695,,,,,,,,,,,,,,,,,,,,,,
case,305,DEU_LocationALower-27_29_T-1,5,R_G2,interstate,1.0,0.0,5,ok,True,true,success,0.9503456050006207,0.0019265419996372657,0.004974027000571368,0.006900569000208634,0.12681157600127335,1.1041823260002275,10,45,192,0.00014140099847281817,0.003214120864868164,2.146953798668576,,,,,,,,,,,,,,,,,,,,,,
case,306,DEU_LocationALower-28_211_T-1,6,R_G2,interstate,1.0,0.0,6,ok,False,false,validation_failed,0.9451418019998528,0.0019342369996593334,0.011921519000679837,0.01385575600033917,0.12997752299997956,1.1069632310009183,27,121,524,0.0003459489980741637,0.003957986831665039,3.50070795827038,,,,,,,,,,,,,,,,,,,,,,
case,307,DEU_LocationALower-28_31_T-1,9,R_G2,interstate,1.0,0.0,9,ok,True,true,success,0.7636770960016293,0.0029176030002417974,0.08151414600069984,0.08443174900094164,0.1475287320008647,1.0140171270013525,424,1064,8480,0.0067565239860414295,0.00554203987121582,15.234778342079824,,,,,,,,,,,,,,,,,,,,,,
case,308,DEU_LocationALower-28_46_T-1,5,R_G2,interstate,1.0,0.0,5,ok,False,false,validation_failed,0.7264252670011047,0.0017023649998009205,0.021698016998925596,0.023400381998726516,0.1110190479994344,0.879065676999744,90,353,1792,0.0010359719781263266,0.00435328483581543,5.375339055741641,,,,,,,,,,,,,,,,,,,,,,
case,309,DEU_LocationALower-29_229_T-1,22,R_G2,interstate,1.0,0.0,22,ok,False,false,validation_failed,0.9215812389993516,0.00588257299932593,0.15028036600051564,0.15616293899984157,0.2888652660003572,1.3850211119988671,872,2210,17424,0.0143724240224401,0.005542755126953125,28.174244653251527,,,,,,,,,,,,,,,,,,,,,,
case,310,DEU_LocationALower-31_64_T-1,12,R_G2,interstate,1.0,0.0,12,ok,False,false,validation_failed,0.9167013000005682,0.0051665739993040916,0.08771171099942876,0.09287828499873285,0.2578692579991184,1.284898735999377,536,1438,10704,0.007487214948923793,0.004973411560058594,18.67496463486698,,,,,,,,,,,,,,,,,,,,,,
case,311,DEU_LocationALower-31_81_T-1,19,R_G2,interstate,1.0,0.0,19,ok,False,false,validation_failed,0.948745689000134,0.006060681998860673,0.20040453299952787,0.20646521499838855,0.21104117200047767,1.3832317689993943,1167,2804,23316,0.018975837798279827,0.0061550140380859375,33.544231373125236,,,,,,,,,,,,,,,,,,,,,,
case,312,DEU_LocationALower-31_94_T-1,24,R_G2,interstate,1.0,0.0,24,ok,True,true,success,1.0945212630012975,0.007684645999688655,0.1588239379998413,0.16650858399952995,0.39538881899898115,1.6738964470005158,902,1829,18032,0.016232195084739942,0.00634312629699707,26.250239425054104,,,,,,,,,,,,,,,,,,,,,,
case,313,DEU_LocationALower-31_95_T-1,21,R_G2,interstate,1.0,0.0,21,ok,True,true,success,1.0187605990013253,0.0062964409989945125,0.16998802499983867,0.17628446599883318,0.33822135900118155,1.550377635001496,977,1987,19524,0.015917346066999016,0.006106853485107422,28.866660454312875,,,,,,,,,,,,,,,,,,,,,,
case,314,DEU_LocationALower-32_104_T-1,17,R_G2,interstate,1.0,0.0,17,ok,False,false,validation_failed,0.9304215510001086,0.008002280999789946,0.14380453699959617,0.1518068179993861,0.21331143399947905,1.3197625110005902,799,1661,15964,0.013004609905692632,0.006932735443115234,21.89710241289281,,,,,,,,,,,,,,,,,,,,,,
case,315,DEU_LocationALower-33_129_T-1,14,R_G2,interstate,1.0,0.0,14,ok,True,true,success,0.8989425089985161,0.004666573999202228,0.22621159799928137,0.2308781719984836,0.26785280300100567,1.415860174000045,1306,2766,26120,0.021177705879381392,0.016790390014648438,13.750613999856977,,,,,,,,,,,,,,,,,,,,,,
case,316,DEU_LocationALower-33_190_T-1,22,R_G2,interstate,1.0,0.0,22,ok,True,true,success,0.9786460870000155,0.006163128000480356,0.283875838998938,0.29003896699941834,0.3374229720011499,1.6239489729996421,684,1819,13672,0.011902663984074024,0.007055044174194336,41.1108647710969,,,,,,,,,,,,,,,,,,,,,,
case,317,DEU_LocationALower-33_36_T-1,6,R_G2,interstate,1.0,0.0,6,ok,False,false,validation_failed,0.769931237999117,0.0018288020000909455,0.014992646998507553,0.0168214489985985,0.13737880699954985,0.9419071110005461,37,163,724,0.0004874819696851773,0.003918170928955078,4.293189170050972,,,,,,,,,,,,,,,,,,,,,,
case,318,DEU_LocationALower-33_49_T-1,12,R_G2,interstate,1.0,0.0,12,ok,False,false,validation_failed,0.8216568040006678,0.0032809789991006255,0.08396818999972311,0.08724916899882373,0.1908858839997265,1.1184036109989393,469,1120,9372,0.00763890090820496,0.005407094955444336,16.136052671124933,,,,,,,,,,,,,,,,,,,,,,
case,319,DEU_LocationALower-34_124_T-1,8,R_G2,interstate,1.0,0.0,8,ok,False,false,validation_failed,0.7103385549999075,0.0018339769994781818,0.17836707400056184,0.18020105100004002,0.1079303250007797,1.016307665999193,1029,2540,20572,0.011565560889721382,0.005342960357666016,33.72681789440749,,,,,,,,,,,,,,,,,,,,,,
case,320,DEU_LocationALower-34_159_T-1,6,R_G2,interstate,1.0,0.0,6,ok,True,true,success,0.7237219359994924,0.000836586999866995,0.010742100001152721,0.011578687001019716,0.073172111000531,0.8255702620008378,17,73,340,0.0013498999996954808,0.003613710403442383,3.2040993074569504,,,,,,,,,,,,,,,,,,,,,,
case,321,DEU_LocationALower-34_197_T-1,10,R_G2,interstate,1.0,0.0,10,ok,False,false,validation_failed,0.7380793419997644,0.0021278399999573594,0.015130077001231257,0.017257917001188616,0.0851998519992776,0.8583039269997244,21,95,404,0.00034608701571414713,0.004342317581176758,3.97435624607442,,,,,,,,,,,,,,,,,,,,,,
case,322,DEU_LocationALower-34_206_T-1,20,R_G2,interstate,1.0,0.0,20,ok,True,true,success,0.9674997180009086,0.006027078999977675,0.3224722399991151,0.3284993189990928,0.3900655559991719,1.704110334001598,1684,3438,33664,0.029572569979791297,0.005884885787963867,55.82084866811858,,,,,,,,,,,,,,,,,,,,,,
case,323,DEU_LocationALower-34_2_T-1,8,R_G2,interstate,1.0,0.0,8,ok,True,true,success,0.8622390040000028,0.004180163999990327,0.46580625500064343,0.46998641900063376,0.1832461960002547,1.5337984840007266,1521,3496,30412,0.024689219942956697,0.006259441375732422,75.08440303039667,,,,,,,,,,,,,,,,,,,,,,
case,324,DEU_LocationALower-34_51_T-1,7,R_G2,interstate,1.0,0.0,7,ok,False,false,validation_failed,1.0935006090003299,0.004015729999082396,0.12163321299885865,0.12564894299794105,0.19264854599896353,1.428945214000123,794,2048,15864,0.00995088295712776,0.008439064025878906,14.888966668890161,,,,,,,,,,,,,,,,,,,,,,
case,325,DEU_LocationALower-34_52_T-1,8,R_G2,interstate,1.0,0.0,8,ok,False,false,validation_failed,1.1222516399993765,0.004663498999434523,0.24076093600160675,0.24542443500104127,0.22400495700094325,1.6096864839983027,1460,3402,29184,0.019888477238055202,0.005586385726928711,43.932597389040474,,,,,,,,,,,,,,,,,,,,,,
case,326,DEU_LocationALower-34_52_T-1,10,R_G2,interstate,1.0,0.0,10,ok,False,false,validation_failed,0.9305736679998518,0.004564804999972694,0.8642407610004739,0.8688055660004466,0.24153757699968992,2.058316555001511,2820,4786,56384,0.26802045533077035,0.005545616149902344,156.6652906576929,,,,,,,,,,,,,,,,,,,,,,
case,327,DEU_LocationALower-34_53_T-1,7,R_G2,interstate,1.0,0.0,7,ok,True,true,success,0.865178914000353,0.0025590829991415376,0.025755053999091615,0.028314136998233153,0.14010672000040358,1.0515097619991138,111,362,2212,0.0015973799636412878,0.004399299621582031,6.436055607426691,,,,,,,,,,,,,,,,,,,,,,
case,328,DEU_LocationALower-34_53_T-1,8,R_G2,interstate,1.0,0.0,8,ok,True,true,success,0.8605457239991665,0.00304290799977025,0.05138158499903511,0.05442449299880536,0.17020195899931423,1.1021162589986488,250,672,4984,0.004088289962965064,0.004939079284667969,11.019157592337388,,,,,,,,,,,,,,,,,,,,,,
case,329,DEU_LocationALower-34_53_T-1,11,R_G2,interstate,1.0,0.0,11,ok,True,true,success,0.904322692000278,0.004345499000919517,0.1750038760001189,0.17934937500103842,0.20264216499890608,1.3048857350004255,898,1996,17944,0.013668266070453683,0.0053462982177734375,33.54645919391525,,,,,,,,,,,,,,,,,,,,,,
case,330,DEU_LocationALower-34_54_T-1,9,R_G2,interstate,1.0,0.0,9,ok,True,true,success,0.7938523369994073,0.0008275890013464959,0.00953201800075476,0.010359607002101257,0.08490007600084937,0.9067599440004415,45,181,900,0.0005992800015519606,0.003717184066772461,2.786950233297499,,,,,,,,,,,,,,,,,,,,,,
case,331,DEU_LocationALower-34_54_T-1,11,R_G2,interstate,1.0,0.0,11,ok,False,false,validation_failed,0.8384513130004052,0.00263617900054669,0.36518244100079755,0.36781862000134424,0.26715804599916737,1.4920962800006237,1865,3955,37284,0.025049811980352388,0.005112886428833008,71.93952479114563,,,,,,,,,,,,,,,,,,,,,,
case,332,DEU_LocationALower-34_62_T-1,8,R_G2,interstate,1.0,0.0,8,ok,True,true,success,0.8728994610009977,0.002343742000448401,0.4306878429997596,0.433031585000208,0.14662229100031254,1.471847405000517,2118,4168,42344,0.03445996383925376,0.016281843185424805,26.59598056980733,,,,,,,,,,,,,,,,,,,,,,
case,333,DEU_LocationALower-34_74_T-1,11,R_G2,interstate,1.0,0.0,11,ok,True,true,success,0.9460350460012705,0.0033563260003575124,0.032037252000009175,0.03539357800036669,0.1815866159995494,1.1818596419998357,128,414,2544,0.003251932026614668,0.0039615631103515625,8.934245653662133,,,,,,,,,,,,,,,,,,,,,,
case,334,DEU_LocationALower-34_80_T-1,10,R_G2,interstate,1.0,0.0,10,ok,False,false,validation_failed,1.12222724700041,0.004871391000051517,0.26289589400039404,0.26776728500044555,0.18962525999995705,1.5996959799995238,1505,3480,30092,0.02259688205049315,0.0056688785552978516,47.234613052382926,,,,,,,,,,,,,,,,,,,,,,
case,335,DEU_LocationALower-34_93_T-1,21,R_G2,interstate,1.0,0.0,21,ok,True,true,success,1.089986682000017,0.006215186000190442,0.3118249220005964,0.31804010800078686,0.3075561450004898,1.732846666000114,1687,3834,33732,0.027749765113185276,0.006749391555786133,47.121300545696855,,,,,,,,,,,,,,,,,,,,,,
case,336,DEU_LocationALower-35_140_T-1,10,R_G2,interstate,1.0,0.0,10,ok,True,true,success,0.8573715959992114,0.0020557089992507827,0.2999361399997724,0.3019918489990232,0.1258018729986361,1.468065998999009,1690,3587,32444,0.01995195497693203,0.0053980350494384766,55.94477365063376,,,,,,,,,,,,,,,,,,,,,,
case,337,DEU_LocationALower-35_189_T-1,14,R_G2,interstate,1.0,0.0,14,ok,False,false,validation_failed,1.0693011050007044,0.005379639000238967,0.3502691470002901,0.35564878600052907,0.2442785669991281,1.687269321999338,1944,3906,38864,0.03141889522157726,0.0062770843505859375,56.65827733656803,,,,,,,,,,,,,,,,,,,,,,
case,338,DEU_LocationALower-35_190_T-1,12,R_G2,interstate,1.0,0.0,12,ok,False,false,validation_failed,0.8593383770003129,0.00477426799989189,0.09352958800081979,0.09830385600071168,0.2121769099994708,1.1877237649987364,579,1339,11580,0.00901078096285346,0.005224466323852539,18.81605697253726,,,,,,,,,,,,,,,,,,,,,,
case,339,DEU_LocationALower-37_213_T-1,12,R_G2,interstate,1.0,0.0,12,ok,True,true,success,0.7943174629999703,0.0030130359991744626,0.26098901000113983,0.2640020460003143,0.14194541100005154,1.2172158000012132,1510,2998,30200,0.0190843121472426,0.006105661392211914,43.2388940430045,,,,,,,,,,,,,,,,,,,,,,
case,340,DEU_LocationALower-37_86_T-1,7,R_G2,interstate,1.0,0.0,7,ok,False,false,validation_failed,0.9121634880011698,0.0021796639994136058,0.27521255499959807,0.2773922189990117,0.28410738300044613,1.4925366089992167,1543,3510,30768,0.018307291911696666,0.017182588577270508,16.14379682965534,,,,,,,,,,,,,,,,,,,,,,
case,341,DEU_LocationALower-38_46_T-1,15,R_G2,interstate,1.0,0.0,15,ok,False,false,validation_failed,0.9156073060003109,0.0059940139999525854,0.20822065600077622,0.2142146700007288,0.4589389949996985,1.6073254870007077,1209,2339,24164,0.019389409024370252,0.005327701568603516,40.20770819129763,,,,,,,,,,,,,,,,,,,,,,
case,342,DEU_LocationALower-38_47_T-1,9,R_G2,interstate,1.0,0.0,9,ok,True,true,success,0.7896857930008991,0.002132902998710051,0.02055624299828196,0.02268914599699201,0.14074915799938026,0.9711008550002589,56,188,1120,0.0007512949996453244,0.0036318302154541016,6.247303604790099,,,,,,,,,,,,,,,,,,,,,,
case,343,DEU_LocationALower-38_47_T-1,11,R_G2,interstate,1.0,0.0,11,ok,False,false,validation_failed,0.8343698640001094,0.0031080629996722564,0.05675126499954786,0.05985932799922011,0.17441823800072598,1.0858733229997597,326,780,6504,0.004248026036293595,0.004887580871582031,12.247230188509313,,,,,,,,,,,,,,,,,,,,,,
case,344,DEU_LocationALower-39_11_T-1,9,R_G2,interstate,1.0,0.0,9,ok,True,true,success,0.9166322330002004,0.0021949419988231966,0.29810821099999885,0.30030315299882204,0.12285798499942757,1.35739817799913,1552,2991,31032,0.022985210784099763,0.006402730941772461,46.90235396892837,,,,,,,,,,,,,,,,,,,,,,
case,345,DEU_LocationALower-40_140_T-1,11,R_G2,interstate,1.0,0.0,11,ok,True,true,success,0.7724143810009991,0.00220032099969103,0.4056640700000571,0.40786439099974814,0.134643106999647,1.3326379260015528,2156,3891,43112,0.0339099020602589,0.005719661712646484,71.30918076814538,,,,,,,,,,,,,,,,,,,,,,
case,346,DEU_LocationALower-42_14_T-1,9,R_G2,interstate,1.0,0.0,9,ok,False,false,validation_failed,0.8717577070001425,0.003509510999720078,0.6904514779998863,0.6939609889996063,0.1910745870009123,1.7749941180009046,2367,4177,47328,0.259827670892264,0.018293142318725586,37.9355813729848,,,,,,,,,,,,,,,,,,,,,,
case,347,DEU_LocationALower-44_216_T-1,14,R_G2,interstate,1.0,0.0,14,ok,True,true,success,0.8906094190006115,0.004722091998701217,0.538588746001551,0.5433108380002523,0.24357824300022912,1.6956850339993252,1485,2984,29692,0.27478211213019677,0.006515026092529297,83.39350146628888,,,,,,,,,,,,,,,,,,,,,,
case,348,DEU_LocationALower-44_87_T-1,17,R_G2,interstate,1.0,0.0,17,ok,True,true,success,0.950706629000706,0.003918258000339847,0.28573043800133746,0.2896486960016773,0.20984498600046209,1.4686657990005187,1653,3075,33044,0.025849346217000857,0.0057735443115234375,50.16826413258256,,,,,,,,,,,,,,,,,,,,,,
case,349,DEU_LocationALower-11_102_T-1,16,R_G3,interstate,1.0,0.0,16,ok,True,true,success,0.6773105310003302,0.0008611720004410017,0.10384935699948983,0.10471052899993083,0.07179403800000728,0.8727790699995239,428,1018,8544,0.005014121037675068,0.010229825973510742,10.235807458608756,,,,,,,,,,,,,,,,,,,,,,
case,350,DEU_LocationALower-11_110_T-1,16,R_G3,interstate,1.0,0.0,16,ok,True,true,success,0.6869465370000398,0.0009194060003210325,0.11560995699983323,0.11652936300015426,0.07662325099954614,0.8987443549995078,553,1223,11044,0.006094951982959174,0.009849071502685547,11.831507464270128,,,,,,,,,,,,,,,,,,,,,,
case,351,DEU_LocationALower-11_131_T-1,18,R_G3,interstate,1.0,0.0,18,ok,True,true,success,0.6888442769995891,0.000980161999905249,0.06197223600065627,0.06295239800056152,0.08004934299970046,0.8508703089992196,119,439,2380,0.001541451973025687,0.009205102920532227,6.838858679151161,,,,,,,,,,,,,,,,,,,,,,
case,352,DEU_LocationALower-11_43_T-1,17,R_G3,interstate,1.0,0.0,17,ok,True,true,success,0.7812457059990265,0.0009263140000257408,0.09176706299876969,0.09269337699879543,0.07890136700007133,0.9711141679999855,358,879,7136,0.004472425005587866,0.00950002670288086,9.757170153078242,,,,,,,,,,,,,,,,,,,,,,
case,353,DEU_LocationALower-11_4_T-1,18,R_G3,interstate,1.0,0.0,18,ok,True,true,success,0.7481501109996316,0.0008717090004211059,0.19033046900040063,0.19120217800082173,0.08077320499978669,1.0380014950005716,916,1838,18304,0.011336096153172548,0.009680747985839844,19.750764949205955,,,,,,,,,,,,,,,,,,,,,,
case,354,DEU_LocationALower-11_56_T-1,15,R_G3,interstate,1.0,0.0,15,ok,True,true,success,0.7033693379999022,0.00121495299936214,0.8810849599994981,0.8822999129988602,0.07858542400026636,1.6839085970004817,2995,5013,59884,0.0381710329274938,0.009638547897338867,91.53867599106468,,,,,,,,,,,,,,,,,,,,,,
case,355,DEU_LocationALower-11_64_T-1,18,R_G3,interstate,1.0,0.0,18,ok,True,true,success,0.7567888940011471,0.0011078389998147031,0.06489860299916472,0.06600644199897943,0.08309352499964007,1.183653157999288,158,530,3160,0.0017331109684164403,0.009598970413208008,6.876408526914071,,,,,,,,,,,,,,,,,,,,,,
case,356,DEU_LocationALower-12_109_T-1,20,R_G3,interstate,1.0,0.0,20,ok,True,true,success,0.9788013519992091,0.0009011610000015935,0.08331151200036402,0.08421267300036561,0.08484861299984914,1.16676782399918,299,769,5964,0.003508333018544363,0.009456157684326172,8.905591024560675,,,,,,,,,,,,,,,,,,,,,,
case,357,DEU_LocationALower-12_167_T-1,12,R_G3,interstate,1.0,0.0,12,ok,True,true,success,0.760273245999997,0.000931705999391852,0.06784926699947391,0.06878097299886576,0.08719447699877492,0.9352438930000062,205,573,4100,0.002343027017559507,0.009250640869140625,7.435265726109141,,,,,,,,,,,,,,,,,,,,,,
case,358,DEU_LocationALower-12_217_T-1,14,R_G3,interstate,1.0,0.0,14,ok,True,true,success,0.763639286000398,0.0010277870005666045,0.16168948899940006,0.16271727599996666,0.0818686999991769,1.0281468220000534,767,1597,15324,0.008797098978902795,0.009537220001220703,17.061289975395333,,,,,,,,,,,,,,,,,,,,,,
case,359,DEU_LocationALower-12_52_T-1,26,R_G3,interstate,1.0,0.0,26,ok,True,true,success,0.9311181720004242,0.0010662279983080225,0.3039792880008463,0.3050455159991543,0.08700646100078302,1.3431554030012194,103,393,2044,0.24734292801804258,0.009340763092041016,32.657451323123105,,,,,,,,,,,,,,,,,,,,,,
case,360,DEU_LocationALower-13_162_T-1,21,R_G3,interstate,1.0,0.0,21,ok,True,true,success,0.9632944389995828,0.001057706000210601,0.0915705520001211,0.0926282580003317,0.09199431100023503,1.1672691170006146,339,868,6756,0.005074564849564922,0.009674072265625,9.574898290709367,,,,,,,,,,,,,,,,,,,,,,
case,361,DEU_LocationALower-13_167_T-1,17,R_G3,interstate,1.0,0.0,17,ok,True,true,success,0.945297930000379,0.0010096290006913478,0.6650592050009436,0.666068834001635,0.0866253490003146,1.7179254629991192,2403,4151,48060,0.030703574759172625,0.00900888442993164,73.9346629632243,,,,,,,,,,,,,,,,,,,,,,
case,362,DEU_LocationALower-13_168_T-1,12,R_G3,interstate,1.0,0.0,12,ok,True,true,success,0.9808098369994696,0.000917361001484096,0.08971034199930727,0.09062770300079137,0.0798105800004123,1.1709889979993022,342,842,6840,0.004490195009566378,0.009273529052734375,9.77273080026304,,,,,,,,,,,,,,,,,,,,,,
case,363,DEU_LocationALower-13_214_T-1,21,R_G3,interstate,1.0,0.0,21,ok,True,true,success,0.9847374790006143,0.001088741000785376,0.10717429400028777,0.10826303500107315,0.08735957200042321,1.19913903700035,445,1147,8884,0.005466699945827713,0.009115219116210938,11.877173068558829,,,,,,,,,,,,,,,,,,,,,,
case,364,DEU_LocationALower-13_239_T-1,18,R_G3,interstate,1.0,0.0,18,ok,True,true,success,0.9711812019995705,0.0009416989996680059,0.06320493200109922,0.06414663100076723,0.08274738699947193,1.1374267549999786,148,448,2960,0.0018393429782008752,0.009151697158813477,7.009260674561469,,,,,,,,,,,,,,,,,,,,,,
case,365,DEU_LocationALower-13_241_T-1,20,R_G3,interstate,1.0,0.0,20,ok,True,true,success,0.9409376300009171,0.0009335289996670326,0.055845418999524554,0.05677894799919159,0.08279917399886472,1.0995946459988772,94,353,1872,0.0011449149897089228,0.009641885757446289,5.888780413659436,,,,,,,,,,,,,,,,,,,,,,
case,366,DEU_LocationALower-13_247_T-1,15,R_G3,interstate,1.0,0.0,15,ok,True,true,success,0.91421136200006,0.0008787810002104379,0.6747849639996275,0.675663744999838,0.0890484440005821,1.6985649349990126,526,1193,10512,0.5600247170896182,0.009612798690795898,70.2879324464347,,,,,,,,,,,,,,,,,,,,,,
case,367,DEU_LocationALower-13_29_T-1,18,R_G3,interstate,1.0,0.0,18,ok,True,true,success,0.8557384480009205,0.0011443880011938745,0.05590701399887621,0.057051402000070084,0.09677482200095255,1.0286037049991137,76,272,1520,0.0017870719857455697,0.00914454460144043,6.238845616334297,,,,,,,,,,,,,,,,,,,,,,
case,368,DEU_LocationALower-13_56_T-1,10,R_G3,interstate,1.0,0.0,10,ok,True,true,success,0.8955735359995742,0.0010374850007792702,0.21338992200071516,0.21442740700149443,0.0871170490008808,1.2287663289989723,826,1696,16504,0.010863441919354955,0.009318351745605469,23.011302090267016,,,,,,,,,,,,,,,,,,,,,,
case,369,DEU_LocationALower-13_82_T-1,17,R_G3,interstate,1.0,0.0,17,ok,True,true,success,1.1965543869991961,0.0009528460013825679,0.07042446500054211,0.07137731100192468,0.08697260199915036,1.3740518640006485,161,498,3196,0.005287404010232422,0.009501457214355469,7.512248846848758,,,,,,,,,,,,,,,,,,,,,,
case,370,DEU_LocationALower-14_14_T-1,13,R_G3,interstate,1.0,0.0,13,ok,True,true,success,0.9365146950003691,0.0009079450010176515,0.5736433570000372,0.5745513020010549,0.08628745399983018,1.6160838220002915,2266,3944,45304,0.026456930947460933,0.00905466079711914,63.45365275128317,,,,,,,,,,,,,,,,,,,,,,
case,371,DEU_LocationALower-14_161_T-1,21,R_G3,interstate,1.0,0.0,21,ok,True,true,success,0.9594206199999462,0.0009167620009975508,0.18130678700072167,0.18222354900171922,0.11355177699988417,1.2748083709993807,894,1812,17864,0.010838561975106131,0.009579896926879883,19.02145194176618,,,,,,,,,,,,,,,,,,,,,,
case,372,DEU_LocationALower-14_219_T-1,12,R_G3,interstate,1.0,0.0,12,ok,True,true,success,0.9047066670009372,0.0009181400000670692,0.06510119999984454,0.06601933999991161,0.39807041800122533,1.3878333020002174,199,563,3980,0.0022167850747791817,0.008955001831054688,7.372342434477882,,,,,,,,,,,,,,,,,,,,,,
case,373,DEU_LocationALower-14_247_T-1,16,R_G3,interstate,1.0,0.0,16,ok,True,true,success,0.8458136690005631,0.0014580210008716676,0.059035389000200666,0.060493410001072334,0.0909346150001511,1.0274380149985518,69,283,1364,0.0015715250028733863,0.009155035018920898,6.60766560434224,,,,,,,,,,,,,,,,,,,,,,
case,374,DEU_LocationALower-14_252_T-1,12,R_G3,interstate,1.0,0.0,12,ok,True,true,success,0.7897183380009665,0.0014608609999413602,0.09424286899957224,0.0957037299995136,0.13152065600115748,1.0361449490010273,345,861,6900,0.005679695961589459,0.008936882019042969,10.708850110764056,,,,,,,,,,,,,,,,,,,,,,
case,375,DEU_LocationALower-14_255_T-1,11,R_G3,interstate,1.0,0.0,11,ok,True,true,success,0.7826853989990923,0.0011156309992657043,0.20078629800082126,0.20190192900008697,0.09558308799933002,1.100013019000471,989,1981,19780,0.013449445998048759,0.008789777755737305,22.970083500495857,,,,,,,,,,,,,,,,,,,,,,
case,376,DEU_LocationALower-14_39_T-1,15,R_G3,interstate,1.0,0.0,15,ok,True,true,success,1.2450912000003882,0.0010094080007547745,0.11767587400026969,0.11868528200102446,0.09912656300002709,1.4816397529993992,505,1160,10092,0.006595288848984637,0.010305166244506836,11.517066215626516,,,,,,,,,,,,,,,,,,,,,,
case,377,DEU_LocationALower-14_96_T-1,15,R_G3,interstate,1.0,0.0,15,ok,True,true,success,1.160251942999821,0.0014427980004256824,0.07042793499931577,0.07187073299974145,0.14826171200002136,1.409657875999983,202,635,4016,0.0022023429974069586,0.009185314178466797,7.824526369302485,,,,,,,,,,,,,,,,,,,,,,
case,378,DEU_LocationALower-25_155_T-1,15,R_G3,interstate,1.0,0.0,15,ok,True,true,success,0.838492872999268,0.0011296339998807525,0.16016289700019115,0.1612925310000719,0.08459382200089749,1.1065940759999648,703,1525,14044,0.009125414122536313,0.009209394454956055,17.513912753869718,,,,,,,,,,,,,,,,,,,,,,
case,379,DEU_LocationALower-27_140_T-1,14,R_G3,interstate,1.0,0.0,14,ok,True,true,success,1.058065223000085,0.0008485979997203685,0.0851288449994172,0.08597744299913757,0.08309730900145951,1.2530130190007185,133,411,2644,0.003143803989587468,0.009274005889892578,9.270798834928652,,,,,,,,,,,,,,,,,,,,,,
case,380,DEU_LocationALower-27_184_T-1,13,R_G3,interstate,1.0,0.0,13,ok,True,true,success,0.8528888540004118,0.0012796240007446613,0.05414156400001957,0.05542118800076423,0.08149382400006289,1.0095467289993394,49,189,980,0.0024431770070805214,0.009279012680053711,5.972746229768427,,,,,,,,,,,,,,,,,,,,,,
case,381,DEU_LocationALower-28_109_T-1,13,R_G3,interstate,1.0,0.0,13,ok,True,true,success,0.8499646509990271,0.0009540560004097642,0.22328086299967254,0.2242349190000823,0.08710706499914522,1.1808025230002386,1073,2112,21452,0.013569218952397932,0.00979161262512207,22.900713864513897,,,,,,,,,,,,,,,,,,,,,,
case,382,DEU_LocationALower-28_109_T-1,18,R_G3,interstate,1.0,0.0,18,ok,True,true,success,0.9985568329993839,0.0011489610005810391,0.07240829600050347,0.07355725700108451,0.0891576050016738,1.1807690379991982,227,619,4540,0.0037170590076129884,0.009037017822265625,8.139549843517221,,,,,,,,,,,,,,,,,,,,,,
case,383,DEU_LocationALower-28_204_T-1,12,R_G3,interstate,1.0,0.0,12,ok,True,true,success,1.2852513229991018,0.0010935339996649418,0.0565469689991005,0.05764050299876544,0.10024271799920825,1.4626445569992939,58,218,1160,0.0007943809960124781,0.010309219360351562,5.591160783758878,,,,,,,,,,,,,,,,,,,,,,
case,384,DEU_LocationALower-28_228_T-1,11,R_G3,interstate,1.0,0.0,11,ok,True,true,success,0.8479881339990243,0.00119213200014201,0.0643421840013616,0.06553431600150361,0.08839403400088486,1.0238372399999207,135,469,2684,0.0017427099774067756,0.009801387786865234,6.686228259361971,,,,,,,,,,,,,,,,,,,,,,
case,385,DEU_LocationALower-28_252_T-1,12,R_G3,interstate,1.0,0.0,12,ok,True,true,success,0.8870326060005027,0.0009642719996918458,0.16023649099952308,0.16120076299921493,0.08383849100027874,1.1519671189998917,736,1538,14704,0.009641626964366878,0.009084939956665039,17.74373455060121,,,,,,,,,,,,,,,,,,,,,,
case,386,DEU_LocationALower-28_252_T-1,18,R_G3,interstate,1.0,0.0,18,ok,True,true,success,1.2715653450013633,0.0009282840001105797,0.13807484899916744,0.13900313299927802,0.6276925890015264,2.057334367000294,652,1399,13032,0.008988649973616702,0.009197711944580078,15.112794772963964,,,,,,,,,,,,,,,,,,,,,,
case,387,DEU_LocationALower-29_123_T-1,16,R_G3,interstate,1.0,0.0,16,ok,True,true,success,1.0068478689991025,0.0010485919992788695,0.08779642800072907,0.08884502000000793,0.09360228400146298,1.2105806580002536,280,826,5584,0.003577314091671724,0.00956583023071289,9.28774793794211,,,,,,,,,,,,,,,,,,,,,,
case,388,DEU_LocationALower-29_134_T-1,9,R_G3,interstate,1.0,0.0,9,ok,True,true,success,1.2497950520009908,0.0008777740004006773,0.03317416400022921,0.03405193800062989,0.09043747200121288,1.3921782699999312,55,209,1084,0.0016126579757838044,0.008910655975341797,3.8214849832448747,,,,,,,,,,,,,,,,,,,,,,
case,389,DEU_LocationALower-29_192_T-1,9,R_G3,interstate,1.0,0.0,9,ok,True,true,success,0.8753014950016222,0.0009618080002837814,0.07536397999865585,0.07632578799893963,0.08249041199997009,1.3786902350002492,242,640,4824,0.0027217339866183465,0.009396791458129883,8.12253718080594,,,,,,,,,,,,,,,,,,,,,,
case,390,DEU_LocationALower-29_245_T-1,12,R_G3,interstate,1.0,0.0,12,ok,True,true,success,0.8874662259986508,0.0012284690001251874,0.07573412599958829,0.07696259499971347,0.08779598000000988,1.0727734770007373,251,669,5004,0.003826074907919974,0.010623931884765625,7.244266608116657,,,,,,,,,,,,,,,,,,,,,,
case,391,DEU_LocationALower-29_249_T-1,23,R_G3,interstate,1.0,0.0,23,ok,True,true,success,0.8356086090007011,0.0009855810003500665,0.08448794100149826,0.08547352200184832,0.10034549599913589,1.0405062179997913,293,747,5844,0.0037377490243670763,0.008835792541503906,9.673554647232608,,,,,,,,,,,,,,,,,,,,,,
case,392,DEU_LocationALower-29_250_T-1,12,R_G3,interstate,1.0,0.0,12,ok,True,true,success,0.8407397529990703,0.0010308809996786295,0.11762392400123645,0.11865480500091508,0.09229392700035532,1.071756748999178,501,1251,10004,0.007105975011654664,0.008760213851928711,13.544738405534607,,,,,,,,,,,,,,,,,,,,,,
case,393,DEU_LocationALower-29_65_T-1,8,R_G3,interstate,1.0,0.0,8,ok,True,true,success,0.8293685430016922,0.0011533239994605538,0.09838277900053072,0.09953610299999127,0.08490147100019385,1.0339901709994592,456,1062,9104,0.00607719003346574,0.010932683944702148,9.104452621464953,,,,,,,,,,,,,,,,,,,,,,
case,394,DEU_LocationALower-29_70_T-1,11,R_G3,interstate,1.0,0.0,11,ok,True,true,success,0.8020481730000029,0.0011083480003435398,0.07595964600113803,0.07706799400148157,0.10585683099998278,1.0049979089999397,319,797,6364,0.0037917279987595975,0.009110450744628906,8.4592953918243,,,,,,,,,,,,,,,,,,,,,,
case,395,DEU_LocationALower-30_218_T-1,16,R_G3,interstate,1.0,0.0,16,ok,True,true,success,0.8483503560000827,0.00123233500016795,0.096636372998546,0.09786870799871394,0.09148178000032203,1.0560844920000818,381,915,7604,0.005132501864864025,0.009601116180419922,10.193471900517455,,,,,,,,,,,,,,,,,,,,,,
case,396,DEU_LocationALower-30_258_T-1,22,R_G3,interstate,1.0,0.0,22,ok,True,true,success,1.273891704999187,0.0011193049995199544,0.43933590699998604,0.440455211999506,0.10143817199968908,1.8345817709996481,751,1573,15004,0.011322279966407223,0.009972333908081055,44.16771600904622,,,,,,,,,,,,,,,,,,,,,,
case,397,DEU_LocationALower-30_46_T-1,16,R_G3,interstate,1.0,0.0,16,ok,True,true,success,0.8514020999991772,0.001197549998323666,0.19121075499970175,0.19240830499802541,0.09483221099981165,1.1589812590009387,929,1867,18564,0.011363063042153954,0.00910806655883789,21.12504380101665,,,,,,,,,,,,,,,,,,,,,,
case,398,DEU_LocationALower-31_154_T-1,9,R_G3,interstate,1.0,0.0,9,ok,True,true,success,0.8649291649999213,0.0008512079984939191,0.033275432000664296,0.034126639999158215,0.10583907199907117,1.0236268010012282,46,170,920,0.0018430529980832944,0.007718801498413086,4.421235603244148,,,,,,,,,,,,,,,,,,,,,,
case,399,DEU_LocationALower-31_239_T-1,16,R_G3,interstate,1.0,0.0,16,ok,True,true,success,0.8858334899996407,0.0010556369998084847,0.23834591600098065,0.23940155300078914,0.09322192299987364,1.2391611210005067,1051,2071,21020,0.013601678096165415,0.008901357650756836,26.8949482083145,,,,,,,,,,,,,,,,,,,,,,
case,400,DEU_LocationALower-31_24_T-1,13,R_G3,interstate,1.0,0.0,13,ok,True,true,success,0.8955274559993995,0.00114913800098293,0.05857928899968101,0.05972842700066394,0.09102151099978073,1.0665991699988808,188,602,3744,0.0031424550506926607,0.009222745895385742,6.47620867778075,,,,,,,,,,,,,,,,,,,,,,
case,401,DEU_LocationALower-31_258_T-1,12,R_G3,interstate,1.0,0.0,12,ok,True,true,success,1.2081951220006886,0.0009507529994152719,0.22271083799932967,0.22366159099874494,0.08673620400077198,1.5388252490010927,882,1793,17632,0.019332365032823873,0.010697126388549805,20.908567672730513,,,,,,,,,,,,,,,,,,,,,,
case,402,DEU_LocationALower-31_31_T-1,15,R_G3,interstate,1.0,0.0,15,ok,True,true,success,0.9034223550006573,0.001234074999956647,0.24449673399976746,0.2457308089997241,0.09887617999993381,1.26938218199939,1099,2146,21972,0.013551903966799728,0.00897979736328125,27.36485012507378,,,,,,,,,,,,,,,,,,,,,,
case,403,DEU_LocationALower-31_47_T-1,13,R_G3,interstate,1.0,0.0,13,ok,True,true,success,0.8311708380006166,0.0009630840013414854,0.07842347400037397,0.07938655800171546,0.10072562499954074,1.0324383459992532,246,668,4904,0.002894037006626604,0.009600400924682617,8.269087783366706,,,,,,,,,,,,,,,,,,,,,,
case,404,DEU_LocationALower-32_117_T-1,17,R_G3,interstate,1.0,0.0,17,ok,True,true,success,0.8061265980013559,0.0009750729986990336,0.06132404700110783,0.06229911999980686,0.09427288799997768,0.9843056489989976,146,442,2920,0.0016084650051197968,0.009824037551879883,6.341498561137481,,,,,,,,,,,,,,,,,,,,,,
case,405,DEU_LocationALower-32_136_T-1,16,R_G3,interstate,1.0,0.0,16,ok,True,true,success,0.8209600879999925,0.0010578769997664494,0.06503666399839858,0.06609454099816503,0.10582227899976715,1.011465120000139,158,529,3152,0.0034403889385430375,0.009224176406860352,7.165359603162852,,,,,,,,,,,,,,,,,,,,,,
case,406,DEU_LocationALower-32_186_T-1,12,R_G3,interstate,1.0,0.0,12,ok,True,true,success,0.8398790940009349,0.0011230860000068787,0.10466659099984099,0.10578967699984787,0.09157626399974106,1.057716541001355,394,932,7864,0.007722273981926264,0.009307622909545898,11.365917810373471,,,,,,,,,,,,,,,,,,,,,,
case,407,DEU_LocationALower-32_70_T-1,14,R_G3,interstate,1.0,0.0,14,ok,True,true,success,0.837326180000673,0.0009971049985324498,0.5377807210006722,0.5387778259992047,0.10163418199954322,1.4967608740007563,896,1810,17904,0.3475454500749038,0.009815454483032227,54.89076709902519,,,,,,,,,,,,,,,,,,,,,,
case,408,DEU_LocationALower-32_84_T-1,13,R_G3,interstate,1.0,0.0,13,ok,True,true,success,0.8473390649996873,0.0012055409988533938,0.1229700160001812,0.1241755569990346,0.09790198700102337,1.0884370120002131,556,1282,11104,0.006294314933256828,0.009653329849243164,12.863494663322848,,,,,,,,,,,,,,,,,,,,,,
case,409,DEU_LocationALower-33_120_T-1,9,R_G3,interstate,1.0,0.0,9,ok,True,true,success,0.8654593890005344,0.0010179479995713336,0.042524864998995326,0.04354281299856666,0.1040166130005673,1.0338195259992062,60,222,1184,0.0008759340180404251,0.009989261627197266,4.358962115879997,,,,,,,,,,,,,,,,,,,,,,
case,410,DEU_LocationALower-33_124_T-1,21,R_G3,interstate,1.0,0.0,21,ok,True,true,success,0.885731554000813,0.0009431899998162407,0.059019615000579506,0.05996280500039575,0.10925028900055622,1.0760723229996074,253,681,5060,0.0030831080312054837,0.00932168960571289,6.432611204265688,,,,,,,,,,,,,,,,,,,,,,
case,411,DEU_LocationALower-33_128_T-1,6,R_G3,interstate,1.0,0.0,6,ok,True,true,success,1.1896867300001759,0.0009601380006643012,0.10179555600007006,0.10275569400073437,0.09580965299937816,1.4070449329992698,569,1268,11372,0.006574372031536768,0.009333372116088867,11.009492895242449,,,,,,,,,,,,,,,,,,,,,,
case,412,DEU_LocationALower-33_142_T-1,10,R_G3,interstate,1.0,0.0,10,ok,True,true,success,0.8785128939998685,0.0010317279993614648,0.035699068999747396,0.03673079699910886,0.12886118900132715,1.0643676049985515,80,263,1592,0.0009803390203160234,0.00792241096496582,4.636315530908251,,,,,,,,,,,,,,,,,,,,,,
case,413,DEU_LocationALower-33_16_T-1,12,R_G3,interstate,1.0,0.0,12,ok,True,true,success,0.8416667170004075,0.00109758399958082,0.11644930900001782,0.11754689299959864,0.10986637200039695,1.087642890999632,585,1343,11684,0.006787835871364223,0.009566307067871094,12.287593547397782,,,,,,,,,,,,,,,,,,,,,,
case,414,DEU_LocationALower-33_183_T-1,25,R_G3,interstate,1.0,0.0,25,ok,True,true,success,0.8406703399996331,0.0009586629985278705,0.03374241500023345,0.03470107799876132,0.47464768799909507,1.370394280000255,88,331,1752,0.0010831840118044056,0.009485960006713867,3.6581514126351973,,,,,,,,,,,,,,,,,,,,,,
case,415,DEU_LocationALower-33_219_T-1,8,R_G3,interstate,1.0,0.0,8,ok,True,true,success,0.8245504449987493,0.0012940950000484008,0.035474588001306984,0.036768683001355384,0.09276001200123574,0.9721239490008884,55,222,1092,0.0006817529938416556,0.008701324462890625,4.22564210289667,,,,,,,,,,,,,,,,,,,,,,
case,416,DEU_LocationALower-33_228_T-1,14,R_G3,interstate,1.0,0.0,14,ok,True,true,success,0.860033842998746,0.0013423790005617775,0.059312709998266655,0.06065508899882843,0.10648674900039623,1.0465756849989702,112,403,2232,0.0014284180469985586,0.008625030517578125,7.032449204117152,,,,,,,,,,,,,,,,,,,,,,
case,417,DEU_LocationALower-33_233_T-1,14,R_G3,interstate,1.0,0.0,14,ok,True,true,success,1.2391292419997626,0.000924897000004421,0.06130973499966785,0.062234631999672274,0.10209013899839192,1.4220095519995084,88,335,1752,0.0010281809663865715,0.00942230224609375,6.605034563126352,,,,,,,,,,,,,,,,,,,,,,
case,418,DEU_LocationALower-33_261_T-1,13,R_G3,interstate,1.0,0.0,13,ok,True,true,success,0.8712858800008689,0.0014238309995562304,0.07765821199973288,0.07908204299928911,0.10215260799850512,1.0720966890003183,239,721,4764,0.003137226027320139,0.009124517440795898,8.666983598026974,,,,,,,,,,,,,,,,,,,,,,
case,419,DEU_LocationALower-33_265_T-1,22,R_G3,interstate,1.0,0.0,22,ok,True,true,success,0.9809776849997434,0.001211312999657821,0.11712727200028894,0.11833858499994676,0.14533721800034982,1.2651872080004978,355,913,7084,0.005575968862103764,0.009373664855957031,12.624580334205328,,,,,,,,,,,,,,,,,,,,,,
case,420,DEU_LocationALower-33_46_T-1,17,R_G3,interstate,1.0,0.0,17,ok,True,true,success,0.8758395620006922,0.0009427950008102925,0.06009718499990413,0.06103998000071442,0.11057946700020693,1.067044226998405,100,332,2000,0.0012252409778739093,0.00995492935180664,6.131633670472685,,,,,,,,,,,,,,,,,,,,,,
case,421,DEU_LocationALower-33_96_T-1,9,R_G3,interstate,1.0,0.0,9,ok,True,true,success,0.8627661479986273,0.0009243049989891006,0.060510700999657274,0.061435005998646375,0.09585899900048389,1.0402344550002454,144,495,2872,0.0016872710039024241,0.009202003479003906,6.676264156911247,,,,,,,,,,,,,,,,,,,,,,
case,422,DEU_LocationALower-34_120_T-1,17,R_G3,interstate,1.0,0.0,17,ok,True,true,success,0.8434916629994405,0.0015843339988350635,0.06863681400136556,0.07022114800020063,0.09975036699870543,1.0344963509996887,199,628,3956,0.003397414990104153,0.009862661361694336,7.119898516736372,,,,,,,,,,,,,,,,,,,,,,
case,423,DEU_LocationALower-34_146_T-1,14,R_G3,interstate,1.0,0.0,14,ok,True,true,success,0.8687941999996838,0.0013350290009839227,0.0805503020001197,0.08188533100110362,0.09546561900060624,1.0649796919988148,269,699,5364,0.003051279010833241,0.008826732635498047,9.276969676388443,,,,,,,,,,,,,,,,,,,,,,
case,424,DEU_LocationALower-34_147_T-1,16,R_G3,interstate,1.0,0.0,16,ok,True,true,success,1.2046271939998405,0.0009322690002591116,0.07211379500040493,0.07304606400066405,0.10509241599902452,1.4015508850006881,140,482,2784,0.006738272022630554,0.009835243225097656,7.42697077528947,,,,,,,,,,,,,,,,,,,,,,
case,425,DEU_LocationALower-34_163_T-1,15,R_G3,interstate,1.0,0.0,15,ok,True,true,success,0.8795830809995095,0.0010458069991727825,0.07115938999959326,0.07220519699876604,0.10418329799904313,1.0753804380001384,163,486,3252,0.003310118072477053,0.011144638061523438,6.478918077030473,,,,,,,,,,,,,,,,,,,,,,
case,426,DEU_LocationALower-34_179_T-1,15,R_G3,interstate,1.0,0.0,15,ok,True,true,success,1.310479698000563,0.001500982998550171,0.12241090200041072,0.12391188499896089,0.15722811500017997,1.621487728001739,348,923,6952,0.005809077088997583,0.009576082229614258,12.939726500651853,,,,,,,,,,,,,,,,,,,,,,
case,427,DEU_LocationALower-34_37_T-1,9,R_G3,interstate,1.0,0.0,9,ok,True,true,success,0.9245802589994128,0.0009776779988897033,0.05873838099978457,0.05971605899867427,0.10559979199933878,1.109272746998613,202,558,4040,0.0024536590335628716,0.010027170181274414,5.9554249024508525,,,,,,,,,,,,,,,,,,,,,,
case,428,DEU_LocationALower-34_49_T-1,10,R_G3,interstate,1.0,0.0,10,ok,True,true,success,0.9175317789995461,0.0009601469992048806,0.4623240969995095,0.4632842439987144,0.10518080499969074,1.505199162000281,551,1233,11004,0.34108817297055793,0.009433746337890625,49.10925388548281,,,,,,,,,,,,,,,,,,,,,,
case,429,DEU_LocationALower-34_96_T-1,14,R_G3,interstate,1.0,0.0,14,ok,True,true,success,0.9333112269996491,0.001269479000256979,0.07109497599958559,0.07236445499984256,0.09522896899943589,1.1215310660008981,206,576,4104,0.002402452986643766,0.010009527206420898,7.229557751081621,,,,,,,,,,,,,,,,,,,,,,
case,430,DEU_LocationALower-35_126_T-1,20,R_G3,interstate,1.0,0.0,20,ok,True,true,success,0.8770411030000105,0.0010932000004686415,0.48946067199904064,0.4905538719995093,0.1063579479996406,1.4917875899991486,1903,3410,38052,0.023565260200484772,0.009569883346557617,51.26017258882956,,,,,,,,,,,,,,,,,,,,,,
case,431,DEU_LocationALower-35_263_T-1,12,R_G3,interstate,1.0,0.0,12,ok,True,true,success,0.8637773459995515,0.0010520769992581336,0.04470061499887379,0.04575269199813192,0.1000750719995267,1.0299354120015778,82,296,1624,0.0009769439875526587,0.009731292724609375,4.70160473977197,,,,,,,,,,,,,,,,,,,,,,
case,432,DEU_LocationALower-35_34_T-1,19,R_G3,interstate,1.0,0.0,19,ok,True,true,success,0.8240256689987291,0.0010906360002991278,0.13066751299993484,0.13175814900023397,0.10525711400077853,1.0802617369990912,512,1274,10224,0.008412722971115727,0.00969696044921875,13.587572073767637,,,,,,,,,,,,,,,,,,,,,,
case,433,DEU_LocationALower-36_113_T-1,14,R_G3,interstate,1.0,0.0,14,ok,True,true,success,0.8159885589993792,0.0010754220002127113,0.10401012800139142,0.10508555000160413,0.11197121000077459,1.053832194998904,419,997,8364,0.005632246984532685,0.009800910949707031,10.722018651209696,,,,,,,,,,,,,,,,,,,,,,
case,434,DEU_LocationALower-36_123_T-1,15,R_G3,interstate,1.0,0.0,15,ok,True,true,success,0.8147161439992487,0.0012976100006198976,0.063810009000008,0.06510761900062789,0.11542413300048793,1.0153390949999448,155,514,3092,0.0036089039840589976,0.009947061538696289,6.545412305668838,,,,,,,,,,,,,,,,,,,,,,
case,435,DEU_LocationALower-36_199_T-1,19,R_G3,interstate,1.0,0.0,19,ok,True,true,success,0.8122477530014294,0.0011087729999417206,0.20020852699963143,0.20131729999957315,0.09896624100110785,1.133351381000466,870,1920,17384,0.010348062040065997,0.008774757385253906,22.942776781257734,,,,,,,,,,,,,,,,,,,,,,
case,436,DEU_LocationALower-36_208_T-1,8,R_G3,interstate,1.0,0.0,8,ok,True,true,success,0.8928388490003272,0.0008179870001185918,0.032006305000322754,0.032824292000441346,0.10941935300070327,1.054643120000037,109,317,2180,0.0014388880281330785,0.006698131561279297,4.900514673404255,,,,,,,,,,,,,,,,,,,,,,
case,437,DEU_LocationALower-36_236_T-1,6,R_G3,interstate,1.0,0.0,6,ok,True,true,success,0.8320180890004849,0.0008984059986687498,0.028531580001072143,0.029429985999740893,0.09465613799875428,0.9763237299994216,86,252,1704,0.001022059996103053,0.0060176849365234375,4.890582725778812,,,,,,,,,,,,,,,,,,,,,,
case,438,DEU_LocationALower-36_263_T-1,15,R_G3,interstate,1.0,0.0,15,ok,True,true,success,0.8950704979997681,0.0011661919998005033,0.32280922000063583,0.32397541200043634,0.10198764200140431,1.3415652200001205,1406,2629,28112,0.017384063792633242,0.009646892547607422,33.583395938289705,,,,,,,,,,,,,,,,,,,,,,
case,439,DEU_LocationALower-36_269_T-1,18,R_G3,interstate,1.0,0.0,18,ok,True,true,success,0.8534391520006466,0.000985026001217193,0.15972641099870089,0.16071143699991808,0.10917291500118154,1.144069338999543,710,1506,14200,0.00986775100500381,0.009224176406860352,17.42284946766534,,,,,,,,,,,,,,,,,,,,,,
case,440,DEU_LocationALower-36_291_T-1,13,R_G3,interstate,1.0,0.0,13,ok,True,true,success,0.8392093109996495,0.000997187000393751,0.059370171000409755,0.060367358000803506,0.10574150499996904,1.0259259890008252,93,363,1844,0.0011302070088277105,0.008927106857299805,6.762253321908024,,,,,,,,,,,,,,,,,,,,,,
case,441,DEU_LocationALower-36_61_T-1,9,R_G3,interstate,1.0,0.0,9,ok,True,true,success,0.8954960579994804,0.0010227970014966559,0.06266096099898277,0.06368375800047943,0.11425475199939683,1.0940538869999727,217,667,4324,0.002830326038747444,0.009741544723510742,6.537336716915315,,,,,,,,,,,,,,,,,,,,,,
case,442,DEU_LocationALower-37_121_T-1,16,R_G3,interstate,1.0,0.0,16,ok,True,true,success,0.817445441000018,0.0009948770002665697,0.059237470999505604,0.06023234799977217,0.11253563399986888,1.0097499710009288,79,306,1572,0.0018859260126191657,0.00968480110168457,6.2192653589236215,,,,,,,,,,,,,,,,,,,,,,
case,443,DEU_LocationALower-37_1_T-1,11,R_G3,interstate,1.0,0.0,11,ok,True,true,success,1.2587255450016528,0.0016866129990376066,0.07488616999944497,0.07657278299848258,0.09862878000058117,1.4554095709991088,309,775,6164,0.007432655907905428,0.008906364440917969,8.597535336269072,,,,,,,,,,,,,,,,,,,,,,
case,444,DEU_LocationALower-37_205_T-1,15,R_G3,interstate,1.0,0.0,15,ok,True,true,success,1.1945864499994059,0.0010360529995523393,0.0658413790006307,0.06687743200018303,0.11068453900043096,1.389681873999507,174,564,3464,0.0018693800084292889,0.009653091430664062,6.92808438421497,,,,,,,,,,,,,,,,,,,,,,
case,445,DEU_LocationALower-37_231_T-1,23,R_G3,interstate,1.0,0.0,23,ok,True,true,success,0.8553134699996008,0.001092133001293405,0.057523531999322586,0.05861566500061599,0.12000356799944711,1.0546693359992787,94,317,1872,0.0011712339928635629,0.009392023086547852,6.241005208406155,,,,,,,,,,,,,,,,,,,,,,
case,446,DEU_LocationALower-37_235_T-1,8,R_G3,interstate,1.0,0.0,8,ok,True,true,success,0.8738460909989954,0.0010315679992345395,0.048559466000369866,0.049591033999604406,0.10664276200077438,1.0479787470012525,212,554,4224,0.0022957130131544545,0.009291887283325195,5.337024921578445,,,,,,,,,,,,,,,,,,,,,,
case,447,DEU_LocationALower-37_240_T-1,8,R_G3,interstate,1.0,0.0,8,ok,True,true,success,0.9450039090006612,0.001219106999997166,0.046333360000062385,0.04755246700005955,0.10234192299867573,1.1139361200002895,102,344,2024,0.0012963529788976302,0.009636640548706055,4.934548171607852,,,,,,,,,,,,,,,,,,,,,,
case,448,DEU_LocationALower-37_4_T-1,22,R_G3,interstate,1.0,0.0,22,ok,True,true,success,0.9169312499998341,0.0009665819998190273,0.0933567909996782,0.09432337299949722,0.11324826499912888,1.1440803210007289,334,820,6664,0.004876176983088953,0.009253978729248047,10.192737173836328,,,,,,,,,,,,,,,,,,,,,,
case,449,DEU_AachenBendplatz-1_102160_T-2179,10130,R_IN1,intersection,1.0,0.0,10130,ok,True,true,success,7.4626079209992895,0.0006347239996102871,0.18250794599953224,0.18314266999914253,0.503306711998448,8.167546994998702,1493,2502,28200,0.015490169749682536,0.009018421173095703,20.307619979592964,,,,,,,,,,,,,,,,,,,,,,
case,450,DEU_AachenBendplatz-1_102260_T-2279,10142,R_IN1,intersection,1.0,2.0,,error,,false,setup_error,,,,,,7.571029613000064,,,,,0.0071141719818115234,,"ValueError: adapter requires ego start_time=0, got 2",,,,,,,,,,,,,,,,,,,,,
case,451,DEU_AachenBendplatz-1_102320_T-2339,10147,R_IN1,intersection,1.0,0.0,10147,ok,True,true,success,7.382367639000222,0.0010461839992785826,0.423222020999674,0.42426820499895257,0.5017074309998861,8.326612389999354,3331,4942,61424,0.03399891747721995,0.01116180419921875,38.010719183610874,,,,,,,,,,,,,,,,,,,,,,
case,452,DEU_AachenBendplatz-1_102720_T-2739,10169,R_IN1,intersection,1.0,0.0,10169,ok,True,true,success,7.439469532999283,0.0008504529996571364,0.08022807199995441,0.08107852499961155,0.5070700100004615,8.04688121900108,722,1250,11920,0.0065250630941591226,0.006113767623901367,13.261630141557957,,,,,,,,,,,,,,,,,,,,,,
case,453,DEU_AachenBendplatz-1_10700_T-719,10051,R_IN1,intersection,1.0,0.0,10051,ok,True,true,success,7.413806364000266,0.0007365830006165197,0.3211222350000753,0.3218588180006918,0.48979513500125904,8.245977819000473,1660,2614,28040,0.01579393611245905,0.012127876281738281,26.53876165321172,,,,,,,,,,,,,,,,,,,,,,
case,454,DEU_AachenBendplatz-1_111320_T-1339,10087,R_IN1,intersection,1.0,0.0,10087,ok,True,true,success,7.534035237998978,0.0006804770000599092,0.04664560600031109,0.047326083000371,0.5057821330010484,8.105468736001058,640,942,8320,0.004918132097373018,0.006693363189697266,7.070598391137283,,,,,,,,,,,,,,,,,,,,,,
case,455,DEU_AachenBendplatz-1_113180_T-3199,10211,R_IN1,intersection,1.0,0.0,10211,ok,True,true,success,7.792382462001115,0.00079468299918517,0.0827026160004607,0.08349729899964586,0.49680391199945007,8.391023118998419,828,1340,12844,0.007070761083014077,0.006102800369262695,13.681800804133713,,,,,,,,,,,,,,,,,,,,,,
case,456,DEU_AachenBendplatz-1_113620_T-3639,10245,R_IN1,intersection,1.0,0.0,10245,ok,True,true,success,7.716934313999445,0.000983371999609517,0.006755728998541599,0.007739100998151116,0.7448615199991764,8.500351524999132,37,128,520,0.0005012030069337925,0.0081634521484375,0.9480181738594982,,,,,,,,,,,,,,,,,,,,,,
case,457,DEU_AachenBendplatz-1_113760_T-3779,10254,R_IN1,intersection,1.0,0.0,10254,ok,True,true,success,7.716597697999532,0.0008847290009725839,0.10614598100073636,0.10703071000170894,0.6939125320004678,8.537003036999522,1233,1955,19656,0.012218641033541644,0.007588863372802734,14.103654887936155,,,,,,,,,,,,,,,,,,,,,,
case,458,DEU_AachenBendplatz-1_113780_T-3799,10256,R_IN1,intersection,1.0,0.0,10256,ok,True,true,success,8.01856762100033,0.0005349090006347978,0.11791888699917763,0.11845379599981243,0.5868175319992588,8.743151732000115,1356,2086,21572,0.012245243082361412,0.00899505615234375,13.16876670847109,,,,,,,,,,,,,,,,,,,,,,
case,459,DEU_AachenBendplatz-1_11500_T-519,10043,R_IN1,intersection,1.0,0.0,10043,ok,True,true,success,7.417119973999434,0.000593684999330435,0.03972741800134827,0.040321103000678704,0.5046826260004309,7.981166184999893,456,850,7584,0.005358584994610283,0.007276296615600586,5.541432012849658,,,,,,,,,,,,,,,,,,,,,,
case,460,DEU_AachenBendplatz-1_122260_T-2279,10128,R_IN1,intersection,1.0,0.0,10128,ok,True,true,success,7.4352349340006185,0.0010831679992406862,0.10258352900018508,0.10366669699942577,0.5031734599997435,8.062395775999903,1176,1823,18284,0.01070936992073257,0.0067822933197021484,15.28490321972368,,,,,,,,,,,,,,,,,,,,,,
case,461,DEU_AachenBendplatz-1_123940_T-3959,10258,R_IN1,intersection,1.0,0.0,10258,ok,True,true,success,7.751930784999786,0.0007283529994310811,0.03344126599949959,0.03416961899893067,0.5049228640000365,8.31115859700003,445,719,6016,0.0049752409522625385,0.00973653793334961,3.509421853315317,,,,,,,,,,,,,,,,,,,,,,
case,462,DEU_AachenBendplatz-1_124040_T-4059,10264,R_IN1,intersection,1.0,0.0,10264,ok,True,true,success,8.513643062999108,0.0008159270000760444,0.08202476699989347,0.08284069399996952,0.6823897989997931,9.309033550000095,986,1526,14268,0.008614557144028367,0.010267257690429688,8.068434288659859,,,,,,,,,,,,,,,,,,,,,,
case,463,DEU_AachenBendplatz-1_124320_T-4339,10290,R_IN1,intersection,1.0,0.0,10290,ok,True,true,success,7.499525778001043,0.0012509579992183717,0.31760691000090446,0.31885786800012283,0.6682627660011349,8.50641523000013,1757,2710,31008,0.02829940477022319,0.010044097900390625,31.745794511592937,,,,,,,,,,,,,,,,,,,,,,
case,464,DEU_AachenBendplatz-1_124700_T-4719,10320,R_IN1,intersection,1.0,0.0,10320,ok,False,false,validation_failed,8.09106426299877,0.0009402760006196331,0.0784789589997672,0.07941923500038683,0.7380300219992932,8.92786180999974,600,1106,10272,0.006213215849129483,0.009212493896484375,8.620818194592715,,,,,,,,,,,,,,,,,,,,,,
case,465,DEU_AachenBendplatz-1_125580_T-5599,10402,R_IN1,intersection,1.0,0.0,10402,ok,True,true,success,8.35202740800014,0.0011391500011086464,0.12554340899987437,0.12668255900098302,0.5206810920008138,9.018490666998332,1300,2049,22144,0.014521269195029163,0.007002115249633789,18.092041402433146,,,,,,,,,,,,,,,,,,,,,,
case,466,DEU_AachenBendplatz-1_12640_T-659,10034,R_IN1,intersection,1.0,0.0,10034,ok,True,true,success,8.169145505000415,0.0008867119995557005,0.4530935919992771,0.4539803039988328,0.5161007869992318,9.160089021001113,1630,2496,26948,0.015728217040305026,0.00788116455078125,57.60320077999518,,,,,,,,,,,,,,,,,,,,,,
case,467,DEU_AachenBendplatz-1_12700_T-719,10035,R_IN1,intersection,1.0,0.0,10035,ok,True,true,success,8.122872460000508,0.0008609400010755053,0.023636175001229276,0.02449711500230478,0.518119623999155,8.685408839999582,295,536,3976,0.0023692860449955333,0.010744333267211914,2.280003271776921,,,,,,,,,,,,,,,,,,,,,,
case,468,DEU_AachenBendplatz-1_132180_T-2199,10158,R_IN1,intersection,1.0,0.0,10158,ok,True,true,success,9.337812346999272,0.0009912530003930442,0.20958594199873914,0.2105771949991322,0.5425098549985705,10.112279150000177,1789,2851,32688,0.021941946928563993,0.008950948715209961,23.52568444966146,,,,,,,,,,,,,,,,,,,,,,
case,469,DEU_AachenBendplatz-1_132580_T-2599,10183,R_IN1,intersection,1.0,0.0,10183,ok,True,true,success,8.196830761000456,0.0010014910003519617,0.238711455000157,0.23971294600050896,0.5153340090000711,8.97041527500005,2186,3357,39060,0.021358842013796675,0.009073019027709961,26.420416982307678,,,,,,,,,,,,,,,,,,,,,,
case,470,DEU_AachenBendplatz-1_132600_T-2619,10185,R_IN1,intersection,1.0,0.0,10185,ok,True,true,success,8.885492243000044,0.0010787390001496533,0.12566064299971913,0.12673938199986878,0.5350491970002622,9.566781138000806,1396,2144,22324,0.013060510818831972,0.007773637771606445,16.303741661695373,,,,,,,,,,,,,,,,,,,,,,
case,471,DEU_AachenBendplatz-1_133320_T-3339,10229,R_IN1,intersection,1.0,0.0,10229,ok,True,true,success,8.400121310000031,0.0011906479994649999,0.144849061000059,0.146039708999524,0.5434351330004574,9.109057608999137,1116,1806,18816,0.010380354004155379,0.00680088996887207,21.4736173747779,,,,,,,,,,,,,,,,,,,,,,
case,472,DEU_AachenBendplatz-1_134380_T-4399,10309,R_IN1,intersection,1.0,0.0,10309,ok,True,true,success,11.157985254998493,0.0010529849987506168,0.7919650959993305,0.7930180809980811,0.5413478589998704,12.511938511001063,2872,4311,52180,0.03011473080914584,0.010558843612670898,75.1046336216627,,,,,,,,,,,,,,,,,,,,,,
case,473,DEU_AachenBendplatz-1_134560_T-4579,10319,R_IN1,intersection,1.0,0.0,10319,ok,True,true,success,7.78561910299868,0.0015653890004614368,0.21680164200006402,0.21836703100052546,4.3436988389985345,12.369132472000274,1753,2690,29672,0.016622357808955712,0.007905721664428711,27.621391223909885,,,,,,,,,,,,,,,,,,,,,,
case,474,DEU_AachenBendplatz-1_134900_T-4919,10351,R_IN1,intersection,1.0,0.0,10351,ok,True,true,success,10.148291079998671,0.0040233260006061755,0.6752553669994086,0.6792786930000148,2.40266864700061,13.41682437199961,882,1375,12524,0.08206919508302235,0.008631467819213867,78.69793495469254,,,,,,,,,,,,,,,,,,,,,,
case,475,DEU_AachenBendplatz-1_13540_T-559,10040,R_IN1,intersection,1.0,0.0,10040,ok,True,true,success,9.882876798001234,0.004689577001045109,0.9182309079988045,0.9229204849998496,2.307273226999314,13.294475397999122,1120,1741,16792,0.09999991707809386,0.009088277816772461,101.55064618475849,,,,,,,,,,,,,,,,,,,,,,
case,476,DEU_AachenBendplatz-1_13840_T-859,10063,R_IN1,intersection,1.0,0.0,10063,ok,True,true,success,14.64441589800117,0.0018271399985678727,0.5793949529997917,0.5812220929983596,1.2925503010010289,16.57246934399882,2387,3631,42120,0.05026244042710459,0.01060342788696289,54.81454669135656,,,,,,,,,,,,,,,,,,,,,,
case,477,DEU_AachenBendplatz-1_141540_T-1559,10095,R_IN1,intersection,1.0,0.0,10095,ok,True,true,success,14.199629407999964,0.0009931639997375896,0.13603586700082815,0.13702903100056574,1.1393198999994638,15.513928536000094,872,1366,12636,0.01489779086659837,0.00827789306640625,16.553612121019494,,,,,,,,,,,,,,,,,,,,,,
case,478,DEU_AachenBendplatz-1_141960_T-1979,10140,R_IN1,intersection,1.0,0.0,10140,ok,True,true,success,13.445570890000454,0.0011880839992954861,0.5238115009997273,0.5249995849990228,1.0929482890005602,15.098029446999135,2437,3738,43216,0.04724565295873617,0.012253999710083008,42.84312040313134,,,,,,,,,,,,,,,,,,,,,,
case,479,DEU_AachenBendplatz-1_143020_T-3039,10228,R_IN1,intersection,1.0,0.0,10228,ok,True,true,success,14.312860072999683,0.0016029660000640433,0.03969801399944117,0.041300979999505216,1.5061146850002842,15.920308295000723,174,269,2176,0.003977158976340434,0.008244514465332031,5.009510283859015,,,,,,,,,,,,,,,,,,,,,,
case,480,DEU_AachenBendplatz-1_143120_T-3139,10231,R_IN1,intersection,1.0,0.0,10231,ok,True,true,success,14.653814888999477,0.0015549100007774541,0.2133175079998182,0.21487241800059564,1.3137502070003393,16.225183993001338,998,1619,16236,0.016820513921629754,0.007634878158569336,28.14352941041034,,,,,,,,,,,,,,,,,,,,,,
case,481,DEU_AachenBendplatz-1_143500_T-3519,10266,R_IN1,intersection,1.0,0.0,10266,ok,True,true,success,16.037842031000764,0.0016282749984384282,0.3063049869997485,0.30793326199818694,1.134490487000221,17.51712581099855,1518,2357,24624,0.025522346040816046,0.008998394012451172,34.22091337321932,,,,,,,,,,,,,,,,,,,,,,
case,482,DEU_AachenBendplatz-1_14360_T-379,10028,R_IN1,intersection,1.0,0.0,10028,ok,True,true,success,13.213564005998705,0.0013164770007279003,0.6216520170000877,0.6229684940008156,1.3506213150012627,15.225225124000644,2589,3934,46972,0.054141816985065816,0.010586023330688477,58.84820716338814,,,,,,,,,,,,,,,,,,,,,,
case,483,DEU_AachenBendplatz-1_143920_T-3939,10304,R_IN1,intersection,1.0,0.0,10304,ok,True,true,success,11.291341853999256,0.0015130289993976476,0.8240266430002521,0.8255396719996497,1.0087167780002346,13.16017030600051,3227,4791,60272,0.06327473279270635,0.010566949844360352,78.12468916375576,,,,,,,,,,,,,,,,,,,,,,
case,484,DEU_AachenBendplatz-1_144920_T-4939,10367,R_IN1,intersection,1.0,0.0,10367,ok,True,true,success,15.346645502999309,0.0015929820001474582,0.06315577200075495,0.06474875400090241,1.3789972470003704,16.826371782000933,360,639,5008,0.005866384082764853,0.0075702667236328125,8.5530347033573,,,,,,,,,,,,,,,,,,,,,,
case,485,DEU_AachenBendplatz-1_151840_T-1859,10125,R_IN1,intersection,1.0,0.0,10125,ok,True,true,success,11.983514931000173,0.0015622430000803433,0.4089652479997312,0.41052749099981156,1.0117663930013805,13.445351598000343,1409,2218,24588,0.026629143079844653,0.008415460586547852,48.782533858698294,,,,,,,,,,,,,,,,,,,,,,
case,486,DEU_AachenBendplatz-1_153320_T-3339,10220,R_IN1,intersection,1.0,0.0,10220,ok,True,true,success,11.040431573001115,0.0015414879999298137,0.11040071000024909,0.1119421980001789,1.279505684000469,12.464330032000362,773,1154,10520,0.012781551957232296,0.006391286849975586,17.514813624834648,,,,,,,,,,,,,,,,,,,,,,
case,487,DEU_AachenBendplatz-1_153880_T-3899,10242,R_IN1,intersection,1.0,0.0,10242,ok,True,true,success,14.65031643399925,0.0019788549998338567,0.2119842489992152,0.21396310399904905,1.067803415000526,15.967249874998743,1132,1768,17304,0.01933538199227769,0.007585763931274414,28.205874311079846,,,,,,,,,,,,,,,,,,,,,,
case,488,DEU_AachenBendplatz-1_154400_T-4419,10278,R_IN1,intersection,1.0,0.0,10278,ok,True,true,success,13.19349510199936,0.0015366589996119728,0.16751028999897244,0.1690469489985844,1.2992704490006872,14.698950361998868,763,1296,12644,0.01474536695968709,0.006131410598754883,27.57064565744677,,,,,,,,,,,,,,,,,,,,,,
case,489,DEU_AachenBendplatz-1_154520_T-4539,10285,R_IN1,intersection,1.0,0.0,10285,ok,True,true,success,12.457186122999701,0.0015700110016041435,0.1387849599996116,0.14035497100121574,1.4077763929999492,14.039215914999659,895,1443,13020,0.014978242908910033,0.009717464447021484,14.443579574323646,,,,,,,,,,,,,,,,,,,,,,
case,490,DEU_AachenBendplatz-1_155320_T-5339,10335,R_IN1,intersection,1.0,0.0,10335,ok,True,true,success,14.392335697000817,0.0010312889990018448,0.02274604400008684,0.023777332999088685,1.3632795240009727,15.815872932000275,190,335,2424,0.0027872699338331586,0.009977102279663086,2.3831902623225,,,,,,,,,,,,,,,,,,,,,,
case,491,DEU_AachenBendplatz-1_161380_T-1399,10106,R_IN1,intersection,1.0,0.0,10106,ok,True,true,success,13.76100185499854,0.002205750000939588,0.0266343200000847,0.028840070001024287,1.4221538750007312,15.253093588999036,174,271,2168,0.003122386031463975,0.006272077560424805,4.598168584999284,,,,,,,,,,,,,,,,,,,,,,
case,492,DEU_AachenBendplatz-1_162800_T-2819,10214,R_IN1,intersection,1.0,0.0,10214,ok,True,true,success,13.786625704000471,0.0014708299986523343,0.13091177900059847,0.1323826089992508,1.0577403549996234,15.018017427000814,822,1250,11396,0.014257610997447046,0.01140904426574707,11.603304003009082,,,,,,,,,,,,,,,,,,,,,,
case,493,DEU_AachenBendplatz-1_163620_T-3639,10262,R_IN1,intersection,1.0,0.0,10262,ok,True,true,success,12.043687731000318,0.0018077860004268587,0.04351798899915593,0.04532577499958279,1.2118452780014195,13.356942749000154,193,345,2500,0.004295164973882493,0.011286020278930664,4.016099021565585,,,,,,,,,,,,,,,,,,,,,,
case,494,DEU_AachenBendplatz-1_163720_T-3739,10270,R_IN1,intersection,1.0,0.0,10270,ok,True,true,success,13.723953852000705,0.0013642570011143107,0.20354275000136113,0.20490700700247544,1.143117875999451,15.109744580000552,1112,1808,18820,0.020807234153835452,0.01174306869506836,17.44918745885635,,,,,,,,,,,,,,,,,,,,,,
case,495,DEU_AachenBendplatz-1_171180_T-1199,10090,R_IN1,intersection,1.0,0.0,10090,ok,True,true,success,12.68149056099901,0.00136424700031057,0.41771143300138647,0.41907568000169704,1.0438276980003138,14.178471360999538,2155,3251,37200,0.03793807014153572,0.009523630142211914,44.00377521426556,,,,,,,,,,,,,,,,,,,,,,
case,496,DEU_AachenBendplatz-1_171380_T-1399,10107,R_IN1,intersection,1.0,0.0,10107,ok,True,true,success,12.03832590699858,0.002263430000311928,0.46655741300128284,0.46882084300159477,1.0189307830005419,13.56346732700149,610,907,7944,0.010310372072126484,0.006757020950317383,69.38277185296782,,,,,,,,,,,,,,,,,,,,,,
case,497,DEU_AachenBendplatz-1_171600_T-1619,10125,R_IN1,intersection,1.0,0.0,10125,ok,True,true,success,13.71071236899843,0.0029600840007333318,0.004400423000333831,0.0073605070010671625,1.0465349599999172,14.800045190000674,21,63,260,0.00030323598548420705,0.007523298263549805,0.9783617162606244,,,,,,,,,,,,,,,,,,,,,,
case,498,DEU_AachenBendplatz-1_172060_T-2079,10157,R_IN1,intersection,1.0,0.0,10157,ok,True,true,success,12.827577357000337,0.0015138430007937131,0.09340073899875279,0.0949145819995465,1.0594361820003542,14.018812580001395,476,864,7360,0.008096637980997912,0.00629734992980957,15.072146705751935,,,,,,,,,,,,,,,,,,,,,,
case,499,DEU_AachenBendplatz-1_172260_T-2279,10176,R_IN1,intersection,1.0,0.0,10176,ok,True,true,success,13.373057261000213,0.0017527649997646222,0.21016084300026705,0.21191360800003167,1.4536556439998094,15.092672185999618,908,1355,12656,0.02134707697405247,0.00980997085571289,21.60185907959376,,,,,,,,,,,,,,,,,,,,,,
case,500,DEU_AachenBendplatz-1_173000_T-3019,10220,R_IN1,intersection,1.0,0.0,10220,ok,True,true,success,12.898774764998961,0.001214453999637044,0.05132411799968395,0.05253857199932099,1.1935532600000442,14.17904709100003,388,602,5008,0.005666505969202262,0.006098747253417969,8.61464983154965,,,,,,,,,,,,,,,,,,,,,,
case,501,DEU_AachenBendplatz-1_174820_T-4839,10347,R_IN1,intersection,1.0,0.0,10347,ok,True,true,success,12.856890129000021,0.0012338440010353224,0.39471048100131156,0.3959443250023469,1.1080090400009794,14.39526258099977,482,824,7064,0.007889480999438092,0.006349086761474609,62.36240578800764,,,,,,,,,,,,,,,,,,,,,,
case,502,DEU_AachenBendplatz-1_1760_T-79,10004,R_IN1,intersection,1.0,0.0,10004,ok,True,true,success,11.800097882000046,0.0014913889990566531,0.056489739999960875,0.05798112899901753,1.477687642998717,13.368942563000019,415,665,5480,0.005852576909092022,0.005308866500854492,10.921564704948812,,,,,,,,,,,,,,,,,,,,,,
case,503,DEU_AachenBendplatz-1_7140_T-159,10021,R_IN1,intersection,1.0,8.0,,error,,false,setup_error,,,,,,11.30255803,,,,,0.008649587631225586,,"ValueError: adapter requires ego start_time=0, got 8",,,,,,,,,,,,,,,,,,,,,
case,504,DEU_AachenBendplatz-1_71480_T-1499,10069,R_IN1,intersection,1.0,0.0,10069,ok,True,true,success,12.820589969000139,0.0014294979991973378,1.0208107140006177,1.022240211999815,1.392435072999433,15.289289184000154,2977,4400,54376,0.0794177589687024,0.009921073913574219,103.03725392078421,,,,,,,,,,,,,,,,,,,,,,
case,505,DEU_AachenBendplatz-1_71760_T-1779,10074,R_IN1,intersection,1.0,0.0,10074,ok,True,true,success,12.652005711999664,0.0022249150006246055,0.03712730199913494,0.03935221699975955,1.3543275280007947,14.081195646000197,342,548,4368,0.004442421000931063,0.0067174434661865234,5.8582133512319245,,,,,,,,,,,,,,,,,,,,,,
case,506,DEU_AachenBendplatz-1_7180_T-199,10023,R_IN1,intersection,1.0,0.0,10023,ok,True,true,success,15.150994085001003,0.0015520300003117882,0.2928337100001954,0.2943857400005072,1.3146518590001506,16.7975506519997,1316,2024,20740,0.025666636111054686,0.007455110549926758,39.48777661028774,,,,,,,,,,,,,,,,,,,,,,
case,507,DEU_AachenBendplatz-1_73340_T-3359,10133,R_IN1,intersection,1.0,2.0,,error,,false,setup_error,,,,,,13.680337064000923,,,,,0.0055577754974365234,,"ValueError: adapter requires ego start_time=0, got 2",,,,,,,,,,,,,,,,,,,,,
case,508,DEU_AachenBendplatz-1_73920_T-3939,10153,R_IN1,intersection,1.0,0.0,10153,ok,True,true,success,12.017349890998958,0.0013062039997748798,0.32099962500069523,0.3223058290004701,1.238635787000021,13.614710112000466,1691,2628,28132,0.031785146180482116,0.009978771209716797,32.29915008840225,,,,,,,,,,,,,,,,,,,,,,
case,509,DEU_AachenBendplatz-1_74540_T-4559,10176,R_IN1,intersection,1.0,0.0,10176,ok,True,true,success,11.829011073999936,0.002125381999576348,0.06181135100086976,0.06393673300044611,1.0551285409983393,12.983438959001433,495,756,6424,0.008428647084656404,0.009624242782592773,6.643300095887808,,,,,,,,,,,,,,,,,,,,,,
case,510,DEU_AachenBendplatz-1_75140_T-5159,10203,R_IN1,intersection,1.0,0.0,10203,ok,False,false,validation_failed,11.24909555999875,0.002318576998732169,0.015804935999767622,0.01812351299849979,1.0934839419987838,12.397184607001691,92,224,1240,0.0013196209856687346,0.006205081939697266,2.9207532107761343,,,,,,,,,,,,,,,,,,,,,,
case,511,DEU_AachenBendplatz-1_81000_T-1019,10078,R_IN1,intersection,1.0,0.0,10078,ok,True,true,success,12.025579008999557,0.0016513800001121126,0.2686440790002962,0.2702954590004083,1.4431378449990007,13.79522793599972,1092,1719,16648,0.029002554141698056,0.007279157638549805,37.13279371351245,,,,,,,,,,,,,,,,,,,,,,
case,512,DEU_AachenBendplatz-1_81940_T-1959,10157,R_IN1,intersection,1.0,0.0,10157,ok,True,true,success,15.121307837000131,0.0016263580000668298,0.8402035449998948,0.8418299029999616,1.090777467999942,17.09025889000077,2012,3063,34264,0.03819352708342194,0.010445117950439453,80.59553822123604,,,,,,,,,,,,,,,,,,,,,,
case,513,DEU_AachenBendplatz-1_83340_T-3359,10255,R_IN1,intersection,1.0,0.0,10255,ok,True,true,success,12.576037218999772,0.0017254520007554675,0.7956111599996802,0.7973366120004357,1.3377021979995334,14.747421154999756,3078,4551,57288,0.06101809906795097,0.009763479232788086,81.6652130853917,,,,,,,,,,,,,,,,,,,,,,
case,514,DEU_AachenBendplatz-1_83420_T-3439,10262,R_IN1,intersection,1.0,0.0,10262,ok,True,true,success,11.288702841000486,0.0015780320009071147,1.0437643409986777,1.0453423729995848,1.570372447000409,13.940053775000706,3324,4899,61524,0.07840756180303288,0.011266469955444336,92.78348738634325,,,,,,,,,,,,,,,,,,,,,,
case,515,DEU_AachenBendplatz-1_83540_T-3559,10269,R_IN1,intersection,1.0,0.0,10269,ok,True,true,success,11.270457941998757,0.0013112830001773546,0.03470259099958639,0.036013873999763746,1.0802987870010838,12.422260164001273,216,416,3164,0.0035822550162265543,0.005580425262451172,6.453607441369951,,,,,,,,,,,,,,,,,,,,,,
case,516,DEU_AachenBendplatz-1_83880_T-3899,10296,R_IN1,intersection,1.0,0.0,10296,ok,True,true,success,11.86519116099953,0.001465485998778604,0.2156450060010684,0.217110491999847,1.1475218499999755,13.268949226001496,1108,1729,16756,0.02044502197895781,0.006861209869384766,31.643178992178967,,,,,,,,,,,,,,,,,,,,,,
case,517,DEU_AachenBendplatz-1_84360_T-4379,10337,R_IN1,intersection,1.0,0.0,10337,ok,True,true,success,11.24524069799918,0.0014150940005492885,0.16372097999919788,0.16513607399974717,1.1464001019994612,12.595019570999284,1029,1601,15188,0.017008986958899186,0.008736371994018555,18.902133987976846,,,,,,,,,,,,,,,,,,,,,,
case,518,DEU_AachenBendplatz-1_85140_T-5159,10407,R_IN1,intersection,1.0,0.0,10407,ok,True,true,success,11.488689117999456,0.0015785579998919275,0.1200757890001114,0.12165434700000333,1.0902545690005354,12.73604333700132,816,1316,11836,0.012453733923393884,0.011339187622070312,10.728665143807863,,,,,,,,,,,,,,,,,,,,,,
case,519,DEU_AachenBendplatz-1_85160_T-5179,10405,R_IN1,intersection,1.0,0.0,10405,ok,True,true,success,14.404835174000254,0.0011608169988903683,0.03957051799989131,0.040731334998781676,1.0661303709985077,15.548937620000288,325,530,4172,0.004645013947083498,0.00806117057800293,5.052781677877909,,,,,,,,,,,,,,,,,,,,,,
case,520,DEU_AachenBendplatz-1_8620_T-639,10044,R_IN1,intersection,1.0,0.0,10044,ok,True,true,success,12.427508482998746,0.0017615689994272543,0.13632852499904402,0.13809009399847127,0.9786739530009072,13.578360924999288,748,1082,9856,0.013778845121123595,0.007151126861572266,19.31025650523985,,,,,,,,,,,,,,,,,,,,,,
case,521,DEU_AachenBendplatz-1_91260_T-1279,10075,R_IN1,intersection,1.0,0.0,10075,ok,True,true,success,13.137899372999527,0.0011561650007934077,0.09355761600090773,0.09471378100170114,0.8625981620007224,14.127682555999854,739,1179,10548,0.010294889909346239,0.007245540618896484,13.072010217524156,,,,,,,,,,,,,,,,,,,,,,
case,522,DEU_AachenBendplatz-1_91280_T-1299,10079,R_IN1,intersection,1.0,0.0,10079,ok,True,true,success,11.25812574000156,0.0013786880008410662,0.13959702700049093,0.140975715001332,0.9379227850004099,12.371031345999654,1020,1615,15580,0.014860364004562143,0.007695674896240234,18.31882413200777,,,,,,,,,,,,,,,,,,,,,,
case,523,DEU_AachenBendplatz-1_91680_T-1699,10108,R_IN1,intersection,1.0,1.0,,error,,false,setup_error,,,,,,11.645219838999765,,,,,0.006964683532714844,,"ValueError: adapter requires ego start_time=0, got 1",,,,,,,,,,,,,,,,,,,,,
case,524,DEU_AachenBendplatz-1_93520_T-3539,10208,R_IN1,intersection,1.0,0.0,10208,ok,True,true,success,10.5326089400005,0.001296513999477611,0.4728186309985176,0.47411514499799523,0.9243389750008646,11.961142183999982,1486,2336,24096,0.2578387069843302,0.011020421981811523,43.02150550863578,,,,,,,,,,,,,,,,,,,,,,
case,525,DEU_AachenBendplatz-1_93760_T-3779,10229,R_IN1,intersection,1.0,0.0,10229,ok,True,true,success,11.92435458700129,0.0009002309998322744,0.10048758599987195,0.10138781699970423,0.7691568930003996,12.822302313999899,891,1322,12140,0.010826603906025412,0.008445024490356445,12.005627350812441,,,,,,,,,,,,,,,,,,,,,,
case,526,DEU_AachenFrankenburg-1_183000_T-3019,10233,R_IN3,intersection,1.0,0.0,,error,,false,setup_error,,,,,,7.277994125999612,,,,,0.0,,RTAMTException: RTAMT Exception: The operator bound must be a multiple of the sampling period ,,,,,,,,,,,,,,,,,,,,,
case,527,DEU_AachenFrankenburg-1_183020_T-3039,10235,R_IN3,intersection,1.0,0.0,,error,,false,setup_error,,,,,,7.380416224001237,,,,,0.0,,RTAMTException: RTAMT Exception: The operator bound must be a multiple of the sampling period ,,,,,,,,,,,,,,,,,,,,,
case,528,DEU_AachenFrankenburg-1_183920_T-3939,10289,R_IN3,intersection,1.0,0.0,,error,,false,setup_error,,,,,,7.956341803999749,,,,,0.013472318649291992,,RTAMTException: RTAMT Exception: The operator bound must be a multiple of the sampling period ,,,,,,,,,,,,,,,,,,,,,
case,529,DEU_AachenFrankenburg-1_183940_T-3959,10291,R_IN3,intersection,1.0,0.0,,error,,false,setup_error,,,,,,8.068089570000666,,,,,0.0,,RTAMTException: RTAMT Exception: The operator bound must be a multiple of the sampling period ,,,,,,,,,,,,,,,,,,,,,
case,530,DEU_AachenFrankenburg-1_184840_T-4859,10366,R_IN3,intersection,1.0,0.0,,error,,false,setup_error,,,,,,7.554576843000177,,,,,0.06415128707885742,,RTAMTException: RTAMT Exception: The operator bound must be a multiple of the sampling period ,,,,,,,,,,,,,,,,,,,,,
case,531,DEU_AachenFrankenburg-1_193620_T-3639,10258,R_IN3,intersection,1.0,0.0,,error,,false,setup_error,,,,,,7.564989348000381,,,,,0.0,,RTAMTException: RTAMT Exception: The operator bound must be a multiple of the sampling period ,,,,,,,,,,,,,,,,,,,,,
case,532,DEU_AachenFrankenburg-1_194200_T-4219,10301,R_IN3,intersection,1.0,0.0,,error,,false,setup_error,,,,,,8.109634247999566,,,,,0.0,,RTAMTException: RTAMT Exception: The operator bound must be a multiple of the sampling period ,,,,,,,,,,,,,,,,,,,,,
case,533,DEU_AachenFrankenburg-1_194240_T-4259,10303,R_IN3,intersection,1.0,0.0,,error,,false,setup_error,,,,,,7.958705088998613,,,,,0.0,,RTAMTException: RTAMT Exception: The operator bound must be a multiple of the sampling period ,,,,,,,,,,,,,,,,,,,,,
case,534,DEU_AachenFrankenburg-1_19980_T-999,10083,R_IN3,intersection,1.0,0.0,,error,,false,setup_error,,,,,,8.151583101000142,,,,,0.0660851001739502,,RTAMTException: RTAMT Exception: The operator bound must be a multiple of the sampling period ,,,,,,,,,,,,,,,,,,,,,
case,535,DEU_AachenFrankenburg-1_19980_T-999,10085,R_IN3,intersection,1.0,0.0,,error,,false,setup_error,,,,,,8.118041093001011,,,,,0.0,,RTAMTException: RTAMT Exception: The operator bound must be a multiple of the sampling period ,,,,,,,,,,,,,,,,,,,,,
case,536,DEU_AachenFrankenburg-1_20100_T-119,10032,R_IN3,intersection,1.0,0.0,,error,,false,setup_error,,,,,,8.07771989899993,,,,,0.0,,RTAMTException: RTAMT Exception: The operator bound must be a multiple of the sampling period ,,,,,,,,,,,,,,,,,,,,,
case,537,DEU_AachenFrankenburg-1_201920_T-1939,10185,R_IN3,intersection,1.0,0.0,,error,,false,setup_error,,,,,,8.151654553001208,,,,,0.014672517776489258,,RTAMTException: RTAMT Exception: The operator bound must be a multiple of the sampling period ,,,,,,,,,,,,,,,,,,,,,
case,538,DEU_AachenFrankenburg-1_201920_T-1939_in3_safe_variant_00,10185,R_IN3,intersection,1.0,0.0,,error,,false,setup_error,,,,,,8.606250922999607,,,,,0.014662027359008789,,RTAMTException: RTAMT Exception: The operator bound must be a multiple of the sampling period ,,,,,,,,,,,,,,,,,,,,,
case,539,DEU_AachenFrankenburg-1_201920_T-1939_in3_safe_variant_01,10185,R_IN3,intersection,1.0,0.0,,error,,false,setup_error,,,,,,8.904129258000467,,,,,0.013850212097167969,,RTAMTException: RTAMT Exception: The operator bound must be a multiple of the sampling period ,,,,,,,,,,,,,,,,,,,,,
case,540,DEU_AachenFrankenburg-1_202240_T-2259,10200,R_IN3,intersection,1.0,0.0,,error,,false,setup_error,,,,,,8.192804331998559,,,,,0.009856224060058594,,RTAMTException: RTAMT Exception: The operator bound must be a multiple of the sampling period ,,,,,,,,,,,,,,,,,,,,,
case,541,DEU_AachenFrankenburg-1_202720_T-2739,10227,R_IN3,intersection,1.0,0.0,,error,,false,setup_error,,,,,,8.033965828999499,,,,,0.01175379753112793,,RTAMTException: RTAMT Exception: The operator bound must be a multiple of the sampling period ,,,,,,,,,,,,,,,,,,,,,
case,542,DEU_AachenFrankenburg-1_202900_T-2919,10233,R_IN3,intersection,1.0,0.0,,error,,false,setup_error,,,,,,7.968665622000117,,,,,0.060723066329956055,,RTAMTException: RTAMT Exception: The operator bound must be a multiple of the sampling period ,,,,,,,,,,,,,,,,,,,,,
case,543,DEU_AachenFrankenburg-1_206360_T-6379,10490,R_IN3,intersection,1.0,0.0,,error,,false,setup_error,,,,,,7.981441346999418,,,,,0.011838912963867188,,RTAMTException: RTAMT Exception: The operator bound must be a multiple of the sampling period ,,,,,,,,,,,,,,,,,,,,,
case,544,DEU_AachenFrankenburg-1_211260_T-1279,10135,R_IN3,intersection,1.0,0.0,,error,,false,setup_error,,,,,,8.173494283000764,,,,,0.0,,RTAMTException: RTAMT Exception: The operator bound must be a multiple of the sampling period ,,,,,,,,,,,,,,,,,,,,,
case,545,DEU_AachenFrankenburg-1_211520_T-1539,10159,R_IN3,intersection,1.0,0.0,,error,,false,setup_error,,,,,,9.027872761998879,,,,,0.01074981689453125,,RTAMTException: RTAMT Exception: The operator bound must be a multiple of the sampling period ,,,,,,,,,,,,,,,,,,,,,
case,546,DEU_AachenFrankenburg-1_2120_T-39,10023,R_IN3,intersection,1.0,0.0,,error,,false,setup_error,,,,,,8.587067201999162,,,,,0.010219097137451172,,RTAMTException: RTAMT Exception: The operator bound must be a multiple of the sampling period ,,,,,,,,,,,,,,,,,,,,,
case,547,DEU_AachenFrankenburg-1_212700_T-2719,10260,R_IN3,intersection,1.0,0.0,,error,,false,setup_error,,,,,,8.093312963999779,,,,,0.0,,RTAMTException: RTAMT Exception: The operator bound must be a multiple of the sampling period ,,,,,,,,,,,,,,,,,,,,,
case,548,DEU_AachenFrankenburg-1_212980_T-2999,10277,R_IN3,intersection,1.0,0.0,,error,,false,setup_error,,,,,,9.362270445000831,,,,,0.0,,RTAMTException: RTAMT Exception: The operator bound must be a multiple of the sampling period ,,,,,,,,,,,,,,,,,,,,,
case,549,DEU_AachenFrankenburg-1_212980_T-2999_in3_safe_variant_02,10277,R_IN3,intersection,1.0,0.0,,error,,false,setup_error,,,,,,8.664999131000513,,,,,0.0,,RTAMTException: RTAMT Exception: The operator bound must be a multiple of the sampling period ,,,,,,,,,,,,,,,,,,,,,
case,550,DEU_AachenFrankenburg-1_212980_T-2999_in3_safe_variant_03,10277,R_IN3,intersection,1.0,0.0,,error,,false,setup_error,,,,,,8.345487139999022,,,,,0.0,,RTAMTException: RTAMT Exception: The operator bound must be a multiple of the sampling period ,,,,,,,,,,,,,,,,,,,,,
case,551,DEU_AachenFrankenburg-1_212980_T-2999_in3_safe_variant_56,10277,R_IN3,intersection,1.0,0.0,,error,,false,setup_error,,,,,,8.291741760998775,,,,,0.0,,RTAMTException: RTAMT Exception: The operator bound must be a multiple of the sampling period ,,,,,,,,,,,,,,,,,,,,,
case,552,DEU_AachenFrankenburg-1_213160_T-3179,10295,R_IN3,intersection,1.0,0.0,,error,,false,setup_error,,,,,,8.258097347999865,,,,,0.0,,RTAMTException: RTAMT Exception: The operator bound must be a multiple of the sampling period ,,,,,,,,,,,,,,,,,,,,,
case,553,DEU_AachenFrankenburg-1_213400_T-3419,10319,R_IN3,intersection,1.0,0.0,,error,,false,setup_error,,,,,,8.219304886999453,,,,,0.0,,RTAMTException: RTAMT Exception: The operator bound must be a multiple of the sampling period ,,,,,,,,,,,,,,,,,,,,,
case,554,DEU_AachenFrankenburg-1_214320_T-4339,10381,R_IN3,intersection,1.0,0.0,,error,,false,setup_error,,,,,,8.217603236000286,,,,,0.013345718383789062,,RTAMTException: RTAMT Exception: The operator bound must be a multiple of the sampling period ,,,,,,,,,,,,,,,,,,,,,
case,555,DEU_AachenFrankenburg-1_214320_T-4339_in3_safe_variant_04,10381,R_IN3,intersection,1.0,0.0,,error,,false,setup_error,,,,,,8.264893486999426,,,,,0.011709928512573242,,RTAMTException: RTAMT Exception: The operator bound must be a multiple of the sampling period ,,,,,,,,,,,,,,,,,,,,,
case,556,DEU_AachenFrankenburg-1_214320_T-4339_in3_safe_variant_47,10381,R_IN3,intersection,1.0,0.0,,error,,false,setup_error,,,,,,8.37079181899935,,,,,0.011355161666870117,,RTAMTException: RTAMT Exception: The operator bound must be a multiple of the sampling period ,,,,,,,,,,,,,,,,,,,,,
case,557,DEU_AachenFrankenburg-1_214320_T-4339_in3_safe_variant_57,10381,R_IN3,intersection,1.0,0.0,,error,,false,setup_error,,,,,,9.069781356000021,,,,,0.011396169662475586,,RTAMTException: RTAMT Exception: The operator bound must be a multiple of the sampling period ,,,,,,,,,,,,,,,,,,,,,
case,558,DEU_AachenFrankenburg-1_215560_T-5579,10491,R_IN3,intersection,1.0,4.0,,error,,false,setup_error,,,,,,8.247194323999793,,,,,0.010310649871826172,,RTAMTException: RTAMT Exception: The operator bound must be a multiple of the sampling period ,,,,,,,,,,,,,,,,,,,,,
case,559,DEU_AachenFrankenburg-1_216200_T-6219,10547,R_IN3,intersection,1.0,0.0,,error,,false,setup_error,,,,,,9.185995654999715,,,,,0.0,,RTAMTException: RTAMT Exception: The operator bound must be a multiple of the sampling period ,,,,,,,,,,,,,,,,,,,,,
case,560,DEU_AachenFrankenburg-1_221380_T-1399,10156,R_IN3,intersection,1.0,0.0,,error,,false,setup_error,,,,,,8.592371947001084,,,,,0.0,,RTAMTException: RTAMT Exception: The operator bound must be a multiple of the sampling period ,,,,,,,,,,,,,,,,,,,,,
case,561,DEU_AachenFrankenburg-1_22140_T-159,10039,R_IN3,intersection,1.0,0.0,,error,,false,setup_error,,,,,,8.026646659000107,,,,,0.0,,RTAMTException: RTAMT Exception: The operator bound must be a multiple of the sampling period ,,,,,,,,,,,,,,,,,,,,,
case,562,DEU_AachenFrankenburg-1_223120_T-3139,10286,R_IN3,intersection,1.0,0.0,,error,,false,setup_error,,,,,,8.160594737999418,,,,,0.06013345718383789,,RTAMTException: RTAMT Exception: The operator bound must be a multiple of the sampling period ,,,,,,,,,,,,,,,,,,,,,
case,563,DEU_AachenFrankenburg-1_223120_T-3139,10294,R_IN3,intersection,1.0,0.0,,error,,false,setup_error,,,,,,8.847653513001205,,,,,0.0431821346282959,,RTAMTException: RTAMT Exception: The operator bound must be a multiple of the sampling period ,,,,,,,,,,,,,,,,,,,,,
case,564,DEU_AachenFrankenburg-1_224460_T-4479,10410,R_IN3,intersection,1.0,0.0,,error,,false,setup_error,,,,,,8.009534849001284,,,,,0.0,,RTAMTException: RTAMT Exception: The operator bound must be a multiple of the sampling period ,,,,,,,,,,,,,,,,,,,,,
case,565,DEU_AachenFrankenburg-1_225080_T-5099,10464,R_IN3,intersection,1.0,0.0,,error,,false,setup_error,,,,,,8.002768909000224,,,,,0.0,,RTAMTException: RTAMT Exception: The operator bound must be a multiple of the sampling period ,,,,,,,,,,,,,,,,,,,,,
case,566,DEU_AachenFrankenburg-1_225660_T-5679,10512,R_IN3,intersection,1.0,0.0,,error,,false,setup_error,,,,,,9.11790618500163,,,,,0.0,,RTAMTException: RTAMT Exception: The operator bound must be a multiple of the sampling period ,,,,,,,,,,,,,,,,,,,,,
case,567,DEU_AachenFrankenburg-1_231880_T-1899,10184,R_IN3,intersection,1.0,0.0,,error,,false,setup_error,,,,,,8.477354923999883,,,,,0.00947260856628418,,RTAMTException: RTAMT Exception: The operator bound must be a multiple of the sampling period ,,,,,,,,,,,,,,,,,,,,,
case,568,DEU_AachenFrankenburg-1_231880_T-1899_in3_safe_variant_06,10184,R_IN3,intersection,1.0,0.0,,error,,false,setup_error,,,,,,8.651019221000752,,,,,0.00961160659790039,,RTAMTException: RTAMT Exception: The operator bound must be a multiple of the sampling period ,,,,,,,,,,,,,,,,,,,,,
case,569,DEU_AachenFrankenburg-1_231880_T-1899_in3_safe_variant_07,10184,R_IN3,intersection,1.0,0.0,,error,,false,setup_error,,,,,,8.294847208000647,,,,,0.010121822357177734,,RTAMTException: RTAMT Exception: The operator bound must be a multiple of the sampling period ,,,,,,,,,,,,,,,,,,,,,
case,570,DEU_AachenFrankenburg-1_231880_T-1899_in3_safe_variant_48,10184,R_IN3,intersection,1.0,0.0,,error,,false,setup_error,,,,,,9.283685651998894,,,,,0.009605169296264648,,RTAMTException: RTAMT Exception: The operator bound must be a multiple of the sampling period ,,,,,,,,,,,,,,,,,,,,,
case,571,DEU_AachenFrankenburg-1_231880_T-1899_in3_safe_variant_58,10184,R_IN3,intersection,1.0,0.0,,error,,false,setup_error,,,,,,8.263095369999064,,,,,0.009607791900634766,,RTAMTException: RTAMT Exception: The operator bound must be a multiple of the sampling period ,,,,,,,,,,,,,,,,,,,,,
case,572,DEU_AachenFrankenburg-1_233380_T-3399,10319,R_IN3,intersection,1.0,0.0,,error,,false,setup_error,,,,,,8.350366669999858,,,,,0.011732339859008789,,RTAMTException: RTAMT Exception: The operator bound must be a multiple of the sampling period ,,,,,,,,,,,,,,,,,,,,,
case,573,DEU_AachenFrankenburg-1_233960_T-3979,10382,R_IN3,intersection,1.0,0.0,,error,,false,setup_error,,,,,,8.080785703999936,,,,,0.009694576263427734,,RTAMTException: RTAMT Exception: The operator bound must be a multiple of the sampling period ,,,,,,,,,,,,,,,,,,,,,
case,574,DEU_AachenFrankenburg-1_234880_T-4899,10460,R_IN3,intersection,1.0,0.0,,error,,false,setup_error,,,,,,8.330584131999785,,,,,0.0,,RTAMTException: RTAMT Exception: The operator bound must be a multiple of the sampling period ,,,,,,,,,,,,,,,,,,,,,
case,575,DEU_AachenFrankenburg-1_243980_T-3999,10377,R_IN3,intersection,1.0,0.0,,error,,false,setup_error,,,,,,8.189340198998252,,,,,0.011426448822021484,,RTAMTException: RTAMT Exception: The operator bound must be a multiple of the sampling period ,,,,,,,,,,,,,,,,,,,,,
case,576,DEU_AachenFrankenburg-1_25120_T-139,10031,R_IN3,intersection,1.0,0.0,,error,,false,setup_error,,,,,,8.110735472999295,,,,,0.011258363723754883,,RTAMTException: RTAMT Exception: The operator bound must be a multiple of the sampling period ,,,,,,,,,,,,,,,,,,,,,
case,577,DEU_AachenFrankenburg-1_252140_T-2159,10194,R_IN3,intersection,1.0,0.0,,error,,false,setup_error,,,,,,8.098777216999224,,,,,0.0,,RTAMTException: RTAMT Exception: The operator bound must be a multiple of the sampling period ,,,,,,,,,,,,,,,,,,,,,
case,578,DEU_AachenFrankenburg-1_25240_T-259,10042,R_IN3,intersection,1.0,0.0,,error,,false,setup_error,,,,,,8.193117133998385,,,,,0.0,,RTAMTException: RTAMT Exception: The operator bound must be a multiple of the sampling period ,,,,,,,,,,,,,,,,,,,,,
case,579,DEU_AachenFrankenburg-1_25280_T-299,10047,R_IN3,intersection,1.0,0.0,,error,,false,setup_error,,,,,,8.254843261000133,,,,,0.0,,RTAMTException: RTAMT Exception: The operator bound must be a multiple of the sampling period ,,,,,,,,,,,,,,,,,,,,,
case,580,DEU_AachenFrankenburg-1_253060_T-3079,10269,R_IN3,intersection,1.0,0.0,,error,,false,setup_error,,,,,,8.176185771999371,,,,,0.009891033172607422,,RTAMTException: RTAMT Exception: The operator bound must be a multiple of the sampling period ,,,,,,,,,,,,,,,,,,,,,
case,581,DEU_AachenFrankenburg-1_254980_T-4999,10437,R_IN3,intersection,1.0,0.0,,error,,false,setup_error,,,,,,8.027375508998375,,,,,0.0,,RTAMTException: RTAMT Exception: The operator bound must be a multiple of the sampling period ,,,,,,,,,,,,,,,,,,,,,
case,582,DEU_AachenFrankenburg-1_255300_T-5319,10465,R_IN3,intersection,1.0,0.0,,error,,false,setup_error,,,,,,8.18950511499861,,,,,0.010267972946166992,,RTAMTException: RTAMT Exception: The operator bound must be a multiple of the sampling period ,,,,,,,,,,,,,,,,,,,,,
case,583,DEU_AachenFrankenburg-1_255460_T-5479,10478,R_IN3,intersection,1.0,0.0,,error,,false,setup_error,,,,,,8.079460385000857,,,,,0.012437820434570312,,RTAMTException: RTAMT Exception: The operator bound must be a multiple of the sampling period ,,,,,,,,,,,,,,,,,,,,,
case,584,DEU_AachenFrankenburg-1_261280_T-1299,10142,R_IN3,intersection,1.0,0.0,,error,,false,setup_error,,,,,,8.804114070999276,,,,,0.0,,RTAMTException: RTAMT Exception: The operator bound must be a multiple of the sampling period ,,,,,,,,,,,,,,,,,,,,,
case,585,DEU_AachenFrankenburg-1_26500_T-519,10059,R_IN3,intersection,1.0,0.0,,error,,false,setup_error,,,,,,8.901861808999456,,,,,0.0,,RTAMTException: RTAMT Exception: The operator bound must be a multiple of the sampling period ,,,,,,,,,,,,,,,,,,,,,
case,586,DEU_AachenFrankenburg-1_26500_T-519,10062,R_IN3,intersection,1.0,0.0,,error,,false,setup_error,,,,,,8.487807270999838,,,,,0.0,,RTAMTException: RTAMT Exception: The operator bound must be a multiple of the sampling period ,,,,,,,,,,,,,,,,,,,,,
case,587,DEU_AachenFrankenburg-1_26540_T-559,10060,R_IN3,intersection,1.0,0.0,,error,,false,setup_error,,,,,,8.7389684030004,,,,,0.009597301483154297,,RTAMTException: RTAMT Exception: The operator bound must be a multiple of the sampling period ,,,,,,,,,,,,,,,,,,,,,
case,588,DEU_AachenFrankenburg-1_26540_T-559,10066,R_IN3,intersection,1.0,0.0,,error,,false,setup_error,,,,,,9.22416668599908,,,,,0.011194467544555664,,RTAMTException: RTAMT Exception: The operator bound must be a multiple of the sampling period ,,,,,,,,,,,,,,,,,,,,,
case,589,DEU_AachenFrankenburg-1_26540_T-559_in3_safe_variant_32,10066,R_IN3,intersection,1.0,0.0,,error,,false,setup_error,,,,,,8.52009678200011,,,,,0.010860681533813477,,RTAMTException: RTAMT Exception: The operator bound must be a multiple of the sampling period ,,,,,,,,,,,,,,,,,,,,,
case,590,DEU_AachenFrankenburg-1_26540_T-559_in3_safe_variant_40,10066,R_IN3,intersection,1.0,0.0,,error,,false,setup_error,,,,,,8.518033889000435,,,,,0.011513948440551758,,RTAMTException: RTAMT Exception: The operator bound must be a multiple of the sampling period ,,,,,,,,,,,,,,,,,,,,,
case,591,DEU_AachenFrankenburg-1_26540_T-559_in3_safe_variant_50,10066,R_IN3,intersection,1.0,0.0,,error,,false,setup_error,,,,,,9.183862653999313,,,,,0.010876655578613281,,RTAMTException: RTAMT Exception: The operator bound must be a multiple of the sampling period ,,,,,,,,,,,,,,,,,,,,,
case,592,DEU_AachenFrankenburg-1_26540_T-559_in3_safe_variant_60,10066,R_IN3,intersection,1.0,0.0,,error,,false,setup_error,,,,,,8.246148496000387,,,,,0.011026620864868164,,RTAMTException: RTAMT Exception: The operator bound must be a multiple of the sampling period ,,,,,,,,,,,,,,,,,,,,,
case,593,DEU_AachenFrankenburg-1_273460_T-3479,10327,R_IN3,intersection,1.0,0.0,,error,,false,setup_error,,,,,,8.566366623999784,,,,,0.0,,RTAMTException: RTAMT Exception: The operator bound must be a multiple of the sampling period ,,,,,,,,,,,,,,,,,,,,,
case,594,DEU_AachenFrankenburg-1_273460_T-3479,10328,R_IN3,intersection,1.0,0.0,,error,,false,setup_error,,,,,,8.460527791001368,,,,,0.0,,RTAMTException: RTAMT Exception: The operator bound must be a multiple of the sampling period ,,,,,,,,,,,,,,,,,,,,,
case,595,DEU_AachenFrankenburg-1_281480_T-1499,10138,R_IN3,intersection,1.0,0.0,,error,,false,setup_error,,,,,,8.366187274999902,,,,,0.0,,RTAMTException: RTAMT Exception: The operator bound must be a multiple of the sampling period ,,,,,,,,,,,,,,,,,,,,,
case,596,DEU_AachenFrankenburg-1_281480_T-1499_in3_safe_variant_27,10138,R_IN3,intersection,1.0,0.0,,error,,false,setup_error,,,,,,9.664136065001003,,,,,0.0,,RTAMTException: RTAMT Exception: The operator bound must be a multiple of the sampling period ,,,,,,,,,,,,,,,,,,,,,
case,597,DEU_AachenFrankenburg-1_281720_T-1739,10161,R_IN3,intersection,1.0,0.0,,error,,false,setup_error,,,,,,8.043290926998452,,,,,0.012413740158081055,,RTAMTException: RTAMT Exception: The operator bound must be a multiple of the sampling period ,,,,,,,,,,,,,,,,,,,,,
case,598,DEU_AachenFrankenburg-1_281820_T-1839,10173,R_IN3,intersection,1.0,0.0,,error,,false,setup_error,,,,,,8.878982432001067,,,,,0.011260271072387695,,RTAMTException: RTAMT Exception: The operator bound must be a multiple of the sampling period ,,,,,,,,,,,,,,,,,,,,,
case,599,DEU_AachenFrankenburg-1_28560_T-579,10067,R_IN3,intersection,1.0,0.0,,error,,false,setup_error,,,,,,9.664073235000615,,,,,0.0,,RTAMTException: RTAMT Exception: The operator bound must be a multiple of the sampling period ,,,,,,,,,,,,,,,,,,,,,
case,600,DEU_AachenFrankenburg-1_291080_T-1099,10131,R_IN3,intersection,1.0,0.0,,error,,false,setup_error,,,,,,8.855325767999602,,,,,0.011026859283447266,,RTAMTException: RTAMT Exception: The operator bound must be a multiple of the sampling period ,,,,,,,,,,,,,,,,,,,,,
case,601,DEU_AachenFrankenburg-1_291080_T-1099_in3_safe_variant_35,10131,R_IN3,intersection,1.0,0.0,,error,,false,setup_error,,,,,,8.342194275999645,,,,,0.010979890823364258,,RTAMTException: RTAMT Exception: The operator bound must be a multiple of the sampling period ,,,,,,,,,,,,,,,,,,,,,
case,602,DEU_AachenFrankenburg-1_291080_T-1099_in3_safe_variant_43,10131,R_IN3,intersection,1.0,0.0,,error,,false,setup_error,,,,,,8.552306482999484,,,,,0.011329412460327148,,RTAMTException: RTAMT Exception: The operator bound must be a multiple of the sampling period ,,,,,,,,,,,,,,,,,,,,,
case,603,DEU_AachenFrankenburg-1_291080_T-1099_in3_safe_variant_53,10131,R_IN3,intersection,1.0,0.0,,error,,false,setup_error,,,,,,8.836786481999297,,,,,0.010650873184204102,,RTAMTException: RTAMT Exception: The operator bound must be a multiple of the sampling period ,,,,,,,,,,,,,,,,,,,,,
case,604,DEU_AachenFrankenburg-1_291080_T-1099_in3_safe_variant_63,10131,R_IN3,intersection,1.0,0.0,,error,,false,setup_error,,,,,,8.17135538599905,,,,,0.011308908462524414,,RTAMTException: RTAMT Exception: The operator bound must be a multiple of the sampling period ,,,,,,,,,,,,,,,,,,,,,
case,605,DEU_AachenFrankenburg-1_291980_T-1999,10203,R_IN3,intersection,1.0,0.0,,error,,false,setup_error,,,,,,8.327052303999153,,,,,0.0,,RTAMTException: RTAMT Exception: The operator bound must be a multiple of the sampling period ,,,,,,,,,,,,,,,,,,,,,
case,606,DEU_AachenFrankenburg-1_294020_T-4039,10394,R_IN3,intersection,1.0,0.0,,error,,false,setup_error,,,,,,8.221968662999643,,,,,0.012050390243530273,,RTAMTException: RTAMT Exception: The operator bound must be a multiple of the sampling period ,,,,,,,,,,,,,,,,,,,,,
case,607,DEU_AachenFrankenburg-1_294020_T-4039_in3_safe_variant_29,10394,R_IN3,intersection,1.0,0.0,,error,,false,setup_error,,,,,,8.430046962999768,,,,,0.011561155319213867,,RTAMTException: RTAMT Exception: The operator bound must be a multiple of the sampling period ,,,,,,,,,,,,,,,,,,,,,
case,608,DEU_TestIntersectionInteract-3_1_T-1_in3_variant_00,30,R_IN3,intersection,1.0,0.0,,error,,false,setup_error,,,,,,8.364421243000834,,,,,0.023559093475341797,,RTAMTException: RTAMT Exception: The operator bound must be a multiple of the sampling period ,,,,,,,,,,,,,,,,,,,,,
case,609,DEU_TestIntersectionInteract-3_1_T-1_in3_variant_01,30,R_IN3,intersection,1.0,0.0,,error,,false,setup_error,,,,,,8.514300640999863,,,,,0.0234375,,RTAMTException: RTAMT Exception: The operator bound must be a multiple of the sampling period ,,,,,,,,,,,,,,,,,,,,,
case,610,DEU_TestIntersectionInteract-3_1_T-1_in3_variant_02,30,R_IN3,intersection,1.0,0.0,,error,,false,setup_error,,,,,,8.657298523999998,,,,,0.022782564163208008,,RTAMTException: RTAMT Exception: The operator bound must be a multiple of the sampling period ,,,,,,,,,,,,,,,,,,,,,
case,611,DEU_AachenFrankenburg-1_183920_T-3939,10289,R_IN3_hand_draft,intersection,1.0,0.0,10290,ok,False,false,validation_failed,8.570751855999333,0.0034190059996035416,0.01902485400023579,0.022443859999839333,0.37683042699973157,8.991145272000722,76,310,1504,0.0013578880243585445,0.013855934143066406,1.619801290053791,,,,,,,,,,,,,,,,,,,,,,
case,612,DEU_AachenFrankenburg-1_184840_T-4859,10366,R_IN3_hand_draft,intersection,1.0,0.0,10367,ok,True,true,success,8.986555847001,0.0042848419998335885,0.20451791500090621,0.2088027570007398,0.39711694099969463,9.622433296000963,1431,2410,26064,0.029863241985367495,0.061425209045410156,3.399300714571065,,,,,,,,,,,,,,,,,,,,,,
case,613,DEU_AachenFrankenburg-1_19980_T-999,10083,R_IN3_hand_draft,intersection,1.0,0.0,10085,ok,False,false,validation_failed,8.511983757000053,0.003503366999211721,0.024058970000623958,0.02756233699983568,0.41393706100097916,8.9772815669985,141,460,2812,0.002786387927699252,0.06734681129455566,0.40925971801821337,,,,,,,,,,,,,,,,,,,,,,
case,614,DEU_AachenFrankenburg-1_201920_T-1939,10185,R_IN3_hand_draft,intersection,1.0,0.0,10183,ok,True,true,success,8.208856752000429,0.002661143998921034,0.1479890360005811,0.15065017999950214,0.3903978960006498,8.770048741998835,952,1798,17644,0.019530081144694122,0.013504743576049805,11.155352869244776,,,,,,,,,,,,,,,,,,,,,,
case,615,DEU_AachenFrankenburg-1_201920_T-1939_in3_safe_variant_00,10185,R_IN3_hand_draft,intersection,1.0,0.0,10183,ok,False,false,validation_failed,7.9837228460000915,0.002743122999163461,0.1802744350006833,0.18301755799984676,0.40443876199969964,8.592934984999374,991,1848,18512,0.02092088295466965,0.012288570404052734,14.893315656920361,,,,,,,,,,,,,,,,,,,,,,
case,616,DEU_AachenFrankenburg-1_201920_T-1939_in3_safe_variant_01,10185,R_IN3_hand_draft,intersection,1.0,0.0,10183,ok,False,false,validation_failed,8.936783277000359,0.004164037000009557,0.2635194289996434,0.267683465999653,0.6018985959999554,9.83797689200037,992,1852,18548,0.0316823811026552,0.013340473175048828,20.065515104839843,,,,,,,,,,,,,,,,,,,,,,
case,617,DEU_AachenFrankenburg-1_202240_T-2259,10200,R_IN3_hand_draft,intersection,1.0,0.0,10198,ok,False,false,validation_failed,7.896913713000686,0.002820714000336011,0.05284508400109189,0.0556657980014279,0.3916523679999955,8.861414790000708,580,1020,9772,0.015724649867479457,0.009937524795532227,5.6015757592327695,,,,,,,,,,,,,,,,,,,,,,
case,618,DEU_AachenFrankenburg-1_202720_T-2739,10227,R_IN3_hand_draft,intersection,1.0,0.0,10225,ok,False,false,validation_failed,8.05777878400113,0.002851109000403085,0.2789315259997238,0.2817826350001269,0.5191635289993428,8.881833831001131,1646,2649,29704,0.048914560831690324,0.011300802230834961,24.93474615733607,,,,,,,,,,,,,,,,,,,,,,
case,619,DEU_AachenFrankenburg-1_202900_T-2919,10233,R_IN3_hand_draft,intersection,1.0,0.0,10239,ok,False,false,validation_failed,8.092506283999683,0.0033371549998264527,0.10236586800056102,0.10570302300038747,0.41812256299999717,8.636197198000445,888,1525,15704,0.01366100905215717,0.060921669006347656,1.735064464326706,,,,,,,,,,,,,,,,,,,,,,
case,620,DEU_AachenFrankenburg-1_206360_T-6379,10490,R_IN3_hand_draft,intersection,1.0,0.0,10492,ok,False,false,validation_failed,7.69864849699843,0.0020737189988722093,0.0070089330001792405,0.00908265199905145,0.4250851610013342,8.153925026999786,23,110,452,0.00045229600254970137,0.01176595687866211,0.7719433355669604,,,,,,,,,,,,,,,,,,,,,,
case,621,DEU_AachenFrankenburg-1_211520_T-1539,10159,R_IN3_hand_draft,intersection,1.0,0.0,10163,ok,True,true,success,7.669451894000304,0.002556587000071886,0.5853009279999242,0.5878575149999961,0.3844588140000269,8.664459297999201,305,798,6064,0.007998347038665088,0.010673046112060547,55.078700947025496,,,,,,,,,,,,,,,,,,,,,,
case,622,DEU_AachenFrankenburg-1_2120_T-39,10023,R_IN3_hand_draft,intersection,1.0,0.0,,error,,false,setup_error,,,,,,7.494030070000008,,,,,0.010447978973388672,,ValueError: conflict area does not intersect the fixed reference path,,,,,,,,,,,,,,,,,,,,,
case,623,DEU_AachenFrankenburg-1_214320_T-4339,10381,R_IN3_hand_draft,intersection,1.0,0.0,10379,ok,True,true,success,8.748473515001024,0.0027996989992971066,0.044721783999193576,0.04752148299849068,0.43396921300154645,9.250804244000392,336,727,6112,0.0045391469429887366,0.011230945587158203,4.231298480586369,,,,,,,,,,,,,,,,,,,,,,
case,624,DEU_AachenFrankenburg-1_214320_T-4339_in3_safe_variant_04,10381,R_IN3_hand_draft,intersection,1.0,0.0,10379,ok,True,true,success,9.599096565001673,0.0028433489987946814,0.08442980099971464,0.08727314999850933,0.42352853099873755,10.13057574800041,628,1285,11752,0.011184496943315025,0.012457132339477539,7.0058780480267115,,,,,,,,,,,,,,,,,,,,,,
case,625,DEU_AachenFrankenburg-1_214320_T-4339_in3_safe_variant_47,10381,R_IN3_hand_draft,intersection,1.0,0.0,10379,ok,True,true,success,7.916284594999524,0.0023819470006856136,0.08196953599872359,0.0843514829994092,0.4270338690002973,8.451316127999235,549,1171,10344,0.008604690934589598,0.010676145553588867,7.900930403768597,,,,,,,,,,,,,,,,,,,,,,
case,626,DEU_AachenFrankenburg-1_214320_T-4339_in3_safe_variant_57,10381,R_IN3_hand_draft,intersection,1.0,0.0,10379,ok,True,true,success,8.471740543000124,0.003103623999777483,0.10724662199936574,0.11035024599914323,0.44770765700013726,9.052029460000995,676,1359,12644,0.01663037388061639,0.01118612289428711,9.86492344505713,,,,,,,,,,,,,,,,,,,,,,
case,627,DEU_AachenFrankenburg-1_215560_T-5579,10491,R_IN3_hand_draft,intersection,1.0,4.0,,error,,false,setup_error,,,,,,8.070208148999882,,,,,0.01088571548461914,,"ValueError: adapter requires ego start_time=0, got 4",,,,,,,,,,,,,,,,,,,,,
case,628,DEU_AachenFrankenburg-1_223120_T-3139,10286,R_IN3_hand_draft,intersection,1.0,0.0,10301,ok,False,false,validation_failed,8.593885530000989,0.0030788359999860404,0.0068405120000534225,0.009919348000039463,0.43209328800003277,9.060853742999825,20,62,256,0.0003120869987469632,0.05951237678527832,0.1666770600648104,,,,,,,,,,,,,,,,,,,,,,
case,629,DEU_AachenFrankenburg-1_223120_T-3139,10294,R_IN3_hand_draft,intersection,1.0,0.0,10301,ok,False,false,validation_failed,8.13782490399899,0.002830557999914163,0.002391059000729001,0.005221617000643164,0.4265716669997346,8.590912055000445,20,58,240,0.00027456999305286445,0.04166364669799805,0.12532789168678468,,,,,,,,,,,,,,,,,,,,,,
case,630,DEU_AachenFrankenburg-1_231880_T-1899,10184,R_IN3_hand_draft,intersection,1.0,0.0,10176,ok,True,true,success,8.64677560599921,0.0034444449993316084,0.01063462599995546,0.014079070999287069,0.4046323599995958,9.08887991499978,111,268,1652,0.003959035982916248,0.009626626968383789,1.4625134063599017,,,,,,,,,,,,,,,,,,,,,,
case,631,DEU_AachenFrankenburg-1_231880_T-1899_in3_safe_variant_06,10184,R_IN3_hand_draft,intersection,1.0,0.0,10176,ok,True,true,success,8.222207732000243,0.002505898999515921,0.017701578999549383,0.020207477999065304,0.40052425200155994,8.663526831998752,228,500,3624,0.002916187981099938,0.009534358978271484,2.1194375044108926,,,,,,,,,,,,,,,,,,,,,,
case,632,DEU_AachenFrankenburg-1_231880_T-1899_in3_safe_variant_07,10184,R_IN3_hand_draft,intersection,1.0,0.0,10176,ok,True,true,success,8.128913339000064,0.0032752890001574997,0.015428872999109444,0.018704161999266944,0.3983738489987445,8.565778545000285,205,446,3216,0.004053547942021396,0.009597301483154297,1.948898034733774,,,,,,,,,,,,,,,,,,,,,,
case,633,DEU_AachenFrankenburg-1_231880_T-1899_in3_safe_variant_48,10184,R_IN3_hand_draft,intersection,1.0,0.0,10176,ok,True,true,success,8.615183124000396,0.002244180001071072,0.018940799000120023,0.021184979001191095,0.4099475889997848,9.067161840001063,228,500,3624,0.005142409947438864,0.009460210800170898,2.239377054981522,,,,,,,,,,,,,,,,,,,,,,
case,634,DEU_AachenFrankenburg-1_231880_T-1899_in3_safe_variant_58,10184,R_IN3_hand_draft,intersection,1.0,0.0,10176,ok,False,false,validation_failed,8.060342259999743,0.0033187959998031147,0.020589793999533867,0.023908589999336982,0.40114986799926555,8.505150760998731,274,557,4392,0.003300159090940724,0.009947061538696289,2.4035831995536805,,,,,,,,,,,,,,,,,,,,,,
case,635,DEU_AachenFrankenburg-1_233380_T-3399,10319,R_IN3_hand_draft,intersection,1.0,0.0,10320,ok,True,true,success,8.20352938599899,0.00253542799873685,0.02998407499944733,0.03251950299818418,0.4213490059992182,8.677830324000752,185,568,3692,0.0034175369601143757,0.011182069778442383,2.9081828000105734,,,,,,,,,,,,,,,,,,,,,,
case,636,DEU_AachenFrankenburg-1_233960_T-3979,10382,R_IN3_hand_draft,intersection,1.0,0.0,10381,ok,False,false,validation_failed,8.030335728000864,0.0026983829993696418,0.25468619400089665,0.2573845770002663,0.370491518999188,8.680416048999177,1708,2704,30372,0.025244634944101563,0.009378671646118164,27.443606804040087,,,,,,,,,,,,,,,,,,,,,,
case,637,DEU_AachenFrankenburg-1_243980_T-3999,10377,R_IN3_hand_draft,intersection,1.0,0.0,10380,ok,True,true,success,7.982844150999881,0.0026493450004636543,0.014840867999737384,0.017490213000201038,0.4839886169993406,8.50472599999921,91,350,1812,0.0018285820569872158,0.010801076889038086,1.6193027028584248,,,,,,,,,,,,,,,,,,,,,,
case,638,DEU_AachenFrankenburg-1_25120_T-139,10031,R_IN3_hand_draft,intersection,1.0,0.0,10035,ok,True,true,success,7.866571929000202,0.0022610190007981146,0.02098024500082829,0.023241264001626405,0.43946493700059364,8.350187858999561,151,495,3020,0.0024175819307856727,0.011150121688842773,2.0843955474389557,,,,,,,,,,,,,,,,,,,,,,
case,639,DEU_AachenFrankenburg-1_253060_T-3079,10269,R_IN3_hand_draft,intersection,1.0,0.0,10265,ok,False,false,validation_failed,8.23627429499902,0.0027053789999627043,0.011581397999179899,0.014286776999142603,0.40472271399994497,8.67657613099982,139,304,1972,0.0017180190225190017,0.009631156921386719,1.483391571309333,,,,,,,,,,,,,,,,,,,,,,
case,640,DEU_AachenFrankenburg-1_255300_T-5319,10465,R_IN3_hand_draft,intersection,1.0,0.0,10464,ok,False,false,validation_failed,8.667168068999672,0.0029323469989321893,0.1693542980010534,0.17228664499998558,0.3810648360013147,9.241162610000174,1520,2375,27264,0.024094405916912365,0.011256933212280273,15.304936233612613,,,,,,,,,,,,,,,,,,,,,,
case,641,DEU_AachenFrankenburg-1_255460_T-5479,10478,R_IN3_hand_draft,intersection,1.0,0.0,10470,ok,True,true,success,8.179560319998927,0.0021149500007595634,0.018986090000908007,0.02110104000166757,0.3805464920005761,8.601528019000398,151,366,2312,0.009287211001719697,0.01211094856262207,1.7423110908745456,,,,,,,,,,,,,,,,,,,,,,
case,642,DEU_AachenFrankenburg-1_26540_T-559,10060,R_IN3_hand_draft,intersection,1.0,0.0,10066,ok,True,true,success,8.057631535999462,0.0025570289999450324,0.10962603299958573,0.11218306199953076,0.43589306799913174,8.628541340998709,1009,1662,17816,0.016064979128714185,0.0095672607421875,11.725724324084926,,,,,,,,,,,,,,,,,,,,,,
case,643,DEU_AachenFrankenburg-1_26540_T-559,10066,R_IN3_hand_draft,intersection,1.0,0.0,10060,ok,False,false,validation_failed,8.589453184000376,0.0023755220008752076,0.093722854000589,0.0960983760014642,0.43959881299997505,9.146625023000524,763,1516,13904,0.012283303893127595,0.011584281921386719,8.295583330378804,,,,,,,,,,,,,,,,,,,,,,
case,644,DEU_AachenFrankenburg-1_26540_T-559_in3_safe_variant_32,10066,R_IN3_hand_draft,intersection,1.0,0.0,10060,ok,False,false,validation_failed,8.207895400999405,0.0028256860005058115,0.050388308000037796,0.05321399400054361,0.424568177000765,8.706602225998722,428,913,7404,0.00794229199163965,0.011554241180419922,4.605581030342455,,,,,,,,,,,,,,,,,,,,,,
case,645,DEU_AachenFrankenburg-1_26540_T-559_in3_safe_variant_40,10066,R_IN3_hand_draft,intersection,1.0,0.0,10060,ok,False,false,validation_failed,8.77291005799998,0.002685167999516125,0.07876269200096431,0.08144786000048043,0.4294123480012786,9.304945546999079,561,1127,9764,0.00934161720033444,0.011036157608032227,7.3800921383364315,,,,,,,,,,,,,,,,,,,,,,
case,646,DEU_AachenFrankenburg-1_26540_T-559_in3_safe_variant_50,10066,R_IN3_hand_draft,intersection,1.0,0.0,10060,ok,False,false,validation_failed,8.278152535998743,0.0022255989988479996,0.05366267499994137,0.05588827399878937,0.4439891809997789,8.796583635001298,461,971,7996,0.0080211518707074,0.011356830596923828,4.921115404673516,,,,,,,,,,,,,,,,,,,,,,
case,647,DEU_AachenFrankenburg-1_26540_T-559_in3_safe_variant_60,10066,R_IN3_hand_draft,intersection,1.0,0.0,10060,ok,False,false,validation_failed,8.796649588999571,0.003226048000215087,0.050275684998268844,0.05350173299848393,0.45508799300114333,9.330116098999497,365,798,6284,0.005546542013689759,0.011003494262695312,4.86224936562821,,,,,,,,,,,,,,,,,,,,,,
case,648,DEU_AachenFrankenburg-1_281720_T-1739,10161,R_IN3_hand_draft,intersection,1.0,0.0,10162,ok,False,false,validation_failed,7.60180603399931,0.0028121890009060735,0.012134585000239895,0.014946774001145968,0.38739749299929827,8.024135023999406,65,259,1284,0.0011710339967976324,0.012939453125,1.1551318171451677,,,,,,,,,,,,,,,,,,,,,,
case,649,DEU_AachenFrankenburg-1_281820_T-1839,10173,R_IN3_hand_draft,intersection,1.0,0.0,10170,ok,False,false,validation_failed,8.034221296000396,0.00308136000057857,0.12895073300023796,0.13203209300081653,0.41323164199820894,8.599667061998844,1201,2082,21708,0.018921840066468576,0.010507345199584961,12.565694806146826,,,,,,,,,,,,,,,,,,,,,,
case,650,DEU_AachenFrankenburg-1_291080_T-1099,10131,R_IN3_hand_draft,intersection,1.0,0.0,10128,ok,True,true,success,7.7999119449996215,0.0028304070001468062,0.5503220000009605,0.5531524070011073,0.4317498540003726,8.805108591001044,750,1407,13284,0.4794360121777572,0.012536764144897461,44.122422708753255,,,,,,,,,,,,,,,,,,,,,,
case,651,DEU_AachenFrankenburg-1_291080_T-1099_in3_safe_variant_35,10131,R_IN3_hand_draft,intersection,1.0,0.0,10128,ok,True,true,success,7.804679780998413,0.003064132999497815,0.14611556800082326,0.14917970100032107,0.43255821999991895,8.408871219000503,1076,1950,19740,0.018193588899521274,0.011756658554077148,12.688954120266283,,,,,,,,,,,,,,,,,,,,,,
case,652,DEU_AachenFrankenburg-1_291080_T-1099_in3_safe_variant_43,10131,R_IN3_hand_draft,intersection,1.0,0.0,10128,ok,True,true,success,8.442404334000457,0.003340008001032402,0.1359497029989143,0.1392897109999467,0.4032630990004691,9.006072324000343,1048,1923,19192,0.022121384976344416,0.010740041732788086,12.969196439405962,,,,,,,,,,,,,,,,,,,,,,
case,653,DEU_AachenFrankenburg-1_291080_T-1099_in3_safe_variant_53,10131,R_IN3_hand_draft,intersection,1.0,0.0,10128,ok,False,false,validation_failed,8.45855333200052,0.003092449998803204,0.15982793500006665,0.16292038499886985,0.41185979200054135,9.055105114999606,1131,2049,20836,0.019784934127528686,0.01112818717956543,14.64033470770862,,,,,,,,,,,,,,,,,,,,,,
case,654,DEU_AachenFrankenburg-1_291080_T-1099_in3_safe_variant_63,10131,R_IN3_hand_draft,intersection,1.0,0.0,10128,ok,False,false,validation_failed,8.102925551000226,0.0026801809999597026,0.13894206599979952,0.14162224699975923,0.41522387099939806,8.681393438000669,1085,1969,19908,0.017898694073664956,0.010941028594970703,12.944143758554764,,,,,,,,,,,,,,,,,,,,,,
case,655,DEU_AachenFrankenburg-1_294020_T-4039,10394,R_IN3_hand_draft,intersection,1.0,0.0,10389,ok,False,false,validation_failed,7.9520388480013935,0.0029268769994814647,0.12445875899902603,0.1273856359985075,0.5786349549998704,8.682818484998279,879,1697,16860,0.014465516116615618,0.011706829071044922,10.881309979452649,,,,,,,,,,,,,,,,,,,,,,
case,656,DEU_AachenFrankenburg-1_294020_T-4039_in3_safe_variant_29,10394,R_IN3_hand_draft,intersection,1.0,0.0,10389,ok,True,true,success,7.735011201999441,0.002270038001370267,0.15637699000035354,0.1586470280017238,0.42757191300006525,8.341601713998898,1163,2126,21616,0.01871257696620887,0.01166987419128418,13.594579118960144,,,,,,,,,,,,,,,,,,,,,,
case,657,DEU_TestIntersectionInteract-3_1_T-1_in3_variant_00,30,R_IN3_hand_draft,intersection,1.0,0.0,,error,,false,setup_error,,,,,,8.888318999001058,,,,,0.022978782653808594,,IndexError: list index out of range,,,,,,,,,,,,,,,,,,,,,
case,658,DEU_TestIntersectionInteract-3_1_T-1_in3_variant_01,30,R_IN3_hand_draft,intersection,1.0,0.0,,error,,false,setup_error,,,,,,7.8178404930004035,,,,,0.022763729095458984,,IndexError: list index out of range,,,,,,,,,,,,,,,,,,,,,
case,659,DEU_TestIntersectionInteract-3_1_T-1_in3_variant_02,30,R_IN3_hand_draft,intersection,1.0,0.0,,error,,false,setup_error,,,,,,7.809743822999735,,,,,0.022943735122680664,,IndexError: list index out of range,,,,,,,,,,,,,,,,,,,,,
case,660,DEU_AachenBendplatz-1_131080_T-1099,10082,R_IN4,intersection,1.0,0.0,10083,ok,True,true,success,9.500183451998964,0.0031563689990434796,0.0450415149989567,0.04819788399800018,0.9801476440006809,10.550104644000385,426,805,6868,0.007240191976961796,0.008801698684692383,5.475975232124716,,,,,,,,,,,,,,,,,,,,,,
case,661,DEU_AachenBendplatz-1_13720_T-739,10057,R_IN4,intersection,1.0,0.0,10054,ok,False,false,validation_failed,8.889562779999324,0.0035668370001076255,0.04113814199990884,0.044704979000016465,0.6699559310000041,9.62507524799912,494,863,7260,0.005786039970189449,0.012483596801757812,3.5810976363576215,,,,,,,,,,,,,,,,,,,,,,
case,662,DEU_AachenBendplatz-1_151160_T-1179,10079,R_IN4,intersection,1.0,0.0,10087,ok,False,false,validation_failed,8.91042248300073,0.0034362890000920743,0.04665968000153953,0.0500959690016316,0.6852146340006584,9.667324731999543,487,909,8100,0.006314282985840691,0.008404970169067383,5.960279215029059,,,,,,,,,,,,,,,,,,,,,,
case,663,DEU_AachenBendplatz-1_15160_T-179,10016,R_IN4,intersection,1.0,0.0,10019,ok,True,true,success,8.38702296700103,0.003947320999941439,0.013042333999692346,0.016989654999633785,0.687037658999543,9.111891558000934,142,307,2120,0.0016756419900048058,0.008961915969848633,1.8957614707383539,,,,,,,,,,,,,,,,,,,,,,
case,664,DEU_AachenBendplatz-1_151840_T-1859,10123,R_IN4,intersection,1.0,0.0,10124,ok,False,false,validation_failed,9.867698879999807,0.004447286999493372,0.07119392900131061,0.07564121600080398,0.9631453959991632,10.928634925998267,502,878,8308,0.016828181000164477,0.08727335929870605,0.8667159899495867,,,,,,,,,,,,,,,,,,,,,,
case,665,DEU_AachenBendplatz-1_152620_T-2639,10164,R_IN4,intersection,1.0,0.0,10170,ok,False,false,validation_failed,8.27997359499932,0.004067390000273008,0.062027151998336194,0.0660945419986092,0.7011725249994925,9.070400182999947,607,1172,9948,0.008108251919111353,0.010285377502441406,6.426068657462554,,,,,,,,,,,,,,,,,,,,,,
case,666,DEU_AachenBendplatz-1_152880_T-2899,10190,R_IN4,intersection,1.0,0.0,10192,ok,False,false,validation_failed,8.406380487000206,0.0027040839995606802,0.1764606430006097,0.1791647270001704,0.7374685819995648,9.34342779599865,1397,2597,25836,0.02468389911336999,0.012718915939331055,14.086477798483939,,,,,,,,,,,,,,,,,,,,,,
case,667,DEU_AachenBendplatz-1_162280_T-2299,10179,R_IN4,intersection,1.0,0.0,10180,ok,True,true,success,8.297858247999102,0.003588642999602598,0.01989080999919679,0.02347945299879939,0.717492742000104,9.05919456400079,238,512,3724,0.004168358946117223,0.008545637130737305,2.7475368588197493,,,,,,,,,,,,,,,,,,,,,,
case,668,DEU_AachenBendplatz-1_163680_T-3699,10267,R_IN4,intersection,1.0,0.0,10268,ok,True,true,success,8.590158561999488,0.004207726000458933,0.0265899369987892,0.030797662999248132,0.7194258199997421,9.362723889000335,302,646,5016,0.004085400971234776,0.008942604064941406,3.4439255920976444,,,,,,,,,,,,,,,,,,,,,,
case,669,DEU_AachenBendplatz-1_173820_T-3839,10275,R_IN4,intersection,1.0,0.0,10277,ok,True,true,success,9.682914967001125,0.0030521970002155285,0.013568627999120508,0.016620824999336037,0.6863427389998833,10.406084064999959,168,362,2472,0.0020805709791602567,0.00942540168762207,1.763407603217948,,,,,,,,,,,,,,,,,,,,,,
case,670,DEU_AachenBendplatz-1_1740_T-59,10003,R_IN4,intersection,1.0,0.0,10013,ok,False,false,validation_failed,9.271883633999096,0.005573309999817866,0.09896043499975349,0.10453374499957135,1.076729346999855,10.484543304000908,669,1394,12156,0.012626325991732301,0.010030508041381836,10.421580299652543,,,,,,,,,,,,,,,,,,,,,,
case,671,DEU_AachenBendplatz-1_174300_T-4319,10316,R_IN4,intersection,1.0,0.0,10318,ok,False,false,validation_failed,8.687825199000144,0.003004166999744484,0.07491794800080243,0.07792211500054691,0.6880873310001334,10.067217537000033,488,1050,9532,0.0074956300704798196,0.017589092254638672,4.430138512690839,,,,,,,,,,,,,,,,,,,,,,
case,672,DEU_AachenBendplatz-1_72340_T-2359,10096,R_IN4,intersection,1.0,0.0,10097,ok,True,true,success,8.047744354000315,0.0031823250010347692,0.05912366400116298,0.06230598900219775,0.6879560279994621,8.82115979899936,554,1006,9428,0.007528399013608578,0.00838017463684082,7.434927278041311,,,,,,,,,,,,,,,,,,,,,,
case,673,DEU_AachenBendplatz-1_83000_T-3019,10226,R_IN4,intersection,1.0,0.0,10231,ok,False,false,validation_failed,8.78147561699916,0.004189088000202901,0.0976113090000581,0.101800397000261,0.9381044530000509,9.851037790000191,567,1047,10148,0.01066363987774821,0.00836634635925293,12.167843958273709,,,,,,,,,,,,,,,,,,,,,,
case,674,DEU_AachenBendplatz-1_8340_T-359,10030,R_IN4,intersection,1.0,0.0,10029,ok,True,true,success,9.524659389999215,0.0029532959997595754,0.6641869560007763,0.6671402520005358,0.7343623100005061,10.94793216799917,1049,1782,18292,0.5501397160860506,0.009006261825561523,74.07515625484727,,,,,,,,,,,,,,,,,,,,,,
case,675,DEU_AachenBendplatz-1_83420_T-3439,10259,R_IN4,intersection,1.0,0.0,10262,ok,False,false,validation_failed,9.062765214001047,0.00402908199976082,0.07758620599997812,0.08161528799973894,0.6939281439990737,9.859522212998854,663,1122,10652,0.010926409062449238,0.06785202026367188,1.2028424162255336,,,,,,,,,,,,,,,,,,,,,,
case,676,DEU_AachenBendplatz-1_92260_T-2279,10121,R_IN4,intersection,1.0,0.0,10129,ok,False,false,validation_failed,8.489939905000938,0.005021255001338432,0.05508460999953968,0.06010586500087811,0.701968418999968,9.271892954000577,543,995,8492,0.00823069399848464,0.00870966911315918,6.901050340714546,,,,,,,,,,,,,,,,,,,,,,
case,677,DEU_AachenBendplatz-1_92340_T-2359,10140,R_IN4,intersection,1.0,0.0,10143,ok,True,true,success,8.253749016999791,0.0024063960008788854,0.06592000300042855,0.06832639900130744,1.2907934029990429,9.634941516000254,513,1053,9588,0.007462393041350879,0.010359048843383789,6.595817824041515,,,,,,,,,,,,,,,,,,,,,,
case,678,DEU_AachenBendplatz-1_93620_T-3639,10217,R_IN4,intersection,1.0,0.0,10215,ok,True,true,success,8.911343083000247,0.003691780000735889,0.09813437899902056,0.10182615899975644,1.3980876989990065,10.432118875000015,820,1448,14224,0.011607075934080058,0.009562969207763672,10.647964746878944,,,,,,,,,,,,,,,,,,,,,,
case,679,DEU_AachenFrankenburg-1_206020_T-6039,10462,R_IN4,intersection,1.0,0.0,10457,ok,False,false,validation_failed,8.296310366999023,0.003041762000066228,0.038170117999470676,0.041211879999536905,0.3859094159997767,8.742850712998916,369,851,6680,0.005304855050781043,0.010314702987670898,3.995449994905061,,,,,,,,,,,,,,,,,,,,,,
case,680,DEU_AachenFrankenburg-1_2120_T-39,10023,R_IN4,intersection,1.0,0.0,,error,,false,setup_error,,,,,,7.641501078998772,,,,,0.01012420654296875,,ValueError: conflict area does not intersect the fixed reference path,,,,,,,,,,,,,,,,,,,,,
case,681,DEU_AachenFrankenburg-1_232260_T-2279,10208,R_IN4,intersection,1.0,0.0,10224,ok,True,true,success,9.70104122399971,0.003011628001331701,0.023438211999746272,0.026449840001077973,0.4008491810000123,10.14905273900149,182,511,3556,0.004939144977470278,0.011821985244750977,2.2373433440734365,,,,,,,,,,,,,,,,,,,,,,
case,682,DEU_AachenFrankenburg-1_264440_T-4459,10391,R_IN4,intersection,1.0,0.0,10394,ok,True,true,success,7.525542355999278,0.003370817999893916,0.03449135200025921,0.03786217000015313,0.38883183500001905,7.972077727999931,369,720,6648,0.00529693195130676,0.011811256408691406,3.205600546635492,,,,,,,,,,,,,,,,,,,,,,
case,683,DEU_AachenFrankenburg-1_265260_T-5279,10453,R_IN4,intersection,1.0,0.0,10454,ok,True,true,success,7.856433314000242,0.0033608889989409363,0.06122156400124368,0.06458245300018461,0.46053844800007937,8.404609415998493,697,1227,11916,0.010032869922724785,0.011926889419555664,5.414861388275589,,,,,,,,,,,,,,,,,,,,,,
case,684,DEU_AAH1-2_7900_T-1049_in5_variant_01,10020,R_IN5,intersection,1.0,0.0,10019,ok,True,true,success,9.12401453700113,0.007521659001213266,0.022454674000982777,0.029976333002196043,0.9224174009996204,10.098613955000474,150,150,600,0.0007836679869797081,0.01920914649963379,1.5605239411739362,,,,,,,,,,,,,,,,,,,,,,
case,685,DEU_AAH1-2_7900_T-1049_in5_variant_03,10020,R_IN5,intersection,1.0,0.0,10019,ok,True,true,success,9.558688009001344,0.007760294998661266,0.022789007998653688,0.030549302997314953,0.904245630999867,10.514098655999987,150,150,600,0.0006339679748634808,0.020023584365844727,1.525666056544027,,,,,,,,,,,,,,,,,,,,,,
case,686,DEU_AAH1-2_7900_T-1049_in5_variant_05,10020,R_IN5,intersection,1.0,0.0,10019,ok,True,true,success,9.06976693300021,0.007057803999487078,0.02362647700101661,0.030684281000503688,0.9005358670001442,10.022797180999987,150,150,600,0.0006806619767303346,0.02051377296447754,1.4957892462609292,,,,,,,,,,,,,,,,,,,,,,
case,687,DEU_AAH1-2_7900_T-1049_in5_variant_06,10020,R_IN5,intersection,1.0,0.0,10019,ok,True,true,success,10.045057031999022,0.007414755000354489,0.025125776999630034,0.03254053199998452,0.9292308259991842,11.027343468000254,150,150,600,0.0006786270205338951,0.019649267196655273,1.6560684769721905,,,,,,,,,,,,,,,,,,,,,,
case,688,DEU_AAH1-2_7900_T-1049_in5_variant_07,10020,R_IN5,intersection,1.0,0.0,10019,ok,True,true,success,9.08956823600056,0.007353272998443572,0.021756418000222766,0.029109690998666338,1.3980594050008222,10.537620981000146,150,150,600,0.0006572179881914053,0.019144773483276367,1.5205032863979653,,,,,,,,,,,,,,,,,,,,,,
case,689,DEU_AAH1-2_7900_T-1049_in5_variant_09,10020,R_IN5,intersection,1.0,0.0,10019,ok,True,true,success,9.387744245001159,0.008564211000702926,0.026705842999945162,0.03527005400064809,0.9708379200001218,10.41619701899981,150,150,600,0.0007214670113171451,0.020847558975219727,1.6918073738307462,,,,,,,,,,,,,,,,,,,,,,
case,690,DEU_AachenBendplatz-1_121500_T-1519,10086,R_IN5,intersection,1.0,0.0,10087,ok,True,true,success,8.171622149000541,0.0027509280007507186,0.06326470199928735,0.06601563000003807,0.7278671759995632,8.985272645000805,548,1157,9936,0.008190592847313383,0.009272575378417969,7.119449269044526,,,,,,,,,,,,,,,,,,,,,,
case,691,DEU_AachenBendplatz-1_122380_T-2399,10145,R_IN5,intersection,1.0,0.0,10137,ok,False,false,validation_failed,8.642727865999404,0.003976748999775737,0.021075668999401387,0.025052417999177123,0.8020616920002794,9.49089874099991,195,513,3440,0.00398974705785804,0.044341325759887695,0.5649902787038493,,,,,,,,,,,,,,,,,,,,,,
case,692,DEU_AachenBendplatz-1_12960_T-979,10047,R_IN5,intersection,1.0,0.0,10048,ok,False,false,validation_failed,8.028702966999845,0.002722967001318466,0.7266406119997555,0.729363579001074,0.6994758849996288,9.477987661000952,1215,2021,20848,0.02026468302756257,0.009851217269897461,74.0379142006951,,,,,,,,,,,,,,,,,,,,,,
case,693,DEU_AachenBendplatz-1_12960_T-979_in5_safe_variant_01,10047,R_IN5,intersection,1.0,0.0,10048,ok,False,false,validation_failed,8.445660258001226,0.0035026460009248694,0.0983260569992126,0.10182870300013747,0.6693309060010506,9.237555301000612,1100,1808,18840,0.017150256851891754,0.010576009750366211,9.628272420665223,,,,,,,,,,,,,,,,,,,,,,
case,694,DEU_AachenBendplatz-1_12960_T-979_in5_safe_variant_34,10047,R_IN5,intersection,1.0,0.0,10048,ok,True,true,success,8.222134517000086,0.002877476999856299,0.3019482500003505,0.3048257270002068,0.6864903700006835,9.232734100000016,1865,3096,33960,0.027118790785607416,0.009666919708251953,31.532870469587024,,,,,,,,,,,,,,,,,,,,,,
case,695,DEU_AachenBendplatz-1_131400_T-1419,10108,R_IN5,intersection,1.0,0.0,10107,ok,False,false,validation_failed,9.289145750000898,0.0024617729995952686,0.01626825099992857,0.018730023999523837,1.0182220610004151,10.349767804998919,127,394,2368,0.0021436499646370066,0.007378339767456055,2.538514705183017,,,,,,,,,,,,,,,,,,,,,,
case,696,DEU_AachenBendplatz-1_132900_T-2919,10204,R_IN5,intersection,1.0,0.0,10205,ok,False,false,validation_failed,9.389452763000008,0.002548873999330681,0.206218440000157,0.20876731399948767,0.7330229569997755,10.352429210000992,1755,2765,31700,0.029422684041492175,0.011172294616699219,18.686162615819615,,,,,,,,,,,,,,,,,,,,,,
case,697,DEU_AachenBendplatz-1_132900_T-2919_in5_safe_variant_02,10204,R_IN5,intersection,1.0,0.0,10205,ok,False,false,validation_failed,8.922534749999613,0.002060474000245449,0.32602478499939025,0.3280852589996357,0.7571855000005598,10.027766336999775,2443,3879,44972,0.041917701870261226,0.008683443069458008,37.78285368779572,,,,,,,,,,,,,,,,,,,,,,
case,698,DEU_AachenBendplatz-1_132900_T-2919_in5_safe_variant_13,10204,R_IN5,intersection,1.0,0.0,10205,ok,False,false,validation_failed,8.809504405000553,0.0024976980002975324,0.1626589759998751,0.16515667400017264,0.781115031999434,9.774910882999393,1480,2285,26496,0.023505872020905372,0.010126829147338867,16.30882397611819,,,,,,,,,,,,,,,,,,,,,,
case,699,DEU_AachenBendplatz-1_132900_T-2919_in5_safe_variant_24,10204,R_IN5,intersection,1.0,0.0,10205,ok,False,false,validation_failed,8.64136998899994,0.00260137700024643,0.7904105400011758,0.7930119170014223,0.7393007500013482,10.19482526899992,1474,2309,26404,0.6470003263439139,0.009981393814086914,79.44901601640352,,,,,,,,,,,,,,,,,,,,,,
case,700,DEU_AachenBendplatz-1_132900_T-2919_in5_safe_variant_35,10204,R_IN5,intersection,1.0,0.0,10205,ok,False,false,validation_failed,8.3457441139999,0.003999385000497568,0.16056295199996384,0.1645623370004614,0.7063087730002735,9.236969708999823,1492,2317,26736,0.021752970802481286,0.010833024978637695,15.190801952822222,,,,,,,,,,,,,,,,,,,,,,
case,701,DEU_AachenBendplatz-1_13560_T-579,10037,R_IN5,intersection,1.0,0.0,10046,ok,True,true,success,8.256084982000175,0.003188839000358712,0.9131131049998658,0.9163019440002245,0.6961269750008796,9.888855088998753,1279,2146,24088,0.03173941207023745,0.008868932723999023,103.31592002279409,,,,,,,,,,,,,,,,,,,,,,
case,702,DEU_AachenBendplatz-1_141560_T-1579,10095,R_IN5,intersection,1.0,0.0,10099,ok,False,false,validation_failed,10.654038074999335,0.0035086200005025603,0.04592635699918901,0.04943497699969157,0.7655085490005149,11.489912869999898,265,710,5184,0.004608131979694008,0.04941868782043457,1.000329615778472,,,,,,,,,,,,,,,,,,,,,,
case,703,DEU_AachenBendplatz-1_161740_T-1759,10135,R_IN5,intersection,1.0,0.0,10142,ok,False,false,validation_failed,10.780519515999913,0.00303327000074205,0.06755599499956588,0.07058926500030793,0.7316025810014253,11.604365430999678,501,1106,9136,0.00827270908303035,0.007704734802246094,9.161803334195184,,,,,,,,,,,,,,,,,,,,,,
case,704,DEU_AachenBendplatz-1_83820_T-3839,10288,R_IN5,intersection,1.0,0.0,10294,ok,False,false,validation_failed,8.415628385000673,0.003066930999921169,0.07461807799882081,0.07768500899874198,0.7013686099999177,9.215601488000175,702,1257,11244,0.009571260010488913,0.008545637130737305,9.090604692226082,,,,,,,,,,,,,,,,,,,,,,
case,705,DEU_AachenBendplatz-1_83820_T-3839_in5_safe_variant_15,10288,R_IN5,intersection,1.0,0.0,10294,ok,False,false,validation_failed,11.068835489000776,0.0035177270001440775,0.05576786900019215,0.05928559600033623,0.7020754540008056,11.850945318999948,498,1011,8816,0.009678789079771377,0.009023666381835938,6.5700119543065485,,,,,,,,,,,,,,,,,,,,,,
case,706,DEU_AachenBendplatz-1_83820_T-3839_in5_safe_variant_26,10288,R_IN5,intersection,1.0,0.0,10294,ok,False,false,validation_failed,8.44336037299945,0.00357266500031983,0.052931732001525233,0.056504397001845064,0.6951042590008001,9.21443831599936,510,1042,9052,0.009330249042250216,0.009786844253540039,5.773505283013637,,,,,,,,,,,,,,,,,,,,,,
case,707,DEU_AachenBendplatz-1_83820_T-3839_in5_safe_variant_37,10288,R_IN5,intersection,1.0,0.0,10294,ok,False,false,validation_failed,8.664824952000345,0.003289651998784393,0.056900864001363516,0.06019051600014791,0.7266250929988018,9.473806269001216,500,1021,8856,0.009294827903431724,0.00935816764831543,6.431869812781442,,,,,,,,,,,,,,,,,,,,,,
case,708,DEU_AachenBendplatz-1_84280_T-4299,10331,R_IN5,intersection,1.0,0.0,10329,ok,True,true,success,8.25199256399901,0.004838607001147466,0.2617998789992271,0.26663848600037454,0.6994486509993294,9.239468350000607,1988,3204,36408,0.031377647785120644,0.012066364288330078,22.097665844404563,,,,,,,,,,,,,,,,,,,,,,
case,709,DEU_AachenBendplatz-1_84280_T-4299_in5_safe_variant_05,10331,R_IN5,intersection,1.0,0.0,10329,ok,True,true,success,8.39252810400103,0.00477764099923661,0.04413888999988558,0.04891653099912219,0.6974782849993062,9.159393408001051,501,1024,8752,0.008152598100423347,0.011364221572875977,4.304433056451111,,,,,,,,,,,,,,,,,,,,,,
case,710,DEU_AachenBendplatz-1_84280_T-4299_in5_safe_variant_16,10331,R_IN5,intersection,1.0,0.0,10329,ok,True,true,success,9.219939350999994,0.004726781000499614,0.23105988999850524,0.23578667099900485,0.7686230300005263,10.255948673000603,1828,3030,34024,0.03141436410987808,0.011654138565063477,20.232011974341976,,,,,,,,,,,,,,,,,,,,,,
case,711,DEU_AachenBendplatz-1_84280_T-4299_in5_safe_variant_27,10331,R_IN5,intersection,1.0,0.0,10329,ok,True,true,success,9.000798658998974,0.004688316001193016,0.21651223600019875,0.22120055200139177,1.1431878460007283,10.386540998000783,1767,2936,32900,0.02898816016750061,0.01263570785522461,17.505988151659412,,,,,,,,,,,,,,,,,,,,,,
case,712,DEU_AachenFrankenburg-1_206020_T-6039,10462,R_IN5,intersection,1.0,0.0,10457,ok,False,false,validation_failed,8.334172581999155,0.0020769819984707283,0.037631504999808385,0.03970848699827911,0.8554424240010121,9.24985906099937,353,820,6384,0.005769650992078823,0.00877523422241211,4.5250629204703054,,,,,,,,,,,,,,,,,,,,,,
case,713,DEU_AachenFrankenburg-1_206020_T-6039_in5_safe_variant_06,10462,R_IN5,intersection,1.0,0.0,10457,ok,False,false,validation_failed,8.587312317000396,0.0020583479999913834,0.3581997590008541,0.3602581070008455,0.38469911299944215,9.351024503999724,633,1327,11408,0.011604889030422783,0.008952856063842773,40.23946151170606,,,,,,,,,,,,,,,,,,,,,,
case,714,DEU_AachenFrankenburg-1_252340_T-2359,10218,R_IN5,intersection,1.0,0.0,10214,ok,True,true,success,7.893321974001083,0.002394936000200687,0.03637225399870658,0.03876718999890727,0.39515323500017985,8.34787110599973,281,685,5620,0.006191768987264368,0.01010894775390625,3.834938209461716,,,,,,,,,,,,,,,,,,,,,,
case,715,DEU_AachenFrankenburg-1_263760_T-3779,10333,R_IN5,intersection,1.0,0.0,10342,ok,False,false,validation_failed,8.120097419001468,0.003565066999726696,0.07838605999859283,0.08195112699831952,0.3858291289998306,8.616381054000158,686,1438,12520,0.010764247152110329,0.010133028030395508,8.087525935238219,,,,,,,,,,,,,,,,,,,,,,
case,716,DEU_AachenFrankenburg-1_295880_T-5899,10562,R_IN5,intersection,1.0,0.0,10564,ok,True,true,success,7.558265689998734,0.002052249999906053,0.021934073000011267,0.02398632299991732,0.3218654599986621,7.9218858029998955,302,652,4924,0.00373411892724107,0.009999752044677734,2.398691776830986,,,,,,,,,,,,,,,,,,,,,,
case,717,DEU_AachenFrankenburg-1_295880_T-5899_in5_safe_variant_21,10562,R_IN5,intersection,1.0,0.0,10564,ok,False,false,validation_failed,6.931251422000059,0.0020459429997572443,0.04107757500059961,0.04312351800035685,0.34753109899975243,7.339407945999483,555,1029,9360,0.0071882720021676505,0.010777950286865234,4.0010871132807315,,,,,,,,,,,,,,,,,,,,,,
case,718,DEU_AachenFrankenburg-1_295880_T-5899_in5_safe_variant_32,10562,R_IN5,intersection,1.0,0.0,10564,ok,False,false,validation_failed,5.522076454000853,0.0018247560001327656,0.03337903300052858,0.035203789000661345,0.3202456919989345,5.893971691000843,485,925,8116,0.005464689027576242,0.010322332382202148,3.4104490823566205,,,,,,,,,,,,,,,,,,,,,,
rule_summary,,,,R_G1,,,,,,,,,,,,,,,,,,,,,,100,100,0,0,100,1.0,0.004860711410001386,0.1845884206300434,0.08763177849959902,0.6362839869998425,0.1894491320400448,0.09118633599973691,0.6422543980006594,0.0911817079499815,1.358669449849931,666.24,1363.79,13313.52,0.027980603389514726,0.009492788314819336,10.030108113819868
rule_summary,,,,R_G1_MONA,,,,,,,,,,,,,,,,,,,,,,93,93,0,0,93,1.0,0.0029146411504752316,0.08192081205389289,0.04369364800004405,0.12839074399926176,0.08483545320436811,0.04863047500111861,0.13071905299875652,0.09504892238723558,1.3451607833226116,190.752688172043,502.1290322580645,3802.494623655914,0.011512433127576006,0.013141024497247512,3.4533183581313507
rule_summary,,,,R_G1_R_G3,,,,,,,,,,,,,,,,,,,,,,87,87,0,0,78,0.896551724137931,0.009050655195514783,0.19320266759769902,0.1250651320006,0.667594022999765,0.20225332279321379,0.13423752300150227,0.6748654840012023,0.28872128691941257,1.9315854080689432,685.1609195402299,1400.4252873563219,17114.310344827587,0.03005681171089236,0.01052774780098049,13.23125236207838
rule_summary,,,,R_G2,,,,,,,,,,,,,,,,,,,,,,69,69,0,0,33,0.4782608695652174,0.004601177362138001,0.24121039352178122,0.20822065600077622,0.6526244410015352,0.24581157088391922,0.2142146700007288,0.6600880800015148,0.25093376315941196,1.4964064012898577,1139.840579710145,2348.159420289855,22764.521739130436,0.0325333891176843,0.006271054779273876,33.544231373125236
rule_summary,,,,R_G3,,,,,,,,,,,,,,,,,,,,,,100,100,0,0,100,1.0,0.0010735664499770792,0.1374472189199878,0.07948688800024684,0.48946067199904064,0.13852078536996487,0.08063594450140954,0.4905538719995093,0.11026861456006372,1.1913378901899159,442.88,993.99,8846.32,0.020699019283765666,0.00937772035598755,8.786287311293824
rule_summary,,,,R_IN1,,,,,,,,,,,,,,,,,,,,,,77,73,0,4,71,0.9726027397260274,0.0014394681506741582,0.2551467267807909,0.13959702700049093,0.8402035449998948,0.25658619493146506,0.140975715001332,0.8418299029999616,1.0643162947809002,12.594100039835698,1168.986301369863,1815.7534246575342,19411.068493150684,0.023803665869072326,0.008572875636897674,18.31882413200777
rule_summary,,,,R_IN3,,,,,,,,,,,,,,,,,,,,,,85,0,0,85,0,,,,,,,,,,,,,,,,
rule_summary,,,,R_IN3_hand_draft,,,,,,,,,,,,,,,,,,,,,,49,44,0,5,20,0.45454545454545453,0.0028666129771657074,0.10878776629550141,0.08036611399984395,0.2789315259997238,0.11165437927266711,0.08289967149994482,0.2817826350001269,0.42591597275002807,8.833346681908965,618.8636363636364,1166.4545454545455,11197.181818181818,0.022539133452317565,0.01651800220662897,5.261345581953143
rule_summary,,,,R_IN4,,,,,,,,,,,,,,,,,,,,,,24,23,0,1,12,0.5217391304347826,0.0036091277827084846,0.08541128373911741,0.05912366400116298,0.1764606430006097,0.0890204115218259,0.06230598900219775,0.1791647270001704,0.7562412906954705,9.641905145956354,532.4347826086956,1011.1739130434783,9172.347826086956,0.031879343688279216,0.01615540877632473,5.414861388275589
rule_summary,,,,R_IN5,,,,,,,,,,,,,,,,,,,,,,35,35,0,0,15,0.42857142857142855,0.0038828478857924763,0.16123321671418256,0.056900864001363516,0.7904105400011758,0.16511606459997502,0.06019051600014791,0.7930119170014223,0.7338178182001034,9.642213322771516,806.5142857142857,1394.4857142857143,14174.057142857142,0.0308502477435208,0.013736248016357422,6.5700119543065485
