<?xml version="1.0" encoding="UTF-8"?>
<osm generator="VMB">
  <MetaInfo format_version="1" map_version="8"/>
  <node id="32613" lat="48.26435284102" lon="11.66927571767">
    <tag k="local_x" v="98088.52"/>
    <tag k="local_y" v="49127.0618"/>
    <tag k="ele" v="520.4546"/>
  </node>
  <node id="32614" lat="48.2643012416" lon="11.66970798462">
    <tag k="local_x" v="98120.7957"/>
    <tag k="local_y" v="49122.4432"/>
    <tag k="ele" v="520.5149"/>
  </node>
  <node id="32615" lat="48.26432471826" lon="11.6692680438">
    <tag k="local_x" v="98088.0593"/>
    <tag k="local_y" v="49123.9165"/>
    <tag k="ele" v="520.4272"/>
  </node>
  <node id="32616" lat="48.26427336006" lon="11.66970050232">
    <tag k="local_x" v="98120.3483"/>
    <tag k="local_y" v="49119.3252"/>
    <tag k="ele" v="520.4338"/>
  </node>
  <node id="32621" lat="48.26456464343" lon="11.66747041366">
    <tag k="local_x" v="97953.7399"/>
    <tag k="local_y" v="49145.942"/>
    <tag k="ele" v="520.5773"/>
  </node>
  <node id="32622" lat="48.26456481984" lon="11.66746572095">
    <tag k="local_x" v="97953.391"/>
    <tag k="local_y" v="49145.9495"/>
    <tag k="ele" v="520.5746"/>
  </node>
  <node id="32623" lat="48.26456442763" lon="11.66746098786">
    <tag k="local_x" v="97953.0413"/>
    <tag k="local_y" v="49145.8937"/>
    <tag k="ele" v="520.572"/>
  </node>
  <node id="32624" lat="48.26456351118" lon="11.66745631776">
    <tag k="local_x" v="97952.6983"/>
    <tag k="local_y" v="49145.7798"/>
    <tag k="ele" v="520.5696"/>
  </node>
  <node id="32625" lat="48.26456212303" lon="11.66745181177">
    <tag k="local_x" v="97952.3693"/>
    <tag k="local_y" v="49145.6139"/>
    <tag k="ele" v="520.5673"/>
  </node>
  <node id="32626" lat="48.2645603204" lon="11.66744756316">
    <tag k="local_x" v="97952.061"/>
    <tag k="local_y" v="49145.4026"/>
    <tag k="ele" v="520.5651"/>
  </node>
  <node id="32627" lat="48.26455859689" lon="11.66744444124">
    <tag k="local_x" v="97951.836"/>
    <tag k="local_y" v="49145.203"/>
    <tag k="ele" v="520.5634"/>
  </node>
  <node id="32628" lat="48.26455902778" lon="11.66744522105">
    <tag k="local_x" v="97951.8922"/>
    <tag k="local_y" v="49145.2529"/>
    <tag k="ele" v="520.5638"/>
  </node>
  <node id="32629" lat="48.26455945865" lon="11.6674460022">
    <tag k="local_x" v="97951.9485"/>
    <tag k="local_y" v="49145.3028"/>
    <tag k="ele" v="520.5642"/>
  </node>
  <node id="32630" lat="48.26455988951" lon="11.66744678335">
    <tag k="local_x" v="97952.0048"/>
    <tag k="local_y" v="49145.3527"/>
    <tag k="ele" v="520.5646"/>
  </node>
  <node id="32631" lat="48.26455816603" lon="11.66744366009">
    <tag k="local_x" v="97951.7797"/>
    <tag k="local_y" v="49145.1531"/>
    <tag k="ele" v="520.563"/>
  </node>
  <node id="32632" lat="48.26455573286" lon="11.66744017779">
    <tag k="local_x" v="97951.5307"/>
    <tag k="local_y" v="49144.8737"/>
    <tag k="ele" v="520.561"/>
  </node>
  <node id="32633" lat="48.26455309686" lon="11.66743717681">
    <tag k="local_x" v="97951.3182"/>
    <tag k="local_y" v="49144.573"/>
    <tag k="ele" v="520.5591"/>
  </node>
  <node id="32634" lat="48.26454755353" lon="11.6674327469">
    <tag k="local_x" v="97951.0109"/>
    <tag k="local_y" v="49143.9455"/>
    <tag k="ele" v="520.5554"/>
  </node>
  <node id="32635" lat="48.26454220923" lon="11.66743032454">
    <tag k="local_x" v="97950.8518"/>
    <tag k="local_y" v="49143.3453"/>
    <tag k="ele" v="520.5519"/>
  </node>
  <node id="32636" lat="48.26453412643" lon="11.66742861938">
    <tag k="local_x" v="97950.7565"/>
    <tag k="local_y" v="49142.4426"/>
    <tag k="ele" v="520.545"/>
  </node>
  <node id="32637" lat="48.26451837916" lon="11.66742463114">
    <tag k="local_x" v="97950.5214"/>
    <tag k="local_y" v="49140.6822"/>
    <tag k="ele" v="520.5235"/>
  </node>
  <node id="32638" lat="48.26459476435" lon="11.66747736722">
    <tag k="local_x" v="97954.1395"/>
    <tag k="local_y" v="49149.3075"/>
    <tag k="ele" v="520.6547"/>
  </node>
  <node id="32639" lat="48.26459554766" lon="11.66746672532">
    <tag k="local_x" v="97953.3468"/>
    <tag k="local_y" v="49149.3671"/>
    <tag k="ele" v="520.6594"/>
  </node>
  <node id="32640" lat="48.26459571802" lon="11.66745570381">
    <tag k="local_x" v="97952.5283"/>
    <tag k="local_y" v="49149.3576"/>
    <tag k="ele" v="520.6643"/>
  </node>
  <node id="32641" lat="48.26459520188" lon="11.6674443703">
    <tag k="local_x" v="97951.6893"/>
    <tag k="local_y" v="49149.271"/>
    <tag k="ele" v="520.6695"/>
  </node>
  <node id="32642" lat="48.26459392059" lon="11.66743281905">
    <tag k="local_x" v="97950.8371"/>
    <tag k="local_y" v="49149.0988"/>
    <tag k="ele" v="520.6748"/>
  </node>
  <node id="32643" lat="48.26459179507" lon="11.66742119959">
    <tag k="local_x" v="97949.9831"/>
    <tag k="local_y" v="49148.8326"/>
    <tag k="ele" v="520.6802"/>
  </node>
  <node id="32644" lat="48.26458876208" lon="11.66740971751">
    <tag k="local_x" v="97949.1428"/>
    <tag k="local_y" v="49148.4659"/>
    <tag k="ele" v="520.6857"/>
  </node>
  <node id="32645" lat="48.26458479299" lon="11.66739863679">
    <tag k="local_x" v="97948.3359"/>
    <tag k="local_y" v="49147.9962"/>
    <tag k="ele" v="520.6911"/>
  </node>
  <node id="32646" lat="48.26457992034" lon="11.667388261">
    <tag k="local_x" v="97947.5848"/>
    <tag k="local_y" v="49147.4279"/>
    <tag k="ele" v="520.6965"/>
  </node>
  <node id="32647" lat="48.26457424614" lon="11.66737888655">
    <tag k="local_x" v="97946.9111"/>
    <tag k="local_y" v="49146.7731"/>
    <tag k="ele" v="520.7018"/>
  </node>
  <node id="32648" lat="48.26456794053" lon="11.66737074196">
    <tag k="local_x" v="97946.3311"/>
    <tag k="local_y" v="49146.0513"/>
    <tag k="ele" v="520.707"/>
  </node>
  <node id="32649" lat="48.26456120322" lon="11.66736394543">
    <tag k="local_x" v="97945.8528"/>
    <tag k="local_y" v="49145.285"/>
    <tag k="ele" v="520.7119"/>
  </node>
  <node id="32650" lat="48.26455423485" lon="11.66735849798">
    <tag k="local_x" v="97945.4755"/>
    <tag k="local_y" v="49144.4965"/>
    <tag k="ele" v="520.7165"/>
  </node>
  <node id="32651" lat="48.26454719874" lon="11.66735430165">
    <tag k="local_x" v="97945.1913"/>
    <tag k="local_y" v="49143.7037"/>
    <tag k="ele" v="520.7208"/>
  </node>
  <node id="32652" lat="48.26454021005" lon="11.66735120207">
    <tag k="local_x" v="97944.9883"/>
    <tag k="local_y" v="49142.919"/>
    <tag k="ele" v="520.7247"/>
  </node>
  <node id="32653" lat="48.26453333946" lon="11.66734902368">
    <tag k="local_x" v="97944.8532"/>
    <tag k="local_y" v="49142.1498"/>
    <tag k="ele" v="520.7282"/>
  </node>
  <node id="32654" lat="48.26452662236" lon="11.66734759717">
    <tag k="local_x" v="97944.7733"/>
    <tag k="local_y" v="49141.3996"/>
    <tag k="ele" v="520.7312"/>
  </node>
  <node id="32659" lat="48.26418858447" lon="11.66847277193">
    <tag k="local_x" v="98029.5727"/>
    <tag k="local_y" v="49106.7342"/>
    <tag k="ele" v="520.5645"/>
  </node>
  <node id="32660" lat="48.26424684247" lon="11.66848922353">
    <tag k="local_x" v="98030.5683"/>
    <tag k="local_y" v="49113.2513"/>
    <tag k="ele" v="520.5782"/>
  </node>
  <node id="32661" lat="48.26425277419" lon="11.66849087609">
    <tag k="local_x" v="98030.668"/>
    <tag k="local_y" v="49113.9148"/>
    <tag k="ele" v="520.5808"/>
  </node>
  <node id="32662" lat="48.26417819597" lon="11.66855888695">
    <tag k="local_x" v="98036.003"/>
    <tag k="local_y" v="49105.8019"/>
    <tag k="ele" v="520.4631"/>
  </node>
  <node id="32663" lat="48.26421438853" lon="11.66856886609">
    <tag k="local_x" v="98036.6036"/>
    <tag k="local_y" v="49109.85"/>
    <tag k="ele" v="520.4678"/>
  </node>
  <node id="32664" lat="48.26424217934" lon="11.66857657752">
    <tag k="local_x" v="98037.0684"/>
    <tag k="local_y" v="49112.9585"/>
    <tag k="ele" v="520.4728"/>
  </node>
  <node id="32669" lat="48.26453465451" lon="11.66772293319">
    <tag k="local_x" v="97972.5938"/>
    <tag k="local_y" v="49143.2606"/>
    <tag k="ele" v="520.5056"/>
  </node>
  <node id="32670" lat="48.26453303734" lon="11.66773678079">
    <tag k="local_x" v="97973.6276"/>
    <tag k="local_y" v="49143.1166"/>
    <tag k="ele" v="520.5036"/>
  </node>
  <node id="32671" lat="48.26450488429" lon="11.6677151757">
    <tag k="local_x" v="97972.1332"/>
    <tag k="local_y" v="49139.932"/>
    <tag k="ele" v="520.4911"/>
  </node>
  <node id="32672" lat="48.26450323654" lon="11.66772913894">
    <tag k="local_x" v="97973.1757"/>
    <tag k="local_y" v="49139.7849"/>
    <tag k="ele" v="520.4945"/>
  </node>
  <node id="32677" lat="48.26420684185" lon="11.67047345808">
    <tag k="local_x" v="98177.9625"/>
    <tag k="local_y" v="49113.9286"/>
    <tag k="ele" v="520.5067"/>
  </node>
  <node id="32678" lat="48.26419144764" lon="11.67061027484">
    <tag k="local_x" v="98188.1745"/>
    <tag k="local_y" v="49112.5711"/>
    <tag k="ele" v="520.5142"/>
  </node>
  <node id="32679" lat="48.26419657906" lon="11.67056466926">
    <tag k="local_x" v="98184.7705"/>
    <tag k="local_y" v="49113.0236"/>
    <tag k="ele" v="520.5117"/>
  </node>
  <node id="32680" lat="48.26420171047" lon="11.67051906368">
    <tag k="local_x" v="98181.3665"/>
    <tag k="local_y" v="49113.4761"/>
    <tag k="ele" v="520.5092"/>
  </node>
  <node id="32681" lat="48.2641863162" lon="11.6706558804">
    <tag k="local_x" v="98191.5785"/>
    <tag k="local_y" v="49112.1186"/>
    <tag k="ele" v="520.5167"/>
  </node>
  <node id="32682" lat="48.26417566656" lon="11.67046530372">
    <tag k="local_x" v="98177.478"/>
    <tag k="local_y" v="49110.4428"/>
    <tag k="ele" v="520.4752"/>
  </node>
  <node id="32683" lat="48.26417165475" lon="11.67048964288">
    <tag k="local_x" v="98179.2996"/>
    <tag k="local_y" v="49110.0598"/>
    <tag k="ele" v="520.4596"/>
  </node>
  <node id="32684" lat="48.26416909219" lon="11.67050516732">
    <tag k="local_x" v="98180.4615"/>
    <tag k="local_y" v="49109.8151"/>
    <tag k="ele" v="520.4496"/>
  </node>
  <node id="32685" lat="48.26415752728" lon="11.67057586308">
    <tag k="local_x" v="98185.7522"/>
    <tag k="local_y" v="49108.7124"/>
    <tag k="ele" v="520.3925"/>
  </node>
  <node id="32686" lat="48.26414579176" lon="11.67064538017">
    <tag k="local_x" v="98190.9561"/>
    <tag k="local_y" v="49107.5877"/>
    <tag k="ele" v="520.4266"/>
  </node>
  <node id="32691" lat="48.26452192524" lon="11.66783017513">
    <tag k="local_x" v="97980.6008"/>
    <tag k="local_y" v="49142.1226"/>
    <tag k="ele" v="520.4881"/>
  </node>
  <node id="32692" lat="48.2645190671" lon="11.66785395078">
    <tag k="local_x" v="97982.3761"/>
    <tag k="local_y" v="49141.8663"/>
    <tag k="ele" v="520.4833"/>
  </node>
  <node id="32693" lat="48.26449229275" lon="11.66782253122">
    <tag k="local_x" v="97980.1481"/>
    <tag k="local_y" v="49138.8096"/>
    <tag k="ele" v="520.4722"/>
  </node>
  <node id="32694" lat="48.26448944219" lon="11.66784605793">
    <tag k="local_x" v="97981.9049"/>
    <tag k="local_y" v="49138.5535"/>
    <tag k="ele" v="520.4657"/>
  </node>
  <node id="32699" lat="48.26454911764" lon="11.66786195879">
    <tag k="local_x" v="97982.8542"/>
    <tag k="local_y" v="49145.2267"/>
    <tag k="ele" v="520.6311"/>
  </node>
  <node id="32700" lat="48.26455182333" lon="11.66783788949">
    <tag k="local_x" v="97981.0577"/>
    <tag k="local_y" v="49145.4653"/>
    <tag k="ele" v="520.6406"/>
  </node>
  <node id="32704" lat="48.26502537622" lon="11.66965542405">
    <tag k="local_x" v="98114.0952"/>
    <tag k="local_y" v="49202.7859"/>
    <tag k="ele" v="520.4741"/>
  </node>
  <node id="32705" lat="48.26502419344" lon="11.66966516518">
    <tag k="local_x" v="98114.8226"/>
    <tag k="local_y" v="49202.6796"/>
    <tag k="ele" v="520.4741"/>
  </node>
  <node id="32706" lat="48.2650217512" lon="11.66968527548">
    <tag k="local_x" v="98116.3243"/>
    <tag k="local_y" v="49202.4601"/>
    <tag k="ele" v="520.4739"/>
  </node>
  <node id="32707" lat="48.26498681061" lon="11.66964542405">
    <tag k="local_x" v="98113.5023"/>
    <tag k="local_y" v="49198.474"/>
    <tag k="ele" v="520.6114"/>
  </node>
  <node id="32708" lat="48.26498504974" lon="11.66966037333">
    <tag k="local_x" v="98114.6184"/>
    <tag k="local_y" v="49198.3169"/>
    <tag k="ele" v="520.6127"/>
  </node>
  <node id="32709" lat="48.26498328887" lon="11.66967532262">
    <tag k="local_x" v="98115.7345"/>
    <tag k="local_y" v="49198.1598"/>
    <tag k="ele" v="520.614"/>
  </node>
  <node id="32714" lat="48.26422383444" lon="11.6703419237">
    <tag k="local_x" v="98168.1363"/>
    <tag k="local_y" v="49115.4774"/>
    <tag k="ele" v="520.5188"/>
  </node>
  <node id="32715" lat="48.26421503597" lon="11.67040760777">
    <tag k="local_x" v="98173.0444"/>
    <tag k="local_y" v="49114.6692"/>
    <tag k="ele" v="520.5127"/>
  </node>
  <node id="32716" lat="48.2642109389" lon="11.6704405336">
    <tag k="local_x" v="98175.5035"/>
    <tag k="local_y" v="49114.2989"/>
    <tag k="ele" v="520.5097"/>
  </node>
  <node id="32717" lat="48.2641929445" lon="11.67033345412">
    <tag k="local_x" v="98167.6273"/>
    <tag k="local_y" v="49112.0225"/>
    <tag k="ele" v="520.4332"/>
  </node>
  <node id="32718" lat="48.26418473796" lon="11.67039945336">
    <tag k="local_x" v="98172.5565"/>
    <tag k="local_y" v="49111.2809"/>
    <tag k="ele" v="520.4541"/>
  </node>
  <node id="32719" lat="48.26418042386" lon="11.67043242581">
    <tag k="local_x" v="98175.0199"/>
    <tag k="local_y" v="49110.8866"/>
    <tag k="ele" v="520.4646"/>
  </node>
  <node id="32724" lat="48.2641863162" lon="11.6706558804">
    <tag k="local_x" v="98191.5785"/>
    <tag k="local_y" v="49112.1186"/>
    <tag k="ele" v="520.5167"/>
  </node>
  <node id="32725" lat="48.26420171047" lon="11.67051906368">
    <tag k="local_x" v="98181.3665"/>
    <tag k="local_y" v="49113.4761"/>
    <tag k="ele" v="520.5092"/>
  </node>
  <node id="32726" lat="48.26419743414" lon="11.67055706877">
    <tag k="local_x" v="98184.2032"/>
    <tag k="local_y" v="49113.099"/>
    <tag k="ele" v="520.5113"/>
  </node>
  <node id="32727" lat="48.26419829014" lon="11.67054946699">
    <tag k="local_x" v="98183.6358"/>
    <tag k="local_y" v="49113.1745"/>
    <tag k="ele" v="520.5109"/>
  </node>
  <node id="32728" lat="48.26419914522" lon="11.6705418665">
    <tag k="local_x" v="98183.0685"/>
    <tag k="local_y" v="49113.2499"/>
    <tag k="ele" v="520.5105"/>
  </node>
  <node id="32729" lat="48.26420000029" lon="11.67053426601">
    <tag k="local_x" v="98182.5012"/>
    <tag k="local_y" v="49113.3253"/>
    <tag k="ele" v="520.51"/>
  </node>
  <node id="32730" lat="48.26420085539" lon="11.67052666417">
    <tag k="local_x" v="98181.9338"/>
    <tag k="local_y" v="49113.4007"/>
    <tag k="ele" v="520.5096"/>
  </node>
  <node id="32731" lat="48.26419657906" lon="11.67056466926">
    <tag k="local_x" v="98184.7705"/>
    <tag k="local_y" v="49113.0236"/>
    <tag k="ele" v="520.5117"/>
  </node>
  <node id="32732" lat="48.26419144764" lon="11.67061027484">
    <tag k="local_x" v="98188.1745"/>
    <tag k="local_y" v="49112.5711"/>
    <tag k="ele" v="520.5142"/>
  </node>
  <node id="32733" lat="48.26420684185" lon="11.67047345808">
    <tag k="local_x" v="98177.9625"/>
    <tag k="local_y" v="49113.9286"/>
    <tag k="ele" v="520.5067"/>
  </node>
  <node id="32734" lat="48.26423743576" lon="11.67066912424">
    <tag k="local_x" v="98192.3635"/>
    <tag k="local_y" v="49117.8341"/>
    <tag k="ele" v="520.3608"/>
  </node>
  <node id="32735" lat="48.26423868667" lon="11.67065757833">
    <tag k="local_x" v="98191.5019"/>
    <tag k="local_y" v="49117.9433"/>
    <tag k="ele" v="520.3619"/>
  </node>
  <node id="32736" lat="48.26423945942" lon="11.67064593201">
    <tag k="local_x" v="98190.6347"/>
    <tag k="local_y" v="49117.9991"/>
    <tag k="ele" v="520.3677"/>
  </node>
  <node id="32737" lat="48.26423983497" lon="11.67062241669">
    <tag k="local_x" v="98188.8883"/>
    <tag k="local_y" v="49117.9801"/>
    <tag k="ele" v="520.3913"/>
  </node>
  <node id="32738" lat="48.26423909461" lon="11.67059871516">
    <tag k="local_x" v="98187.1324"/>
    <tag k="local_y" v="49117.8366"/>
    <tag k="ele" v="520.4269"/>
  </node>
  <node id="32739" lat="48.26423639586" lon="11.67055122166">
    <tag k="local_x" v="98183.6186"/>
    <tag k="local_y" v="49117.414"/>
    <tag k="ele" v="520.5144"/>
  </node>
  <node id="32740" lat="48.26423550686" lon="11.67052764311">
    <tag k="local_x" v="98181.8724"/>
    <tag k="local_y" v="49117.2543"/>
    <tag k="ele" v="520.5566"/>
  </node>
  <node id="32741" lat="48.2642356347" lon="11.67050433183">
    <tag k="local_x" v="98180.1421"/>
    <tag k="local_y" v="49117.2083"/>
    <tag k="ele" v="520.5913"/>
  </node>
  <node id="32742" lat="48.26423624598" lon="11.67049281861">
    <tag k="local_x" v="98179.2854"/>
    <tag k="local_y" v="49117.2465"/>
    <tag k="ele" v="520.6044"/>
  </node>
  <node id="32743" lat="48.26423731061" lon="11.67048142739">
    <tag k="local_x" v="98178.436"/>
    <tag k="local_y" v="49117.3354"/>
    <tag k="ele" v="520.6137"/>
  </node>
  <node id="32748" lat="48.26407009418" lon="11.66844417544">
    <tag k="local_x" v="98027.9087"/>
    <tag k="local_y" v="49093.4917"/>
    <tag k="ele" v="520.5577"/>
  </node>
  <node id="32749" lat="48.26412981311" lon="11.66845758062">
    <tag k="local_x" v="98028.6726"/>
    <tag k="local_y" v="49100.1633"/>
    <tag k="ele" v="520.5961"/>
  </node>
  <node id="32750" lat="48.26414963755" lon="11.66846244859">
    <tag k="local_x" v="98028.9572"/>
    <tag k="local_y" v="49102.3791"/>
    <tag k="ele" v="520.6018"/>
  </node>
  <node id="32751" lat="48.26418050897" lon="11.66847059803">
    <tag k="local_x" v="98029.4426"/>
    <tag k="local_y" v="49105.8311"/>
    <tag k="ele" v="520.5917"/>
  </node>
  <node id="32752" lat="48.26406158619" lon="11.66852793016">
    <tag k="local_x" v="98034.1566"/>
    <tag k="local_y" v="49092.7623"/>
    <tag k="ele" v="520.415"/>
  </node>
  <node id="32753" lat="48.26410533584" lon="11.66853946861">
    <tag k="local_x" v="98034.8437"/>
    <tag k="local_y" v="49097.6543"/>
    <tag k="ele" v="520.4424"/>
  </node>
  <node id="32754" lat="48.264083461" lon="11.66853370005">
    <tag k="local_x" v="98034.5002"/>
    <tag k="local_y" v="49095.2083"/>
    <tag k="ele" v="520.4287"/>
  </node>
  <node id="32755" lat="48.26412720975" lon="11.66854523846">
    <tag k="local_x" v="98035.1873"/>
    <tag k="local_y" v="49100.1002"/>
    <tag k="ele" v="520.4561"/>
  </node>
  <node id="32760" lat="48.26516559251" lon="11.66847687638">
    <tag k="local_x" v="98026.1008"/>
    <tag k="local_y" v="49215.3269"/>
    <tag k="ele" v="520.4988"/>
  </node>
  <node id="32761" lat="48.26515547558" lon="11.66856191423">
    <tag k="local_x" v="98032.45"/>
    <tag k="local_y" v="49214.422"/>
    <tag k="ele" v="520.5309"/>
  </node>
  <node id="32762" lat="48.26515388263" lon="11.6685752956">
    <tag k="local_x" v="98033.4491"/>
    <tag k="local_y" v="49214.2795"/>
    <tag k="ele" v="520.559"/>
  </node>
  <node id="32763" lat="48.26514245863" lon="11.66867132008">
    <tag k="local_x" v="98040.6186"/>
    <tag k="local_y" v="49213.2577"/>
    <tag k="ele" v="520.5767"/>
  </node>
  <node id="32764" lat="48.26512884373" lon="11.66878577939">
    <tag k="local_x" v="98049.1645"/>
    <tag k="local_y" v="49212.04"/>
    <tag k="ele" v="520.5273"/>
  </node>
  <node id="32765" lat="48.2651280585" lon="11.66846169941">
    <tag k="local_x" v="98025.1197"/>
    <tag k="local_y" v="49211.1163"/>
    <tag k="ele" v="520.5783"/>
  </node>
  <node id="32766" lat="48.26512675054" lon="11.66847265099">
    <tag k="local_x" v="98025.9374"/>
    <tag k="local_y" v="49210.9992"/>
    <tag k="ele" v="520.58"/>
  </node>
  <node id="32767" lat="48.26511368907" lon="11.66858196283">
    <tag k="local_x" v="98034.0992"/>
    <tag k="local_y" v="49209.8297"/>
    <tag k="ele" v="520.5964"/>
  </node>
  <node id="32768" lat="48.26510062843" lon="11.66869127332">
    <tag k="local_x" v="98042.2609"/>
    <tag k="local_y" v="49208.6603"/>
    <tag k="ele" v="520.6128"/>
  </node>
  <node id="32769" lat="48.26509109273" lon="11.66877126877">
    <tag k="local_x" v="98048.2337"/>
    <tag k="local_y" v="49207.807"/>
    <tag k="ele" v="520.6167"/>
  </node>
  <node id="32774" lat="48.26390880239" lon="11.66949618535">
    <tag k="local_x" v="98106.5967"/>
    <tag k="local_y" v="49078.2817"/>
    <tag k="ele" v="520.3825"/>
  </node>
  <node id="32775" lat="48.2639005638" lon="11.66956470811">
    <tag k="local_x" v="98111.7133"/>
    <tag k="local_y" v="49077.543"/>
    <tag k="ele" v="520.3833"/>
  </node>
  <node id="32776" lat="48.26389232428" lon="11.6696332308">
    <tag k="local_x" v="98116.8299"/>
    <tag k="local_y" v="49076.8042"/>
    <tag k="ele" v="520.3841"/>
  </node>
  <node id="32777" lat="48.26387219627" lon="11.66948634982">
    <tag k="local_x" v="98106.0084"/>
    <tag k="local_y" v="49074.188"/>
    <tag k="ele" v="520.4907"/>
  </node>
  <node id="32778" lat="48.26385942926" lon="11.66959282119">
    <tag k="local_x" v="98113.9585"/>
    <tag k="local_y" v="49073.044"/>
    <tag k="ele" v="520.4907"/>
  </node>
  <node id="32779" lat="48.26385586443" lon="11.66962321952">
    <tag k="local_x" v="98116.228"/>
    <tag k="local_y" v="49072.7263"/>
    <tag k="ele" v="520.4909"/>
  </node>
  <node id="32784" lat="48.26427656118" lon="11.67062537705">
    <tag k="local_x" v="98188.9659"/>
    <tag k="local_y" v="49122.0694"/>
    <tag k="ele" v="520.4265"/>
  </node>
  <node id="32785" lat="48.26426852426" lon="11.67062243532">
    <tag k="local_x" v="98188.7787"/>
    <tag k="local_y" v="49121.1686"/>
    <tag k="ele" v="520.4252"/>
  </node>
  <node id="32786" lat="48.26426063528" lon="11.67061839355">
    <tag k="local_x" v="98188.5093"/>
    <tag k="local_y" v="49120.2814"/>
    <tag k="ele" v="520.4266"/>
  </node>
  <node id="32787" lat="48.2642529542" lon="11.67061326565">
    <tag k="local_x" v="98188.1585"/>
    <tag k="local_y" v="49119.4145"/>
    <tag k="ele" v="520.4303"/>
  </node>
  <node id="32788" lat="48.26424554466" lon="11.67060706169">
    <tag k="local_x" v="98187.7268"/>
    <tag k="local_y" v="49118.575"/>
    <tag k="ele" v="520.4358"/>
  </node>
  <node id="32789" lat="48.26423847848" lon="11.67059978944">
    <tag k="local_x" v="98187.2145"/>
    <tag k="local_y" v="49117.7709"/>
    <tag k="ele" v="520.4427"/>
  </node>
  <node id="32790" lat="48.26423183808" lon="11.67059146399">
    <tag k="local_x" v="98186.6224"/>
    <tag k="local_y" v="49117.0114"/>
    <tag k="ele" v="520.4508"/>
  </node>
  <node id="32791" lat="48.26422571726" lon="11.67058211447">
    <tag k="local_x" v="98185.9523"/>
    <tag k="local_y" v="49116.307"/>
    <tag k="ele" v="520.4595"/>
  </node>
  <node id="32792" lat="48.26422022274" lon="11.67057179498">
    <tag k="local_x" v="98185.2078"/>
    <tag k="local_y" v="49115.6697"/>
    <tag k="ele" v="520.4686"/>
  </node>
  <node id="32793" lat="48.26421546668" lon="11.67056059626">
    <tag k="local_x" v="98184.3952"/>
    <tag k="local_y" v="49115.1122"/>
    <tag k="ele" v="520.4776"/>
  </node>
  <node id="32794" lat="48.26421155451" lon="11.67054866664">
    <tag k="local_x" v="98183.5251"/>
    <tag k="local_y" v="49114.6466"/>
    <tag k="ele" v="520.4862"/>
  </node>
  <node id="32795" lat="48.26420856711" lon="11.67053620441">
    <tag k="local_x" v="98182.6119"/>
    <tag k="local_y" v="49114.2824"/>
    <tag k="ele" v="520.4939"/>
  </node>
  <node id="32796" lat="48.26420653949" lon="11.67052344453">
    <tag k="local_x" v="98181.6729"/>
    <tag k="local_y" v="49114.0241"/>
    <tag k="ele" v="520.5005"/>
  </node>
  <node id="32797" lat="48.26420544816" lon="11.6705106243">
    <tag k="local_x" v="98180.7258"/>
    <tag k="local_y" v="49113.8697"/>
    <tag k="ele" v="520.5054"/>
  </node>
  <node id="32798" lat="48.26420521565" lon="11.67049794048">
    <tag k="local_x" v="98179.7855"/>
    <tag k="local_y" v="49113.8111"/>
    <tag k="ele" v="520.5083"/>
  </node>
  <node id="32799" lat="48.26420572358" lon="11.67048553109">
    <tag k="local_x" v="98178.8627"/>
    <tag k="local_y" v="49113.8355"/>
    <tag k="ele" v="520.5089"/>
  </node>
  <node id="32800" lat="48.26428841814" lon="11.6705347596">
    <tag k="local_x" v="98182.1958"/>
    <tag k="local_y" v="49123.1531"/>
    <tag k="ele" v="520.5169"/>
  </node>
  <node id="32801" lat="48.26426673698" lon="11.67053014709">
    <tag k="local_x" v="98181.9374"/>
    <tag k="local_y" v="49120.7316"/>
    <tag k="ele" v="520.5997"/>
  </node>
  <node id="32802" lat="48.26425935913" lon="11.67052799979">
    <tag k="local_x" v="98181.8066"/>
    <tag k="local_y" v="49119.9061"/>
    <tag k="ele" v="520.6228"/>
  </node>
  <node id="32803" lat="48.26425271334" lon="11.67052555914">
    <tag k="local_x" v="98181.6512"/>
    <tag k="local_y" v="49119.1612"/>
    <tag k="ele" v="520.628"/>
  </node>
  <node id="32804" lat="48.26424936955" lon="11.67052370838">
    <tag k="local_x" v="98181.5268"/>
    <tag k="local_y" v="49118.7848"/>
    <tag k="ele" v="520.6265"/>
  </node>
  <node id="32805" lat="48.26424631195" lon="11.67052111922">
    <tag k="local_x" v="98181.3465"/>
    <tag k="local_y" v="49118.4383"/>
    <tag k="ele" v="520.6268"/>
  </node>
  <node id="32806" lat="48.26424380677" lon="11.67051818422">
    <tag k="local_x" v="98181.1384"/>
    <tag k="local_y" v="49118.1523"/>
    <tag k="ele" v="520.6295"/>
  </node>
  <node id="32807" lat="48.26424209367" lon="11.67051562472">
    <tag k="local_x" v="98180.9551"/>
    <tag k="local_y" v="49117.9553"/>
    <tag k="ele" v="520.6319"/>
  </node>
  <node id="32808" lat="48.264242665" lon="11.6705164779">
    <tag k="local_x" v="98181.0162"/>
    <tag k="local_y" v="49118.021"/>
    <tag k="ele" v="520.6311"/>
  </node>
  <node id="32809" lat="48.26424323634" lon="11.67051733109">
    <tag k="local_x" v="98181.0773"/>
    <tag k="local_y" v="49118.0867"/>
    <tag k="ele" v="520.6303"/>
  </node>
  <node id="32810" lat="48.26424152237" lon="11.67051477019">
    <tag k="local_x" v="98180.8939"/>
    <tag k="local_y" v="49117.8896"/>
    <tag k="ele" v="520.6327"/>
  </node>
  <node id="32811" lat="48.26423962325" lon="11.67051084529">
    <tag k="local_x" v="98180.61"/>
    <tag k="local_y" v="49117.6684"/>
    <tag k="ele" v="520.6353"/>
  </node>
  <node id="32812" lat="48.26423828295" lon="11.67050645359">
    <tag k="local_x" v="98180.2893"/>
    <tag k="local_y" v="49117.5081"/>
    <tag k="ele" v="520.6363"/>
  </node>
  <node id="32813" lat="48.26423728012" lon="11.67050054993">
    <tag k="local_x" v="98179.8551"/>
    <tag k="local_y" v="49117.3814"/>
    <tag k="ele" v="520.6347"/>
  </node>
  <node id="32814" lat="48.26423678357" lon="11.67049434923">
    <tag k="local_x" v="98179.3969"/>
    <tag k="local_y" v="49117.3102"/>
    <tag k="ele" v="520.6305"/>
  </node>
  <node id="32815" lat="48.26423679657" lon="11.6704879433">
    <tag k="local_x" v="98178.9215"/>
    <tag k="local_y" v="49117.2951"/>
    <tag k="ele" v="520.6236"/>
  </node>
  <node id="32820" lat="48.2645173968" lon="11.66786764467">
    <tag k="local_x" v="97983.3987"/>
    <tag k="local_y" v="49141.716"/>
    <tag k="ele" v="520.4804"/>
  </node>
  <node id="32821" lat="48.26454745814" lon="11.66787584596">
    <tag k="local_x" v="97983.8911"/>
    <tag k="local_y" v="49145.0781"/>
    <tag k="ele" v="520.6255"/>
  </node>
  <node id="32826" lat="48.26453465451" lon="11.66772293319">
    <tag k="local_x" v="97972.5938"/>
    <tag k="local_y" v="49143.2606"/>
    <tag k="ele" v="520.5056"/>
  </node>
  <node id="32827" lat="48.26454223387" lon="11.6676598531">
    <tag k="local_x" v="97967.8837"/>
    <tag k="local_y" v="49143.9402"/>
    <tag k="ele" v="520.5197"/>
  </node>
  <node id="32828" lat="48.26455769964" lon="11.66753371692">
    <tag k="local_x" v="97958.4641"/>
    <tag k="local_y" v="49145.3336"/>
    <tag k="ele" v="520.5495"/>
  </node>
  <node id="32829" lat="48.26456481557" lon="11.66773079325">
    <tag k="local_x" v="97973.0605"/>
    <tag k="local_y" v="49146.6329"/>
    <tag k="ele" v="520.6203"/>
  </node>
  <node id="32830" lat="48.2645846331" lon="11.66756293724">
    <tag k="local_x" v="97960.5283"/>
    <tag k="local_y" v="49148.4023"/>
    <tag k="ele" v="520.6278"/>
  </node>
  <node id="32831" lat="48.26458987056" lon="11.66752023126">
    <tag k="local_x" v="97957.3391"/>
    <tag k="local_y" v="49148.8742"/>
    <tag k="ele" v="520.6364"/>
  </node>
  <node id="32836" lat="48.26422712321" lon="11.67031737297">
    <tag k="local_x" v="98166.3018"/>
    <tag k="local_y" v="49115.7795"/>
    <tag k="ele" v="520.5201"/>
  </node>
  <node id="32837" lat="48.26422960206" lon="11.67029855729">
    <tag k="local_x" v="98164.896"/>
    <tag k="local_y" v="49116.0064"/>
    <tag k="ele" v="520.521"/>
  </node>
  <node id="32838" lat="48.26422976707" lon="11.67029730317">
    <tag k="local_x" v="98164.8023"/>
    <tag k="local_y" v="49116.0215"/>
    <tag k="ele" v="520.521"/>
  </node>
  <node id="32839" lat="48.2642558102" lon="11.67032527357">
    <tag k="local_x" v="98166.7771"/>
    <tag k="local_y" v="49118.9881"/>
    <tag k="ele" v="520.6096"/>
  </node>
  <node id="32840" lat="48.26425702012" lon="11.67031521867">
    <tag k="local_x" v="98166.0263"/>
    <tag k="local_y" v="49119.0966"/>
    <tag k="ele" v="520.6094"/>
  </node>
  <node id="32841" lat="48.26425823008" lon="11.67030516243">
    <tag k="local_x" v="98165.2754"/>
    <tag k="local_y" v="49119.2051"/>
    <tag k="ele" v="520.6091"/>
  </node>
  <node id="32846" lat="48.26412233469" lon="11.66775647551">
    <tag k="local_x" v="97976.6761"/>
    <tag k="local_y" v="49097.523"/>
    <tag k="ele" v="520.5561"/>
  </node>
  <node id="32847" lat="48.26411866243" lon="11.66778660034">
    <tag k="local_x" v="97978.9257"/>
    <tag k="local_y" v="49097.1926"/>
    <tag k="ele" v="520.5555"/>
  </node>
  <node id="32848" lat="48.2641169174" lon="11.66780169176">
    <tag k="local_x" v="97980.0523"/>
    <tag k="local_y" v="49097.0376"/>
    <tag k="ele" v="520.5553"/>
  </node>
  <node id="32849" lat="48.26411517237" lon="11.66781678318">
    <tag k="local_x" v="97981.1789"/>
    <tag k="local_y" v="49096.8826"/>
    <tag k="ele" v="520.555"/>
  </node>
  <node id="32850" lat="48.26408339829" lon="11.66808577767">
    <tag k="local_x" v="98001.2624"/>
    <tag k="local_y" v="49094.0454"/>
    <tag k="ele" v="520.5401"/>
  </node>
  <node id="32851" lat="48.26407883758" lon="11.66774366794">
    <tag k="local_x" v="97975.8938"/>
    <tag k="local_y" v="49092.6558"/>
    <tag k="ele" v="520.6426"/>
  </node>
  <node id="32852" lat="48.26406834851" lon="11.66782607712">
    <tag k="local_x" v="97982.0495"/>
    <tag k="local_y" v="49091.7027"/>
    <tag k="ele" v="520.6329"/>
  </node>
  <node id="32853" lat="48.26405837548" lon="11.66790858051">
    <tag k="local_x" v="97988.2102"/>
    <tag k="local_y" v="49090.8072"/>
    <tag k="ele" v="520.6375"/>
  </node>
  <node id="32854" lat="48.26404884258" lon="11.66799115262">
    <tag k="local_x" v="97994.3743"/>
    <tag k="local_y" v="49089.9608"/>
    <tag k="ele" v="520.644"/>
  </node>
  <node id="32855" lat="48.26403967381" lon="11.6680737733">
    <tag k="local_x" v="98000.5406"/>
    <tag k="local_y" v="49089.155"/>
    <tag k="ele" v="520.6439"/>
  </node>
  <node id="32860" lat="48.26494481945" lon="11.66735948595">
    <tag k="local_x" v="97944.0397"/>
    <tag k="local_y" v="49187.9076"/>
    <tag k="ele" v="520.4492"/>
  </node>
  <node id="32861" lat="48.26494762539" lon="11.6673602048">
    <tag k="local_x" v="97944.0822"/>
    <tag k="local_y" v="49188.2213"/>
    <tag k="ele" v="520.4484"/>
  </node>
  <node id="32862" lat="48.26504564027" lon="11.66738927086">
    <tag k="local_x" v="97945.8603"/>
    <tag k="local_y" v="49199.1894"/>
    <tag k="ele" v="520.5665"/>
  </node>
  <node id="32863" lat="48.26505953649" lon="11.66739303473">
    <tag k="local_x" v="97946.0859"/>
    <tag k="local_y" v="49200.7435"/>
    <tag k="ele" v="520.57"/>
  </node>
  <node id="32864" lat="48.26510247203" lon="11.66740425919">
    <tag k="local_x" v="97946.7529"/>
    <tag k="local_y" v="49205.5442"/>
    <tag k="ele" v="520.561"/>
  </node>
  <node id="32865" lat="48.26514653996" lon="11.66741523134">
    <tag k="local_x" v="97947.3968"/>
    <tag k="local_y" v="49210.4701"/>
    <tag k="ele" v="520.541"/>
  </node>
  <node id="32866" lat="48.26522204958" lon="11.66743556544">
    <tag k="local_x" v="97948.6139"/>
    <tag k="local_y" v="49218.9145"/>
    <tag k="ele" v="520.5179"/>
  </node>
  <node id="32867" lat="48.26523697602" lon="11.6674392536">
    <tag k="local_x" v="97948.8299"/>
    <tag k="local_y" v="49220.5829"/>
    <tag k="ele" v="520.5216"/>
  </node>
  <node id="32868" lat="48.26525242099" lon="11.66744339597">
    <tag k="local_x" v="97949.0776"/>
    <tag k="local_y" v="49222.3101"/>
    <tag k="ele" v="520.5254"/>
  </node>
  <node id="32869" lat="48.26525918393" lon="11.66744521168">
    <tag k="local_x" v="97949.1862"/>
    <tag k="local_y" v="49223.0664"/>
    <tag k="ele" v="520.5155"/>
  </node>
  <node id="32870" lat="48.26526581027" lon="11.66744748521">
    <tag k="local_x" v="97949.3293"/>
    <tag k="local_y" v="49223.8087"/>
    <tag k="ele" v="520.4951"/>
  </node>
  <node id="32871" lat="48.2649428597" lon="11.66745526999">
    <tag k="local_x" v="97951.1548"/>
    <tag k="local_y" v="49187.9369"/>
    <tag k="ele" v="520.6768"/>
  </node>
  <node id="32872" lat="48.26497054302" lon="11.66746304138">
    <tag k="local_x" v="97951.6245"/>
    <tag k="local_y" v="49191.0336"/>
    <tag k="ele" v="520.6816"/>
  </node>
  <node id="32873" lat="48.2650098535" lon="11.66747344373">
    <tag k="local_x" v="97952.2445"/>
    <tag k="local_y" v="49195.4293"/>
    <tag k="ele" v="520.6617"/>
  </node>
  <node id="32874" lat="48.26504159026" lon="11.66748238168">
    <tag k="local_x" v="97952.7851"/>
    <tag k="local_y" v="49198.9795"/>
    <tag k="ele" v="520.6441"/>
  </node>
  <node id="32875" lat="48.2650363008" lon="11.66748089202">
    <tag k="local_x" v="97952.695"/>
    <tag k="local_y" v="49198.3878"/>
    <tag k="ele" v="520.647"/>
  </node>
  <node id="32876" lat="48.26503101134" lon="11.66747940236">
    <tag k="local_x" v="97952.6049"/>
    <tag k="local_y" v="49197.7961"/>
    <tag k="ele" v="520.65"/>
  </node>
  <node id="32877" lat="48.26502572188" lon="11.6674779127">
    <tag k="local_x" v="97952.5148"/>
    <tag k="local_y" v="49197.2044"/>
    <tag k="ele" v="520.6529"/>
  </node>
  <node id="32878" lat="48.26502043242" lon="11.66747642304">
    <tag k="local_x" v="97952.4247"/>
    <tag k="local_y" v="49196.6127"/>
    <tag k="ele" v="520.6558"/>
  </node>
  <node id="32879" lat="48.26501514296" lon="11.66747493338">
    <tag k="local_x" v="97952.3346"/>
    <tag k="local_y" v="49196.021"/>
    <tag k="ele" v="520.6588"/>
  </node>
  <node id="32880" lat="48.26504687973" lon="11.66748387134">
    <tag k="local_x" v="97952.8752"/>
    <tag k="local_y" v="49199.5712"/>
    <tag k="ele" v="520.6412"/>
  </node>
  <node id="32881" lat="48.26521275041" lon="11.66752905415">
    <tag k="local_x" v="97955.587"/>
    <tag k="local_y" v="49218.1222"/>
    <tag k="ele" v="520.6898"/>
  </node>
  <node id="32886" lat="48.26443007377" lon="11.66740169457">
    <tag k="local_x" v="97949.1606"/>
    <tag k="local_y" v="49130.809"/>
    <tag k="ele" v="520.5605"/>
  </node>
  <node id="32887" lat="48.26442297652" lon="11.66739982242">
    <tag k="local_x" v="97949.0491"/>
    <tag k="local_y" v="49130.0154"/>
    <tag k="ele" v="520.5645"/>
  </node>
  <node id="32888" lat="48.26438928297" lon="11.6673910671">
    <tag k="local_x" v="97948.5296"/>
    <tag k="local_y" v="49126.2482"/>
    <tag k="ele" v="520.5785"/>
  </node>
  <node id="32889" lat="48.26437292991" lon="11.66738681689">
    <tag k="local_x" v="97948.2774"/>
    <tag k="local_y" v="49124.4198"/>
    <tag k="ele" v="520.5853"/>
  </node>
  <node id="32890" lat="48.26433854607" lon="11.66737799061">
    <tag k="local_x" v="97947.7553"/>
    <tag k="local_y" v="49120.5757"/>
    <tag k="ele" v="520.589"/>
  </node>
  <node id="32891" lat="48.26443689455" lon="11.6673255071">
    <tag k="local_x" v="97943.4808"/>
    <tag k="local_y" v="49131.3705"/>
    <tag k="ele" v="520.7255"/>
  </node>
  <node id="32892" lat="48.26436959351" lon="11.66730851315">
    <tag k="local_x" v="97942.4798"/>
    <tag k="local_y" v="49123.847"/>
    <tag k="ele" v="520.7291"/>
  </node>
  <node id="32893" lat="48.26439202688" lon="11.66731417822">
    <tag k="local_x" v="97942.8135"/>
    <tag k="local_y" v="49126.3548"/>
    <tag k="ele" v="520.7279"/>
  </node>
  <node id="32894" lat="48.26441446115" lon="11.66731984336">
    <tag k="local_x" v="97943.1472"/>
    <tag k="local_y" v="49128.8627"/>
    <tag k="ele" v="520.7267"/>
  </node>
  <node id="32895" lat="48.26434715921" lon="11.66730284937">
    <tag k="local_x" v="97942.1462"/>
    <tag k="local_y" v="49121.3391"/>
    <tag k="ele" v="520.7303"/>
  </node>
  <node id="32900" lat="48.26424404275" lon="11.67018707719">
    <tag k="local_x" v="98156.5678"/>
    <tag k="local_y" v="49117.3234"/>
    <tag k="ele" v="520.5235"/>
  </node>
  <node id="32901" lat="48.26427152068" lon="11.6701946573">
    <tag k="local_x" v="98157.024"/>
    <tag k="local_y" v="49120.3968"/>
    <tag k="ele" v="520.6069"/>
  </node>
  <node id="32906" lat="48.26511663834" lon="11.66888708088">
    <tag k="local_x" v="98056.7286"/>
    <tag k="local_y" v="49210.945"/>
    <tag k="ele" v="520.4478"/>
  </node>
  <node id="32907" lat="48.26511627941" lon="11.66889006069">
    <tag k="local_x" v="98056.9511"/>
    <tag k="local_y" v="49210.9128"/>
    <tag k="ele" v="520.4538"/>
  </node>
  <node id="32908" lat="48.26511457641" lon="11.6689041883">
    <tag k="local_x" v="98058.006"/>
    <tag k="local_y" v="49210.76"/>
    <tag k="ele" v="520.4822"/>
  </node>
  <node id="32909" lat="48.26511323465" lon="11.66891531464">
    <tag k="local_x" v="98058.8368"/>
    <tag k="local_y" v="49210.6396"/>
    <tag k="ele" v="520.5046"/>
  </node>
  <node id="32910" lat="48.26507919118" lon="11.66887355228">
    <tag k="local_x" v="98055.8695"/>
    <tag k="local_y" v="49206.7483"/>
    <tag k="ele" v="520.6222"/>
  </node>
  <node id="32911" lat="48.26507697821" lon="11.66889259107">
    <tag k="local_x" v="98057.2908"/>
    <tag k="local_y" v="49206.5515"/>
    <tag k="ele" v="520.623"/>
  </node>
  <node id="32912" lat="48.26507808468" lon="11.66888307235">
    <tag k="local_x" v="98056.5802"/>
    <tag k="local_y" v="49206.6499"/>
    <tag k="ele" v="520.6226"/>
  </node>
  <node id="32913" lat="48.26507587171" lon="11.66890211115">
    <tag k="local_x" v="98058.0015"/>
    <tag k="local_y" v="49206.4531"/>
    <tag k="ele" v="520.6235"/>
  </node>
  <node id="32918" lat="48.26420963044" lon="11.66983568175">
    <tag k="local_x" v="98130.6257"/>
    <tag k="local_y" v="49112.5915"/>
    <tag k="ele" v="520.3866"/>
  </node>
  <node id="32919" lat="48.26421109762" lon="11.66982744877">
    <tag k="local_x" v="98130.0091"/>
    <tag k="local_y" v="49112.7333"/>
    <tag k="ele" v="520.3919"/>
  </node>
  <node id="32920" lat="48.26421281391" lon="11.66981914387">
    <tag k="local_x" v="98129.3862"/>
    <tag k="local_y" v="49112.9026"/>
    <tag k="ele" v="520.3976"/>
  </node>
  <node id="32921" lat="48.26421493227" lon="11.66981084511">
    <tag k="local_x" v="98128.7622"/>
    <tag k="local_y" v="49113.1166"/>
    <tag k="ele" v="520.4038"/>
  </node>
  <node id="32922" lat="48.26421759133" lon="11.66980270389">
    <tag k="local_x" v="98128.1478"/>
    <tag k="local_y" v="49113.3911"/>
    <tag k="ele" v="520.4103"/>
  </node>
  <node id="32923" lat="48.26421942299" lon="11.66979830233">
    <tag k="local_x" v="98127.8141"/>
    <tag k="local_y" v="49113.5833"/>
    <tag k="ele" v="520.4141"/>
  </node>
  <node id="32924" lat="48.26422154889" lon="11.6697941708">
    <tag k="local_x" v="98127.4993"/>
    <tag k="local_y" v="49113.8089"/>
    <tag k="ele" v="520.418"/>
  </node>
  <node id="32925" lat="48.2642265649" lon="11.66978694212">
    <tag k="local_x" v="98126.9435"/>
    <tag k="local_y" v="49114.3477"/>
    <tag k="ele" v="520.4259"/>
  </node>
  <node id="32926" lat="48.26423234217" lon="11.66978133792">
    <tag k="local_x" v="98126.5053"/>
    <tag k="local_y" v="49114.9753"/>
    <tag k="ele" v="520.4341"/>
  </node>
  <node id="32927" lat="48.26423856214" lon="11.66977743727">
    <tag k="local_x" v="98126.1918"/>
    <tag k="local_y" v="49115.6565"/>
    <tag k="ele" v="520.4423"/>
  </node>
  <node id="32928" lat="48.26424496785" lon="11.66977510821">
    <tag k="local_x" v="98125.9942"/>
    <tag k="local_y" v="49116.3624"/>
    <tag k="ele" v="520.4506"/>
  </node>
  <node id="32929" lat="48.26425356502" lon="11.66977364936">
    <tag k="local_x" v="98125.8527"/>
    <tag k="local_y" v="49117.3141"/>
    <tag k="ele" v="520.4613"/>
  </node>
  <node id="32930" lat="48.26424926597" lon="11.66977437943">
    <tag k="local_x" v="98125.9235"/>
    <tag k="local_y" v="49116.8382"/>
    <tag k="ele" v="520.456"/>
  </node>
  <node id="32931" lat="48.26425786404" lon="11.66977292064">
    <tag k="local_x" v="98125.782"/>
    <tag k="local_y" v="49117.79"/>
    <tag k="ele" v="520.4667"/>
  </node>
  <node id="32932" lat="48.26426451506" lon="11.66977095473">
    <tag k="local_x" v="98125.6104"/>
    <tag k="local_y" v="49118.5241"/>
    <tag k="ele" v="520.4744"/>
  </node>
  <node id="32933" lat="48.26427129481" lon="11.66976763039">
    <tag k="local_x" v="98125.3375"/>
    <tag k="local_y" v="49119.269"/>
    <tag k="ele" v="520.4817"/>
  </node>
  <node id="32934" lat="48.26427801043" lon="11.66976245781">
    <tag k="local_x" v="98124.9277"/>
    <tag k="local_y" v="49120.002"/>
    <tag k="ele" v="520.4886"/>
  </node>
  <node id="32935" lat="48.26428427466" lon="11.66975529687">
    <tag k="local_x" v="98124.3721"/>
    <tag k="local_y" v="49120.6797"/>
    <tag k="ele" v="520.4949"/>
  </node>
  <node id="32936" lat="48.26428967233" lon="11.6697465895">
    <tag k="local_x" v="98123.7051"/>
    <tag k="local_y" v="49121.2571"/>
    <tag k="ele" v="520.5005"/>
  </node>
  <node id="32937" lat="48.26429401099" lon="11.66973706689">
    <tag k="local_x" v="98122.9817"/>
    <tag k="local_y" v="49121.7147"/>
    <tag k="ele" v="520.5055"/>
  </node>
  <node id="32938" lat="48.26429732053" lon="11.66972730198">
    <tag k="local_x" v="98122.2443"/>
    <tag k="local_y" v="49122.0573"/>
    <tag k="ele" v="520.5095"/>
  </node>
  <node id="32939" lat="48.26429970321" lon="11.66971757905">
    <tag k="local_x" v="98121.5136"/>
    <tag k="local_y" v="49122.297"/>
    <tag k="ele" v="520.5127"/>
  </node>
  <node id="32940" lat="48.2643012416" lon="11.66970798462">
    <tag k="local_x" v="98120.7957"/>
    <tag k="local_y" v="49122.4432"/>
    <tag k="ele" v="520.5149"/>
  </node>
  <node id="32941" lat="48.26423859109" lon="11.66984601802">
    <tag k="local_x" v="98131.2807"/>
    <tag k="local_y" v="49115.8368"/>
    <tag k="ele" v="520.4222"/>
  </node>
  <node id="32942" lat="48.26423933369" lon="11.66984166885">
    <tag k="local_x" v="98130.9551"/>
    <tag k="local_y" v="49115.9081"/>
    <tag k="ele" v="520.4272"/>
  </node>
  <node id="32943" lat="48.26424141268" lon="11.66983397985">
    <tag k="local_x" v="98130.3765"/>
    <tag k="local_y" v="49116.1193"/>
    <tag k="ele" v="520.438"/>
  </node>
  <node id="32944" lat="48.26424417717" lon="11.66982792351">
    <tag k="local_x" v="98129.9164"/>
    <tag k="local_y" v="49116.4109"/>
    <tag k="ele" v="520.4497"/>
  </node>
  <node id="32945" lat="48.2642457584" lon="11.66982558693">
    <tag k="local_x" v="98129.7369"/>
    <tag k="local_y" v="49116.5806"/>
    <tag k="ele" v="520.4558"/>
  </node>
  <node id="32946" lat="48.26424919027" lon="11.66982229161">
    <tag k="local_x" v="98129.4791"/>
    <tag k="local_y" v="49116.9535"/>
    <tag k="ele" v="520.4684"/>
  </node>
  <node id="32947" lat="48.26425288619" lon="11.66982056656">
    <tag k="local_x" v="98129.3368"/>
    <tag k="local_y" v="49117.3598"/>
    <tag k="ele" v="520.4814"/>
  </node>
  <node id="32948" lat="48.26425686282" lon="11.66981996523">
    <tag k="local_x" v="98129.2768"/>
    <tag k="local_y" v="49117.8002"/>
    <tag k="ele" v="520.4947"/>
  </node>
  <node id="32949" lat="48.26426350874" lon="11.66982042614">
    <tag k="local_x" v="98129.2853"/>
    <tag k="local_y" v="49118.54"/>
    <tag k="ele" v="520.5148"/>
  </node>
  <node id="32950" lat="48.2642731618" lon="11.66981720574">
    <tag k="local_x" v="98129.009"/>
    <tag k="local_y" v="49119.6045"/>
    <tag k="ele" v="520.528"/>
  </node>
  <node id="32951" lat="48.26427846416" lon="11.66981465341">
    <tag k="local_x" v="98128.7991"/>
    <tag k="local_y" v="49120.1872"/>
    <tag k="ele" v="520.5345"/>
  </node>
  <node id="32952" lat="48.26428399976" lon="11.66981131814">
    <tag k="local_x" v="98128.5302"/>
    <tag k="local_y" v="49120.7938"/>
    <tag k="ele" v="520.5409"/>
  </node>
  <node id="32953" lat="48.26428973151" lon="11.66980701472">
    <tag k="local_x" v="98128.1887"/>
    <tag k="local_y" v="49121.4197"/>
    <tag k="ele" v="520.5472"/>
  </node>
  <node id="32954" lat="48.26429556035" lon="11.66980159243">
    <tag k="local_x" v="98127.7638"/>
    <tag k="local_y" v="49122.0535"/>
    <tag k="ele" v="520.5533"/>
  </node>
  <node id="32955" lat="48.26430131563" lon="11.66979499792">
    <tag k="local_x" v="98127.2522"/>
    <tag k="local_y" v="49122.6761"/>
    <tag k="ele" v="520.5593"/>
  </node>
  <node id="32956" lat="48.26430677262" lon="11.66978733941">
    <tag k="local_x" v="98126.6628"/>
    <tag k="local_y" v="49123.2628"/>
    <tag k="ele" v="520.565"/>
  </node>
  <node id="32957" lat="48.26431171592" lon="11.66977890215">
    <tag k="local_x" v="98126.0176"/>
    <tag k="local_y" v="49123.7904"/>
    <tag k="ele" v="520.5706"/>
  </node>
  <node id="32958" lat="48.26431600232" lon="11.66977008027">
    <tag k="local_x" v="98125.3464"/>
    <tag k="local_y" v="49124.244"/>
    <tag k="ele" v="520.5759"/>
  </node>
  <node id="32959" lat="48.26431959618" lon="11.66976124521">
    <tag k="local_x" v="98124.6769"/>
    <tag k="local_y" v="49124.6206"/>
    <tag k="ele" v="520.581"/>
  </node>
  <node id="32960" lat="48.26432254258" lon="11.6697526648">
    <tag k="local_x" v="98124.0288"/>
    <tag k="local_y" v="49124.9259"/>
    <tag k="ele" v="520.5858"/>
  </node>
  <node id="32961" lat="48.26432492913" lon="11.66974447971">
    <tag k="local_x" v="98123.4122"/>
    <tag k="local_y" v="49125.17"/>
    <tag k="ele" v="520.5904"/>
  </node>
  <node id="32962" lat="48.26432837272" lon="11.66972940943">
    <tag k="local_x" v="98122.2806"/>
    <tag k="local_y" v="49125.5138"/>
    <tag k="ele" v="520.5985"/>
  </node>
  <node id="32963" lat="48.26433047159" lon="11.66971582963">
    <tag k="local_x" v="98121.2648"/>
    <tag k="local_y" v="49125.712"/>
    <tag k="ele" v="520.6051"/>
  </node>
  <node id="32968" lat="48.26456321646" lon="11.66774452186">
    <tag k="local_x" v="97974.0854"/>
    <tag k="local_y" v="49146.4906"/>
    <tag k="ele" v="520.6232"/>
  </node>
  <node id="32972" lat="48.26497440126" lon="11.67008453222">
    <tag k="local_x" v="98146.1337"/>
    <tag k="local_y" v="49198.2287"/>
    <tag k="ele" v="520.4867"/>
  </node>
  <node id="32973" lat="48.26497246118" lon="11.67010084135">
    <tag k="local_x" v="98147.3514"/>
    <tag k="local_y" v="49198.0552"/>
    <tag k="ele" v="520.4973"/>
  </node>
  <node id="32974" lat="48.26496124189" lon="11.67019516433">
    <tag k="local_x" v="98154.3939"/>
    <tag k="local_y" v="49197.0519"/>
    <tag k="ele" v="520.5362"/>
  </node>
  <node id="32975" lat="48.26495025199" lon="11.67028971889">
    <tag k="local_x" v="98161.4527"/>
    <tag k="local_y" v="49196.0747"/>
    <tag k="ele" v="520.5177"/>
  </node>
  <node id="32976" lat="48.2649476554" lon="11.67031131697">
    <tag k="local_x" v="98163.0654"/>
    <tag k="local_y" v="49195.8419"/>
    <tag k="ele" v="520.4978"/>
  </node>
  <node id="32977" lat="48.264945358" lon="11.67033297242">
    <tag k="local_x" v="98164.6812"/>
    <tag k="local_y" v="49195.6425"/>
    <tag k="ele" v="520.4778"/>
  </node>
  <node id="32978" lat="48.26494792277" lon="11.67033853172">
    <tag k="local_x" v="98165.0838"/>
    <tag k="local_y" v="49195.9419"/>
    <tag k="ele" v="520.5069"/>
  </node>
  <node id="32979" lat="48.26495538882" lon="11.67035221676">
    <tag k="local_x" v="98166.0704"/>
    <tag k="local_y" v="49196.807"/>
    <tag k="ele" v="520.5081"/>
  </node>
  <node id="32980" lat="48.26495722553" lon="11.67035573012">
    <tag k="local_x" v="98166.324"/>
    <tag k="local_y" v="49197.0202"/>
    <tag k="ele" v="520.5026"/>
  </node>
  <node id="32981" lat="48.26495855696" lon="11.67035914842">
    <tag k="local_x" v="98166.5725"/>
    <tag k="local_y" v="49197.177"/>
    <tag k="ele" v="520.4889"/>
  </node>
  <node id="32982" lat="48.26495880109" lon="11.67036091712">
    <tag k="local_x" v="98166.7028"/>
    <tag k="local_y" v="49197.2087"/>
    <tag k="ele" v="520.4769"/>
  </node>
  <node id="32983" lat="48.26495878364" lon="11.67036263581">
    <tag k="local_x" v="98166.8304"/>
    <tag k="local_y" v="49197.2112"/>
    <tag k="ele" v="520.4613"/>
  </node>
  <node id="32984" lat="48.26493552235" lon="11.67007732946">
    <tag k="local_x" v="98145.7496"/>
    <tag k="local_y" v="49193.8892"/>
    <tag k="ele" v="520.57"/>
  </node>
  <node id="32985" lat="48.26491963461" lon="11.67021492169">
    <tag k="local_x" v="98156.0209"/>
    <tag k="local_y" v="49192.4788"/>
    <tag k="ele" v="520.5956"/>
  </node>
  <node id="32986" lat="48.26490509395" lon="11.67033802145">
    <tag k="local_x" v="98165.2116"/>
    <tag k="local_y" v="49191.1807"/>
    <tag k="ele" v="520.5669"/>
  </node>
  <node id="32987" lat="48.26490670929" lon="11.67032434354">
    <tag k="local_x" v="98164.1904"/>
    <tag k="local_y" v="49191.3249"/>
    <tag k="ele" v="520.57"/>
  </node>
  <node id="32988" lat="48.26490832553" lon="11.67031066567">
    <tag k="local_x" v="98163.1692"/>
    <tag k="local_y" v="49191.4692"/>
    <tag k="ele" v="520.5732"/>
  </node>
  <node id="32989" lat="48.26490994086" lon="11.67029698776">
    <tag k="local_x" v="98162.148"/>
    <tag k="local_y" v="49191.6134"/>
    <tag k="ele" v="520.5764"/>
  </node>
  <node id="32990" lat="48.2649115562" lon="11.67028330984">
    <tag k="local_x" v="98161.1268"/>
    <tag k="local_y" v="49191.7576"/>
    <tag k="ele" v="520.5796"/>
  </node>
  <node id="32991" lat="48.2649131724" lon="11.67026963332">
    <tag k="local_x" v="98160.1057"/>
    <tag k="local_y" v="49191.9019"/>
    <tag k="ele" v="520.5828"/>
  </node>
  <node id="32992" lat="48.26491478773" lon="11.6702559554">
    <tag k="local_x" v="98159.0845"/>
    <tag k="local_y" v="49192.0461"/>
    <tag k="ele" v="520.586"/>
  </node>
  <node id="32993" lat="48.26491640306" lon="11.67024227748">
    <tag k="local_x" v="98158.0633"/>
    <tag k="local_y" v="49192.1903"/>
    <tag k="ele" v="520.5892"/>
  </node>
  <node id="32994" lat="48.26491801839" lon="11.67022859957">
    <tag k="local_x" v="98157.0421"/>
    <tag k="local_y" v="49192.3345"/>
    <tag k="ele" v="520.5924"/>
  </node>
  <node id="32995" lat="48.26490347861" lon="11.67035169936">
    <tag k="local_x" v="98166.2328"/>
    <tag k="local_y" v="49191.0365"/>
    <tag k="ele" v="520.5637"/>
  </node>
  <node id="33000" lat="48.26442632499" lon="11.66865768602">
    <tag k="local_x" v="98042.3752"/>
    <tag k="local_y" v="49133.6333"/>
    <tag k="ele" v="520.3688"/>
  </node>
  <node id="33001" lat="48.26438972769" lon="11.66896674733">
    <tag k="local_x" v="98065.4504"/>
    <tag k="local_y" v="49130.3637"/>
    <tag k="ele" v="520.4069"/>
  </node>
  <node id="33002" lat="48.26439829666" lon="11.66865024514">
    <tag k="local_x" v="98041.9314"/>
    <tag k="local_y" v="49130.4991"/>
    <tag k="ele" v="520.4966"/>
  </node>
  <node id="33003" lat="48.26437041692" lon="11.66888467338">
    <tag k="local_x" v="98059.4348"/>
    <tag k="local_y" v="49128.0057"/>
    <tag k="ele" v="520.4256"/>
  </node>
  <node id="33008" lat="48.26406551161" lon="11.66817133494">
    <tag k="local_x" v="98007.6803"/>
    <tag k="local_y" v="49092.2783"/>
    <tag k="ele" v="520.5558"/>
  </node>
  <node id="33009" lat="48.2640642222" lon="11.66818152721">
    <tag k="local_x" v="98008.4416"/>
    <tag k="local_y" v="49092.1613"/>
    <tag k="ele" v="520.5477"/>
  </node>
  <node id="33010" lat="48.26406116891" lon="11.66820564419">
    <tag k="local_x" v="98010.243"/>
    <tag k="local_y" v="49091.8842"/>
    <tag k="ele" v="520.528"/>
  </node>
  <node id="33011" lat="48.26405203331" lon="11.6682820635">
    <tag k="local_x" v="98015.949"/>
    <tag k="local_y" v="49091.0661"/>
    <tag k="ele" v="520.5371"/>
  </node>
  <node id="33012" lat="48.26404622964" lon="11.66833170396">
    <tag k="local_x" v="98019.655"/>
    <tag k="local_y" v="49090.5492"/>
    <tag k="ele" v="520.5362"/>
  </node>
  <node id="33013" lat="48.26404023968" lon="11.66838130641">
    <tag k="local_x" v="98023.3589"/>
    <tag k="local_y" v="49090.0115"/>
    <tag k="ele" v="520.5321"/>
  </node>
  <node id="33014" lat="48.26403024293" lon="11.66816163467">
    <tag k="local_x" v="98007.0968"/>
    <tag k="local_y" v="49088.3336"/>
    <tag k="ele" v="520.6428"/>
  </node>
  <node id="33015" lat="48.26402087474" lon="11.66824028292">
    <tag k="local_x" v="98012.9691"/>
    <tag k="local_y" v="49087.4954"/>
    <tag k="ele" v="520.6299"/>
  </node>
  <node id="33016" lat="48.2640239975" lon="11.66821406594">
    <tag k="local_x" v="98011.0116"/>
    <tag k="local_y" v="49087.7748"/>
    <tag k="ele" v="520.6342"/>
  </node>
  <node id="33017" lat="48.26402712022" lon="11.66818785031">
    <tag k="local_x" v="98009.0542"/>
    <tag k="local_y" v="49088.0542"/>
    <tag k="ele" v="520.6385"/>
  </node>
  <node id="33018" lat="48.26401775201" lon="11.66826649854">
    <tag k="local_x" v="98014.9265"/>
    <tag k="local_y" v="49087.216"/>
    <tag k="ele" v="520.6256"/>
  </node>
  <node id="33019" lat="48.26400478516" lon="11.66837116238">
    <tag k="local_x" v="98022.7432"/>
    <tag k="local_y" v="49086.045"/>
    <tag k="ele" v="520.6045"/>
  </node>
  <node id="33024" lat="48.26487355201" lon="11.66734168418">
    <tag k="local_x" v="97942.9941"/>
    <tag k="local_y" v="49179.9412"/>
    <tag k="ele" v="520.5338"/>
  </node>
  <node id="33025" lat="48.26489568449" lon="11.66734705471">
    <tag k="local_x" v="97943.3071"/>
    <tag k="local_y" v="49182.4148"/>
    <tag k="ele" v="520.5316"/>
  </node>
  <node id="33026" lat="48.26487400253" lon="11.66743666642">
    <tag k="local_x" v="97950.0404"/>
    <tag k="local_y" v="49180.2363"/>
    <tag k="ele" v="520.6936"/>
  </node>
  <node id="33027" lat="48.26490897226" lon="11.66744548697">
    <tag k="local_x" v="97950.5598"/>
    <tag k="local_y" v="49184.1455"/>
    <tag k="ele" v="520.6843"/>
  </node>
  <node id="33032" lat="48.26435284102" lon="11.66927571767">
    <tag k="local_x" v="98088.52"/>
    <tag k="local_y" v="49127.0618"/>
    <tag k="ele" v="520.4546"/>
  </node>
  <node id="33033" lat="48.26438050587" lon="11.66904398995">
    <tag k="local_x" v="98071.2178"/>
    <tag k="local_y" v="49129.5382"/>
    <tag k="ele" v="520.4188"/>
  </node>
  <node id="33034" lat="48.26437128401" lon="11.66912123254">
    <tag k="local_x" v="98076.9852"/>
    <tag k="local_y" v="49128.7127"/>
    <tag k="ele" v="520.4307"/>
  </node>
  <node id="33035" lat="48.26436206299" lon="11.66919847514">
    <tag k="local_x" v="98082.7526"/>
    <tag k="local_y" v="49127.8873"/>
    <tag k="ele" v="520.4427"/>
  </node>
  <node id="33036" lat="48.26438972769" lon="11.66896674733">
    <tag k="local_x" v="98065.4504"/>
    <tag k="local_y" v="49130.3637"/>
    <tag k="ele" v="520.4069"/>
  </node>
  <node id="33037" lat="48.26442632499" lon="11.66865768602">
    <tag k="local_x" v="98042.3752"/>
    <tag k="local_y" v="49133.6333"/>
    <tag k="ele" v="520.3688"/>
  </node>
  <node id="33038" lat="48.26438095666" lon="11.66928338848">
    <tag k="local_x" v="98088.9805"/>
    <tag k="local_y" v="49130.2063"/>
    <tag k="ele" v="520.6215"/>
  </node>
  <node id="33039" lat="48.26438817792" lon="11.66921658685">
    <tag k="local_x" v="98083.9956"/>
    <tag k="local_y" v="49130.8364"/>
    <tag k="ele" v="520.5811"/>
  </node>
  <node id="33040" lat="48.2643957301" lon="11.66914986983">
    <tag k="local_x" v="98079.0157"/>
    <tag k="local_y" v="49131.5035"/>
    <tag k="ele" v="520.5613"/>
  </node>
  <node id="33041" lat="48.26441955605" lon="11.66895026472">
    <tag k="local_x" v="98064.112"/>
    <tag k="local_y" v="49133.6362"/>
    <tag k="ele" v="520.5691"/>
  </node>
  <node id="33042" lat="48.26444316736" lon="11.66875054987">
    <tag k="local_x" v="98049.201"/>
    <tag k="local_y" v="49135.7448"/>
    <tag k="ele" v="520.5967"/>
  </node>
  <node id="33043" lat="48.26445289031" lon="11.66866473804">
    <tag k="local_x" v="98042.7958"/>
    <tag k="local_y" v="49136.6039"/>
    <tag k="ele" v="520.6122"/>
  </node>
  <node id="33048" lat="48.26425801521" lon="11.66849232018">
    <tag k="local_x" v="98030.7549"/>
    <tag k="local_y" v="49114.501"/>
    <tag k="ele" v="520.5838"/>
  </node>
  <node id="33049" lat="48.26433067407" lon="11.66851207572">
    <tag k="local_x" v="98031.94"/>
    <tag k="local_y" v="49122.6271"/>
    <tag k="ele" v="520.6137"/>
  </node>
  <node id="33050" lat="48.26437301288" lon="11.66852260548">
    <tag k="local_x" v="98032.5577"/>
    <tag k="local_y" v="49127.3597"/>
    <tag k="ele" v="520.5912"/>
  </node>
  <node id="33051" lat="48.26438706701" lon="11.66852642634">
    <tag k="local_x" v="98032.7869"/>
    <tag k="local_y" v="49128.9315"/>
    <tag k="ele" v="520.5758"/>
  </node>
  <node id="33052" lat="48.26431692808" lon="11.66859696627">
    <tag k="local_x" v="98038.2924"/>
    <tag k="local_y" v="49121.3185"/>
    <tag k="ele" v="520.4885"/>
  </node>
  <node id="33053" lat="48.26433956672" lon="11.66860293369">
    <tag k="local_x" v="98038.6477"/>
    <tag k="local_y" v="49123.8499"/>
    <tag k="ele" v="520.4938"/>
  </node>
  <node id="33054" lat="48.26436220535" lon="11.66860890111">
    <tag k="local_x" v="98039.003"/>
    <tag k="local_y" v="49126.3813"/>
    <tag k="ele" v="520.4991"/>
  </node>
  <node id="33055" lat="48.26437736844" lon="11.66861247115">
    <tag k="local_x" v="98039.2093"/>
    <tag k="local_y" v="49128.0757"/>
    <tag k="ele" v="520.5029"/>
  </node>
  <node id="33060" lat="48.26385401022" lon="11.67034865391">
    <tag k="local_x" v="98170.0662"/>
    <tag k="local_y" v="49074.3935"/>
    <tag k="ele" v="520.359"/>
  </node>
  <node id="33061" lat="48.26385769" lon="11.67035691659">
    <tag k="local_x" v="98170.6651"/>
    <tag k="local_y" v="49074.8238"/>
    <tag k="ele" v="520.359"/>
  </node>
  <node id="33062" lat="48.26386167897" lon="11.67036484499">
    <tag k="local_x" v="98171.238"/>
    <tag k="local_y" v="49075.2876"/>
    <tag k="ele" v="520.359"/>
  </node>
  <node id="33063" lat="48.26387044508" lon="11.67037969715">
    <tag k="local_x" v="98172.3062"/>
    <tag k="local_y" v="49076.3002"/>
    <tag k="ele" v="520.3589"/>
  </node>
  <node id="33064" lat="48.2638800427" lon="11.67039326661">
    <tag k="local_x" v="98173.276"/>
    <tag k="local_y" v="49077.4019"/>
    <tag k="ele" v="520.3588"/>
  </node>
  <node id="33065" lat="48.26389024692" lon="11.67040570739">
    <tag k="local_x" v="98174.1597"/>
    <tag k="local_y" v="49078.5681"/>
    <tag k="ele" v="520.3587"/>
  </node>
  <node id="33066" lat="48.26389696884" lon="11.6704130034">
    <tag k="local_x" v="98174.6751"/>
    <tag k="local_y" v="49079.334"/>
    <tag k="ele" v="520.3586"/>
  </node>
  <node id="33067" lat="48.26390391875" lon="11.67041978167">
    <tag k="local_x" v="98175.1512"/>
    <tag k="local_y" v="49080.1239"/>
    <tag k="ele" v="520.3584"/>
  </node>
  <node id="33068" lat="48.26391107522" lon="11.67042603436">
    <tag k="local_x" v="98175.5875"/>
    <tag k="local_y" v="49080.9354"/>
    <tag k="ele" v="520.3583"/>
  </node>
  <node id="33069" lat="48.2639184205" lon="11.67043175112">
    <tag k="local_x" v="98175.9833"/>
    <tag k="local_y" v="49081.7665"/>
    <tag k="ele" v="520.3582"/>
  </node>
  <node id="33070" lat="48.26392593399" lon="11.67043692816">
    <tag k="local_x" v="98176.3384"/>
    <tag k="local_y" v="49082.6149"/>
    <tag k="ele" v="520.358"/>
  </node>
  <node id="33071" lat="48.26393359697" lon="11.67044155778">
    <tag k="local_x" v="98176.6523"/>
    <tag k="local_y" v="49083.4785"/>
    <tag k="ele" v="520.3579"/>
  </node>
  <node id="33072" lat="48.26394139159" lon="11.67044563365">
    <tag k="local_x" v="98176.9246"/>
    <tag k="local_y" v="49084.3553"/>
    <tag k="ele" v="520.3577"/>
  </node>
  <node id="33073" lat="48.26394929991" lon="11.6704491535">
    <tag k="local_x" v="98177.1552"/>
    <tag k="local_y" v="49085.2433"/>
    <tag k="ele" v="520.3575"/>
  </node>
  <node id="33074" lat="48.26395931038" lon="11.67045273981">
    <tag k="local_x" v="98177.3826"/>
    <tag k="local_y" v="49086.3651"/>
    <tag k="ele" v="520.3597"/>
  </node>
  <node id="33075" lat="48.26396944145" lon="11.67045539581">
    <tag k="local_x" v="98177.5405"/>
    <tag k="local_y" v="49087.4979"/>
    <tag k="ele" v="520.3646"/>
  </node>
  <node id="33076" lat="48.26397965751" lon="11.67045710482">
    <tag k="local_x" v="98177.6278"/>
    <tag k="local_y" v="49088.6377"/>
    <tag k="ele" v="520.3696"/>
  </node>
  <node id="33077" lat="48.26398992197" lon="11.67045785416">
    <tag k="local_x" v="98177.6437"/>
    <tag k="local_y" v="49089.7804"/>
    <tag k="ele" v="520.3717"/>
  </node>
  <node id="33078" lat="48.26399670404" lon="11.67045783845">
    <tag k="local_x" v="98177.6163"/>
    <tag k="local_y" v="49090.5341"/>
    <tag k="ele" v="520.3713"/>
  </node>
  <node id="33079" lat="48.26401025197" lon="11.6704566068">
    <tag k="local_x" v="98177.4725"/>
    <tag k="local_y" v="49092.0366"/>
    <tag k="ele" v="520.3693"/>
  </node>
  <node id="33080" lat="48.26402034228" lon="11.67045439578">
    <tag k="local_x" v="98177.2694"/>
    <tag k="local_y" v="49093.1523"/>
    <tag k="ele" v="520.3674"/>
  </node>
  <node id="33081" lat="48.26401697884" lon="11.67045513279">
    <tag k="local_x" v="98177.3371"/>
    <tag k="local_y" v="49092.7804"/>
    <tag k="ele" v="520.368"/>
  </node>
  <node id="33082" lat="48.2640136154" lon="11.67045586979">
    <tag k="local_x" v="98177.4048"/>
    <tag k="local_y" v="49092.4085"/>
    <tag k="ele" v="520.3686"/>
  </node>
  <node id="33083" lat="48.26402370575" lon="11.67045365743">
    <tag k="local_x" v="98177.2016"/>
    <tag k="local_y" v="49093.5242"/>
    <tag k="ele" v="520.3667"/>
  </node>
  <node id="33084" lat="48.26403036394" lon="11.67045149928">
    <tag k="local_x" v="98177.0157"/>
    <tag k="local_y" v="49094.2586"/>
    <tag k="ele" v="520.3656"/>
  </node>
  <node id="33085" lat="48.26404381203" lon="11.67044577486">
    <tag k="local_x" v="98176.5389"/>
    <tag k="local_y" v="49095.7384"/>
    <tag k="ele" v="520.3642"/>
  </node>
  <node id="33086" lat="48.2640493433" lon="11.67044289764">
    <tag k="local_x" v="98176.304"/>
    <tag k="local_y" v="49096.3457"/>
    <tag k="ele" v="520.3644"/>
  </node>
  <node id="33087" lat="48.26406015395" lon="11.67043632823">
    <tag k="local_x" v="98175.7747"/>
    <tag k="local_y" v="49097.5302"/>
    <tag k="ele" v="520.3663"/>
  </node>
  <node id="33088" lat="48.26406542245" lon="11.67043263951">
    <tag k="local_x" v="98175.4806"/>
    <tag k="local_y" v="49098.1062"/>
    <tag k="ele" v="520.3676"/>
  </node>
  <node id="33089" lat="48.26407566561" lon="11.67042447054">
    <tag k="local_x" v="98174.8348"/>
    <tag k="local_y" v="49099.2235"/>
    <tag k="ele" v="520.3701"/>
  </node>
  <node id="33090" lat="48.26408549265" lon="11.67041527454">
    <tag k="local_x" v="98174.1144"/>
    <tag k="local_y" v="49100.2919"/>
    <tag k="ele" v="520.3709"/>
  </node>
  <node id="33091" lat="48.26409226196" lon="11.6704081023">
    <tag k="local_x" v="98173.556"/>
    <tag k="local_y" v="49101.0257"/>
    <tag k="ele" v="520.3706"/>
  </node>
  <node id="33092" lat="48.26409880769" lon="11.67040044539">
    <tag k="local_x" v="98172.9625"/>
    <tag k="local_y" v="49101.7334"/>
    <tag k="ele" v="520.37"/>
  </node>
  <node id="33093" lat="48.26410511122" lon="11.67039229205">
    <tag k="local_x" v="98172.3331"/>
    <tag k="local_y" v="49102.4129"/>
    <tag k="ele" v="520.3693"/>
  </node>
  <node id="33094" lat="48.26411115547" lon="11.6703836414">
    <tag k="local_x" v="98171.6678"/>
    <tag k="local_y" v="49103.0623"/>
    <tag k="ele" v="520.3685"/>
  </node>
  <node id="33095" lat="48.26411691878" lon="11.67037449635">
    <tag k="local_x" v="98170.9669"/>
    <tag k="local_y" v="49103.6792"/>
    <tag k="ele" v="520.3675"/>
  </node>
  <node id="33096" lat="48.26412238279" lon="11.67036487211">
    <tag k="local_x" v="98170.2316"/>
    <tag k="local_y" v="49104.2616"/>
    <tag k="ele" v="520.3663"/>
  </node>
  <node id="33097" lat="48.26412753" lon="11.67035478665">
    <tag k="local_x" v="98169.4633"/>
    <tag k="local_y" v="49104.8076"/>
    <tag k="ele" v="520.365"/>
  </node>
  <node id="33098" lat="48.26413234363" lon="11.67034426468">
    <tag k="local_x" v="98168.6639"/>
    <tag k="local_y" v="49105.3154"/>
    <tag k="ele" v="520.3635"/>
  </node>
  <node id="33099" lat="48.26413662553" lon="11.67033389558">
    <tag k="local_x" v="98167.8779"/>
    <tag k="local_y" v="49105.7645"/>
    <tag k="ele" v="520.3618"/>
  </node>
  <node id="33100" lat="48.26414064254" lon="11.67032323236">
    <tag k="local_x" v="98167.0711"/>
    <tag k="local_y" v="49106.1834"/>
    <tag k="ele" v="520.36"/>
  </node>
  <node id="33101" lat="48.26414790998" lon="11.67030112881">
    <tag k="local_x" v="98165.4028"/>
    <tag k="local_y" v="49106.934"/>
    <tag k="ele" v="520.3558"/>
  </node>
  <node id="33102" lat="48.26382435013" lon="11.67037654916">
    <tag k="local_x" v="98172.2509"/>
    <tag k="local_y" v="49071.1692"/>
    <tag k="ele" v="520.4835"/>
  </node>
  <node id="33103" lat="48.26382941612" lon="11.67038796339">
    <tag k="local_x" v="98173.0783"/>
    <tag k="local_y" v="49071.7617"/>
    <tag k="ele" v="520.4829"/>
  </node>
  <node id="33104" lat="48.26383489565" lon="11.67039892885">
    <tag k="local_x" v="98173.8708"/>
    <tag k="local_y" v="49072.399"/>
    <tag k="ele" v="520.4822"/>
  </node>
  <node id="33105" lat="48.26384075313" lon="11.67040942753">
    <tag k="local_x" v="98174.6272"/>
    <tag k="local_y" v="49073.0771"/>
    <tag k="ele" v="520.4816"/>
  </node>
  <node id="33106" lat="48.26384695282" lon="11.67041944948">
    <tag k="local_x" v="98175.3469"/>
    <tag k="local_y" v="49073.792"/>
    <tag k="ele" v="520.4809"/>
  </node>
  <node id="33107" lat="48.26385346154" lon="11.67042898892">
    <tag k="local_x" v="98176.0296"/>
    <tag k="local_y" v="49074.54"/>
    <tag k="ele" v="520.4802"/>
  </node>
  <node id="33108" lat="48.26386024773" lon="11.6704380496">
    <tag k="local_x" v="98176.6757"/>
    <tag k="local_y" v="49075.3176"/>
    <tag k="ele" v="520.4796"/>
  </node>
  <node id="33109" lat="48.26386728333" lon="11.67044663814">
    <tag k="local_x" v="98177.2858"/>
    <tag k="local_y" v="49076.1217"/>
    <tag k="ele" v="520.4789"/>
  </node>
  <node id="33110" lat="48.26387454108" lon="11.6704547666">
    <tag k="local_x" v="98177.8609"/>
    <tag k="local_y" v="49076.9493"/>
    <tag k="ele" v="520.4782"/>
  </node>
  <node id="33111" lat="48.26388255212" lon="11.67046292625">
    <tag k="local_x" v="98178.4354"/>
    <tag k="local_y" v="49077.8607"/>
    <tag k="ele" v="520.4775"/>
  </node>
  <node id="33112" lat="48.26389081025" lon="11.67047048157">
    <tag k="local_x" v="98178.9641"/>
    <tag k="local_y" v="49078.798"/>
    <tag k="ele" v="520.4767"/>
  </node>
  <node id="33113" lat="48.26389929505" lon="11.67047742072">
    <tag k="local_x" v="98179.4462"/>
    <tag k="local_y" v="49079.7589"/>
    <tag k="ele" v="520.476"/>
  </node>
  <node id="33114" lat="48.26390798501" lon="11.67048373988">
    <tag k="local_x" v="98179.8815"/>
    <tag k="local_y" v="49080.741"/>
    <tag k="ele" v="520.4752"/>
  </node>
  <node id="33115" lat="48.26391685782" lon="11.67048943115">
    <tag k="local_x" v="98180.2695"/>
    <tag k="local_y" v="49081.7418"/>
    <tag k="ele" v="520.4744"/>
  </node>
  <node id="33116" lat="48.26392589647" lon="11.67049449096">
    <tag k="local_x" v="98180.61"/>
    <tag k="local_y" v="49082.7594"/>
    <tag k="ele" v="520.4736"/>
  </node>
  <node id="33117" lat="48.26393507949" lon="11.67049891413">
    <tag k="local_x" v="98180.9027"/>
    <tag k="local_y" v="49083.7914"/>
    <tag k="ele" v="520.4729"/>
  </node>
  <node id="33118" lat="48.26394439079" lon="11.67050269579">
    <tag k="local_x" v="98181.1473"/>
    <tag k="local_y" v="49084.836"/>
    <tag k="ele" v="520.4722"/>
  </node>
  <node id="33119" lat="48.2639549847" lon="11.67050618854">
    <tag k="local_x" v="98181.3655"/>
    <tag k="local_y" v="49086.0224"/>
    <tag k="ele" v="520.4714"/>
  </node>
  <node id="33120" lat="48.26396569308" lon="11.67050885982">
    <tag k="local_x" v="98181.5223"/>
    <tag k="local_y" v="49087.2194"/>
    <tag k="ele" v="520.4706"/>
  </node>
  <node id="33121" lat="48.26397649244" lon="11.67051067471">
    <tag k="local_x" v="98181.6152"/>
    <tag k="local_y" v="49088.4243"/>
    <tag k="ele" v="520.4698"/>
  </node>
  <node id="33122" lat="48.26398735583" lon="11.67051159274">
    <tag k="local_x" v="98181.6413"/>
    <tag k="local_y" v="49089.634"/>
    <tag k="ele" v="520.469"/>
  </node>
  <node id="33123" lat="48.26399516897" lon="11.67051169682">
    <tag k="local_x" v="98181.6188"/>
    <tag k="local_y" v="49090.5026"/>
    <tag k="ele" v="520.4684"/>
  </node>
  <node id="33124" lat="48.26401079749" lon="11.67051053053">
    <tag k="local_x" v="98181.4718"/>
    <tag k="local_y" v="49092.2365"/>
    <tag k="ele" v="520.4673"/>
  </node>
  <node id="33125" lat="48.26402634848" lon="11.67050747352">
    <tag k="local_x" v="98181.1848"/>
    <tag k="local_y" v="49093.9569"/>
    <tag k="ele" v="520.4661"/>
  </node>
  <node id="33126" lat="48.26403405899" lon="11.67050521796">
    <tag k="local_x" v="98180.9876"/>
    <tag k="local_y" v="49094.808"/>
    <tag k="ele" v="520.4655"/>
  </node>
  <node id="33127" lat="48.26404911303" lon="11.67049938456">
    <tag k="local_x" v="98180.4965"/>
    <tag k="local_y" v="49096.466"/>
    <tag k="ele" v="520.4643"/>
  </node>
  <node id="33128" lat="48.26405637385" lon="11.67049595873">
    <tag k="local_x" v="98180.2142"/>
    <tag k="local_y" v="49097.2641"/>
    <tag k="ele" v="520.4637"/>
  </node>
  <node id="33129" lat="48.26407071067" lon="11.67048796139">
    <tag k="local_x" v="98179.5653"/>
    <tag k="local_y" v="49098.8368"/>
    <tag k="ele" v="520.4624"/>
  </node>
  <node id="33130" lat="48.26408470848" lon="11.67047836697">
    <tag k="local_x" v="98178.7992"/>
    <tag k="local_y" v="49100.3677"/>
    <tag k="ele" v="520.4612"/>
  </node>
  <node id="33131" lat="48.26409823876" lon="11.67046713102">
    <tag k="local_x" v="98177.9131"/>
    <tag k="local_y" v="49101.8424"/>
    <tag k="ele" v="520.4598"/>
  </node>
  <node id="33132" lat="48.26410478739" lon="11.6704608987">
    <tag k="local_x" v="98177.4253"/>
    <tag k="local_y" v="49102.5541"/>
    <tag k="ele" v="520.4591"/>
  </node>
  <node id="33133" lat="48.26411173575" lon="11.67045364954">
    <tag k="local_x" v="98176.8605"/>
    <tag k="local_y" v="49103.3076"/>
    <tag k="ele" v="520.4581"/>
  </node>
  <node id="33134" lat="48.26411846892" lon="11.67044594176">
    <tag k="local_x" v="98176.2625"/>
    <tag k="local_y" v="49104.036"/>
    <tag k="ele" v="520.457"/>
  </node>
  <node id="33135" lat="48.26412497107" lon="11.67043779878">
    <tag k="local_x" v="98175.6331"/>
    <tag k="local_y" v="49104.7376"/>
    <tag k="ele" v="520.4557"/>
  </node>
  <node id="33136" lat="48.26413122981" lon="11.6704292496">
    <tag k="local_x" v="98174.9745"/>
    <tag k="local_y" v="49105.4111"/>
    <tag k="ele" v="520.4545"/>
  </node>
  <node id="33137" lat="48.26414298298" lon="11.67041104543">
    <tag k="local_x" v="98173.5782"/>
    <tag k="local_y" v="49106.6703"/>
    <tag k="ele" v="520.4524"/>
  </node>
  <node id="33138" lat="48.26415369196" lon="11.67039158205">
    <tag k="local_x" v="98172.0925"/>
    <tag k="local_y" v="49107.8102"/>
    <tag k="ele" v="520.4513"/>
  </node>
  <node id="33139" lat="48.26416063274" lon="11.67037730194">
    <tag k="local_x" v="98171.006"/>
    <tag k="local_y" v="49108.5447"/>
    <tag k="ele" v="520.4584"/>
  </node>
  <node id="33140" lat="48.26416700286" lon="11.67036252715">
    <tag k="local_x" v="98169.885"/>
    <tag k="local_y" v="49109.2145"/>
    <tag k="ele" v="520.4655"/>
  </node>
  <node id="33141" lat="48.26417066484" lon="11.6703530475">
    <tag k="local_x" v="98169.1674"/>
    <tag k="local_y" v="49109.597"/>
    <tag k="ele" v="520.4646"/>
  </node>
  <node id="33142" lat="48.26417725898" lon="11.670333627">
    <tag k="local_x" v="98167.7008"/>
    <tag k="local_y" v="49110.2797"/>
    <tag k="ele" v="520.4583"/>
  </node>
  <node id="33143" lat="48.26418011603" lon="11.67032366606">
    <tag k="local_x" v="98166.9506"/>
    <tag k="local_y" v="49110.5715"/>
    <tag k="ele" v="520.453"/>
  </node>
  <node id="33148" lat="48.26438979178" lon="11.66852699817">
    <tag k="local_x" v="98032.8188"/>
    <tag k="local_y" v="49129.2358"/>
    <tag k="ele" v="520.5602"/>
  </node>
  <node id="33149" lat="48.26437817192" lon="11.66861262756">
    <tag k="local_x" v="98039.2178"/>
    <tag k="local_y" v="49128.1654"/>
    <tag k="ele" v="520.5045"/>
  </node>
  <node id="33154" lat="48.26418378748" lon="11.6706756004">
    <tag k="local_x" v="98193.0516"/>
    <tag k="local_y" v="49111.8885"/>
    <tag k="ele" v="520.5106"/>
  </node>
  <node id="33155" lat="48.26418072073" lon="11.67069520206">
    <tag k="local_x" v="98194.518"/>
    <tag k="local_y" v="49111.5983"/>
    <tag k="ele" v="520.5159"/>
  </node>
  <node id="33156" lat="48.2641797224" lon="11.67069986804">
    <tag k="local_x" v="98194.8681"/>
    <tag k="local_y" v="49111.4994"/>
    <tag k="ele" v="520.519"/>
  </node>
  <node id="33157" lat="48.26417238317" lon="11.67072254055">
    <tag k="local_x" v="98196.5789"/>
    <tag k="local_y" v="49110.7423"/>
    <tag k="ele" v="520.5436"/>
  </node>
  <node id="33158" lat="48.26417127929" lon="11.67072717946">
    <tag k="local_x" v="98196.9274"/>
    <tag k="local_y" v="49110.6316"/>
    <tag k="ele" v="520.5503"/>
  </node>
  <node id="33159" lat="48.26417057398" lon="11.67073193618">
    <tag k="local_x" v="98197.2831"/>
    <tag k="local_y" v="49110.5655"/>
    <tag k="ele" v="520.5578"/>
  </node>
  <node id="33160" lat="48.26413956194" lon="11.67068307584">
    <tag k="local_x" v="98193.7774"/>
    <tag k="local_y" v="49106.9927"/>
    <tag k="ele" v="520.4406"/>
  </node>
  <node id="33161" lat="48.26413477613" lon="11.67071361545">
    <tag k="local_x" v="98196.0621"/>
    <tag k="local_y" v="49106.5397"/>
    <tag k="ele" v="520.4434"/>
  </node>
  <node id="33162" lat="48.26413597214" lon="11.67070598019">
    <tag k="local_x" v="98195.4909"/>
    <tag k="local_y" v="49106.6529"/>
    <tag k="ele" v="520.4427"/>
  </node>
  <node id="33163" lat="48.26413716902" lon="11.67069834632">
    <tag k="local_x" v="98194.9198"/>
    <tag k="local_y" v="49106.7662"/>
    <tag k="ele" v="520.442"/>
  </node>
  <node id="33164" lat="48.26413836503" lon="11.67069071106">
    <tag k="local_x" v="98194.3486"/>
    <tag k="local_y" v="49106.8794"/>
    <tag k="ele" v="520.4413"/>
  </node>
  <node id="33165" lat="48.26413357922" lon="11.67072125066">
    <tag k="local_x" v="98196.6333"/>
    <tag k="local_y" v="49106.4264"/>
    <tag k="ele" v="520.4441"/>
  </node>
  <node id="33170" lat="48.26420982832" lon="11.6698368079">
    <tag k="local_x" v="98130.7085"/>
    <tag k="local_y" v="49112.6164"/>
    <tag k="ele" v="520.3821"/>
  </node>
  <node id="33171" lat="48.26421130608" lon="11.66982897167">
    <tag k="local_x" v="98130.1213"/>
    <tag k="local_y" v="49112.7604"/>
    <tag k="ele" v="520.3879"/>
  </node>
  <node id="33172" lat="48.26421335073" lon="11.66982070814">
    <tag k="local_x" v="98129.5002"/>
    <tag k="local_y" v="49112.9663"/>
    <tag k="ele" v="520.3938"/>
  </node>
  <node id="33173" lat="48.2642162471" lon="11.66981191896">
    <tag k="local_x" v="98128.8368"/>
    <tag k="local_y" v="49113.2655"/>
    <tag k="ele" v="520.3997"/>
  </node>
  <node id="33174" lat="48.26422050689" lon="11.66980261596">
    <tag k="local_x" v="98128.13"/>
    <tag k="local_y" v="49113.7149"/>
    <tag k="ele" v="520.4054"/>
  </node>
  <node id="33175" lat="48.26422338203" lon="11.6697979157">
    <tag k="local_x" v="98127.7701"/>
    <tag k="local_y" v="49114.0223"/>
    <tag k="ele" v="520.4081"/>
  </node>
  <node id="33176" lat="48.26422687425" lon="11.6697934174">
    <tag k="local_x" v="98127.4228"/>
    <tag k="local_y" v="49114.3988"/>
    <tag k="ele" v="520.4108"/>
  </node>
  <node id="33177" lat="48.26423099331" lon="11.66978943557">
    <tag k="local_x" v="98127.1114"/>
    <tag k="local_y" v="49114.8463"/>
    <tag k="ele" v="520.4133"/>
  </node>
  <node id="33178" lat="48.26423560477" lon="11.66978633514">
    <tag k="local_x" v="98126.8635"/>
    <tag k="local_y" v="49115.3508"/>
    <tag k="ele" v="520.4158"/>
  </node>
  <node id="33179" lat="48.2642404283" lon="11.66978436968">
    <tag k="local_x" v="98126.699"/>
    <tag k="local_y" v="49115.8818"/>
    <tag k="ele" v="520.4181"/>
  </node>
  <node id="33180" lat="48.264245155" lon="11.66978355139">
    <tag k="local_x" v="98126.62"/>
    <tag k="local_y" v="49116.405"/>
    <tag k="ele" v="520.4205"/>
  </node>
  <node id="33181" lat="48.26424956429" lon="11.66978369224">
    <tag k="local_x" v="98126.6134"/>
    <tag k="local_y" v="49116.8954"/>
    <tag k="ele" v="520.4228"/>
  </node>
  <node id="33182" lat="48.26425357124" lon="11.66978453579">
    <tag k="local_x" v="98126.6605"/>
    <tag k="local_y" v="49117.3429"/>
    <tag k="ele" v="520.4252"/>
  </node>
  <node id="33183" lat="48.26426070652" lon="11.66978763524">
    <tag k="local_x" v="98126.8629"/>
    <tag k="local_y" v="49118.1439"/>
    <tag k="ele" v="520.4298"/>
  </node>
  <node id="33184" lat="48.26426436853" lon="11.66979008067">
    <tag k="local_x" v="98127.0302"/>
    <tag k="local_y" v="49118.5572"/>
    <tag k="ele" v="520.4322"/>
  </node>
  <node id="33185" lat="48.26426805808" lon="11.66979331589">
    <tag k="local_x" v="98127.256"/>
    <tag k="local_y" v="49118.9756"/>
    <tag k="ele" v="520.4345"/>
  </node>
  <node id="33186" lat="48.26427162045" lon="11.66979741639">
    <tag k="local_x" v="98127.5465"/>
    <tag k="local_y" v="49119.3821"/>
    <tag k="ele" v="520.4368"/>
  </node>
  <node id="33187" lat="48.26427485378" lon="11.66980231776">
    <tag k="local_x" v="98127.8977"/>
    <tag k="local_y" v="49119.7541"/>
    <tag k="ele" v="520.4391"/>
  </node>
  <node id="33188" lat="48.26427757876" lon="11.66980779906">
    <tag k="local_x" v="98128.2939"/>
    <tag k="local_y" v="49120.0711"/>
    <tag k="ele" v="520.4414"/>
  </node>
  <node id="33189" lat="48.26427970554" lon="11.66981354432">
    <tag k="local_x" v="98128.712"/>
    <tag k="local_y" v="49120.3223"/>
    <tag k="ele" v="520.4437"/>
  </node>
  <node id="33190" lat="48.26428125238" lon="11.66981927149">
    <tag k="local_x" v="98129.131"/>
    <tag k="local_y" v="49120.509"/>
    <tag k="ele" v="520.446"/>
  </node>
  <node id="33191" lat="48.264282309" lon="11.66982479791">
    <tag k="local_x" v="98129.537"/>
    <tag k="local_y" v="49120.6407"/>
    <tag k="ele" v="520.4482"/>
  </node>
  <node id="33192" lat="48.26428337497" lon="11.66983499569">
    <tag k="local_x" v="98130.2896"/>
    <tag k="local_y" v="49120.7855"/>
    <tag k="ele" v="520.4527"/>
  </node>
  <node id="33193" lat="48.26428359199" lon="11.66984412773">
    <tag k="local_x" v="98130.9664"/>
    <tag k="local_y" v="49120.8332"/>
    <tag k="ele" v="520.4571"/>
  </node>
  <node id="33194" lat="48.26428336526" lon="11.66985245367">
    <tag k="local_x" v="98131.5851"/>
    <tag k="local_y" v="49120.8295"/>
    <tag k="ele" v="520.4615"/>
  </node>
  <node id="33195" lat="48.26423934734" lon="11.66984704524">
    <tag k="local_x" v="98131.354"/>
    <tag k="local_y" v="49115.9235"/>
    <tag k="ele" v="520.4063"/>
  </node>
  <node id="33196" lat="48.26424148493" lon="11.66984012609">
    <tag k="local_x" v="98130.8323"/>
    <tag k="local_y" v="49116.1432"/>
    <tag k="ele" v="520.4053"/>
  </node>
  <node id="33197" lat="48.26424365868" lon="11.6698344392">
    <tag k="local_x" v="98130.4019"/>
    <tag k="local_y" v="49116.3701"/>
    <tag k="ele" v="520.4051"/>
  </node>
  <node id="33198" lat="48.26424562188" lon="11.66983080456">
    <tag k="local_x" v="98130.1246"/>
    <tag k="local_y" v="49116.5789"/>
    <tag k="ele" v="520.4058"/>
  </node>
  <node id="33199" lat="48.26424672423" lon="11.66982959928">
    <tag k="local_x" v="98130.0309"/>
    <tag k="local_y" v="49116.6983"/>
    <tag k="ele" v="520.4077"/>
  </node>
  <node id="33200" lat="48.26424872788" lon="11.6698286">
    <tag k="local_x" v="98129.949"/>
    <tag k="local_y" v="49116.9184"/>
    <tag k="ele" v="520.4111"/>
  </node>
  <node id="33201" lat="48.26425094699" lon="11.66982882212">
    <tag k="local_x" v="98129.9569"/>
    <tag k="local_y" v="49117.1656"/>
    <tag k="ele" v="520.4127"/>
  </node>
  <node id="33202" lat="48.26425077643" lon="11.66982880514">
    <tag k="local_x" v="98129.9563"/>
    <tag k="local_y" v="49117.1466"/>
    <tag k="ele" v="520.4126"/>
  </node>
  <node id="33203" lat="48.26425060586" lon="11.66982878817">
    <tag k="local_x" v="98129.9557"/>
    <tag k="local_y" v="49117.1276"/>
    <tag k="ele" v="520.4125"/>
  </node>
  <node id="33204" lat="48.2642504353" lon="11.66982877119">
    <tag k="local_x" v="98129.9551"/>
    <tag k="local_y" v="49117.1086"/>
    <tag k="ele" v="520.4124"/>
  </node>
  <node id="33205" lat="48.26425026383" lon="11.66982875417">
    <tag k="local_x" v="98129.9545"/>
    <tag k="local_y" v="49117.0895"/>
    <tag k="ele" v="520.4122"/>
  </node>
  <node id="33206" lat="48.26425009327" lon="11.66982873719">
    <tag k="local_x" v="98129.9539"/>
    <tag k="local_y" v="49117.0705"/>
    <tag k="ele" v="520.4121"/>
  </node>
  <node id="33207" lat="48.2642499227" lon="11.66982872022">
    <tag k="local_x" v="98129.9533"/>
    <tag k="local_y" v="49117.0515"/>
    <tag k="ele" v="520.412"/>
  </node>
  <node id="33208" lat="48.26424975214" lon="11.66982870324">
    <tag k="local_x" v="98129.9527"/>
    <tag k="local_y" v="49117.0325"/>
    <tag k="ele" v="520.4119"/>
  </node>
  <node id="33209" lat="48.26424958157" lon="11.66982868627">
    <tag k="local_x" v="98129.9521"/>
    <tag k="local_y" v="49117.0135"/>
    <tag k="ele" v="520.4117"/>
  </node>
  <node id="33210" lat="48.26424941101" lon="11.66982866929">
    <tag k="local_x" v="98129.9515"/>
    <tag k="local_y" v="49116.9945"/>
    <tag k="ele" v="520.4116"/>
  </node>
  <node id="33211" lat="48.26424924044" lon="11.66982865232">
    <tag k="local_x" v="98129.9509"/>
    <tag k="local_y" v="49116.9755"/>
    <tag k="ele" v="520.4115"/>
  </node>
  <node id="33212" lat="48.26424906898" lon="11.6698286353">
    <tag k="local_x" v="98129.9503"/>
    <tag k="local_y" v="49116.9564"/>
    <tag k="ele" v="520.4114"/>
  </node>
  <node id="33213" lat="48.26424889844" lon="11.66982861698">
    <tag k="local_x" v="98129.9496"/>
    <tag k="local_y" v="49116.9374"/>
    <tag k="ele" v="520.4113"/>
  </node>
  <node id="33214" lat="48.26425111756" lon="11.66982883909">
    <tag k="local_x" v="98129.9575"/>
    <tag k="local_y" v="49117.1846"/>
    <tag k="ele" v="520.4128"/>
  </node>
  <node id="33215" lat="48.26425290593" lon="11.66982970853">
    <tag k="local_x" v="98130.0151"/>
    <tag k="local_y" v="49117.3856"/>
    <tag k="ele" v="520.4145"/>
  </node>
  <node id="33216" lat="48.26425423668" lon="11.66983145298">
    <tag k="local_x" v="98130.1394"/>
    <tag k="local_y" v="49117.538"/>
    <tag k="ele" v="520.4161"/>
  </node>
  <node id="33217" lat="48.26425526068" lon="11.66983497513">
    <tag k="local_x" v="98130.3968"/>
    <tag k="local_y" v="49117.6609"/>
    <tag k="ele" v="520.4168"/>
  </node>
  <node id="33218" lat="48.26425578112" lon="11.66984092371">
    <tag k="local_x" v="98130.8362"/>
    <tag k="local_y" v="49117.7341"/>
    <tag k="ele" v="520.4168"/>
  </node>
  <node id="33219" lat="48.26425558839" lon="11.6698483283">
    <tag k="local_x" v="98131.3864"/>
    <tag k="local_y" v="49117.7318"/>
    <tag k="ele" v="520.4162"/>
  </node>
  <node id="33224" lat="48.2642046989" lon="11.66987792473">
    <tag k="local_x" v="98133.7794"/>
    <tag k="local_y" v="49112.1525"/>
    <tag k="ele" v="520.3694"/>
  </node>
  <node id="33225" lat="48.26420684691" lon="11.66985711887">
    <tag k="local_x" v="98132.2272"/>
    <tag k="local_y" v="49112.3375"/>
    <tag k="ele" v="520.3754"/>
  </node>
  <node id="33226" lat="48.26420823869" lon="11.66984639964">
    <tag k="local_x" v="98131.4264"/>
    <tag k="local_y" v="49112.4645"/>
    <tag k="ele" v="520.381"/>
  </node>
  <node id="33227" lat="48.26423403368" lon="11.66988551923">
    <tag k="local_x" v="98134.2295"/>
    <tag k="local_y" v="49115.4323"/>
    <tag k="ele" v="520.4252"/>
  </node>
  <node id="33228" lat="48.26423479247" lon="11.66987904032">
    <tag k="local_x" v="98133.7458"/>
    <tag k="local_y" v="49115.4999"/>
    <tag k="ele" v="520.4251"/>
  </node>
  <node id="33229" lat="48.26423620729" lon="11.66986694232">
    <tag k="local_x" v="98132.8426"/>
    <tag k="local_y" v="49115.6259"/>
    <tag k="ele" v="520.4249"/>
  </node>
  <node id="33234" lat="48.26418139862" lon="11.67073506369">
    <tag k="local_x" v="98197.4733"/>
    <tag k="local_y" v="49111.7766"/>
    <tag k="ele" v="520.547"/>
  </node>
  <node id="33235" lat="48.26418194649" lon="11.67072550527">
    <tag k="local_x" v="98196.7619"/>
    <tag k="local_y" v="49111.8128"/>
    <tag k="ele" v="520.5372"/>
  </node>
  <node id="33236" lat="48.26418220317" lon="11.67070617622">
    <tag k="local_x" v="98195.3266"/>
    <tag k="local_y" v="49111.7914"/>
    <tag k="ele" v="520.5215"/>
  </node>
  <node id="33237" lat="48.26418259123" lon="11.67069660273">
    <tag k="local_x" v="98194.6147"/>
    <tag k="local_y" v="49111.8098"/>
    <tag k="ele" v="520.5155"/>
  </node>
  <node id="33238" lat="48.26418423067" lon="11.67067615986">
    <tag k="local_x" v="98193.0914"/>
    <tag k="local_y" v="49111.9392"/>
    <tag k="ele" v="520.5108"/>
  </node>
  <node id="33239" lat="48.26422719716" lon="11.67074829298">
    <tag k="local_x" v="98198.2778"/>
    <tag k="local_y" v="49116.9007"/>
    <tag k="ele" v="520.4815"/>
  </node>
  <node id="33240" lat="48.26422884276" lon="11.67073575424">
    <tag k="local_x" v="98197.341"/>
    <tag k="local_y" v="49117.0512"/>
    <tag k="ele" v="520.4753"/>
  </node>
  <node id="33241" lat="48.26423080064" lon="11.67072042602">
    <tag k="local_x" v="98196.196"/>
    <tag k="local_y" v="49117.2292"/>
    <tag k="ele" v="520.455"/>
  </node>
  <node id="33242" lat="48.2642327585" lon="11.67070509779">
    <tag k="local_x" v="98195.051"/>
    <tag k="local_y" v="49117.4072"/>
    <tag k="ele" v="520.4347"/>
  </node>
  <node id="33243" lat="48.26423571548" lon="11.67068239894">
    <tag k="local_x" v="98193.3552"/>
    <tag k="local_y" v="49117.6772"/>
    <tag k="ele" v="520.3945"/>
  </node>
  <node id="33248" lat="48.26512448268" lon="11.66882222706">
    <tag k="local_x" v="98051.8859"/>
    <tag k="local_y" v="49211.6494"/>
    <tag k="ele" v="520.5056"/>
  </node>
  <node id="33249" lat="48.26508514152" lon="11.6688224105">
    <tag k="local_x" v="98052.0516"/>
    <tag k="local_y" v="49207.2776"/>
    <tag k="ele" v="520.6195"/>
  </node>
  <node id="33254" lat="48.26456620936" lon="11.6674554381">
    <tag k="local_x" v="97952.6226"/>
    <tag k="local_y" v="49146.0774"/>
    <tag k="ele" v="520.5799"/>
  </node>
  <node id="33255" lat="48.2645677762" lon="11.66744046259">
    <tag k="local_x" v="97951.5053"/>
    <tag k="local_y" v="49146.2129"/>
    <tag k="ele" v="520.5825"/>
  </node>
  <node id="33256" lat="48.26457116939" lon="11.66740991326">
    <tag k="local_x" v="97949.2253"/>
    <tag k="local_y" v="49146.5112"/>
    <tag k="ele" v="520.5831"/>
  </node>
  <node id="33257" lat="48.26459789333" lon="11.66745029314">
    <tag k="local_x" v="97952.1184"/>
    <tag k="local_y" v="49149.5854"/>
    <tag k="ele" v="520.6752"/>
  </node>
  <node id="33258" lat="48.26459972513" lon="11.66743727605">
    <tag k="local_x" v="97951.1454"/>
    <tag k="local_y" v="49149.7554"/>
    <tag k="ele" v="520.6837"/>
  </node>
  <node id="33259" lat="48.26460177478" lon="11.66742464225">
    <tag k="local_x" v="97950.2"/>
    <tag k="local_y" v="49149.9506"/>
    <tag k="ele" v="520.6912"/>
  </node>
  <node id="33264" lat="48.26420267823" lon="11.67028982281">
    <tag k="local_x" v="98164.352"/>
    <tag k="local_y" v="49112.9916"/>
    <tag k="ele" v="520.4145"/>
  </node>
  <node id="33265" lat="48.26420142403" lon="11.67029988616">
    <tag k="local_x" v="98165.1036"/>
    <tag k="local_y" v="49112.8782"/>
    <tag k="ele" v="520.4139"/>
  </node>
  <node id="33266" lat="48.26420017072" lon="11.67030994957">
    <tag k="local_x" v="98165.8552"/>
    <tag k="local_y" v="49112.7649"/>
    <tag k="ele" v="520.4133"/>
  </node>
  <node id="33270" lat="48.26382720007" lon="11.67017049943">
    <tag k="local_x" v="98156.9499"/>
    <tag k="local_y" v="49070.9538"/>
    <tag k="ele" v="520.4022"/>
  </node>
  <node id="33271" lat="48.26382616789" lon="11.67018653613">
    <tag k="local_x" v="98158.1439"/>
    <tag k="local_y" v="49070.8805"/>
    <tag k="ele" v="520.4007"/>
  </node>
  <node id="33272" lat="48.26382543617" lon="11.67020245912">
    <tag k="local_x" v="98159.3283"/>
    <tag k="local_y" v="49070.8403"/>
    <tag k="ele" v="520.3983"/>
  </node>
  <node id="33273" lat="48.26382518758" lon="11.67021826849">
    <tag k="local_x" v="98160.5024"/>
    <tag k="local_y" v="49070.8535"/>
    <tag k="ele" v="520.3952"/>
  </node>
  <node id="33274" lat="48.26382559942" lon="11.67023392362">
    <tag k="local_x" v="98161.6625"/>
    <tag k="local_y" v="49070.9397"/>
    <tag k="ele" v="520.3912"/>
  </node>
  <node id="33275" lat="48.26382668417" lon="11.67024842253">
    <tag k="local_x" v="98162.7342"/>
    <tag k="local_y" v="49071.0977"/>
    <tag k="ele" v="520.3838"/>
  </node>
  <node id="33276" lat="48.26382839275" lon="11.67026244456">
    <tag k="local_x" v="98163.7681"/>
    <tag k="local_y" v="49071.3238"/>
    <tag k="ele" v="520.3728"/>
  </node>
  <node id="33277" lat="48.26383080614" lon="11.67027591307">
    <tag k="local_x" v="98164.7582"/>
    <tag k="local_y" v="49071.6268"/>
    <tag k="ele" v="520.3625"/>
  </node>
  <node id="33278" lat="48.26383392572" lon="11.67028934832">
    <tag k="local_x" v="98165.7431"/>
    <tag k="local_y" v="49072.0082"/>
    <tag k="ele" v="520.3577"/>
  </node>
  <node id="33279" lat="48.26383800794" lon="11.67030414498">
    <tag k="local_x" v="98166.8253"/>
    <tag k="local_y" v="49072.5001"/>
    <tag k="ele" v="520.3572"/>
  </node>
  <node id="33280" lat="48.26384272305" lon="11.67031900427">
    <tag k="local_x" v="98167.9097"/>
    <tag k="local_y" v="49073.0625"/>
    <tag k="ele" v="520.3572"/>
  </node>
  <node id="33281" lat="48.26384806536" lon="11.67033386123">
    <tag k="local_x" v="98168.9915"/>
    <tag k="local_y" v="49073.6946"/>
    <tag k="ele" v="520.3578"/>
  </node>
  <node id="33282" lat="48.26379337887" lon="11.67016592952">
    <tag k="local_x" v="98156.7416"/>
    <tag k="local_y" v="49067.1832"/>
    <tag k="ele" v="520.4872"/>
  </node>
  <node id="33283" lat="48.26379248333" lon="11.67017856387">
    <tag k="local_x" v="98157.6826"/>
    <tag k="local_y" v="49067.1163"/>
    <tag k="ele" v="520.4866"/>
  </node>
  <node id="33284" lat="48.26379142755" lon="11.67020413504">
    <tag k="local_x" v="98159.5842"/>
    <tag k="local_y" v="49067.065"/>
    <tag k="ele" v="520.4854"/>
  </node>
  <node id="33285" lat="48.26379132337" lon="11.67021705995">
    <tag k="local_x" v="98160.5437"/>
    <tag k="local_y" v="49067.0868"/>
    <tag k="ele" v="520.4849"/>
  </node>
  <node id="33286" lat="48.2637914604" lon="11.67022754208">
    <tag k="local_x" v="98161.321"/>
    <tag k="local_y" v="49067.1291"/>
    <tag k="ele" v="520.4845"/>
  </node>
  <node id="33287" lat="48.2637923615" lon="11.67024862797">
    <tag k="local_x" v="98162.8822"/>
    <tag k="local_y" v="49067.2837"/>
    <tag k="ele" v="520.4838"/>
  </node>
  <node id="33288" lat="48.26379423952" lon="11.67026984025">
    <tag k="local_x" v="98164.449"/>
    <tag k="local_y" v="49067.5472"/>
    <tag k="ele" v="520.4832"/>
  </node>
  <node id="33289" lat="48.26379568866" lon="11.67028066164">
    <tag k="local_x" v="98165.2464"/>
    <tag k="local_y" v="49067.7362"/>
    <tag k="ele" v="520.4829"/>
  </node>
  <node id="33290" lat="48.26379962353" lon="11.67030176013">
    <tag k="local_x" v="98166.7968"/>
    <tag k="local_y" v="49068.228"/>
    <tag k="ele" v="520.4826"/>
  </node>
  <node id="33291" lat="48.26380472891" lon="11.67032193453">
    <tag k="local_x" v="98168.2741"/>
    <tag k="local_y" v="49068.8475"/>
    <tag k="ele" v="520.4825"/>
  </node>
  <node id="33292" lat="48.26381072261" lon="11.67034109196">
    <tag k="local_x" v="98169.6725"/>
    <tag k="local_y" v="49069.5631"/>
    <tag k="ele" v="520.4826"/>
  </node>
  <node id="33293" lat="48.26381733944" lon="11.6703592604">
    <tag k="local_x" v="98170.9951"/>
    <tag k="local_y" v="49070.3454"/>
    <tag k="ele" v="520.4829"/>
  </node>
  <node id="33298" lat="48.2645274813" lon="11.66778347797">
    <tag k="local_x" v="97977.1142"/>
    <tag k="local_y" v="49142.6196"/>
    <tag k="ele" v="520.4959"/>
  </node>
  <node id="33299" lat="48.26455769929" lon="11.66779097851">
    <tag k="local_x" v="97977.554"/>
    <tag k="local_y" v="49145.9973"/>
    <tag k="ele" v="520.6325"/>
  </node>
  <node id="33304" lat="48.26425541567" lon="11.66735631957">
    <tag k="local_x" v="97946.4684"/>
    <tag k="local_y" v="49111.2809"/>
    <tag k="ele" v="520.5764"/>
  </node>
  <node id="33305" lat="48.26420882314" lon="11.6673441368">
    <tag k="local_x" v="97945.7444"/>
    <tag k="local_y" v="49106.0713"/>
    <tag k="ele" v="520.5764"/>
  </node>
  <node id="33306" lat="48.26420444982" lon="11.66734302774">
    <tag k="local_x" v="97945.679"/>
    <tag k="local_y" v="49105.5824"/>
    <tag k="ele" v="520.5766"/>
  </node>
  <node id="33307" lat="48.26420181895" lon="11.66734271287">
    <tag k="local_x" v="97945.6658"/>
    <tag k="local_y" v="49105.2892"/>
    <tag k="ele" v="520.5769"/>
  </node>
  <node id="33308" lat="48.26419745016" lon="11.66734323064">
    <tag k="local_x" v="97945.7211"/>
    <tag k="local_y" v="49104.805"/>
    <tag k="ele" v="520.5794"/>
  </node>
  <node id="33309" lat="48.26419511452" lon="11.66734399711">
    <tag k="local_x" v="97945.787"/>
    <tag k="local_y" v="49104.5474"/>
    <tag k="ele" v="520.5904"/>
  </node>
  <node id="33310" lat="48.26419242495" lon="11.6673453974">
    <tag k="local_x" v="97945.9013"/>
    <tag k="local_y" v="49104.2521"/>
    <tag k="ele" v="520.6116"/>
  </node>
  <node id="33311" lat="48.26418948789" lon="11.66734792355">
    <tag k="local_x" v="97946.1001"/>
    <tag k="local_y" v="49103.9322"/>
    <tag k="ele" v="520.6321"/>
  </node>
  <node id="33312" lat="48.2641865934" lon="11.66735183323">
    <tag k="local_x" v="97946.4014"/>
    <tag k="local_y" v="49103.6206"/>
    <tag k="ele" v="520.6409"/>
  </node>
  <node id="33313" lat="48.26418575038" lon="11.66735349677">
    <tag k="local_x" v="97946.5281"/>
    <tag k="local_y" v="49103.5312"/>
    <tag k="ele" v="520.6405"/>
  </node>
  <node id="33314" lat="48.26418603137" lon="11.6673529427">
    <tag k="local_x" v="97946.4859"/>
    <tag k="local_y" v="49103.561"/>
    <tag k="ele" v="520.6406"/>
  </node>
  <node id="33315" lat="48.2641863124" lon="11.66735238729">
    <tag k="local_x" v="97946.4436"/>
    <tag k="local_y" v="49103.5908"/>
    <tag k="ele" v="520.6408"/>
  </node>
  <node id="33316" lat="48.26418546935" lon="11.66735405218">
    <tag k="local_x" v="97946.5704"/>
    <tag k="local_y" v="49103.5014"/>
    <tag k="ele" v="520.6404"/>
  </node>
  <node id="33317" lat="48.26418451038" lon="11.66735660181">
    <tag k="local_x" v="97946.7633"/>
    <tag k="local_y" v="49103.4014"/>
    <tag k="ele" v="520.6399"/>
  </node>
  <node id="33318" lat="48.26418303149" lon="11.66736243952">
    <tag k="local_x" v="97947.2022"/>
    <tag k="local_y" v="49103.2521"/>
    <tag k="ele" v="520.6384"/>
  </node>
  <node id="33319" lat="48.26418117015" lon="11.6673757218">
    <tag k="local_x" v="97948.195"/>
    <tag k="local_y" v="49103.0795"/>
    <tag k="ele" v="520.635"/>
  </node>
  <node id="33320" lat="48.26416867363" lon="11.66748543192">
    <tag k="local_x" v="97956.3843"/>
    <tag k="local_y" v="49101.9737"/>
    <tag k="ele" v="520.6"/>
  </node>
  <node id="33321" lat="48.26416270888" lon="11.66753830522">
    <tag k="local_x" v="97960.3308"/>
    <tag k="local_y" v="49101.4472"/>
    <tag k="ele" v="520.5751"/>
  </node>
  <node id="33322" lat="48.26415926692" lon="11.66756734916">
    <tag k="local_x" v="97962.4993"/>
    <tag k="local_y" v="49101.1396"/>
    <tag k="ele" v="520.5663"/>
  </node>
  <node id="33323" lat="48.26415721787" lon="11.66758441386">
    <tag k="local_x" v="97963.7735"/>
    <tag k="local_y" v="49100.9559"/>
    <tag k="ele" v="520.5636"/>
  </node>
  <node id="33324" lat="48.26415469491" lon="11.66760266808">
    <tag k="local_x" v="97965.1378"/>
    <tag k="local_y" v="49100.7226"/>
    <tag k="ele" v="520.5629"/>
  </node>
  <node id="33325" lat="48.26428190549" lon="11.66728557127">
    <tag k="local_x" v="97941.1162"/>
    <tag k="local_y" v="49114.0424"/>
    <tag k="ele" v="520.739"/>
  </node>
  <node id="33326" lat="48.26421112593" lon="11.66726694627">
    <tag k="local_x" v="97940.0076"/>
    <tag k="local_y" v="49106.1281"/>
    <tag k="ele" v="520.7675"/>
  </node>
  <node id="33327" lat="48.26418048161" lon="11.66725893336">
    <tag k="local_x" v="97939.5314"/>
    <tag k="local_y" v="49102.7017"/>
    <tag k="ele" v="520.7285"/>
  </node>
  <node id="33328" lat="48.26416466965" lon="11.66725412653">
    <tag k="local_x" v="97939.2358"/>
    <tag k="local_y" v="49100.932"/>
    <tag k="ele" v="520.7287"/>
  </node>
  <node id="33329" lat="48.26416040039" lon="11.66725338002">
    <tag k="local_x" v="97939.1969"/>
    <tag k="local_y" v="49100.4556"/>
    <tag k="ele" v="520.729"/>
  </node>
  <node id="33330" lat="48.26415619715" lon="11.66725323934">
    <tag k="local_x" v="97939.2027"/>
    <tag k="local_y" v="49099.9881"/>
    <tag k="ele" v="520.7295"/>
  </node>
  <node id="33331" lat="48.26415219544" lon="11.6672538746">
    <tag k="local_x" v="97939.2653"/>
    <tag k="local_y" v="49099.545"/>
    <tag k="ele" v="520.73"/>
  </node>
  <node id="33332" lat="48.26414854211" lon="11.66725543359">
    <tag k="local_x" v="97939.3951"/>
    <tag k="local_y" v="49099.143"/>
    <tag k="ele" v="520.7307"/>
  </node>
  <node id="33333" lat="48.26414622821" lon="11.66725696934">
    <tag k="local_x" v="97939.518"/>
    <tag k="local_y" v="49098.8898"/>
    <tag k="ele" v="520.7344"/>
  </node>
  <node id="33334" lat="48.26414199758" lon="11.66726072186">
    <tag k="local_x" v="97939.8128"/>
    <tag k="local_y" v="49098.4293"/>
    <tag k="ele" v="520.7493"/>
  </node>
  <node id="33335" lat="48.26414012633" lon="11.66726295716">
    <tag k="local_x" v="97939.9859"/>
    <tag k="local_y" v="49098.2271"/>
    <tag k="ele" v="520.7532"/>
  </node>
  <node id="33336" lat="48.26413824674" lon="11.66726570682">
    <tag k="local_x" v="97940.1972"/>
    <tag k="local_y" v="49098.0253"/>
    <tag k="ele" v="520.754"/>
  </node>
  <node id="33337" lat="48.26413656999" lon="11.66726867188">
    <tag k="local_x" v="97940.4237"/>
    <tag k="local_y" v="49097.8466"/>
    <tag k="ele" v="520.7547"/>
  </node>
  <node id="33338" lat="48.26413378648" lon="11.66727508852">
    <tag k="local_x" v="97940.9106"/>
    <tag k="local_y" v="49097.5538"/>
    <tag k="ele" v="520.756"/>
  </node>
  <node id="33339" lat="48.26413168417" lon="11.66728192874">
    <tag k="local_x" v="97941.4263"/>
    <tag k="local_y" v="49097.3378"/>
    <tag k="ele" v="520.7571"/>
  </node>
  <node id="33340" lat="48.26413014339" lon="11.66728895992">
    <tag k="local_x" v="97941.954"/>
    <tag k="local_y" v="49097.1847"/>
    <tag k="ele" v="520.7579"/>
  </node>
  <node id="33341" lat="48.2641290238" lon="11.66729598741">
    <tag k="local_x" v="97942.4798"/>
    <tag k="local_y" v="49097.0784"/>
    <tag k="ele" v="520.7585"/>
  </node>
  <node id="33342" lat="48.26412660032" lon="11.66731561735">
    <tag k="local_x" v="97943.9458"/>
    <tag k="local_y" v="49096.8597"/>
    <tag k="ele" v="520.7588"/>
  </node>
  <node id="33343" lat="48.26412502794" lon="11.66732703338">
    <tag k="local_x" v="97944.799"/>
    <tag k="local_y" v="49096.7144"/>
    <tag k="ele" v="520.7492"/>
  </node>
  <node id="33344" lat="48.26410691853" lon="11.66747333819">
    <tag k="local_x" v="97955.7255"/>
    <tag k="local_y" v="49095.0792"/>
    <tag k="ele" v="520.7124"/>
  </node>
  <node id="33345" lat="48.26409319318" lon="11.66758446652">
    <tag k="local_x" v="97964.0248"/>
    <tag k="local_y" v="49093.8405"/>
    <tag k="ele" v="520.6701"/>
  </node>
  <node id="33350" lat="48.26442749059" lon="11.6686475964">
    <tag k="local_x" v="98041.622"/>
    <tag k="local_y" v="49133.7368"/>
    <tag k="ele" v="520.3623"/>
  </node>
  <node id="33351" lat="48.26444085325" lon="11.66851849831">
    <tag k="local_x" v="98031.9907"/>
    <tag k="local_y" v="49134.8887"/>
    <tag k="ele" v="520.2722"/>
  </node>
  <node id="33352" lat="48.26445408584" lon="11.66865463784">
    <tag k="local_x" v="98042.0417"/>
    <tag k="local_y" v="49136.7107"/>
    <tag k="ele" v="520.6143"/>
  </node>
  <node id="33353" lat="48.26446973186" lon="11.66852628932">
    <tag k="local_x" v="98032.4572"/>
    <tag k="local_y" v="49138.1183"/>
    <tag k="ele" v="520.6353"/>
  </node>
  <node id="33358" lat="48.26401950413" lon="11.66855376989">
    <tag k="local_x" v="98036.2367"/>
    <tag k="local_y" v="49088.1521"/>
    <tag k="ele" v="520.4585"/>
  </node>
  <node id="33359" lat="48.26401476073" lon="11.66859405375">
    <tag k="local_x" v="98039.2443"/>
    <tag k="local_y" v="49087.7289"/>
    <tag k="ele" v="520.4571"/>
  </node>
  <node id="33360" lat="48.26400973845" lon="11.66863425705">
    <tag k="local_x" v="98042.247"/>
    <tag k="local_y" v="49087.2745"/>
    <tag k="ele" v="520.4554"/>
  </node>
  <node id="33361" lat="48.26398417828" lon="11.66854467281">
    <tag k="local_x" v="98035.6982"/>
    <tag k="local_y" v="49084.2026"/>
    <tag k="ele" v="520.5865"/>
  </node>
  <node id="33362" lat="48.26397942152" lon="11.66858483467">
    <tag k="local_x" v="98038.6968"/>
    <tag k="local_y" v="49083.7776"/>
    <tag k="ele" v="520.57"/>
  </node>
  <node id="33363" lat="48.26397466564" lon="11.66862499657">
    <tag k="local_x" v="98041.6954"/>
    <tag k="local_y" v="49083.3527"/>
    <tag k="ele" v="520.5535"/>
  </node>
  <node id="33368" lat="48.26388505792" lon="11.66969259054">
    <tag k="local_x" v="98121.2628"/>
    <tag k="local_y" v="49076.1499"/>
    <tag k="ele" v="520.3858"/>
  </node>
  <node id="33369" lat="48.26387602534" lon="11.66976619819">
    <tag k="local_x" v="98126.7598"/>
    <tag k="local_y" v="49075.3361"/>
    <tag k="ele" v="520.3959"/>
  </node>
  <node id="33370" lat="48.26384207367" lon="11.66973703453">
    <tag k="local_x" v="98124.727"/>
    <tag k="local_y" v="49071.4875"/>
    <tag k="ele" v="520.4992"/>
  </node>
  <node id="33371" lat="48.26383988226" lon="11.66975595267">
    <tag k="local_x" v="98126.1393"/>
    <tag k="local_y" v="49071.2928"/>
    <tag k="ele" v="520.4971"/>
  </node>
  <node id="33376" lat="48.26392209083" lon="11.66937082723">
    <tag k="local_x" v="98097.2431"/>
    <tag k="local_y" v="49079.4349"/>
    <tag k="ele" v="520.364"/>
  </node>
  <node id="33377" lat="48.26391544663" lon="11.6694335063">
    <tag k="local_x" v="98101.9199"/>
    <tag k="local_y" v="49078.8583"/>
    <tag k="ele" v="520.3733"/>
  </node>
  <node id="33378" lat="48.26388697863" lon="11.66936148335">
    <tag k="local_x" v="98096.6855"/>
    <tag k="local_y" v="49075.5085"/>
    <tag k="ele" v="520.4907"/>
  </node>
  <node id="33379" lat="48.26388651694" lon="11.66936539972">
    <tag k="local_x" v="98096.9779"/>
    <tag k="local_y" v="49075.4673"/>
    <tag k="ele" v="520.4907"/>
  </node>
  <node id="33384" lat="48.26399905232" lon="11.66872554995">
    <tag k="local_x" v="98049.0627"/>
    <tag k="local_y" v="49086.3225"/>
    <tag k="ele" v="520.4427"/>
  </node>
  <node id="33385" lat="48.26398819071" lon="11.66881676359">
    <tag k="local_x" v="98055.8732"/>
    <tag k="local_y" v="49085.3508"/>
    <tag k="ele" v="520.4166"/>
  </node>
  <node id="33386" lat="48.26396598191" lon="11.66869694087">
    <tag k="local_x" v="98047.0676"/>
    <tag k="local_y" v="49082.5733"/>
    <tag k="ele" v="520.5335"/>
  </node>
  <node id="33387" lat="48.26395292923" lon="11.66880714277">
    <tag k="local_x" v="98055.2956"/>
    <tag k="local_y" v="49081.4071"/>
    <tag k="ele" v="520.5065"/>
  </node>
  <node id="33392" lat="48.26439017204" lon="11.6685274007">
    <tag k="local_x" v="98032.8472"/>
    <tag k="local_y" v="49129.2791"/>
    <tag k="ele" v="520.5691"/>
  </node>
  <node id="33393" lat="48.26439567615" lon="11.66852941103">
    <tag k="local_x" v="98032.9751"/>
    <tag k="local_y" v="49129.896"/>
    <tag k="ele" v="520.5285"/>
  </node>
  <node id="33394" lat="48.26440233151" lon="11.66853120912">
    <tag k="local_x" v="98033.0828"/>
    <tag k="local_y" v="49130.6403"/>
    <tag k="ele" v="520.4887"/>
  </node>
  <node id="33395" lat="48.26441000819" lon="11.66853184214">
    <tag k="local_x" v="98033.1001"/>
    <tag k="local_y" v="49131.4951"/>
    <tag k="ele" v="520.4496"/>
  </node>
  <node id="33396" lat="48.26441411019" lon="11.66853146017">
    <tag k="local_x" v="98033.0559"/>
    <tag k="local_y" v="49131.95"/>
    <tag k="ele" v="520.4303"/>
  </node>
  <node id="33397" lat="48.26441829952" lon="11.66853049518">
    <tag k="local_x" v="98032.9681"/>
    <tag k="local_y" v="49132.4131"/>
    <tag k="ele" v="520.4113"/>
  </node>
  <node id="33398" lat="48.26442249691" lon="11.66852887297">
    <tag k="local_x" v="98032.8315"/>
    <tag k="local_y" v="49132.8754"/>
    <tag k="ele" v="520.3927"/>
  </node>
  <node id="33399" lat="48.26442558342" lon="11.66852711877">
    <tag k="local_x" v="98032.6894"/>
    <tag k="local_y" v="49133.2139"/>
    <tag k="ele" v="520.3789"/>
  </node>
  <node id="33400" lat="48.26442455487" lon="11.66852770396">
    <tag k="local_x" v="98032.7368"/>
    <tag k="local_y" v="49133.1011"/>
    <tag k="ele" v="520.3835"/>
  </node>
  <node id="33401" lat="48.26442352632" lon="11.66852828916">
    <tag k="local_x" v="98032.7842"/>
    <tag k="local_y" v="49132.9883"/>
    <tag k="ele" v="520.3881"/>
  </node>
  <node id="33402" lat="48.26442661287" lon="11.66852653362">
    <tag k="local_x" v="98032.642"/>
    <tag k="local_y" v="49133.3268"/>
    <tag k="ele" v="520.3743"/>
  </node>
  <node id="33403" lat="48.26443054581" lon="11.66852343545">
    <tag k="local_x" v="98032.3969"/>
    <tag k="local_y" v="49133.7559"/>
    <tag k="ele" v="520.3559"/>
  </node>
  <node id="33404" lat="48.26443418458" lon="11.6685195592">
    <tag k="local_x" v="98032.0952"/>
    <tag k="local_y" v="49134.1503"/>
    <tag k="ele" v="520.3374"/>
  </node>
  <node id="33405" lat="48.26443740738" lon="11.66851492009">
    <tag k="local_x" v="98031.7385"/>
    <tag k="local_y" v="49134.4965"/>
    <tag k="ele" v="520.3188"/>
  </node>
  <node id="33406" lat="48.26444008696" lon="11.66850957212">
    <tag k="local_x" v="98031.3313"/>
    <tag k="local_y" v="49134.7805"/>
    <tag k="ele" v="520.2999"/>
  </node>
  <node id="33407" lat="48.26444209663" lon="11.66850362461">
    <tag k="local_x" v="98030.8822"/>
    <tag k="local_y" v="49134.9885"/>
    <tag k="ele" v="520.2806"/>
  </node>
  <node id="33408" lat="48.26444281133" lon="11.66850047469">
    <tag k="local_x" v="98030.6457"/>
    <tag k="local_y" v="49135.0598"/>
    <tag k="ele" v="520.271"/>
  </node>
  <node id="33409" lat="48.26444331658" lon="11.6684972384">
    <tag k="local_x" v="98030.4036"/>
    <tag k="local_y" v="49135.1076"/>
    <tag k="ele" v="520.261"/>
  </node>
  <node id="33410" lat="48.26438797648" lon="11.66861400213">
    <tag k="local_x" v="98039.2819"/>
    <tag k="local_y" v="49129.2586"/>
    <tag k="ele" v="520.521"/>
  </node>
  <node id="33411" lat="48.26439593937" lon="11.66861250062">
    <tag k="local_x" v="98039.1397"/>
    <tag k="local_y" v="49130.1397"/>
    <tag k="ele" v="520.5274"/>
  </node>
  <node id="33412" lat="48.26440358828" lon="11.66861002862">
    <tag k="local_x" v="98038.9267"/>
    <tag k="local_y" v="49130.9834"/>
    <tag k="ele" v="520.5341"/>
  </node>
  <node id="33413" lat="48.26441090714" lon="11.66860669717">
    <tag k="local_x" v="98038.6512"/>
    <tag k="local_y" v="49131.7882"/>
    <tag k="ele" v="520.5409"/>
  </node>
  <node id="33414" lat="48.26441789217" lon="11.66860259095">
    <tag k="local_x" v="98038.3195"/>
    <tag k="local_y" v="49132.5539"/>
    <tag k="ele" v="520.548"/>
  </node>
  <node id="33415" lat="48.26442454711" lon="11.6685977816">
    <tag k="local_x" v="98037.9369"/>
    <tag k="local_y" v="49133.2811"/>
    <tag k="ele" v="520.5552"/>
  </node>
  <node id="33416" lat="48.26443087267" lon="11.66859231631">
    <tag k="local_x" v="98037.5069"/>
    <tag k="local_y" v="49133.97"/>
    <tag k="ele" v="520.5626"/>
  </node>
  <node id="33417" lat="48.26443687165" lon="11.66858622892">
    <tag k="local_x" v="98037.032"/>
    <tag k="local_y" v="49134.621"/>
    <tag k="ele" v="520.5701"/>
  </node>
  <node id="33418" lat="48.26444253823" lon="11.668579538">
    <tag k="local_x" v="98036.5136"/>
    <tag k="local_y" v="49135.2335"/>
    <tag k="ele" v="520.578"/>
  </node>
  <node id="33419" lat="48.26444786056" lon="11.66857224966">
    <tag k="local_x" v="98035.9522"/>
    <tag k="local_y" v="49135.8062"/>
    <tag k="ele" v="520.5862"/>
  </node>
  <node id="33420" lat="48.26445281613" lon="11.66856436543">
    <tag k="local_x" v="98035.348"/>
    <tag k="local_y" v="49136.3366"/>
    <tag k="ele" v="520.5946"/>
  </node>
  <node id="33421" lat="48.26445737346" lon="11.66855588367">
    <tag k="local_x" v="98034.701"/>
    <tag k="local_y" v="49136.8212"/>
    <tag k="ele" v="520.6031"/>
  </node>
  <node id="33422" lat="48.26446148758" lon="11.66854680472">
    <tag k="local_x" v="98034.0114"/>
    <tag k="local_y" v="49137.255"/>
    <tag k="ele" v="520.6115"/>
  </node>
  <node id="33423" lat="48.2644651042" lon="11.6685371406">
    <tag k="local_x" v="98033.2803"/>
    <tag k="local_y" v="49137.632"/>
    <tag k="ele" v="520.6197"/>
  </node>
  <node id="33424" lat="48.26446815769" lon="11.6685269283">
    <tag k="local_x" v="98032.5107"/>
    <tag k="local_y" v="49137.945"/>
    <tag k="ele" v="520.6277"/>
  </node>
  <node id="33425" lat="48.26447057817" lon="11.66851623157">
    <tag k="local_x" v="98031.7076"/>
    <tag k="local_y" v="49138.1864"/>
    <tag k="ele" v="520.6353"/>
  </node>
  <node id="33426" lat="48.264471531" lon="11.66851073167">
    <tag k="local_x" v="98031.2958"/>
    <tag k="local_y" v="49138.2781"/>
    <tag k="ele" v="520.639"/>
  </node>
  <node id="33427" lat="48.26447230208" lon="11.66850515356">
    <tag k="local_x" v="98030.8789"/>
    <tag k="local_y" v="49138.3494"/>
    <tag k="ele" v="520.6425"/>
  </node>
  <node id="33432" lat="48.26499285474" lon="11.6699275893">
    <tag k="local_x" v="98134.4166"/>
    <tag k="local_y" v="49199.8743"/>
    <tag k="ele" v="520.4692"/>
  </node>
  <node id="33433" lat="48.26499164512" lon="11.6699377104">
    <tag k="local_x" v="98135.1723"/>
    <tag k="local_y" v="49199.766"/>
    <tag k="ele" v="520.4676"/>
  </node>
  <node id="33434" lat="48.26498884888" lon="11.66996108778">
    <tag k="local_x" v="98136.9178"/>
    <tag k="local_y" v="49199.5156"/>
    <tag k="ele" v="520.4639"/>
  </node>
  <node id="33435" lat="48.26498707871" lon="11.66997589372">
    <tag k="local_x" v="98138.0233"/>
    <tag k="local_y" v="49199.3571"/>
    <tag k="ele" v="520.4616"/>
  </node>
  <node id="33436" lat="48.26495451761" lon="11.66991879367">
    <tag k="local_x" v="98133.9122"/>
    <tag k="local_y" v="49195.5909"/>
    <tag k="ele" v="520.5962"/>
  </node>
  <node id="33437" lat="48.26495381808" lon="11.66992492942">
    <tag k="local_x" v="98134.3702"/>
    <tag k="local_y" v="49195.529"/>
    <tag k="ele" v="520.5955"/>
  </node>
  <node id="33438" lat="48.26494516793" lon="11.66999678768">
    <tag k="local_x" v="98139.7358"/>
    <tag k="local_y" v="49194.7532"/>
    <tag k="ele" v="520.5819"/>
  </node>
  <node id="33439" lat="48.2649365177" lon="11.67006864727">
    <tag k="local_x" v="98145.1015"/>
    <tag k="local_y" v="49193.9774"/>
    <tag k="ele" v="520.5683"/>
  </node>
  <node id="33444" lat="48.2645727628" lon="11.66739782441">
    <tag k="local_x" v="97948.3221"/>
    <tag k="local_y" v="49146.6571"/>
    <tag k="ele" v="520.5823"/>
  </node>
  <node id="33445" lat="48.26457478836" lon="11.66738568529">
    <tag k="local_x" v="97947.4135"/>
    <tag k="local_y" v="49146.8509"/>
    <tag k="ele" v="520.5811"/>
  </node>
  <node id="33446" lat="48.26457733236" lon="11.66737353947">
    <tag k="local_x" v="97946.5024"/>
    <tag k="local_y" v="49147.1023"/>
    <tag k="ele" v="520.5793"/>
  </node>
  <node id="33447" lat="48.26458048136" lon="11.66736145615">
    <tag k="local_x" v="97945.5936"/>
    <tag k="local_y" v="49147.4211"/>
    <tag k="ele" v="520.5772"/>
  </node>
  <node id="33448" lat="48.26458431474" lon="11.66734954323">
    <tag k="local_x" v="97944.6948"/>
    <tag k="local_y" v="49147.8164"/>
    <tag k="ele" v="520.5747"/>
  </node>
  <node id="33449" lat="48.26458889672" lon="11.66733794151">
    <tag k="local_x" v="97943.8162"/>
    <tag k="local_y" v="49148.2957"/>
    <tag k="ele" v="520.5719"/>
  </node>
  <node id="33450" lat="48.26459426095" lon="11.66732682927">
    <tag k="local_x" v="97942.9709"/>
    <tag k="local_y" v="49148.8632"/>
    <tag k="ele" v="520.5689"/>
  </node>
  <node id="33451" lat="48.26460068812" lon="11.66731609177">
    <tag k="local_x" v="97942.1493"/>
    <tag k="local_y" v="49149.5498"/>
    <tag k="ele" v="520.5657"/>
  </node>
  <node id="33452" lat="48.26460467424" lon="11.66731081714">
    <tag k="local_x" v="97941.7425"/>
    <tag k="local_y" v="49149.9792"/>
    <tag k="ele" v="520.564"/>
  </node>
  <node id="33453" lat="48.26460892693" lon="11.66730607524">
    <tag k="local_x" v="97941.3742"/>
    <tag k="local_y" v="49150.4396"/>
    <tag k="ele" v="520.5623"/>
  </node>
  <node id="33454" lat="48.26461338435" lon="11.66730189383">
    <tag k="local_x" v="97941.0467"/>
    <tag k="local_y" v="49150.9242"/>
    <tag k="ele" v="520.5606"/>
  </node>
  <node id="33455" lat="48.26461798618" lon="11.66729827516">
    <tag k="local_x" v="97940.7604"/>
    <tag k="local_y" v="49151.4263"/>
    <tag k="ele" v="520.5588"/>
  </node>
  <node id="33456" lat="48.26462742397" lon="11.66729265774">
    <tag k="local_x" v="97940.3071"/>
    <tag k="local_y" v="49152.4607"/>
    <tag k="ele" v="520.5553"/>
  </node>
  <node id="33457" lat="48.26463693016" lon="11.66728897773">
    <tag k="local_x" v="97939.9973"/>
    <tag k="local_y" v="49153.5077"/>
    <tag k="ele" v="520.5518"/>
  </node>
  <node id="33458" lat="48.26464633077" lon="11.66728693903">
    <tag k="local_x" v="97939.8097"/>
    <tag k="local_y" v="49154.5472"/>
    <tag k="ele" v="520.5484"/>
  </node>
  <node id="33459" lat="48.2646555347" lon="11.66728627951">
    <tag k="local_x" v="97939.7252"/>
    <tag k="local_y" v="49155.5684"/>
    <tag k="ele" v="520.5451"/>
  </node>
  <node id="33460" lat="48.26466450184" lon="11.66728678953">
    <tag k="local_x" v="97939.7284"/>
    <tag k="local_y" v="49156.5663"/>
    <tag k="ele" v="520.542"/>
  </node>
  <node id="33461" lat="48.26467321427" lon="11.66728831049">
    <tag k="local_x" v="97939.8076"/>
    <tag k="local_y" v="49157.5385"/>
    <tag k="ele" v="520.539"/>
  </node>
  <node id="33462" lat="48.26460511514" lon="11.66740373381">
    <tag k="local_x" v="97948.6356"/>
    <tag k="local_y" v="49150.2679"/>
    <tag k="ele" v="520.7233"/>
  </node>
  <node id="33463" lat="48.26460742105" lon="11.6673928518">
    <tag k="local_x" v="97947.8192"/>
    <tag k="local_y" v="49150.4961"/>
    <tag k="ele" v="520.7299"/>
  </node>
  <node id="33464" lat="48.26460884826" lon="11.66738765147">
    <tag k="local_x" v="97947.4278"/>
    <tag k="local_y" v="49150.6413"/>
    <tag k="ele" v="520.7307"/>
  </node>
  <node id="33465" lat="48.26461064132" lon="11.66738281519">
    <tag k="local_x" v="97947.062"/>
    <tag k="local_y" v="49150.8281"/>
    <tag k="ele" v="520.7298"/>
  </node>
  <node id="33466" lat="48.26461312347" lon="11.66737817921">
    <tag k="local_x" v="97946.7084"/>
    <tag k="local_y" v="49151.092"/>
    <tag k="ele" v="520.7202"/>
  </node>
  <node id="33467" lat="48.26461602439" lon="11.66737418628">
    <tag k="local_x" v="97946.4009"/>
    <tag k="local_y" v="49151.4041"/>
    <tag k="ele" v="520.7011"/>
  </node>
  <node id="33468" lat="48.26462097523" lon="11.66736875031">
    <tag k="local_x" v="97945.9784"/>
    <tag k="local_y" v="49151.9403"/>
    <tag k="ele" v="520.6778"/>
  </node>
  <node id="33469" lat="48.26461973708" lon="11.66737010895">
    <tag k="local_x" v="97946.084"/>
    <tag k="local_y" v="49151.8062"/>
    <tag k="ele" v="520.6836"/>
  </node>
  <node id="33470" lat="48.26461849983" lon="11.66737146763">
    <tag k="local_x" v="97946.1896"/>
    <tag k="local_y" v="49151.6722"/>
    <tag k="ele" v="520.6894"/>
  </node>
  <node id="33471" lat="48.26461726164" lon="11.6673728276">
    <tag k="local_x" v="97946.2953"/>
    <tag k="local_y" v="49151.5381"/>
    <tag k="ele" v="520.6953"/>
  </node>
  <node id="33472" lat="48.26462221338" lon="11.66736739168">
    <tag k="local_x" v="97945.8728"/>
    <tag k="local_y" v="49152.0744"/>
    <tag k="ele" v="520.672"/>
  </node>
  <node id="33473" lat="48.26462695169" lon="11.66736312652">
    <tag k="local_x" v="97945.538"/>
    <tag k="local_y" v="49152.59"/>
    <tag k="ele" v="520.6687"/>
  </node>
  <node id="33474" lat="48.26463127376" lon="11.66736090022">
    <tag k="local_x" v="97945.3561"/>
    <tag k="local_y" v="49153.0646"/>
    <tag k="ele" v="520.6666"/>
  </node>
  <node id="33475" lat="48.2646360902" lon="11.66735950959">
    <tag k="local_x" v="97945.2343"/>
    <tag k="local_y" v="49153.5963"/>
    <tag k="ele" v="520.6657"/>
  </node>
  <node id="33476" lat="48.26464144828" lon="11.66735885736">
    <tag k="local_x" v="97945.1652"/>
    <tag k="local_y" v="49154.1901"/>
    <tag k="ele" v="520.666"/>
  </node>
  <node id="33477" lat="48.26464729795" lon="11.66735888973">
    <tag k="local_x" v="97945.145"/>
    <tag k="local_y" v="49154.8403"/>
    <tag k="ele" v="520.6678"/>
  </node>
  <node id="33478" lat="48.26466012142" lon="11.6673606854">
    <tag k="local_x" v="97945.2287"/>
    <tag k="local_y" v="49156.2701"/>
    <tag k="ele" v="520.6755"/>
  </node>
  <node id="33479" lat="48.26466694903" lon="11.66736223491">
    <tag k="local_x" v="97945.3173"/>
    <tag k="local_y" v="49157.0329"/>
    <tag k="ele" v="520.6817"/>
  </node>
  <node id="33484" lat="48.26428283949" lon="11.66985889487">
    <tag k="local_x" v="98132.0651"/>
    <tag k="local_y" v="49120.7877"/>
    <tag k="ele" v="520.4663"/>
  </node>
  <node id="33485" lat="48.26428210338" lon="11.66986497877">
    <tag k="local_x" v="98132.5194"/>
    <tag k="local_y" v="49120.7216"/>
    <tag k="ele" v="520.4716"/>
  </node>
  <node id="33486" lat="48.26428003134" lon="11.66988232117">
    <tag k="local_x" v="98133.8143"/>
    <tag k="local_y" v="49120.5361"/>
    <tag k="ele" v="520.4905"/>
  </node>
  <node id="33487" lat="48.26427868305" lon="11.66989639692">
    <tag k="local_x" v="98134.864"/>
    <tag k="local_y" v="49120.4226"/>
    <tag k="ele" v="520.513"/>
  </node>
  <node id="33488" lat="48.26425495513" lon="11.66985769228">
    <tag k="local_x" v="98132.0837"/>
    <tag k="local_y" v="49117.6856"/>
    <tag k="ele" v="520.4234"/>
  </node>
  <node id="33489" lat="48.26425438793" lon="11.66986266375">
    <tag k="local_x" v="98132.4548"/>
    <tag k="local_y" v="49117.6354"/>
    <tag k="ele" v="520.4268"/>
  </node>
  <node id="33490" lat="48.2642538198" lon="11.66986763652">
    <tag k="local_x" v="98132.826"/>
    <tag k="local_y" v="49117.5851"/>
    <tag k="ele" v="520.4303"/>
  </node>
  <node id="33491" lat="48.26425102522" lon="11.66988974285">
    <tag k="local_x" v="98134.4772"/>
    <tag k="local_y" v="49117.3316"/>
    <tag k="ele" v="520.443"/>
  </node>
  <node id="33496" lat="48.26427868305" lon="11.66989639692">
    <tag k="local_x" v="98134.864"/>
    <tag k="local_y" v="49120.4226"/>
    <tag k="ele" v="520.513"/>
  </node>
  <node id="33497" lat="48.26428397559" lon="11.66984915011">
    <tag k="local_x" v="98131.3376"/>
    <tag k="local_y" v="49120.8888"/>
    <tag k="ele" v="520.5094"/>
  </node>
  <node id="33498" lat="48.26428682178" lon="11.66982559641">
    <tag k="local_x" v="98129.5788"/>
    <tag k="local_y" v="49121.1443"/>
    <tag k="ele" v="520.5106"/>
  </node>
  <node id="33499" lat="48.26428966887" lon="11.66980204276">
    <tag k="local_x" v="98127.82"/>
    <tag k="local_y" v="49121.3999"/>
    <tag k="ele" v="520.5119"/>
  </node>
  <node id="33500" lat="48.26430777697" lon="11.66990339807">
    <tag k="local_x" v="98135.271"/>
    <tag k="local_y" v="49123.6741"/>
    <tag k="ele" v="520.5751"/>
  </node>
  <node id="33501" lat="48.26430808596" lon="11.66990067176">
    <tag k="local_x" v="98135.0675"/>
    <tag k="local_y" v="49123.7014"/>
    <tag k="ele" v="520.5754"/>
  </node>
  <node id="33502" lat="48.26431402872" lon="11.66984906284">
    <tag k="local_x" v="98131.2149"/>
    <tag k="local_y" v="49124.2286"/>
    <tag k="ele" v="520.582"/>
  </node>
  <node id="33503" lat="48.26432022288" lon="11.66979743738">
    <tag k="local_x" v="98127.3601"/>
    <tag k="local_y" v="49124.7837"/>
    <tag k="ele" v="520.5928"/>
  </node>
  <node id="33508" lat="48.26384843197" lon="11.66999261739">
    <tag k="local_x" v="98143.668"/>
    <tag k="local_y" v="49072.8541"/>
    <tag k="ele" v="520.4352"/>
  </node>
  <node id="33509" lat="48.26384308792" lon="11.6700393288">
    <tag k="local_x" v="98147.1549"/>
    <tag k="local_y" v="49072.3808"/>
    <tag k="ele" v="520.4199"/>
  </node>
  <node id="33510" lat="48.26383725034" lon="11.67008547813">
    <tag k="local_x" v="98150.602"/>
    <tag k="local_y" v="49071.8512"/>
    <tag k="ele" v="520.4041"/>
  </node>
  <node id="33511" lat="48.26383208337" lon="11.67012414137">
    <tag k="local_x" v="98153.491"/>
    <tag k="local_y" v="49071.3768"/>
    <tag k="ele" v="520.4037"/>
  </node>
  <node id="33512" lat="48.26382790304" lon="11.67016220243">
    <tag k="local_x" v="98156.3315"/>
    <tag k="local_y" v="49071.0105"/>
    <tag k="ele" v="520.4029"/>
  </node>
  <node id="33513" lat="48.26382961383" lon="11.66984460393">
    <tag k="local_x" v="98132.7574"/>
    <tag k="local_y" v="49070.3805"/>
    <tag k="ele" v="520.4871"/>
  </node>
  <node id="33514" lat="48.2638085893" lon="11.67001705646">
    <tag k="local_x" v="98145.6356"/>
    <tag k="local_y" v="49068.4892"/>
    <tag k="ele" v="520.5013"/>
  </node>
  <node id="33515" lat="48.26380261879" lon="11.67006606116">
    <tag k="local_x" v="98149.2951"/>
    <tag k="local_y" v="49067.9522"/>
    <tag k="ele" v="520.4961"/>
  </node>
  <node id="33516" lat="48.26379711381" lon="11.67011613452">
    <tag k="local_x" v="98153.0321"/>
    <tag k="local_y" v="49067.4697"/>
    <tag k="ele" v="520.49"/>
  </node>
  <node id="33517" lat="48.26379494794" lon="11.67014088238">
    <tag k="local_x" v="98154.8769"/>
    <tag k="local_y" v="49067.2929"/>
    <tag k="ele" v="520.4886"/>
  </node>
  <node id="33522" lat="48.26521774682" lon="11.6680460476">
    <tag k="local_x" v="97993.9303"/>
    <tag k="local_y" v="49220.0114"/>
    <tag k="ele" v="520.6226"/>
  </node>
  <node id="33523" lat="48.26521316666" lon="11.66808531539">
    <tag k="local_x" v="97996.8618"/>
    <tag k="local_y" v="49219.6037"/>
    <tag k="ele" v="520.5778"/>
  </node>
  <node id="33524" lat="48.26520834162" lon="11.66812455021">
    <tag k="local_x" v="97999.7918"/>
    <tag k="local_y" v="49219.1687"/>
    <tag k="ele" v="520.5316"/>
  </node>
  <node id="33525" lat="48.26518007088" lon="11.66803453992">
    <tag k="local_x" v="97993.222"/>
    <tag k="local_y" v="49215.7945"/>
    <tag k="ele" v="520.653"/>
  </node>
  <node id="33526" lat="48.26517518218" lon="11.66807318383">
    <tag k="local_x" v="97996.1084"/>
    <tag k="local_y" v="49215.3509"/>
    <tag k="ele" v="520.6299"/>
  </node>
  <node id="33527" lat="48.26517029255" lon="11.66811182902">
    <tag k="local_x" v="97998.9949"/>
    <tag k="local_y" v="49214.9072"/>
    <tag k="ele" v="520.6069"/>
  </node>
  <node id="33532" lat="48.26441056628" lon="11.66851032803">
    <tag k="local_x" v="98031.5015"/>
    <tag k="local_y" v="49131.5016"/>
    <tag k="ele" v="520.5138"/>
  </node>
  <node id="33533" lat="48.26439931515" lon="11.66864013574">
    <tag k="local_x" v="98041.1773"/>
    <tag k="local_y" v="49130.5862"/>
    <tag k="ele" v="520.5025"/>
  </node>
  <node id="33537" lat="48.26418067264" lon="11.67007818118">
    <tag k="local_x" v="98148.7323"/>
    <tag k="local_y" v="49109.9994"/>
    <tag k="ele" v="520.3547"/>
  </node>
  <node id="33538" lat="48.26418425805" lon="11.67004938069">
    <tag k="local_x" v="98146.5813"/>
    <tag k="local_y" v="49110.3235"/>
    <tag k="ele" v="520.3599"/>
  </node>
  <node id="33539" lat="48.26418765043" lon="11.670020368">
    <tag k="local_x" v="98144.4153"/>
    <tag k="local_y" v="49110.6256"/>
    <tag k="ele" v="520.3642"/>
  </node>
  <node id="33540" lat="48.26421028345" lon="11.67008423502">
    <tag k="local_x" v="98149.067"/>
    <tag k="local_y" v="49113.3059"/>
    <tag k="ele" v="520.4277"/>
  </node>
  <node id="33541" lat="48.26422250988" lon="11.66998420345">
    <tag k="local_x" v="98141.5969"/>
    <tag k="local_y" v="49114.4064"/>
    <tag k="ele" v="520.4295"/>
  </node>
  <node id="33542" lat="48.26422827135" lon="11.66993486132">
    <tag k="local_x" v="98137.9132"/>
    <tag k="local_y" v="49114.9193"/>
    <tag k="ele" v="520.4274"/>
  </node>
  <node id="33547" lat="48.26415369248" lon="11.66761030676">
    <tag k="local_x" v="97965.7085"/>
    <tag k="local_y" v="49100.6309"/>
    <tag k="ele" v="520.5653"/>
  </node>
  <node id="33548" lat="48.2641523769" lon="11.66761841157">
    <tag k="local_x" v="97966.315"/>
    <tag k="local_y" v="49100.5056"/>
    <tag k="ele" v="520.5679"/>
  </node>
  <node id="33549" lat="48.26415083879" lon="11.6676264509">
    <tag k="local_x" v="97966.9175"/>
    <tag k="local_y" v="49100.3554"/>
    <tag k="ele" v="520.5705"/>
  </node>
  <node id="33550" lat="48.26414722892" lon="11.66764237778">
    <tag k="local_x" v="97968.1133"/>
    <tag k="local_y" v="49099.9953"/>
    <tag k="ele" v="520.5758"/>
  </node>
  <node id="33551" lat="48.2641344943" lon="11.66768962256">
    <tag k="local_x" v="97971.6683"/>
    <tag k="local_y" v="49098.7019"/>
    <tag k="ele" v="520.5879"/>
  </node>
  <node id="33552" lat="48.26413048727" lon="11.66770544789">
    <tag k="local_x" v="97972.8581"/>
    <tag k="local_y" v="49098.2974"/>
    <tag k="ele" v="520.5896"/>
  </node>
  <node id="33553" lat="48.26412703788" lon="11.66772143837">
    <tag k="local_x" v="97974.058"/>
    <tag k="local_y" v="49097.9553"/>
    <tag k="ele" v="520.5896"/>
  </node>
  <node id="33554" lat="48.26412440703" lon="11.66773767226">
    <tag k="local_x" v="97975.2728"/>
    <tag k="local_y" v="49097.7048"/>
    <tag k="ele" v="520.5875"/>
  </node>
  <node id="33555" lat="48.26409224296" lon="11.66759214294">
    <tag k="local_x" v="97964.5981"/>
    <tag k="local_y" v="49093.7547"/>
    <tag k="ele" v="520.6917"/>
  </node>
  <node id="33556" lat="48.26409122235" lon="11.66761130147">
    <tag k="local_x" v="97966.0237"/>
    <tag k="local_y" v="49093.6907"/>
    <tag k="ele" v="520.6829"/>
  </node>
  <node id="33557" lat="48.2640886276" lon="11.66764943066">
    <tag k="local_x" v="97968.8631"/>
    <tag k="local_y" v="49093.5007"/>
    <tag k="ele" v="520.6701"/>
  </node>
  <node id="33558" lat="48.26408612079" lon="11.66767784136">
    <tag k="local_x" v="97970.981"/>
    <tag k="local_y" v="49093.2954"/>
    <tag k="ele" v="520.6628"/>
  </node>
  <node id="33559" lat="48.26408695611" lon="11.66766837066">
    <tag k="local_x" v="97970.275"/>
    <tag k="local_y" v="49093.3638"/>
    <tag k="ele" v="520.6652"/>
  </node>
  <node id="33560" lat="48.26408779229" lon="11.66765890136">
    <tag k="local_x" v="97969.5691"/>
    <tag k="local_y" v="49093.4323"/>
    <tag k="ele" v="520.6676"/>
  </node>
  <node id="33561" lat="48.26408528461" lon="11.66768731066">
    <tag k="local_x" v="97971.6869"/>
    <tag k="local_y" v="49093.2269"/>
    <tag k="ele" v="520.6603"/>
  </node>
  <node id="33562" lat="48.26408117979" lon="11.6677249448">
    <tag k="local_x" v="97974.4954"/>
    <tag k="local_y" v="49092.8678"/>
    <tag k="ele" v="520.6496"/>
  </node>
  <node id="33567" lat="48.26427063786" lon="11.66996924933">
    <tag k="local_x" v="98140.3011"/>
    <tag k="local_y" v="49119.7166"/>
    <tag k="ele" v="520.5153"/>
  </node>
  <node id="33568" lat="48.26426211978" lon="11.67004196657">
    <tag k="local_x" v="98145.73"/>
    <tag k="local_y" v="49118.9577"/>
    <tag k="ele" v="520.5178"/>
  </node>
  <node id="33569" lat="48.26424404275" lon="11.67018707719">
    <tag k="local_x" v="98156.5678"/>
    <tag k="local_y" v="49117.3234"/>
    <tag k="ele" v="520.5235"/>
  </node>
  <node id="33570" lat="48.26422779779" lon="11.67008284211">
    <tag k="local_x" v="98148.8959"/>
    <tag k="local_y" v="49115.2488"/>
    <tag k="ele" v="520.4288"/>
  </node>
  <node id="33571" lat="48.26423941153" lon="11.66998629318">
    <tag k="local_x" v="98141.6866"/>
    <tag k="local_y" v="49116.2902"/>
    <tag k="ele" v="520.4359"/>
  </node>
  <node id="33572" lat="48.26421618484" lon="11.67017939238">
    <tag k="local_x" v="98156.1053"/>
    <tag k="local_y" v="49114.2075"/>
    <tag k="ele" v="520.4217"/>
  </node>
  <node id="33580" lat="48.26444331658" lon="11.6684972384">
    <tag k="local_x" v="98030.4036"/>
    <tag k="local_y" v="49135.1076"/>
    <tag k="ele" v="520.261"/>
  </node>
  <node id="33581" lat="48.26441339226" lon="11.66848906681">
    <tag k="local_x" v="98029.9129"/>
    <tag k="local_y" v="49131.7608"/>
    <tag k="ele" v="520.4901"/>
  </node>
  <node id="33586" lat="48.26438950695" lon="11.66852717469">
    <tag k="local_x" v="98032.833"/>
    <tag k="local_y" v="49129.2046"/>
    <tag k="ele" v="520.5704"/>
  </node>
  <node id="33587" lat="48.26438577878" lon="11.66861421377">
    <tag k="local_x" v="98039.3061"/>
    <tag k="local_y" v="49129.0149"/>
    <tag k="ele" v="520.5193"/>
  </node>
  <node id="33592" lat="48.2642063893" lon="11.66986322132">
    <tag k="local_x" v="98132.6818"/>
    <tag k="local_y" v="49112.3024"/>
    <tag k="ele" v="520.3732"/>
  </node>
  <node id="33593" lat="48.26420808057" lon="11.6698485193">
    <tag k="local_x" v="98131.5843"/>
    <tag k="local_y" v="49112.4524"/>
    <tag k="ele" v="520.377"/>
  </node>
  <node id="33594" lat="48.26423615335" lon="11.66986717265">
    <tag k="local_x" v="98132.8599"/>
    <tag k="local_y" v="49115.6205"/>
    <tag k="ele" v="520.425"/>
  </node>
  <node id="33595" lat="48.26423756099" lon="11.66985677767">
    <tag k="local_x" v="98132.0831"/>
    <tag k="local_y" v="49115.7501"/>
    <tag k="ele" v="520.4197"/>
  </node>
  <node id="33607" lat="48.26416594861" lon="11.67077628382">
    <tag k="local_x" v="98200.5918"/>
    <tag k="local_y" v="49110.166"/>
    <tag k="ele" v="520.5601"/>
  </node>
  <node id="33608" lat="48.26412682312" lon="11.67076486458">
    <tag k="local_x" v="98199.8958"/>
    <tag k="local_y" v="49105.7882"/>
    <tag k="ele" v="520.4384"/>
  </node>
  <node id="33613" lat="48.26493648161" lon="11.67055413489">
    <tag k="local_x" v="98181.1266"/>
    <tag k="local_y" v="49195.2272"/>
    <tag k="ele" v="520.4579"/>
  </node>
  <node id="33614" lat="48.26493532144" lon="11.67056290012">
    <tag k="local_x" v="98181.7815"/>
    <tag k="local_y" v="49195.1209"/>
    <tag k="ele" v="520.4621"/>
  </node>
  <node id="33615" lat="48.26492865849" lon="11.67061888556">
    <tag k="local_x" v="98185.9616"/>
    <tag k="local_y" v="49194.525"/>
    <tag k="ele" v="520.4521"/>
  </node>
  <node id="33616" lat="48.26492207989" lon="11.67067650603">
    <tag k="local_x" v="98190.2627"/>
    <tag k="local_y" v="49193.9427"/>
    <tag k="ele" v="520.4377"/>
  </node>
  <node id="33617" lat="48.26491763394" lon="11.6707134449">
    <tag k="local_x" v="98193.0209"/>
    <tag k="local_y" v="49193.544"/>
    <tag k="ele" v="520.4378"/>
  </node>
  <node id="33618" lat="48.26491646729" lon="11.67072155888">
    <tag k="local_x" v="98193.6275"/>
    <tag k="local_y" v="49193.4353"/>
    <tag k="ele" v="520.4455"/>
  </node>
  <node id="33619" lat="48.26491499695" lon="11.6707299252">
    <tag k="local_x" v="98194.254"/>
    <tag k="local_y" v="49193.2935"/>
    <tag k="ele" v="520.4564"/>
  </node>
  <node id="33620" lat="48.26491298506" lon="11.67073956376">
    <tag k="local_x" v="98194.977"/>
    <tag k="local_y" v="49193.0948"/>
    <tag k="ele" v="520.4637"/>
  </node>
  <node id="33621" lat="48.26491017408" lon="11.67074881835">
    <tag k="local_x" v="98195.6746"/>
    <tag k="local_y" v="49192.8063"/>
    <tag k="ele" v="520.4667"/>
  </node>
  <node id="33622" lat="48.26490818404" lon="11.67075329658">
    <tag k="local_x" v="98196.0146"/>
    <tag k="local_y" v="49192.5967"/>
    <tag k="ele" v="520.4662"/>
  </node>
  <node id="33623" lat="48.26490595165" lon="11.67075744009">
    <tag k="local_x" v="98196.3307"/>
    <tag k="local_y" v="49192.3593"/>
    <tag k="ele" v="520.4656"/>
  </node>
  <node id="33624" lat="48.26490347706" lon="11.67076116398">
    <tag k="local_x" v="98196.6166"/>
    <tag k="local_y" v="49192.0939"/>
    <tag k="ele" v="520.4647"/>
  </node>
  <node id="33625" lat="48.26490076777" lon="11.67076437836">
    <tag k="local_x" v="98196.8656"/>
    <tag k="local_y" v="49191.8011"/>
    <tag k="ele" v="520.4636"/>
  </node>
  <node id="33626" lat="48.26489659285" lon="11.67076828448">
    <tag k="local_x" v="98197.1716"/>
    <tag k="local_y" v="49191.3472"/>
    <tag k="ele" v="520.4614"/>
  </node>
  <node id="33627" lat="48.26489228485" lon="11.67077152871">
    <tag k="local_x" v="98197.429"/>
    <tag k="local_y" v="49190.8768"/>
    <tag k="ele" v="520.4581"/>
  </node>
  <node id="33628" lat="48.26488790345" lon="11.67077413706">
    <tag k="local_x" v="98197.6395"/>
    <tag k="local_y" v="49190.3966"/>
    <tag k="ele" v="520.4539"/>
  </node>
  <node id="33629" lat="48.26488350269" lon="11.67077614606">
    <tag k="local_x" v="98197.8056"/>
    <tag k="local_y" v="49189.9127"/>
    <tag k="ele" v="520.4489"/>
  </node>
  <node id="33630" lat="48.26487479327" lon="11.67077856246">
    <tag k="local_x" v="98198.0186"/>
    <tag k="local_y" v="49188.951"/>
    <tag k="ele" v="520.4372"/>
  </node>
  <node id="33631" lat="48.26486638288" lon="11.67077922365">
    <tag k="local_x" v="98198.1002"/>
    <tag k="local_y" v="49188.018"/>
    <tag k="ele" v="520.4244"/>
  </node>
  <node id="33632" lat="48.26485837853" lon="11.67077859745">
    <tag k="local_x" v="98198.0847"/>
    <tag k="local_y" v="49187.1268"/>
    <tag k="ele" v="520.4117"/>
  </node>
  <node id="33633" lat="48.26485080828" lon="11.67077714082">
    <tag k="local_x" v="98198.0059"/>
    <tag k="local_y" v="49186.2817"/>
    <tag k="ele" v="520.4006"/>
  </node>
  <node id="33634" lat="48.26483684239" lon="11.67077339803">
    <tag k="local_x" v="98197.7822"/>
    <tag k="local_y" v="49184.7199"/>
    <tag k="ele" v="520.3882"/>
  </node>
  <node id="33635" lat="48.2648292434" lon="11.67077112593">
    <tag k="local_x" v="98197.643"/>
    <tag k="local_y" v="49183.8695"/>
    <tag k="ele" v="520.3864"/>
  </node>
  <node id="33636" lat="48.26488149932" lon="11.67053910746">
    <tag k="local_x" v="98180.2242"/>
    <tag k="local_y" v="49189.0778"/>
    <tag k="ele" v="520.5753"/>
  </node>
  <node id="33637" lat="48.26487965106" lon="11.67055537282">
    <tag k="local_x" v="98181.4383"/>
    <tag k="local_y" v="49188.9144"/>
    <tag k="ele" v="520.5769"/>
  </node>
  <node id="33638" lat="48.26487410934" lon="11.67060504366">
    <tag k="local_x" v="98185.1455"/>
    <tag k="local_y" v="49188.4268"/>
    <tag k="ele" v="520.5786"/>
  </node>
  <node id="33639" lat="48.26486845125" lon="11.67065364243">
    <tag k="local_x" v="98188.7736"/>
    <tag k="local_y" v="49187.9235"/>
    <tag k="ele" v="520.5758"/>
  </node>
  <node id="33640" lat="48.26486753056" lon="11.67065980706">
    <tag k="local_x" v="98189.2346"/>
    <tag k="local_y" v="49187.8371"/>
    <tag k="ele" v="520.5708"/>
  </node>
  <node id="33641" lat="48.26486630096" lon="11.67066501627">
    <tag k="local_x" v="98189.6259"/>
    <tag k="local_y" v="49187.7139"/>
    <tag k="ele" v="520.5657"/>
  </node>
  <node id="33642" lat="48.2648653356" lon="11.67066795366">
    <tag k="local_x" v="98189.8476"/>
    <tag k="local_y" v="49187.6142"/>
    <tag k="ele" v="520.5674"/>
  </node>
  <node id="33643" lat="48.26486292832" lon="11.67067300175">
    <tag k="local_x" v="98190.2315"/>
    <tag k="local_y" v="49187.3597"/>
    <tag k="ele" v="520.5771"/>
  </node>
  <node id="33644" lat="48.26486152223" lon="11.67067492565">
    <tag k="local_x" v="98190.3797"/>
    <tag k="local_y" v="49187.2084"/>
    <tag k="ele" v="520.5791"/>
  </node>
  <node id="33645" lat="48.26486169787" lon="11.6706746855">
    <tag k="local_x" v="98190.3612"/>
    <tag k="local_y" v="49187.2273"/>
    <tag k="ele" v="520.5789"/>
  </node>
  <node id="33646" lat="48.26486187351" lon="11.67067444534">
    <tag k="local_x" v="98190.3427"/>
    <tag k="local_y" v="49187.2462"/>
    <tag k="ele" v="520.5786"/>
  </node>
  <node id="33647" lat="48.26486205005" lon="11.67067420523">
    <tag k="local_x" v="98190.3242"/>
    <tag k="local_y" v="49187.2652"/>
    <tag k="ele" v="520.5784"/>
  </node>
  <node id="33648" lat="48.26486222573" lon="11.67067396373">
    <tag k="local_x" v="98190.3056"/>
    <tag k="local_y" v="49187.2841"/>
    <tag k="ele" v="520.5781"/>
  </node>
  <node id="33649" lat="48.26486240137" lon="11.67067372357">
    <tag k="local_x" v="98190.2871"/>
    <tag k="local_y" v="49187.303"/>
    <tag k="ele" v="520.5779"/>
  </node>
  <node id="33650" lat="48.26486257701" lon="11.67067348341">
    <tag k="local_x" v="98190.2686"/>
    <tag k="local_y" v="49187.3219"/>
    <tag k="ele" v="520.5776"/>
  </node>
  <node id="33651" lat="48.26486275265" lon="11.67067324326">
    <tag k="local_x" v="98190.2501"/>
    <tag k="local_y" v="49187.3408"/>
    <tag k="ele" v="520.5774"/>
  </node>
  <node id="33652" lat="48.26486134659" lon="11.67067516581">
    <tag k="local_x" v="98190.3982"/>
    <tag k="local_y" v="49187.1895"/>
    <tag k="ele" v="520.5794"/>
  </node>
  <node id="33653" lat="48.26485979977" lon="11.67067679532">
    <tag k="local_x" v="98190.5251"/>
    <tag k="local_y" v="49187.0218"/>
    <tag k="ele" v="520.5792"/>
  </node>
  <node id="33654" lat="48.26485382895" lon="11.67068089217">
    <tag k="local_x" v="98190.8522"/>
    <tag k="local_y" v="49186.3688"/>
    <tag k="ele" v="520.5777"/>
  </node>
  <node id="33655" lat="48.26485168531" lon="11.67068148792">
    <tag k="local_x" v="98190.9047"/>
    <tag k="local_y" v="49186.1321"/>
    <tag k="ele" v="520.5773"/>
  </node>
  <node id="33656" lat="48.26484430125" lon="11.67068069193">
    <tag k="local_x" v="98190.8742"/>
    <tag k="local_y" v="49185.3094"/>
    <tag k="ele" v="520.5759"/>
  </node>
  <node id="33657" lat="48.26483498369" lon="11.6706784192">
    <tag k="local_x" v="98190.7416"/>
    <tag k="local_y" v="49184.268"/>
    <tag k="ele" v="520.5744"/>
  </node>
  <node id="33658" lat="48.26482707227" lon="11.67067623325">
    <tag k="local_x" v="98190.61"/>
    <tag k="local_y" v="49183.3831"/>
    <tag k="ele" v="520.5734"/>
  </node>
  <node id="33663" lat="48.26529445307" lon="11.66748776479">
    <tag k="local_x" v="97952.2075"/>
    <tag k="local_y" v="49227.0959"/>
    <tag k="ele" v="520.5877"/>
  </node>
  <node id="33664" lat="48.26529609096" lon="11.66750011775">
    <tag k="local_x" v="97953.1178"/>
    <tag k="local_y" v="49227.3098"/>
    <tag k="ele" v="520.5611"/>
  </node>
  <node id="33665" lat="48.26529705271" lon="11.66751283711">
    <tag k="local_x" v="97954.0579"/>
    <tag k="local_y" v="49227.4495"/>
    <tag k="ele" v="520.5513"/>
  </node>
  <node id="33666" lat="48.26529715918" lon="11.66751778584">
    <tag k="local_x" v="97954.4247"/>
    <tag k="local_y" v="49227.4741"/>
    <tag k="ele" v="520.554"/>
  </node>
  <node id="33667" lat="48.26529641054" lon="11.66753236079">
    <tag k="local_x" v="97955.5091"/>
    <tag k="local_y" v="49227.4285"/>
    <tag k="ele" v="520.5781"/>
  </node>
  <node id="33668" lat="48.26529410265" lon="11.66754983959">
    <tag k="local_x" v="97956.815"/>
    <tag k="local_y" v="49227.2171"/>
    <tag k="ele" v="520.6046"/>
  </node>
  <node id="33669" lat="48.26529293474" lon="11.66755712616">
    <tag k="local_x" v="97957.3602"/>
    <tag k="local_y" v="49227.1061"/>
    <tag k="ele" v="520.6049"/>
  </node>
  <node id="33670" lat="48.26529100627" lon="11.66757628368">
    <tag k="local_x" v="97958.7892"/>
    <tag k="local_y" v="49226.9412"/>
    <tag k="ele" v="520.6027"/>
  </node>
  <node id="33671" lat="48.2652902184" lon="11.66758301325">
    <tag k="local_x" v="97959.2916"/>
    <tag k="local_y" v="49226.871"/>
    <tag k="ele" v="520.6023"/>
  </node>
  <node id="33672" lat="48.2652796155" lon="11.66767381973">
    <tag k="local_x" v="97966.0707"/>
    <tag k="local_y" v="49225.9269"/>
    <tag k="ele" v="520.5753"/>
  </node>
  <node id="33673" lat="48.2652755115" lon="11.6677098686">
    <tag k="local_x" v="97968.7615"/>
    <tag k="local_y" v="49225.5638"/>
    <tag k="ele" v="520.562"/>
  </node>
  <node id="33674" lat="48.26527415502" lon="11.66772275832">
    <tag k="local_x" v="97969.7232"/>
    <tag k="local_y" v="49225.4463"/>
    <tag k="ele" v="520.5514"/>
  </node>
  <node id="33675" lat="48.26527320388" lon="11.66772915594">
    <tag k="local_x" v="97970.2016"/>
    <tag k="local_y" v="49225.3571"/>
    <tag k="ele" v="520.5446"/>
  </node>
  <node id="33676" lat="48.26527154453" lon="11.66773544122">
    <tag k="local_x" v="97970.6744"/>
    <tag k="local_y" v="49225.1889"/>
    <tag k="ele" v="520.5371"/>
  </node>
  <node id="33677" lat="48.26523643394" lon="11.66755241719">
    <tag k="local_x" v="97957.2291"/>
    <tag k="local_y" v="49220.8146"/>
    <tag k="ele" v="520.7573"/>
  </node>
  <node id="33678" lat="48.26523668373" lon="11.66755530069">
    <tag k="local_x" v="97957.4421"/>
    <tag k="local_y" v="49220.8498"/>
    <tag k="ele" v="520.7459"/>
  </node>
  <node id="33679" lat="48.26523632609" lon="11.66755698549">
    <tag k="local_x" v="97957.5685"/>
    <tag k="local_y" v="49220.8144"/>
    <tag k="ele" v="520.7348"/>
  </node>
  <node id="33680" lat="48.26523499535" lon="11.6675589215">
    <tag k="local_x" v="97957.7173"/>
    <tag k="local_y" v="49220.6715"/>
    <tag k="ele" v="520.7147"/>
  </node>
  <node id="33681" lat="48.26523245397" lon="11.66758928782">
    <tag k="local_x" v="97959.9804"/>
    <tag k="local_y" v="49220.4674"/>
    <tag k="ele" v="520.6926"/>
  </node>
  <node id="33682" lat="48.26522929621" lon="11.66761659253">
    <tag k="local_x" v="97962.0187"/>
    <tag k="local_y" v="49220.1869"/>
    <tag k="ele" v="520.6891"/>
  </node>
  <node id="33683" lat="48.26522992775" lon="11.6676111324">
    <tag k="local_x" v="97961.6111"/>
    <tag k="local_y" v="49220.243"/>
    <tag k="ele" v="520.6898"/>
  </node>
  <node id="33684" lat="48.26523055931" lon="11.66760567092">
    <tag k="local_x" v="97961.2034"/>
    <tag k="local_y" v="49220.2991"/>
    <tag k="ele" v="520.6905"/>
  </node>
  <node id="33685" lat="48.26523119084" lon="11.66760021078">
    <tag k="local_x" v="97960.7958"/>
    <tag k="local_y" v="49220.3552"/>
    <tag k="ele" v="520.6912"/>
  </node>
  <node id="33686" lat="48.26523182241" lon="11.6675947493">
    <tag k="local_x" v="97960.3881"/>
    <tag k="local_y" v="49220.4113"/>
    <tag k="ele" v="520.6919"/>
  </node>
  <node id="33687" lat="48.26522866465" lon="11.66762205401">
    <tag k="local_x" v="97962.4264"/>
    <tag k="local_y" v="49220.1308"/>
    <tag k="ele" v="520.6884"/>
  </node>
  <node id="33688" lat="48.26522450463" lon="11.66765536151">
    <tag k="local_x" v="97964.914"/>
    <tag k="local_y" v="49219.7544"/>
    <tag k="ele" v="520.6861"/>
  </node>
  <node id="33689" lat="48.26522009433" lon="11.66769065184">
    <tag k="local_x" v="97967.5497"/>
    <tag k="local_y" v="49219.3553"/>
    <tag k="ele" v="520.6863"/>
  </node>
  <node id="33690" lat="48.26521582886" lon="11.66772691192">
    <tag k="local_x" v="97970.2568"/>
    <tag k="local_y" v="49218.9748"/>
    <tag k="ele" v="520.6945"/>
  </node>
  <node id="33695" lat="48.26446402141" lon="11.66832311025">
    <tag k="local_x" v="98017.4025"/>
    <tag k="local_y" v="49136.9593"/>
    <tag k="ele" v="520.3285"/>
  </node>
  <node id="33696" lat="48.26449055614" lon="11.66809532918">
    <tag k="local_x" v="98000.3976"/>
    <tag k="local_y" v="49139.3205"/>
    <tag k="ele" v="520.4067"/>
  </node>
  <node id="33697" lat="48.26447728885" lon="11.66820921907">
    <tag k="local_x" v="98008.9"/>
    <tag k="local_y" v="49138.1399"/>
    <tag k="ele" v="520.3676"/>
  </node>
  <node id="33698" lat="48.26450382335" lon="11.66798143788">
    <tag k="local_x" v="97991.8951"/>
    <tag k="local_y" v="49140.5011"/>
    <tag k="ele" v="520.4458"/>
  </node>
  <node id="33699" lat="48.26449296482" lon="11.6683306687">
    <tag k="local_x" v="98017.8515"/>
    <tag k="local_y" v="49140.1955"/>
    <tag k="ele" v="520.6527"/>
  </node>
  <node id="33700" lat="48.26451405924" lon="11.66815482485">
    <tag k="local_x" v="98004.7216"/>
    <tag k="local_y" v="49142.0861"/>
    <tag k="ele" v="520.6475"/>
  </node>
  <node id="33701" lat="48.26453487293" lon="11.66797920208">
    <tag k="local_x" v="97991.6092"/>
    <tag k="local_y" v="49143.9461"/>
    <tag k="ele" v="520.641"/>
  </node>
  <node id="33702" lat="48.26454235107" lon="11.66791672857">
    <tag k="local_x" v="97986.9445"/>
    <tag k="local_y" v="49144.616"/>
    <tag k="ele" v="520.6384"/>
  </node>
  <node id="33707" lat="48.26527094721" lon="11.66773667556">
    <tag k="local_x" v="97970.7683"/>
    <tag k="local_y" v="49225.1257"/>
    <tag k="ele" v="520.5484"/>
  </node>
  <node id="33708" lat="48.26527006748" lon="11.66773786554">
    <tag k="local_x" v="97970.86"/>
    <tag k="local_y" v="49225.031"/>
    <tag k="ele" v="520.5594"/>
  </node>
  <node id="33709" lat="48.26526265879" lon="11.66774468022">
    <tag k="local_x" v="97971.3943"/>
    <tag k="local_y" v="49224.2252"/>
    <tag k="ele" v="520.6033"/>
  </node>
  <node id="33710" lat="48.26525663865" lon="11.66775032466">
    <tag k="local_x" v="97971.8364"/>
    <tag k="local_y" v="49223.5707"/>
    <tag k="ele" v="520.6107"/>
  </node>
  <node id="33711" lat="48.26525404281" lon="11.6677531907">
    <tag k="local_x" v="97972.0591"/>
    <tag k="local_y" v="49223.2896"/>
    <tag k="ele" v="520.6134"/>
  </node>
  <node id="33712" lat="48.26525256865" lon="11.667756227">
    <tag k="local_x" v="97972.2901"/>
    <tag k="local_y" v="49223.1336"/>
    <tag k="ele" v="520.6169"/>
  </node>
  <node id="33713" lat="48.26525164568" lon="11.66776152776">
    <tag k="local_x" v="97972.687"/>
    <tag k="local_y" v="49223.0447"/>
    <tag k="ele" v="520.6263"/>
  </node>
  <node id="33714" lat="48.26525099975" lon="11.66776687124">
    <tag k="local_x" v="97973.086"/>
    <tag k="local_y" v="49222.9867"/>
    <tag k="ele" v="520.6341"/>
  </node>
  <node id="33715" lat="48.26523826275" lon="11.66787285556">
    <tag k="local_x" v="97980.9996"/>
    <tag k="local_y" v="49221.8446"/>
    <tag k="ele" v="520.6773"/>
  </node>
  <node id="33716" lat="48.26523411934" lon="11.66791079309">
    <tag k="local_x" v="97983.8307"/>
    <tag k="local_y" v="49221.482"/>
    <tag k="ele" v="520.6708"/>
  </node>
  <node id="33717" lat="48.26520588103" lon="11.66781569719">
    <tag k="local_x" v="97976.8834"/>
    <tag k="local_y" v="49218.0983"/>
    <tag k="ele" v="520.7313"/>
  </node>
  <node id="33718" lat="48.26519662206" lon="11.66789182209">
    <tag k="local_x" v="97982.5679"/>
    <tag k="local_y" v="49217.2657"/>
    <tag k="ele" v="520.7272"/>
  </node>
  <node id="33719" lat="48.26519777877" lon="11.66788230594">
    <tag k="local_x" v="97981.8573"/>
    <tag k="local_y" v="49217.3697"/>
    <tag k="ele" v="520.7277"/>
  </node>
  <node id="33720" lat="48.26519893635" lon="11.66787279118">
    <tag k="local_x" v="97981.1468"/>
    <tag k="local_y" v="49217.4738"/>
    <tag k="ele" v="520.7283"/>
  </node>
  <node id="33721" lat="48.26520009396" lon="11.66786327508">
    <tag k="local_x" v="97980.4362"/>
    <tag k="local_y" v="49217.5779"/>
    <tag k="ele" v="520.7288"/>
  </node>
  <node id="33722" lat="48.26520125153" lon="11.66785376032">
    <tag k="local_x" v="97979.7257"/>
    <tag k="local_y" v="49217.682"/>
    <tag k="ele" v="520.7293"/>
  </node>
  <node id="33723" lat="48.26520240914" lon="11.66784424421">
    <tag k="local_x" v="97979.0151"/>
    <tag k="local_y" v="49217.7861"/>
    <tag k="ele" v="520.7298"/>
  </node>
  <node id="33724" lat="48.26520356585" lon="11.66783472806">
    <tag k="local_x" v="97978.3045"/>
    <tag k="local_y" v="49217.8901"/>
    <tag k="ele" v="520.7303"/>
  </node>
  <node id="33725" lat="48.26520472342" lon="11.66782521329">
    <tag k="local_x" v="97977.594"/>
    <tag k="local_y" v="49217.9942"/>
    <tag k="ele" v="520.7308"/>
  </node>
  <node id="33726" lat="48.26519546445" lon="11.6679013382">
    <tag k="local_x" v="97983.2785"/>
    <tag k="local_y" v="49217.1616"/>
    <tag k="ele" v="520.7267"/>
  </node>
  <node id="33731" lat="48.26482473579" lon="11.67077026023">
    <tag k="local_x" v="98197.5962"/>
    <tag k="local_y" v="49183.3663"/>
    <tag k="ele" v="520.3849"/>
  </node>
  <node id="33732" lat="48.26481855933" lon="11.67076872534">
    <tag k="local_x" v="98197.5062"/>
    <tag k="local_y" v="49182.6759"/>
    <tag k="ele" v="520.3828"/>
  </node>
  <node id="33733" lat="48.26480082966" lon="11.67076335513">
    <tag k="local_x" v="98197.1763"/>
    <tag k="local_y" v="49180.6916"/>
    <tag k="ele" v="520.3763"/>
  </node>
  <node id="33734" lat="48.26481212643" lon="11.67067195155">
    <tag k="local_x" v="98190.3501"/>
    <tag k="local_y" v="49181.711"/>
    <tag k="ele" v="520.5719"/>
  </node>
  <node id="33735" lat="48.26481959982" lon="11.67067409175">
    <tag k="local_x" v="98190.48"/>
    <tag k="local_y" v="49182.5471"/>
    <tag k="ele" v="520.5726"/>
  </node>
  <node id="33736" lat="48.26480465395" lon="11.6706698114">
    <tag k="local_x" v="98190.2202"/>
    <tag k="local_y" v="49180.875"/>
    <tag k="ele" v="520.5712"/>
  </node>
  <node id="33741" lat="48.26404091569" lon="11.66840818618">
    <tag k="local_x" v="98025.3509"/>
    <tag k="local_y" v="49090.156"/>
    <tag k="ele" v="520.5488"/>
  </node>
  <node id="33742" lat="48.26404198917" lon="11.66841376463">
    <tag k="local_x" v="98025.7607"/>
    <tag k="local_y" v="49090.2897"/>
    <tag k="ele" v="520.549"/>
  </node>
  <node id="33743" lat="48.26404360832" lon="11.66841901574">
    <tag k="local_x" v="98026.1441"/>
    <tag k="local_y" v="49090.4832"/>
    <tag k="ele" v="520.5486"/>
  </node>
  <node id="33744" lat="48.26404566777" lon="11.66842382755">
    <tag k="local_x" v="98026.4932"/>
    <tag k="local_y" v="49090.7245"/>
    <tag k="ele" v="520.5478"/>
  </node>
  <node id="33745" lat="48.26404805513" lon="11.66842811874">
    <tag k="local_x" v="98026.8024"/>
    <tag k="local_y" v="49091.0009"/>
    <tag k="ele" v="520.5467"/>
  </node>
  <node id="33746" lat="48.26405028702" lon="11.668431317">
    <tag k="local_x" v="98027.0311"/>
    <tag k="local_y" v="49091.2572"/>
    <tag k="ele" v="520.5458"/>
  </node>
  <node id="33747" lat="48.26404991518" lon="11.66843078419">
    <tag k="local_x" v="98026.993"/>
    <tag k="local_y" v="49091.2145"/>
    <tag k="ele" v="520.5459"/>
  </node>
  <node id="33748" lat="48.26404954335" lon="11.66843025138">
    <tag k="local_x" v="98026.9549"/>
    <tag k="local_y" v="49091.1718"/>
    <tag k="ele" v="520.5461"/>
  </node>
  <node id="33749" lat="48.26404917151" lon="11.66842971857">
    <tag k="local_x" v="98026.9168"/>
    <tag k="local_y" v="49091.1291"/>
    <tag k="ele" v="520.5462"/>
  </node>
  <node id="33750" lat="48.26404879878" lon="11.66842918571">
    <tag k="local_x" v="98026.8787"/>
    <tag k="local_y" v="49091.0863"/>
    <tag k="ele" v="520.5464"/>
  </node>
  <node id="33751" lat="48.26404842694" lon="11.6684286529">
    <tag k="local_x" v="98026.8406"/>
    <tag k="local_y" v="49091.0436"/>
    <tag k="ele" v="520.5465"/>
  </node>
  <node id="33752" lat="48.26405065886" lon="11.66843184982">
    <tag k="local_x" v="98027.0692"/>
    <tag k="local_y" v="49091.2999"/>
    <tag k="ele" v="520.5456"/>
  </node>
  <node id="33753" lat="48.264056091" lon="11.66843765666">
    <tag k="local_x" v="98027.4791"/>
    <tag k="local_y" v="49091.9186"/>
    <tag k="ele" v="520.5442"/>
  </node>
  <node id="33754" lat="48.26405874368" lon="11.66843986073">
    <tag k="local_x" v="98027.6324"/>
    <tag k="local_y" v="49092.2191"/>
    <tag k="ele" v="520.5443"/>
  </node>
  <node id="33755" lat="48.26406163828" lon="11.66844168256">
    <tag k="local_x" v="98027.7564"/>
    <tag k="local_y" v="49092.5455"/>
    <tag k="ele" v="520.5455"/>
  </node>
  <node id="33756" lat="48.264064509" lon="11.66844282798">
    <tag k="local_x" v="98027.8303"/>
    <tag k="local_y" v="49092.8675"/>
    <tag k="ele" v="520.5479"/>
  </node>
  <node id="33757" lat="48.26400240638" lon="11.6684212534">
    <tag k="local_x" v="98026.4694"/>
    <tag k="local_y" v="49085.9099"/>
    <tag k="ele" v="520.505"/>
  </node>
  <node id="33758" lat="48.26400263747" lon="11.668429746">
    <tag k="local_x" v="98027.0987"/>
    <tag k="local_y" v="49085.9575"/>
    <tag k="ele" v="520.4982"/>
  </node>
  <node id="33759" lat="48.26400331037" lon="11.66843827643">
    <tag k="local_x" v="98027.7291"/>
    <tag k="local_y" v="49086.0543"/>
    <tag k="ele" v="520.4912"/>
  </node>
  <node id="33760" lat="48.26400443505" lon="11.66844680344">
    <tag k="local_x" v="98028.3575"/>
    <tag k="local_y" v="49086.2013"/>
    <tag k="ele" v="520.4839"/>
  </node>
  <node id="33761" lat="48.26400601982" lon="11.66845527895">
    <tag k="local_x" v="98028.9803"/>
    <tag k="local_y" v="49086.3993"/>
    <tag k="ele" v="520.4765"/>
  </node>
  <node id="33762" lat="48.26400807841" lon="11.66846365382">
    <tag k="local_x" v="98029.5938"/>
    <tag k="local_y" v="49086.6497"/>
    <tag k="ele" v="520.4691"/>
  </node>
  <node id="33763" lat="48.26401062109" lon="11.66847187332">
    <tag k="local_x" v="98030.1939"/>
    <tag k="local_y" v="49086.9535"/>
    <tag k="ele" v="520.4617"/>
  </node>
  <node id="33764" lat="48.26401365919" lon="11.66847987605">
    <tag k="local_x" v="98030.776"/>
    <tag k="local_y" v="49087.3118"/>
    <tag k="ele" v="520.4546"/>
  </node>
  <node id="33765" lat="48.26401720245" lon="11.66848759111">
    <tag k="local_x" v="98031.3348"/>
    <tag k="local_y" v="49087.7255"/>
    <tag k="ele" v="520.4478"/>
  </node>
  <node id="33766" lat="48.26402125278" lon="11.66849493638">
    <tag k="local_x" v="98031.8642"/>
    <tag k="local_y" v="49088.1946"/>
    <tag k="ele" v="520.4413"/>
  </node>
  <node id="33767" lat="48.26402580692" lon="11.66850182005">
    <tag k="local_x" v="98032.3574"/>
    <tag k="local_y" v="49088.7185"/>
    <tag k="ele" v="520.4353"/>
  </node>
  <node id="33768" lat="48.26403084829" lon="11.66850814155">
    <tag k="local_x" v="98032.807"/>
    <tag k="local_y" v="49089.2951"/>
    <tag k="ele" v="520.4299"/>
  </node>
  <node id="33769" lat="48.26403634424" lon="11.66851379675">
    <tag k="local_x" v="98033.2054"/>
    <tag k="local_y" v="49089.9205"/>
    <tag k="ele" v="520.4252"/>
  </node>
  <node id="33770" lat="48.26404224407" lon="11.66851868193">
    <tag k="local_x" v="98033.5451"/>
    <tag k="local_y" v="49090.5888"/>
    <tag k="ele" v="520.4212"/>
  </node>
  <node id="33771" lat="48.264048477" lon="11.66852270717">
    <tag k="local_x" v="98033.8197"/>
    <tag k="local_y" v="49091.2919"/>
    <tag k="ele" v="520.4181"/>
  </node>
  <node id="33772" lat="48.26405495735" lon="11.66852580331">
    <tag k="local_x" v="98034.0244"/>
    <tag k="local_y" v="49092.0201"/>
    <tag k="ele" v="520.416"/>
  </node>
  <node id="33777" lat="48.26439483554" lon="11.66853023377">
    <tag k="local_x" v="98033.0394"/>
    <tag k="local_y" v="49129.8047"/>
    <tag k="ele" v="520.5595"/>
  </node>
  <node id="33778" lat="48.26439958534" lon="11.66853492971">
    <tag k="local_x" v="98033.3695"/>
    <tag k="local_y" v="49130.3447"/>
    <tag k="ele" v="520.5577"/>
  </node>
  <node id="33779" lat="48.26440392336" lon="11.66854077395">
    <tag k="local_x" v="98033.7864"/>
    <tag k="local_y" v="49130.8419"/>
    <tag k="ele" v="520.5549"/>
  </node>
  <node id="33780" lat="48.26440777261" lon="11.66854744038">
    <tag k="local_x" v="98034.2662"/>
    <tag k="local_y" v="49131.2869"/>
    <tag k="ele" v="520.5512"/>
  </node>
  <node id="33781" lat="48.26441110853" lon="11.66855459083">
    <tag k="local_x" v="98034.7839"/>
    <tag k="local_y" v="49131.6761"/>
    <tag k="ele" v="520.5467"/>
  </node>
  <node id="33782" lat="48.26441396915" lon="11.66856190518">
    <tag k="local_x" v="98035.3156"/>
    <tag k="local_y" v="49132.0129"/>
    <tag k="ele" v="520.5414"/>
  </node>
  <node id="33783" lat="48.26441873588" lon="11.66857594647">
    <tag k="local_x" v="98036.3391"/>
    <tag k="local_y" v="49132.5789"/>
    <tag k="ele" v="520.5291"/>
  </node>
  <node id="33784" lat="48.26442130106" lon="11.66858424268">
    <tag k="local_x" v="98036.9448"/>
    <tag k="local_y" v="49132.8854"/>
    <tag k="ele" v="520.5204"/>
  </node>
  <node id="33785" lat="48.2644233784" lon="11.66859242993">
    <tag k="local_x" v="98037.5443"/>
    <tag k="local_y" v="49133.1374"/>
    <tag k="ele" v="520.5108"/>
  </node>
  <node id="33786" lat="48.26442500907" lon="11.66860047801">
    <tag k="local_x" v="98038.1352"/>
    <tag k="local_y" v="49133.3394"/>
    <tag k="ele" v="520.5005"/>
  </node>
  <node id="33787" lat="48.26442709864" lon="11.66861611963">
    <tag k="local_x" v="98039.2878"/>
    <tag k="local_y" v="49133.612"/>
    <tag k="ele" v="520.4776"/>
  </node>
  <node id="33788" lat="48.26442782874" lon="11.66863117564">
    <tag k="local_x" v="98040.4022"/>
    <tag k="local_y" v="49133.732"/>
    <tag k="ele" v="520.4519"/>
  </node>
  <node id="33789" lat="48.26442772719" lon="11.66863849336">
    <tag k="local_x" v="98040.9456"/>
    <tag k="local_y" v="49133.7396"/>
    <tag k="ele" v="520.4379"/>
  </node>
  <node id="33790" lat="48.26442734097" lon="11.66864586364">
    <tag k="local_x" v="98041.494"/>
    <tag k="local_y" v="49133.7157"/>
    <tag k="ele" v="520.4259"/>
  </node>
  <node id="33791" lat="48.26442676972" lon="11.66865310434">
    <tag k="local_x" v="98042.0335"/>
    <tag k="local_y" v="49133.6709"/>
    <tag k="ele" v="520.4082"/>
  </node>
  <node id="33792" lat="48.26438225234" lon="11.66861263258">
    <tag k="local_x" v="98039.2024"/>
    <tag k="local_y" v="49128.6189"/>
    <tag k="ele" v="520.5092"/>
  </node>
  <node id="33793" lat="48.26438611822" lon="11.66861339054">
    <tag k="local_x" v="98039.2437"/>
    <tag k="local_y" v="49129.0505"/>
    <tag k="ele" v="520.5089"/>
  </node>
  <node id="33794" lat="48.2643899091" lon="11.668615441">
    <tag k="local_x" v="98039.3812"/>
    <tag k="local_y" v="49129.4771"/>
    <tag k="ele" v="520.5053"/>
  </node>
  <node id="33795" lat="48.26439351149" lon="11.6686193306">
    <tag k="local_x" v="98039.6559"/>
    <tag k="local_y" v="49129.8875"/>
    <tag k="ele" v="520.5"/>
  </node>
  <node id="33796" lat="48.26439653745" lon="11.66862522104">
    <tag k="local_x" v="98040.0813"/>
    <tag k="local_y" v="49130.239"/>
    <tag k="ele" v="520.4949"/>
  </node>
  <node id="33797" lat="48.26439749971" lon="11.66862822651">
    <tag k="local_x" v="98040.3006"/>
    <tag k="local_y" v="49130.3537"/>
    <tag k="ele" v="520.4932"/>
  </node>
  <node id="33798" lat="48.26439730763" lon="11.6686276249">
    <tag k="local_x" v="98040.2567"/>
    <tag k="local_y" v="49130.3308"/>
    <tag k="ele" v="520.4935"/>
  </node>
  <node id="33799" lat="48.26439711462" lon="11.66862702458">
    <tag k="local_x" v="98040.2129"/>
    <tag k="local_y" v="49130.3078"/>
    <tag k="ele" v="520.4939"/>
  </node>
  <node id="33800" lat="48.26439692254" lon="11.66862642297">
    <tag k="local_x" v="98040.169"/>
    <tag k="local_y" v="49130.2849"/>
    <tag k="ele" v="520.4942"/>
  </node>
  <node id="33801" lat="48.26439673043" lon="11.6686258227">
    <tag k="local_x" v="98040.1252"/>
    <tag k="local_y" v="49130.262"/>
    <tag k="ele" v="520.4946"/>
  </node>
  <node id="33802" lat="48.26439769179" lon="11.66862882813">
    <tag k="local_x" v="98040.3445"/>
    <tag k="local_y" v="49130.3766"/>
    <tag k="ele" v="520.4929"/>
  </node>
  <node id="33803" lat="48.26439854122" lon="11.66863277915">
    <tag k="local_x" v="98040.6344"/>
    <tag k="local_y" v="49130.4812"/>
    <tag k="ele" v="520.4915"/>
  </node>
  <node id="33804" lat="48.26439904988" lon="11.66863699003">
    <tag k="local_x" v="98040.9449"/>
    <tag k="local_y" v="49130.5486"/>
    <tag k="ele" v="520.491"/>
  </node>
  <node id="33805" lat="48.26439918936" lon="11.66864136766">
    <tag k="local_x" v="98041.2692"/>
    <tag k="local_y" v="49130.5754"/>
    <tag k="ele" v="520.4915"/>
  </node>
  <node id="33806" lat="48.26439894207" lon="11.66864581677">
    <tag k="local_x" v="98041.6003"/>
    <tag k="local_y" v="49130.5594"/>
    <tag k="ele" v="520.4933"/>
  </node>
  <node id="33811" lat="48.26398565159" lon="11.66883795196">
    <tag k="local_x" v="98057.4553"/>
    <tag k="local_y" v="49085.1233"/>
    <tag k="ele" v="520.4089"/>
  </node>
  <node id="33812" lat="48.26395740761" lon="11.66907491297">
    <tag k="local_x" v="98075.1482"/>
    <tag k="local_y" v="49082.596"/>
    <tag k="ele" v="520.3768"/>
  </node>
  <node id="33813" lat="48.26394341509" lon="11.66919158826">
    <tag k="local_x" v="98083.8602"/>
    <tag k="local_y" v="49081.3421"/>
    <tag k="ele" v="520.3777"/>
  </node>
  <node id="33814" lat="48.26392942332" lon="11.66930826487">
    <tag k="local_x" v="98092.5723"/>
    <tag k="local_y" v="49080.0883"/>
    <tag k="ele" v="520.3786"/>
  </node>
  <node id="33815" lat="48.26395040212" lon="11.66882831828">
    <tag k="local_x" v="98056.8767"/>
    <tag k="local_y" v="49081.1809"/>
    <tag k="ele" v="520.506"/>
  </node>
  <node id="33816" lat="48.26394511243" lon="11.66887255447">
    <tag k="local_x" v="98060.1797"/>
    <tag k="local_y" v="49080.7072"/>
    <tag k="ele" v="520.5032"/>
  </node>
  <node id="33817" lat="48.26391562241" lon="11.66912042937">
    <tag k="local_x" v="98078.6873"/>
    <tag k="local_y" v="49078.0696"/>
    <tag k="ele" v="520.4772"/>
  </node>
  <node id="33818" lat="48.26389437709" lon="11.66929894738">
    <tag k="local_x" v="98092.0164"/>
    <tag k="local_y" v="49076.1693"/>
    <tag k="ele" v="520.4892"/>
  </node>
  <node id="33827" lat="48.2646654709" lon="11.6707285948">
    <tag k="local_x" v="98195.1206"/>
    <tag k="local_y" v="49165.5584"/>
    <tag k="ele" v="520.3927"/>
  </node>
  <node id="33828" lat="48.2646638766" lon="11.670728164">
    <tag k="local_x" v="98195.0948"/>
    <tag k="local_y" v="49165.3801"/>
    <tag k="ele" v="520.3925"/>
  </node>
  <node id="33829" lat="48.26443278921" lon="11.67066716377">
    <tag k="local_x" v="98191.4623"/>
    <tag k="local_y" v="49139.5401"/>
    <tag k="ele" v="520.3815"/>
  </node>
  <node id="33830" lat="48.26432335253" lon="11.67063836021">
    <tag k="local_x" v="98189.7483"/>
    <tag k="local_y" v="49127.3032"/>
    <tag k="ele" v="520.4099"/>
  </node>
  <node id="33831" lat="48.26427855213" lon="11.67062593095">
    <tag k="local_x" v="98188.9993"/>
    <tag k="local_y" v="49122.2921"/>
    <tag k="ele" v="520.4258"/>
  </node>
  <node id="33832" lat="48.26467504765" lon="11.67063570294">
    <tag k="local_x" v="98188.1906"/>
    <tag k="local_y" v="49166.3828"/>
    <tag k="ele" v="520.55"/>
  </node>
  <node id="33833" lat="48.26462723198" lon="11.67062296816">
    <tag k="local_x" v="98187.4306"/>
    <tag k="local_y" v="49161.0358"/>
    <tag k="ele" v="520.5449"/>
  </node>
  <node id="33834" lat="48.26437312183" lon="11.67055681163">
    <tag k="local_x" v="98183.5045"/>
    <tag k="local_y" v="49132.6238"/>
    <tag k="ele" v="520.5239"/>
  </node>
  <node id="33835" lat="48.26445782552" lon="11.67057886374">
    <tag k="local_x" v="98184.8132"/>
    <tag k="local_y" v="49142.0945"/>
    <tag k="ele" v="520.5309"/>
  </node>
  <node id="33836" lat="48.2645425283" lon="11.67060091589">
    <tag k="local_x" v="98186.1219"/>
    <tag k="local_y" v="49151.5651"/>
    <tag k="ele" v="520.5379"/>
  </node>
  <node id="33845" lat="48.26494979219" lon="11.67044289629">
    <tag k="local_x" v="98172.8208"/>
    <tag k="local_y" v="49196.4192"/>
    <tag k="ele" v="520.4249"/>
  </node>
  <node id="33846" lat="48.26494032616" lon="11.67052321017">
    <tag k="local_x" v="98178.817"/>
    <tag k="local_y" v="49195.5746"/>
    <tag k="ele" v="520.4205"/>
  </node>
  <node id="33847" lat="48.26488882578" lon="11.67047663811">
    <tag k="local_x" v="98175.5604"/>
    <tag k="local_y" v="49189.7307"/>
    <tag k="ele" v="520.5714"/>
  </node>
  <node id="33848" lat="48.26489615221" lon="11.67041416875">
    <tag k="local_x" v="98170.8966"/>
    <tag k="local_y" v="49190.3836"/>
    <tag k="ele" v="520.5675"/>
  </node>
  <node id="33853" lat="48.26446402141" lon="11.66832311025">
    <tag k="local_x" v="98017.4025"/>
    <tag k="local_y" v="49136.9593"/>
    <tag k="ele" v="520.3285"/>
  </node>
  <node id="33854" lat="48.26445366946" lon="11.66841017504">
    <tag k="local_x" v="98023.9031"/>
    <tag k="local_y" v="49136.0335"/>
    <tag k="ele" v="520.2948"/>
  </node>
  <node id="33855" lat="48.26443379366" lon="11.66831521808">
    <tag k="local_x" v="98016.9337"/>
    <tag k="local_y" v="49133.5795"/>
    <tag k="ele" v="520.5007"/>
  </node>
  <node id="33856" lat="48.26442370716" lon="11.66840220501">
    <tag k="local_x" v="98023.4275"/>
    <tag k="local_y" v="49132.683"/>
    <tag k="ele" v="520.4961"/>
  </node>
  <node id="33861" lat="48.26422383444" lon="11.6703419237">
    <tag k="local_x" v="98168.1363"/>
    <tag k="local_y" v="49115.4774"/>
    <tag k="ele" v="520.5188"/>
  </node>
  <node id="33862" lat="48.26425285394" lon="11.67034988072">
    <tag k="local_x" v="98168.6145"/>
    <tag k="local_y" v="49118.7231"/>
    <tag k="ele" v="520.6102"/>
  </node>
  <node id="33867" lat="48.26432704153" lon="11.66949185059">
    <tag k="local_x" v="98104.6578"/>
    <tag k="local_y" v="49124.7525"/>
    <tag k="ele" v="520.4847"/>
  </node>
  <node id="33868" lat="48.2643306018" lon="11.66971471788">
    <tag k="local_x" v="98121.1818"/>
    <tag k="local_y" v="49125.7236"/>
    <tag k="ele" v="520.6052"/>
  </node>
  <node id="33873" lat="48.2652068856" lon="11.66813606685">
    <tag k="local_x" v="98000.652"/>
    <tag k="local_y" v="49219.0366"/>
    <tag k="ele" v="520.5352"/>
  </node>
  <node id="33874" lat="48.26520361753" lon="11.66816296282">
    <tag k="local_x" v="98002.6604"/>
    <tag k="local_y" v="49218.7428"/>
    <tag k="ele" v="520.5304"/>
  </node>
  <node id="33875" lat="48.26520281673" lon="11.66816955019">
    <tag k="local_x" v="98003.1523"/>
    <tag k="local_y" v="49218.6708"/>
    <tag k="ele" v="520.5293"/>
  </node>
  <node id="33876" lat="48.26517326634" lon="11.66841272916">
    <tag k="local_x" v="98021.3112"/>
    <tag k="local_y" v="49216.0142"/>
    <tag k="ele" v="520.4864"/>
  </node>
  <node id="33877" lat="48.26517306381" lon="11.66841436004">
    <tag k="local_x" v="98021.433"/>
    <tag k="local_y" v="49215.9959"/>
    <tag k="ele" v="520.4862"/>
  </node>
  <node id="33878" lat="48.26516366964" lon="11.66816296423">
    <tag k="local_x" v="98002.8149"/>
    <tag k="local_y" v="49214.3031"/>
    <tag k="ele" v="520.5779"/>
  </node>
  <node id="33879" lat="48.26515830328" lon="11.6682062124">
    <tag k="local_x" v="98006.0448"/>
    <tag k="local_y" v="49213.8183"/>
    <tag k="ele" v="520.5677"/>
  </node>
  <node id="33880" lat="48.26515062217" lon="11.66827156944">
    <tag k="local_x" v="98010.9242"/>
    <tag k="local_y" v="49213.1333"/>
    <tag k="ele" v="520.5769"/>
  </node>
  <node id="33881" lat="48.26514294193" lon="11.66833692651">
    <tag k="local_x" v="98015.8036"/>
    <tag k="local_y" v="49212.4484"/>
    <tag k="ele" v="520.5861"/>
  </node>
  <node id="33882" lat="48.26513562869" lon="11.66839941871">
    <tag k="local_x" v="98020.469"/>
    <tag k="local_y" v="49211.7969"/>
    <tag k="ele" v="520.5731"/>
  </node>
  <node id="33887" lat="48.2651071546" lon="11.66896696447">
    <tag k="local_x" v="98062.6929"/>
    <tag k="local_y" v="49210.0972"/>
    <tag k="ele" v="520.4946"/>
  </node>
  <node id="33888" lat="48.26509282537" lon="11.66908779851">
    <tag k="local_x" v="98071.7146"/>
    <tag k="local_y" v="49208.8166"/>
    <tag k="ele" v="520.4905"/>
  </node>
  <node id="33889" lat="48.26508443664" lon="11.66915783793">
    <tag k="local_x" v="98076.9442"/>
    <tag k="local_y" v="49208.0651"/>
    <tag k="ele" v="520.4617"/>
  </node>
  <node id="33890" lat="48.2650837057" lon="11.66916393298">
    <tag k="local_x" v="98077.3993"/>
    <tag k="local_y" v="49207.9996"/>
    <tag k="ele" v="520.4611"/>
  </node>
  <node id="33891" lat="48.2650818259" lon="11.6691796281">
    <tag k="local_x" v="98078.5712"/>
    <tag k="local_y" v="49207.8312"/>
    <tag k="ele" v="520.4596"/>
  </node>
  <node id="33892" lat="48.26508010127" lon="11.66919402678">
    <tag k="local_x" v="98079.6463"/>
    <tag k="local_y" v="49207.6767"/>
    <tag k="ele" v="520.4582"/>
  </node>
  <node id="33893" lat="48.26506623699" lon="11.6693097477">
    <tag k="local_x" v="98088.2868"/>
    <tag k="local_y" v="49206.4346"/>
    <tag k="ele" v="520.5164"/>
  </node>
  <node id="33894" lat="48.26506964302" lon="11.66895431112">
    <tag k="local_x" v="98061.899"/>
    <tag k="local_y" v="49205.8956"/>
    <tag k="ele" v="520.6258"/>
  </node>
  <node id="33895" lat="48.26506478695" lon="11.66899335816">
    <tag k="local_x" v="98064.8152"/>
    <tag k="local_y" v="49205.4567"/>
    <tag k="ele" v="520.6275"/>
  </node>
  <node id="33896" lat="48.26505973793" lon="11.66903234392">
    <tag k="local_x" v="98067.7276"/>
    <tag k="local_y" v="49204.9962"/>
    <tag k="ele" v="520.6288"/>
  </node>
  <node id="33897" lat="48.26505409268" lon="11.66907693177">
    <tag k="local_x" v="98071.058"/>
    <tag k="local_y" v="49204.4839"/>
    <tag k="ele" v="520.6292"/>
  </node>
  <node id="33898" lat="48.26505691486" lon="11.66905463782">
    <tag k="local_x" v="98069.3928"/>
    <tag k="local_y" v="49204.74"/>
    <tag k="ele" v="520.629"/>
  </node>
  <node id="33899" lat="48.26505126961" lon="11.66909922567">
    <tag k="local_x" v="98072.7232"/>
    <tag k="local_y" v="49204.2277"/>
    <tag k="ele" v="520.6295"/>
  </node>
  <node id="33900" lat="48.26502753634" lon="11.66929936223">
    <tag k="local_x" v="98087.6658"/>
    <tag k="local_y" v="49202.1067"/>
    <tag k="ele" v="520.6223"/>
  </node>
  <node id="33905" lat="48.2641698736" lon="11.66769459814">
    <tag k="local_x" v="97971.9008"/>
    <tag k="local_y" v="49102.6467"/>
    <tag k="ele" v="520.5885"/>
  </node>
  <node id="33906" lat="48.26420806039" lon="11.66770596211">
    <tag k="local_x" v="97972.5965"/>
    <tag k="local_y" v="49106.92"/>
    <tag k="ele" v="520.5839"/>
  </node>
  <node id="33907" lat="48.26424632218" lon="11.66771673166">
    <tag k="local_x" v="97973.2478"/>
    <tag k="local_y" v="49111.2001"/>
    <tag k="ele" v="520.5792"/>
  </node>
  <node id="33908" lat="48.26432300205" lon="11.66773696367">
    <tag k="local_x" v="97974.4528"/>
    <tag k="local_y" v="49119.7743"/>
    <tag k="ele" v="520.5699"/>
  </node>
  <node id="33909" lat="48.2644765681" lon="11.66777555599">
    <tag k="local_x" v="97976.7231"/>
    <tag k="local_y" v="49136.9408"/>
    <tag k="ele" v="520.5513"/>
  </node>
  <node id="33910" lat="48.26416626279" lon="11.66772351065">
    <tag k="local_x" v="97974.0602"/>
    <tag k="local_y" v="49102.32"/>
    <tag k="ele" v="520.6353"/>
  </node>
  <node id="33911" lat="48.26424042571" lon="11.66774390804">
    <tag k="local_x" v="97975.2872"/>
    <tag k="local_y" v="49110.6149"/>
    <tag k="ele" v="520.6349"/>
  </node>
  <node id="33912" lat="48.26431463323" lon="11.66776350867">
    <tag k="local_x" v="97976.4549"/>
    <tag k="local_y" v="49118.9127"/>
    <tag k="ele" v="520.6297"/>
  </node>
  <node id="33913" lat="48.26446303853" lon="11.66780146171">
    <tag k="local_x" v="97978.6977"/>
    <tag k="local_y" v="49135.504"/>
    <tag k="ele" v="520.605"/>
  </node>
  <node id="33914" lat="48.26447334196" lon="11.66780402107">
    <tag k="local_x" v="97978.8478"/>
    <tag k="local_y" v="49136.6557"/>
    <tag k="ele" v="520.553"/>
  </node>
  <node id="33919" lat="48.26526833025" lon="11.66744835225">
    <tag k="local_x" v="97949.3839"/>
    <tag k="local_y" v="49224.091"/>
    <tag k="ele" v="520.5042"/>
  </node>
  <node id="33920" lat="48.26527078334" lon="11.66744958101">
    <tag k="local_x" v="97949.4656"/>
    <tag k="local_y" v="49224.3668"/>
    <tag k="ele" v="520.513"/>
  </node>
  <node id="33921" lat="48.26527559432" lon="11.66745315484">
    <tag k="local_x" v="97949.7122"/>
    <tag k="local_y" v="49224.9107"/>
    <tag k="ele" v="520.5298"/>
  </node>
  <node id="33922" lat="48.26528040421" lon="11.66745824876">
    <tag k="local_x" v="97950.0716"/>
    <tag k="local_y" v="49225.4584"/>
    <tag k="ele" v="520.5455"/>
  </node>
  <node id="33923" lat="48.26528530479" lon="11.66746490124">
    <tag k="local_x" v="97950.5463"/>
    <tag k="local_y" v="49226.0202"/>
    <tag k="ele" v="520.5599"/>
  </node>
  <node id="33924" lat="48.26528793476" lon="11.66746948004">
    <tag k="local_x" v="97950.8759"/>
    <tag k="local_y" v="49226.3243"/>
    <tag k="ele" v="520.5674"/>
  </node>
  <node id="33925" lat="48.2652903331" lon="11.66747488907">
    <tag k="local_x" v="97951.268"/>
    <tag k="local_y" v="49226.6048"/>
    <tag k="ele" v="520.5746"/>
  </node>
  <node id="33926" lat="48.26529250682" lon="11.66748102087">
    <tag k="local_x" v="97951.7146"/>
    <tag k="local_y" v="49226.8622"/>
    <tag k="ele" v="520.5813"/>
  </node>
  <node id="33927" lat="48.26521701858" lon="11.66753062271">
    <tag k="local_x" v="97955.6869"/>
    <tag k="local_y" v="49218.6006"/>
    <tag k="ele" v="520.691"/>
  </node>
  <node id="33928" lat="48.2652249361" lon="11.66753297427">
    <tag k="local_x" v="97955.8308"/>
    <tag k="local_y" v="49219.4866"/>
    <tag k="ele" v="520.6933"/>
  </node>
  <node id="33929" lat="48.26522776391" lon="11.66753523194">
    <tag k="local_x" v="97955.9874"/>
    <tag k="local_y" v="49219.8067"/>
    <tag k="ele" v="520.6943"/>
  </node>
  <node id="33930" lat="48.26523097196" lon="11.66753967643">
    <tag k="local_x" v="97956.3048"/>
    <tag k="local_y" v="49220.1747"/>
    <tag k="ele" v="520.6958"/>
  </node>
  <node id="33931" lat="48.26522936794" lon="11.66753745419">
    <tag k="local_x" v="97956.1461"/>
    <tag k="local_y" v="49219.9907"/>
    <tag k="ele" v="520.6951"/>
  </node>
  <node id="33932" lat="48.26523257508" lon="11.66754189863">
    <tag k="local_x" v="97956.4635"/>
    <tag k="local_y" v="49220.3586"/>
    <tag k="ele" v="520.6965"/>
  </node>
  <node id="33933" lat="48.26523388183" lon="11.66754421321">
    <tag k="local_x" v="97956.6302"/>
    <tag k="local_y" v="49220.5098"/>
    <tag k="ele" v="520.7064"/>
  </node>
  <node id="33934" lat="48.26523607351" lon="11.66755088905">
    <tag k="local_x" v="97957.1171"/>
    <tag k="local_y" v="49220.7706"/>
    <tag k="ele" v="520.7569"/>
  </node>
  <node id="33939" lat="48.2650215413" lon="11.66968706769">
    <tag k="local_x" v="98116.4581"/>
    <tag k="local_y" v="49202.4414"/>
    <tag k="ele" v="520.4741"/>
  </node>
  <node id="33940" lat="48.26501205338" lon="11.66976757204">
    <tag k="local_x" v="98122.4685"/>
    <tag k="local_y" v="49201.5948"/>
    <tag k="ele" v="520.4826"/>
  </node>
  <node id="33941" lat="48.26500236936" lon="11.66984803244">
    <tag k="local_x" v="98128.4764"/>
    <tag k="local_y" v="49200.7263"/>
    <tag k="ele" v="520.4817"/>
  </node>
  <node id="33942" lat="48.26499749931" lon="11.6698878616">
    <tag k="local_x" v="98131.4507"/>
    <tag k="local_y" v="49200.2879"/>
    <tag k="ele" v="520.4752"/>
  </node>
  <node id="33943" lat="48.26497324688" lon="11.66976000133">
    <tag k="local_x" v="98122.0568"/>
    <tag k="local_y" v="49197.2624"/>
    <tag k="ele" v="520.6191"/>
  </node>
  <node id="33944" lat="48.26495920016" lon="11.66987909628">
    <tag k="local_x" v="98130.9484"/>
    <tag k="local_y" v="49196.0088"/>
    <tag k="ele" v="520.6019"/>
  </node>
  <node id="33945" lat="48.26496388272" lon="11.66983939754">
    <tag k="local_x" v="98127.9845"/>
    <tag k="local_y" v="49196.4267"/>
    <tag k="ele" v="520.6077"/>
  </node>
  <node id="33946" lat="48.26496856524" lon="11.66979970013">
    <tag k="local_x" v="98125.0207"/>
    <tag k="local_y" v="49196.8446"/>
    <tag k="ele" v="520.6134"/>
  </node>
  <node id="33955" lat="48.26517191371" lon="11.66842389943">
    <tag k="local_x" v="98022.1453"/>
    <tag k="local_y" v="49215.8927"/>
    <tag k="ele" v="520.4883"/>
  </node>
  <node id="33956" lat="48.26517076272" lon="11.66843343878">
    <tag k="local_x" v="98022.8576"/>
    <tag k="local_y" v="49215.7894"/>
    <tag k="ele" v="520.4904"/>
  </node>
  <node id="33957" lat="48.2651347468" lon="11.66840624308">
    <tag k="local_x" v="98020.9788"/>
    <tag k="local_y" v="49211.7165"/>
    <tag k="ele" v="520.5724"/>
  </node>
  <node id="33958" lat="48.26513323391" lon="11.66841838609">
    <tag k="local_x" v="98021.8857"/>
    <tag k="local_y" v="49211.5797"/>
    <tag k="ele" v="520.5718"/>
  </node>
  <node id="33967" lat="48.26469757591" lon="11.66729343183">
    <tag k="local_x" v="97940.0935"/>
    <tag k="local_y" v="49160.2592"/>
    <tag k="ele" v="520.5355"/>
  </node>
  <node id="33968" lat="48.26472213845" lon="11.66729939512">
    <tag k="local_x" v="97940.4411"/>
    <tag k="local_y" v="49163.0044"/>
    <tag k="ele" v="520.5328"/>
  </node>
  <node id="33969" lat="48.26474447148" lon="11.6673053515">
    <tag k="local_x" v="97940.7968"/>
    <tag k="local_y" v="49165.5018"/>
    <tag k="ele" v="520.5311"/>
  </node>
  <node id="33970" lat="48.26474198992" lon="11.66730468997">
    <tag k="local_x" v="97940.7573"/>
    <tag k="local_y" v="49165.2243"/>
    <tag k="ele" v="520.5312"/>
  </node>
  <node id="33971" lat="48.26473950837" lon="11.66730402845">
    <tag k="local_x" v="97940.7178"/>
    <tag k="local_y" v="49164.9468"/>
    <tag k="ele" v="520.5314"/>
  </node>
  <node id="33972" lat="48.26473702682" lon="11.66730336692">
    <tag k="local_x" v="97940.6783"/>
    <tag k="local_y" v="49164.6693"/>
    <tag k="ele" v="520.5316"/>
  </node>
  <node id="33973" lat="48.26473454529" lon="11.66730270405">
    <tag k="local_x" v="97940.6387"/>
    <tag k="local_y" v="49164.3918"/>
    <tag k="ele" v="520.5318"/>
  </node>
  <node id="33974" lat="48.26473206374" lon="11.66730204252">
    <tag k="local_x" v="97940.5992"/>
    <tag k="local_y" v="49164.1143"/>
    <tag k="ele" v="520.532"/>
  </node>
  <node id="33975" lat="48.26472958308" lon="11.66730138105">
    <tag k="local_x" v="97940.5597"/>
    <tag k="local_y" v="49163.8369"/>
    <tag k="ele" v="520.5322"/>
  </node>
  <node id="33976" lat="48.26472710156" lon="11.66730071817">
    <tag k="local_x" v="97940.5201"/>
    <tag k="local_y" v="49163.5594"/>
    <tag k="ele" v="520.5324"/>
  </node>
  <node id="33977" lat="48.26472462" lon="11.66730005665">
    <tag k="local_x" v="97940.4806"/>
    <tag k="local_y" v="49163.2819"/>
    <tag k="ele" v="520.5326"/>
  </node>
  <node id="33978" lat="48.264746953" lon="11.66730601437">
    <tag k="local_x" v="97940.8364"/>
    <tag k="local_y" v="49165.7793"/>
    <tag k="ele" v="520.5309"/>
  </node>
  <node id="33979" lat="48.26484812612" lon="11.6673349266">
    <tag k="local_x" v="97942.5909"/>
    <tag k="local_y" v="49177.098"/>
    <tag k="ele" v="520.5315"/>
  </node>
  <node id="33980" lat="48.26466846342" lon="11.66736273692">
    <tag k="local_x" v="97945.3487"/>
    <tag k="local_y" v="49157.2025"/>
    <tag k="ele" v="520.678"/>
  </node>
  <node id="33981" lat="48.26466994739" lon="11.66736361873">
    <tag k="local_x" v="97945.4084"/>
    <tag k="local_y" v="49157.3697"/>
    <tag k="ele" v="520.6743"/>
  </node>
  <node id="33982" lat="48.26467284771" lon="11.66736628039">
    <tag k="local_x" v="97945.5947"/>
    <tag k="local_y" v="49157.6989"/>
    <tag k="ele" v="520.6664"/>
  </node>
  <node id="33983" lat="48.26467853958" lon="11.66737353729">
    <tag k="local_x" v="97946.1112"/>
    <tag k="local_y" v="49158.3502"/>
    <tag k="ele" v="520.6495"/>
  </node>
  <node id="33984" lat="48.26468090227" lon="11.6673775752">
    <tag k="local_x" v="97946.4017"/>
    <tag k="local_y" v="49158.6232"/>
    <tag k="ele" v="520.6405"/>
  </node>
  <node id="33985" lat="48.26468560508" lon="11.66738670099">
    <tag k="local_x" v="97947.0607"/>
    <tag k="local_y" v="49159.1694"/>
    <tag k="ele" v="520.6215"/>
  </node>
  <node id="33986" lat="48.26468683763" lon="11.66738825834">
    <tag k="local_x" v="97947.1715"/>
    <tag k="local_y" v="49159.3104"/>
    <tag k="ele" v="520.6187"/>
  </node>
  <node id="33987" lat="48.26468811049" lon="11.66738920328">
    <tag k="local_x" v="97947.2367"/>
    <tag k="local_y" v="49159.4543"/>
    <tag k="ele" v="520.6174"/>
  </node>
  <node id="33988" lat="48.26469399628" lon="11.66739089647">
    <tag k="local_x" v="97947.3396"/>
    <tag k="local_y" v="49160.1128"/>
    <tag k="ele" v="520.6216"/>
  </node>
  <node id="33989" lat="48.26470831248" lon="11.66739451506">
    <tag k="local_x" v="97947.5528"/>
    <tag k="local_y" v="49161.7132"/>
    <tag k="ele" v="520.6427"/>
  </node>
  <node id="33990" lat="48.26475104299" lon="11.66740344722">
    <tag k="local_x" v="97948.0505"/>
    <tag k="local_y" v="49166.4852"/>
    <tag k="ele" v="520.7133"/>
  </node>
  <node id="33991" lat="48.26477340614" lon="11.66740892006">
    <tag k="local_x" v="97948.3702"/>
    <tag k="local_y" v="49168.9847"/>
    <tag k="ele" v="520.7109"/>
  </node>
  <node id="33992" lat="48.26483959384" lon="11.66742716624">
    <tag k="local_x" v="97949.4684"/>
    <tag k="local_y" v="49176.3877"/>
    <tag k="ele" v="520.7009"/>
  </node>
  <node id="33997" lat="48.26415263389" lon="11.66761831041">
    <tag k="local_x" v="97966.3065"/>
    <tag k="local_y" v="49100.5339"/>
    <tag k="ele" v="520.5834"/>
  </node>
  <node id="33998" lat="48.26415156543" lon="11.66762600225">
    <tag k="local_x" v="97966.8814"/>
    <tag k="local_y" v="49100.435"/>
    <tag k="ele" v="520.592"/>
  </node>
  <node id="33999" lat="48.26415084984" lon="11.66763450216">
    <tag k="local_x" v="97967.5149"/>
    <tag k="local_y" v="49100.3774"/>
    <tag k="ele" v="520.5971"/>
  </node>
  <node id="34000" lat="48.26415078843" lon="11.66764237986">
    <tag k="local_x" v="97968.0997"/>
    <tag k="local_y" v="49100.3909"/>
    <tag k="ele" v="520.5992"/>
  </node>
  <node id="34001" lat="48.26415153434" lon="11.66765141138">
    <tag k="local_x" v="97968.767"/>
    <tag k="local_y" v="49100.4971"/>
    <tag k="ele" v="520.6008"/>
  </node>
  <node id="34002" lat="48.26415349258" lon="11.66766128226">
    <tag k="local_x" v="97969.4919"/>
    <tag k="local_y" v="49100.7402"/>
    <tag k="ele" v="520.6017"/>
  </node>
  <node id="34003" lat="48.26415630163" lon="11.66766973527">
    <tag k="local_x" v="97970.1083"/>
    <tag k="local_y" v="49101.0742"/>
    <tag k="ele" v="520.6015"/>
  </node>
  <node id="34004" lat="48.26415573983" lon="11.6676680444">
    <tag k="local_x" v="97969.985"/>
    <tag k="local_y" v="49101.0074"/>
    <tag k="ele" v="520.6015"/>
  </node>
  <node id="34005" lat="48.26415517802" lon="11.66766635353">
    <tag k="local_x" v="97969.8617"/>
    <tag k="local_y" v="49100.9406"/>
    <tag k="ele" v="520.6015"/>
  </node>
  <node id="34006" lat="48.26415461622" lon="11.66766466265">
    <tag k="local_x" v="97969.7384"/>
    <tag k="local_y" v="49100.8738"/>
    <tag k="ele" v="520.6016"/>
  </node>
  <node id="34007" lat="48.26415405441" lon="11.66766297178">
    <tag k="local_x" v="97969.6151"/>
    <tag k="local_y" v="49100.807"/>
    <tag k="ele" v="520.6016"/>
  </node>
  <node id="34008" lat="48.26415686254" lon="11.6676714261">
    <tag k="local_x" v="97970.2316"/>
    <tag k="local_y" v="49101.1409"/>
    <tag k="ele" v="520.6014"/>
  </node>
  <node id="34009" lat="48.26415930358" lon="11.66767809592">
    <tag k="local_x" v="97970.7171"/>
    <tag k="local_y" v="49101.4294"/>
    <tag k="ele" v="520.6001"/>
  </node>
  <node id="34010" lat="48.26416213579" lon="11.6676852416">
    <tag k="local_x" v="97971.2364"/>
    <tag k="local_y" v="49101.7626"/>
    <tag k="ele" v="520.5973"/>
  </node>
  <node id="34011" lat="48.26416565026" lon="11.66769129216">
    <tag k="local_x" v="97971.6718"/>
    <tag k="local_y" v="49102.1688"/>
    <tag k="ele" v="520.5933"/>
  </node>
  <node id="34012" lat="48.26416768088" lon="11.66769339373">
    <tag k="local_x" v="97971.8199"/>
    <tag k="local_y" v="49102.3999"/>
    <tag k="ele" v="520.591"/>
  </node>
  <node id="34013" lat="48.26409234543" lon="11.66759028722">
    <tag k="local_x" v="97964.46"/>
    <tag k="local_y" v="49093.7613"/>
    <tag k="ele" v="520.6673"/>
  </node>
  <node id="34014" lat="48.26409130991" lon="11.66760241308">
    <tag k="local_x" v="97965.3638"/>
    <tag k="local_y" v="49093.6775"/>
    <tag k="ele" v="520.6625"/>
  </node>
  <node id="34015" lat="48.26409122064" lon="11.66761505719">
    <tag k="local_x" v="97966.3024"/>
    <tag k="local_y" v="49093.7002"/>
    <tag k="ele" v="520.6587"/>
  </node>
  <node id="34016" lat="48.26409215596" lon="11.66762802283">
    <tag k="local_x" v="97967.2609"/>
    <tag k="local_y" v="49093.8376"/>
    <tag k="ele" v="520.6556"/>
  </node>
  <node id="34017" lat="48.26409417467" lon="11.66764106376">
    <tag k="local_x" v="97968.2208"/>
    <tag k="local_y" v="49094.0956"/>
    <tag k="ele" v="520.6532"/>
  </node>
  <node id="34018" lat="48.26409730271" lon="11.66765387675">
    <tag k="local_x" v="97969.1595"/>
    <tag k="local_y" v="49094.4763"/>
    <tag k="ele" v="520.6514"/>
  </node>
  <node id="34019" lat="48.26410151278" lon="11.66766612619">
    <tag k="local_x" v="97970.0522"/>
    <tag k="local_y" v="49094.9758"/>
    <tag k="ele" v="520.65"/>
  </node>
  <node id="34020" lat="48.26410399723" lon="11.66767193443">
    <tag k="local_x" v="97970.4736"/>
    <tag k="local_y" v="49095.2669"/>
    <tag k="ele" v="520.6494"/>
  </node>
  <node id="34021" lat="48.26410963841" lon="11.6676827302">
    <tag k="local_x" v="97971.2529"/>
    <tag k="local_y" v="49095.9217"/>
    <tag k="ele" v="520.6485"/>
  </node>
  <node id="34022" lat="48.26411601849" lon="11.66769223973">
    <tag k="local_x" v="97971.9339"/>
    <tag k="local_y" v="49096.6553"/>
    <tag k="ele" v="520.6476"/>
  </node>
  <node id="34023" lat="48.26412292638" lon="11.66770033075">
    <tag k="local_x" v="97972.5076"/>
    <tag k="local_y" v="49097.4439"/>
    <tag k="ele" v="520.6468"/>
  </node>
  <node id="34024" lat="48.26413015362" lon="11.66770699106">
    <tag k="local_x" v="97972.9739"/>
    <tag k="local_y" v="49098.2643"/>
    <tag k="ele" v="520.6459"/>
  </node>
  <node id="34025" lat="48.26413751926" lon="11.66771230153">
    <tag k="local_x" v="97973.3395"/>
    <tag k="local_y" v="49099.0966"/>
    <tag k="ele" v="520.6447"/>
  </node>
  <node id="34026" lat="48.26414488563" lon="11.66771641804">
    <tag k="local_x" v="97973.6165"/>
    <tag k="local_y" v="49099.9259"/>
    <tag k="ele" v="520.6432"/>
  </node>
  <node id="34027" lat="48.26415216019" lon="11.66771952849">
    <tag k="local_x" v="97973.8192"/>
    <tag k="local_y" v="49100.7424"/>
    <tag k="ele" v="520.6412"/>
  </node>
  <node id="34028" lat="48.26415929157" lon="11.66772182965">
    <tag k="local_x" v="97973.9624"/>
    <tag k="local_y" v="49101.5409"/>
    <tag k="ele" v="520.6386"/>
  </node>
  <node id="34037" lat="48.26451778823" lon="11.66786411674">
    <tag k="local_x" v="97983.1354"/>
    <tag k="local_y" v="49141.7504"/>
    <tag k="ele" v="520.5022"/>
  </node>
  <node id="34038" lat="48.26451798403" lon="11.6678605665">
    <tag k="local_x" v="97982.8712"/>
    <tag k="local_y" v="49141.763"/>
    <tag k="ele" v="520.5151"/>
  </node>
  <node id="34039" lat="48.26451816647" lon="11.66785332844">
    <tag k="local_x" v="97982.3334"/>
    <tag k="local_y" v="49141.7646"/>
    <tag k="ele" v="520.5163"/>
  </node>
  <node id="34040" lat="48.2645179186" lon="11.66784613805">
    <tag k="local_x" v="97981.8008"/>
    <tag k="local_y" v="49141.7185"/>
    <tag k="ele" v="520.5181"/>
  </node>
  <node id="34041" lat="48.26451726029" lon="11.6678390314">
    <tag k="local_x" v="97981.276"/>
    <tag k="local_y" v="49141.627"/>
    <tag k="ele" v="520.5202"/>
  </node>
  <node id="34042" lat="48.26451620779" lon="11.66783204437">
    <tag k="local_x" v="97980.7616"/>
    <tag k="local_y" v="49141.492"/>
    <tag k="ele" v="520.5227"/>
  </node>
  <node id="34043" lat="48.26451477293" lon="11.66782520993">
    <tag k="local_x" v="97980.26"/>
    <tag k="local_y" v="49141.3149"/>
    <tag k="ele" v="520.5255"/>
  </node>
  <node id="34044" lat="48.26451296201" lon="11.66781856748">
    <tag k="local_x" v="97979.7741"/>
    <tag k="local_y" v="49141.0965"/>
    <tag k="ele" v="520.5285"/>
  </node>
  <node id="34045" lat="48.2645107795" lon="11.66781215634">
    <tag k="local_x" v="97979.3068"/>
    <tag k="local_y" v="49140.8374"/>
    <tag k="ele" v="520.5316"/>
  </node>
  <node id="34046" lat="48.26450822416" lon="11.66780603035">
    <tag k="local_x" v="97978.8621"/>
    <tag k="local_y" v="49140.5376"/>
    <tag k="ele" v="520.5347"/>
  </node>
  <node id="34047" lat="48.2645052991" lon="11.66780024897">
    <tag k="local_x" v="97978.4444"/>
    <tag k="local_y" v="49140.1976"/>
    <tag k="ele" v="520.5378"/>
  </node>
  <node id="34048" lat="48.2645020089" lon="11.66779488655">
    <tag k="local_x" v="97978.0592"/>
    <tag k="local_y" v="49139.8181"/>
    <tag k="ele" v="520.5407"/>
  </node>
  <node id="34049" lat="48.26449836963" lon="11.66779002614">
    <tag k="local_x" v="97977.7126"/>
    <tag k="local_y" v="49139.4011"/>
    <tag k="ele" v="520.5434"/>
  </node>
  <node id="34050" lat="48.26449441259" lon="11.66778575293">
    <tag k="local_x" v="97977.4108"/>
    <tag k="local_y" v="49138.9503"/>
    <tag k="ele" v="520.5459"/>
  </node>
  <node id="34051" lat="48.26449018554" lon="11.66778214216">
    <tag k="local_x" v="97977.1592"/>
    <tag k="local_y" v="49138.4712"/>
    <tag k="ele" v="520.548"/>
  </node>
  <node id="34052" lat="48.26448575394" lon="11.66777924172">
    <tag k="local_x" v="97976.9611"/>
    <tag k="local_y" v="49137.9712"/>
    <tag k="ele" v="520.5496"/>
  </node>
  <node id="34053" lat="48.26448119229" lon="11.66777705953">
    <tag k="local_x" v="97976.8168"/>
    <tag k="local_y" v="49137.4586"/>
    <tag k="ele" v="520.5508"/>
  </node>
  <node id="34054" lat="48.2644765681" lon="11.66777555599">
    <tag k="local_x" v="97976.7231"/>
    <tag k="local_y" v="49136.9408"/>
    <tag k="ele" v="520.5513"/>
  </node>
  <node id="34055" lat="48.26454818508" lon="11.66787019142">
    <tag k="local_x" v="97983.4687"/>
    <tag k="local_y" v="49145.1443"/>
    <tag k="ele" v="520.6225"/>
  </node>
  <node id="34056" lat="48.26454884335" lon="11.66785889077">
    <tag k="local_x" v="97982.6276"/>
    <tag k="local_y" v="49145.1883"/>
    <tag k="ele" v="520.6172"/>
  </node>
  <node id="34057" lat="48.26454851447" lon="11.66784770986">
    <tag k="local_x" v="97981.7992"/>
    <tag k="local_y" v="49145.1229"/>
    <tag k="ele" v="520.6125"/>
  </node>
  <node id="34058" lat="48.26454728268" lon="11.66783674067">
    <tag k="local_x" v="97980.99"/>
    <tag k="local_y" v="49144.9577"/>
    <tag k="ele" v="520.6083"/>
  </node>
  <node id="34059" lat="48.26454522356" lon="11.66782606127">
    <tag k="local_x" v="97980.2055"/>
    <tag k="local_y" v="49144.7013"/>
    <tag k="ele" v="520.6046"/>
  </node>
  <node id="34060" lat="48.26454239787" lon="11.66781572871">
    <tag k="local_x" v="97979.4497"/>
    <tag k="local_y" v="49144.3606"/>
    <tag k="ele" v="520.6013"/>
  </node>
  <node id="34061" lat="48.26453885728" lon="11.66780580365">
    <tag k="local_x" v="97978.7269"/>
    <tag k="local_y" v="49143.9415"/>
    <tag k="ele" v="520.5982"/>
  </node>
  <node id="34062" lat="48.26453464362" lon="11.66779634485">
    <tag k="local_x" v="97978.0413"/>
    <tag k="local_y" v="49143.4488"/>
    <tag k="ele" v="520.5953"/>
  </node>
  <node id="34063" lat="48.26453221787" lon="11.66779188454">
    <tag k="local_x" v="97977.7197"/>
    <tag k="local_y" v="49143.1677"/>
    <tag k="ele" v="520.5939"/>
  </node>
  <node id="34064" lat="48.26452979212" lon="11.66778742423">
    <tag k="local_x" v="97977.3981"/>
    <tag k="local_y" v="49142.8866"/>
    <tag k="ele" v="520.5925"/>
  </node>
  <node id="34065" lat="48.26452433755" lon="11.66777913255">
    <tag k="local_x" v="97976.8039"/>
    <tag k="local_y" v="49142.259"/>
    <tag k="ele" v="520.5897"/>
  </node>
  <node id="34066" lat="48.26451832322" lon="11.66777158122">
    <tag k="local_x" v="97976.2668"/>
    <tag k="local_y" v="49141.5711"/>
    <tag k="ele" v="520.5868"/>
  </node>
  <node id="34067" lat="48.26451181354" lon="11.66776490296">
    <tag k="local_x" v="97975.7964"/>
    <tag k="local_y" v="49140.8304"/>
    <tag k="ele" v="520.5837"/>
  </node>
  <node id="34068" lat="48.26450840307" lon="11.66776193037">
    <tag k="local_x" v="97975.589"/>
    <tag k="local_y" v="49140.4437"/>
    <tag k="ele" v="520.582"/>
  </node>
  <node id="34069" lat="48.26450135216" lon="11.66775678314">
    <tag k="local_x" v="97975.2343"/>
    <tag k="local_y" v="49139.6468"/>
    <tag k="ele" v="520.5785"/>
  </node>
  <node id="34070" lat="48.26449412474" lon="11.66775272773">
    <tag k="local_x" v="97974.9613"/>
    <tag k="local_y" v="49138.8331"/>
    <tag k="ele" v="520.5744"/>
  </node>
  <node id="34071" lat="48.26448687971" lon="11.66774970234">
    <tag k="local_x" v="97974.7648"/>
    <tag k="local_y" v="49138.0201"/>
    <tag k="ele" v="520.5699"/>
  </node>
  <node id="34072" lat="48.26447974232" lon="11.6677475437">
    <tag k="local_x" v="97974.6322"/>
    <tag k="local_y" v="49137.2213"/>
    <tag k="ele" v="520.5647"/>
  </node>
  <node id="34081" lat="48.26448274382" lon="11.66841790611">
    <tag k="local_x" v="98024.3644"/>
    <tag k="local_y" v="49139.2847"/>
    <tag k="ele" v="520.6483"/>
  </node>
  <node id="34085" lat="48.2644977651" lon="11.66777583511">
    <tag k="local_x" v="97976.6619"/>
    <tag k="local_y" v="49139.2973"/>
    <tag k="ele" v="520.4833"/>
  </node>
  <node id="34089" lat="48.26428966887" lon="11.66980204276">
    <tag k="local_x" v="98127.82"/>
    <tag k="local_y" v="49121.3999"/>
    <tag k="ele" v="520.5119"/>
  </node>
  <node id="34090" lat="48.26428397559" lon="11.66984915011">
    <tag k="local_x" v="98131.3376"/>
    <tag k="local_y" v="49120.8888"/>
    <tag k="ele" v="520.5094"/>
  </node>
  <node id="34091" lat="48.26425846989" lon="11.66982666313">
    <tag k="local_x" v="98129.7676"/>
    <tag k="local_y" v="49117.9961"/>
    <tag k="ele" v="520.4399"/>
  </node>
  <node id="34092" lat="48.26426591546" lon="11.66976358209">
    <tag k="local_x" v="98125.0579"/>
    <tag k="local_y" v="49118.6607"/>
    <tag k="ele" v="520.4369"/>
  </node>
  <node id="34097" lat="48.26453412522" lon="11.66772674099">
    <tag k="local_x" v="97972.8784"/>
    <tag k="local_y" v="49143.2116"/>
    <tag k="ele" v="520.5203"/>
  </node>
  <node id="34098" lat="48.26453335313" lon="11.6677305038">
    <tag k="local_x" v="97973.1606"/>
    <tag k="local_y" v="49143.1355"/>
    <tag k="ele" v="520.5294"/>
  </node>
  <node id="34099" lat="48.26453185609" lon="11.66773685134">
    <tag k="local_x" v="97973.6374"/>
    <tag k="local_y" v="49142.9855"/>
    <tag k="ele" v="520.5313"/>
  </node>
  <node id="34100" lat="48.26452993296" lon="11.66774306485">
    <tag k="local_x" v="97974.1059"/>
    <tag k="local_y" v="49142.7878"/>
    <tag k="ele" v="520.5339"/>
  </node>
  <node id="34101" lat="48.26452757672" lon="11.66774905904">
    <tag k="local_x" v="97974.5598"/>
    <tag k="local_y" v="49142.5414"/>
    <tag k="ele" v="520.5368"/>
  </node>
  <node id="34102" lat="48.26452478617" lon="11.66775473145">
    <tag k="local_x" v="97974.9915"/>
    <tag k="local_y" v="49142.2459"/>
    <tag k="ele" v="520.5397"/>
  </node>
  <node id="34103" lat="48.26452157652" lon="11.6677599683">
    <tag k="local_x" v="97975.3925"/>
    <tag k="local_y" v="49141.9027"/>
    <tag k="ele" v="520.5424"/>
  </node>
  <node id="34104" lat="48.26451798481" lon="11.66776464755">
    <tag k="local_x" v="97975.7536"/>
    <tag k="local_y" v="49141.5156"/>
    <tag k="ele" v="520.5445"/>
  </node>
  <node id="34105" lat="48.26451407121" lon="11.66776865779">
    <tag k="local_x" v="97976.0663"/>
    <tag k="local_y" v="49141.091"/>
    <tag k="ele" v="520.5461"/>
  </node>
  <node id="34106" lat="48.26450991852" lon="11.66777192111">
    <tag k="local_x" v="97976.3245"/>
    <tag k="local_y" v="49140.6379"/>
    <tag k="ele" v="520.5476"/>
  </node>
  <node id="34107" lat="48.26450562193" lon="11.6677744061">
    <tag k="local_x" v="97976.5255"/>
    <tag k="local_y" v="49140.1668"/>
    <tag k="ele" v="520.5491"/>
  </node>
  <node id="34108" lat="48.26450127271" lon="11.66777613502">
    <tag k="local_x" v="97976.6706"/>
    <tag k="local_y" v="49139.6879"/>
    <tag k="ele" v="520.5505"/>
  </node>
  <node id="34109" lat="48.26449694215" lon="11.66777717627">
    <tag k="local_x" v="97976.7646"/>
    <tag k="local_y" v="49139.2093"/>
    <tag k="ele" v="520.5516"/>
  </node>
  <node id="34110" lat="48.26449268113" lon="11.66777762549">
    <tag k="local_x" v="97976.8144"/>
    <tag k="local_y" v="49138.7369"/>
    <tag k="ele" v="520.5524"/>
  </node>
  <node id="34111" lat="48.2644844469" lon="11.66777717242">
    <tag k="local_x" v="97976.8126"/>
    <tag k="local_y" v="49137.8206"/>
    <tag k="ele" v="520.5529"/>
  </node>
  <node id="34112" lat="48.26450371577" lon="11.66772330171">
    <tag k="local_x" v="97972.7407"/>
    <tag k="local_y" v="49139.8231"/>
    <tag k="ele" v="520.497"/>
  </node>
  <node id="34113" lat="48.26450212755" lon="11.66773036009">
    <tag k="local_x" v="97973.2706"/>
    <tag k="local_y" v="49139.6648"/>
    <tag k="ele" v="520.5071"/>
  </node>
  <node id="34114" lat="48.26450003343" lon="11.66773618735">
    <tag k="local_x" v="97973.7111"/>
    <tag k="local_y" v="49139.4471"/>
    <tag k="ele" v="520.518"/>
  </node>
  <node id="34115" lat="48.26449875645" lon="11.66773863688">
    <tag k="local_x" v="97973.8978"/>
    <tag k="local_y" v="49139.3115"/>
    <tag k="ele" v="520.5229"/>
  </node>
  <node id="34116" lat="48.26449749722" lon="11.66774047685">
    <tag k="local_x" v="97974.0392"/>
    <tag k="local_y" v="49139.1763"/>
    <tag k="ele" v="520.5273"/>
  </node>
  <node id="34117" lat="48.26449770767" lon="11.66774017112">
    <tag k="local_x" v="97974.0157"/>
    <tag k="local_y" v="49139.1989"/>
    <tag k="ele" v="520.5265"/>
  </node>
  <node id="34118" lat="48.26449791725" lon="11.66773986399">
    <tag k="local_x" v="97973.9921"/>
    <tag k="local_y" v="49139.2214"/>
    <tag k="ele" v="520.5258"/>
  </node>
  <node id="34119" lat="48.26449812683" lon="11.66773955687">
    <tag k="local_x" v="97973.9685"/>
    <tag k="local_y" v="49139.2439"/>
    <tag k="ele" v="520.5251"/>
  </node>
  <node id="34120" lat="48.26449833732" lon="11.66773924979">
    <tag k="local_x" v="97973.9449"/>
    <tag k="local_y" v="49139.2665"/>
    <tag k="ele" v="520.5244"/>
  </node>
  <node id="34121" lat="48.2644985469" lon="11.66773894266">
    <tag k="local_x" v="97973.9213"/>
    <tag k="local_y" v="49139.289"/>
    <tag k="ele" v="520.5236"/>
  </node>
  <node id="34122" lat="48.26449728764" lon="11.66774078398">
    <tag k="local_x" v="97974.0628"/>
    <tag k="local_y" v="49139.1538"/>
    <tag k="ele" v="520.528"/>
  </node>
  <node id="34123" lat="48.26449411468" lon="11.66774413067">
    <tag k="local_x" v="97974.3234"/>
    <tag k="local_y" v="49138.8098"/>
    <tag k="ele" v="520.5376"/>
  </node>
  <node id="34124" lat="48.26449007036" lon="11.66774671774">
    <tag k="local_x" v="97974.531"/>
    <tag k="local_y" v="49138.367"/>
    <tag k="ele" v="520.5474"/>
  </node>
  <node id="34125" lat="48.26448517273" lon="11.66774800034">
    <tag k="local_x" v="97974.6451"/>
    <tag k="local_y" v="49137.826"/>
    <tag k="ele" v="520.5566"/>
  </node>
  <node id="34126" lat="48.26448249839" lon="11.66774800796">
    <tag k="local_x" v="97974.656"/>
    <tag k="local_y" v="49137.5288"/>
    <tag k="ele" v="520.5609"/>
  </node>
  <node id="34134" lat="48.2641594866" lon="11.67025524603">
    <tag k="local_x" v="98161.9533"/>
    <tag k="local_y" v="49108.1021"/>
    <tag k="ele" v="520.3455"/>
  </node>
  <node id="34135" lat="48.26416164539" lon="11.67023812247">
    <tag k="local_x" v="98160.6743"/>
    <tag k="local_y" v="49108.2978"/>
    <tag k="ele" v="520.3452"/>
  </node>
  <node id="34136" lat="48.26416676106" lon="11.67019477602">
    <tag k="local_x" v="98157.438"/>
    <tag k="local_y" v="49108.7544"/>
    <tag k="ele" v="520.3461"/>
  </node>
  <node id="34137" lat="48.26417341559" lon="11.67013678162">
    <tag k="local_x" v="98153.1088"/>
    <tag k="local_y" v="49109.3442"/>
    <tag k="ele" v="520.3494"/>
  </node>
  <node id="34138" lat="48.2641886567" lon="11.67027023599">
    <tag k="local_x" v="98162.9528"/>
    <tag k="local_y" v="49111.3827"/>
    <tag k="ele" v="520.4429"/>
  </node>
  <node id="34139" lat="48.26418907994" lon="11.67026394849">
    <tag k="local_x" v="98162.4846"/>
    <tag k="local_y" v="49111.4135"/>
    <tag k="ele" v="520.4426"/>
  </node>
  <node id="34140" lat="48.26419602576" lon="11.67020360417">
    <tag k="local_x" v="98157.9799"/>
    <tag k="local_y" v="49112.0296"/>
    <tag k="ele" v="520.4354"/>
  </node>
  <node id="34141" lat="48.26420308668" lon="11.67014426847">
    <tag k="local_x" v="98153.5496"/>
    <tag k="local_y" v="49112.6611"/>
    <tag k="ele" v="520.4291"/>
  </node>
  <node id="34146" lat="48.26403944087" lon="11.66838780748">
    <tag k="local_x" v="98023.8444"/>
    <tag k="local_y" v="49089.9395"/>
    <tag k="ele" v="520.539"/>
  </node>
  <node id="34147" lat="48.26403946625" lon="11.66839458059">
    <tag k="local_x" v="98024.3469"/>
    <tag k="local_y" v="49089.9598"/>
    <tag k="ele" v="520.5438"/>
  </node>
  <node id="34148" lat="48.26404005123" lon="11.66840139497">
    <tag k="local_x" v="98024.8503"/>
    <tag k="local_y" v="49090.0424"/>
    <tag k="ele" v="520.547"/>
  </node>
  <node id="34149" lat="48.26400342914" lon="11.66838120023">
    <tag k="local_x" v="98023.4933"/>
    <tag k="local_y" v="49085.9202"/>
    <tag k="ele" v="520.5398"/>
  </node>
  <node id="34150" lat="48.2640026569" lon="11.6683910906">
    <tag k="local_x" v="98024.2302"/>
    <tag k="local_y" v="49085.8599"/>
    <tag k="ele" v="520.5295"/>
  </node>
  <node id="34151" lat="48.26400237464" lon="11.66840103749">
    <tag k="local_x" v="98024.9694"/>
    <tag k="local_y" v="49085.8542"/>
    <tag k="ele" v="520.5202"/>
  </node>
  <node id="34156" lat="48.26424767253" lon="11.6703937305">
    <tag k="local_x" v="98171.8884"/>
    <tag k="local_y" v="49118.2605"/>
    <tag k="ele" v="520.6113"/>
  </node>
  <node id="34157" lat="48.26424249203" lon="11.67043757897">
    <tag k="local_x" v="98175.1622"/>
    <tag k="local_y" v="49117.798"/>
    <tag k="ele" v="520.6125"/>
  </node>
  <node id="34164" lat="48.26506485596" lon="11.66932120754">
    <tag k="local_x" v="98089.1425"/>
    <tag k="local_y" v="49206.3107"/>
    <tag k="ele" v="520.525"/>
  </node>
  <node id="34165" lat="48.26505745056" lon="11.6693841583">
    <tag k="local_x" v="98093.8423"/>
    <tag k="local_y" v="49205.6502"/>
    <tag k="ele" v="520.5545"/>
  </node>
  <node id="34166" lat="48.26505004515" lon="11.66944710769">
    <tag k="local_x" v="98098.542"/>
    <tag k="local_y" v="49204.9897"/>
    <tag k="ele" v="520.5839"/>
  </node>
  <node id="34167" lat="48.2650127842" lon="11.66942510094">
    <tag k="local_x" v="98097.0531"/>
    <tag k="local_y" v="49200.7918"/>
    <tag k="ele" v="520.6109"/>
  </node>
  <node id="34168" lat="48.26500977405" lon="11.66945056414">
    <tag k="local_x" v="98098.9542"/>
    <tag k="local_y" v="49200.523"/>
    <tag k="ele" v="520.6076"/>
  </node>
  <node id="34169" lat="48.26500215649" lon="11.66951501447">
    <tag k="local_x" v="98103.7661"/>
    <tag k="local_y" v="49199.8428"/>
    <tag k="ele" v="520.5994"/>
  </node>
  <node id="34174" lat="48.26448731937" lon="11.66785943851">
    <tag k="local_x" v="97982.906"/>
    <tag k="local_y" v="49138.3521"/>
    <tag k="ele" v="520.4254"/>
  </node>
  <node id="34175" lat="48.26448106861" lon="11.66791574848">
    <tag k="local_x" v="97987.1086"/>
    <tag k="local_y" v="49137.8027"/>
    <tag k="ele" v="520.4427"/>
  </node>
  <node id="34176" lat="48.26447461281" lon="11.66797197499">
    <tag k="local_x" v="97991.3058"/>
    <tag k="local_y" v="49137.2303"/>
    <tag k="ele" v="520.4578"/>
  </node>
  <node id="34177" lat="48.26443457624" lon="11.66830844658">
    <tag k="local_x" v="98016.4282"/>
    <tag k="local_y" v="49133.649"/>
    <tag k="ele" v="520.5007"/>
  </node>
  <node id="34181" lat="48.2641698736" lon="11.66769459814">
    <tag k="local_x" v="97971.9008"/>
    <tag k="local_y" v="49102.6467"/>
    <tag k="ele" v="520.5885"/>
  </node>
  <node id="34182" lat="48.26416763851" lon="11.66769409498">
    <tag k="local_x" v="97971.8721"/>
    <tag k="local_y" v="49102.397"/>
    <tag k="ele" v="520.5937"/>
  </node>
  <node id="34183" lat="48.26416528718" lon="11.6676939092">
    <tag k="local_x" v="97971.8674"/>
    <tag k="local_y" v="49102.1352"/>
    <tag k="ele" v="520.5985"/>
  </node>
  <node id="34184" lat="48.26416026671" lon="11.66769439839">
    <tag k="local_x" v="97971.9231"/>
    <tag k="local_y" v="49101.5785"/>
    <tag k="ele" v="520.6066"/>
  </node>
  <node id="34185" lat="48.26415496496" lon="11.66769591868">
    <tag k="local_x" v="97972.0564"/>
    <tag k="local_y" v="49100.9932"/>
    <tag k="ele" v="520.613"/>
  </node>
  <node id="34186" lat="48.26414963369" lon="11.6676983619">
    <tag k="local_x" v="97972.2583"/>
    <tag k="local_y" v="49100.407"/>
    <tag k="ele" v="520.6175"/>
  </node>
  <node id="34187" lat="48.26414459152" lon="11.66770160719">
    <tag k="local_x" v="97972.5186"/>
    <tag k="local_y" v="49099.855"/>
    <tag k="ele" v="520.6202"/>
  </node>
  <node id="34188" lat="48.26413827024" lon="11.6677074326">
    <tag k="local_x" v="97972.9753"/>
    <tag k="local_y" v="49099.1675"/>
    <tag k="ele" v="520.6207"/>
  </node>
  <node id="34189" lat="48.26413497346" lon="11.66771200455">
    <tag k="local_x" v="97973.3273"/>
    <tag k="local_y" v="49098.8129"/>
    <tag k="ele" v="520.6177"/>
  </node>
  <node id="34190" lat="48.26413579811" lon="11.66771086159">
    <tag k="local_x" v="97973.2393"/>
    <tag k="local_y" v="49098.9016"/>
    <tag k="ele" v="520.6184"/>
  </node>
  <node id="34191" lat="48.26413662185" lon="11.66770971857">
    <tag k="local_x" v="97973.1513"/>
    <tag k="local_y" v="49098.9902"/>
    <tag k="ele" v="520.6192"/>
  </node>
  <node id="34192" lat="48.2641374465" lon="11.66770857561">
    <tag k="local_x" v="97973.0633"/>
    <tag k="local_y" v="49099.0789"/>
    <tag k="ele" v="520.62"/>
  </node>
  <node id="34193" lat="48.26413414971" lon="11.66771314756">
    <tag k="local_x" v="97973.4153"/>
    <tag k="local_y" v="49098.7243"/>
    <tag k="ele" v="520.6169"/>
  </node>
  <node id="34194" lat="48.26413117371" lon="11.66771800978">
    <tag k="local_x" v="97973.7876"/>
    <tag k="local_y" v="49098.4061"/>
    <tag k="ele" v="520.6108"/>
  </node>
  <node id="34195" lat="48.2641284798" lon="11.66772358879">
    <tag k="local_x" v="97974.212"/>
    <tag k="local_y" v="49098.1211"/>
    <tag k="ele" v="520.6037"/>
  </node>
  <node id="34196" lat="48.26412610806" lon="11.66773013466">
    <tag k="local_x" v="97974.7069"/>
    <tag k="local_y" v="49097.8744"/>
    <tag k="ele" v="520.5957"/>
  </node>
  <node id="34197" lat="48.26412430575" lon="11.66773757805">
    <tag k="local_x" v="97975.2662"/>
    <tag k="local_y" v="49097.6933"/>
    <tag k="ele" v="520.5872"/>
  </node>
  <node id="34198" lat="48.2641236443" lon="11.66774223332">
    <tag k="local_x" v="97975.6142"/>
    <tag k="local_y" v="49097.6318"/>
    <tag k="ele" v="520.5812"/>
  </node>
  <node id="34199" lat="48.26417307766" lon="11.66766894321">
    <tag k="local_x" v="97969.9847"/>
    <tag k="local_y" v="49102.9366"/>
    <tag k="ele" v="520.6368"/>
  </node>
  <node id="34200" lat="48.26416911578" lon="11.66766778547">
    <tag k="local_x" v="97969.9141"/>
    <tag k="local_y" v="49102.4933"/>
    <tag k="ele" v="520.6407"/>
  </node>
  <node id="34201" lat="48.2641525136" lon="11.66766143746">
    <tag k="local_x" v="97969.5072"/>
    <tag k="local_y" v="49100.6318"/>
    <tag k="ele" v="520.6468"/>
  </node>
  <node id="34202" lat="48.26414513517" lon="11.66765962341">
    <tag k="local_x" v="97969.4011"/>
    <tag k="local_y" v="49099.8071"/>
    <tag k="ele" v="520.6473"/>
  </node>
  <node id="34203" lat="48.26413667831" lon="11.66765899302">
    <tag k="local_x" v="97969.387"/>
    <tag k="local_y" v="49098.8656"/>
    <tag k="ele" v="520.6473"/>
  </node>
  <node id="34204" lat="48.26413172306" lon="11.66765950178">
    <tag k="local_x" v="97969.4439"/>
    <tag k="local_y" v="49098.3162"/>
    <tag k="ele" v="520.6471"/>
  </node>
  <node id="34205" lat="48.26412647998" lon="11.66766085937">
    <tag k="local_x" v="97969.5649"/>
    <tag k="local_y" v="49097.737"/>
    <tag k="ele" v="520.6469"/>
  </node>
  <node id="34206" lat="48.26412130736" lon="11.66766305751">
    <tag k="local_x" v="97969.748"/>
    <tag k="local_y" v="49097.1678"/>
    <tag k="ele" v="520.6465"/>
  </node>
  <node id="34207" lat="48.26411634077" lon="11.66766603182">
    <tag k="local_x" v="97969.9879"/>
    <tag k="local_y" v="49096.6235"/>
    <tag k="ele" v="520.6461"/>
  </node>
  <node id="34208" lat="48.26411168919" lon="11.66766966131">
    <tag k="local_x" v="97970.2752"/>
    <tag k="local_y" v="49096.1159"/>
    <tag k="ele" v="520.6456"/>
  </node>
  <node id="34209" lat="48.2641074173" lon="11.66767379571">
    <tag k="local_x" v="97970.5985"/>
    <tag k="local_y" v="49095.6518"/>
    <tag k="ele" v="520.6451"/>
  </node>
  <node id="34210" lat="48.26410354818" lon="11.66767829338">
    <tag k="local_x" v="97970.9472"/>
    <tag k="local_y" v="49095.2334"/>
    <tag k="ele" v="520.6446"/>
  </node>
  <node id="34211" lat="48.26410007298" lon="11.66768303123">
    <tag k="local_x" v="97971.3122"/>
    <tag k="local_y" v="49094.8594"/>
    <tag k="ele" v="520.6441"/>
  </node>
  <node id="34212" lat="48.26409418976" lon="11.667692894">
    <tag k="local_x" v="97972.0668"/>
    <tag k="local_y" v="49094.231"/>
    <tag k="ele" v="520.6431"/>
  </node>
  <node id="34213" lat="48.26408949858" lon="11.66770295765">
    <tag k="local_x" v="97972.8317"/>
    <tag k="local_y" v="49093.7356"/>
    <tag k="ele" v="520.6422"/>
  </node>
  <node id="34214" lat="48.26408575758" lon="11.66771306001">
    <tag k="local_x" v="97973.5958"/>
    <tag k="local_y" v="49093.3459"/>
    <tag k="ele" v="520.6416"/>
  </node>
  <node id="34215" lat="48.26408279552" lon="11.66772317462">
    <tag k="local_x" v="97974.3578"/>
    <tag k="local_y" v="49093.0428"/>
    <tag k="ele" v="520.6414"/>
  </node>
  <node id="34216" lat="48.26408050703" lon="11.66773334317">
    <tag k="local_x" v="97975.1212"/>
    <tag k="local_y" v="49092.8147"/>
    <tag k="ele" v="520.6417"/>
  </node>
  <node id="34221" lat="48.26415109886" lon="11.67028989819">
    <tag k="local_x" v="98164.5571"/>
    <tag k="local_y" v="49107.2594"/>
    <tag k="ele" v="520.3533"/>
  </node>
  <node id="34222" lat="48.26415308858" lon="11.67028229621">
    <tag k="local_x" v="98163.9853"/>
    <tag k="local_y" v="49107.4609"/>
    <tag k="ele" v="520.3515"/>
  </node>
  <node id="34223" lat="48.26415209327" lon="11.67028609718">
    <tag k="local_x" v="98164.2712"/>
    <tag k="local_y" v="49107.3601"/>
    <tag k="ele" v="520.3524"/>
  </node>
  <node id="34224" lat="48.2641540839" lon="11.67027849524">
    <tag k="local_x" v="98163.6994"/>
    <tag k="local_y" v="49107.5617"/>
    <tag k="ele" v="520.3507"/>
  </node>
  <node id="34225" lat="48.26418391206" lon="11.67030946324">
    <tag k="local_x" v="98165.882"/>
    <tag k="local_y" v="49110.9567"/>
    <tag k="ele" v="520.4474"/>
  </node>
  <node id="34226" lat="48.26418718046" lon="11.6702950429">
    <tag k="local_x" v="98164.7993"/>
    <tag k="local_y" v="49111.2827"/>
    <tag k="ele" v="520.4442"/>
  </node>
  <node id="34227" lat="48.2641880103" lon="11.67028903128">
    <tag k="local_x" v="98164.35"/>
    <tag k="local_y" v="49111.3594"/>
    <tag k="ele" v="520.4437"/>
  </node>
  <node id="34228" lat="48.26418841111" lon="11.67028281807">
    <tag k="local_x" v="98163.8874"/>
    <tag k="local_y" v="49111.3879"/>
    <tag k="ele" v="520.4434"/>
  </node>
  <node id="34233" lat="48.26417599678" lon="11.67077921588">
    <tag k="local_x" v="98200.7705"/>
    <tag k="local_y" v="49111.2903"/>
    <tag k="ele" v="520.5617"/>
  </node>
  <node id="34234" lat="48.26418027967" lon="11.67074615828">
    <tag k="local_x" v="98198.3009"/>
    <tag k="local_y" v="49111.6809"/>
    <tag k="ele" v="520.5516"/>
  </node>
  <node id="34235" lat="48.26422128365" lon="11.67079243201">
    <tag k="local_x" v="98201.576"/>
    <tag k="local_y" v="49116.3575"/>
    <tag k="ele" v="520.4943"/>
  </node>
  <node id="34236" lat="48.26422424041" lon="11.6707703625">
    <tag k="local_x" v="98199.9269"/>
    <tag k="local_y" v="49116.6291"/>
    <tag k="ele" v="520.4879"/>
  </node>
  <node id="34241" lat="48.26402957551" lon="11.66846755507">
    <tag k="local_x" v="98029.8002"/>
    <tag k="local_y" v="49089.0489"/>
    <tag k="ele" v="520.4921"/>
  </node>
  <node id="34242" lat="48.26402453984" lon="11.66851066181">
    <tag k="local_x" v="98033.0184"/>
    <tag k="local_y" v="49088.6005"/>
    <tag k="ele" v="520.4753"/>
  </node>
  <node id="34243" lat="48.26399841932" lon="11.66842710865">
    <tag k="local_x" v="98026.9193"/>
    <tag k="local_y" v="49085.4819"/>
    <tag k="ele" v="520.6013"/>
  </node>
  <node id="34244" lat="48.26399113572" lon="11.6684857266">
    <tag k="local_x" v="98031.2972"/>
    <tag k="local_y" v="49084.8237"/>
    <tag k="ele" v="520.5888"/>
  </node>
  <node id="34249" lat="48.26448461143" lon="11.66780698248">
    <tag k="local_x" v="97979.024"/>
    <tag k="local_y" v="49137.9158"/>
    <tag k="ele" v="520.5637"/>
  </node>
  <node id="34250" lat="48.26449075547" lon="11.66780828756">
    <tag k="local_x" v="97979.0971"/>
    <tag k="local_y" v="49138.602"/>
    <tag k="ele" v="520.5683"/>
  </node>
  <node id="34251" lat="48.26449734784" lon="11.66780911737">
    <tag k="local_x" v="97979.1332"/>
    <tag k="local_y" v="49139.3368"/>
    <tag k="ele" v="520.5727"/>
  </node>
  <node id="34252" lat="48.26450441312" lon="11.66780914975">
    <tag k="local_x" v="97979.1083"/>
    <tag k="local_y" v="49140.1221"/>
    <tag k="ele" v="520.5767"/>
  </node>
  <node id="34253" lat="48.26451189797" lon="11.66780804637">
    <tag k="local_x" v="97978.9975"/>
    <tag k="local_y" v="49140.9511"/>
    <tag k="ele" v="520.5807"/>
  </node>
  <node id="34254" lat="48.26451965532" lon="11.66780551521">
    <tag k="local_x" v="97978.7797"/>
    <tag k="local_y" v="49141.8067"/>
    <tag k="ele" v="520.5845"/>
  </node>
  <node id="34255" lat="48.26452744554" lon="11.667801374">
    <tag k="local_x" v="97978.4423"/>
    <tag k="local_y" v="49142.6618"/>
    <tag k="ele" v="520.5884"/>
  </node>
  <node id="34256" lat="48.26453121234" lon="11.66779849352">
    <tag k="local_x" v="97978.214"/>
    <tag k="local_y" v="49143.073"/>
    <tag k="ele" v="520.5905"/>
  </node>
  <node id="34257" lat="48.26453497824" lon="11.66779561299">
    <tag k="local_x" v="97977.9857"/>
    <tag k="local_y" v="49143.4841"/>
    <tag k="ele" v="520.5925"/>
  </node>
  <node id="34258" lat="48.26454196988" lon="11.66778839128">
    <tag k="local_x" v="97977.4228"/>
    <tag k="local_y" v="49144.2425"/>
    <tag k="ele" v="520.5963"/>
  </node>
  <node id="34259" lat="48.26454819531" lon="11.66777998956">
    <tag k="local_x" v="97976.7753"/>
    <tag k="local_y" v="49144.9127"/>
    <tag k="ele" v="520.5997"/>
  </node>
  <node id="34260" lat="48.2645535119" lon="11.66777073733">
    <tag k="local_x" v="97976.0682"/>
    <tag k="local_y" v="49145.4797"/>
    <tag k="ele" v="520.6028"/>
  </node>
  <node id="34261" lat="48.26455784398" lon="11.66776094868">
    <tag k="local_x" v="97975.3251"/>
    <tag k="local_y" v="49145.9359"/>
    <tag k="ele" v="520.606"/>
  </node>
  <node id="34262" lat="48.26456116912" lon="11.66775089196">
    <tag k="local_x" v="97974.566"/>
    <tag k="local_y" v="49146.2795"/>
    <tag k="ele" v="520.6098"/>
  </node>
  <node id="34263" lat="48.26456348951" lon="11.66774078292">
    <tag k="local_x" v="97973.8069"/>
    <tag k="local_y" v="49146.5113"/>
    <tag k="ele" v="520.6144"/>
  </node>
  <node id="34267" lat="48.26478486068" lon="11.67075958068">
    <tag k="local_x" v="98196.958"/>
    <tag k="local_y" v="49178.9071"/>
    <tag k="ele" v="520.3764"/>
  </node>
  <node id="34268" lat="48.26475482519" lon="11.67075217276">
    <tag k="local_x" v="98196.5245"/>
    <tag k="local_y" v="49175.5499"/>
    <tag k="ele" v="520.3775"/>
  </node>
  <node id="34269" lat="48.26471824943" lon="11.67064707329">
    <tag k="local_x" v="98188.8672"/>
    <tag k="local_y" v="49171.2135"/>
    <tag k="ele" v="520.5571"/>
  </node>
  <node id="34270" lat="48.26476145214" lon="11.67065844236">
    <tag k="local_x" v="98189.5437"/>
    <tag k="local_y" v="49176.0443"/>
    <tag k="ele" v="520.5641"/>
  </node>
  <node id="34275" lat="48.26522835288" lon="11.66795996229">
    <tag k="local_x" v="97987.5015"/>
    <tag k="local_y" v="49220.968"/>
    <tag k="ele" v="520.6547"/>
  </node>
  <node id="34276" lat="48.26522223866" lon="11.6680090716">
    <tag k="local_x" v="97991.1692"/>
    <tag k="local_y" v="49220.4152"/>
    <tag k="ele" v="520.6427"/>
  </node>
  <node id="34277" lat="48.26521956481" lon="11.66803076022">
    <tag k="local_x" v="97992.7889"/>
    <tag k="local_y" v="49220.174"/>
    <tag k="ele" v="520.6433"/>
  </node>
  <node id="34278" lat="48.26518808732" lon="11.66796791057">
    <tag k="local_x" v="97988.2469"/>
    <tag k="local_y" v="49216.5135"/>
    <tag k="ele" v="520.6917"/>
  </node>
  <node id="34279" lat="48.26518274244" lon="11.66801232966">
    <tag k="local_x" v="97991.5636"/>
    <tag k="local_y" v="49216.0341"/>
    <tag k="ele" v="520.6659"/>
  </node>
  <node id="34280" lat="48.2651854149" lon="11.66799011944">
    <tag k="local_x" v="97989.9052"/>
    <tag k="local_y" v="49216.2738"/>
    <tag k="ele" v="520.6788"/>
  </node>
  <node id="34285" lat="48.26426653442" lon="11.670622182">
    <tag k="local_x" v="98188.7676"/>
    <tag k="local_y" v="49120.9468"/>
    <tag k="ele" v="520.4402"/>
  </node>
  <node id="34286" lat="48.26425623058" lon="11.6706192555">
    <tag k="local_x" v="98188.5903"/>
    <tag k="local_y" v="49119.7941"/>
    <tag k="ele" v="520.4496"/>
  </node>
  <node id="34287" lat="48.26423487152" lon="11.67061228255">
    <tag k="local_x" v="98188.1555"/>
    <tag k="local_y" v="49117.4023"/>
    <tag k="ele" v="520.4619"/>
  </node>
  <node id="34288" lat="48.26422987676" lon="11.67061135509">
    <tag k="local_x" v="98188.106"/>
    <tag k="local_y" v="49116.8448"/>
    <tag k="ele" v="520.4644"/>
  </node>
  <node id="34289" lat="48.26422464224" lon="11.67061106468">
    <tag k="local_x" v="98188.1047"/>
    <tag k="local_y" v="49116.2623"/>
    <tag k="ele" v="520.4671"/>
  </node>
  <node id="34290" lat="48.26421922424" lon="11.67061162315">
    <tag k="local_x" v="98188.1671"/>
    <tag k="local_y" v="49115.6616"/>
    <tag k="ele" v="520.4701"/>
  </node>
  <node id="34291" lat="48.26421371552" lon="11.67061321995">
    <tag k="local_x" v="98188.3069"/>
    <tag k="local_y" v="49115.0535"/>
    <tag k="ele" v="520.4736"/>
  </node>
  <node id="34292" lat="48.26420893414" lon="11.67061565516">
    <tag k="local_x" v="98188.5061"/>
    <tag k="local_y" v="49114.5284"/>
    <tag k="ele" v="520.477"/>
  </node>
  <node id="34293" lat="48.26420961705" lon="11.67061530803">
    <tag k="local_x" v="98188.4777"/>
    <tag k="local_y" v="49114.6034"/>
    <tag k="ele" v="520.4765"/>
  </node>
  <node id="34294" lat="48.26421030089" lon="11.67061495961">
    <tag k="local_x" v="98188.4492"/>
    <tag k="local_y" v="49114.6785"/>
    <tag k="ele" v="520.476"/>
  </node>
  <node id="34295" lat="48.2642109838" lon="11.67061461248">
    <tag k="local_x" v="98188.4208"/>
    <tag k="local_y" v="49114.7535"/>
    <tag k="ele" v="520.4755"/>
  </node>
  <node id="34296" lat="48.26421166674" lon="11.67061426401">
    <tag k="local_x" v="98188.3923"/>
    <tag k="local_y" v="49114.8285"/>
    <tag k="ele" v="520.475"/>
  </node>
  <node id="34297" lat="48.26421234967" lon="11.67061391554">
    <tag k="local_x" v="98188.3638"/>
    <tag k="local_y" v="49114.9035"/>
    <tag k="ele" v="520.4745"/>
  </node>
  <node id="34298" lat="48.26421303258" lon="11.67061356842">
    <tag k="local_x" v="98188.3354"/>
    <tag k="local_y" v="49114.9785"/>
    <tag k="ele" v="520.4741"/>
  </node>
  <node id="34299" lat="48.2642082512" lon="11.67061600363">
    <tag k="local_x" v="98188.5346"/>
    <tag k="local_y" v="49114.4534"/>
    <tag k="ele" v="520.4775"/>
  </node>
  <node id="34300" lat="48.2642029996" lon="11.67062004898">
    <tag k="local_x" v="98188.8551"/>
    <tag k="local_y" v="49113.8802"/>
    <tag k="ele" v="520.482"/>
  </node>
  <node id="34301" lat="48.26419815079" lon="11.67062534706">
    <tag k="local_x" v="98189.267"/>
    <tag k="local_y" v="49113.355"/>
    <tag k="ele" v="520.4872"/>
  </node>
  <node id="34302" lat="48.264193898" lon="11.6706317907">
    <tag k="local_x" v="98189.7616"/>
    <tag k="local_y" v="49112.899"/>
    <tag k="ele" v="520.4932"/>
  </node>
  <node id="34303" lat="48.26419041833" lon="11.67063919372">
    <tag k="local_x" v="98190.3244"/>
    <tag k="local_y" v="49112.5314"/>
    <tag k="ele" v="520.5"/>
  </node>
  <node id="34304" lat="48.26418785507" lon="11.67064731428">
    <tag k="local_x" v="98190.9369"/>
    <tag k="local_y" v="49112.2675"/>
    <tag k="ele" v="520.5078"/>
  </node>
  <node id="34305" lat="48.26418695203" lon="11.67065155803">
    <tag k="local_x" v="98191.2553"/>
    <tag k="local_y" v="49112.1781"/>
    <tag k="ele" v="520.5121"/>
  </node>
  <node id="34306" lat="48.26427008229" lon="11.67053069343">
    <tag k="local_x" v="98181.965"/>
    <tag k="local_y" v="49121.1048"/>
    <tag k="ele" v="520.5042"/>
  </node>
  <node id="34307" lat="48.26426071232" lon="11.67052951364">
    <tag k="local_x" v="98181.9137"/>
    <tag k="local_y" v="49120.0604"/>
    <tag k="ele" v="520.4965"/>
  </node>
  <node id="34308" lat="48.26425113321" lon="11.67052904797">
    <tag k="local_x" v="98181.9162"/>
    <tag k="local_y" v="49118.9946"/>
    <tag k="ele" v="520.4883"/>
  </node>
  <node id="34309" lat="48.26424130165" lon="11.67052945588">
    <tag k="local_x" v="98181.9845"/>
    <tag k="local_y" v="49117.903"/>
    <tag k="ele" v="520.4798"/>
  </node>
  <node id="34310" lat="48.2642311894" lon="11.67053094612">
    <tag k="local_x" v="98182.1342"/>
    <tag k="local_y" v="49116.783"/>
    <tag k="ele" v="520.4711"/>
  </node>
  <node id="34311" lat="48.26422079956" lon="11.67053377221">
    <tag k="local_x" v="98182.3841"/>
    <tag k="local_y" v="49115.6356"/>
    <tag k="ele" v="520.4625"/>
  </node>
  <node id="34312" lat="48.26421017744" lon="11.67053823029">
    <tag k="local_x" v="98182.756"/>
    <tag k="local_y" v="49114.4666"/>
    <tag k="ele" v="520.4543"/>
  </node>
  <node id="34313" lat="48.26419944169" lon="11.67054463514">
    <tag k="local_x" v="98183.2728"/>
    <tag k="local_y" v="49113.29"/>
    <tag k="ele" v="520.4466"/>
  </node>
  <node id="34314" lat="48.26419409251" lon="11.67054865925">
    <tag k="local_x" v="98183.5921"/>
    <tag k="local_y" v="49112.7059"/>
    <tag k="ele" v="520.443"/>
  </node>
  <node id="34315" lat="48.26418880168" lon="11.67055326992">
    <tag k="local_x" v="98183.9547"/>
    <tag k="local_y" v="49112.1298"/>
    <tag k="ele" v="520.4397"/>
  </node>
  <node id="34316" lat="48.26418361383" lon="11.67055848295">
    <tag k="local_x" v="98184.3616"/>
    <tag k="local_y" v="49111.5667"/>
    <tag k="ele" v="520.4366"/>
  </node>
  <node id="34317" lat="48.26417857481" lon="11.67056429939">
    <tag k="local_x" v="98184.8127"/>
    <tag k="local_y" v="49111.0217"/>
    <tag k="ele" v="520.4337"/>
  </node>
  <node id="34318" lat="48.26417373797" lon="11.67057070854">
    <tag k="local_x" v="98185.307"/>
    <tag k="local_y" v="49110.5007"/>
    <tag k="ele" v="520.4312"/>
  </node>
  <node id="34319" lat="48.2641691545" lon="11.67057767533">
    <tag k="local_x" v="98185.8417"/>
    <tag k="local_y" v="49110.0093"/>
    <tag k="ele" v="520.429"/>
  </node>
  <node id="34320" lat="48.2641648732" lon="11.67058515246">
    <tag k="local_x" v="98186.4131"/>
    <tag k="local_y" v="49109.5528"/>
    <tag k="ele" v="520.4271"/>
  </node>
  <node id="34321" lat="48.2641609379" lon="11.67059307347">
    <tag k="local_x" v="98187.0161"/>
    <tag k="local_y" v="49109.1359"/>
    <tag k="ele" v="520.4257"/>
  </node>
  <node id="34322" lat="48.2641573837" lon="11.67060136068">
    <tag k="local_x" v="98187.6448"/>
    <tag k="local_y" v="49108.7623"/>
    <tag k="ele" v="520.4246"/>
  </node>
  <node id="34323" lat="48.26415423327" lon="11.67060992903">
    <tag k="local_x" v="98188.2928"/>
    <tag k="local_y" v="49108.4343"/>
    <tag k="ele" v="520.424"/>
  </node>
  <node id="34324" lat="48.26415150115" lon="11.67061869439">
    <tag k="local_x" v="98188.9538"/>
    <tag k="local_y" v="49108.1533"/>
    <tag k="ele" v="520.4239"/>
  </node>
  <node id="34325" lat="48.26414918837" lon="11.67062757458">
    <tag k="local_x" v="98189.6217"/>
    <tag k="local_y" v="49107.9192"/>
    <tag k="ele" v="520.4242"/>
  </node>
  <node id="34326" lat="48.26414728954" lon="11.67063649118">
    <tag k="local_x" v="98190.2907"/>
    <tag k="local_y" v="49107.7312"/>
    <tag k="ele" v="520.4251"/>
  </node>
  <node id="34331" lat="48.26447820649" lon="11.66780583092">
    <tag k="local_x" v="97978.9633"/>
    <tag k="local_y" v="49137.201"/>
    <tag k="ele" v="520.5528"/>
  </node>
  <node id="34332" lat="48.26448047269" lon="11.66780728039">
    <tag k="local_x" v="97979.0621"/>
    <tag k="local_y" v="49137.4566"/>
    <tag k="ele" v="520.5513"/>
  </node>
  <node id="34333" lat="48.26448258714" lon="11.66780922059">
    <tag k="local_x" v="97979.1979"/>
    <tag k="local_y" v="49137.6966"/>
    <tag k="ele" v="520.549"/>
  </node>
  <node id="34334" lat="48.26448430137" lon="11.66781134613">
    <tag k="local_x" v="97979.349"/>
    <tag k="local_y" v="49137.8926"/>
    <tag k="ele" v="520.5432"/>
  </node>
  <node id="34335" lat="48.26448727413" lon="11.66781658421">
    <tag k="local_x" v="97979.7262"/>
    <tag k="local_y" v="49138.2365"/>
    <tag k="ele" v="520.5198"/>
  </node>
  <node id="34336" lat="48.26448835031" lon="11.66781925735">
    <tag k="local_x" v="97979.9204"/>
    <tag k="local_y" v="49138.363"/>
    <tag k="ele" v="520.5098"/>
  </node>
  <node id="34337" lat="48.26448819633" lon="11.66781887469">
    <tag k="local_x" v="97979.8926"/>
    <tag k="local_y" v="49138.3449"/>
    <tag k="ele" v="520.5113"/>
  </node>
  <node id="34338" lat="48.26448804322" lon="11.66781849342">
    <tag k="local_x" v="97979.8649"/>
    <tag k="local_y" v="49138.3269"/>
    <tag k="ele" v="520.5127"/>
  </node>
  <node id="34339" lat="48.26448788921" lon="11.66781811211">
    <tag k="local_x" v="97979.8372"/>
    <tag k="local_y" v="49138.3088"/>
    <tag k="ele" v="520.5141"/>
  </node>
  <node id="34340" lat="48.26448773523" lon="11.66781772945">
    <tag k="local_x" v="97979.8094"/>
    <tag k="local_y" v="49138.2907"/>
    <tag k="ele" v="520.5155"/>
  </node>
  <node id="34341" lat="48.26448758122" lon="11.66781734813">
    <tag k="local_x" v="97979.7817"/>
    <tag k="local_y" v="49138.2726"/>
    <tag k="ele" v="520.517"/>
  </node>
  <node id="34342" lat="48.26448742811" lon="11.66781696687">
    <tag k="local_x" v="97979.754"/>
    <tag k="local_y" v="49138.2546"/>
    <tag k="ele" v="520.5184"/>
  </node>
  <node id="34343" lat="48.26448850431" lon="11.66781963866">
    <tag k="local_x" v="97979.9481"/>
    <tag k="local_y" v="49138.3811"/>
    <tag k="ele" v="520.5084"/>
  </node>
  <node id="34344" lat="48.26448974068" lon="11.6678243645">
    <tag k="local_x" v="97980.294"/>
    <tag k="local_y" v="49138.5307"/>
    <tag k="ele" v="520.4951"/>
  </node>
  <node id="34345" lat="48.26449033897" lon="11.66782952205">
    <tag k="local_x" v="97980.6744"/>
    <tag k="local_y" v="49138.6105"/>
    <tag k="ele" v="520.4823"/>
  </node>
  <node id="34346" lat="48.26449039444" lon="11.66783484538">
    <tag k="local_x" v="97981.0692"/>
    <tag k="local_y" v="49138.6304"/>
    <tag k="ele" v="520.4702"/>
  </node>
  <node id="34347" lat="48.26449003304" lon="11.66784014161">
    <tag k="local_x" v="97981.4636"/>
    <tag k="local_y" v="49138.6039"/>
    <tag k="ele" v="520.459"/>
  </node>
  <node id="34351" lat="48.2645182324" lon="11.66786079775">
    <tag k="local_x" v="97982.8874"/>
    <tag k="local_y" v="49141.7912"/>
    <tag k="ele" v="520.4819"/>
  </node>
  <node id="34352" lat="48.26448821709" lon="11.66785270668">
    <tag k="local_x" v="97982.403"/>
    <tag k="local_y" v="49138.4345"/>
    <tag k="ele" v="520.4456"/>
  </node>
  <node id="34357" lat="48.26424955047" lon="11.66768964543">
    <tag k="local_x" v="97971.2254"/>
    <tag k="local_y" v="49111.489"/>
    <tag k="ele" v="520.6188"/>
  </node>
  <node id="34358" lat="48.26423041747" lon="11.66768456444">
    <tag k="local_x" v="97970.9223"/>
    <tag k="local_y" v="49109.3495"/>
    <tag k="ele" v="520.6233"/>
  </node>
  <node id="34359" lat="48.26421128538" lon="11.6676794835">
    <tag k="local_x" v="97970.6192"/>
    <tag k="local_y" v="49107.2101"/>
    <tag k="ele" v="520.6278"/>
  </node>
  <node id="34363" lat="48.26517017861" lon="11.66843832727">
    <tag k="local_x" v="98023.2226"/>
    <tag k="local_y" v="49215.7371"/>
    <tag k="ele" v="520.4919"/>
  </node>
  <node id="34364" lat="48.26516898785" lon="11.66844833891">
    <tag k="local_x" v="98023.9701"/>
    <tag k="local_y" v="49215.6306"/>
    <tag k="ele" v="520.4926"/>
  </node>
  <node id="34365" lat="48.26512978394" lon="11.66844726165">
    <tag k="local_x" v="98024.0417"/>
    <tag k="local_y" v="49211.2708"/>
    <tag k="ele" v="520.5762"/>
  </node>
  <node id="34366" lat="48.26513150938" lon="11.6684328239">
    <tag k="local_x" v="98022.9637"/>
    <tag k="local_y" v="49211.4253"/>
    <tag k="ele" v="520.574"/>
  </node>
  <node id="34371" lat="48.26453465225" lon="11.66746349111">
    <tag k="local_x" v="97953.3421"/>
    <tag k="local_y" v="49142.591"/>
    <tag k="ele" v="520.4696"/>
  </node>
  <node id="34372" lat="48.26452766414" lon="11.66752343239">
    <tag k="local_x" v="97957.817"/>
    <tag k="local_y" v="49141.969"/>
    <tag k="ele" v="520.4519"/>
  </node>
  <node id="34373" lat="48.26452041454" lon="11.66758339642">
    <tag k="local_x" v="97962.2946"/>
    <tag k="local_y" v="49141.318"/>
    <tag k="ele" v="520.4501"/>
  </node>
  <node id="34377" lat="48.26426211978" lon="11.67004196657">
    <tag k="local_x" v="98145.73"/>
    <tag k="local_y" v="49118.9577"/>
    <tag k="ele" v="520.5178"/>
  </node>
  <node id="34378" lat="48.26426637836" lon="11.6700056086">
    <tag k="local_x" v="98143.0156"/>
    <tag k="local_y" v="49119.3371"/>
    <tag k="ele" v="520.5166"/>
  </node>
  <node id="34379" lat="48.26427063786" lon="11.66996924933">
    <tag k="local_x" v="98140.3011"/>
    <tag k="local_y" v="49119.7166"/>
    <tag k="ele" v="520.5153"/>
  </node>
  <node id="34380" lat="48.26427278391" lon="11.67019020725">
    <tag k="local_x" v="98156.6889"/>
    <tag k="local_y" v="49120.5257"/>
    <tag k="ele" v="520.5942"/>
  </node>
  <node id="34381" lat="48.26427374318" lon="11.67018567263">
    <tag k="local_x" v="98156.3487"/>
    <tag k="local_y" v="49120.6206"/>
    <tag k="ele" v="520.5865"/>
  </node>
  <node id="34382" lat="48.26428210556" lon="11.67011532315">
    <tag k="local_x" v="98151.0961"/>
    <tag k="local_y" v="49121.3683"/>
    <tag k="ele" v="520.5747"/>
  </node>
  <node id="34387" lat="48.26963149485" lon="11.66837231637">
    <tag k="local_x" v="98001.0798"/>
    <tag k="local_y" v="49711.3859"/>
    <tag k="ele" v="519.0884"/>
  </node>
  <node id="34388" lat="48.26963366346" lon="11.66837579877">
    <tag k="local_x" v="98001.3298"/>
    <tag k="local_y" v="49711.6359"/>
    <tag k="ele" v="519.0884"/>
  </node>
  <node id="34439" lat="48.2650935241" lon="11.66908246994">
    <tag k="local_x" v="98071.3165"/>
    <tag k="local_y" v="49208.8805"/>
    <tag k="ele" v="520.4908"/>
  </node>
  <node id="34440" lat="48.26505469199" lon="11.66907208722">
    <tag k="local_x" v="98070.6962"/>
    <tag k="local_y" v="49204.538"/>
    <tag k="ele" v="520.6287"/>
  </node>
  <node id="34442" lat="48.26510250769" lon="11.66908506056">
    <tag k="local_x" v="98071.474"/>
    <tag k="local_y" v="49209.8856"/>
    <tag k="ele" v="520.4892"/>
  </node>
  <node id="34443" lat="48.26509542647" lon="11.66908315798">
    <tag k="local_x" v="98071.3602"/>
    <tag k="local_y" v="49209.0937"/>
    <tag k="ele" v="520.4848"/>
  </node>
  <way id="32617">
    <nd ref="32613"/>
    <nd ref="32614"/>
  </way>
  <way id="32618">
    <nd ref="32615"/>
    <nd ref="32616"/>
  </way>
  <way id="32655">
    <nd ref="32621"/>
    <nd ref="32622"/>
    <nd ref="32623"/>
    <nd ref="32624"/>
    <nd ref="32625"/>
    <nd ref="32626"/>
    <nd ref="32627"/>
    <nd ref="32628"/>
    <nd ref="32629"/>
    <nd ref="32630"/>
    <nd ref="32631"/>
    <nd ref="32632"/>
    <nd ref="32633"/>
    <nd ref="32634"/>
    <nd ref="32635"/>
    <nd ref="32636"/>
    <nd ref="32637"/>
  </way>
  <way id="32656">
    <nd ref="32638"/>
    <nd ref="32639"/>
    <nd ref="32640"/>
    <nd ref="32641"/>
    <nd ref="32642"/>
    <nd ref="32643"/>
    <nd ref="32644"/>
    <nd ref="32645"/>
    <nd ref="32646"/>
    <nd ref="32647"/>
    <nd ref="32648"/>
    <nd ref="32649"/>
    <nd ref="32650"/>
    <nd ref="32651"/>
    <nd ref="32652"/>
    <nd ref="32653"/>
    <nd ref="32654"/>
  </way>
  <way id="32665">
    <nd ref="32659"/>
    <nd ref="32660"/>
    <nd ref="32661"/>
  </way>
  <way id="32666">
    <nd ref="32662"/>
    <nd ref="32663"/>
    <nd ref="32664"/>
  </way>
  <way id="32673">
    <nd ref="32669"/>
    <nd ref="32670"/>
  </way>
  <way id="32674">
    <nd ref="32671"/>
    <nd ref="32672"/>
  </way>
  <way id="32687">
    <nd ref="32677"/>
    <nd ref="32678"/>
    <nd ref="32679"/>
    <nd ref="32680"/>
    <nd ref="32681"/>
  </way>
  <way id="32688">
    <nd ref="32682"/>
    <nd ref="32683"/>
    <nd ref="32684"/>
    <nd ref="32685"/>
    <nd ref="32686"/>
  </way>
  <way id="32695">
    <nd ref="32691"/>
    <nd ref="32692"/>
  </way>
  <way id="32696">
    <nd ref="32693"/>
    <nd ref="32694"/>
  </way>
  <way id="32701">
    <nd ref="32699"/>
    <nd ref="32700"/>
  </way>
  <way id="32710">
    <nd ref="32704"/>
    <nd ref="32705"/>
    <nd ref="32706"/>
  </way>
  <way id="32711">
    <nd ref="32707"/>
    <nd ref="32708"/>
    <nd ref="32709"/>
  </way>
  <way id="32720">
    <nd ref="32714"/>
    <nd ref="32715"/>
    <nd ref="32716"/>
    <nd ref="32677"/>
  </way>
  <way id="32721">
    <nd ref="32717"/>
    <nd ref="32718"/>
    <nd ref="32719"/>
    <nd ref="32682"/>
  </way>
  <way id="32744">
    <nd ref="32724"/>
    <nd ref="32725"/>
    <nd ref="32726"/>
    <nd ref="32727"/>
    <nd ref="32728"/>
    <nd ref="32729"/>
    <nd ref="32730"/>
    <nd ref="32731"/>
    <nd ref="32732"/>
    <nd ref="32733"/>
  </way>
  <way id="32745">
    <nd ref="32734"/>
    <nd ref="32735"/>
    <nd ref="32736"/>
    <nd ref="32737"/>
    <nd ref="32738"/>
    <nd ref="32739"/>
    <nd ref="32740"/>
    <nd ref="32741"/>
    <nd ref="32742"/>
    <nd ref="32743"/>
  </way>
  <way id="32756">
    <nd ref="32748"/>
    <nd ref="32749"/>
    <nd ref="32750"/>
    <nd ref="32751"/>
    <nd ref="32659"/>
  </way>
  <way id="32757">
    <nd ref="32752"/>
    <nd ref="32753"/>
    <nd ref="32754"/>
    <nd ref="32755"/>
    <nd ref="32662"/>
  </way>
  <way id="32770">
    <nd ref="32760"/>
    <nd ref="32761"/>
    <nd ref="32762"/>
    <nd ref="32763"/>
    <nd ref="32764"/>
  </way>
  <way id="32771">
    <nd ref="32765"/>
    <nd ref="32766"/>
    <nd ref="32767"/>
    <nd ref="32768"/>
    <nd ref="32769"/>
  </way>
  <way id="32780">
    <nd ref="32774"/>
    <nd ref="32775"/>
    <nd ref="32776"/>
  </way>
  <way id="32781">
    <nd ref="32777"/>
    <nd ref="32778"/>
    <nd ref="32779"/>
  </way>
  <way id="32816">
    <nd ref="32784"/>
    <nd ref="32785"/>
    <nd ref="32786"/>
    <nd ref="32787"/>
    <nd ref="32788"/>
    <nd ref="32789"/>
    <nd ref="32790"/>
    <nd ref="32791"/>
    <nd ref="32792"/>
    <nd ref="32793"/>
    <nd ref="32794"/>
    <nd ref="32795"/>
    <nd ref="32796"/>
    <nd ref="32797"/>
    <nd ref="32798"/>
    <nd ref="32799"/>
    <nd ref="32733"/>
  </way>
  <way id="32817">
    <nd ref="32800"/>
    <nd ref="32801"/>
    <nd ref="32802"/>
    <nd ref="32803"/>
    <nd ref="32804"/>
    <nd ref="32805"/>
    <nd ref="32806"/>
    <nd ref="32807"/>
    <nd ref="32808"/>
    <nd ref="32809"/>
    <nd ref="32810"/>
    <nd ref="32811"/>
    <nd ref="32812"/>
    <nd ref="32813"/>
    <nd ref="32814"/>
    <nd ref="32815"/>
    <nd ref="32743"/>
  </way>
  <way id="32822">
    <nd ref="32820"/>
    <nd ref="32692"/>
  </way>
  <way id="32823">
    <nd ref="32821"/>
    <nd ref="32699"/>
  </way>
  <way id="32832">
    <nd ref="32826"/>
    <nd ref="32827"/>
    <nd ref="32828"/>
    <nd ref="32621"/>
  </way>
  <way id="32833">
    <nd ref="32829"/>
    <nd ref="32830"/>
    <nd ref="32831"/>
    <nd ref="32638"/>
  </way>
  <way id="32842">
    <nd ref="32836"/>
    <nd ref="32837"/>
    <nd ref="32838"/>
  </way>
  <way id="32843">
    <nd ref="32839"/>
    <nd ref="32840"/>
    <nd ref="32841"/>
  </way>
  <way id="32856">
    <nd ref="32846"/>
    <nd ref="32847"/>
    <nd ref="32848"/>
    <nd ref="32849"/>
    <nd ref="32850"/>
  </way>
  <way id="32857">
    <nd ref="32851"/>
    <nd ref="32852"/>
    <nd ref="32853"/>
    <nd ref="32854"/>
    <nd ref="32855"/>
  </way>
  <way id="32882">
    <nd ref="32860"/>
    <nd ref="32861"/>
    <nd ref="32862"/>
    <nd ref="32863"/>
    <nd ref="32864"/>
    <nd ref="32865"/>
    <nd ref="32866"/>
    <nd ref="32867"/>
    <nd ref="32868"/>
    <nd ref="32869"/>
    <nd ref="32870"/>
  </way>
  <way id="32883">
    <nd ref="32871"/>
    <nd ref="32872"/>
    <nd ref="32873"/>
    <nd ref="32874"/>
    <nd ref="32875"/>
    <nd ref="32876"/>
    <nd ref="32877"/>
    <nd ref="32878"/>
    <nd ref="32879"/>
    <nd ref="32880"/>
    <nd ref="32881"/>
  </way>
  <way id="32896">
    <nd ref="32637"/>
    <nd ref="32886"/>
    <nd ref="32887"/>
    <nd ref="32888"/>
    <nd ref="32889"/>
    <nd ref="32890"/>
  </way>
  <way id="32897">
    <nd ref="32654"/>
    <nd ref="32891"/>
    <nd ref="32892"/>
    <nd ref="32893"/>
    <nd ref="32894"/>
    <nd ref="32895"/>
  </way>
  <way id="32902">
    <nd ref="32838"/>
    <nd ref="32900"/>
  </way>
  <way id="32903">
    <nd ref="32841"/>
    <nd ref="32901"/>
  </way>
  <way id="32914">
    <nd ref="32906"/>
    <nd ref="32907"/>
    <nd ref="32908"/>
    <nd ref="32909"/>
  </way>
  <way id="32915">
    <nd ref="32910"/>
    <nd ref="32911"/>
    <nd ref="32912"/>
    <nd ref="32913"/>
  </way>
  <way id="32964">
    <nd ref="32918"/>
    <nd ref="32919"/>
    <nd ref="32920"/>
    <nd ref="32921"/>
    <nd ref="32922"/>
    <nd ref="32923"/>
    <nd ref="32924"/>
    <nd ref="32925"/>
    <nd ref="32926"/>
    <nd ref="32927"/>
    <nd ref="32928"/>
    <nd ref="32929"/>
    <nd ref="32930"/>
    <nd ref="32931"/>
    <nd ref="32932"/>
    <nd ref="32933"/>
    <nd ref="32934"/>
    <nd ref="32935"/>
    <nd ref="32936"/>
    <nd ref="32937"/>
    <nd ref="32938"/>
    <nd ref="32939"/>
    <nd ref="32940"/>
  </way>
  <way id="32965">
    <nd ref="32941"/>
    <nd ref="32942"/>
    <nd ref="32943"/>
    <nd ref="32944"/>
    <nd ref="32945"/>
    <nd ref="32946"/>
    <nd ref="32947"/>
    <nd ref="32948"/>
    <nd ref="32949"/>
    <nd ref="32950"/>
    <nd ref="32951"/>
    <nd ref="32952"/>
    <nd ref="32953"/>
    <nd ref="32954"/>
    <nd ref="32955"/>
    <nd ref="32956"/>
    <nd ref="32957"/>
    <nd ref="32958"/>
    <nd ref="32959"/>
    <nd ref="32960"/>
    <nd ref="32961"/>
    <nd ref="32962"/>
    <nd ref="32963"/>
  </way>
  <way id="32969">
    <nd ref="32968"/>
    <nd ref="32829"/>
  </way>
  <way id="32996">
    <nd ref="32972"/>
    <nd ref="32973"/>
    <nd ref="32974"/>
    <nd ref="32975"/>
    <nd ref="32976"/>
    <nd ref="32977"/>
    <nd ref="32978"/>
    <nd ref="32979"/>
    <nd ref="32980"/>
    <nd ref="32981"/>
    <nd ref="32982"/>
    <nd ref="32983"/>
  </way>
  <way id="32997">
    <nd ref="32984"/>
    <nd ref="32985"/>
    <nd ref="32986"/>
    <nd ref="32987"/>
    <nd ref="32988"/>
    <nd ref="32989"/>
    <nd ref="32990"/>
    <nd ref="32991"/>
    <nd ref="32992"/>
    <nd ref="32993"/>
    <nd ref="32994"/>
    <nd ref="32995"/>
  </way>
  <way id="33004">
    <nd ref="33000"/>
    <nd ref="33001"/>
    <nd ref="32613"/>
  </way>
  <way id="33005">
    <nd ref="33002"/>
    <nd ref="33003"/>
    <nd ref="32615"/>
  </way>
  <way id="33020">
    <nd ref="33008"/>
    <nd ref="33009"/>
    <nd ref="33010"/>
    <nd ref="33011"/>
    <nd ref="33012"/>
    <nd ref="33013"/>
  </way>
  <way id="33021">
    <nd ref="33014"/>
    <nd ref="33015"/>
    <nd ref="33016"/>
    <nd ref="33017"/>
    <nd ref="33018"/>
    <nd ref="33019"/>
  </way>
  <way id="33028">
    <nd ref="33024"/>
    <nd ref="33025"/>
    <nd ref="32860"/>
  </way>
  <way id="33029">
    <nd ref="33026"/>
    <nd ref="33027"/>
    <nd ref="32871"/>
  </way>
  <way id="33044">
    <nd ref="33032"/>
    <nd ref="33033"/>
    <nd ref="33034"/>
    <nd ref="33035"/>
    <nd ref="33036"/>
    <nd ref="33037"/>
  </way>
  <way id="33045">
    <nd ref="33038"/>
    <nd ref="33039"/>
    <nd ref="33040"/>
    <nd ref="33041"/>
    <nd ref="33042"/>
    <nd ref="33043"/>
  </way>
  <way id="33056">
    <nd ref="32661"/>
    <nd ref="33048"/>
    <nd ref="33049"/>
    <nd ref="33050"/>
    <nd ref="33051"/>
  </way>
  <way id="33057">
    <nd ref="32664"/>
    <nd ref="33052"/>
    <nd ref="33053"/>
    <nd ref="33054"/>
    <nd ref="33055"/>
  </way>
  <way id="33144">
    <nd ref="33060"/>
    <nd ref="33061"/>
    <nd ref="33062"/>
    <nd ref="33063"/>
    <nd ref="33064"/>
    <nd ref="33065"/>
    <nd ref="33066"/>
    <nd ref="33067"/>
    <nd ref="33068"/>
    <nd ref="33069"/>
    <nd ref="33070"/>
    <nd ref="33071"/>
    <nd ref="33072"/>
    <nd ref="33073"/>
    <nd ref="33074"/>
    <nd ref="33075"/>
    <nd ref="33076"/>
    <nd ref="33077"/>
    <nd ref="33078"/>
    <nd ref="33079"/>
    <nd ref="33080"/>
    <nd ref="33081"/>
    <nd ref="33082"/>
    <nd ref="33083"/>
    <nd ref="33084"/>
    <nd ref="33085"/>
    <nd ref="33086"/>
    <nd ref="33087"/>
    <nd ref="33088"/>
    <nd ref="33089"/>
    <nd ref="33090"/>
    <nd ref="33091"/>
    <nd ref="33092"/>
    <nd ref="33093"/>
    <nd ref="33094"/>
    <nd ref="33095"/>
    <nd ref="33096"/>
    <nd ref="33097"/>
    <nd ref="33098"/>
    <nd ref="33099"/>
    <nd ref="33100"/>
    <nd ref="33101"/>
  </way>
  <way id="33145">
    <nd ref="33102"/>
    <nd ref="33103"/>
    <nd ref="33104"/>
    <nd ref="33105"/>
    <nd ref="33106"/>
    <nd ref="33107"/>
    <nd ref="33108"/>
    <nd ref="33109"/>
    <nd ref="33110"/>
    <nd ref="33111"/>
    <nd ref="33112"/>
    <nd ref="33113"/>
    <nd ref="33114"/>
    <nd ref="33115"/>
    <nd ref="33116"/>
    <nd ref="33117"/>
    <nd ref="33118"/>
    <nd ref="33119"/>
    <nd ref="33120"/>
    <nd ref="33121"/>
    <nd ref="33122"/>
    <nd ref="33123"/>
    <nd ref="33124"/>
    <nd ref="33125"/>
    <nd ref="33126"/>
    <nd ref="33127"/>
    <nd ref="33128"/>
    <nd ref="33129"/>
    <nd ref="33130"/>
    <nd ref="33131"/>
    <nd ref="33132"/>
    <nd ref="33133"/>
    <nd ref="33134"/>
    <nd ref="33135"/>
    <nd ref="33136"/>
    <nd ref="33137"/>
    <nd ref="33138"/>
    <nd ref="33139"/>
    <nd ref="33140"/>
    <nd ref="33141"/>
    <nd ref="33142"/>
    <nd ref="33143"/>
  </way>
  <way id="33150">
    <nd ref="33051"/>
    <nd ref="33148"/>
  </way>
  <way id="33151">
    <nd ref="33055"/>
    <nd ref="33149"/>
  </way>
  <way id="33166">
    <nd ref="32681"/>
    <nd ref="33154"/>
    <nd ref="33155"/>
    <nd ref="33156"/>
    <nd ref="33157"/>
    <nd ref="33158"/>
    <nd ref="33159"/>
  </way>
  <way id="33167">
    <nd ref="32686"/>
    <nd ref="33160"/>
    <nd ref="33161"/>
    <nd ref="33162"/>
    <nd ref="33163"/>
    <nd ref="33164"/>
    <nd ref="33165"/>
  </way>
  <way id="33220">
    <nd ref="33170"/>
    <nd ref="33171"/>
    <nd ref="33172"/>
    <nd ref="33173"/>
    <nd ref="33174"/>
    <nd ref="33175"/>
    <nd ref="33176"/>
    <nd ref="33177"/>
    <nd ref="33178"/>
    <nd ref="33179"/>
    <nd ref="33180"/>
    <nd ref="33181"/>
    <nd ref="33182"/>
    <nd ref="33183"/>
    <nd ref="33184"/>
    <nd ref="33185"/>
    <nd ref="33186"/>
    <nd ref="33187"/>
    <nd ref="33188"/>
    <nd ref="33189"/>
    <nd ref="33190"/>
    <nd ref="33191"/>
    <nd ref="33192"/>
    <nd ref="33193"/>
    <nd ref="33194"/>
  </way>
  <way id="33221">
    <nd ref="33195"/>
    <nd ref="33196"/>
    <nd ref="33197"/>
    <nd ref="33198"/>
    <nd ref="33199"/>
    <nd ref="33200"/>
    <nd ref="33201"/>
    <nd ref="33202"/>
    <nd ref="33203"/>
    <nd ref="33204"/>
    <nd ref="33205"/>
    <nd ref="33206"/>
    <nd ref="33207"/>
    <nd ref="33208"/>
    <nd ref="33209"/>
    <nd ref="33210"/>
    <nd ref="33211"/>
    <nd ref="33212"/>
    <nd ref="33213"/>
    <nd ref="33214"/>
    <nd ref="33215"/>
    <nd ref="33216"/>
    <nd ref="33217"/>
    <nd ref="33218"/>
    <nd ref="33219"/>
  </way>
  <way id="33230">
    <nd ref="33224"/>
    <nd ref="33225"/>
    <nd ref="33226"/>
    <nd ref="32918"/>
  </way>
  <way id="33231">
    <nd ref="33227"/>
    <nd ref="33228"/>
    <nd ref="33229"/>
    <nd ref="32941"/>
  </way>
  <way id="33244">
    <nd ref="33234"/>
    <nd ref="33235"/>
    <nd ref="33236"/>
    <nd ref="33237"/>
    <nd ref="33238"/>
    <nd ref="32724"/>
  </way>
  <way id="33245">
    <nd ref="33239"/>
    <nd ref="33240"/>
    <nd ref="33241"/>
    <nd ref="33242"/>
    <nd ref="33243"/>
    <nd ref="32734"/>
  </way>
  <way id="33250">
    <nd ref="32764"/>
    <nd ref="33248"/>
    <nd ref="32906"/>
  </way>
  <way id="33251">
    <nd ref="32769"/>
    <nd ref="33249"/>
    <nd ref="32910"/>
  </way>
  <way id="33260">
    <nd ref="32621"/>
    <nd ref="33254"/>
    <nd ref="33255"/>
    <nd ref="33256"/>
  </way>
  <way id="33261">
    <nd ref="32638"/>
    <nd ref="33257"/>
    <nd ref="33258"/>
    <nd ref="33259"/>
  </way>
  <way id="33267">
    <nd ref="33264"/>
    <nd ref="33265"/>
    <nd ref="33266"/>
  </way>
  <way id="33294">
    <nd ref="33270"/>
    <nd ref="33271"/>
    <nd ref="33272"/>
    <nd ref="33273"/>
    <nd ref="33274"/>
    <nd ref="33275"/>
    <nd ref="33276"/>
    <nd ref="33277"/>
    <nd ref="33278"/>
    <nd ref="33279"/>
    <nd ref="33280"/>
    <nd ref="33281"/>
    <nd ref="33060"/>
  </way>
  <way id="33295">
    <nd ref="33282"/>
    <nd ref="33283"/>
    <nd ref="33284"/>
    <nd ref="33285"/>
    <nd ref="33286"/>
    <nd ref="33287"/>
    <nd ref="33288"/>
    <nd ref="33289"/>
    <nd ref="33290"/>
    <nd ref="33291"/>
    <nd ref="33292"/>
    <nd ref="33293"/>
    <nd ref="33102"/>
  </way>
  <way id="33300">
    <nd ref="32691"/>
    <nd ref="33298"/>
    <nd ref="32670"/>
  </way>
  <way id="33301">
    <nd ref="32700"/>
    <nd ref="33299"/>
    <nd ref="32968"/>
  </way>
  <way id="33346">
    <nd ref="32890"/>
    <nd ref="33304"/>
    <nd ref="33305"/>
    <nd ref="33306"/>
    <nd ref="33307"/>
    <nd ref="33308"/>
    <nd ref="33309"/>
    <nd ref="33310"/>
    <nd ref="33311"/>
    <nd ref="33312"/>
    <nd ref="33313"/>
    <nd ref="33314"/>
    <nd ref="33315"/>
    <nd ref="33316"/>
    <nd ref="33317"/>
    <nd ref="33318"/>
    <nd ref="33319"/>
    <nd ref="33320"/>
    <nd ref="33321"/>
    <nd ref="33322"/>
    <nd ref="33323"/>
    <nd ref="33324"/>
  </way>
  <way id="33347">
    <nd ref="32895"/>
    <nd ref="33325"/>
    <nd ref="33326"/>
    <nd ref="33327"/>
    <nd ref="33328"/>
    <nd ref="33329"/>
    <nd ref="33330"/>
    <nd ref="33331"/>
    <nd ref="33332"/>
    <nd ref="33333"/>
    <nd ref="33334"/>
    <nd ref="33335"/>
    <nd ref="33336"/>
    <nd ref="33337"/>
    <nd ref="33338"/>
    <nd ref="33339"/>
    <nd ref="33340"/>
    <nd ref="33341"/>
    <nd ref="33342"/>
    <nd ref="33343"/>
    <nd ref="33344"/>
    <nd ref="33345"/>
  </way>
  <way id="33354">
    <nd ref="33350"/>
    <nd ref="33351"/>
  </way>
  <way id="33355">
    <nd ref="33352"/>
    <nd ref="33353"/>
  </way>
  <way id="33364">
    <nd ref="33358"/>
    <nd ref="33359"/>
    <nd ref="33360"/>
  </way>
  <way id="33365">
    <nd ref="33361"/>
    <nd ref="33362"/>
    <nd ref="33363"/>
  </way>
  <way id="33372">
    <nd ref="32776"/>
    <nd ref="33368"/>
    <nd ref="33369"/>
  </way>
  <way id="33373">
    <nd ref="32779"/>
    <nd ref="33370"/>
    <nd ref="33371"/>
  </way>
  <way id="33380">
    <nd ref="33376"/>
    <nd ref="33377"/>
    <nd ref="32774"/>
  </way>
  <way id="33381">
    <nd ref="33378"/>
    <nd ref="33379"/>
    <nd ref="32777"/>
  </way>
  <way id="33388">
    <nd ref="33360"/>
    <nd ref="33384"/>
    <nd ref="33385"/>
  </way>
  <way id="33389">
    <nd ref="33363"/>
    <nd ref="33386"/>
    <nd ref="33387"/>
  </way>
  <way id="33428">
    <nd ref="33392"/>
    <nd ref="33393"/>
    <nd ref="33394"/>
    <nd ref="33395"/>
    <nd ref="33396"/>
    <nd ref="33397"/>
    <nd ref="33398"/>
    <nd ref="33399"/>
    <nd ref="33400"/>
    <nd ref="33401"/>
    <nd ref="33402"/>
    <nd ref="33403"/>
    <nd ref="33404"/>
    <nd ref="33405"/>
    <nd ref="33406"/>
    <nd ref="33407"/>
    <nd ref="33408"/>
    <nd ref="33409"/>
  </way>
  <way id="33429">
    <nd ref="33410"/>
    <nd ref="33411"/>
    <nd ref="33412"/>
    <nd ref="33413"/>
    <nd ref="33414"/>
    <nd ref="33415"/>
    <nd ref="33416"/>
    <nd ref="33417"/>
    <nd ref="33418"/>
    <nd ref="33419"/>
    <nd ref="33420"/>
    <nd ref="33421"/>
    <nd ref="33422"/>
    <nd ref="33423"/>
    <nd ref="33424"/>
    <nd ref="33425"/>
    <nd ref="33426"/>
    <nd ref="33427"/>
  </way>
  <way id="33440">
    <nd ref="33432"/>
    <nd ref="33433"/>
    <nd ref="33434"/>
    <nd ref="33435"/>
    <nd ref="32972"/>
  </way>
  <way id="33441">
    <nd ref="33436"/>
    <nd ref="33437"/>
    <nd ref="33438"/>
    <nd ref="33439"/>
    <nd ref="32984"/>
  </way>
  <way id="33480">
    <nd ref="33256"/>
    <nd ref="33444"/>
    <nd ref="33445"/>
    <nd ref="33446"/>
    <nd ref="33447"/>
    <nd ref="33448"/>
    <nd ref="33449"/>
    <nd ref="33450"/>
    <nd ref="33451"/>
    <nd ref="33452"/>
    <nd ref="33453"/>
    <nd ref="33454"/>
    <nd ref="33455"/>
    <nd ref="33456"/>
    <nd ref="33457"/>
    <nd ref="33458"/>
    <nd ref="33459"/>
    <nd ref="33460"/>
    <nd ref="33461"/>
  </way>
  <way id="33481">
    <nd ref="33259"/>
    <nd ref="33462"/>
    <nd ref="33463"/>
    <nd ref="33464"/>
    <nd ref="33465"/>
    <nd ref="33466"/>
    <nd ref="33467"/>
    <nd ref="33468"/>
    <nd ref="33469"/>
    <nd ref="33470"/>
    <nd ref="33471"/>
    <nd ref="33472"/>
    <nd ref="33473"/>
    <nd ref="33474"/>
    <nd ref="33475"/>
    <nd ref="33476"/>
    <nd ref="33477"/>
    <nd ref="33478"/>
    <nd ref="33479"/>
  </way>
  <way id="33492">
    <nd ref="33194"/>
    <nd ref="33484"/>
    <nd ref="33485"/>
    <nd ref="33486"/>
    <nd ref="33487"/>
  </way>
  <way id="33493">
    <nd ref="33219"/>
    <nd ref="33488"/>
    <nd ref="33489"/>
    <nd ref="33490"/>
    <nd ref="33491"/>
  </way>
  <way id="33504">
    <nd ref="33496"/>
    <nd ref="33497"/>
    <nd ref="33498"/>
    <nd ref="33499"/>
    <nd ref="32940"/>
  </way>
  <way id="33505">
    <nd ref="33500"/>
    <nd ref="33501"/>
    <nd ref="33502"/>
    <nd ref="33503"/>
    <nd ref="32963"/>
  </way>
  <way id="33518">
    <nd ref="33369"/>
    <nd ref="33508"/>
    <nd ref="33509"/>
    <nd ref="33510"/>
    <nd ref="33511"/>
    <nd ref="33512"/>
    <nd ref="33270"/>
  </way>
  <way id="33519">
    <nd ref="33371"/>
    <nd ref="33513"/>
    <nd ref="33514"/>
    <nd ref="33515"/>
    <nd ref="33516"/>
    <nd ref="33517"/>
    <nd ref="33282"/>
  </way>
  <way id="33528">
    <nd ref="33522"/>
    <nd ref="33523"/>
    <nd ref="33524"/>
  </way>
  <way id="33529">
    <nd ref="33525"/>
    <nd ref="33526"/>
    <nd ref="33527"/>
  </way>
  <way id="33534">
    <nd ref="33532"/>
    <nd ref="33533"/>
  </way>
  <way id="33543">
    <nd ref="33537"/>
    <nd ref="33538"/>
    <nd ref="33539"/>
    <nd ref="33224"/>
  </way>
  <way id="33544">
    <nd ref="33540"/>
    <nd ref="33541"/>
    <nd ref="33542"/>
    <nd ref="33227"/>
  </way>
  <way id="33563">
    <nd ref="33547"/>
    <nd ref="33548"/>
    <nd ref="33549"/>
    <nd ref="33550"/>
    <nd ref="33551"/>
    <nd ref="33552"/>
    <nd ref="33553"/>
    <nd ref="33554"/>
    <nd ref="32846"/>
  </way>
  <way id="33564">
    <nd ref="33555"/>
    <nd ref="33556"/>
    <nd ref="33557"/>
    <nd ref="33558"/>
    <nd ref="33559"/>
    <nd ref="33560"/>
    <nd ref="33561"/>
    <nd ref="33562"/>
    <nd ref="32851"/>
  </way>
  <way id="33573">
    <nd ref="33487"/>
    <nd ref="33567"/>
    <nd ref="33568"/>
    <nd ref="33569"/>
  </way>
  <way id="33574">
    <nd ref="33491"/>
    <nd ref="33570"/>
    <nd ref="33571"/>
    <nd ref="33572"/>
  </way>
  <way id="33577">
    <nd ref="33572"/>
    <nd ref="33264"/>
  </way>
  <way id="33582">
    <nd ref="33580"/>
    <nd ref="33351"/>
  </way>
  <way id="33583">
    <nd ref="33581"/>
    <nd ref="33532"/>
  </way>
  <way id="33588">
    <nd ref="33051"/>
    <nd ref="33586"/>
  </way>
  <way id="33589">
    <nd ref="33055"/>
    <nd ref="33587"/>
  </way>
  <way id="33596">
    <nd ref="33224"/>
    <nd ref="33592"/>
    <nd ref="33593"/>
    <nd ref="33170"/>
  </way>
  <way id="33597">
    <nd ref="33227"/>
    <nd ref="33594"/>
    <nd ref="33595"/>
    <nd ref="33195"/>
  </way>
  <way id="33600">
    <nd ref="33586"/>
    <nd ref="33392"/>
  </way>
  <way id="33601">
    <nd ref="33587"/>
    <nd ref="33410"/>
  </way>
  <way id="33604">
    <nd ref="33353"/>
    <nd ref="33427"/>
  </way>
  <way id="33609">
    <nd ref="33159"/>
    <nd ref="33607"/>
  </way>
  <way id="33610">
    <nd ref="33165"/>
    <nd ref="33608"/>
  </way>
  <way id="33659">
    <nd ref="33613"/>
    <nd ref="33614"/>
    <nd ref="33615"/>
    <nd ref="33616"/>
    <nd ref="33617"/>
    <nd ref="33618"/>
    <nd ref="33619"/>
    <nd ref="33620"/>
    <nd ref="33621"/>
    <nd ref="33622"/>
    <nd ref="33623"/>
    <nd ref="33624"/>
    <nd ref="33625"/>
    <nd ref="33626"/>
    <nd ref="33627"/>
    <nd ref="33628"/>
    <nd ref="33629"/>
    <nd ref="33630"/>
    <nd ref="33631"/>
    <nd ref="33632"/>
    <nd ref="33633"/>
    <nd ref="33634"/>
    <nd ref="33635"/>
  </way>
  <way id="33660">
    <nd ref="33636"/>
    <nd ref="33637"/>
    <nd ref="33638"/>
    <nd ref="33639"/>
    <nd ref="33640"/>
    <nd ref="33641"/>
    <nd ref="33642"/>
    <nd ref="33643"/>
    <nd ref="33644"/>
    <nd ref="33645"/>
    <nd ref="33646"/>
    <nd ref="33647"/>
    <nd ref="33648"/>
    <nd ref="33649"/>
    <nd ref="33650"/>
    <nd ref="33651"/>
    <nd ref="33652"/>
    <nd ref="33653"/>
    <nd ref="33654"/>
    <nd ref="33655"/>
    <nd ref="33656"/>
    <nd ref="33657"/>
    <nd ref="33658"/>
  </way>
  <way id="33691">
    <nd ref="33663"/>
    <nd ref="33664"/>
    <nd ref="33665"/>
    <nd ref="33666"/>
    <nd ref="33667"/>
    <nd ref="33668"/>
    <nd ref="33669"/>
    <nd ref="33670"/>
    <nd ref="33671"/>
    <nd ref="33672"/>
    <nd ref="33673"/>
    <nd ref="33674"/>
    <nd ref="33675"/>
    <nd ref="33676"/>
  </way>
  <way id="33692">
    <nd ref="33677"/>
    <nd ref="33678"/>
    <nd ref="33679"/>
    <nd ref="33680"/>
    <nd ref="33681"/>
    <nd ref="33682"/>
    <nd ref="33683"/>
    <nd ref="33684"/>
    <nd ref="33685"/>
    <nd ref="33686"/>
    <nd ref="33687"/>
    <nd ref="33688"/>
    <nd ref="33689"/>
    <nd ref="33690"/>
  </way>
  <way id="33703">
    <nd ref="33695"/>
    <nd ref="33696"/>
    <nd ref="33697"/>
    <nd ref="33698"/>
    <nd ref="32820"/>
  </way>
  <way id="33704">
    <nd ref="33699"/>
    <nd ref="33700"/>
    <nd ref="33701"/>
    <nd ref="33702"/>
    <nd ref="32821"/>
  </way>
  <way id="33727">
    <nd ref="33676"/>
    <nd ref="33707"/>
    <nd ref="33708"/>
    <nd ref="33709"/>
    <nd ref="33710"/>
    <nd ref="33711"/>
    <nd ref="33712"/>
    <nd ref="33713"/>
    <nd ref="33714"/>
    <nd ref="33715"/>
    <nd ref="33716"/>
  </way>
  <way id="33728">
    <nd ref="33690"/>
    <nd ref="33717"/>
    <nd ref="33718"/>
    <nd ref="33719"/>
    <nd ref="33720"/>
    <nd ref="33721"/>
    <nd ref="33722"/>
    <nd ref="33723"/>
    <nd ref="33724"/>
    <nd ref="33725"/>
    <nd ref="33726"/>
  </way>
  <way id="33737">
    <nd ref="33635"/>
    <nd ref="33731"/>
    <nd ref="33732"/>
    <nd ref="33733"/>
  </way>
  <way id="33738">
    <nd ref="33658"/>
    <nd ref="33734"/>
    <nd ref="33735"/>
    <nd ref="33736"/>
  </way>
  <way id="33773">
    <nd ref="33741"/>
    <nd ref="33742"/>
    <nd ref="33743"/>
    <nd ref="33744"/>
    <nd ref="33745"/>
    <nd ref="33746"/>
    <nd ref="33747"/>
    <nd ref="33748"/>
    <nd ref="33749"/>
    <nd ref="33750"/>
    <nd ref="33751"/>
    <nd ref="33752"/>
    <nd ref="33753"/>
    <nd ref="33754"/>
    <nd ref="33755"/>
    <nd ref="33756"/>
    <nd ref="32748"/>
  </way>
  <way id="33774">
    <nd ref="33757"/>
    <nd ref="33758"/>
    <nd ref="33759"/>
    <nd ref="33760"/>
    <nd ref="33761"/>
    <nd ref="33762"/>
    <nd ref="33763"/>
    <nd ref="33764"/>
    <nd ref="33765"/>
    <nd ref="33766"/>
    <nd ref="33767"/>
    <nd ref="33768"/>
    <nd ref="33769"/>
    <nd ref="33770"/>
    <nd ref="33771"/>
    <nd ref="33772"/>
    <nd ref="32752"/>
  </way>
  <way id="33807">
    <nd ref="33148"/>
    <nd ref="33777"/>
    <nd ref="33778"/>
    <nd ref="33779"/>
    <nd ref="33780"/>
    <nd ref="33781"/>
    <nd ref="33782"/>
    <nd ref="33783"/>
    <nd ref="33784"/>
    <nd ref="33785"/>
    <nd ref="33786"/>
    <nd ref="33787"/>
    <nd ref="33788"/>
    <nd ref="33789"/>
    <nd ref="33790"/>
    <nd ref="33791"/>
    <nd ref="33000"/>
  </way>
  <way id="33808">
    <nd ref="33149"/>
    <nd ref="33792"/>
    <nd ref="33793"/>
    <nd ref="33794"/>
    <nd ref="33795"/>
    <nd ref="33796"/>
    <nd ref="33797"/>
    <nd ref="33798"/>
    <nd ref="33799"/>
    <nd ref="33800"/>
    <nd ref="33801"/>
    <nd ref="33802"/>
    <nd ref="33803"/>
    <nd ref="33804"/>
    <nd ref="33805"/>
    <nd ref="33806"/>
    <nd ref="33002"/>
  </way>
  <way id="33819">
    <nd ref="33811"/>
    <nd ref="33812"/>
    <nd ref="33813"/>
    <nd ref="33814"/>
  </way>
  <way id="33820">
    <nd ref="33815"/>
    <nd ref="33816"/>
    <nd ref="33817"/>
    <nd ref="33818"/>
  </way>
  <way id="33823">
    <nd ref="33385"/>
    <nd ref="33811"/>
  </way>
  <way id="33824">
    <nd ref="33387"/>
    <nd ref="33815"/>
  </way>
  <way id="33837">
    <nd ref="33827"/>
    <nd ref="33828"/>
    <nd ref="33829"/>
    <nd ref="33830"/>
    <nd ref="33831"/>
    <nd ref="32784"/>
  </way>
  <way id="33838">
    <nd ref="33832"/>
    <nd ref="33833"/>
    <nd ref="33834"/>
    <nd ref="33835"/>
    <nd ref="33836"/>
    <nd ref="32800"/>
  </way>
  <way id="33841">
    <nd ref="33324"/>
    <nd ref="33547"/>
  </way>
  <way id="33842">
    <nd ref="33345"/>
    <nd ref="33555"/>
  </way>
  <way id="33849">
    <nd ref="32983"/>
    <nd ref="33845"/>
    <nd ref="33846"/>
    <nd ref="33613"/>
  </way>
  <way id="33850">
    <nd ref="32995"/>
    <nd ref="33847"/>
    <nd ref="33848"/>
    <nd ref="33636"/>
  </way>
  <way id="33857">
    <nd ref="33853"/>
    <nd ref="33854"/>
    <nd ref="33580"/>
  </way>
  <way id="33858">
    <nd ref="33855"/>
    <nd ref="33856"/>
    <nd ref="33581"/>
  </way>
  <way id="33863">
    <nd ref="33861"/>
    <nd ref="32836"/>
  </way>
  <way id="33864">
    <nd ref="33862"/>
    <nd ref="32839"/>
  </way>
  <way id="33869">
    <nd ref="32940"/>
    <nd ref="33867"/>
    <nd ref="33032"/>
  </way>
  <way id="33870">
    <nd ref="32963"/>
    <nd ref="33868"/>
    <nd ref="33038"/>
  </way>
  <way id="33883">
    <nd ref="33524"/>
    <nd ref="33873"/>
    <nd ref="33874"/>
    <nd ref="33875"/>
    <nd ref="33876"/>
    <nd ref="33877"/>
  </way>
  <way id="33884">
    <nd ref="33527"/>
    <nd ref="33878"/>
    <nd ref="33879"/>
    <nd ref="33880"/>
    <nd ref="33881"/>
    <nd ref="33882"/>
  </way>
  <way id="33901">
    <nd ref="33887"/>
    <nd ref="33888"/>
    <nd ref="33889"/>
    <nd ref="33890"/>
    <nd ref="33891"/>
    <nd ref="33892"/>
    <nd ref="33893"/>
  </way>
  <way id="33902">
    <nd ref="33894"/>
    <nd ref="33895"/>
    <nd ref="33896"/>
    <nd ref="33897"/>
    <nd ref="33898"/>
    <nd ref="33899"/>
    <nd ref="33900"/>
  </way>
  <way id="33915">
    <nd ref="33905"/>
    <nd ref="33906"/>
    <nd ref="33907"/>
    <nd ref="33908"/>
    <nd ref="33909"/>
  </way>
  <way id="33916">
    <nd ref="33910"/>
    <nd ref="33911"/>
    <nd ref="33912"/>
    <nd ref="33913"/>
    <nd ref="33914"/>
  </way>
  <way id="33935">
    <nd ref="32870"/>
    <nd ref="33919"/>
    <nd ref="33920"/>
    <nd ref="33921"/>
    <nd ref="33922"/>
    <nd ref="33923"/>
    <nd ref="33924"/>
    <nd ref="33925"/>
    <nd ref="33926"/>
    <nd ref="33663"/>
  </way>
  <way id="33936">
    <nd ref="32881"/>
    <nd ref="33927"/>
    <nd ref="33928"/>
    <nd ref="33929"/>
    <nd ref="33930"/>
    <nd ref="33931"/>
    <nd ref="33932"/>
    <nd ref="33933"/>
    <nd ref="33934"/>
    <nd ref="33677"/>
  </way>
  <way id="33947">
    <nd ref="32706"/>
    <nd ref="33939"/>
    <nd ref="33940"/>
    <nd ref="33941"/>
    <nd ref="33942"/>
    <nd ref="33432"/>
  </way>
  <way id="33948">
    <nd ref="32709"/>
    <nd ref="33943"/>
    <nd ref="33944"/>
    <nd ref="33945"/>
    <nd ref="33946"/>
    <nd ref="33436"/>
  </way>
  <way id="33951">
    <nd ref="33814"/>
    <nd ref="33376"/>
  </way>
  <way id="33952">
    <nd ref="33818"/>
    <nd ref="33378"/>
  </way>
  <way id="33959">
    <nd ref="33877"/>
    <nd ref="33955"/>
    <nd ref="33956"/>
  </way>
  <way id="33960">
    <nd ref="33882"/>
    <nd ref="33957"/>
    <nd ref="33958"/>
  </way>
  <way id="33963">
    <nd ref="32909"/>
    <nd ref="33887"/>
  </way>
  <way id="33964">
    <nd ref="32913"/>
    <nd ref="33894"/>
  </way>
  <way id="33993">
    <nd ref="33461"/>
    <nd ref="33967"/>
    <nd ref="33968"/>
    <nd ref="33969"/>
    <nd ref="33970"/>
    <nd ref="33971"/>
    <nd ref="33972"/>
    <nd ref="33973"/>
    <nd ref="33974"/>
    <nd ref="33975"/>
    <nd ref="33976"/>
    <nd ref="33977"/>
    <nd ref="33978"/>
    <nd ref="33979"/>
    <nd ref="33024"/>
  </way>
  <way id="33994">
    <nd ref="33479"/>
    <nd ref="33980"/>
    <nd ref="33981"/>
    <nd ref="33982"/>
    <nd ref="33983"/>
    <nd ref="33984"/>
    <nd ref="33985"/>
    <nd ref="33986"/>
    <nd ref="33987"/>
    <nd ref="33988"/>
    <nd ref="33989"/>
    <nd ref="33990"/>
    <nd ref="33991"/>
    <nd ref="33992"/>
    <nd ref="33026"/>
  </way>
  <way id="34029">
    <nd ref="33324"/>
    <nd ref="33997"/>
    <nd ref="33998"/>
    <nd ref="33999"/>
    <nd ref="34000"/>
    <nd ref="34001"/>
    <nd ref="34002"/>
    <nd ref="34003"/>
    <nd ref="34004"/>
    <nd ref="34005"/>
    <nd ref="34006"/>
    <nd ref="34007"/>
    <nd ref="34008"/>
    <nd ref="34009"/>
    <nd ref="34010"/>
    <nd ref="34011"/>
    <nd ref="34012"/>
    <nd ref="33905"/>
  </way>
  <way id="34030">
    <nd ref="33345"/>
    <nd ref="34013"/>
    <nd ref="34014"/>
    <nd ref="34015"/>
    <nd ref="34016"/>
    <nd ref="34017"/>
    <nd ref="34018"/>
    <nd ref="34019"/>
    <nd ref="34020"/>
    <nd ref="34021"/>
    <nd ref="34022"/>
    <nd ref="34023"/>
    <nd ref="34024"/>
    <nd ref="34025"/>
    <nd ref="34026"/>
    <nd ref="34027"/>
    <nd ref="34028"/>
    <nd ref="33910"/>
  </way>
  <way id="34033">
    <nd ref="33350"/>
    <nd ref="33000"/>
  </way>
  <way id="34034">
    <nd ref="33533"/>
    <nd ref="33002"/>
  </way>
  <way id="34073">
    <nd ref="32820"/>
    <nd ref="34037"/>
    <nd ref="34038"/>
    <nd ref="34039"/>
    <nd ref="34040"/>
    <nd ref="34041"/>
    <nd ref="34042"/>
    <nd ref="34043"/>
    <nd ref="34044"/>
    <nd ref="34045"/>
    <nd ref="34046"/>
    <nd ref="34047"/>
    <nd ref="34048"/>
    <nd ref="34049"/>
    <nd ref="34050"/>
    <nd ref="34051"/>
    <nd ref="34052"/>
    <nd ref="34053"/>
    <nd ref="34054"/>
  </way>
  <way id="34074">
    <nd ref="32821"/>
    <nd ref="34055"/>
    <nd ref="34056"/>
    <nd ref="34057"/>
    <nd ref="34058"/>
    <nd ref="34059"/>
    <nd ref="34060"/>
    <nd ref="34061"/>
    <nd ref="34062"/>
    <nd ref="34063"/>
    <nd ref="34064"/>
    <nd ref="34065"/>
    <nd ref="34066"/>
    <nd ref="34067"/>
    <nd ref="34068"/>
    <nd ref="34069"/>
    <nd ref="34070"/>
    <nd ref="34071"/>
    <nd ref="34072"/>
  </way>
  <way id="34077">
    <nd ref="32850"/>
    <nd ref="33008"/>
  </way>
  <way id="34078">
    <nd ref="32855"/>
    <nd ref="33014"/>
  </way>
  <way id="34082">
    <nd ref="33427"/>
    <nd ref="34081"/>
    <nd ref="33699"/>
  </way>
  <way id="34086">
    <nd ref="32672"/>
    <nd ref="34085"/>
    <nd ref="32693"/>
  </way>
  <way id="34093">
    <nd ref="32614"/>
    <nd ref="34089"/>
    <nd ref="34090"/>
    <nd ref="33487"/>
  </way>
  <way id="34094">
    <nd ref="32616"/>
    <nd ref="34091"/>
    <nd ref="34092"/>
    <nd ref="33491"/>
  </way>
  <way id="34127">
    <nd ref="32669"/>
    <nd ref="34097"/>
    <nd ref="34098"/>
    <nd ref="34099"/>
    <nd ref="34100"/>
    <nd ref="34101"/>
    <nd ref="34102"/>
    <nd ref="34103"/>
    <nd ref="34104"/>
    <nd ref="34105"/>
    <nd ref="34106"/>
    <nd ref="34107"/>
    <nd ref="34108"/>
    <nd ref="34109"/>
    <nd ref="34110"/>
    <nd ref="34111"/>
    <nd ref="34054"/>
  </way>
  <way id="34128">
    <nd ref="32671"/>
    <nd ref="34112"/>
    <nd ref="34113"/>
    <nd ref="34114"/>
    <nd ref="34115"/>
    <nd ref="34116"/>
    <nd ref="34117"/>
    <nd ref="34118"/>
    <nd ref="34119"/>
    <nd ref="34120"/>
    <nd ref="34121"/>
    <nd ref="34122"/>
    <nd ref="34123"/>
    <nd ref="34124"/>
    <nd ref="34125"/>
    <nd ref="34126"/>
    <nd ref="34072"/>
  </way>
  <way id="34131">
    <nd ref="33266"/>
    <nd ref="32717"/>
  </way>
  <way id="34142">
    <nd ref="34134"/>
    <nd ref="34135"/>
    <nd ref="34136"/>
    <nd ref="34137"/>
    <nd ref="33537"/>
  </way>
  <way id="34143">
    <nd ref="34138"/>
    <nd ref="34139"/>
    <nd ref="34140"/>
    <nd ref="34141"/>
    <nd ref="33540"/>
  </way>
  <way id="34152">
    <nd ref="33013"/>
    <nd ref="34146"/>
    <nd ref="34147"/>
    <nd ref="34148"/>
    <nd ref="33741"/>
  </way>
  <way id="34153">
    <nd ref="33019"/>
    <nd ref="34149"/>
    <nd ref="34150"/>
    <nd ref="34151"/>
    <nd ref="33757"/>
  </way>
  <way id="34158">
    <nd ref="32743"/>
    <nd ref="34156"/>
    <nd ref="34157"/>
    <nd ref="33862"/>
  </way>
  <way id="34161">
    <nd ref="33043"/>
    <nd ref="33352"/>
  </way>
  <way id="34170">
    <nd ref="33893"/>
    <nd ref="34164"/>
    <nd ref="34165"/>
    <nd ref="34166"/>
    <nd ref="32704"/>
  </way>
  <way id="34171">
    <nd ref="33900"/>
    <nd ref="34167"/>
    <nd ref="34168"/>
    <nd ref="34169"/>
    <nd ref="32707"/>
  </way>
  <way id="34178">
    <nd ref="34174"/>
    <nd ref="34175"/>
    <nd ref="34176"/>
    <nd ref="34177"/>
    <nd ref="33855"/>
  </way>
  <way id="34217">
    <nd ref="34181"/>
    <nd ref="34182"/>
    <nd ref="34183"/>
    <nd ref="34184"/>
    <nd ref="34185"/>
    <nd ref="34186"/>
    <nd ref="34187"/>
    <nd ref="34188"/>
    <nd ref="34189"/>
    <nd ref="34190"/>
    <nd ref="34191"/>
    <nd ref="34192"/>
    <nd ref="34193"/>
    <nd ref="34194"/>
    <nd ref="34195"/>
    <nd ref="34196"/>
    <nd ref="34197"/>
    <nd ref="34198"/>
    <nd ref="32846"/>
  </way>
  <way id="34218">
    <nd ref="34199"/>
    <nd ref="34200"/>
    <nd ref="34201"/>
    <nd ref="34202"/>
    <nd ref="34203"/>
    <nd ref="34204"/>
    <nd ref="34205"/>
    <nd ref="34206"/>
    <nd ref="34207"/>
    <nd ref="34208"/>
    <nd ref="34209"/>
    <nd ref="34210"/>
    <nd ref="34211"/>
    <nd ref="34212"/>
    <nd ref="34213"/>
    <nd ref="34214"/>
    <nd ref="34215"/>
    <nd ref="34216"/>
    <nd ref="32851"/>
  </way>
  <way id="34229">
    <nd ref="33101"/>
    <nd ref="34221"/>
    <nd ref="34222"/>
    <nd ref="34223"/>
    <nd ref="34224"/>
    <nd ref="34134"/>
  </way>
  <way id="34230">
    <nd ref="33143"/>
    <nd ref="34225"/>
    <nd ref="34226"/>
    <nd ref="34227"/>
    <nd ref="34228"/>
    <nd ref="34138"/>
  </way>
  <way id="34237">
    <nd ref="34233"/>
    <nd ref="34234"/>
    <nd ref="33234"/>
  </way>
  <way id="34238">
    <nd ref="34235"/>
    <nd ref="34236"/>
    <nd ref="33239"/>
  </way>
  <way id="34245">
    <nd ref="33013"/>
    <nd ref="34241"/>
    <nd ref="34242"/>
    <nd ref="33358"/>
  </way>
  <way id="34246">
    <nd ref="33019"/>
    <nd ref="34243"/>
    <nd ref="34244"/>
    <nd ref="33361"/>
  </way>
  <way id="34264">
    <nd ref="33914"/>
    <nd ref="34249"/>
    <nd ref="34250"/>
    <nd ref="34251"/>
    <nd ref="34252"/>
    <nd ref="34253"/>
    <nd ref="34254"/>
    <nd ref="34255"/>
    <nd ref="34256"/>
    <nd ref="34257"/>
    <nd ref="34258"/>
    <nd ref="34259"/>
    <nd ref="34260"/>
    <nd ref="34261"/>
    <nd ref="34262"/>
    <nd ref="34263"/>
    <nd ref="32829"/>
  </way>
  <way id="34271">
    <nd ref="33733"/>
    <nd ref="34267"/>
    <nd ref="34268"/>
    <nd ref="33827"/>
  </way>
  <way id="34272">
    <nd ref="33736"/>
    <nd ref="34269"/>
    <nd ref="34270"/>
    <nd ref="33832"/>
  </way>
  <way id="34281">
    <nd ref="33716"/>
    <nd ref="34275"/>
    <nd ref="34276"/>
    <nd ref="34277"/>
    <nd ref="33522"/>
  </way>
  <way id="34282">
    <nd ref="33726"/>
    <nd ref="34278"/>
    <nd ref="34279"/>
    <nd ref="34280"/>
    <nd ref="33525"/>
  </way>
  <way id="34327">
    <nd ref="32784"/>
    <nd ref="34285"/>
    <nd ref="34286"/>
    <nd ref="34287"/>
    <nd ref="34288"/>
    <nd ref="34289"/>
    <nd ref="34290"/>
    <nd ref="34291"/>
    <nd ref="34292"/>
    <nd ref="34293"/>
    <nd ref="34294"/>
    <nd ref="34295"/>
    <nd ref="34296"/>
    <nd ref="34297"/>
    <nd ref="34298"/>
    <nd ref="34299"/>
    <nd ref="34300"/>
    <nd ref="34301"/>
    <nd ref="34302"/>
    <nd ref="34303"/>
    <nd ref="34304"/>
    <nd ref="34305"/>
    <nd ref="32681"/>
  </way>
  <way id="34328">
    <nd ref="32800"/>
    <nd ref="34306"/>
    <nd ref="34307"/>
    <nd ref="34308"/>
    <nd ref="34309"/>
    <nd ref="34310"/>
    <nd ref="34311"/>
    <nd ref="34312"/>
    <nd ref="34313"/>
    <nd ref="34314"/>
    <nd ref="34315"/>
    <nd ref="34316"/>
    <nd ref="34317"/>
    <nd ref="34318"/>
    <nd ref="34319"/>
    <nd ref="34320"/>
    <nd ref="34321"/>
    <nd ref="34322"/>
    <nd ref="34323"/>
    <nd ref="34324"/>
    <nd ref="34325"/>
    <nd ref="34326"/>
    <nd ref="32686"/>
  </way>
  <way id="34348">
    <nd ref="33914"/>
    <nd ref="34331"/>
    <nd ref="34332"/>
    <nd ref="34333"/>
    <nd ref="34334"/>
    <nd ref="34335"/>
    <nd ref="34336"/>
    <nd ref="34337"/>
    <nd ref="34338"/>
    <nd ref="34339"/>
    <nd ref="34340"/>
    <nd ref="34341"/>
    <nd ref="34342"/>
    <nd ref="34343"/>
    <nd ref="34344"/>
    <nd ref="34345"/>
    <nd ref="34346"/>
    <nd ref="34347"/>
    <nd ref="34174"/>
  </way>
  <way id="34353">
    <nd ref="32692"/>
    <nd ref="34351"/>
    <nd ref="32820"/>
  </way>
  <way id="34354">
    <nd ref="32694"/>
    <nd ref="34352"/>
    <nd ref="34174"/>
  </way>
  <way id="34360">
    <nd ref="34072"/>
    <nd ref="34357"/>
    <nd ref="34358"/>
    <nd ref="34359"/>
    <nd ref="34199"/>
  </way>
  <way id="34367">
    <nd ref="33956"/>
    <nd ref="34363"/>
    <nd ref="34364"/>
    <nd ref="32760"/>
  </way>
  <way id="34368">
    <nd ref="33958"/>
    <nd ref="34365"/>
    <nd ref="34366"/>
    <nd ref="32765"/>
  </way>
  <way id="34374">
    <nd ref="34371"/>
    <nd ref="34372"/>
    <nd ref="34373"/>
    <nd ref="32671"/>
  </way>
  <way id="34383">
    <nd ref="32900"/>
    <nd ref="34377"/>
    <nd ref="34378"/>
    <nd ref="34379"/>
    <nd ref="33496"/>
  </way>
  <way id="34384">
    <nd ref="32901"/>
    <nd ref="34380"/>
    <nd ref="34381"/>
    <nd ref="34382"/>
    <nd ref="33500"/>
  </way>
  <way id="34389">
    <nd ref="34387"/>
    <nd ref="34388"/>
    <tag k="type" v="traffic_sign"/>
    <tag k="subtype" v="de274"/>
    <tag k="virtual" v="True"/>
  </way>
  <way id="34441">
    <nd ref="34439"/>
    <nd ref="34440"/>
    <tag k="type" v="stop_line"/>
    <tag k="subtype" v="solid"/>
  </way>
  <way id="34444">
    <nd ref="34442"/>
    <nd ref="34443"/>
    <tag k="type" v="traffic_sign"/>
    <tag k="subtype" v="stop_sign"/>
  </way>
  <relation id="32619">
    <member type="way" role="left" ref="32617"/>
    <member type="way" role="right" ref="32618"/>
    <member type="relation" role="regulatory_element" ref="32620"/>
    <tag k="type" v="lanelet"/>
    <tag k="subtype" v="road"/>
    <tag k="speed_limit" v="10"/>
    <tag k="location" v="urban"/>
    <tag k="one_way" v="yes"/>
    <tag k="one_way:vehicle:emergency" v="no"/>
  </relation>
  <relation id="32657">
    <member type="way" role="left" ref="32655"/>
    <member type="way" role="right" ref="32656"/>
    <member type="relation" role="regulatory_element" ref="32658"/>
    <tag k="type" v="lanelet"/>
    <tag k="subtype" v="road"/>
    <tag k="speed_limit" v="10"/>
    <tag k="location" v="urban"/>
    <tag k="one_way" v="yes"/>
    <tag k="one_way:vehicle:emergency" v="no"/>
  </relation>
  <relation id="32667">
    <member type="way" role="left" ref="32665"/>
    <member type="way" role="right" ref="32666"/>
    <member type="relation" role="regulatory_element" ref="32668"/>
    <tag k="type" v="lanelet"/>
    <tag k="subtype" v="road"/>
    <tag k="speed_limit" v="10"/>
    <tag k="location" v="urban"/>
    <tag k="one_way" v="yes"/>
    <tag k="one_way:vehicle:emergency" v="no"/>
  </relation>
  <relation id="32675">
    <member type="way" role="left" ref="32673"/>
    <member type="way" role="right" ref="32674"/>
    <member type="relation" role="regulatory_element" ref="32676"/>
    <tag k="type" v="lanelet"/>
    <tag k="subtype" v="road"/>
    <tag k="speed_limit" v="10"/>
    <tag k="location" v="urban"/>
    <tag k="one_way" v="yes"/>
    <tag k="one_way:vehicle:emergency" v="no"/>
  </relation>
  <relation id="32689">
    <member type="way" role="left" ref="32687"/>
    <member type="way" role="right" ref="32688"/>
    <member type="relation" role="regulatory_element" ref="32690"/>
    <tag k="type" v="lanelet"/>
    <tag k="subtype" v="road"/>
    <tag k="speed_limit" v="10"/>
    <tag k="location" v="urban"/>
    <tag k="one_way" v="yes"/>
    <tag k="one_way:vehicle:emergency" v="no"/>
  </relation>
  <relation id="32697">
    <member type="way" role="left" ref="32695"/>
    <member type="way" role="right" ref="32696"/>
    <member type="relation" role="regulatory_element" ref="32698"/>
    <tag k="type" v="lanelet"/>
    <tag k="subtype" v="road"/>
    <tag k="speed_limit" v="10"/>
    <tag k="location" v="urban"/>
    <tag k="one_way" v="yes"/>
    <tag k="one_way:vehicle:emergency" v="no"/>
  </relation>
  <relation id="32702">
    <member type="way" role="left" ref="32695"/>
    <member type="way" role="right" ref="32701"/>
    <member type="relation" role="regulatory_element" ref="32703"/>
    <tag k="type" v="lanelet"/>
    <tag k="subtype" v="road"/>
    <tag k="speed_limit" v="10"/>
    <tag k="location" v="urban"/>
    <tag k="one_way" v="yes"/>
    <tag k="one_way:vehicle:emergency" v="no"/>
  </relation>
  <relation id="32712">
    <member type="way" role="left" ref="32710"/>
    <member type="way" role="right" ref="32711"/>
    <member type="relation" role="regulatory_element" ref="32713"/>
    <tag k="type" v="lanelet"/>
    <tag k="subtype" v="road"/>
    <tag k="speed_limit" v="10"/>
    <tag k="location" v="urban"/>
    <tag k="one_way" v="yes"/>
    <tag k="one_way:vehicle:emergency" v="no"/>
  </relation>
  <relation id="32722">
    <member type="way" role="left" ref="32720"/>
    <member type="way" role="right" ref="32721"/>
    <member type="relation" role="regulatory_element" ref="32723"/>
    <tag k="type" v="lanelet"/>
    <tag k="subtype" v="road"/>
    <tag k="speed_limit" v="10"/>
    <tag k="location" v="urban"/>
    <tag k="one_way" v="yes"/>
    <tag k="one_way:vehicle:emergency" v="no"/>
  </relation>
  <relation id="32746">
    <member type="way" role="left" ref="32744"/>
    <member type="way" role="right" ref="32745"/>
    <member type="relation" role="regulatory_element" ref="32747"/>
    <tag k="type" v="lanelet"/>
    <tag k="subtype" v="road"/>
    <tag k="speed_limit" v="10"/>
    <tag k="location" v="urban"/>
    <tag k="one_way" v="yes"/>
    <tag k="one_way:vehicle:emergency" v="no"/>
  </relation>
  <relation id="32758">
    <member type="way" role="left" ref="32756"/>
    <member type="way" role="right" ref="32757"/>
    <member type="relation" role="regulatory_element" ref="32759"/>
    <tag k="type" v="lanelet"/>
    <tag k="subtype" v="road"/>
    <tag k="speed_limit" v="10"/>
    <tag k="location" v="urban"/>
    <tag k="one_way" v="yes"/>
    <tag k="one_way:vehicle:emergency" v="no"/>
  </relation>
  <relation id="32772">
    <member type="way" role="left" ref="32770"/>
    <member type="way" role="right" ref="32771"/>
    <member type="relation" role="regulatory_element" ref="32773"/>
    <tag k="type" v="lanelet"/>
    <tag k="subtype" v="road"/>
    <tag k="speed_limit" v="10"/>
    <tag k="location" v="urban"/>
    <tag k="one_way" v="yes"/>
    <tag k="one_way:vehicle:emergency" v="no"/>
  </relation>
  <relation id="32782">
    <member type="way" role="left" ref="32780"/>
    <member type="way" role="right" ref="32781"/>
    <member type="relation" role="regulatory_element" ref="32783"/>
    <tag k="type" v="lanelet"/>
    <tag k="subtype" v="road"/>
    <tag k="speed_limit" v="10"/>
    <tag k="location" v="urban"/>
    <tag k="one_way" v="yes"/>
    <tag k="one_way:vehicle:emergency" v="no"/>
  </relation>
  <relation id="32818">
    <member type="way" role="left" ref="32816"/>
    <member type="way" role="right" ref="32817"/>
    <member type="relation" role="regulatory_element" ref="32819"/>
    <tag k="type" v="lanelet"/>
    <tag k="subtype" v="road"/>
    <tag k="speed_limit" v="10"/>
    <tag k="location" v="urban"/>
    <tag k="one_way" v="yes"/>
    <tag k="one_way:vehicle:emergency" v="no"/>
  </relation>
  <relation id="32824">
    <member type="way" role="left" ref="32822"/>
    <member type="way" role="right" ref="32823"/>
    <member type="relation" role="regulatory_element" ref="32825"/>
    <tag k="type" v="lanelet"/>
    <tag k="subtype" v="road"/>
    <tag k="speed_limit" v="10"/>
    <tag k="location" v="urban"/>
    <tag k="one_way" v="yes"/>
    <tag k="one_way:vehicle:emergency" v="no"/>
  </relation>
  <relation id="32834">
    <member type="way" role="left" ref="32832"/>
    <member type="way" role="right" ref="32833"/>
    <member type="relation" role="regulatory_element" ref="32835"/>
    <tag k="type" v="lanelet"/>
    <tag k="subtype" v="road"/>
    <tag k="speed_limit" v="10"/>
    <tag k="location" v="urban"/>
    <tag k="one_way" v="yes"/>
    <tag k="one_way:vehicle:emergency" v="no"/>
  </relation>
  <relation id="32844">
    <member type="way" role="left" ref="32842"/>
    <member type="way" role="right" ref="32843"/>
    <member type="relation" role="regulatory_element" ref="32845"/>
    <tag k="type" v="lanelet"/>
    <tag k="subtype" v="road"/>
    <tag k="speed_limit" v="10"/>
    <tag k="location" v="urban"/>
    <tag k="one_way" v="yes"/>
    <tag k="one_way:vehicle:emergency" v="no"/>
  </relation>
  <relation id="32858">
    <member type="way" role="left" ref="32856"/>
    <member type="way" role="right" ref="32857"/>
    <member type="relation" role="regulatory_element" ref="32859"/>
    <tag k="type" v="lanelet"/>
    <tag k="subtype" v="road"/>
    <tag k="speed_limit" v="10"/>
    <tag k="location" v="urban"/>
    <tag k="one_way" v="yes"/>
    <tag k="one_way:vehicle:emergency" v="no"/>
  </relation>
  <relation id="32884">
    <member type="way" role="left" ref="32882"/>
    <member type="way" role="right" ref="32883"/>
    <member type="relation" role="regulatory_element" ref="32885"/>
    <tag k="type" v="lanelet"/>
    <tag k="subtype" v="road"/>
    <tag k="speed_limit" v="10"/>
    <tag k="location" v="urban"/>
    <tag k="one_way" v="yes"/>
    <tag k="one_way:vehicle:emergency" v="no"/>
  </relation>
  <relation id="32898">
    <member type="way" role="left" ref="32896"/>
    <member type="way" role="right" ref="32897"/>
    <member type="relation" role="regulatory_element" ref="32899"/>
    <tag k="type" v="lanelet"/>
    <tag k="subtype" v="road"/>
    <tag k="speed_limit" v="10"/>
    <tag k="location" v="urban"/>
    <tag k="one_way" v="yes"/>
    <tag k="one_way:vehicle:emergency" v="no"/>
  </relation>
  <relation id="32904">
    <member type="way" role="left" ref="32902"/>
    <member type="way" role="right" ref="32903"/>
    <member type="relation" role="regulatory_element" ref="32905"/>
    <tag k="type" v="lanelet"/>
    <tag k="subtype" v="road"/>
    <tag k="speed_limit" v="10"/>
    <tag k="location" v="urban"/>
    <tag k="one_way" v="yes"/>
    <tag k="one_way:vehicle:emergency" v="no"/>
  </relation>
  <relation id="32916">
    <member type="way" role="left" ref="32914"/>
    <member type="way" role="right" ref="32915"/>
    <member type="relation" role="regulatory_element" ref="32917"/>
    <tag k="type" v="lanelet"/>
    <tag k="subtype" v="road"/>
    <tag k="speed_limit" v="10"/>
    <tag k="location" v="urban"/>
    <tag k="one_way" v="yes"/>
    <tag k="one_way:vehicle:emergency" v="no"/>
  </relation>
  <relation id="32966">
    <member type="way" role="left" ref="32964"/>
    <member type="way" role="right" ref="32965"/>
    <member type="relation" role="regulatory_element" ref="32967"/>
    <tag k="type" v="lanelet"/>
    <tag k="subtype" v="road"/>
    <tag k="speed_limit" v="10"/>
    <tag k="location" v="urban"/>
    <tag k="one_way" v="yes"/>
    <tag k="one_way:vehicle:emergency" v="no"/>
  </relation>
  <relation id="32970">
    <member type="way" role="left" ref="32673"/>
    <member type="way" role="right" ref="32969"/>
    <member type="relation" role="regulatory_element" ref="32971"/>
    <tag k="type" v="lanelet"/>
    <tag k="subtype" v="road"/>
    <tag k="speed_limit" v="10"/>
    <tag k="location" v="urban"/>
    <tag k="one_way" v="yes"/>
    <tag k="one_way:vehicle:emergency" v="no"/>
  </relation>
  <relation id="32998">
    <member type="way" role="left" ref="32996"/>
    <member type="way" role="right" ref="32997"/>
    <member type="relation" role="regulatory_element" ref="32999"/>
    <tag k="type" v="lanelet"/>
    <tag k="subtype" v="road"/>
    <tag k="speed_limit" v="10"/>
    <tag k="location" v="urban"/>
    <tag k="one_way" v="yes"/>
    <tag k="one_way:vehicle:emergency" v="no"/>
  </relation>
  <relation id="33006">
    <member type="way" role="left" ref="33004"/>
    <member type="way" role="right" ref="33005"/>
    <member type="relation" role="regulatory_element" ref="33007"/>
    <tag k="type" v="lanelet"/>
    <tag k="subtype" v="road"/>
    <tag k="speed_limit" v="10"/>
    <tag k="location" v="urban"/>
    <tag k="one_way" v="yes"/>
    <tag k="one_way:vehicle:emergency" v="no"/>
  </relation>
  <relation id="33022">
    <member type="way" role="left" ref="33020"/>
    <member type="way" role="right" ref="33021"/>
    <member type="relation" role="regulatory_element" ref="33023"/>
    <tag k="type" v="lanelet"/>
    <tag k="subtype" v="road"/>
    <tag k="speed_limit" v="10"/>
    <tag k="location" v="urban"/>
    <tag k="one_way" v="yes"/>
    <tag k="one_way:vehicle:emergency" v="no"/>
  </relation>
  <relation id="33030">
    <member type="way" role="left" ref="33028"/>
    <member type="way" role="right" ref="33029"/>
    <member type="relation" role="regulatory_element" ref="33031"/>
    <tag k="type" v="lanelet"/>
    <tag k="subtype" v="road"/>
    <tag k="speed_limit" v="10"/>
    <tag k="location" v="urban"/>
    <tag k="one_way" v="yes"/>
    <tag k="one_way:vehicle:emergency" v="no"/>
  </relation>
  <relation id="33046">
    <member type="way" role="left" ref="33044"/>
    <member type="way" role="right" ref="33045"/>
    <member type="relation" role="regulatory_element" ref="33047"/>
    <tag k="type" v="lanelet"/>
    <tag k="subtype" v="road"/>
    <tag k="speed_limit" v="10"/>
    <tag k="location" v="urban"/>
    <tag k="one_way" v="yes"/>
    <tag k="one_way:vehicle:emergency" v="no"/>
  </relation>
  <relation id="33058">
    <member type="way" role="left" ref="33056"/>
    <member type="way" role="right" ref="33057"/>
    <member type="relation" role="regulatory_element" ref="33059"/>
    <tag k="type" v="lanelet"/>
    <tag k="subtype" v="road"/>
    <tag k="speed_limit" v="10"/>
    <tag k="location" v="urban"/>
    <tag k="one_way" v="yes"/>
    <tag k="one_way:vehicle:emergency" v="no"/>
  </relation>
  <relation id="33146">
    <member type="way" role="left" ref="33144"/>
    <member type="way" role="right" ref="33145"/>
    <member type="relation" role="regulatory_element" ref="33147"/>
    <tag k="type" v="lanelet"/>
    <tag k="subtype" v="road"/>
    <tag k="speed_limit" v="10"/>
    <tag k="location" v="urban"/>
    <tag k="one_way" v="yes"/>
    <tag k="one_way:vehicle:emergency" v="no"/>
  </relation>
  <relation id="33152">
    <member type="way" role="left" ref="33150"/>
    <member type="way" role="right" ref="33151"/>
    <member type="relation" role="regulatory_element" ref="33153"/>
    <tag k="type" v="lanelet"/>
    <tag k="subtype" v="road"/>
    <tag k="speed_limit" v="10"/>
    <tag k="location" v="urban"/>
    <tag k="one_way" v="yes"/>
    <tag k="one_way:vehicle:emergency" v="no"/>
  </relation>
  <relation id="33168">
    <member type="way" role="left" ref="33166"/>
    <member type="way" role="right" ref="33167"/>
    <member type="relation" role="regulatory_element" ref="33169"/>
    <tag k="type" v="lanelet"/>
    <tag k="subtype" v="road"/>
    <tag k="speed_limit" v="10"/>
    <tag k="location" v="urban"/>
    <tag k="one_way" v="yes"/>
    <tag k="one_way:vehicle:emergency" v="no"/>
  </relation>
  <relation id="33222">
    <member type="way" role="left" ref="33220"/>
    <member type="way" role="right" ref="33221"/>
    <member type="relation" role="regulatory_element" ref="33223"/>
    <tag k="type" v="lanelet"/>
    <tag k="subtype" v="road"/>
    <tag k="speed_limit" v="10"/>
    <tag k="location" v="urban"/>
    <tag k="one_way" v="yes"/>
    <tag k="one_way:vehicle:emergency" v="no"/>
  </relation>
  <relation id="33232">
    <member type="way" role="left" ref="33230"/>
    <member type="way" role="right" ref="33231"/>
    <member type="relation" role="regulatory_element" ref="33233"/>
    <tag k="type" v="lanelet"/>
    <tag k="subtype" v="road"/>
    <tag k="speed_limit" v="10"/>
    <tag k="location" v="urban"/>
    <tag k="one_way" v="yes"/>
    <tag k="one_way:vehicle:emergency" v="no"/>
  </relation>
  <relation id="33246">
    <member type="way" role="left" ref="33244"/>
    <member type="way" role="right" ref="33245"/>
    <member type="relation" role="regulatory_element" ref="33247"/>
    <tag k="type" v="lanelet"/>
    <tag k="subtype" v="road"/>
    <tag k="speed_limit" v="10"/>
    <tag k="location" v="urban"/>
    <tag k="one_way" v="yes"/>
    <tag k="one_way:vehicle:emergency" v="no"/>
  </relation>
  <relation id="33252">
    <member type="way" role="left" ref="33250"/>
    <member type="way" role="right" ref="33251"/>
    <member type="relation" role="regulatory_element" ref="33253"/>
    <tag k="type" v="lanelet"/>
    <tag k="subtype" v="road"/>
    <tag k="speed_limit" v="10"/>
    <tag k="location" v="urban"/>
    <tag k="one_way" v="yes"/>
    <tag k="one_way:vehicle:emergency" v="no"/>
  </relation>
  <relation id="33262">
    <member type="way" role="left" ref="33260"/>
    <member type="way" role="right" ref="33261"/>
    <member type="relation" role="regulatory_element" ref="33263"/>
    <tag k="type" v="lanelet"/>
    <tag k="subtype" v="road"/>
    <tag k="speed_limit" v="10"/>
    <tag k="location" v="urban"/>
    <tag k="one_way" v="yes"/>
    <tag k="one_way:vehicle:emergency" v="no"/>
  </relation>
  <relation id="33268">
    <member type="way" role="left" ref="32842"/>
    <member type="way" role="right" ref="33267"/>
    <member type="relation" role="regulatory_element" ref="33269"/>
    <tag k="type" v="lanelet"/>
    <tag k="subtype" v="road"/>
    <tag k="speed_limit" v="10"/>
    <tag k="location" v="urban"/>
    <tag k="one_way" v="yes"/>
    <tag k="one_way:vehicle:emergency" v="no"/>
  </relation>
  <relation id="33296">
    <member type="way" role="left" ref="33294"/>
    <member type="way" role="right" ref="33295"/>
    <member type="relation" role="regulatory_element" ref="33297"/>
    <tag k="type" v="lanelet"/>
    <tag k="subtype" v="road"/>
    <tag k="speed_limit" v="10"/>
    <tag k="location" v="urban"/>
    <tag k="one_way" v="yes"/>
    <tag k="one_way:vehicle:emergency" v="no"/>
  </relation>
  <relation id="33302">
    <member type="way" role="left" ref="33300"/>
    <member type="way" role="right" ref="33301"/>
    <member type="relation" role="regulatory_element" ref="33303"/>
    <tag k="type" v="lanelet"/>
    <tag k="subtype" v="road"/>
    <tag k="speed_limit" v="10"/>
    <tag k="location" v="urban"/>
    <tag k="one_way" v="yes"/>
    <tag k="one_way:vehicle:emergency" v="no"/>
  </relation>
  <relation id="33348">
    <member type="way" role="left" ref="33346"/>
    <member type="way" role="right" ref="33347"/>
    <member type="relation" role="regulatory_element" ref="33349"/>
    <tag k="type" v="lanelet"/>
    <tag k="subtype" v="road"/>
    <tag k="speed_limit" v="10"/>
    <tag k="location" v="urban"/>
    <tag k="one_way" v="yes"/>
    <tag k="one_way:vehicle:emergency" v="no"/>
  </relation>
  <relation id="33356">
    <member type="way" role="left" ref="33354"/>
    <member type="way" role="right" ref="33355"/>
    <member type="relation" role="regulatory_element" ref="33357"/>
    <tag k="type" v="lanelet"/>
    <tag k="subtype" v="road"/>
    <tag k="speed_limit" v="10"/>
    <tag k="location" v="urban"/>
    <tag k="one_way" v="yes"/>
    <tag k="one_way:vehicle:emergency" v="no"/>
  </relation>
  <relation id="33366">
    <member type="way" role="left" ref="33364"/>
    <member type="way" role="right" ref="33365"/>
    <member type="relation" role="regulatory_element" ref="33367"/>
    <tag k="type" v="lanelet"/>
    <tag k="subtype" v="road"/>
    <tag k="speed_limit" v="10"/>
    <tag k="location" v="urban"/>
    <tag k="one_way" v="yes"/>
    <tag k="one_way:vehicle:emergency" v="no"/>
  </relation>
  <relation id="33374">
    <member type="way" role="left" ref="33372"/>
    <member type="way" role="right" ref="33373"/>
    <member type="relation" role="regulatory_element" ref="33375"/>
    <tag k="type" v="lanelet"/>
    <tag k="subtype" v="road"/>
    <tag k="speed_limit" v="10"/>
    <tag k="location" v="urban"/>
    <tag k="one_way" v="yes"/>
    <tag k="one_way:vehicle:emergency" v="no"/>
  </relation>
  <relation id="33382">
    <member type="way" role="left" ref="33380"/>
    <member type="way" role="right" ref="33381"/>
    <member type="relation" role="regulatory_element" ref="33383"/>
    <tag k="type" v="lanelet"/>
    <tag k="subtype" v="road"/>
    <tag k="speed_limit" v="10"/>
    <tag k="location" v="urban"/>
    <tag k="one_way" v="yes"/>
    <tag k="one_way:vehicle:emergency" v="no"/>
  </relation>
  <relation id="33390">
    <member type="way" role="left" ref="33388"/>
    <member type="way" role="right" ref="33389"/>
    <member type="relation" role="regulatory_element" ref="33391"/>
    <tag k="type" v="lanelet"/>
    <tag k="subtype" v="road"/>
    <tag k="speed_limit" v="10"/>
    <tag k="location" v="urban"/>
    <tag k="one_way" v="yes"/>
    <tag k="one_way:vehicle:emergency" v="no"/>
  </relation>
  <relation id="33430">
    <member type="way" role="left" ref="33428"/>
    <member type="way" role="right" ref="33429"/>
    <member type="relation" role="regulatory_element" ref="33431"/>
    <tag k="type" v="lanelet"/>
    <tag k="subtype" v="road"/>
    <tag k="speed_limit" v="10"/>
    <tag k="location" v="urban"/>
    <tag k="one_way" v="yes"/>
    <tag k="one_way:vehicle:emergency" v="no"/>
  </relation>
  <relation id="33442">
    <member type="way" role="left" ref="33440"/>
    <member type="way" role="right" ref="33441"/>
    <member type="relation" role="regulatory_element" ref="33443"/>
    <tag k="type" v="lanelet"/>
    <tag k="subtype" v="road"/>
    <tag k="speed_limit" v="10"/>
    <tag k="location" v="urban"/>
    <tag k="one_way" v="yes"/>
    <tag k="one_way:vehicle:emergency" v="no"/>
  </relation>
  <relation id="33482">
    <member type="way" role="left" ref="33480"/>
    <member type="way" role="right" ref="33481"/>
    <member type="relation" role="regulatory_element" ref="33483"/>
    <tag k="type" v="lanelet"/>
    <tag k="subtype" v="road"/>
    <tag k="speed_limit" v="10"/>
    <tag k="location" v="urban"/>
    <tag k="one_way" v="yes"/>
    <tag k="one_way:vehicle:emergency" v="no"/>
  </relation>
  <relation id="33494">
    <member type="way" role="left" ref="33492"/>
    <member type="way" role="right" ref="33493"/>
    <member type="relation" role="regulatory_element" ref="33495"/>
    <tag k="type" v="lanelet"/>
    <tag k="subtype" v="road"/>
    <tag k="speed_limit" v="10"/>
    <tag k="location" v="urban"/>
    <tag k="one_way" v="yes"/>
    <tag k="one_way:vehicle:emergency" v="no"/>
  </relation>
  <relation id="33506">
    <member type="way" role="left" ref="33504"/>
    <member type="way" role="right" ref="33505"/>
    <member type="relation" role="regulatory_element" ref="33507"/>
    <tag k="type" v="lanelet"/>
    <tag k="subtype" v="road"/>
    <tag k="speed_limit" v="10"/>
    <tag k="location" v="urban"/>
    <tag k="one_way" v="yes"/>
    <tag k="one_way:vehicle:emergency" v="no"/>
  </relation>
  <relation id="33520">
    <member type="way" role="left" ref="33518"/>
    <member type="way" role="right" ref="33519"/>
    <member type="relation" role="regulatory_element" ref="33521"/>
    <tag k="type" v="lanelet"/>
    <tag k="subtype" v="road"/>
    <tag k="speed_limit" v="10"/>
    <tag k="location" v="urban"/>
    <tag k="one_way" v="yes"/>
    <tag k="one_way:vehicle:emergency" v="no"/>
  </relation>
  <relation id="33530">
    <member type="way" role="left" ref="33528"/>
    <member type="way" role="right" ref="33529"/>
    <member type="relation" role="regulatory_element" ref="33531"/>
    <tag k="type" v="lanelet"/>
    <tag k="subtype" v="road"/>
    <tag k="speed_limit" v="10"/>
    <tag k="location" v="urban"/>
    <tag k="one_way" v="yes"/>
    <tag k="one_way:vehicle:emergency" v="no"/>
  </relation>
  <relation id="33535">
    <member type="way" role="left" ref="33354"/>
    <member type="way" role="right" ref="33534"/>
    <member type="relation" role="regulatory_element" ref="33536"/>
    <tag k="type" v="lanelet"/>
    <tag k="subtype" v="road"/>
    <tag k="speed_limit" v="10"/>
    <tag k="location" v="urban"/>
    <tag k="one_way" v="yes"/>
    <tag k="one_way:vehicle:emergency" v="no"/>
  </relation>
  <relation id="33545">
    <member type="way" role="left" ref="33543"/>
    <member type="way" role="right" ref="33544"/>
    <member type="relation" role="regulatory_element" ref="33546"/>
    <tag k="type" v="lanelet"/>
    <tag k="subtype" v="road"/>
    <tag k="speed_limit" v="10"/>
    <tag k="location" v="urban"/>
    <tag k="one_way" v="yes"/>
    <tag k="one_way:vehicle:emergency" v="no"/>
  </relation>
  <relation id="33565">
    <member type="way" role="left" ref="33563"/>
    <member type="way" role="right" ref="33564"/>
    <member type="relation" role="regulatory_element" ref="33566"/>
    <tag k="type" v="lanelet"/>
    <tag k="subtype" v="road"/>
    <tag k="speed_limit" v="10"/>
    <tag k="location" v="urban"/>
    <tag k="one_way" v="yes"/>
    <tag k="one_way:vehicle:emergency" v="no"/>
  </relation>
  <relation id="33575">
    <member type="way" role="left" ref="33573"/>
    <member type="way" role="right" ref="33574"/>
    <member type="relation" role="regulatory_element" ref="33576"/>
    <tag k="type" v="lanelet"/>
    <tag k="subtype" v="road"/>
    <tag k="speed_limit" v="10"/>
    <tag k="location" v="urban"/>
    <tag k="one_way" v="yes"/>
    <tag k="one_way:vehicle:emergency" v="no"/>
  </relation>
  <relation id="33578">
    <member type="way" role="left" ref="32902"/>
    <member type="way" role="right" ref="33577"/>
    <member type="relation" role="regulatory_element" ref="33579"/>
    <tag k="type" v="lanelet"/>
    <tag k="subtype" v="road"/>
    <tag k="speed_limit" v="10"/>
    <tag k="location" v="urban"/>
    <tag k="one_way" v="yes"/>
    <tag k="one_way:vehicle:emergency" v="no"/>
  </relation>
  <relation id="33584">
    <member type="way" role="left" ref="33582"/>
    <member type="way" role="right" ref="33583"/>
    <member type="relation" role="regulatory_element" ref="33585"/>
    <tag k="type" v="lanelet"/>
    <tag k="subtype" v="road"/>
    <tag k="speed_limit" v="10"/>
    <tag k="location" v="urban"/>
    <tag k="one_way" v="yes"/>
    <tag k="one_way:vehicle:emergency" v="no"/>
  </relation>
  <relation id="33590">
    <member type="way" role="left" ref="33588"/>
    <member type="way" role="right" ref="33589"/>
    <member type="relation" role="regulatory_element" ref="33591"/>
    <tag k="type" v="lanelet"/>
    <tag k="subtype" v="road"/>
    <tag k="speed_limit" v="10"/>
    <tag k="location" v="urban"/>
    <tag k="one_way" v="yes"/>
    <tag k="one_way:vehicle:emergency" v="no"/>
  </relation>
  <relation id="33598">
    <member type="way" role="left" ref="33596"/>
    <member type="way" role="right" ref="33597"/>
    <member type="relation" role="regulatory_element" ref="33599"/>
    <tag k="type" v="lanelet"/>
    <tag k="subtype" v="road"/>
    <tag k="speed_limit" v="10"/>
    <tag k="location" v="urban"/>
    <tag k="one_way" v="yes"/>
    <tag k="one_way:vehicle:emergency" v="no"/>
  </relation>
  <relation id="33602">
    <member type="way" role="left" ref="33600"/>
    <member type="way" role="right" ref="33601"/>
    <member type="relation" role="regulatory_element" ref="33603"/>
    <tag k="type" v="lanelet"/>
    <tag k="subtype" v="road"/>
    <tag k="speed_limit" v="10"/>
    <tag k="location" v="urban"/>
    <tag k="one_way" v="yes"/>
    <tag k="one_way:vehicle:emergency" v="no"/>
  </relation>
  <relation id="33605">
    <member type="way" role="left" ref="33582"/>
    <member type="way" role="right" ref="33604"/>
    <member type="relation" role="regulatory_element" ref="33606"/>
    <tag k="type" v="lanelet"/>
    <tag k="subtype" v="road"/>
    <tag k="speed_limit" v="10"/>
    <tag k="location" v="urban"/>
    <tag k="one_way" v="yes"/>
    <tag k="one_way:vehicle:emergency" v="no"/>
  </relation>
  <relation id="33611">
    <member type="way" role="left" ref="33609"/>
    <member type="way" role="right" ref="33610"/>
    <member type="relation" role="regulatory_element" ref="33612"/>
    <tag k="type" v="lanelet"/>
    <tag k="subtype" v="road"/>
    <tag k="speed_limit" v="10"/>
    <tag k="location" v="urban"/>
    <tag k="one_way" v="yes"/>
    <tag k="one_way:vehicle:emergency" v="no"/>
  </relation>
  <relation id="33661">
    <member type="way" role="left" ref="33659"/>
    <member type="way" role="right" ref="33660"/>
    <member type="relation" role="regulatory_element" ref="33662"/>
    <tag k="type" v="lanelet"/>
    <tag k="subtype" v="road"/>
    <tag k="speed_limit" v="10"/>
    <tag k="location" v="urban"/>
    <tag k="one_way" v="yes"/>
    <tag k="one_way:vehicle:emergency" v="no"/>
  </relation>
  <relation id="33693">
    <member type="way" role="left" ref="33691"/>
    <member type="way" role="right" ref="33692"/>
    <member type="relation" role="regulatory_element" ref="33694"/>
    <tag k="type" v="lanelet"/>
    <tag k="subtype" v="road"/>
    <tag k="speed_limit" v="10"/>
    <tag k="location" v="urban"/>
    <tag k="one_way" v="yes"/>
    <tag k="one_way:vehicle:emergency" v="no"/>
  </relation>
  <relation id="33705">
    <member type="way" role="left" ref="33703"/>
    <member type="way" role="right" ref="33704"/>
    <member type="relation" role="regulatory_element" ref="33706"/>
    <tag k="type" v="lanelet"/>
    <tag k="subtype" v="road"/>
    <tag k="speed_limit" v="10"/>
    <tag k="location" v="urban"/>
    <tag k="one_way" v="yes"/>
    <tag k="one_way:vehicle:emergency" v="no"/>
  </relation>
  <relation id="33729">
    <member type="way" role="left" ref="33727"/>
    <member type="way" role="right" ref="33728"/>
    <member type="relation" role="regulatory_element" ref="33730"/>
    <tag k="type" v="lanelet"/>
    <tag k="subtype" v="road"/>
    <tag k="speed_limit" v="10"/>
    <tag k="location" v="urban"/>
    <tag k="one_way" v="yes"/>
    <tag k="one_way:vehicle:emergency" v="no"/>
  </relation>
  <relation id="33739">
    <member type="way" role="left" ref="33737"/>
    <member type="way" role="right" ref="33738"/>
    <member type="relation" role="regulatory_element" ref="33740"/>
    <tag k="type" v="lanelet"/>
    <tag k="subtype" v="road"/>
    <tag k="speed_limit" v="10"/>
    <tag k="location" v="urban"/>
    <tag k="one_way" v="yes"/>
    <tag k="one_way:vehicle:emergency" v="no"/>
  </relation>
  <relation id="33775">
    <member type="way" role="left" ref="33773"/>
    <member type="way" role="right" ref="33774"/>
    <member type="relation" role="regulatory_element" ref="33776"/>
    <tag k="type" v="lanelet"/>
    <tag k="subtype" v="road"/>
    <tag k="speed_limit" v="10"/>
    <tag k="location" v="urban"/>
    <tag k="one_way" v="yes"/>
    <tag k="one_way:vehicle:emergency" v="no"/>
  </relation>
  <relation id="33809">
    <member type="way" role="left" ref="33807"/>
    <member type="way" role="right" ref="33808"/>
    <member type="relation" role="regulatory_element" ref="33810"/>
    <tag k="type" v="lanelet"/>
    <tag k="subtype" v="road"/>
    <tag k="speed_limit" v="10"/>
    <tag k="location" v="urban"/>
    <tag k="one_way" v="yes"/>
    <tag k="one_way:vehicle:emergency" v="no"/>
  </relation>
  <relation id="33821">
    <member type="way" role="left" ref="33819"/>
    <member type="way" role="right" ref="33820"/>
    <member type="relation" role="regulatory_element" ref="33822"/>
    <tag k="type" v="lanelet"/>
    <tag k="subtype" v="road"/>
    <tag k="speed_limit" v="10"/>
    <tag k="location" v="urban"/>
    <tag k="one_way" v="yes"/>
    <tag k="one_way:vehicle:emergency" v="no"/>
  </relation>
  <relation id="33825">
    <member type="way" role="left" ref="33823"/>
    <member type="way" role="right" ref="33824"/>
    <member type="relation" role="regulatory_element" ref="33826"/>
    <tag k="type" v="lanelet"/>
    <tag k="subtype" v="road"/>
    <tag k="speed_limit" v="10"/>
    <tag k="location" v="urban"/>
    <tag k="one_way" v="yes"/>
    <tag k="one_way:vehicle:emergency" v="no"/>
  </relation>
  <relation id="33839">
    <member type="way" role="left" ref="33837"/>
    <member type="way" role="right" ref="33838"/>
    <member type="relation" role="regulatory_element" ref="33840"/>
    <tag k="type" v="lanelet"/>
    <tag k="subtype" v="road"/>
    <tag k="speed_limit" v="10"/>
    <tag k="location" v="urban"/>
    <tag k="one_way" v="yes"/>
    <tag k="one_way:vehicle:emergency" v="no"/>
  </relation>
  <relation id="33843">
    <member type="way" role="left" ref="33841"/>
    <member type="way" role="right" ref="33842"/>
    <member type="relation" role="regulatory_element" ref="33844"/>
    <tag k="type" v="lanelet"/>
    <tag k="subtype" v="road"/>
    <tag k="speed_limit" v="10"/>
    <tag k="location" v="urban"/>
    <tag k="one_way" v="yes"/>
    <tag k="one_way:vehicle:emergency" v="no"/>
  </relation>
  <relation id="33851">
    <member type="way" role="left" ref="33849"/>
    <member type="way" role="right" ref="33850"/>
    <member type="relation" role="regulatory_element" ref="33852"/>
    <tag k="type" v="lanelet"/>
    <tag k="subtype" v="road"/>
    <tag k="speed_limit" v="10"/>
    <tag k="location" v="urban"/>
    <tag k="one_way" v="yes"/>
    <tag k="one_way:vehicle:emergency" v="no"/>
  </relation>
  <relation id="33859">
    <member type="way" role="left" ref="33857"/>
    <member type="way" role="right" ref="33858"/>
    <member type="relation" role="regulatory_element" ref="33860"/>
    <tag k="type" v="lanelet"/>
    <tag k="subtype" v="road"/>
    <tag k="speed_limit" v="10"/>
    <tag k="location" v="urban"/>
    <tag k="one_way" v="yes"/>
    <tag k="one_way:vehicle:emergency" v="no"/>
  </relation>
  <relation id="33865">
    <member type="way" role="left" ref="33863"/>
    <member type="way" role="right" ref="33864"/>
    <member type="relation" role="regulatory_element" ref="33866"/>
    <tag k="type" v="lanelet"/>
    <tag k="subtype" v="road"/>
    <tag k="speed_limit" v="10"/>
    <tag k="location" v="urban"/>
    <tag k="one_way" v="yes"/>
    <tag k="one_way:vehicle:emergency" v="no"/>
  </relation>
  <relation id="33871">
    <member type="way" role="left" ref="33869"/>
    <member type="way" role="right" ref="33870"/>
    <member type="relation" role="regulatory_element" ref="33872"/>
    <tag k="type" v="lanelet"/>
    <tag k="subtype" v="road"/>
    <tag k="speed_limit" v="10"/>
    <tag k="location" v="urban"/>
    <tag k="one_way" v="yes"/>
    <tag k="one_way:vehicle:emergency" v="no"/>
  </relation>
  <relation id="33885">
    <member type="way" role="left" ref="33883"/>
    <member type="way" role="right" ref="33884"/>
    <member type="relation" role="regulatory_element" ref="33886"/>
    <tag k="type" v="lanelet"/>
    <tag k="subtype" v="road"/>
    <tag k="speed_limit" v="10"/>
    <tag k="location" v="urban"/>
    <tag k="one_way" v="yes"/>
    <tag k="one_way:vehicle:emergency" v="no"/>
  </relation>
  <relation id="33903">
    <member type="way" role="left" ref="33901"/>
    <member type="way" role="right" ref="33902"/>
    <member type="relation" role="regulatory_element" ref="33904"/>
    <member type="relation" role="regulatory_element" ref="34445"/>
    <tag k="type" v="lanelet"/>
    <tag k="subtype" v="road"/>
    <tag k="speed_limit" v="10"/>
    <tag k="location" v="urban"/>
    <tag k="one_way" v="yes"/>
    <tag k="one_way:vehicle:emergency" v="no"/>
  </relation>
  <relation id="33917">
    <member type="way" role="left" ref="33915"/>
    <member type="way" role="right" ref="33916"/>
    <member type="relation" role="regulatory_element" ref="33918"/>
    <tag k="type" v="lanelet"/>
    <tag k="subtype" v="road"/>
    <tag k="speed_limit" v="10"/>
    <tag k="location" v="urban"/>
    <tag k="one_way" v="yes"/>
    <tag k="one_way:vehicle:emergency" v="no"/>
  </relation>
  <relation id="33937">
    <member type="way" role="left" ref="33935"/>
    <member type="way" role="right" ref="33936"/>
    <member type="relation" role="regulatory_element" ref="33938"/>
    <tag k="type" v="lanelet"/>
    <tag k="subtype" v="road"/>
    <tag k="speed_limit" v="10"/>
    <tag k="location" v="urban"/>
    <tag k="one_way" v="yes"/>
    <tag k="one_way:vehicle:emergency" v="no"/>
  </relation>
  <relation id="33949">
    <member type="way" role="left" ref="33947"/>
    <member type="way" role="right" ref="33948"/>
    <member type="relation" role="regulatory_element" ref="33950"/>
    <tag k="type" v="lanelet"/>
    <tag k="subtype" v="road"/>
    <tag k="speed_limit" v="10"/>
    <tag k="location" v="urban"/>
    <tag k="one_way" v="yes"/>
    <tag k="one_way:vehicle:emergency" v="no"/>
  </relation>
  <relation id="33953">
    <member type="way" role="left" ref="33951"/>
    <member type="way" role="right" ref="33952"/>
    <member type="relation" role="regulatory_element" ref="33954"/>
    <tag k="type" v="lanelet"/>
    <tag k="subtype" v="road"/>
    <tag k="speed_limit" v="10"/>
    <tag k="location" v="urban"/>
    <tag k="one_way" v="yes"/>
    <tag k="one_way:vehicle:emergency" v="no"/>
  </relation>
  <relation id="33961">
    <member type="way" role="left" ref="33959"/>
    <member type="way" role="right" ref="33960"/>
    <member type="relation" role="regulatory_element" ref="33962"/>
    <tag k="type" v="lanelet"/>
    <tag k="subtype" v="road"/>
    <tag k="speed_limit" v="10"/>
    <tag k="location" v="urban"/>
    <tag k="one_way" v="yes"/>
    <tag k="one_way:vehicle:emergency" v="no"/>
  </relation>
  <relation id="33965">
    <member type="way" role="left" ref="33963"/>
    <member type="way" role="right" ref="33964"/>
    <member type="relation" role="regulatory_element" ref="33966"/>
    <tag k="type" v="lanelet"/>
    <tag k="subtype" v="road"/>
    <tag k="speed_limit" v="10"/>
    <tag k="location" v="urban"/>
    <tag k="one_way" v="yes"/>
    <tag k="one_way:vehicle:emergency" v="no"/>
  </relation>
  <relation id="33995">
    <member type="way" role="left" ref="33993"/>
    <member type="way" role="right" ref="33994"/>
    <member type="relation" role="regulatory_element" ref="33996"/>
    <tag k="type" v="lanelet"/>
    <tag k="subtype" v="road"/>
    <tag k="speed_limit" v="10"/>
    <tag k="location" v="urban"/>
    <tag k="one_way" v="yes"/>
    <tag k="one_way:vehicle:emergency" v="no"/>
  </relation>
  <relation id="34031">
    <member type="way" role="left" ref="34029"/>
    <member type="way" role="right" ref="34030"/>
    <member type="relation" role="regulatory_element" ref="34032"/>
    <tag k="type" v="lanelet"/>
    <tag k="subtype" v="road"/>
    <tag k="speed_limit" v="10"/>
    <tag k="location" v="urban"/>
    <tag k="one_way" v="yes"/>
    <tag k="one_way:vehicle:emergency" v="no"/>
  </relation>
  <relation id="34035">
    <member type="way" role="left" ref="34033"/>
    <member type="way" role="right" ref="34034"/>
    <member type="relation" role="regulatory_element" ref="34036"/>
    <tag k="type" v="lanelet"/>
    <tag k="subtype" v="road"/>
    <tag k="speed_limit" v="10"/>
    <tag k="location" v="urban"/>
    <tag k="one_way" v="yes"/>
    <tag k="one_way:vehicle:emergency" v="no"/>
  </relation>
  <relation id="34075">
    <member type="way" role="left" ref="34073"/>
    <member type="way" role="right" ref="34074"/>
    <member type="relation" role="regulatory_element" ref="34076"/>
    <tag k="type" v="lanelet"/>
    <tag k="subtype" v="road"/>
    <tag k="speed_limit" v="10"/>
    <tag k="location" v="urban"/>
    <tag k="one_way" v="yes"/>
    <tag k="one_way:vehicle:emergency" v="no"/>
  </relation>
  <relation id="34079">
    <member type="way" role="left" ref="34077"/>
    <member type="way" role="right" ref="34078"/>
    <member type="relation" role="regulatory_element" ref="34080"/>
    <tag k="type" v="lanelet"/>
    <tag k="subtype" v="road"/>
    <tag k="speed_limit" v="10"/>
    <tag k="location" v="urban"/>
    <tag k="one_way" v="yes"/>
    <tag k="one_way:vehicle:emergency" v="no"/>
  </relation>
  <relation id="34083">
    <member type="way" role="left" ref="33857"/>
    <member type="way" role="right" ref="34082"/>
    <member type="relation" role="regulatory_element" ref="34084"/>
    <tag k="type" v="lanelet"/>
    <tag k="subtype" v="road"/>
    <tag k="speed_limit" v="10"/>
    <tag k="location" v="urban"/>
    <tag k="one_way" v="yes"/>
    <tag k="one_way:vehicle:emergency" v="no"/>
  </relation>
  <relation id="34087">
    <member type="way" role="left" ref="33300"/>
    <member type="way" role="right" ref="34086"/>
    <member type="relation" role="regulatory_element" ref="34088"/>
    <tag k="type" v="lanelet"/>
    <tag k="subtype" v="road"/>
    <tag k="speed_limit" v="10"/>
    <tag k="location" v="urban"/>
    <tag k="one_way" v="yes"/>
    <tag k="one_way:vehicle:emergency" v="no"/>
  </relation>
  <relation id="34095">
    <member type="way" role="left" ref="34093"/>
    <member type="way" role="right" ref="34094"/>
    <member type="relation" role="regulatory_element" ref="34096"/>
    <tag k="type" v="lanelet"/>
    <tag k="subtype" v="road"/>
    <tag k="speed_limit" v="10"/>
    <tag k="location" v="urban"/>
    <tag k="one_way" v="yes"/>
    <tag k="one_way:vehicle:emergency" v="no"/>
  </relation>
  <relation id="34129">
    <member type="way" role="left" ref="34127"/>
    <member type="way" role="right" ref="34128"/>
    <member type="relation" role="regulatory_element" ref="34130"/>
    <tag k="type" v="lanelet"/>
    <tag k="subtype" v="road"/>
    <tag k="speed_limit" v="10"/>
    <tag k="location" v="urban"/>
    <tag k="one_way" v="yes"/>
    <tag k="one_way:vehicle:emergency" v="no"/>
  </relation>
  <relation id="34132">
    <member type="way" role="left" ref="33863"/>
    <member type="way" role="right" ref="34131"/>
    <member type="relation" role="regulatory_element" ref="34133"/>
    <tag k="type" v="lanelet"/>
    <tag k="subtype" v="road"/>
    <tag k="speed_limit" v="10"/>
    <tag k="location" v="urban"/>
    <tag k="one_way" v="yes"/>
    <tag k="one_way:vehicle:emergency" v="no"/>
  </relation>
  <relation id="34144">
    <member type="way" role="left" ref="34142"/>
    <member type="way" role="right" ref="34143"/>
    <member type="relation" role="regulatory_element" ref="34145"/>
    <tag k="type" v="lanelet"/>
    <tag k="subtype" v="road"/>
    <tag k="speed_limit" v="10"/>
    <tag k="location" v="urban"/>
    <tag k="one_way" v="yes"/>
    <tag k="one_way:vehicle:emergency" v="no"/>
  </relation>
  <relation id="34154">
    <member type="way" role="left" ref="34152"/>
    <member type="way" role="right" ref="34153"/>
    <member type="relation" role="regulatory_element" ref="34155"/>
    <tag k="type" v="lanelet"/>
    <tag k="subtype" v="road"/>
    <tag k="speed_limit" v="10"/>
    <tag k="location" v="urban"/>
    <tag k="one_way" v="yes"/>
    <tag k="one_way:vehicle:emergency" v="no"/>
  </relation>
  <relation id="34159">
    <member type="way" role="left" ref="32720"/>
    <member type="way" role="right" ref="34158"/>
    <member type="relation" role="regulatory_element" ref="34160"/>
    <tag k="type" v="lanelet"/>
    <tag k="subtype" v="road"/>
    <tag k="speed_limit" v="10"/>
    <tag k="location" v="urban"/>
    <tag k="one_way" v="yes"/>
    <tag k="one_way:vehicle:emergency" v="no"/>
  </relation>
  <relation id="34162">
    <member type="way" role="left" ref="34033"/>
    <member type="way" role="right" ref="34161"/>
    <member type="relation" role="regulatory_element" ref="34163"/>
    <tag k="type" v="lanelet"/>
    <tag k="subtype" v="road"/>
    <tag k="speed_limit" v="10"/>
    <tag k="location" v="urban"/>
    <tag k="one_way" v="yes"/>
    <tag k="one_way:vehicle:emergency" v="no"/>
  </relation>
  <relation id="34172">
    <member type="way" role="left" ref="34170"/>
    <member type="way" role="right" ref="34171"/>
    <member type="relation" role="regulatory_element" ref="34173"/>
    <tag k="type" v="lanelet"/>
    <tag k="subtype" v="road"/>
    <tag k="speed_limit" v="10"/>
    <tag k="location" v="urban"/>
    <tag k="one_way" v="yes"/>
    <tag k="one_way:vehicle:emergency" v="no"/>
  </relation>
  <relation id="34179">
    <member type="way" role="left" ref="33703"/>
    <member type="way" role="right" ref="34178"/>
    <member type="relation" role="regulatory_element" ref="34180"/>
    <tag k="type" v="lanelet"/>
    <tag k="subtype" v="road"/>
    <tag k="speed_limit" v="10"/>
    <tag k="location" v="urban"/>
    <tag k="one_way" v="yes"/>
    <tag k="one_way:vehicle:emergency" v="no"/>
  </relation>
  <relation id="34219">
    <member type="way" role="left" ref="34217"/>
    <member type="way" role="right" ref="34218"/>
    <member type="relation" role="regulatory_element" ref="34220"/>
    <tag k="type" v="lanelet"/>
    <tag k="subtype" v="road"/>
    <tag k="speed_limit" v="10"/>
    <tag k="location" v="urban"/>
    <tag k="one_way" v="yes"/>
    <tag k="one_way:vehicle:emergency" v="no"/>
  </relation>
  <relation id="34231">
    <member type="way" role="left" ref="34229"/>
    <member type="way" role="right" ref="34230"/>
    <member type="relation" role="regulatory_element" ref="34232"/>
    <tag k="type" v="lanelet"/>
    <tag k="subtype" v="road"/>
    <tag k="speed_limit" v="10"/>
    <tag k="location" v="urban"/>
    <tag k="one_way" v="yes"/>
    <tag k="one_way:vehicle:emergency" v="no"/>
  </relation>
  <relation id="34239">
    <member type="way" role="left" ref="34237"/>
    <member type="way" role="right" ref="34238"/>
    <member type="relation" role="regulatory_element" ref="34240"/>
    <tag k="type" v="lanelet"/>
    <tag k="subtype" v="road"/>
    <tag k="speed_limit" v="10"/>
    <tag k="location" v="urban"/>
    <tag k="one_way" v="yes"/>
    <tag k="one_way:vehicle:emergency" v="no"/>
  </relation>
  <relation id="34247">
    <member type="way" role="left" ref="34245"/>
    <member type="way" role="right" ref="34246"/>
    <member type="relation" role="regulatory_element" ref="34248"/>
    <tag k="type" v="lanelet"/>
    <tag k="subtype" v="road"/>
    <tag k="speed_limit" v="10"/>
    <tag k="location" v="urban"/>
    <tag k="one_way" v="yes"/>
    <tag k="one_way:vehicle:emergency" v="no"/>
  </relation>
  <relation id="34265">
    <member type="way" role="left" ref="34127"/>
    <member type="way" role="right" ref="34264"/>
    <member type="relation" role="regulatory_element" ref="34266"/>
    <tag k="type" v="lanelet"/>
    <tag k="subtype" v="road"/>
    <tag k="speed_limit" v="10"/>
    <tag k="location" v="urban"/>
    <tag k="one_way" v="yes"/>
    <tag k="one_way:vehicle:emergency" v="no"/>
  </relation>
  <relation id="34273">
    <member type="way" role="left" ref="34271"/>
    <member type="way" role="right" ref="34272"/>
    <member type="relation" role="regulatory_element" ref="34274"/>
    <tag k="type" v="lanelet"/>
    <tag k="subtype" v="road"/>
    <tag k="speed_limit" v="10"/>
    <tag k="location" v="urban"/>
    <tag k="one_way" v="yes"/>
    <tag k="one_way:vehicle:emergency" v="no"/>
  </relation>
  <relation id="34283">
    <member type="way" role="left" ref="34281"/>
    <member type="way" role="right" ref="34282"/>
    <member type="relation" role="regulatory_element" ref="34284"/>
    <tag k="type" v="lanelet"/>
    <tag k="subtype" v="road"/>
    <tag k="speed_limit" v="10"/>
    <tag k="location" v="urban"/>
    <tag k="one_way" v="yes"/>
    <tag k="one_way:vehicle:emergency" v="no"/>
  </relation>
  <relation id="34329">
    <member type="way" role="left" ref="34327"/>
    <member type="way" role="right" ref="34328"/>
    <member type="relation" role="regulatory_element" ref="34330"/>
    <tag k="type" v="lanelet"/>
    <tag k="subtype" v="road"/>
    <tag k="speed_limit" v="10"/>
    <tag k="location" v="urban"/>
    <tag k="one_way" v="yes"/>
    <tag k="one_way:vehicle:emergency" v="no"/>
  </relation>
  <relation id="34349">
    <member type="way" role="left" ref="34073"/>
    <member type="way" role="right" ref="34348"/>
    <member type="relation" role="regulatory_element" ref="34350"/>
    <tag k="type" v="lanelet"/>
    <tag k="subtype" v="road"/>
    <tag k="speed_limit" v="10"/>
    <tag k="location" v="urban"/>
    <tag k="one_way" v="yes"/>
    <tag k="one_way:vehicle:emergency" v="no"/>
  </relation>
  <relation id="34355">
    <member type="way" role="left" ref="34353"/>
    <member type="way" role="right" ref="34354"/>
    <member type="relation" role="regulatory_element" ref="34356"/>
    <tag k="type" v="lanelet"/>
    <tag k="subtype" v="road"/>
    <tag k="speed_limit" v="10"/>
    <tag k="location" v="urban"/>
    <tag k="one_way" v="yes"/>
    <tag k="one_way:vehicle:emergency" v="no"/>
  </relation>
  <relation id="34361">
    <member type="way" role="left" ref="33915"/>
    <member type="way" role="right" ref="34360"/>
    <member type="relation" role="regulatory_element" ref="34362"/>
    <tag k="type" v="lanelet"/>
    <tag k="subtype" v="road"/>
    <tag k="speed_limit" v="10"/>
    <tag k="location" v="urban"/>
    <tag k="one_way" v="yes"/>
    <tag k="one_way:vehicle:emergency" v="no"/>
  </relation>
  <relation id="34369">
    <member type="way" role="left" ref="34367"/>
    <member type="way" role="right" ref="34368"/>
    <member type="relation" role="regulatory_element" ref="34370"/>
    <tag k="type" v="lanelet"/>
    <tag k="subtype" v="road"/>
    <tag k="speed_limit" v="10"/>
    <tag k="location" v="urban"/>
    <tag k="one_way" v="yes"/>
    <tag k="one_way:vehicle:emergency" v="no"/>
  </relation>
  <relation id="34375">
    <member type="way" role="left" ref="32832"/>
    <member type="way" role="right" ref="34374"/>
    <member type="relation" role="regulatory_element" ref="34376"/>
    <tag k="type" v="lanelet"/>
    <tag k="subtype" v="road"/>
    <tag k="speed_limit" v="10"/>
    <tag k="location" v="urban"/>
    <tag k="one_way" v="yes"/>
    <tag k="one_way:vehicle:emergency" v="no"/>
  </relation>
  <relation id="34385">
    <member type="way" role="left" ref="34383"/>
    <member type="way" role="right" ref="34384"/>
    <member type="relation" role="regulatory_element" ref="34386"/>
    <tag k="type" v="lanelet"/>
    <tag k="subtype" v="road"/>
    <tag k="speed_limit" v="10"/>
    <tag k="location" v="urban"/>
    <tag k="one_way" v="yes"/>
    <tag k="one_way:vehicle:emergency" v="no"/>
  </relation>
  <relation id="32620">
    <tag k="type" v="regulatory_element"/>
    <tag k="subtype" v="speed_limit"/>
    <tag k="sign_type" v="de274-50"/>
  </relation>
  <relation id="32658">
    <tag k="type" v="regulatory_element"/>
    <tag k="subtype" v="speed_limit"/>
    <tag k="sign_type" v="de274-50"/>
  </relation>
  <relation id="32668">
    <tag k="type" v="regulatory_element"/>
    <tag k="subtype" v="speed_limit"/>
    <tag k="sign_type" v="de274-50"/>
  </relation>
  <relation id="32676">
    <tag k="type" v="regulatory_element"/>
    <tag k="subtype" v="speed_limit"/>
    <tag k="sign_type" v="de274-50"/>
  </relation>
  <relation id="32690">
    <tag k="type" v="regulatory_element"/>
    <tag k="subtype" v="speed_limit"/>
    <tag k="sign_type" v="de274-50"/>
  </relation>
  <relation id="32698">
    <tag k="type" v="regulatory_element"/>
    <tag k="subtype" v="speed_limit"/>
    <tag k="sign_type" v="de274-50"/>
  </relation>
  <relation id="32703">
    <tag k="type" v="regulatory_element"/>
    <tag k="subtype" v="speed_limit"/>
    <tag k="sign_type" v="de274-50"/>
  </relation>
  <relation id="32713">
    <tag k="type" v="regulatory_element"/>
    <tag k="subtype" v="speed_limit"/>
    <tag k="sign_type" v="de274-50"/>
  </relation>
  <relation id="32723">
    <tag k="type" v="regulatory_element"/>
    <tag k="subtype" v="speed_limit"/>
    <tag k="sign_type" v="de274-50"/>
  </relation>
  <relation id="32747">
    <tag k="type" v="regulatory_element"/>
    <tag k="subtype" v="speed_limit"/>
    <tag k="sign_type" v="de274-50"/>
  </relation>
  <relation id="32759">
    <tag k="type" v="regulatory_element"/>
    <tag k="subtype" v="speed_limit"/>
    <tag k="sign_type" v="de274-50"/>
  </relation>
  <relation id="32773">
    <tag k="type" v="regulatory_element"/>
    <tag k="subtype" v="speed_limit"/>
    <tag k="sign_type" v="de274-50"/>
  </relation>
  <relation id="32783">
    <tag k="type" v="regulatory_element"/>
    <tag k="subtype" v="speed_limit"/>
    <tag k="sign_type" v="de274-50"/>
  </relation>
  <relation id="32819">
    <tag k="type" v="regulatory_element"/>
    <tag k="subtype" v="speed_limit"/>
    <tag k="sign_type" v="de274-50"/>
  </relation>
  <relation id="32825">
    <tag k="type" v="regulatory_element"/>
    <tag k="subtype" v="speed_limit"/>
    <tag k="sign_type" v="de274-50"/>
  </relation>
  <relation id="32835">
    <tag k="type" v="regulatory_element"/>
    <tag k="subtype" v="speed_limit"/>
    <tag k="sign_type" v="de274-50"/>
  </relation>
  <relation id="32845">
    <tag k="type" v="regulatory_element"/>
    <tag k="subtype" v="speed_limit"/>
    <tag k="sign_type" v="de274-50"/>
  </relation>
  <relation id="32859">
    <tag k="type" v="regulatory_element"/>
    <tag k="subtype" v="speed_limit"/>
    <tag k="sign_type" v="de274-50"/>
  </relation>
  <relation id="32885">
    <tag k="type" v="regulatory_element"/>
    <tag k="subtype" v="speed_limit"/>
    <tag k="sign_type" v="de274-50"/>
  </relation>
  <relation id="32899">
    <tag k="type" v="regulatory_element"/>
    <tag k="subtype" v="speed_limit"/>
    <tag k="sign_type" v="de274-50"/>
  </relation>
  <relation id="32905">
    <tag k="type" v="regulatory_element"/>
    <tag k="subtype" v="speed_limit"/>
    <tag k="sign_type" v="de274-50"/>
  </relation>
  <relation id="32917">
    <tag k="type" v="regulatory_element"/>
    <tag k="subtype" v="speed_limit"/>
    <tag k="sign_type" v="de274-50"/>
  </relation>
  <relation id="32967">
    <tag k="type" v="regulatory_element"/>
    <tag k="subtype" v="speed_limit"/>
    <tag k="sign_type" v="de274-50"/>
  </relation>
  <relation id="32971">
    <tag k="type" v="regulatory_element"/>
    <tag k="subtype" v="speed_limit"/>
    <tag k="sign_type" v="de274-50"/>
  </relation>
  <relation id="32999">
    <tag k="type" v="regulatory_element"/>
    <tag k="subtype" v="speed_limit"/>
    <tag k="sign_type" v="de274-50"/>
  </relation>
  <relation id="33007">
    <tag k="type" v="regulatory_element"/>
    <tag k="subtype" v="speed_limit"/>
    <tag k="sign_type" v="de274-50"/>
  </relation>
  <relation id="33023">
    <tag k="type" v="regulatory_element"/>
    <tag k="subtype" v="speed_limit"/>
    <tag k="sign_type" v="de274-50"/>
  </relation>
  <relation id="33031">
    <tag k="type" v="regulatory_element"/>
    <tag k="subtype" v="speed_limit"/>
    <tag k="sign_type" v="de274-50"/>
  </relation>
  <relation id="33047">
    <tag k="type" v="regulatory_element"/>
    <tag k="subtype" v="speed_limit"/>
    <tag k="sign_type" v="de274-50"/>
  </relation>
  <relation id="33059">
    <tag k="type" v="regulatory_element"/>
    <tag k="subtype" v="speed_limit"/>
    <tag k="sign_type" v="de274-50"/>
  </relation>
  <relation id="33147">
    <tag k="type" v="regulatory_element"/>
    <tag k="subtype" v="speed_limit"/>
    <tag k="sign_type" v="de274-50"/>
  </relation>
  <relation id="33153">
    <tag k="type" v="regulatory_element"/>
    <tag k="subtype" v="speed_limit"/>
    <tag k="sign_type" v="de274-50"/>
  </relation>
  <relation id="33169">
    <tag k="type" v="regulatory_element"/>
    <tag k="subtype" v="speed_limit"/>
    <tag k="sign_type" v="de274-50"/>
  </relation>
  <relation id="33223">
    <tag k="type" v="regulatory_element"/>
    <tag k="subtype" v="speed_limit"/>
    <tag k="sign_type" v="de274-50"/>
  </relation>
  <relation id="33233">
    <tag k="type" v="regulatory_element"/>
    <tag k="subtype" v="speed_limit"/>
    <tag k="sign_type" v="de274-50"/>
  </relation>
  <relation id="33247">
    <tag k="type" v="regulatory_element"/>
    <tag k="subtype" v="speed_limit"/>
    <tag k="sign_type" v="de274-50"/>
  </relation>
  <relation id="33253">
    <tag k="type" v="regulatory_element"/>
    <tag k="subtype" v="speed_limit"/>
    <tag k="sign_type" v="de274-50"/>
  </relation>
  <relation id="33263">
    <tag k="type" v="regulatory_element"/>
    <tag k="subtype" v="speed_limit"/>
    <tag k="sign_type" v="de274-50"/>
  </relation>
  <relation id="33269">
    <tag k="type" v="regulatory_element"/>
    <tag k="subtype" v="speed_limit"/>
    <tag k="sign_type" v="de274-50"/>
  </relation>
  <relation id="33297">
    <tag k="type" v="regulatory_element"/>
    <tag k="subtype" v="speed_limit"/>
    <tag k="sign_type" v="de274-50"/>
  </relation>
  <relation id="33303">
    <tag k="type" v="regulatory_element"/>
    <tag k="subtype" v="speed_limit"/>
    <tag k="sign_type" v="de274-50"/>
  </relation>
  <relation id="33349">
    <tag k="type" v="regulatory_element"/>
    <tag k="subtype" v="speed_limit"/>
    <tag k="sign_type" v="de274-50"/>
  </relation>
  <relation id="33357">
    <tag k="type" v="regulatory_element"/>
    <tag k="subtype" v="speed_limit"/>
    <tag k="sign_type" v="de274-50"/>
  </relation>
  <relation id="33367">
    <tag k="type" v="regulatory_element"/>
    <tag k="subtype" v="speed_limit"/>
    <tag k="sign_type" v="de274-50"/>
  </relation>
  <relation id="33375">
    <tag k="type" v="regulatory_element"/>
    <tag k="subtype" v="speed_limit"/>
    <tag k="sign_type" v="de274-50"/>
  </relation>
  <relation id="33383">
    <tag k="type" v="regulatory_element"/>
    <tag k="subtype" v="speed_limit"/>
    <tag k="sign_type" v="de274-50"/>
  </relation>
  <relation id="33391">
    <tag k="type" v="regulatory_element"/>
    <tag k="subtype" v="speed_limit"/>
    <tag k="sign_type" v="de274-50"/>
  </relation>
  <relation id="33431">
    <tag k="type" v="regulatory_element"/>
    <tag k="subtype" v="speed_limit"/>
    <tag k="sign_type" v="de274-50"/>
  </relation>
  <relation id="33443">
    <tag k="type" v="regulatory_element"/>
    <tag k="subtype" v="speed_limit"/>
    <tag k="sign_type" v="de274-50"/>
  </relation>
  <relation id="33483">
    <tag k="type" v="regulatory_element"/>
    <tag k="subtype" v="speed_limit"/>
    <tag k="sign_type" v="de274-50"/>
  </relation>
  <relation id="33495">
    <tag k="type" v="regulatory_element"/>
    <tag k="subtype" v="speed_limit"/>
    <tag k="sign_type" v="de274-50"/>
  </relation>
  <relation id="33507">
    <tag k="type" v="regulatory_element"/>
    <tag k="subtype" v="speed_limit"/>
    <tag k="sign_type" v="de274-50"/>
  </relation>
  <relation id="33521">
    <tag k="type" v="regulatory_element"/>
    <tag k="subtype" v="speed_limit"/>
    <tag k="sign_type" v="de274-50"/>
  </relation>
  <relation id="33531">
    <tag k="type" v="regulatory_element"/>
    <tag k="subtype" v="speed_limit"/>
    <tag k="sign_type" v="de274-50"/>
  </relation>
  <relation id="33536">
    <tag k="type" v="regulatory_element"/>
    <tag k="subtype" v="speed_limit"/>
    <tag k="sign_type" v="de274-50"/>
  </relation>
  <relation id="33546">
    <tag k="type" v="regulatory_element"/>
    <tag k="subtype" v="speed_limit"/>
    <tag k="sign_type" v="de274-50"/>
  </relation>
  <relation id="33566">
    <tag k="type" v="regulatory_element"/>
    <tag k="subtype" v="speed_limit"/>
    <tag k="sign_type" v="de274-50"/>
  </relation>
  <relation id="33576">
    <tag k="type" v="regulatory_element"/>
    <tag k="subtype" v="speed_limit"/>
    <tag k="sign_type" v="de274-50"/>
  </relation>
  <relation id="33579">
    <tag k="type" v="regulatory_element"/>
    <tag k="subtype" v="speed_limit"/>
    <tag k="sign_type" v="de274-50"/>
  </relation>
  <relation id="33585">
    <tag k="type" v="regulatory_element"/>
    <tag k="subtype" v="speed_limit"/>
    <tag k="sign_type" v="de274-50"/>
  </relation>
  <relation id="33591">
    <tag k="type" v="regulatory_element"/>
    <tag k="subtype" v="speed_limit"/>
    <tag k="sign_type" v="de274-50"/>
  </relation>
  <relation id="33599">
    <tag k="type" v="regulatory_element"/>
    <tag k="subtype" v="speed_limit"/>
    <tag k="sign_type" v="de274-50"/>
  </relation>
  <relation id="33603">
    <tag k="type" v="regulatory_element"/>
    <tag k="subtype" v="speed_limit"/>
    <tag k="sign_type" v="de274-50"/>
  </relation>
  <relation id="33606">
    <tag k="type" v="regulatory_element"/>
    <tag k="subtype" v="speed_limit"/>
    <tag k="sign_type" v="de274-50"/>
  </relation>
  <relation id="33612">
    <tag k="type" v="regulatory_element"/>
    <tag k="subtype" v="speed_limit"/>
    <tag k="sign_type" v="de274-50"/>
  </relation>
  <relation id="33662">
    <tag k="type" v="regulatory_element"/>
    <tag k="subtype" v="speed_limit"/>
    <tag k="sign_type" v="de274-50"/>
  </relation>
  <relation id="33694">
    <tag k="type" v="regulatory_element"/>
    <tag k="subtype" v="speed_limit"/>
    <tag k="sign_type" v="de274-50"/>
  </relation>
  <relation id="33706">
    <tag k="type" v="regulatory_element"/>
    <tag k="subtype" v="speed_limit"/>
    <tag k="sign_type" v="de274-50"/>
  </relation>
  <relation id="33730">
    <tag k="type" v="regulatory_element"/>
    <tag k="subtype" v="speed_limit"/>
    <tag k="sign_type" v="de274-50"/>
  </relation>
  <relation id="33740">
    <tag k="type" v="regulatory_element"/>
    <tag k="subtype" v="speed_limit"/>
    <tag k="sign_type" v="de274-50"/>
  </relation>
  <relation id="33776">
    <tag k="type" v="regulatory_element"/>
    <tag k="subtype" v="speed_limit"/>
    <tag k="sign_type" v="de274-50"/>
  </relation>
  <relation id="33810">
    <tag k="type" v="regulatory_element"/>
    <tag k="subtype" v="speed_limit"/>
    <tag k="sign_type" v="de274-50"/>
  </relation>
  <relation id="33822">
    <tag k="type" v="regulatory_element"/>
    <tag k="subtype" v="speed_limit"/>
    <tag k="sign_type" v="de274-50"/>
  </relation>
  <relation id="33826">
    <tag k="type" v="regulatory_element"/>
    <tag k="subtype" v="speed_limit"/>
    <tag k="sign_type" v="de274-50"/>
  </relation>
  <relation id="33840">
    <tag k="type" v="regulatory_element"/>
    <tag k="subtype" v="speed_limit"/>
    <tag k="sign_type" v="de274-50"/>
  </relation>
  <relation id="33844">
    <tag k="type" v="regulatory_element"/>
    <tag k="subtype" v="speed_limit"/>
    <tag k="sign_type" v="de274-50"/>
  </relation>
  <relation id="33852">
    <tag k="type" v="regulatory_element"/>
    <tag k="subtype" v="speed_limit"/>
    <tag k="sign_type" v="de274-50"/>
  </relation>
  <relation id="33860">
    <tag k="type" v="regulatory_element"/>
    <tag k="subtype" v="speed_limit"/>
    <tag k="sign_type" v="de274-50"/>
  </relation>
  <relation id="33866">
    <tag k="type" v="regulatory_element"/>
    <tag k="subtype" v="speed_limit"/>
    <tag k="sign_type" v="de274-50"/>
  </relation>
  <relation id="33872">
    <tag k="type" v="regulatory_element"/>
    <tag k="subtype" v="speed_limit"/>
    <tag k="sign_type" v="de274-50"/>
  </relation>
  <relation id="33886">
    <tag k="type" v="regulatory_element"/>
    <tag k="subtype" v="speed_limit"/>
    <tag k="sign_type" v="de274-50"/>
  </relation>
  <relation id="33904">
    <tag k="type" v="regulatory_element"/>
    <tag k="subtype" v="speed_limit"/>
    <tag k="sign_type" v="de274-50"/>
  </relation>
  <relation id="33918">
    <tag k="type" v="regulatory_element"/>
    <tag k="subtype" v="speed_limit"/>
    <tag k="sign_type" v="de274-50"/>
  </relation>
  <relation id="33938">
    <tag k="type" v="regulatory_element"/>
    <tag k="subtype" v="speed_limit"/>
    <tag k="sign_type" v="de274-50"/>
  </relation>
  <relation id="33950">
    <tag k="type" v="regulatory_element"/>
    <tag k="subtype" v="speed_limit"/>
    <tag k="sign_type" v="de274-50"/>
  </relation>
  <relation id="33954">
    <tag k="type" v="regulatory_element"/>
    <tag k="subtype" v="speed_limit"/>
    <tag k="sign_type" v="de274-50"/>
  </relation>
  <relation id="33962">
    <tag k="type" v="regulatory_element"/>
    <tag k="subtype" v="speed_limit"/>
    <tag k="sign_type" v="de274-50"/>
  </relation>
  <relation id="33966">
    <tag k="type" v="regulatory_element"/>
    <tag k="subtype" v="speed_limit"/>
    <tag k="sign_type" v="de274-50"/>
  </relation>
  <relation id="33996">
    <tag k="type" v="regulatory_element"/>
    <tag k="subtype" v="speed_limit"/>
    <tag k="sign_type" v="de274-50"/>
  </relation>
  <relation id="34032">
    <tag k="type" v="regulatory_element"/>
    <tag k="subtype" v="speed_limit"/>
    <tag k="sign_type" v="de274-50"/>
  </relation>
  <relation id="34036">
    <tag k="type" v="regulatory_element"/>
    <tag k="subtype" v="speed_limit"/>
    <tag k="sign_type" v="de274-50"/>
  </relation>
  <relation id="34076">
    <tag k="type" v="regulatory_element"/>
    <tag k="subtype" v="speed_limit"/>
    <tag k="sign_type" v="de274-50"/>
  </relation>
  <relation id="34080">
    <tag k="type" v="regulatory_element"/>
    <tag k="subtype" v="speed_limit"/>
    <tag k="sign_type" v="de274-50"/>
  </relation>
  <relation id="34084">
    <tag k="type" v="regulatory_element"/>
    <tag k="subtype" v="speed_limit"/>
    <tag k="sign_type" v="de274-50"/>
  </relation>
  <relation id="34088">
    <tag k="type" v="regulatory_element"/>
    <tag k="subtype" v="speed_limit"/>
    <tag k="sign_type" v="de274-50"/>
  </relation>
  <relation id="34096">
    <tag k="type" v="regulatory_element"/>
    <tag k="subtype" v="speed_limit"/>
    <tag k="sign_type" v="de274-50"/>
  </relation>
  <relation id="34130">
    <tag k="type" v="regulatory_element"/>
    <tag k="subtype" v="speed_limit"/>
    <tag k="sign_type" v="de274-50"/>
  </relation>
  <relation id="34133">
    <tag k="type" v="regulatory_element"/>
    <tag k="subtype" v="speed_limit"/>
    <tag k="sign_type" v="de274-50"/>
  </relation>
  <relation id="34145">
    <tag k="type" v="regulatory_element"/>
    <tag k="subtype" v="speed_limit"/>
    <tag k="sign_type" v="de274-50"/>
  </relation>
  <relation id="34155">
    <tag k="type" v="regulatory_element"/>
    <tag k="subtype" v="speed_limit"/>
    <tag k="sign_type" v="de274-50"/>
  </relation>
  <relation id="34160">
    <tag k="type" v="regulatory_element"/>
    <tag k="subtype" v="speed_limit"/>
    <tag k="sign_type" v="de274-50"/>
  </relation>
  <relation id="34163">
    <tag k="type" v="regulatory_element"/>
    <tag k="subtype" v="speed_limit"/>
    <tag k="sign_type" v="de274-50"/>
  </relation>
  <relation id="34173">
    <tag k="type" v="regulatory_element"/>
    <tag k="subtype" v="speed_limit"/>
    <tag k="sign_type" v="de274-50"/>
  </relation>
  <relation id="34180">
    <tag k="type" v="regulatory_element"/>
    <tag k="subtype" v="speed_limit"/>
    <tag k="sign_type" v="de274-50"/>
  </relation>
  <relation id="34220">
    <tag k="type" v="regulatory_element"/>
    <tag k="subtype" v="speed_limit"/>
    <tag k="sign_type" v="de274-50"/>
  </relation>
  <relation id="34232">
    <tag k="type" v="regulatory_element"/>
    <tag k="subtype" v="speed_limit"/>
    <tag k="sign_type" v="de274-50"/>
  </relation>
  <relation id="34240">
    <tag k="type" v="regulatory_element"/>
    <tag k="subtype" v="speed_limit"/>
    <tag k="sign_type" v="de274-50"/>
  </relation>
  <relation id="34248">
    <tag k="type" v="regulatory_element"/>
    <tag k="subtype" v="speed_limit"/>
    <tag k="sign_type" v="de274-50"/>
  </relation>
  <relation id="34266">
    <tag k="type" v="regulatory_element"/>
    <tag k="subtype" v="speed_limit"/>
    <tag k="sign_type" v="de274-50"/>
  </relation>
  <relation id="34274">
    <tag k="type" v="regulatory_element"/>
    <tag k="subtype" v="speed_limit"/>
    <tag k="sign_type" v="de274-50"/>
  </relation>
  <relation id="34284">
    <tag k="type" v="regulatory_element"/>
    <tag k="subtype" v="speed_limit"/>
    <tag k="sign_type" v="de274-50"/>
  </relation>
  <relation id="34330">
    <tag k="type" v="regulatory_element"/>
    <tag k="subtype" v="speed_limit"/>
    <tag k="sign_type" v="de274-50"/>
  </relation>
  <relation id="34350">
    <tag k="type" v="regulatory_element"/>
    <tag k="subtype" v="speed_limit"/>
    <tag k="sign_type" v="de274-50"/>
  </relation>
  <relation id="34356">
    <tag k="type" v="regulatory_element"/>
    <tag k="subtype" v="speed_limit"/>
    <tag k="sign_type" v="de274-50"/>
  </relation>
  <relation id="34362">
    <tag k="type" v="regulatory_element"/>
    <tag k="subtype" v="speed_limit"/>
    <tag k="sign_type" v="de274-50"/>
  </relation>
  <relation id="34370">
    <tag k="type" v="regulatory_element"/>
    <tag k="subtype" v="speed_limit"/>
    <tag k="sign_type" v="de274-50"/>
  </relation>
  <relation id="34376">
    <tag k="type" v="regulatory_element"/>
    <tag k="subtype" v="speed_limit"/>
    <tag k="sign_type" v="de274-50"/>
  </relation>
  <relation id="34386">
    <tag k="type" v="regulatory_element"/>
    <tag k="subtype" v="speed_limit"/>
    <tag k="sign_type" v="de274-50"/>
  </relation>
  <relation id="34445">
    <member type="way" role="ref_line" ref="34441"/>
    <member type="way" role="refers" ref="34444"/>
    <tag k="type" v="regulatory_element"/>
    <tag k="subtype" v="traffic_sign"/>
  </relation>
</osm>
