cohort,old_solver_feasible,old_monitor_compliant,old_success,old_core_total_time,old_num_binary_variables,scenario_id,scenario_path,ego_id,rule,repeat,encoding,num_steps,solver_feasible,monitor_compliant,success,specification_time,solver_setup_time,solve_time,core_total_time,validation_time,gurobi_runtime,num_variables,num_binary_variables,num_constraints,solver_status,mip_gap,robustness,updated_tv,updated_other_id,updated_diagnostics,candidate_sd_at_tv,error,rule_semantics,fixed_other_id,vp_tv,result_provenance,validation_scope,dataset_cohort,result_source_csv
all_cases,True,True,True,2.0146590399999695,358,DEU_LocationALower-34_37_T-1,scenarios/experiment_scenarios/highd/DEU_LocationALower-34_37_T-1.xml,9,R_G1,0,standard,20,True,True,True,0.012260729999979958,0.7022063639997214,0.01934656699995685,0.7338136609996582,0.06866684899978281,0.018730878829956055,1372,330,2053,2,4.343469486962683e-15,0.009999999999195097,inf,,,,,,,2,,legacy_full_scene,R_G1_highD,micp_comparison/results/lin2025_standard_full_2026-09-04/rg1.csv
all_cases,True,True,True,1.5158291349998763,378,DEU_LocationALower-11_131_T-1,scenarios/experiment_scenarios/highd/DEU_LocationALower-11_131_T-1.xml,18,R_G1,0,standard,21,True,True,True,0.009328018999440246,0.8030347269996128,0.043647169000905706,0.8560099149999587,0.08376989799944567,0.04288601875305176,1535,378,2271,2,0.0,0.00999999999942247,inf,,,,,,,9,,legacy_full_scene,R_G1_highD,micp_comparison/results/lin2025_standard_full_2026-09-04/rg1.csv
all_cases,True,True,True,2.192289501999767,357,DEU_LocationALower-11_4_T-1,scenarios/experiment_scenarios/highd/DEU_LocationALower-11_4_T-1.xml,18,R_G1,0,standard,21,True,True,True,0.00708546900023066,0.7618586469998263,0.01597652100099367,0.7849206370010506,0.06678407000072184,0.015259027481079102,1472,357,2187,2,0.0,0.009999999994988684,inf,,,,,,,6,,legacy_full_scene,R_G1_highD,micp_comparison/results/lin2025_standard_full_2026-09-04/rg1.csv
all_cases,True,True,True,2.6107724929988763,378,DEU_LocationALower-11_43_T-1,scenarios/experiment_scenarios/highd/DEU_LocationALower-11_43_T-1.xml,17,R_G1,0,standard,21,True,True,True,0.009486515000389772,0.8183129009994445,0.032708988001104444,0.8605084040009388,0.20026600600067468,0.03196096420288086,1535,378,2271,2,2.761804855183635e-15,0.00999999999942247,inf,,,,,,,2,,legacy_full_scene,R_G1_highD,micp_comparison/results/lin2025_standard_full_2026-09-04/rg1.csv
all_cases,True,True,True,1.9026766669994686,378,DEU_LocationALower-11_56_T-1,scenarios/experiment_scenarios/highd/DEU_LocationALower-11_56_T-1.xml,15,R_G1,0,standard,21,True,True,True,0.00717621900002996,0.7975632459983899,0.033787261998440954,0.8385267269968608,0.07846200899984979,0.03275895118713379,1535,378,2271,2,1.7529192261349604e-15,0.009999999994988684,inf,,,,,,,14,,legacy_full_scene,R_G1_highD,micp_comparison/results/lin2025_standard_full_2026-09-04/rg1.csv
all_cases,True,True,True,1.7904547570014984,378,DEU_LocationALower-11_64_T-1,scenarios/experiment_scenarios/highd/DEU_LocationALower-11_64_T-1.xml,18,R_G1,0,standard,21,True,True,True,0.00772341999982018,0.8419282509985351,0.01391888500074856,0.8635705559991038,0.0804998900002829,0.013029098510742188,1535,378,2271,2,1.4358032186559816e-15,0.00999999999942247,inf,,,,,,,15,,legacy_full_scene,R_G1_highD,micp_comparison/results/lin2025_standard_full_2026-09-04/rg1.csv
all_cases,True,True,True,1.7107201170001645,378,DEU_LocationALower-12_109_T-1,scenarios/experiment_scenarios/highd/DEU_LocationALower-12_109_T-1.xml,20,R_G1,0,standard,21,True,True,True,0.011206791001313832,0.8827115780004533,0.01627311899937922,0.9101914880011464,0.09992311899986817,0.015558004379272461,1535,378,2271,2,1.8645213045647475e-15,0.00999999999942247,inf,,,,,,,19,,legacy_full_scene,R_G1_highD,micp_comparison/results/lin2025_standard_full_2026-09-04/rg1.csv
all_cases,True,True,True,2.450634976999936,378,DEU_LocationALower-12_217_T-1,scenarios/experiment_scenarios/highd/DEU_LocationALower-12_217_T-1.xml,14,R_G1,0,standard,21,True,True,True,0.009274575999370427,0.8901082499996846,0.05169213299996045,0.9510749589990155,0.08089689100052055,0.050868988037109375,1535,378,2271,2,0.0,0.009999999996807674,inf,,,,,,,17,,legacy_full_scene,R_G1_highD,micp_comparison/results/lin2025_standard_full_2026-09-04/rg1.csv
all_cases,True,True,True,1.5738582920002955,357,DEU_LocationALower-12_52_T-1,scenarios/experiment_scenarios/highd/DEU_LocationALower-12_52_T-1.xml,26,R_G1,0,standard,21,True,True,True,0.01240220899853739,0.8346646139998484,0.014641988000221318,0.8617088109986071,0.2625217349996092,0.013664960861206055,1472,357,2187,2,0.0,0.01,inf,,,,,,,7,,legacy_full_scene,R_G1_highD,micp_comparison/results/lin2025_standard_full_2026-09-04/rg1.csv
all_cases,True,True,True,1.6347399810001662,357,DEU_LocationALower-13_162_T-1,scenarios/experiment_scenarios/highd/DEU_LocationALower-13_162_T-1.xml,21,R_G1,0,standard,21,True,True,True,0.011366173999704188,0.8418841820002854,0.01747290900129883,0.8707232650012884,0.0928191559996776,0.016592025756835938,1472,357,2187,2,0.0,0.009999999994988684,inf,,,,,,,17,,legacy_full_scene,R_G1_highD,micp_comparison/results/lin2025_standard_full_2026-09-04/rg1.csv
all_cases,True,True,True,2.4825352060015575,376,DEU_LocationALower-13_167_T-1,scenarios/experiment_scenarios/highd/DEU_LocationALower-13_167_T-1.xml,17,R_G1,0,standard,21,True,True,True,0.008128700999805005,0.8719735060003586,0.045775160999255604,0.9258773679994192,0.07803722100106825,0.04494905471801758,1529,376,2263,2,0.0,0.00999999999908141,inf,,,,,,,8,,legacy_full_scene,R_G1_highD,micp_comparison/results/lin2025_standard_full_2026-09-04/rg1.csv
all_cases,True,True,True,2.5984964210001635,378,DEU_LocationALower-13_214_T-1,scenarios/experiment_scenarios/highd/DEU_LocationALower-13_214_T-1.xml,21,R_G1,0,standard,21,True,True,True,0.010587951999696088,0.8332359220003127,0.016541240000151447,0.8603651140001602,0.0972693209987483,0.01570606231689453,1535,378,2271,2,2.6943191658050055e-15,0.00999999999942247,inf,,,,,,,16,,legacy_full_scene,R_G1_highD,micp_comparison/results/lin2025_standard_full_2026-09-04/rg1.csv
all_cases,True,True,True,1.7747174569994968,357,DEU_LocationALower-13_239_T-1,scenarios/experiment_scenarios/highd/DEU_LocationALower-13_239_T-1.xml,18,R_G1,0,standard,21,True,True,True,0.00808390499878442,0.8030838960003166,0.015465184000277077,0.8266329849993781,0.09452113900078984,0.014677047729492188,1472,357,2187,2,0.0,0.009999999996807674,inf,,,,,,,14,,legacy_full_scene,R_G1_highD,micp_comparison/results/lin2025_standard_full_2026-09-04/rg1.csv
all_cases,True,True,True,2.140141471998504,357,DEU_LocationALower-13_241_T-1,scenarios/experiment_scenarios/highd/DEU_LocationALower-13_241_T-1.xml,20,R_G1,0,standard,21,True,True,True,0.006876233999719261,0.8181384899999102,0.012197640999147552,0.837212364998777,0.10728004799966584,0.011495113372802734,1472,357,2187,2,0.0,0.009999999995898179,inf,,,,,,,18,,legacy_full_scene,R_G1_highD,micp_comparison/results/lin2025_standard_full_2026-09-04/rg1.csv
all_cases,True,True,True,1.4661574700003257,357,DEU_LocationALower-13_247_T-1,scenarios/experiment_scenarios/highd/DEU_LocationALower-13_247_T-1.xml,15,R_G1,0,standard,21,True,True,True,0.006372687999828486,0.8162511690006795,0.019077173999903607,0.8417010310004116,0.0979028460005793,0.018290042877197266,1472,357,2187,2,0.0,0.009999999994988684,inf,,,,,,,8,,legacy_full_scene,R_G1_highD,micp_comparison/results/lin2025_standard_full_2026-09-04/rg1.csv
all_cases,True,True,True,2.091869122998105,378,DEU_LocationALower-13_29_T-1,scenarios/experiment_scenarios/highd/DEU_LocationALower-13_29_T-1.xml,18,R_G1,0,standard,21,True,True,True,0.008070212999882642,0.860731297001621,0.015107711000382551,0.8839092210018862,0.11960837400147284,0.014297962188720703,1535,378,2271,2,1.5106882773325868e-15,0.00999999999942247,inf,,,,,,,19,,legacy_full_scene,R_G1_highD,micp_comparison/results/lin2025_standard_full_2026-09-04/rg1.csv
all_cases,True,True,True,1.4584451480004645,378,DEU_LocationALower-13_56_T-1,scenarios/experiment_scenarios/highd/DEU_LocationALower-13_56_T-1.xml,10,R_G1,0,standard,21,True,True,True,0.01250484899901494,0.8471041359989613,0.014255280000725179,0.8738642649987014,0.1142384819995641,0.01347804069519043,1535,378,2271,2,0.0,0.009999999999536158,inf,,,,,,,13,,legacy_full_scene,R_G1_highD,micp_comparison/results/lin2025_standard_full_2026-09-04/rg1.csv
all_cases,True,True,True,1.611955491000117,378,DEU_LocationALower-11_110_T-1,scenarios/experiment_scenarios/highd/DEU_LocationALower-11_110_T-1.xml,16,R_G1,0,standard,21,True,True,True,0.011141421000502305,0.834591893999459,0.015192700000625337,0.8609260150005866,0.12475920100041549,0.014286041259765625,1535,378,2271,2,2.635508704131421e-15,0.009999999999536158,inf,,,,,,,8,,legacy_full_scene,R_G1_highD,micp_comparison/results/lin2025_standard_full_2026-09-04/rg1.csv
all_cases,True,True,True,1.9634121560011408,357,DEU_LocationALower-14_161_T-1,scenarios/experiment_scenarios/highd/DEU_LocationALower-14_161_T-1.xml,21,R_G1,0,standard,21,True,True,True,0.007129180999982054,0.8267803029993956,0.012335584000538802,0.8462450679999165,0.11247113500030537,0.011476993560791016,1472,357,2187,2,0.0,0.009999999995898179,inf,,,,,,,15,,legacy_full_scene,R_G1_highD,micp_comparison/results/lin2025_standard_full_2026-09-04/rg1.csv
all_cases,True,True,True,2.1547985640008847,378,DEU_LocationALower-14_219_T-1,scenarios/experiment_scenarios/highd/DEU_LocationALower-14_219_T-1.xml,12,R_G1,0,standard,21,True,True,True,0.011420373999499134,0.8669577969994862,0.023637206000785227,0.9020153769997705,0.11020635599925299,0.022782087326049805,1535,378,2271,2,1.8645712401985922e-15,0.00999999999942247,inf,,,,,,,8,,legacy_full_scene,R_G1_highD,micp_comparison/results/lin2025_standard_full_2026-09-04/rg1.csv
all_cases,True,True,True,1.7175665009999648,378,DEU_LocationALower-14_247_T-1,scenarios/experiment_scenarios/highd/DEU_LocationALower-14_247_T-1.xml,16,R_G1,0,standard,21,True,True,True,0.008390699000301538,0.8730716279987973,0.013914348999605863,0.8953766759987047,0.12026696899920353,0.013183116912841797,1535,378,2271,2,0.0,0.00999999999942247,inf,,,,,,,13,,legacy_full_scene,R_G1_highD,micp_comparison/results/lin2025_standard_full_2026-09-04/rg1.csv
all_cases,True,True,True,1.5979732209998474,378,DEU_LocationALower-14_252_T-1,scenarios/experiment_scenarios/highd/DEU_LocationALower-14_252_T-1.xml,12,R_G1,0,standard,21,True,True,True,0.006863048000013805,0.9053052870003739,0.01659223300157464,0.9287605680019624,0.09867360000134795,0.015876054763793945,1535,378,2271,2,2.638317329004474e-15,0.00999999999942247,inf,,,,,,,18,,legacy_full_scene,R_G1_highD,micp_comparison/results/lin2025_standard_full_2026-09-04/rg1.csv
all_cases,True,True,True,1.4248365919993375,369,DEU_LocationALower-14_255_T-1,scenarios/experiment_scenarios/highd/DEU_LocationALower-14_255_T-1.xml,11,R_G1,0,standard,21,True,True,True,0.01091001100030553,0.8649748219995672,0.019540954001058708,0.8954257870009315,0.1358022600015829,0.018780946731567383,1508,369,2235,2,0.0,0.009999999995898179,inf,,,,,,,11,,legacy_full_scene,R_G1_highD,micp_comparison/results/lin2025_standard_full_2026-09-04/rg1.csv
all_cases,True,True,True,1.6011177210002643,378,DEU_LocationALower-14_39_T-1,scenarios/experiment_scenarios/highd/DEU_LocationALower-14_39_T-1.xml,15,R_G1,0,standard,21,True,True,True,0.01197269300064363,0.8990371790005156,0.038807849001386785,0.949817721002546,0.1296963090007921,0.03797602653503418,1535,378,2271,2,1.1200602889084812e-15,0.009999999995898179,inf,,,,,,,14,,legacy_full_scene,R_G1_highD,micp_comparison/results/lin2025_standard_full_2026-09-04/rg1.csv
all_cases,True,True,True,1.500378760001695,378,DEU_LocationALower-25_155_T-1,scenarios/experiment_scenarios/highd/DEU_LocationALower-25_155_T-1.xml,15,R_G1,0,standard,21,True,True,True,0.009438393999516848,0.8651635610003723,0.014072496000153478,0.8886744510000426,0.12604553600067447,0.013247013092041016,1535,378,2271,2,0.0,0.009999999994988684,inf,,,,,,,11,,legacy_full_scene,R_G1_highD,micp_comparison/results/lin2025_standard_full_2026-09-04/rg1.csv
all_cases,True,True,True,1.7214295939975273,378,DEU_LocationALower-27_140_T-1,scenarios/experiment_scenarios/highd/DEU_LocationALower-27_140_T-1.xml,14,R_G1,0,standard,21,True,True,True,0.009693523001260473,0.875968226000623,0.014597970999602694,0.9002597200014861,0.13505516400073247,0.013787031173706055,1535,378,2271,2,2.549241547214019e-15,0.009999999998854037,inf,,,,,,,8,,legacy_full_scene,R_G1_highD,micp_comparison/results/lin2025_standard_full_2026-09-04/rg1.csv
all_cases,True,True,True,2.2900939140017726,378,DEU_LocationALower-28_109_T-1,scenarios/experiment_scenarios/highd/DEU_LocationALower-28_109_T-1.xml,13,R_G1,0,standard,21,True,True,True,0.009957453999959398,0.9030148809997627,0.01407036399905337,0.9270426989987754,0.1350815940004395,0.01320505142211914,1535,378,2271,2,0.0,0.00999999999942247,inf,,,,,,,11,,legacy_full_scene,R_G1_highD,micp_comparison/results/lin2025_standard_full_2026-09-04/rg1.csv
all_cases,True,True,True,2.3932556670006306,378,DEU_LocationALower-28_109_T-1,scenarios/experiment_scenarios/highd/DEU_LocationALower-28_109_T-1.xml,18,R_G1,0,standard,21,True,True,True,0.008068894001553417,0.8516099079988635,0.017272777999096434,0.8769515799995133,0.13799649700013106,0.016479969024658203,1535,378,2271,2,7.152334758683012e-15,0.009999999995898179,inf,,,,,,,9,,legacy_full_scene,R_G1_highD,micp_comparison/results/lin2025_standard_full_2026-09-04/rg1.csv
all_cases,True,True,True,2.3604224659993633,378,DEU_LocationALower-28_228_T-1,scenarios/experiment_scenarios/highd/DEU_LocationALower-28_228_T-1.xml,11,R_G1,0,standard,21,True,True,True,0.006475403000877122,0.8735975169984158,0.03588199799924041,0.9159549179985333,0.10918427199976577,0.035112857818603516,1535,378,2271,2,2.136377446357219e-15,0.009999999998967724,inf,,,,,,,17,,legacy_full_scene,R_G1_highD,micp_comparison/results/lin2025_standard_full_2026-09-04/rg1.csv
all_cases,True,True,True,2.35476086199742,378,DEU_LocationALower-28_252_T-1,scenarios/experiment_scenarios/highd/DEU_LocationALower-28_252_T-1.xml,12,R_G1,0,standard,21,True,True,True,0.008755463000852615,0.8738003119997302,0.014707703001477057,0.8972634780020599,0.13315805599995656,0.01386117935180664,1535,378,2271,2,0.0,0.00999999999908141,inf,,,,,,,12,,legacy_full_scene,R_G1_highD,micp_comparison/results/lin2025_standard_full_2026-09-04/rg1.csv
all_cases,True,True,True,3.104835825999544,357,DEU_LocationALower-28_252_T-1,scenarios/experiment_scenarios/highd/DEU_LocationALower-28_252_T-1.xml,18,R_G1,0,standard,21,True,True,True,0.009271805998650962,0.792968709998604,0.01469802800056641,0.8169385439978214,0.13013380699885602,0.013940095901489258,1472,357,2187,2,0.0,0.009999999996807674,inf,,,,,,,16,,legacy_full_scene,R_G1_highD,micp_comparison/results/lin2025_standard_full_2026-09-04/rg1.csv
all_cases,True,True,True,2.1773264959992957,357,DEU_LocationALower-29_123_T-1,scenarios/experiment_scenarios/highd/DEU_LocationALower-29_123_T-1.xml,16,R_G1,0,standard,21,True,True,True,0.004553840000880882,0.8021477300007973,0.011646971999653033,0.8183485420013312,0.12300140400111559,0.010879039764404297,1472,357,2187,2,0.0,0.009999999997717168,inf,,,,,,,9,,legacy_full_scene,R_G1_highD,micp_comparison/results/lin2025_standard_full_2026-09-04/rg1.csv
all_cases,True,True,True,1.0539734100002534,267,DEU_LocationALower-29_134_T-1,scenarios/experiment_scenarios/highd/DEU_LocationALower-29_134_T-1.xml,9,R_G1,0,standard,15,True,True,True,0.010418116999062477,0.47716013100034615,0.01146367199908127,0.4990419199984899,0.14400178200048686,0.010690927505493164,878,197,1356,2,1.7901498664824275e-15,0.009999999999308784,inf,,,,,,,7,,legacy_full_scene,R_G1_highD,micp_comparison/results/lin2025_standard_full_2026-09-04/rg1.csv
all_cases,True,True,True,2.3855245459981234,378,DEU_LocationALower-29_192_T-1,scenarios/experiment_scenarios/highd/DEU_LocationALower-29_192_T-1.xml,9,R_G1,0,standard,21,True,True,True,0.006866686999273952,0.8904919649994554,0.019499694999467465,0.9168583469981968,0.1154397299997072,0.018409013748168945,1535,378,2271,2,1.717919639091195e-15,0.00999999999942247,inf,,,,,,,17,,legacy_full_scene,R_G1_highD,micp_comparison/results/lin2025_standard_full_2026-09-04/rg1.csv
all_cases,True,True,True,1.4508228310005507,378,DEU_LocationALower-29_245_T-1,scenarios/experiment_scenarios/highd/DEU_LocationALower-29_245_T-1.xml,12,R_G1,0,standard,21,True,True,True,0.007339591998970718,0.8740704690007988,0.029842580001059105,0.9112526410008286,0.3960803299996769,0.02894878387451172,1535,378,2271,2,1.7678471106853464e-15,0.009999999999308784,inf,,,,,,,19,,legacy_full_scene,R_G1_highD,micp_comparison/results/lin2025_standard_full_2026-09-04/rg1.csv
all_cases,True,True,True,2.31475834199955,357,DEU_LocationALower-29_249_T-1,scenarios/experiment_scenarios/highd/DEU_LocationALower-29_249_T-1.xml,23,R_G1,0,standard,21,True,True,True,0.008414107000135118,0.809891738999795,0.013069434000499314,0.8313752800004295,0.1635283209998306,0.012120962142944336,1472,357,2187,2,0.0,0.009999999995898179,inf,,,,,,,15,,legacy_full_scene,R_G1_highD,micp_comparison/results/lin2025_standard_full_2026-09-04/rg1.csv
all_cases,True,True,True,2.568367011997907,378,DEU_LocationALower-29_250_T-1,scenarios/experiment_scenarios/highd/DEU_LocationALower-29_250_T-1.xml,12,R_G1,0,standard,21,True,True,True,0.012124615999709931,0.8530811239998002,0.01133625399961602,0.8765419939991261,0.1595272840004327,0.010468006134033203,1535,378,2271,2,0.0,0.009999999999536158,inf,,,,,,,9,,legacy_full_scene,R_G1_highD,micp_comparison/results/lin2025_standard_full_2026-09-04/rg1.csv
all_cases,True,True,True,2.503766227999222,378,DEU_LocationALower-29_65_T-1,scenarios/experiment_scenarios/highd/DEU_LocationALower-29_65_T-1.xml,8,R_G1,0,standard,21,True,True,True,0.010537835998547962,0.849417209999956,0.01715896599853295,0.8771140119970369,0.1505801799994515,0.016409873962402344,1535,378,2271,2,0.0,0.009999999995898179,inf,,,,,,,17,,legacy_full_scene,R_G1_highD,micp_comparison/results/lin2025_standard_full_2026-09-04/rg1.csv
all_cases,True,True,True,1.7358121019988175,376,DEU_LocationALower-29_70_T-1,scenarios/experiment_scenarios/highd/DEU_LocationALower-29_70_T-1.xml,11,R_G1,0,standard,21,True,True,True,0.007852593998904922,0.8096818379999604,0.016235444998528692,0.833769876997394,0.15360314999998081,0.015501022338867188,1445,348,2161,2,0.0,0.00999999999942247,inf,,,,,,,3,,legacy_full_scene,R_G1_highD,micp_comparison/results/lin2025_standard_full_2026-09-04/rg1.csv
all_cases,True,True,True,2.668350336001822,378,DEU_LocationALower-30_218_T-1,scenarios/experiment_scenarios/highd/DEU_LocationALower-30_218_T-1.xml,16,R_G1,0,standard,21,True,True,True,0.006357058000503457,0.8816252140004508,0.023670973001571838,0.9116532450025261,0.15591758499977004,0.022762060165405273,1535,378,2271,2,2.103042631327613e-15,0.00999999999908141,inf,,,,,,,13,,legacy_full_scene,R_G1_highD,micp_comparison/results/lin2025_standard_full_2026-09-04/rg1.csv
all_cases,True,True,True,1.5471893809990434,378,DEU_LocationALower-30_46_T-1,scenarios/experiment_scenarios/highd/DEU_LocationALower-30_46_T-1.xml,16,R_G1,0,standard,21,True,True,True,0.009997246001148596,0.8548057160005555,0.014198771001247223,0.8790017330029514,0.1644684530001541,0.013055086135864258,1535,378,2271,2,1.0703754390929499e-15,0.00999999999908141,inf,,,,,,,6,,legacy_full_scene,R_G1_highD,micp_comparison/results/lin2025_standard_full_2026-09-04/rg1.csv
all_cases,True,True,True,1.368022087001009,283,DEU_LocationALower-31_154_T-1,scenarios/experiment_scenarios/highd/DEU_LocationALower-31_154_T-1.xml,9,R_G1,0,standard,16,True,True,True,0.007007857999269618,0.5130365040004108,0.012080026999683469,0.5321243889993639,0.14905878599893185,0.01140284538269043,945,213,1456,2,1.3315697178437025e-15,0.009999999999308784,inf,,,,,,,10,,legacy_full_scene,R_G1_highD,micp_comparison/results/lin2025_standard_full_2026-09-04/rg1.csv
all_cases,True,True,True,1.8194101030003367,376,DEU_LocationALower-31_239_T-1,scenarios/experiment_scenarios/highd/DEU_LocationALower-31_239_T-1.xml,16,R_G1,0,standard,21,True,True,True,0.007791840000209049,0.8575721050001448,0.01781014799962577,0.8831740929999796,0.17956373999913922,0.01690816879272461,1529,376,2263,2,0.0,0.00999999999908141,inf,,,,,,,15,,legacy_full_scene,R_G1_highD,micp_comparison/results/lin2025_standard_full_2026-09-04/rg1.csv
all_cases,True,True,True,1.5028068730007362,377,DEU_LocationALower-31_24_T-1,scenarios/experiment_scenarios/highd/DEU_LocationALower-31_24_T-1.xml,13,R_G1,0,standard,21,True,True,True,0.01071059000059904,0.8336907539996901,0.015106356999240234,0.8595077009995293,0.18329785099922447,0.014169931411743164,1490,363,2216,2,2.2086738479334197e-15,0.009999999999308784,inf,,,,,,,18,,legacy_full_scene,R_G1_highD,micp_comparison/results/lin2025_standard_full_2026-09-04/rg1.csv
all_cases,True,True,True,1.2205251380019035,357,DEU_LocationALower-31_31_T-1,scenarios/experiment_scenarios/highd/DEU_LocationALower-31_31_T-1.xml,15,R_G1,0,standard,21,True,True,True,0.0042236580011376645,0.8419167190004373,0.01196125100068457,0.8581016280022595,0.16065445200001705,0.011242151260375977,1472,357,2187,2,0.0,0.009999999995898179,inf,,,,,,,17,,legacy_full_scene,R_G1_highD,micp_comparison/results/lin2025_standard_full_2026-09-04/rg1.csv
all_cases,True,True,True,1.2954556250024325,378,DEU_LocationALower-31_47_T-1,scenarios/experiment_scenarios/highd/DEU_LocationALower-31_47_T-1.xml,13,R_G1,0,standard,21,True,True,True,0.00813050699980522,0.8440782830002718,0.031457119999686256,0.8836659099997632,0.15603906599972106,0.030663013458251953,1535,378,2271,2,0.0,0.009999999996807674,inf,,,,,,,7,,legacy_full_scene,R_G1_highD,micp_comparison/results/lin2025_standard_full_2026-09-04/rg1.csv
all_cases,True,True,True,1.910388279997278,357,DEU_LocationALower-32_117_T-1,scenarios/experiment_scenarios/highd/DEU_LocationALower-32_117_T-1.xml,17,R_G1,0,standard,21,True,True,True,0.007490408001103788,0.8247567180005717,0.02042670700029703,0.8526738330019725,0.1696195059994352,0.01941514015197754,1472,357,2187,2,0.0,0.009999999994988684,inf,,,,,,,12,,legacy_full_scene,R_G1_highD,micp_comparison/results/lin2025_standard_full_2026-09-04/rg1.csv
all_cases,True,True,True,1.86781154900018,378,DEU_LocationALower-32_136_T-1,scenarios/experiment_scenarios/highd/DEU_LocationALower-32_136_T-1.xml,16,R_G1,0,standard,21,True,True,True,0.00981176299865183,0.8754080939997948,0.014167822000672459,0.8993876789991191,0.19503058600093937,0.01327204704284668,1535,378,2271,2,0.0,0.009999999999308784,inf,,,,,,,11,,legacy_full_scene,R_G1_highD,micp_comparison/results/lin2025_standard_full_2026-09-04/rg1.csv
all_cases,True,True,True,2.323699451999346,378,DEU_LocationALower-32_186_T-1,scenarios/experiment_scenarios/highd/DEU_LocationALower-32_186_T-1.xml,12,R_G1,0,standard,21,True,True,True,0.006344543000523117,0.8385175889998209,0.01329678000001877,0.8581589120003628,0.16998976400100219,0.012515783309936523,1535,378,2271,2,0.0,0.009999999998626663,inf,,,,,,,10,,legacy_full_scene,R_G1_highD,micp_comparison/results/lin2025_standard_full_2026-09-04/rg1.csv
all_cases,True,True,True,2.389055603000088,378,DEU_LocationALower-32_70_T-1,scenarios/experiment_scenarios/highd/DEU_LocationALower-32_70_T-1.xml,14,R_G1,0,standard,21,True,True,True,0.007759056999930181,0.8823637120003696,0.018140442998628714,0.9082632119989285,0.18185060500036343,0.017138004302978516,1535,378,2271,2,1.5266899930282045e-15,0.00999999999908141,inf,,,,,,,15,,legacy_full_scene,R_G1_highD,micp_comparison/results/lin2025_standard_full_2026-09-04/rg1.csv
all_cases,True,True,True,3.673421108000184,378,DEU_LocationALower-32_84_T-1,scenarios/experiment_scenarios/highd/DEU_LocationALower-32_84_T-1.xml,13,R_G1,0,standard,21,True,True,True,0.0069068999982846435,0.9024276709988044,0.013911051999457413,0.9232456229965464,0.16730630799975188,0.013023138046264648,1535,378,2271,2,0.0,0.00999999999908141,inf,,,,,,,8,,legacy_full_scene,R_G1_highD,micp_comparison/results/lin2025_standard_full_2026-09-04/rg1.csv
all_cases,True,True,True,1.895606255002349,283,DEU_LocationALower-33_142_T-1,scenarios/experiment_scenarios/highd/DEU_LocationALower-33_142_T-1.xml,10,R_G1,0,standard,16,True,True,True,0.01075556799878541,0.5246796310002537,0.011648634001176106,0.5470838330002152,0.18942370200056757,0.010911226272583008,945,213,1456,2,2.540787142104081e-15,0.01,inf,,,,,,,5,,legacy_full_scene,R_G1_highD,micp_comparison/results/lin2025_standard_full_2026-09-04/rg1.csv
all_cases,True,True,True,2.3679566549999436,373,DEU_LocationALower-33_16_T-1,scenarios/experiment_scenarios/highd/DEU_LocationALower-33_16_T-1.xml,12,R_G1,0,standard,21,True,True,True,0.00959013700048672,0.7202536099994177,0.013062005000392674,0.7429057520002971,0.21019495600012306,0.012232065200805664,1310,303,1996,2,0.0,0.00999999999839929,inf,,,,,,,12,,legacy_full_scene,R_G1_highD,micp_comparison/results/lin2025_standard_full_2026-09-04/rg1.csv
all_cases,True,True,True,1.9249252730005537,322,DEU_LocationALower-33_219_T-1,scenarios/experiment_scenarios/highd/DEU_LocationALower-33_219_T-1.xml,8,R_G1,0,standard,18,True,True,True,0.006804169999668375,0.6787767329988128,0.01340899100068782,0.698989893999169,0.16505189800045628,0.012750864028930664,1226,294,1837,2,0.0,0.00999999999839929,inf,,,,,,,6,,legacy_full_scene,R_G1_highD,micp_comparison/results/lin2025_standard_full_2026-09-04/rg1.csv
all_cases,True,True,True,1.693374185000721,378,DEU_LocationALower-33_228_T-1,scenarios/experiment_scenarios/highd/DEU_LocationALower-33_228_T-1.xml,14,R_G1,0,standard,21,True,True,True,0.009956679001334123,0.8801022850002482,0.017446167999878526,0.9075051320014609,0.19640639499993995,0.016656160354614258,1535,378,2271,2,3.1524300203353292e-15,0.009999999999308784,inf,,,,,,,15,,legacy_full_scene,R_G1_highD,micp_comparison/results/lin2025_standard_full_2026-09-04/rg1.csv
all_cases,True,True,True,1.48954132200015,378,DEU_LocationALower-33_233_T-1,scenarios/experiment_scenarios/highd/DEU_LocationALower-33_233_T-1.xml,14,R_G1,0,standard,21,True,True,True,0.00816984099947149,0.8825316069996916,0.015839060999496724,0.9065405089986598,0.1906104210011108,0.01505899429321289,1535,378,2271,2,0.0,0.009999999995898179,inf,,,,,,,9,,legacy_full_scene,R_G1_highD,micp_comparison/results/lin2025_standard_full_2026-09-04/rg1.csv
all_cases,True,True,True,1.4179765600001701,378,DEU_LocationALower-33_261_T-1,scenarios/experiment_scenarios/highd/DEU_LocationALower-33_261_T-1.xml,13,R_G1,0,standard,21,True,True,True,0.009587020000253688,0.8675586330009537,0.015691720000177156,0.8928373730013845,0.19271701899924665,0.014676094055175781,1535,378,2271,2,0.0,0.009999999999536158,inf,,,,,,,10,,legacy_full_scene,R_G1_highD,micp_comparison/results/lin2025_standard_full_2026-09-04/rg1.csv
all_cases,True,True,True,1.499300041999959,364,DEU_LocationALower-33_265_T-1,scenarios/experiment_scenarios/highd/DEU_LocationALower-33_265_T-1.xml,22,R_G1,0,standard,21,True,True,True,0.011772887999541126,0.8702138360004028,0.01815037099913752,0.9001370949990815,0.21347813499960466,0.017367124557495117,1493,364,2215,2,0.0,0.009999999999337206,inf,,,,,,,13,,legacy_full_scene,R_G1_highD,micp_comparison/results/lin2025_standard_full_2026-09-04/rg1.csv
all_cases,True,True,True,1.92306389499754,378,DEU_LocationALower-33_96_T-1,scenarios/experiment_scenarios/highd/DEU_LocationALower-33_96_T-1.xml,9,R_G1,0,standard,21,True,True,True,0.00934989699999278,0.8574081879996811,0.01631208599974343,0.8830701709994173,0.19483776800007035,0.015457868576049805,1535,378,2271,2,0.0,0.00999999999908141,inf,,,,,,,3,,legacy_full_scene,R_G1_highD,micp_comparison/results/lin2025_standard_full_2026-09-04/rg1.csv
all_cases,True,True,True,1.260847179002667,378,DEU_LocationALower-34_120_T-1,scenarios/experiment_scenarios/highd/DEU_LocationALower-34_120_T-1.xml,17,R_G1,0,standard,21,True,True,True,0.008137762999467668,0.8427411459997529,0.02381448499909311,0.8746933939983137,0.5378728369996679,0.022919178009033203,1535,378,2271,2,0.0,0.00999999999942247,inf,,,,,,,19,,legacy_full_scene,R_G1_highD,micp_comparison/results/lin2025_standard_full_2026-09-04/rg1.csv
all_cases,True,True,True,1.4637209760003316,357,DEU_LocationALower-34_146_T-1,scenarios/experiment_scenarios/highd/DEU_LocationALower-34_146_T-1.xml,14,R_G1,0,standard,21,True,True,True,0.005111080999995465,0.8267424929999834,0.012026623999190633,0.8438801979991695,0.18170190199998615,0.011303901672363281,1472,357,2187,2,0.0,0.009999999994988684,inf,,,,,,,12,,legacy_full_scene,R_G1_highD,micp_comparison/results/lin2025_standard_full_2026-09-04/rg1.csv
all_cases,True,True,True,1.2951421330017183,357,DEU_LocationALower-34_147_T-1,scenarios/experiment_scenarios/highd/DEU_LocationALower-34_147_T-1.xml,16,R_G1,0,standard,21,True,True,True,0.006740127999364631,0.8119221870001638,0.015281098001651117,0.8339434130011796,0.20413417000054324,0.01420283317565918,1472,357,2187,2,0.0,0.009999999994988684,inf,,,,,,,16,,legacy_full_scene,R_G1_highD,micp_comparison/results/lin2025_standard_full_2026-09-04/rg1.csv
all_cases,True,True,True,2.1829222060005122,378,DEU_LocationALower-34_163_T-1,scenarios/experiment_scenarios/highd/DEU_LocationALower-34_163_T-1.xml,15,R_G1,0,standard,21,True,True,True,0.012312525001107133,0.9011412979998568,0.01740183899892145,0.9308556619998853,0.21626293299959798,0.016495943069458008,1535,378,2271,2,0.0,0.00999999999942247,inf,,,,,,,11,,legacy_full_scene,R_G1_highD,micp_comparison/results/lin2025_standard_full_2026-09-04/rg1.csv
all_cases,True,True,True,2.122315220998644,378,DEU_LocationALower-34_179_T-1,scenarios/experiment_scenarios/highd/DEU_LocationALower-34_179_T-1.xml,15,R_G1,0,standard,21,True,True,True,0.009116719998928602,0.8545924449990707,0.017119529999035876,0.8808286949970352,0.21718514500025776,0.016256093978881836,1535,378,2271,2,0.0,0.009999999998854037,inf,,,,,,,14,,legacy_full_scene,R_G1_highD,micp_comparison/results/lin2025_standard_full_2026-09-04/rg1.csv
all_cases,True,True,True,1.7968619929997658,371,DEU_LocationALower-14_14_T-1,scenarios/experiment_scenarios/highd/DEU_LocationALower-14_14_T-1.xml,13,R_G1,0,standard,21,True,True,True,0.007949053000629647,0.7889357229996676,0.01740855799835117,0.8142933339986484,0.2310318340005324,0.016592979431152344,1430,343,2141,2,0.0,0.01,inf,,,,,,,1,,legacy_full_scene,R_G1_highD,micp_comparison/results/lin2025_standard_full_2026-09-04/rg1.csv
all_cases,True,True,True,1.7282482490008988,378,DEU_LocationALower-34_49_T-1,scenarios/experiment_scenarios/highd/DEU_LocationALower-34_49_T-1.xml,10,R_G1,0,standard,21,True,True,True,0.007810389000951545,0.8662860450003791,0.017310544000793016,0.8914069780021237,0.1961760009999125,0.016461849212646484,1535,378,2271,2,1.485001499288831e-15,0.00999999999942247,inf,,,,,,,5,,legacy_full_scene,R_G1_highD,micp_comparison/results/lin2025_standard_full_2026-09-04/rg1.csv
all_cases,True,True,True,1.4786929529982444,357,DEU_LocationALower-34_96_T-1,scenarios/experiment_scenarios/highd/DEU_LocationALower-34_96_T-1.xml,14,R_G1,0,standard,21,True,True,True,0.006483260998720652,0.8293515219993424,0.014043066999875009,0.849877849997938,0.19599789200037776,0.013130903244018555,1472,357,2187,2,0.0,0.009999999994988684,inf,,,,,,,8,,legacy_full_scene,R_G1_highD,micp_comparison/results/lin2025_standard_full_2026-09-04/rg1.csv
all_cases,True,True,True,1.8738368180020188,378,DEU_LocationALower-35_263_T-1,scenarios/experiment_scenarios/highd/DEU_LocationALower-35_263_T-1.xml,12,R_G1,0,standard,21,True,True,True,0.011400688999856357,0.8836252400014928,0.01618634700025723,0.9112122760016064,0.2273299529988435,0.015341997146606445,1535,378,2271,2,0.0,0.009999999999536158,inf,,,,,,,5,,legacy_full_scene,R_G1_highD,micp_comparison/results/lin2025_standard_full_2026-09-04/rg1.csv
all_cases,True,True,True,1.8061943309985509,378,DEU_LocationALower-36_113_T-1,scenarios/experiment_scenarios/highd/DEU_LocationALower-36_113_T-1.xml,14,R_G1,0,standard,21,True,True,True,0.00705469900094613,0.8408099010011938,0.014679498999612406,0.8625440990017523,0.21263704100056202,0.013839960098266602,1535,378,2271,2,0.0,0.00999999999942247,inf,,,,,,,12,,legacy_full_scene,R_G1_highD,micp_comparison/results/lin2025_standard_full_2026-09-04/rg1.csv
all_cases,True,True,True,1.5402141469985509,378,DEU_LocationALower-36_123_T-1,scenarios/experiment_scenarios/highd/DEU_LocationALower-36_123_T-1.xml,15,R_G1,0,standard,21,True,True,True,0.008457108000584412,0.8747357370011741,0.014609266001571086,0.8978021110033296,0.2248954770002456,0.013829946517944336,1535,378,2271,2,5.105499025820593e-15,0.009999999999536158,inf,,,,,,,7,,legacy_full_scene,R_G1_highD,micp_comparison/results/lin2025_standard_full_2026-09-04/rg1.csv
all_cases,True,True,True,0.917566435999106,230,DEU_LocationALower-36_208_T-1,scenarios/experiment_scenarios/highd/DEU_LocationALower-36_208_T-1.xml,8,R_G1,0,standard,13,True,True,True,0.006177848999868729,0.41488222899897664,0.00917417999880854,0.4302342579976539,0.21886435299893492,0.008482933044433594,771,174,1187,2,0.0,0.01,inf,,,,,,,3,,legacy_full_scene,R_G1_highD,micp_comparison/results/lin2025_standard_full_2026-09-04/rg1.csv
all_cases,True,True,True,1.2942666030012333,213,DEU_LocationALower-36_236_T-1,scenarios/experiment_scenarios/highd/DEU_LocationALower-36_236_T-1.xml,6,R_G1,0,standard,12,True,True,True,0.0043180339998798445,0.38963637800043216,0.018643358000190347,0.41259777000050235,0.18969217400081106,0.0176088809967041,743,171,1134,2,0.0,1.0,inf,,,,,,,3,,legacy_full_scene,R_G1_highD,micp_comparison/results/lin2025_standard_full_2026-09-04/rg1.csv
all_cases,True,True,True,1.4313583640014258,378,DEU_LocationALower-36_269_T-1,scenarios/experiment_scenarios/highd/DEU_LocationALower-36_269_T-1.xml,18,R_G1,0,standard,21,True,True,True,0.008101241000986192,0.5506760440002836,0.013687925000340329,0.5724652100016101,0.24152537000009033,0.012789011001586914,1073,224,1710,2,0.0,0.009999999998967724,inf,,,,,,,7,,legacy_full_scene,R_G1_highD,micp_comparison/results/lin2025_standard_full_2026-09-04/rg1.csv
all_cases,True,True,True,1.3729726809997373,378,DEU_LocationALower-36_291_T-1,scenarios/experiment_scenarios/highd/DEU_LocationALower-36_291_T-1.xml,13,R_G1,0,standard,21,True,True,True,0.46385082899905683,0.8659954029990331,0.01699060200007807,1.346836833998168,0.22157015499942645,0.01616215705871582,1535,378,2271,2,1.9852386579947224e-15,0.00999999999942247,inf,,,,,,,11,,legacy_full_scene,R_G1_highD,micp_comparison/results/lin2025_standard_full_2026-09-04/rg1.csv
all_cases,True,True,True,1.6827237390007213,376,DEU_LocationALower-36_61_T-1,scenarios/experiment_scenarios/highd/DEU_LocationALower-36_61_T-1.xml,9,R_G1,0,standard,21,True,True,True,0.007766090999211883,0.7919891130004544,0.013664882999364636,0.8134200869990309,0.2274284759987495,0.012449026107788086,1445,348,2161,2,0.0,0.01,inf,,,,,,,18,,legacy_full_scene,R_G1_highD,micp_comparison/results/lin2025_standard_full_2026-09-04/rg1.csv
all_cases,True,True,True,2.6262020979993395,377,DEU_LocationALower-37_1_T-1,scenarios/experiment_scenarios/highd/DEU_LocationALower-37_1_T-1.xml,11,R_G1,0,standard,21,True,True,True,0.007099898999513243,0.847303381000529,0.01573736400132475,0.870140644001367,0.23349280000002182,0.014935016632080078,1490,363,2216,2,0.0,0.009999999999308784,inf,,,,,,,8,,legacy_full_scene,R_G1_highD,micp_comparison/results/lin2025_standard_full_2026-09-04/rg1.csv
all_cases,True,True,True,1.4535341650007467,378,DEU_LocationALower-37_205_T-1,scenarios/experiment_scenarios/highd/DEU_LocationALower-37_205_T-1.xml,15,R_G1,0,standard,21,True,True,True,0.007786437998220208,0.8681864509999286,0.03732781100006832,0.9133006999982172,0.2511626380000962,0.03641796112060547,1535,378,2271,2,2.1086650416893067e-15,0.009999999997717168,inf,,,,,,,15,,legacy_full_scene,R_G1_highD,micp_comparison/results/lin2025_standard_full_2026-09-04/rg1.csv
all_cases,True,True,True,1.1660560869986512,357,DEU_LocationALower-37_231_T-1,scenarios/experiment_scenarios/highd/DEU_LocationALower-37_231_T-1.xml,23,R_G1,0,standard,21,True,True,True,0.009176813000522088,0.8131877109990455,0.014811455001108698,0.8371759790006763,0.25692717199854087,0.014079809188842773,1472,357,2187,2,0.0,0.009999999996807674,inf,,,,,,,5,,legacy_full_scene,R_G1_highD,micp_comparison/results/lin2025_standard_full_2026-09-04/rg1.csv
all_cases,True,True,True,1.1507338039991737,366,DEU_LocationALower-37_240_T-1,scenarios/experiment_scenarios/highd/DEU_LocationALower-37_240_T-1.xml,8,R_G1,0,standard,21,True,True,True,0.005582632000368903,0.8052459919999819,0.018367861999649904,0.8291964860000007,0.21689260999846738,0.01761603355407715,1415,338,2121,2,1.7429937098912069e-15,0.01,inf,,,,,,,3,,legacy_full_scene,R_G1_highD,micp_comparison/results/lin2025_standard_full_2026-09-04/rg1.csv
all_cases,True,True,True,1.8845085909997579,378,DEU_LocationALower-11_102_T-1,scenarios/experiment_scenarios/highd/DEU_LocationALower-11_102_T-1.xml,16,R_G1,0,standard,21,True,True,True,0.007530505999966408,0.8597758659998362,0.01370375700025761,0.8810101290000603,0.26121585800137836,0.013016939163208008,1535,378,2271,2,1.918738100052989e-15,0.009999999998854037,inf,,,,,,,20,,legacy_full_scene,R_G1_highD,micp_comparison/results/lin2025_standard_full_2026-09-04/rg1.csv
all_cases,True,True,True,1.3602695729969128,378,DEU_LocationALower-12_167_T-1,scenarios/experiment_scenarios/highd/DEU_LocationALower-12_167_T-1.xml,12,R_G1,0,standard,21,True,True,True,0.00945072000104119,0.8787919110000075,0.01982795799995074,0.9080705890009995,0.7664640769999096,0.018841028213500977,1535,378,2271,2,2.3594486369049957e-15,0.009999999995898179,inf,,,,,,,1,,legacy_full_scene,R_G1_highD,micp_comparison/results/lin2025_standard_full_2026-09-04/rg1.csv
all_cases,True,True,True,1.7644552710007702,378,DEU_LocationALower-13_82_T-1,scenarios/experiment_scenarios/highd/DEU_LocationALower-13_82_T-1.xml,17,R_G1,0,standard,21,True,True,True,0.011266562001765124,0.8515366949995951,0.014355274999616086,0.8771585320009763,0.2788906120003958,0.013396024703979492,1535,378,2271,2,1.2990980144956466e-15,0.009999999998854037,inf,,,,,,,20,,legacy_full_scene,R_G1_highD,micp_comparison/results/lin2025_standard_full_2026-09-04/rg1.csv
all_cases,True,True,True,1.3397280770004727,357,DEU_LocationALower-14_96_T-1,scenarios/experiment_scenarios/highd/DEU_LocationALower-14_96_T-1.xml,15,R_G1,0,standard,21,True,True,True,0.006435311999666737,0.8454583919992729,0.01568745099939406,0.8675811549983337,0.25189967499863997,0.014816999435424805,1472,357,2187,2,0.0,0.009999999998626663,inf,,,,,,,20,,legacy_full_scene,R_G1_highD,micp_comparison/results/lin2025_standard_full_2026-09-04/rg1.csv
all_cases,True,True,True,1.6467180479994568,357,DEU_LocationALower-27_184_T-1,scenarios/experiment_scenarios/highd/DEU_LocationALower-27_184_T-1.xml,13,R_G1,0,standard,21,True,True,True,0.004979803999958676,0.7877142739998817,0.013886491999073769,0.8065805699989141,0.2579330789994856,0.012974977493286133,1472,357,2187,2,0.0,0.009999999994988684,inf,,,,,,,20,,legacy_full_scene,R_G1_highD,micp_comparison/results/lin2025_standard_full_2026-09-04/rg1.csv
all_cases,True,True,True,1.9902242210009717,378,DEU_LocationALower-31_258_T-1,scenarios/experiment_scenarios/highd/DEU_LocationALower-31_258_T-1.xml,12,R_G1,0,standard,21,True,True,True,0.010935859001619974,0.8517576779995579,0.025992039001721423,0.8886855760028993,0.2619378190011048,0.024889230728149414,1535,378,2271,2,4.5808895599753365e-15,0.009999999996807674,inf,,,,,,,5,,legacy_full_scene,R_G1_highD,micp_comparison/results/lin2025_standard_full_2026-09-04/rg1.csv
all_cases,True,False,False,1.6814111739986402,357,DEU_LocationALower-35_34_T-1,scenarios/experiment_scenarios/highd/DEU_LocationALower-35_34_T-1.xml,19,R_G1,0,standard,21,True,False,False,0.008935378000387573,0.8276074299992615,0.01912878599978285,0.8556715939994319,0.23875569500160054,0.018271923065185547,1472,357,2187,2,5.750735496842728e-15,0.009999999995898179,0.2,"(17,)",,"{""t"": 1, ""s"": 105.2607328750758, ""d"": 0.41999651648110364}",,,,1,,legacy_full_scene,R_G1_highD,micp_comparison/results/lin2025_standard_full_2026-09-04/rg1.csv
all_cases,True,True,True,1.6836547529983363,296,DEU_LocationALower-37_235_T-1,scenarios/experiment_scenarios/highd/DEU_LocationALower-37_235_T-1.xml,8,R_G1,0,standard,17,True,True,True,0.005124849998537684,0.5422547159996611,0.016299171000355273,0.5636787369985541,0.24038547000054677,0.01542806625366211,1045,240,1595,2,0.0,0.00999999999839929,inf,,,,,,,2,,legacy_full_scene,R_G1_highD,micp_comparison/results/lin2025_standard_full_2026-09-04/rg1.csv
all_cases,True,True,True,2.287269329997798,378,DEU_LocationALower-37_4_T-1,scenarios/experiment_scenarios/highd/DEU_LocationALower-37_4_T-1.xml,22,R_G1,0,standard,21,True,True,True,0.00807358499878319,0.6334078069994575,0.014968764000514057,0.6564501559987548,0.288811368000097,0.014043092727661133,1199,266,1863,2,0.0,0.009999999997489795,inf,,,,,,,20,,legacy_full_scene,R_G1_highD,micp_comparison/results/lin2025_standard_full_2026-09-04/rg1.csv
all_cases,True,True,True,2.328950390998216,378,DEU_LocationALower-36_263_T-1,scenarios/experiment_scenarios/highd/DEU_LocationALower-36_263_T-1.xml,15,R_G1,0,standard,21,True,True,True,0.010760346000097343,0.862557762000506,0.01994743099930929,0.8932655389999127,0.3107969989996491,0.019219160079956055,1535,378,2271,2,0.0,0.009999999995898179,inf,,,,,,,6,,legacy_full_scene,R_G1_highD,micp_comparison/results/lin2025_standard_full_2026-09-04/rg1.csv
all_cases,True,True,True,2.1191343419995974,357,DEU_LocationALower-30_258_T-1,scenarios/experiment_scenarios/highd/DEU_LocationALower-30_258_T-1.xml,22,R_G1,0,standard,21,True,True,True,0.011073726998802158,0.8837143290002132,0.01771183500022744,0.9124998909992428,0.31634334000045783,0.016872882843017578,1472,357,2187,2,1.9393830246264037e-14,0.01,inf,,,,,,,10,,legacy_full_scene,R_G1_highD,micp_comparison/results/lin2025_standard_full_2026-09-04/rg1.csv
all_cases,True,True,True,1.2804494059982972,369,DEU_LocationALower-33_124_T-1,scenarios/experiment_scenarios/highd/DEU_LocationALower-33_124_T-1.xml,21,R_G1,0,standard,21,True,True,True,0.007914331999927526,0.8458940450000227,0.01882536500124843,0.8726337420011987,0.3096156729989161,0.017868995666503906,1508,369,2235,2,2.234484317546985e-14,0.009999999995898179,inf,,,,,,,19,,legacy_full_scene,R_G1_highD,micp_comparison/results/lin2025_standard_full_2026-09-04/rg1.csv
all_cases,True,True,True,1.7213677559975622,377,DEU_LocationALower-33_128_T-1,scenarios/experiment_scenarios/highd/DEU_LocationALower-33_128_T-1.xml,6,R_G1,0,standard,21,True,True,True,0.01271631800045725,0.8713967449984921,0.05698919799942814,0.9411022609983775,0.30586905000018305,0.05608201026916504,1490,363,2216,2,0.0,0.00999999999908141,inf,,,,,,,15,,legacy_full_scene,R_G1_highD,micp_comparison/results/lin2025_standard_full_2026-09-04/rg1.csv
all_cases,True,True,True,1.1839705919974222,357,DEU_LocationALower-33_183_T-1,scenarios/experiment_scenarios/highd/DEU_LocationALower-33_183_T-1.xml,25,R_G1,0,standard,21,True,True,True,0.011266647001320962,0.8251265849994525,0.02192526600083511,0.8583184980016085,0.3181330760016863,0.02112579345703125,1472,357,2187,2,0.0,0.009999999995898179,inf,,,,,,,6,,legacy_full_scene,R_G1_highD,micp_comparison/results/lin2025_standard_full_2026-09-04/rg1.csv
all_cases,True,True,True,2.2348076759990363,378,DEU_LocationALower-13_168_T-1,scenarios/experiment_scenarios/highd/DEU_LocationALower-13_168_T-1.xml,12,R_G1,0,standard,21,True,True,True,0.008623248999356292,0.8751070269991033,0.019428440000410774,0.9031587159988703,0.2808277010008169,0.018361806869506836,1535,378,2271,2,0.0,0.00999999999908141,inf,,,,,,,15,,legacy_full_scene,R_G1_highD,micp_comparison/results/lin2025_standard_full_2026-09-04/rg1.csv
all_cases,True,True,True,2.28424650299894,366,DEU_LocationALower-28_204_T-1,scenarios/experiment_scenarios/highd/DEU_LocationALower-28_204_T-1.xml,12,R_G1,0,standard,21,True,True,True,0.007565674999568728,0.8430582130004041,0.0409965300004842,0.891620418000457,0.28109812600087025,0.04006600379943848,1499,366,2223,2,9.653399866544141e-16,0.009999999996807674,inf,,,,,,,3,,legacy_full_scene,R_G1_highD,micp_comparison/results/lin2025_standard_full_2026-09-04/rg1.csv
all_cases,True,True,True,2.4229796879990317,368,DEU_LocationALower-33_120_T-1,scenarios/experiment_scenarios/highd/DEU_LocationALower-33_120_T-1.xml,9,R_G1,0,standard,21,True,True,True,0.008059424999373732,0.8733029769991845,0.05498719299976074,0.9363495949983189,0.2902003869985492,0.05417990684509277,1505,368,2231,2,0.0,0.009999999998626663,inf,,,,,,,2,,legacy_full_scene,R_G1_highD,micp_comparison/results/lin2025_standard_full_2026-09-04/rg1.csv
all_cases,True,False,False,2.397216245000891,378,DEU_LocationALower-33_46_T-1,scenarios/experiment_scenarios/highd/DEU_LocationALower-33_46_T-1.xml,17,R_G1,0,standard,21,True,False,False,0.011540536001120927,0.8765708470000391,0.08684172999892326,0.9749531130000832,0.27052985099908256,0.08596491813659668,1535,378,2271,2,0.0,0.01,0.6000000000000001,"(15,)",,"{""t"": 3, ""s"": 109.8167761688947, ""d"": -2.6986286338018317}",,,,2,,legacy_full_scene,R_G1_highD,micp_comparison/results/lin2025_standard_full_2026-09-04/rg1.csv
all_cases,True,True,True,2.5289278099990042,378,DEU_LocationALower-35_126_T-1,scenarios/experiment_scenarios/highd/DEU_LocationALower-35_126_T-1.xml,20,R_G1,0,standard,21,True,True,True,0.013519177999114618,0.864656609001031,0.01897910700063221,0.8971548940007779,0.3176790550005535,0.01807999610900879,1535,378,2271,2,9.49494710521877e-15,0.009999999998626663,inf,,,,,,,3,,legacy_full_scene,R_G1_highD,micp_comparison/results/lin2025_standard_full_2026-09-04/rg1.csv
all_cases,True,True,True,1.4797787579991564,378,DEU_LocationALower-36_199_T-1,scenarios/experiment_scenarios/highd/DEU_LocationALower-36_199_T-1.xml,19,R_G1,0,standard,21,True,True,True,0.009389890001330059,0.8749390609991679,0.016071041000031983,0.9003999920005299,0.33291306299906864,0.01513218879699707,1535,378,2271,2,0.0,0.01,inf,,,,,,,2,,legacy_full_scene,R_G1_highD,micp_comparison/results/lin2025_standard_full_2026-09-04/rg1.csv
all_cases,True,True,True,1.1985608079994563,371,DEU_LocationALower-37_121_T-1,scenarios/experiment_scenarios/highd/DEU_LocationALower-37_121_T-1.xml,16,R_G1,0,standard,21,True,True,True,0.008870727999237715,0.8934389620008005,0.019598146998760058,0.9219078369987983,0.29047830600029556,0.018852949142456055,1514,371,2243,2,9.182677822674061e-15,0.009999999996807674,inf,,,,,,,5,,legacy_full_scene,R_G1_highD,micp_comparison/results/lin2025_standard_full_2026-09-04/rg1.csv
,,,,,,DEU_MONAMerge-2_10001000_T-1019,scenarios/experiment_scenarios/mona/DEU_MONAMerge-2_10001000_T-1019.xml,11010,R_G1,0,standard,20,True,True,True,0.005819804999191547,0.7699401739992027,0.005111577000207035,0.7808715559986013,0.04347353500270401,0.004465818405151367,1393,337,2071,2,0.0,0.010000000001800792,inf,,,,,lin2025,,14,,legacy_full_scene,R_G1_MONA,micp_comparison/results/final_aligned_2026-09-04/rg1_mona.csv
,,,,,,DEU_MONAMerge-2_10001020_T-1039,scenarios/experiment_scenarios/mona/DEU_MONAMerge-2_10001020_T-1039.xml,11055,R_G1,0,standard,20,True,True,True,0.004310170999815455,0.65382417499859,0.012509788997704163,0.6706441349961096,0.045545355998910964,0.011716842651367188,1384,334,2059,2,0.0,0.009999999994988684,inf,,,,,lin2025,,19,,legacy_full_scene,R_G1_MONA,micp_comparison/results/final_aligned_2026-09-04/rg1_mona.csv
,,,,,,DEU_MONAMerge-2_10001040_T-1059,scenarios/experiment_scenarios/mona/DEU_MONAMerge-2_10001040_T-1059.xml,11071,R_G1,0,standard,20,True,True,True,0.00512814999819966,0.7029202699995949,0.00470019799831789,0.7127486179961124,0.04241882799760788,0.004004001617431641,1444,354,2139,2,0.0,0.010000000001883929,inf,,,,,lin2025,,16,,legacy_full_scene,R_G1_MONA,micp_comparison/results/final_aligned_2026-09-04/rg1_mona.csv
,,,,,,DEU_MONAMerge-2_10001040_T-1059,scenarios/experiment_scenarios/mona/DEU_MONAMerge-2_10001040_T-1059.xml,11081,R_G1,0,standard,20,True,True,True,0.004615697998815449,0.6881188010011101,0.004858067000895971,0.6975925660008215,0.04491268999845488,0.004002094268798828,1411,343,2095,2,7.704292306068049e-13,0.010000000000509329,inf,,,,,lin2025,,16,,legacy_full_scene,R_G1_MONA,micp_comparison/results/final_aligned_2026-09-04/rg1_mona.csv
,,,,,,DEU_MONAMerge-2_1000120_T-139,scenarios/experiment_scenarios/mona/DEU_MONAMerge-2_1000120_T-139.xml,10115,R_G1,0,standard,20,True,True,True,0.00545671600048081,0.711067804000777,0.004843339000217384,0.7213678590014752,0.04785947499840404,0.004150867462158203,1453,357,2151,2,0.0,0.010000000021595797,inf,,,,,lin2025,,15,,legacy_full_scene,R_G1_MONA,micp_comparison/results/final_aligned_2026-09-04/rg1_mona.csv
,,,,,,DEU_MONAMerge-2_10001220_T-1239,scenarios/experiment_scenarios/mona/DEU_MONAMerge-2_10001220_T-1239.xml,11262,R_G1,0,standard,20,True,True,True,0.004149178999796277,0.6934468530016602,0.004665108997869538,0.702261140999326,0.05059769199942821,0.003865957260131836,1399,339,2079,2,3.700340700166829e-12,0.010000000000163857,inf,,,,,lin2025,,15,,legacy_full_scene,R_G1_MONA,micp_comparison/results/final_aligned_2026-09-04/rg1_mona.csv
,,,,,,DEU_MONAMerge-2_10001220_T-1239,scenarios/experiment_scenarios/mona/DEU_MONAMerge-2_10001220_T-1239.xml,11266,R_G1,0,standard,20,True,True,True,0.005623532000754494,0.8563398730002518,0.005214305998379132,0.8671777109993855,0.05089660100202309,0.004431962966918945,1387,335,2068,2,0.0,0.010000000000072347,inf,,,,,lin2025,,14,,legacy_full_scene,R_G1_MONA,micp_comparison/results/final_aligned_2026-09-04/rg1_mona.csv
,,,,,,DEU_MONAMerge-2_10001320_T-1339,scenarios/experiment_scenarios/mona/DEU_MONAMerge-2_10001320_T-1339.xml,11342,R_G1,0,standard,20,True,True,True,0.004219827002089005,0.6869086539991258,0.0045378120012173895,0.6956662930024322,0.04818392699962715,0.00391387939453125,1402,340,2083,2,0.0,0.010000000026906758,inf,,,,,lin2025,,15,,legacy_full_scene,R_G1_MONA,micp_comparison/results/final_aligned_2026-09-04/rg1_mona.csv
,,,,,,DEU_MONAMerge-2_10001320_T-1339,scenarios/experiment_scenarios/mona/DEU_MONAMerge-2_10001320_T-1339.xml,11352,R_G1,0,standard,20,True,True,True,0.003794690997892758,0.6506789720006054,0.01462492199789267,0.6690985849963909,0.050921972000651294,0.013920068740844727,1342,320,2003,2,0.0,0.009999999996807674,inf,,,,,lin2025,,15,,legacy_full_scene,R_G1_MONA,micp_comparison/results/final_aligned_2026-09-04/rg1_mona.csv
,,,,,,DEU_MONAMerge-2_10001480_T-1499,scenarios/experiment_scenarios/mona/DEU_MONAMerge-2_10001480_T-1499.xml,11568,R_G1,0,standard,20,True,True,True,0.004979631001333473,0.690394651999668,0.0050138299993705004,0.700388113000372,0.06451057799858972,0.00416111946105957,1429,349,2119,2,0.0,0.01000000001345783,inf,,,,,lin2025,,19,,legacy_full_scene,R_G1_MONA,micp_comparison/results/final_aligned_2026-09-04/rg1_mona.csv
,,,,,,DEU_MONAMerge-2_10001500_T-1519,scenarios/experiment_scenarios/mona/DEU_MONAMerge-2_10001500_T-1519.xml,11592,R_G1,0,standard,20,True,True,True,0.004782890999194933,0.6980782190003083,0.005061388998001348,0.7079224989975046,0.06066645000100834,0.004208803176879883,1429,349,2119,2,5.384885003599071e-13,0.010000000000024212,inf,,,,,lin2025,,13,,legacy_full_scene,R_G1_MONA,micp_comparison/results/final_aligned_2026-09-04/rg1_mona.csv
,,,,,,DEU_MONAMerge-2_10001500_T-1519,scenarios/experiment_scenarios/mona/DEU_MONAMerge-2_10001500_T-1519.xml,11597,R_G1,0,standard,20,True,True,True,0.0039406639989465475,0.6440381149986933,0.012453041999833658,0.6604318209974736,0.06308796499797609,0.011684894561767578,1327,315,1988,2,0.0,0.01,inf,,,,,lin2025,,9,,legacy_full_scene,R_G1_MONA,micp_comparison/results/final_aligned_2026-09-04/rg1_mona.csv
,,,,,,DEU_MONAMerge-2_10001600_T-1619,scenarios/experiment_scenarios/mona/DEU_MONAMerge-2_10001600_T-1619.xml,11668,R_G1,0,standard,20,True,True,True,0.006129151002824074,0.751570141997945,0.004757885999424616,0.7624571790001937,0.06849730300018564,0.003957033157348633,1441,353,2135,2,4.259478129945864e-14,0.010000000000783443,inf,,,,,lin2025,,8,,legacy_full_scene,R_G1_MONA,micp_comparison/results/final_aligned_2026-09-04/rg1_mona.csv
,,,,,,DEU_MONAMerge-2_1000160_T-179,scenarios/experiment_scenarios/mona/DEU_MONAMerge-2_1000160_T-179.xml,10161,R_G1,0,standard,20,True,True,True,0.00536635699972976,0.7217217890029133,0.014947138999559684,0.7420352850022027,0.06822112899681088,0.014079093933105469,1417,345,2108,2,0.0,0.009999999998996145,inf,,,,,lin2025,,16,,legacy_full_scene,R_G1_MONA,micp_comparison/results/final_aligned_2026-09-04/rg1_mona.csv
,,,,,,DEU_MONAMerge-2_10001720_T-1739,scenarios/experiment_scenarios/mona/DEU_MONAMerge-2_10001720_T-1739.xml,11767,R_G1,0,standard,20,True,True,True,0.004031876000226475,0.6914150240008894,0.012950637999892933,0.7083975380010088,0.0641920329981076,0.012270927429199219,1372,330,2043,2,0.0,0.009999999998626663,inf,,,,,lin2025,,18,,legacy_full_scene,R_G1_MONA,micp_comparison/results/final_aligned_2026-09-04/rg1_mona.csv
,,,,,,DEU_MONAMerge-2_10001900_T-1919,scenarios/experiment_scenarios/mona/DEU_MONAMerge-2_10001900_T-1919.xml,11934,R_G1,0,standard,20,True,True,True,0.004877978000877192,0.6897502529973281,0.004937425001116935,0.6995656559993222,0.06950010500077042,0.004113912582397461,1297,305,1958,2,1.7183927244174488e-12,0.010000000001727627,inf,,,,,lin2025,,14,,legacy_full_scene,R_G1_MONA,micp_comparison/results/final_aligned_2026-09-04/rg1_mona.csv
,,,,,,DEU_MONAMerge-2_10001920_T-1939,scenarios/experiment_scenarios/mona/DEU_MONAMerge-2_10001920_T-1939.xml,11957,R_G1,0,standard,20,True,True,True,0.006833774998085573,0.7480249929976708,0.004585079997923458,0.7594438479936798,0.06853684599991539,0.003821134567260742,1423,347,2111,2,7.952189338207967e-13,0.010000000004435024,inf,,,,,lin2025,,8,,legacy_full_scene,R_G1_MONA,micp_comparison/results/final_aligned_2026-09-04/rg1_mona.csv
,,,,,,DEU_MONAMerge-2_10002000_T-2019,scenarios/experiment_scenarios/mona/DEU_MONAMerge-2_10002000_T-2019.xml,12012,R_G1,0,standard,20,True,True,True,0.0059017950006818864,0.7529978610000398,0.00517274699814152,0.7640724029988633,0.07397746299830033,0.004292964935302734,1453,357,2151,2,0.0,0.010000000019313511,inf,,,,,lin2025,,19,,legacy_full_scene,R_G1_MONA,micp_comparison/results/final_aligned_2026-09-04/rg1_mona.csv
,,,,,,DEU_MONAMerge-2_10002000_T-2019,scenarios/experiment_scenarios/mona/DEU_MONAMerge-2_10002000_T-2019.xml,12023,R_G1,0,standard,20,True,True,True,0.004396661999635398,0.5641245749975496,0.014052745002118172,0.5825739819993032,0.07672038400050951,0.013336181640625,1117,245,1733,2,0.0,0.01,inf,,,,,lin2025,,13,,legacy_full_scene,R_G1_MONA,micp_comparison/results/final_aligned_2026-09-04/rg1_mona.csv
,,,,,,DEU_MONAMerge-2_10002060_T-2079,scenarios/experiment_scenarios/mona/DEU_MONAMerge-2_10002060_T-2079.xml,12057,R_G1,0,standard,20,True,True,True,0.1588023520016577,0.6925888299992948,0.004810662001546007,0.8562018440024985,0.0758635089987365,0.004029989242553711,1354,324,2024,2,2.919075217906538e-13,0.01000000000066962,inf,,,,,lin2025,,12,,legacy_full_scene,R_G1_MONA,micp_comparison/results/final_aligned_2026-09-04/rg1_mona.csv
,,,,,,DEU_MONAMerge-2_10002120_T-2139,scenarios/experiment_scenarios/mona/DEU_MONAMerge-2_10002120_T-2139.xml,12117,R_G1,0,standard,20,True,True,True,0.006376288998581003,0.6785142099979566,0.005331778000254417,0.6902222769967921,0.09023352000076557,0.004331111907958984,1336,318,2010,2,0.0,0.010000000016515877,inf,,,,,lin2025,,10,,legacy_full_scene,R_G1_MONA,micp_comparison/results/final_aligned_2026-09-04/rg1_mona.csv
,,,,,,DEU_MONAMerge-2_10002140_T-2159,scenarios/experiment_scenarios/mona/DEU_MONAMerge-2_10002140_T-2159.xml,12152,R_G1,0,standard,20,True,True,True,0.004621117001079256,0.7516556660011702,0.013877716999559198,0.7701545000018086,0.08645382200120366,0.013080120086669922,1354,324,2024,2,0.0,0.01,inf,,,,,lin2025,,14,,legacy_full_scene,R_G1_MONA,micp_comparison/results/final_aligned_2026-09-04/rg1_mona.csv
,,,,,,DEU_MONAMerge-2_10002180_T-2199,scenarios/experiment_scenarios/mona/DEU_MONAMerge-2_10002180_T-2199.xml,12184,R_G1,0,standard,20,True,True,True,0.005474906000017654,0.7567945299997518,0.0053812480000487994,0.7676506839998183,0.08724305700161494,0.004661083221435547,1414,344,2099,2,8.026415265427486e-14,0.010000000000722504,inf,,,,,lin2025,,12,,legacy_full_scene,R_G1_MONA,micp_comparison/results/final_aligned_2026-09-04/rg1_mona.csv
,,,,,,DEU_MONAMerge-2_10002200_T-2219,scenarios/experiment_scenarios/mona/DEU_MONAMerge-2_10002200_T-2219.xml,12214,R_G1,0,standard,20,True,True,True,0.004121333000512095,0.7203507869999157,0.01252785200267681,0.7369999720031046,0.08821018999879016,0.011712074279785156,1381,333,2055,2,0.0,0.009999999998626663,inf,,,,,lin2025,,9,,legacy_full_scene,R_G1_MONA,micp_comparison/results/final_aligned_2026-09-04/rg1_mona.csv
,,,,,,DEU_MONAMerge-2_10002200_T-2219,scenarios/experiment_scenarios/mona/DEU_MONAMerge-2_10002200_T-2219.xml,12232,R_G1,0,standard,20,True,True,True,0.004164508001849754,0.7277731130016036,0.01575926000077743,0.7476968810042308,0.0905049009998038,0.014944076538085938,1381,333,2055,2,0.0,0.009999999997717168,inf,,,,,lin2025,,13,,legacy_full_scene,R_G1_MONA,micp_comparison/results/final_aligned_2026-09-04/rg1_mona.csv
,,,,,,DEU_MONAMerge-2_10002380_T-2399,scenarios/experiment_scenarios/mona/DEU_MONAMerge-2_10002380_T-2399.xml,12372,R_G1,0,standard,20,True,True,True,0.004686168002081104,0.6988738699983514,0.015082255999004701,0.7186422939994372,0.09490317000017967,0.014214038848876953,1381,333,2055,2,0.0,0.009999999997717168,inf,,,,,lin2025,,19,,legacy_full_scene,R_G1_MONA,micp_comparison/results/final_aligned_2026-09-04/rg1_mona.csv
,,,,,,DEU_MONAMerge-2_10002440_T-2459,scenarios/experiment_scenarios/mona/DEU_MONAMerge-2_10002440_T-2459.xml,12409,R_G1,0,standard,20,True,True,True,0.003692921000038041,0.6121991550025996,0.013192757000069832,0.6290848330027075,0.09164231499744346,0.012357950210571289,1216,278,1855,2,0.0,0.009999999997717168,inf,,,,,lin2025,,15,,legacy_full_scene,R_G1_MONA,micp_comparison/results/final_aligned_2026-09-04/rg1_mona.csv
,,,,,,DEU_MONAMerge-2_10002480_T-2499,scenarios/experiment_scenarios/mona/DEU_MONAMerge-2_10002480_T-2499.xml,12445,R_G1,0,standard,20,True,True,True,0.0035760680002567824,0.6556371270016825,0.016454313998110592,0.6756675090000499,0.09462030299982871,0.01577019691467285,1306,308,1965,2,0.0,0.01,inf,,,,,lin2025,,12,,legacy_full_scene,R_G1_MONA,micp_comparison/results/final_aligned_2026-09-04/rg1_mona.csv
,,,,,,DEU_MONAMerge-2_10002580_T-2599,scenarios/experiment_scenarios/mona/DEU_MONAMerge-2_10002580_T-2599.xml,12493,R_G1,0,standard,20,True,True,True,0.004985389001376461,0.770448387000215,0.0046726010004931595,0.7801063770020846,0.10445244799848297,0.0038809776306152344,1378,332,2056,2,1.074494186885964e-12,0.010000000002604049,inf,,,,,lin2025,,10,,legacy_full_scene,R_G1_MONA,micp_comparison/results/final_aligned_2026-09-04/rg1_mona.csv
,,,,,,DEU_MONAMerge-2_10002780_T-2799,scenarios/experiment_scenarios/mona/DEU_MONAMerge-2_10002780_T-2799.xml,12602,R_G1,0,standard,20,True,True,True,0.006097656998463208,0.7422100379990297,0.005044973997428315,0.7533526689949213,0.0987272269994719,0.004133939743041992,1432,350,2123,2,0.0,0.010000000000090492,inf,,,,,lin2025,,18,,legacy_full_scene,R_G1_MONA,micp_comparison/results/final_aligned_2026-09-04/rg1_mona.csv
,,,,,,DEU_MONAMerge-2_10002780_T-2799,scenarios/experiment_scenarios/mona/DEU_MONAMerge-2_10002780_T-2799.xml,12603,R_G1,0,standard,20,True,True,True,0.003929778002202511,0.7246472070000891,0.012498381998739205,0.7410753670010308,0.09958732599989162,0.01175689697265625,1384,334,2059,2,0.0,0.009999999996807674,inf,,,,,lin2025,,18,,legacy_full_scene,R_G1_MONA,micp_comparison/results/final_aligned_2026-09-04/rg1_mona.csv
,,,,,,DEU_MONAMerge-2_10002820_T-2839,scenarios/experiment_scenarios/mona/DEU_MONAMerge-2_10002820_T-2839.xml,12625,R_G1,0,standard,20,True,True,True,0.004928616999677615,0.7594535710013588,0.00549309699999867,0.7698752850010351,0.10090382200360182,0.0045070648193359375,1402,340,2083,2,0.0,0.01000000000001753,inf,,,,,lin2025,,17,,legacy_full_scene,R_G1_MONA,micp_comparison/results/final_aligned_2026-09-04/rg1_mona.csv
,,,,,,DEU_MONAMerge-2_10002920_T-2939,scenarios/experiment_scenarios/mona/DEU_MONAMerge-2_10002920_T-2939.xml,12731,R_G1,0,standard,20,True,True,True,0.003940411999792559,0.7443556260004698,0.014499324002827052,0.7627953620030894,0.10259821100044064,0.01344609260559082,1402,340,2083,2,0.0,0.009999999996807674,inf,,,,,lin2025,,19,,legacy_full_scene,R_G1_MONA,micp_comparison/results/final_aligned_2026-09-04/rg1_mona.csv
,,,,,,DEU_MONAMerge-2_1000340_T-359,scenarios/experiment_scenarios/mona/DEU_MONAMerge-2_1000340_T-359.xml,10361,R_G1,0,standard,20,True,True,True,0.005173673001991119,0.8130241199978627,0.005017535000661155,0.823215328000515,0.10618741399957798,0.004258155822753906,1411,343,2095,2,1.7819436538447984e-12,0.01000000000003628,inf,,,,,lin2025,,18,,legacy_full_scene,R_G1_MONA,micp_comparison/results/final_aligned_2026-09-04/rg1_mona.csv
,,,,,,DEU_MONAMerge-2_10003680_T-3699,scenarios/experiment_scenarios/mona/DEU_MONAMerge-2_10003680_T-3699.xml,13262,R_G1,0,standard,20,True,True,True,0.0059842320006282534,0.7430124019992945,0.0045733890001429245,0.7535700230000657,0.11429262399906293,0.003859996795654297,1399,339,2084,2,0.0,0.010000000018306924,inf,,,,,lin2025,,8,,legacy_full_scene,R_G1_MONA,micp_comparison/results/final_aligned_2026-09-04/rg1_mona.csv
,,,,,,DEU_MONAMerge-2_10003840_T-3859,scenarios/experiment_scenarios/mona/DEU_MONAMerge-2_10003840_T-3859.xml,13361,R_G1,0,standard,20,True,True,True,0.005369749997043982,0.7797935210001015,0.005220740000368096,0.7903840109975135,0.12136622400066699,0.004364967346191406,1402,340,2083,2,0.0,0.010000000003695208,inf,,,,,lin2025,,18,,legacy_full_scene,R_G1_MONA,micp_comparison/results/final_aligned_2026-09-04/rg1_mona.csv
,,,,,,DEU_MONAMerge-2_10003880_T-3899,scenarios/experiment_scenarios/mona/DEU_MONAMerge-2_10003880_T-3899.xml,13408,R_G1,0,standard,20,True,True,True,0.004426486000738805,0.7155467929987935,0.013265745998069178,0.7332390249976015,0.11975356900074985,0.012382030487060547,1387,335,2063,2,0.0,0.009999999997717168,inf,,,,,lin2025,,16,,legacy_full_scene,R_G1_MONA,micp_comparison/results/final_aligned_2026-09-04/rg1_mona.csv
,,,,,,DEU_MONAMerge-2_10003960_T-3979,scenarios/experiment_scenarios/mona/DEU_MONAMerge-2_10003960_T-3979.xml,13454,R_G1,0,standard,20,True,True,True,0.004269585002475651,0.7563097710008151,0.015824394999071956,0.7764037510023627,0.12377911599833169,0.014892101287841797,1387,335,2063,2,0.0,0.009999999996807674,inf,,,,,lin2025,,16,,legacy_full_scene,R_G1_MONA,micp_comparison/results/final_aligned_2026-09-04/rg1_mona.csv
,,,,,,DEU_MONAMerge-2_10004120_T-4139,scenarios/experiment_scenarios/mona/DEU_MONAMerge-2_10004120_T-4139.xml,13541,R_G1,0,standard,20,True,True,True,0.004879626998445019,0.765122713000892,0.005201178999413969,0.775203518998751,0.12733455899797264,0.004269123077392578,1408,342,2091,2,0.0,0.010000000039708013,inf,,,,,lin2025,,11,,legacy_full_scene,R_G1_MONA,micp_comparison/results/final_aligned_2026-09-04/rg1_mona.csv
,,,,,,DEU_MONAMerge-2_10004160_T-4179,scenarios/experiment_scenarios/mona/DEU_MONAMerge-2_10004160_T-4179.xml,13563,R_G1,0,standard,20,True,True,True,0.005994051000016043,0.763342210000701,0.004911962001642678,0.7742482230023597,0.125384129001759,0.004129171371459961,1417,345,2103,2,7.634971650007692e-13,0.010000000000701276,inf,,,,,lin2025,,10,,legacy_full_scene,R_G1_MONA,micp_comparison/results/final_aligned_2026-09-04/rg1_mona.csv
,,,,,,DEU_MONAMerge-2_10004160_T-4179,scenarios/experiment_scenarios/mona/DEU_MONAMerge-2_10004160_T-4179.xml,13568,R_G1,0,standard,20,True,True,True,0.004124737999518402,0.7574672070004453,0.014370799999596784,0.7759627449995605,0.12860690700108535,0.013519048690795898,1366,328,2035,2,0.0,0.009999999996807674,inf,,,,,lin2025,,10,,legacy_full_scene,R_G1_MONA,micp_comparison/results/final_aligned_2026-09-04/rg1_mona.csv
,,,,,,DEU_MONAMerge-2_10004300_T-4319,scenarios/experiment_scenarios/mona/DEU_MONAMerge-2_10004300_T-4319.xml,13694,R_G1,0,standard,20,True,True,True,0.0037009330008004326,0.716903464999632,0.016622826999082463,0.7372272249995149,0.1252668970009836,0.015720844268798828,1342,320,2003,2,0.0,0.009999999997717168,inf,,,,,lin2025,,17,,legacy_full_scene,R_G1_MONA,micp_comparison/results/final_aligned_2026-09-04/rg1_mona.csv
,,,,,,DEU_MONAMerge-2_10004400_T-4419,scenarios/experiment_scenarios/mona/DEU_MONAMerge-2_10004400_T-4419.xml,13727,R_G1,0,standard,20,True,True,True,0.00612019300024258,0.7843992449998041,0.005162950998055749,0.7956823889981024,0.14082986300127232,0.004414081573486328,1402,340,2083,2,0.0,0.010000000006673383,inf,,,,,lin2025,,10,,legacy_full_scene,R_G1_MONA,micp_comparison/results/final_aligned_2026-09-04/rg1_mona.csv
,,,,,,DEU_MONAMerge-2_10004460_T-4479,scenarios/experiment_scenarios/mona/DEU_MONAMerge-2_10004460_T-4479.xml,13754,R_G1,0,standard,20,True,True,True,0.004195271001663059,0.7353649729993776,0.013115896999806864,0.7526761410008476,0.12820449900027597,0.012205123901367188,1393,337,2071,2,0.0,0.009999999998626663,inf,,,,,lin2025,,16,,legacy_full_scene,R_G1_MONA,micp_comparison/results/final_aligned_2026-09-04/rg1_mona.csv
,,,,,,DEU_MONAMerge-2_10004480_T-4499,scenarios/experiment_scenarios/mona/DEU_MONAMerge-2_10004480_T-4499.xml,13771,R_G1,0,standard,20,True,True,True,0.003326412999740569,0.4767888570022478,0.004350629998953082,0.4844659000009415,0.12902182000107132,0.003567934036254883,985,201,1577,2,0.0,0.010000000001944363,inf,,,,,lin2025,,11,,legacy_full_scene,R_G1_MONA,micp_comparison/results/final_aligned_2026-09-04/rg1_mona.csv
,,,,,,DEU_MONAMerge-2_10004500_T-4519,scenarios/experiment_scenarios/mona/DEU_MONAMerge-2_10004500_T-4519.xml,13778,R_G1,0,standard,20,True,True,True,0.0036287250004534144,0.9161957129981602,0.014724133001436712,0.9345485710000503,0.13942538099945523,0.013823986053466797,1363,327,2031,2,0.0,0.009999999996807674,inf,,,,,lin2025,,13,,legacy_full_scene,R_G1_MONA,micp_comparison/results/final_aligned_2026-09-04/rg1_mona.csv
,,,,,,DEU_MONAMerge-2_10004500_T-4519,scenarios/experiment_scenarios/mona/DEU_MONAMerge-2_10004500_T-4519.xml,13780,R_G1,0,standard,20,True,True,True,0.005141190998983802,0.7505155500002729,0.0052984980029577855,0.7609552390022145,0.14197356300064712,0.004313945770263672,1402,340,2083,2,0.0,0.010000000000040307,inf,,,,,lin2025,,13,,legacy_full_scene,R_G1_MONA,micp_comparison/results/final_aligned_2026-09-04/rg1_mona.csv
,,,,,,DEU_MONAMerge-2_10004520_T-4539,scenarios/experiment_scenarios/mona/DEU_MONAMerge-2_10004520_T-4539.xml,13808,R_G1,0,standard,20,True,True,True,0.0029217219998827204,0.4235021880012937,0.012570175000291783,0.4389940850014682,0.15017531699777464,0.01175999641418457,907,175,1478,2,0.0,0.01,inf,,,,,lin2025,,14,,legacy_full_scene,R_G1_MONA,micp_comparison/results/final_aligned_2026-09-04/rg1_mona.csv
,,,,,,DEU_MONAMerge-2_10004960_T-4979,scenarios/experiment_scenarios/mona/DEU_MONAMerge-2_10004960_T-4979.xml,14036,R_G1,0,standard,20,True,True,True,0.0063779530028114095,0.7598016740012099,0.00543567000204348,0.7716152970060648,0.14709718099766178,0.00469207763671875,1411,343,2100,2,0.0,0.010000000000371765,inf,,,,,lin2025,,9,,legacy_full_scene,R_G1_MONA,micp_comparison/results/final_aligned_2026-09-04/rg1_mona.csv
,,,,,,DEU_MONAMerge-2_10004960_T-4979,scenarios/experiment_scenarios/mona/DEU_MONAMerge-2_10004960_T-4979.xml,14040,R_G1,0,standard,20,True,True,True,0.005580547000135994,0.773897726998257,0.004740837997815106,0.7842191119962081,0.15110124800048652,0.004024982452392578,1387,335,2068,2,0.0,0.0100000000008749,inf,,,,,lin2025,,18,,legacy_full_scene,R_G1_MONA,micp_comparison/results/final_aligned_2026-09-04/rg1_mona.csv
,,,,,,DEU_MONAMerge-2_10005000_T-5019,scenarios/experiment_scenarios/mona/DEU_MONAMerge-2_10005000_T-5019.xml,14067,R_G1,0,standard,20,True,True,True,0.004801527000381611,0.5964847130017006,0.0048885340002016164,0.6061747740022838,0.160973655001726,0.003957033157348633,1168,262,1801,2,2.830650344428667e-13,0.010000000006959659,inf,,,,,lin2025,,13,,legacy_full_scene,R_G1_MONA,micp_comparison/results/final_aligned_2026-09-04/rg1_mona.csv
,,,,,,DEU_MONAMerge-2_10005080_T-5099,scenarios/experiment_scenarios/mona/DEU_MONAMerge-2_10005080_T-5099.xml,14116,R_G1,0,standard,20,True,True,True,0.003919032998965122,0.7415076529978251,0.017219101002410753,0.7626457869992009,0.1554210249996686,0.016434192657470703,1402,340,2083,2,0.0,0.009999999996807674,inf,,,,,lin2025,,14,,legacy_full_scene,R_G1_MONA,micp_comparison/results/final_aligned_2026-09-04/rg1_mona.csv
,,,,,,DEU_MONAMerge-2_10005280_T-5299,scenarios/experiment_scenarios/mona/DEU_MONAMerge-2_10005280_T-5299.xml,14224,R_G1,0,standard,20,True,True,True,0.007334720998187549,0.807223163999879,0.005316699000104563,0.8198745839981711,0.16808342200238258,0.004434108734130859,1441,353,2135,2,8.114798501961891e-13,0.010000000000614654,inf,,,,,lin2025,,8,,legacy_full_scene,R_G1_MONA,micp_comparison/results/final_aligned_2026-09-04/rg1_mona.csv
,,,,,,DEU_MONAMerge-2_10005280_T-5299,scenarios/experiment_scenarios/mona/DEU_MONAMerge-2_10005280_T-5299.xml,14238,R_G1,0,standard,20,True,True,True,0.005401829999755137,0.7052784799998335,0.022110427998995874,0.7327907379985845,0.17564022000078694,0.021255016326904297,1348,322,2011,2,0.0,0.009999999997717168,inf,,,,,lin2025,,8,,legacy_full_scene,R_G1_MONA,micp_comparison/results/final_aligned_2026-09-04/rg1_mona.csv
,,,,,,DEU_MONAMerge-2_10005380_T-5399,scenarios/experiment_scenarios/mona/DEU_MONAMerge-2_10005380_T-5399.xml,14301,R_G1,0,standard,20,True,True,True,0.006364333999954397,0.7506083000007493,0.0054873669978405815,0.7624600009985443,0.17466585299916915,0.004431009292602539,1402,340,2083,2,2.6893239882921914e-12,0.010000000000126305,inf,,,,,lin2025,,8,,legacy_full_scene,R_G1_MONA,micp_comparison/results/final_aligned_2026-09-04/rg1_mona.csv
,,,,,,DEU_MONAMerge-2_10005380_T-5399,scenarios/experiment_scenarios/mona/DEU_MONAMerge-2_10005380_T-5399.xml,14303,R_G1,0,standard,20,True,True,True,0.007510433002607897,0.7809891830002016,0.0052823690020886716,0.7937819850048982,0.176948412998172,0.004373073577880859,1450,356,2147,2,0.0,0.010000000001535662,inf,,,,,lin2025,,14,,legacy_full_scene,R_G1_MONA,micp_comparison/results/final_aligned_2026-09-04/rg1_mona.csv
,,,,,,DEU_MONAMerge-2_1000540_T-559,scenarios/experiment_scenarios/mona/DEU_MONAMerge-2_1000540_T-559.xml,10565,R_G1,0,standard,20,True,True,True,0.004707165000581881,0.8171508480008924,0.005407278000348015,0.8272652910018223,0.16520168499846477,0.004534006118774414,1411,343,2095,2,0.0,0.010000000001618178,inf,,,,,lin2025,,13,,legacy_full_scene,R_G1_MONA,micp_comparison/results/final_aligned_2026-09-04/rg1_mona.csv
,,,,,,DEU_MONAMerge-2_1000540_T-559,scenarios/experiment_scenarios/mona/DEU_MONAMerge-2_1000540_T-559.xml,10567,R_G1,0,standard,20,True,True,True,0.004041492000396829,0.7353358759974071,0.013681534001079854,0.7530589019988838,0.16489736500079744,0.012739896774291992,1375,331,2047,2,0.0,0.009999999995898179,inf,,,,,lin2025,,13,,legacy_full_scene,R_G1_MONA,micp_comparison/results/final_aligned_2026-09-04/rg1_mona.csv
,,,,,,DEU_MONAMerge-2_10005460_T-5479,scenarios/experiment_scenarios/mona/DEU_MONAMerge-2_10005460_T-5479.xml,14384,R_G1,0,standard,20,True,True,True,0.005018727999413386,0.7530581929968321,0.005470860000059474,0.7635477809963049,0.17544930999792996,0.004637002944946289,1408,342,2091,2,0.0,0.010000000006628488,inf,,,,,lin2025,,11,,legacy_full_scene,R_G1_MONA,micp_comparison/results/final_aligned_2026-09-04/rg1_mona.csv
,,,,,,DEU_MONAMerge-2_10005480_T-5499,scenarios/experiment_scenarios/mona/DEU_MONAMerge-2_10005480_T-5499.xml,14400,R_G1,0,standard,20,True,True,True,0.006114555999374716,0.7734932780003874,0.00490207199982251,0.7845099059995846,0.17752390600071521,0.004103899002075195,1444,354,2139,2,4.444297752793703e-13,0.010000000014751742,inf,,,,,lin2025,,8,,legacy_full_scene,R_G1_MONA,micp_comparison/results/final_aligned_2026-09-04/rg1_mona.csv
,,,,,,DEU_MONAMerge-2_10005480_T-5499,scenarios/experiment_scenarios/mona/DEU_MONAMerge-2_10005480_T-5499.xml,14412,R_G1,0,standard,20,True,True,True,0.0065201040015381295,0.8043926970021857,0.005044612000347115,0.815957413004071,0.17844232799689053,0.004282951354980469,1459,359,2159,2,0.0,0.010000000000202298,inf,,,,,lin2025,,12,,legacy_full_scene,R_G1_MONA,micp_comparison/results/final_aligned_2026-09-04/rg1_mona.csv
,,,,,,DEU_MONAMerge-2_10005520_T-5539,scenarios/experiment_scenarios/mona/DEU_MONAMerge-2_10005520_T-5539.xml,14429,R_G1,0,standard,20,True,True,True,0.003613786000641994,0.6465023720011231,0.017300154999247752,0.6674163130010129,0.17408895499829669,0.016453981399536133,1258,292,1901,2,0.0,0.01,inf,,,,,lin2025,,9,,legacy_full_scene,R_G1_MONA,micp_comparison/results/final_aligned_2026-09-04/rg1_mona.csv
,,,,,,DEU_MONAMerge-2_10005540_T-5559,scenarios/experiment_scenarios/mona/DEU_MONAMerge-2_10005540_T-5559.xml,14437,R_G1,0,standard,20,True,True,True,0.005870041000889614,0.6010087159993418,0.004465235000679968,0.6113439920009114,0.17955960299877916,0.0035669803619384766,1192,270,1828,2,0.0,0.010000000000768457,inf,,,,,lin2025,,7,,legacy_full_scene,R_G1_MONA,micp_comparison/results/final_aligned_2026-09-04/rg1_mona.csv
,,,,,,DEU_MONAMerge-2_10005540_T-5559,scenarios/experiment_scenarios/mona/DEU_MONAMerge-2_10005540_T-5559.xml,14440,R_G1,0,standard,20,True,True,True,0.005552114002057351,0.6500905059983779,0.005024284997489303,0.6606669049979246,0.18018990899872733,0.004168033599853516,1246,288,1900,2,0.0,0.010000000000573411,inf,,,,,lin2025,,11,,legacy_full_scene,R_G1_MONA,micp_comparison/results/final_aligned_2026-09-04/rg1_mona.csv
,,,,,,DEU_MONAMerge-2_10005840_T-5859,scenarios/experiment_scenarios/mona/DEU_MONAMerge-2_10005840_T-5859.xml,14623,R_G1,0,standard,20,True,True,True,0.0060266680011409335,0.6607569119987602,0.018079731999023352,0.6848633119989245,0.197420520002197,0.01707315444946289,1282,300,1943,2,4.504760792654416e-15,0.01,inf,,,,,lin2025,,11,,legacy_full_scene,R_G1_MONA,micp_comparison/results/final_aligned_2026-09-04/rg1_mona.csv
,,,,,,DEU_MONAMerge-2_10005860_T-5879,scenarios/experiment_scenarios/mona/DEU_MONAMerge-2_10005860_T-5879.xml,14647,R_G1,0,standard,20,True,True,True,0.00732200600032229,0.7889219960015907,0.0052550779982993845,0.8014990800002124,0.20544245800192584,0.004469156265258789,1435,351,2127,2,0.0,0.010000000000395129,inf,,,,,lin2025,,15,,legacy_full_scene,R_G1_MONA,micp_comparison/results/final_aligned_2026-09-04/rg1_mona.csv
,,,,,,DEU_MONAMerge-2_10006000_T-6019,scenarios/experiment_scenarios/mona/DEU_MONAMerge-2_10006000_T-6019.xml,14754,R_G1,0,standard,20,True,True,True,0.0039824939995014574,0.7155542489999789,0.015097349001734983,0.7346340920012153,0.18602779799766722,0.014137029647827148,1354,324,2019,2,0.0,0.009999999996807674,inf,,,,,lin2025,,15,,legacy_full_scene,R_G1_MONA,micp_comparison/results/final_aligned_2026-09-04/rg1_mona.csv
,,,,,,DEU_MONAMerge-2_10006080_T-6099,scenarios/experiment_scenarios/mona/DEU_MONAMerge-2_10006080_T-6099.xml,14780,R_G1,0,standard,20,True,True,True,0.006056589998479467,0.8040857039995899,0.004956796001351904,0.8150990899994213,0.20146195000052103,0.004102945327758789,1447,355,2143,2,0.0,0.01000000000155401,inf,,,,,lin2025,,12,,legacy_full_scene,R_G1_MONA,micp_comparison/results/final_aligned_2026-09-04/rg1_mona.csv
,,,,,,DEU_MONAMerge-2_10006080_T-6099,scenarios/experiment_scenarios/mona/DEU_MONAMerge-2_10006080_T-6099.xml,14789,R_G1,0,standard,20,True,True,True,0.00535866100108251,0.709618146000139,0.015398422001453582,0.730375229002675,0.2046240809977462,0.01450800895690918,1351,323,2015,2,6.935805432499573e-15,0.009999999997717168,inf,,,,,lin2025,,14,,legacy_full_scene,R_G1_MONA,micp_comparison/results/final_aligned_2026-09-04/rg1_mona.csv
,,,,,,DEU_MONAMerge-2_10006100_T-6119,scenarios/experiment_scenarios/mona/DEU_MONAMerge-2_10006100_T-6119.xml,14801,R_G1,0,standard,20,True,True,True,0.003995312999904854,0.6759934410001733,0.01534179500231403,0.6953305490023922,0.19884505000300123,0.01446986198425293,1282,300,1933,2,0.0,0.01,inf,,,,,lin2025,,16,,legacy_full_scene,R_G1_MONA,micp_comparison/results/final_aligned_2026-09-04/rg1_mona.csv
,,,,,,DEU_MONAMerge-2_10006120_T-6139,scenarios/experiment_scenarios/mona/DEU_MONAMerge-2_10006120_T-6139.xml,14815,R_G1,0,standard,20,True,True,True,0.006174707999889506,0.6933683380011644,0.005297685998812085,0.704840731999866,0.22399129699988407,0.004408121109008789,1291,303,1955,2,2.1544651186274335e-12,0.01000000000022273,inf,,,,,lin2025,,8,,legacy_full_scene,R_G1_MONA,micp_comparison/results/final_aligned_2026-09-04/rg1_mona.csv
,,,,,,DEU_MONAMerge-2_10006160_T-6179,scenarios/experiment_scenarios/mona/DEU_MONAMerge-2_10006160_T-6179.xml,14836,R_G1,0,standard,20,True,True,True,0.0037349539998103864,0.7307714630005648,0.015070959998411126,0.7495773769987863,0.21049784699789598,0.014158010482788086,1342,320,2003,2,0.0,0.009999999996807674,inf,,,,,lin2025,,10,,legacy_full_scene,R_G1_MONA,micp_comparison/results/final_aligned_2026-09-04/rg1_mona.csv
,,,,,,DEU_MONAMerge-2_10006160_T-6179,scenarios/experiment_scenarios/mona/DEU_MONAMerge-2_10006160_T-6179.xml,14844,R_G1,0,standard,20,True,True,True,0.004531110000243643,0.7786387560008734,0.016564970999752404,0.7997348370008694,0.20852936300070724,0.015731096267700195,1369,329,2039,2,0.0,0.009999999995898179,inf,,,,,lin2025,,10,,legacy_full_scene,R_G1_MONA,micp_comparison/results/final_aligned_2026-09-04/rg1_mona.csv
,,,,,,DEU_MONAMerge-2_10006200_T-6219,scenarios/experiment_scenarios/mona/DEU_MONAMerge-2_10006200_T-6219.xml,14857,R_G1,0,standard,20,True,True,True,0.005857350999576738,0.7543644060024235,0.005304474994773045,0.7655262319967733,0.21590282499528257,0.0044710636138916016,1357,325,2028,2,1.022111293395872e-12,0.010000000007357622,inf,,,,,lin2025,,10,,legacy_full_scene,R_G1_MONA,micp_comparison/results/final_aligned_2026-09-04/rg1_mona.csv
,,,,,,DEU_MONAMerge-2_1000640_T-659,scenarios/experiment_scenarios/mona/DEU_MONAMerge-2_1000640_T-659.xml,10665,R_G1,0,standard,20,True,True,True,0.004643031999876257,0.8192070439981762,0.016622466006083414,0.8404725420041359,0.21610982000129297,0.015661001205444336,1453,357,2151,2,0.0,0.009999999998029807,inf,,,,,lin2025,,12,,legacy_full_scene,R_G1_MONA,micp_comparison/results/final_aligned_2026-09-04/rg1_mona.csv
,,,,,,DEU_MONAMerge-2_10006480_T-6499,scenarios/experiment_scenarios/mona/DEU_MONAMerge-2_10006480_T-6499.xml,15037,R_G1,0,standard,20,True,True,True,0.0046194460010156035,0.7565798650030047,0.015418239003338385,0.7766175500073587,0.21719540500635048,0.014281988143920898,1360,326,2027,2,0.0,0.009999999997717168,inf,,,,,lin2025,,15,,legacy_full_scene,R_G1_MONA,micp_comparison/results/final_aligned_2026-09-04/rg1_mona.csv
,,,,,,DEU_MONAMerge-2_10006480_T-6499,scenarios/experiment_scenarios/mona/DEU_MONAMerge-2_10006480_T-6499.xml,15038,R_G1,0,standard,20,True,True,True,0.004354690005129669,0.7587789589961176,0.017109853004512843,0.7802435020057601,0.2186142939972342,0.016039133071899414,1342,320,2003,2,0.0,0.009999999996807674,inf,,,,,lin2025,,15,,legacy_full_scene,R_G1_MONA,micp_comparison/results/final_aligned_2026-09-04/rg1_mona.csv
,,,,,,DEU_MONAMerge-2_10006660_T-6679,scenarios/experiment_scenarios/mona/DEU_MONAMerge-2_10006660_T-6679.xml,15184,R_G1,0,standard,20,True,True,True,0.008696937999047805,0.7740929700012202,0.0052923650000593625,0.7880822730003274,0.23846929899445968,0.004395008087158203,1402,340,2083,2,0.0,0.010000000001490239,inf,,,,,lin2025,,18,,legacy_full_scene,R_G1_MONA,micp_comparison/results/final_aligned_2026-09-04/rg1_mona.csv
,,,,,,DEU_MONAMerge-2_10006660_T-6679,scenarios/experiment_scenarios/mona/DEU_MONAMerge-2_10006660_T-6679.xml,15192,R_G1,0,standard,20,True,True,True,0.007463908004865516,0.5956383489974542,0.005603951001830865,0.6087062080041505,0.23692960599873913,0.00442194938659668,1126,248,1755,2,0.0,0.010000000001008123,inf,,,,,lin2025,,10,,legacy_full_scene,R_G1_MONA,micp_comparison/results/final_aligned_2026-09-04/rg1_mona.csv
,,,,,,DEU_MONAMerge-2_10006660_T-6679,scenarios/experiment_scenarios/mona/DEU_MONAMerge-2_10006660_T-6679.xml,15200,R_G1,0,standard,20,True,True,True,0.004333240001869854,0.5734300289987004,0.015924072999041528,0.5936873419996118,0.24099026100157062,0.015118122100830078,1090,236,1697,2,0.0,0.01,inf,,,,,lin2025,,12,,legacy_full_scene,R_G1_MONA,micp_comparison/results/final_aligned_2026-09-04/rg1_mona.csv
,,,,,,DEU_MONAMerge-2_10006820_T-6839,scenarios/experiment_scenarios/mona/DEU_MONAMerge-2_10006820_T-6839.xml,15281,R_G1,0,standard,20,True,True,True,0.004166707003605552,0.5714893350013881,0.004932402000122238,0.5805884440051159,0.23006360199360643,0.004066944122314453,1087,235,1703,2,2.242505458070357e-12,0.010000000001740254,inf,,,,,lin2025,,7,,legacy_full_scene,R_G1_MONA,micp_comparison/results/final_aligned_2026-09-04/rg1_mona.csv
,,,,,,DEU_MONAMerge-2_10007040_T-7059,scenarios/experiment_scenarios/mona/DEU_MONAMerge-2_10007040_T-7059.xml,15491,R_G1,0,standard,20,True,True,True,0.0044008129989379086,0.5303416319948155,0.005036716996983159,0.5397791619907366,0.23385059100110084,0.004151821136474609,1039,219,1644,2,0.0,0.010000000000904724,inf,,,,,lin2025,,6,,legacy_full_scene,R_G1_MONA,micp_comparison/results/final_aligned_2026-09-04/rg1_mona.csv
,,,,,,DEU_MONAMerge-2_10007160_T-7179,scenarios/experiment_scenarios/mona/DEU_MONAMerge-2_10007160_T-7179.xml,15645,R_G1,0,standard,20,True,True,True,0.004570441000396386,0.7179567030034377,0.015610075999575201,0.7381372200034093,0.24549984800250968,0.014548063278198242,1324,314,1989,2,0.0,0.00999999999908141,inf,,,,,lin2025,,14,,legacy_full_scene,R_G1_MONA,micp_comparison/results/final_aligned_2026-09-04/rg1_mona.csv
,,,,,,DEU_MONAMerge-2_10007240_T-7259,scenarios/experiment_scenarios/mona/DEU_MONAMerge-2_10007240_T-7259.xml,15774,R_G1,0,standard,20,True,True,True,0.006258668996451888,0.716983282000001,0.005148400996404234,0.7283903519928572,0.2554463080014102,0.004186153411865234,1294,304,1954,2,0.0,0.010000000000172772,inf,,,,,lin2025,,11,,legacy_full_scene,R_G1_MONA,micp_comparison/results/final_aligned_2026-09-04/rg1_mona.csv
,,,,,,DEU_MONAMerge-2_1000840_T-859,scenarios/experiment_scenarios/mona/DEU_MONAMerge-2_1000840_T-859.xml,10847,R_G1,0,standard,20,True,True,True,0.0071346879994962364,0.8171525379948434,0.005350944004021585,0.8296381699983613,0.25558217800426064,0.004297971725463867,1462,360,2163,2,0.0,0.010000000003239118,inf,,,,,lin2025,,15,,legacy_full_scene,R_G1_MONA,micp_comparison/results/final_aligned_2026-09-04/rg1_mona.csv
,,,,,,DEU_MONAMerge-2_1000980_T-999,scenarios/experiment_scenarios/mona/DEU_MONAMerge-2_1000980_T-999.xml,10963,R_G1,0,standard,20,True,True,True,0.006997082993621007,0.7823852660003467,0.005522344996279571,0.7949046939902473,0.2479581480001798,0.004502058029174805,1402,340,2083,2,2.739841150839956e-12,0.010000000001489295,inf,,,,,lin2025,,11,,legacy_full_scene,R_G1_MONA,micp_comparison/results/final_aligned_2026-09-04/rg1_mona.csv
,,,,,,DEU_MONAMerge-2_1001100_T-119,scenarios/experiment_scenarios/mona/DEU_MONAMerge-2_1001100_T-119.xml,10081,R_G1,0,standard,20,True,True,True,0.006671576004009694,0.7805681270037894,0.0049431809966336004,0.7921828840044327,0.2533525670005474,0.004164934158325195,1369,329,2049,2,0.0,0.01000000002921486,inf,,,,,lin2025,,11,,legacy_full_scene,R_G1_MONA,micp_comparison/results/final_aligned_2026-09-04/rg1_mona.csv
,,,,,,DEU_MONAMerge-2_1001100_T-119,scenarios/experiment_scenarios/mona/DEU_MONAMerge-2_1001100_T-119.xml,10090,R_G1,0,standard,20,True,True,True,0.0061974100026418455,0.7693643660022644,0.004996187002689112,0.7805579630075954,0.2565529179992154,0.004252910614013672,1360,326,2037,2,0.0,0.010000000002437136,inf,,,,,lin2025,,17,,legacy_full_scene,R_G1_MONA,micp_comparison/results/final_aligned_2026-09-04/rg1_mona.csv
,,,,,,DEU_MONAMerge-2_10011100_T-1119,scenarios/experiment_scenarios/mona/DEU_MONAMerge-2_10011100_T-1119.xml,10920,R_G1,0,standard,20,True,True,True,0.005769658004282974,0.8030224469985114,0.005470147996675223,0.8142622529994696,0.25211128200317034,0.004586219787597656,1444,354,2139,2,0.0,0.010000000001586608,inf,,,,,lin2025,,18,,legacy_full_scene,R_G1_MONA,micp_comparison/results/final_aligned_2026-09-04/rg1_mona.csv
,,,,,,DEU_MONAMerge-2_10011100_T-1119,scenarios/experiment_scenarios/mona/DEU_MONAMerge-2_10011100_T-1119.xml,10932,R_G1,0,standard,20,True,True,True,0.005307460996846203,0.8018813769958797,0.0051979589989059605,0.8123867969916319,0.2584271859959699,0.004467010498046875,1423,347,2111,2,0.0,0.01000000000833596,inf,,,,,lin2025,,18,,legacy_full_scene,R_G1_MONA,micp_comparison/results/final_aligned_2026-09-04/rg1_mona.csv
,,,,,,DEU_MONAMerge-2_10011120_T-1139,scenarios/experiment_scenarios/mona/DEU_MONAMerge-2_10011120_T-1139.xml,10951,R_G1,0,standard,20,True,True,True,0.004126298001210671,0.7688900310022291,0.015025693995994516,0.7880420229994343,0.2508682150000823,0.014199018478393555,1369,329,2039,2,0.0,0.009999999995898179,inf,,,,,lin2025,,13,,legacy_full_scene,R_G1_MONA,micp_comparison/results/final_aligned_2026-09-04/rg1_mona.csv
,,,,,,DEU_MONAMerge-2_10011180_T-1199,scenarios/experiment_scenarios/mona/DEU_MONAMerge-2_10011180_T-1199.xml,11007,R_G1,0,standard,20,True,True,True,0.004717855001217686,0.76933521200408,0.005462039000121877,0.7795151060054195,0.26321376899431925,0.0045049190521240234,1387,335,2063,2,1.7130941724386986e-12,0.010000000039569553,inf,,,,,lin2025,,11,,legacy_full_scene,R_G1_MONA,micp_comparison/results/final_aligned_2026-09-04/rg1_mona.csv
,,,,,,DEU_MONAMerge-2_1001120_T-139,scenarios/experiment_scenarios/mona/DEU_MONAMerge-2_1001120_T-139.xml,10100,R_G1,0,standard,20,True,True,True,0.005726645002141595,0.7685253410018049,0.014366349998454098,0.7886183360024006,0.26800139100669185,0.013397932052612305,1387,335,2063,2,0.0,0.009999999995898179,inf,,,,,lin2025,,18,,legacy_full_scene,R_G1_MONA,micp_comparison/results/final_aligned_2026-09-04/rg1_mona.csv
all_cases,True,True,True,2.0153758459982782,420,DEU_LocationALower-11_102_T-1,scenarios/experiment_scenarios/highd/DEU_LocationALower-11_102_T-1.xml,16,R_G1_R_G3,0,standard,21,True,True,True,0.009086604999538395,1.6055701679997583,0.017128804000094533,1.6317855769993912,0.06023008500051219,0.01612997055053711,2587,735,3680,2,0.0,0.009999999998854037,inf,,,,,,,9,,legacy_full_scene,R_G1_R_G3,micp_comparison/results/lin2025_standard_full_2026-09-04/rg1_rg3.csv
all_cases,True,True,True,2.1513169549998565,420,DEU_LocationALower-11_110_T-1,scenarios/experiment_scenarios/highd/DEU_LocationALower-11_110_T-1.xml,16,R_G1_R_G3,0,standard,21,True,True,True,0.013597675999335479,1.5552489509991574,0.017164195000077598,1.5860108219985705,0.0822649170004297,0.016356229782104492,2587,735,3680,2,0.0,0.009999999999536158,inf,,,,,,,2,,legacy_full_scene,R_G1_R_G3,micp_comparison/results/lin2025_standard_full_2026-09-04/rg1_rg3.csv
all_cases,True,True,True,1.5142406210015906,420,DEU_LocationALower-11_131_T-1,scenarios/experiment_scenarios/highd/DEU_LocationALower-11_131_T-1.xml,18,R_G1_R_G3,0,standard,21,True,True,True,0.011992740999630769,1.600909655999203,0.017682080999293248,1.6305844779981271,0.08962260400039668,0.01689600944519043,2587,735,3680,2,0.0,0.00999999999942247,inf,,,,,,,9,,legacy_full_scene,R_G1_R_G3,micp_comparison/results/lin2025_standard_full_2026-09-04/rg1_rg3.csv
all_cases,True,True,True,1.71347915700062,399,DEU_LocationALower-11_4_T-1,scenarios/experiment_scenarios/highd/DEU_LocationALower-11_4_T-1.xml,18,R_G1_R_G3,0,standard,21,True,True,True,0.011323098000502796,1.5874753949992737,0.06210307699984696,1.6609015699996235,0.06898820900096325,0.06135702133178711,2524,714,3596,2,0.0,0.01,inf,,,,,,,1,,legacy_full_scene,R_G1_R_G3,micp_comparison/results/lin2025_standard_full_2026-09-04/rg1_rg3.csv
all_cases,True,True,True,1.7254170300002443,420,DEU_LocationALower-11_43_T-1,scenarios/experiment_scenarios/highd/DEU_LocationALower-11_43_T-1.xml,17,R_G1_R_G3,0,standard,21,True,True,True,0.01181098900087818,1.7507698579993303,0.04675139900064096,1.8093322460008494,0.08054243100013991,0.045835018157958984,2587,735,3680,2,1.3082233524554088e-15,0.00999999999942247,inf,,,,,,,2,,legacy_full_scene,R_G1_R_G3,micp_comparison/results/lin2025_standard_full_2026-09-04/rg1_rg3.csv
all_cases,True,False,False,1.6434479300023668,420,DEU_LocationALower-11_56_T-1,scenarios/experiment_scenarios/highd/DEU_LocationALower-11_56_T-1.xml,15,R_G1_R_G3,0,standard,21,True,True,True,0.009220740999808186,1.6785560579992307,0.01776630899985321,1.705543107998892,0.08595378300015,0.01692819595336914,2587,735,3680,2,0.0,0.01,inf,,,,,,,1,,legacy_full_scene,R_G1_R_G3,micp_comparison/results/lin2025_standard_full_2026-09-04/rg1_rg3.csv
all_cases,True,True,True,2.723299250999844,420,DEU_LocationALower-11_64_T-1,scenarios/experiment_scenarios/highd/DEU_LocationALower-11_64_T-1.xml,18,R_G1_R_G3,0,standard,21,True,True,True,0.010849827000129153,1.671401801000684,0.017711806000079378,1.6999634340008924,0.08897211800103833,0.016830921173095703,2587,735,3680,2,0.0,0.00999999999942247,inf,,,,,,,15,,legacy_full_scene,R_G1_R_G3,micp_comparison/results/lin2025_standard_full_2026-09-04/rg1_rg3.csv
all_cases,True,True,True,2.649821206001434,420,DEU_LocationALower-12_109_T-1,scenarios/experiment_scenarios/highd/DEU_LocationALower-12_109_T-1.xml,20,R_G1_R_G3,0,standard,21,True,True,True,0.011837627998829703,1.6374164489989198,0.01619926400053373,1.6654533409982832,0.10978775700095866,0.01545405387878418,2587,735,3680,2,0.0,0.00999999999942247,inf,,,,,,,8,,legacy_full_scene,R_G1_R_G3,micp_comparison/results/lin2025_standard_full_2026-09-04/rg1_rg3.csv
all_cases,True,True,True,2.614093015998151,420,DEU_LocationALower-12_167_T-1,scenarios/experiment_scenarios/highd/DEU_LocationALower-12_167_T-1.xml,12,R_G1_R_G3,0,standard,21,True,True,True,0.010863559000426903,1.6047478100008448,0.01940279299924441,1.635014162000516,0.09499557599883701,0.01817488670349121,2587,735,3680,2,0.0,0.01,inf,,,,,,,1,,legacy_full_scene,R_G1_R_G3,micp_comparison/results/lin2025_standard_full_2026-09-04/rg1_rg3.csv
all_cases,True,True,True,2.7794974939988606,420,DEU_LocationALower-12_217_T-1,scenarios/experiment_scenarios/highd/DEU_LocationALower-12_217_T-1.xml,14,R_G1_R_G3,0,standard,21,True,True,True,0.010494810001546284,1.7470971999991889,0.017085624000173993,1.7746776340009092,0.09089772200059087,0.016284942626953125,2587,735,3680,2,0.0,0.01,inf,,,,,,,6,,legacy_full_scene,R_G1_R_G3,micp_comparison/results/lin2025_standard_full_2026-09-04/rg1_rg3.csv
all_cases,True,True,True,1.77118555099878,399,DEU_LocationALower-12_52_T-1,scenarios/experiment_scenarios/highd/DEU_LocationALower-12_52_T-1.xml,26,R_G1_R_G3,0,standard,21,True,True,True,0.023829570000089006,1.6775736060008057,0.019231745000070077,1.7206349210009648,0.1142564459987625,0.0181119441986084,2524,714,3596,2,0.0,0.01,inf,,,,,,,7,,legacy_full_scene,R_G1_R_G3,micp_comparison/results/lin2025_standard_full_2026-09-04/rg1_rg3.csv
all_cases,True,True,True,2.171702058001756,399,DEU_LocationALower-13_162_T-1,scenarios/experiment_scenarios/highd/DEU_LocationALower-13_162_T-1.xml,21,R_G1_R_G3,0,standard,21,True,True,True,0.011113593998743454,1.6213682340003288,0.015769304998684675,1.648251132997757,0.10208656200120458,0.014709949493408203,2524,714,3596,2,0.0,0.009999999994988684,inf,,,,,,,10,,legacy_full_scene,R_G1_R_G3,micp_comparison/results/lin2025_standard_full_2026-09-04/rg1_rg3.csv
all_cases,True,True,True,2.095197710999855,418,DEU_LocationALower-13_167_T-1,scenarios/experiment_scenarios/highd/DEU_LocationALower-13_167_T-1.xml,17,R_G1_R_G3,0,standard,21,True,True,True,0.011088235998613527,1.6738986630007275,0.02051374999973632,1.7055006489990774,0.0994730129987147,0.0196230411529541,2581,733,3672,2,0.0,0.009999999999195097,inf,,,,,,,2,,legacy_full_scene,R_G1_R_G3,micp_comparison/results/lin2025_standard_full_2026-09-04/rg1_rg3.csv
all_cases,True,True,True,2.0524531090013625,420,DEU_LocationALower-13_168_T-1,scenarios/experiment_scenarios/highd/DEU_LocationALower-13_168_T-1.xml,12,R_G1_R_G3,0,standard,21,True,True,True,0.011447757000496495,1.7058374819989695,0.020753090999278356,1.7380383299987443,0.10761520500091137,0.019925832748413086,2587,735,3680,2,2.323540307117834e-15,0.00999999999908141,inf,,,,,,,6,,legacy_full_scene,R_G1_R_G3,micp_comparison/results/lin2025_standard_full_2026-09-04/rg1_rg3.csv
all_cases,True,True,True,2.8809537540018937,420,DEU_LocationALower-13_214_T-1,scenarios/experiment_scenarios/highd/DEU_LocationALower-13_214_T-1.xml,21,R_G1_R_G3,0,standard,21,True,True,True,0.01134511000054772,1.75509406799938,0.019542985999578377,1.7859821639995062,0.1228610510006547,0.018746137619018555,2587,735,3680,2,0.0,0.00999999999942247,inf,,,,,,,14,,legacy_full_scene,R_G1_R_G3,micp_comparison/results/lin2025_standard_full_2026-09-04/rg1_rg3.csv
all_cases,True,True,True,2.614136330998008,399,DEU_LocationALower-13_239_T-1,scenarios/experiment_scenarios/highd/DEU_LocationALower-13_239_T-1.xml,18,R_G1_R_G3,0,standard,21,True,True,True,0.009132687000601436,1.6138381910004682,0.0197529150009359,1.6427237930020056,0.11566776300060155,0.01879096031188965,2524,714,3596,2,0.0,0.009999999996807674,inf,,,,,,,12,,legacy_full_scene,R_G1_R_G3,micp_comparison/results/lin2025_standard_full_2026-09-04/rg1_rg3.csv
all_cases,True,True,True,1.5940322069982358,399,DEU_LocationALower-13_241_T-1,scenarios/experiment_scenarios/highd/DEU_LocationALower-13_241_T-1.xml,20,R_G1_R_G3,0,standard,21,True,True,True,0.00953007099997194,1.6302839590007352,0.0165725509996264,1.6563865810003335,0.1322999380008696,0.015796899795532227,2524,714,3596,2,6.299038091917372e-09,0.01,inf,,,,,,,18,,legacy_full_scene,R_G1_R_G3,micp_comparison/results/lin2025_standard_full_2026-09-04/rg1_rg3.csv
all_cases,True,True,True,2.4187111539995385,399,DEU_LocationALower-13_247_T-1,scenarios/experiment_scenarios/highd/DEU_LocationALower-13_247_T-1.xml,15,R_G1_R_G3,0,standard,21,True,True,True,0.009309630000643665,1.643971805999172,0.04892829900018114,1.7022097349999967,0.1176790230001643,0.0478978157043457,2524,714,3596,2,1.0166434336114872e-14,0.01,inf,,,,,,,6,,legacy_full_scene,R_G1_R_G3,micp_comparison/results/lin2025_standard_full_2026-09-04/rg1_rg3.csv
all_cases,True,True,True,2.136870231001012,420,DEU_LocationALower-13_29_T-1,scenarios/experiment_scenarios/highd/DEU_LocationALower-13_29_T-1.xml,18,R_G1_R_G3,0,standard,21,True,True,True,0.18190566999874136,1.6462672340003337,0.016760905000410276,1.8449338089994853,0.14005416600048193,0.01582789421081543,2587,735,3680,2,0.0,0.00999999999942247,inf,,,,,,,15,,legacy_full_scene,R_G1_R_G3,micp_comparison/results/lin2025_standard_full_2026-09-04/rg1_rg3.csv
all_cases,True,False,False,2.7216533749997325,420,DEU_LocationALower-13_56_T-1,scenarios/experiment_scenarios/highd/DEU_LocationALower-13_56_T-1.xml,10,R_G1_R_G3,0,standard,21,True,True,True,0.01459713899930648,1.7064710480008216,0.01868896400083031,1.7397571510009584,0.1382949720009492,0.017848968505859375,2587,735,3680,2,0.0,0.01,inf,,,,,,,1,,legacy_full_scene,R_G1_R_G3,micp_comparison/results/lin2025_standard_full_2026-09-04/rg1_rg3.csv
all_cases,True,True,True,1.5444405369999004,420,DEU_LocationALower-13_82_T-1,scenarios/experiment_scenarios/highd/DEU_LocationALower-13_82_T-1.xml,17,R_G1_R_G3,0,standard,21,True,True,True,0.011623543001405778,1.601453441000558,0.017298621000009007,1.6303756050019729,0.14830182200057607,0.016449928283691406,2587,735,3680,2,0.0,0.009999999998854037,inf,,,,,,,13,,legacy_full_scene,R_G1_R_G3,micp_comparison/results/lin2025_standard_full_2026-09-04/rg1_rg3.csv
all_cases,True,True,True,2.216391186000692,413,DEU_LocationALower-14_14_T-1,scenarios/experiment_scenarios/highd/DEU_LocationALower-14_14_T-1.xml,13,R_G1_R_G3,0,standard,21,True,True,True,0.010522417998799938,1.520592229999238,0.019831958999930066,1.550946606997968,0.15271767100057332,0.018927812576293945,2482,700,3550,2,0.0,0.01,inf,,,,,,,1,,legacy_full_scene,R_G1_R_G3,micp_comparison/results/lin2025_standard_full_2026-09-04/rg1_rg3.csv
all_cases,True,True,True,1.385331851999581,399,DEU_LocationALower-14_161_T-1,scenarios/experiment_scenarios/highd/DEU_LocationALower-14_161_T-1.xml,21,R_G1_R_G3,0,standard,21,True,True,True,0.008865832000083174,1.6369215399990935,0.015663424999729614,1.6614507969989063,0.14393921000009868,0.014907121658325195,2524,714,3596,2,0.0,0.009999999995898179,inf,,,,,,,6,,legacy_full_scene,R_G1_R_G3,micp_comparison/results/lin2025_standard_full_2026-09-04/rg1_rg3.csv
all_cases,True,True,True,3.1620002660019964,420,DEU_LocationALower-14_219_T-1,scenarios/experiment_scenarios/highd/DEU_LocationALower-14_219_T-1.xml,12,R_G1_R_G3,0,standard,21,True,True,True,0.010902680000071996,1.609277331001067,0.018683561000216287,1.6388635720013554,0.14983794699946884,0.017619848251342773,2587,735,3680,2,0.0,0.00999999999942247,inf,,,,,,,8,,legacy_full_scene,R_G1_R_G3,micp_comparison/results/lin2025_standard_full_2026-09-04/rg1_rg3.csv
all_cases,True,True,True,2.004617940998287,420,DEU_LocationALower-14_247_T-1,scenarios/experiment_scenarios/highd/DEU_LocationALower-14_247_T-1.xml,16,R_G1_R_G3,0,standard,21,True,True,True,0.009957367001334205,1.7200450710006407,0.018520858000556473,1.7485232960025314,0.14863786000023538,0.01770186424255371,2587,735,3680,2,0.0,0.00999999999942247,inf,,,,,,,13,,legacy_full_scene,R_G1_R_G3,micp_comparison/results/lin2025_standard_full_2026-09-04/rg1_rg3.csv
all_cases,True,True,True,1.591688675001933,420,DEU_LocationALower-14_252_T-1,scenarios/experiment_scenarios/highd/DEU_LocationALower-14_252_T-1.xml,12,R_G1_R_G3,0,standard,21,True,True,True,0.009504318999461248,1.6245868789992528,0.01681206399916846,1.6509032619978825,0.13382966899916937,0.01607799530029297,2587,735,3680,2,0.0,0.00999999999942247,inf,,,,,,,9,,legacy_full_scene,R_G1_R_G3,micp_comparison/results/lin2025_standard_full_2026-09-04/rg1_rg3.csv
all_cases,True,True,True,1.4972746139992523,420,DEU_LocationALower-14_39_T-1,scenarios/experiment_scenarios/highd/DEU_LocationALower-14_39_T-1.xml,15,R_G1_R_G3,0,standard,21,True,True,True,0.013045785000940668,1.6908501449997857,0.020836735999182565,1.724732665999909,0.16380221799954597,0.019800901412963867,2587,735,3680,2,0.0,0.01,inf,,,,,,,9,,legacy_full_scene,R_G1_R_G3,micp_comparison/results/lin2025_standard_full_2026-09-04/rg1_rg3.csv
all_cases,True,True,True,1.623037890998603,399,DEU_LocationALower-14_96_T-1,scenarios/experiment_scenarios/highd/DEU_LocationALower-14_96_T-1.xml,15,R_G1_R_G3,0,standard,21,True,True,True,0.007278563998625032,1.5684171009997954,0.03247245799866505,1.6081681229970854,0.1469924989996798,0.0315699577331543,2524,714,3596,2,0.0,0.009999999997717168,inf,,,,,,,16,,legacy_full_scene,R_G1_R_G3,micp_comparison/results/lin2025_standard_full_2026-09-04/rg1_rg3.csv
all_cases,True,True,True,2.0345189510007913,420,DEU_LocationALower-25_155_T-1,scenarios/experiment_scenarios/highd/DEU_LocationALower-25_155_T-1.xml,15,R_G1_R_G3,0,standard,21,True,True,True,0.010302799999408307,1.6216303970013541,0.01764237600036722,1.6495755730011297,0.1631550439997227,0.016572952270507812,2587,735,3680,2,0.0,0.009999999994988684,inf,,,,,,,8,,legacy_full_scene,R_G1_R_G3,micp_comparison/results/lin2025_standard_full_2026-09-04/rg1_rg3.csv
all_cases,True,True,True,1.7168755870006862,420,DEU_LocationALower-27_140_T-1,scenarios/experiment_scenarios/highd/DEU_LocationALower-27_140_T-1.xml,14,R_G1_R_G3,0,standard,21,True,True,True,0.01260716500109993,1.7715371629983565,0.017659387998719467,1.801803715998176,0.1689542860003712,0.016744136810302734,2587,735,3680,2,0.0,0.009999999998854037,inf,,,,,,,8,,legacy_full_scene,R_G1_R_G3,micp_comparison/results/lin2025_standard_full_2026-09-04/rg1_rg3.csv
all_cases,True,True,True,2.1125085149978986,399,DEU_LocationALower-27_184_T-1,scenarios/experiment_scenarios/highd/DEU_LocationALower-27_184_T-1.xml,13,R_G1_R_G3,0,standard,21,True,True,True,0.007076912001139135,1.6156302999988839,0.0358418760006316,1.6585490880006546,0.15423027200085926,0.03492403030395508,2524,714,3596,2,0.0,0.01,inf,,,,,,,16,,legacy_full_scene,R_G1_R_G3,micp_comparison/results/lin2025_standard_full_2026-09-04/rg1_rg3.csv
all_cases,True,True,True,2.633214360999773,420,DEU_LocationALower-28_109_T-1,scenarios/experiment_scenarios/highd/DEU_LocationALower-28_109_T-1.xml,13,R_G1_R_G3,0,standard,21,True,True,True,0.01136625099934463,1.699850402001175,0.018238045000543934,1.7294546980010637,0.42989789899911557,0.0172879695892334,2587,735,3680,2,0.0,0.00999999999942247,inf,,,,,,,4,,legacy_full_scene,R_G1_R_G3,micp_comparison/results/lin2025_standard_full_2026-09-04/rg1_rg3.csv
all_cases,True,True,True,2.570377591999204,420,DEU_LocationALower-28_109_T-1,scenarios/experiment_scenarios/highd/DEU_LocationALower-28_109_T-1.xml,18,R_G1_R_G3,0,standard,21,True,True,True,0.01095798599999398,1.7917569270011882,0.01829508899936627,1.8210100020005484,0.19685333500092383,0.017343997955322266,2587,735,3680,2,0.0,0.01,inf,,,,,,,8,,legacy_full_scene,R_G1_R_G3,micp_comparison/results/lin2025_standard_full_2026-09-04/rg1_rg3.csv
all_cases,True,True,True,1.6904057999981887,420,DEU_LocationALower-28_228_T-1,scenarios/experiment_scenarios/highd/DEU_LocationALower-28_228_T-1.xml,11,R_G1_R_G3,0,standard,21,True,True,True,0.009056513001269195,1.7184969729987642,0.017394901000443497,1.744948387000477,0.16330602999914845,0.016521930694580078,2587,735,3680,2,0.0,0.009999999998967724,inf,,,,,,,16,,legacy_full_scene,R_G1_R_G3,micp_comparison/results/lin2025_standard_full_2026-09-04/rg1_rg3.csv
all_cases,True,True,True,1.7155171899994457,420,DEU_LocationALower-28_252_T-1,scenarios/experiment_scenarios/highd/DEU_LocationALower-28_252_T-1.xml,12,R_G1_R_G3,0,standard,21,True,True,True,0.012187037000330747,1.7400688719990285,0.01783342799899401,1.7700893369983532,0.18689839800026675,0.016839981079101562,2587,735,3680,2,0.0,0.00999999999908141,inf,,,,,,,3,,legacy_full_scene,R_G1_R_G3,micp_comparison/results/lin2025_standard_full_2026-09-04/rg1_rg3.csv
all_cases,True,True,True,2.5891290870004013,399,DEU_LocationALower-28_252_T-1,scenarios/experiment_scenarios/highd/DEU_LocationALower-28_252_T-1.xml,18,R_G1_R_G3,0,standard,21,True,True,True,0.011761252000724198,1.594856408000851,0.018812412999977823,1.625430073001553,0.17353215600087424,0.0180051326751709,2524,714,3596,2,0.0,0.01,inf,,,,,,,5,,legacy_full_scene,R_G1_R_G3,micp_comparison/results/lin2025_standard_full_2026-09-04/rg1_rg3.csv
all_cases,True,True,True,2.461741482000434,399,DEU_LocationALower-29_123_T-1,scenarios/experiment_scenarios/highd/DEU_LocationALower-29_123_T-1.xml,16,R_G1_R_G3,0,standard,21,True,True,True,0.007716599000559654,1.6378890280011547,0.01583834899975045,1.6614439760014648,0.17237246800141293,0.014873027801513672,2524,714,3596,2,0.0,0.009999999995898179,inf,,,,,,,9,,legacy_full_scene,R_G1_R_G3,micp_comparison/results/lin2025_standard_full_2026-09-04/rg1_rg3.csv
all_cases,True,True,True,1.2720826969998598,297,DEU_LocationALower-29_134_T-1,scenarios/experiment_scenarios/highd/DEU_LocationALower-29_134_T-1.xml,9,R_G1_R_G3,0,standard,15,True,True,True,0.011768194000978838,0.9931672719994822,0.010625719000017853,1.0155611850004789,0.17578218600101536,0.009750127792358398,1630,452,2363,2,0.0,0.00999999999942247,inf,,,,,,,7,,legacy_full_scene,R_G1_R_G3,micp_comparison/results/lin2025_standard_full_2026-09-04/rg1_rg3.csv
all_cases,True,True,True,1.6748941189998732,420,DEU_LocationALower-29_245_T-1,scenarios/experiment_scenarios/highd/DEU_LocationALower-29_245_T-1.xml,12,R_G1_R_G3,0,standard,21,True,True,True,0.011820863999673747,1.6889410210005735,0.02210110299893131,1.7228629879991786,0.20356979600001068,0.02115178108215332,2587,735,3680,2,0.0,0.009999999999308784,inf,,,,,,,8,,legacy_full_scene,R_G1_R_G3,micp_comparison/results/lin2025_standard_full_2026-09-04/rg1_rg3.csv
all_cases,True,True,True,1.7356153660020937,399,DEU_LocationALower-29_249_T-1,scenarios/experiment_scenarios/highd/DEU_LocationALower-29_249_T-1.xml,23,R_G1_R_G3,0,standard,21,True,True,True,0.011086804999649758,1.6580934449993947,0.015912382001260994,1.6850926320003055,0.21233623799889756,0.014976978302001953,2524,714,3596,2,0.0,0.009999999995898179,inf,,,,,,,3,,legacy_full_scene,R_G1_R_G3,micp_comparison/results/lin2025_standard_full_2026-09-04/rg1_rg3.csv
all_cases,True,True,True,2.471654351000325,420,DEU_LocationALower-29_250_T-1,scenarios/experiment_scenarios/highd/DEU_LocationALower-29_250_T-1.xml,12,R_G1_R_G3,0,standard,21,True,True,True,0.013507048999599647,1.6848371510004654,0.016508601998793893,1.714852801998859,0.4736229539994383,0.015590906143188477,2587,735,3680,2,0.0,0.009999999999536158,inf,,,,,,,9,,legacy_full_scene,R_G1_R_G3,micp_comparison/results/lin2025_standard_full_2026-09-04/rg1_rg3.csv
all_cases,True,True,True,1.666206511998098,420,DEU_LocationALower-29_65_T-1,scenarios/experiment_scenarios/highd/DEU_LocationALower-29_65_T-1.xml,8,R_G1_R_G3,0,standard,21,True,True,True,0.013784237000436406,1.6989283559996693,0.020026398000482004,1.7327389910005877,0.20958050099943648,0.018939971923828125,2587,735,3680,2,0.0,0.009999999995898179,inf,,,,,,,2,,legacy_full_scene,R_G1_R_G3,micp_comparison/results/lin2025_standard_full_2026-09-04/rg1_rg3.csv
all_cases,True,True,True,1.6571264709982643,418,DEU_LocationALower-29_70_T-1,scenarios/experiment_scenarios/highd/DEU_LocationALower-29_70_T-1.xml,11,R_G1_R_G3,0,standard,21,True,True,True,0.0100530189993151,1.6205838860005315,0.018230550000225776,1.6488674550000724,0.22102724700016552,0.017410993576049805,2497,705,3570,2,0.0,0.00999999999942247,inf,,,,,,,2,,legacy_full_scene,R_G1_R_G3,micp_comparison/results/lin2025_standard_full_2026-09-04/rg1_rg3.csv
all_cases,True,True,True,2.665989326000272,420,DEU_LocationALower-30_218_T-1,scenarios/experiment_scenarios/highd/DEU_LocationALower-30_218_T-1.xml,16,R_G1_R_G3,0,standard,21,True,True,True,0.00884193599995342,1.6894052409988944,0.0175264760000573,1.7157736529989052,0.20455206699989503,0.01651287078857422,2587,735,3680,2,0.0,0.009999999999195097,inf,,,,,,,5,,legacy_full_scene,R_G1_R_G3,micp_comparison/results/lin2025_standard_full_2026-09-04/rg1_rg3.csv
all_cases,True,True,True,2.427871044001222,420,DEU_LocationALower-30_46_T-1,scenarios/experiment_scenarios/highd/DEU_LocationALower-30_46_T-1.xml,16,R_G1_R_G3,0,standard,21,True,True,True,0.013906762000260642,1.6499607330006256,0.01678415300011693,1.6806516480010032,0.22774944599950686,0.016078948974609375,2587,735,3680,2,0.0,0.00999999999908141,inf,,,,,,,5,,legacy_full_scene,R_G1_R_G3,micp_comparison/results/lin2025_standard_full_2026-09-04/rg1_rg3.csv
all_cases,True,True,True,1.697370386998955,315,DEU_LocationALower-31_154_T-1,scenarios/experiment_scenarios/highd/DEU_LocationALower-31_154_T-1.xml,9,R_G1_R_G3,0,standard,16,True,True,True,0.010524344999794266,1.2075570569995762,0.014076773000851972,1.2321581750002224,0.21978090799893835,0.01332712173461914,1747,485,2530,2,0.0,0.009999999999763531,inf,,,,,,,10,,legacy_full_scene,R_G1_R_G3,micp_comparison/results/lin2025_standard_full_2026-09-04/rg1_rg3.csv
all_cases,True,True,True,1.5708645150025404,418,DEU_LocationALower-31_239_T-1,scenarios/experiment_scenarios/highd/DEU_LocationALower-31_239_T-1.xml,16,R_G1_R_G3,0,standard,21,True,True,True,0.010283704999892507,1.7056477049991372,0.02104762499948265,1.7369790349985124,0.252577201999884,0.020103931427001953,2581,733,3672,2,0.0,0.009999999999195097,inf,,,,,,,4,,legacy_full_scene,R_G1_R_G3,micp_comparison/results/lin2025_standard_full_2026-09-04/rg1_rg3.csv
all_cases,True,True,True,2.1941279690017836,419,DEU_LocationALower-31_24_T-1,scenarios/experiment_scenarios/highd/DEU_LocationALower-31_24_T-1.xml,13,R_G1_R_G3,0,standard,21,True,True,True,0.013108715000271332,1.6590661270001874,0.01597778500035929,1.688152627000818,0.24348396599998523,0.015202999114990234,2542,720,3625,2,0.0,0.009999999999308784,inf,,,,,,,16,,legacy_full_scene,R_G1_R_G3,micp_comparison/results/lin2025_standard_full_2026-09-04/rg1_rg3.csv
all_cases,True,True,True,1.5591210670027067,399,DEU_LocationALower-31_31_T-1,scenarios/experiment_scenarios/highd/DEU_LocationALower-31_31_T-1.xml,15,R_G1_R_G3,0,standard,21,True,True,True,0.0065941029988607625,1.6314549300004728,0.015824639000129537,1.6538736719994631,0.2226375869995536,0.014938831329345703,2524,714,3596,2,0.0,0.009999999995898179,inf,,,,,,,3,,legacy_full_scene,R_G1_R_G3,micp_comparison/results/lin2025_standard_full_2026-09-04/rg1_rg3.csv
all_cases,True,True,True,2.2280528679984855,420,DEU_LocationALower-31_47_T-1,scenarios/experiment_scenarios/highd/DEU_LocationALower-31_47_T-1.xml,13,R_G1_R_G3,0,standard,21,True,True,True,0.011377476999768987,1.6437651330015797,0.022148923000713694,1.6772915330020624,0.21474811299958674,0.021233081817626953,2587,735,3680,2,0.0,0.01,inf,,,,,,,7,,legacy_full_scene,R_G1_R_G3,micp_comparison/results/lin2025_standard_full_2026-09-04/rg1_rg3.csv
all_cases,True,True,True,1.7539093479990697,399,DEU_LocationALower-32_117_T-1,scenarios/experiment_scenarios/highd/DEU_LocationALower-32_117_T-1.xml,17,R_G1_R_G3,0,standard,21,True,True,True,0.010115168000993435,1.6546646320002765,0.042819996999241994,1.707599797000512,0.23596183900008327,0.041930198669433594,2524,714,3596,2,0.0,0.01,inf,,,,,,,9,,legacy_full_scene,R_G1_R_G3,micp_comparison/results/lin2025_standard_full_2026-09-04/rg1_rg3.csv
all_cases,True,True,True,1.7019631360017229,420,DEU_LocationALower-32_136_T-1,scenarios/experiment_scenarios/highd/DEU_LocationALower-32_136_T-1.xml,16,R_G1_R_G3,0,standard,21,True,True,True,0.011877320999701624,1.659008898999673,0.018465463999746135,1.6893516839991207,0.24786037100057,0.017393112182617188,2587,735,3680,2,0.0,0.009999999999308784,inf,,,,,,,11,,legacy_full_scene,R_G1_R_G3,micp_comparison/results/lin2025_standard_full_2026-09-04/rg1_rg3.csv
all_cases,True,True,True,1.3264503690006677,420,DEU_LocationALower-32_186_T-1,scenarios/experiment_scenarios/highd/DEU_LocationALower-32_186_T-1.xml,12,R_G1_R_G3,0,standard,21,True,True,True,0.009029548999023973,1.7159534970014647,0.01948219099904236,1.744465236999531,0.25118493999980274,0.018592119216918945,2587,735,3680,2,0.0,0.009999999998626663,inf,,,,,,,2,,legacy_full_scene,R_G1_R_G3,micp_comparison/results/lin2025_standard_full_2026-09-04/rg1_rg3.csv
all_cases,True,True,True,1.8626005579990306,420,DEU_LocationALower-32_70_T-1,scenarios/experiment_scenarios/highd/DEU_LocationALower-32_70_T-1.xml,14,R_G1_R_G3,0,standard,21,True,True,True,0.009378407999975025,1.700264202998369,0.01870675600002869,1.7283493669983727,0.2565603170005488,0.01785421371459961,2587,735,3680,2,0.0,0.00999999999908141,inf,,,,,,,2,,legacy_full_scene,R_G1_R_G3,micp_comparison/results/lin2025_standard_full_2026-09-04/rg1_rg3.csv
all_cases,True,True,True,1.3302282399999967,420,DEU_LocationALower-32_84_T-1,scenarios/experiment_scenarios/highd/DEU_LocationALower-32_84_T-1.xml,13,R_G1_R_G3,0,standard,21,True,True,True,0.009274703999835765,1.5860893970002508,0.019418216001213295,1.6147823170012998,0.23886058899915952,0.01836085319519043,2587,735,3680,2,0.0,0.00999999999908141,inf,,,,,,,8,,legacy_full_scene,R_G1_R_G3,micp_comparison/results/lin2025_standard_full_2026-09-04/rg1_rg3.csv
all_cases,True,True,True,1.5242888439988747,315,DEU_LocationALower-33_142_T-1,scenarios/experiment_scenarios/highd/DEU_LocationALower-33_142_T-1.xml,10,R_G1_R_G3,0,standard,16,True,True,True,0.014439578000747133,1.0882651770007215,0.014300614999228856,1.1170053700006974,0.2614652960000967,0.013556957244873047,1747,485,2530,2,4.2347404259153327e-16,0.01,inf,,,,,,,5,,legacy_full_scene,R_G1_R_G3,micp_comparison/results/lin2025_standard_full_2026-09-04/rg1_rg3.csv
all_cases,True,True,True,1.3541726960011147,415,DEU_LocationALower-33_16_T-1,scenarios/experiment_scenarios/highd/DEU_LocationALower-33_16_T-1.xml,12,R_G1_R_G3,0,standard,21,True,True,True,0.012485127999752876,1.5560182299996086,0.018131912000171724,1.5866352699995332,0.2886356879989762,0.01706695556640625,2362,660,3405,2,0.0,0.01,inf,,,,,,,12,,legacy_full_scene,R_G1_R_G3,micp_comparison/results/lin2025_standard_full_2026-09-04/rg1_rg3.csv
all_cases,True,True,True,2.0076952630006417,358,DEU_LocationALower-33_219_T-1,scenarios/experiment_scenarios/highd/DEU_LocationALower-33_219_T-1.xml,8,R_G1_R_G3,0,standard,18,True,True,True,0.008768124998823623,1.3670030739995127,0.01836088500022015,1.3941320839985565,0.2727043759987282,0.017482995986938477,2128,600,3045,2,0.0,0.009999999999763531,inf,,,,,,,6,,legacy_full_scene,R_G1_R_G3,micp_comparison/results/lin2025_standard_full_2026-09-04/rg1_rg3.csv
all_cases,True,True,True,1.4074547929994878,420,DEU_LocationALower-33_228_T-1,scenarios/experiment_scenarios/highd/DEU_LocationALower-33_228_T-1.xml,14,R_G1_R_G3,0,standard,21,True,True,True,0.011996904999250546,1.6882379960006801,0.020169718000033754,1.7204046189999644,0.302286025000285,0.019381999969482422,2587,735,3680,2,4.5230517683072115e-15,0.009999999999308784,inf,,,,,,,15,,legacy_full_scene,R_G1_R_G3,micp_comparison/results/lin2025_standard_full_2026-09-04/rg1_rg3.csv
all_cases,True,True,True,2.4593981570014876,420,DEU_LocationALower-33_233_T-1,scenarios/experiment_scenarios/highd/DEU_LocationALower-33_233_T-1.xml,14,R_G1_R_G3,0,standard,21,True,True,True,0.01172307300112152,1.7323447559992928,0.043013277998397825,1.7870811069988122,0.2614372160005587,0.042109012603759766,2587,735,3680,2,1.5602166093200987e-14,0.009999999995898179,inf,,,,,,,9,,legacy_full_scene,R_G1_R_G3,micp_comparison/results/lin2025_standard_full_2026-09-04/rg1_rg3.csv
all_cases,True,True,True,2.444780599000296,420,DEU_LocationALower-33_261_T-1,scenarios/experiment_scenarios/highd/DEU_LocationALower-33_261_T-1.xml,13,R_G1_R_G3,0,standard,21,True,True,True,0.013726355999096995,1.7236881769986212,0.02050688999952399,1.7579214229972422,0.2905164750009135,0.01963210105895996,2587,735,3680,2,0.0,0.009999999999536158,inf,,,,,,,10,,legacy_full_scene,R_G1_R_G3,micp_comparison/results/lin2025_standard_full_2026-09-04/rg1_rg3.csv
all_cases,True,True,True,1.4775787229991693,406,DEU_LocationALower-33_265_T-1,scenarios/experiment_scenarios/highd/DEU_LocationALower-33_265_T-1.xml,22,R_G1_R_G3,0,standard,21,True,True,True,0.013076118999379105,1.6751432370001567,0.019743685999856098,1.7079630419993919,0.29746414000146615,0.01865983009338379,2545,721,3624,2,0.0,0.00999999999939405,inf,,,,,,,11,,legacy_full_scene,R_G1_R_G3,micp_comparison/results/lin2025_standard_full_2026-09-04/rg1_rg3.csv
all_cases,True,True,True,1.787444042000061,420,DEU_LocationALower-33_96_T-1,scenarios/experiment_scenarios/highd/DEU_LocationALower-33_96_T-1.xml,9,R_G1_R_G3,0,standard,21,True,True,True,0.012602802000401425,1.660484447998897,0.019734741999855032,1.6928219919991534,0.2878894229997968,0.018818140029907227,2587,735,3680,2,0.0,0.00999999999908141,inf,,,,,,,3,,legacy_full_scene,R_G1_R_G3,micp_comparison/results/lin2025_standard_full_2026-09-04/rg1_rg3.csv
all_cases,True,True,True,1.856598048001615,420,DEU_LocationALower-34_120_T-1,scenarios/experiment_scenarios/highd/DEU_LocationALower-34_120_T-1.xml,17,R_G1_R_G3,0,standard,21,True,True,True,0.01102399699993839,1.6879034470002807,0.01881250199949136,1.7177399459997105,0.2973019799992471,0.017646074295043945,2587,735,3680,2,0.0,0.00999999999942247,inf,,,,,,,15,,legacy_full_scene,R_G1_R_G3,micp_comparison/results/lin2025_standard_full_2026-09-04/rg1_rg3.csv
all_cases,True,True,True,1.3522226130007766,399,DEU_LocationALower-34_146_T-1,scenarios/experiment_scenarios/highd/DEU_LocationALower-34_146_T-1.xml,14,R_G1_R_G3,0,standard,21,True,True,True,0.006775416999516892,1.533787389000281,0.03150262700000894,1.572065432999807,0.2731177789992216,0.03026890754699707,2524,714,3596,2,0.0,0.01,inf,,,,,,,4,,legacy_full_scene,R_G1_R_G3,micp_comparison/results/lin2025_standard_full_2026-09-04/rg1_rg3.csv
all_cases,True,True,True,1.6356951220022893,399,DEU_LocationALower-34_147_T-1,scenarios/experiment_scenarios/highd/DEU_LocationALower-34_147_T-1.xml,16,R_G1_R_G3,0,standard,21,True,True,True,0.009638889001507778,1.6185356830010278,0.03600846600056684,1.6641830380031024,0.3034355780000624,0.035125017166137695,2524,714,3596,2,0.0,0.01,inf,,,,,,,16,,legacy_full_scene,R_G1_R_G3,micp_comparison/results/lin2025_standard_full_2026-09-04/rg1_rg3.csv
all_cases,True,True,True,1.3896362960003898,420,DEU_LocationALower-34_163_T-1,scenarios/experiment_scenarios/highd/DEU_LocationALower-34_163_T-1.xml,15,R_G1_R_G3,0,standard,21,True,True,True,0.013942730000053416,1.809436594001454,0.02030046000072616,1.8436797840022336,0.31927059200097574,0.0192108154296875,2587,735,3680,2,0.0,0.00999999999942247,inf,,,,,,,10,,legacy_full_scene,R_G1_R_G3,micp_comparison/results/lin2025_standard_full_2026-09-04/rg1_rg3.csv
all_cases,True,True,True,2.222064011999464,420,DEU_LocationALower-34_179_T-1,scenarios/experiment_scenarios/highd/DEU_LocationALower-34_179_T-1.xml,15,R_G1_R_G3,0,standard,21,True,True,True,0.011233113998969202,1.7249084610011778,0.04784348599969235,1.7839850609998393,0.2992017320011655,0.04699897766113281,2587,735,3680,2,1.597334205300681e-15,0.009999999998854037,inf,,,,,,,12,,legacy_full_scene,R_G1_R_G3,micp_comparison/results/lin2025_standard_full_2026-09-04/rg1_rg3.csv
all_cases,True,True,True,1.9110285390015633,398,DEU_LocationALower-34_37_T-1,scenarios/experiment_scenarios/highd/DEU_LocationALower-34_37_T-1.xml,9,R_G1_R_G3,0,standard,20,True,True,True,0.01689248999900883,1.5302624719988671,0.016734748000089894,1.5638897099979658,0.2864994930005196,0.01569509506225586,2374,670,3395,2,0.0,0.009999999999195097,inf,,,,,,,2,,legacy_full_scene,R_G1_R_G3,micp_comparison/results/lin2025_standard_full_2026-09-04/rg1_rg3.csv
all_cases,True,True,True,2.1962941190013225,420,DEU_LocationALower-34_49_T-1,scenarios/experiment_scenarios/highd/DEU_LocationALower-34_49_T-1.xml,10,R_G1_R_G3,0,standard,21,True,True,True,0.016054589999839664,1.620837484999356,0.017874414999823784,1.6547664899990195,0.2889725580007507,0.017001867294311523,2587,735,3680,2,0.0,0.00999999999942247,inf,,,,,,,3,,legacy_full_scene,R_G1_R_G3,micp_comparison/results/lin2025_standard_full_2026-09-04/rg1_rg3.csv
all_cases,True,True,True,2.4068809369982773,399,DEU_LocationALower-34_96_T-1,scenarios/experiment_scenarios/highd/DEU_LocationALower-34_96_T-1.xml,14,R_G1_R_G3,0,standard,21,True,True,True,0.008244730999649619,1.573167395999917,0.03430456299975049,1.6157166899993172,0.29185933099870454,0.033345937728881836,2524,714,3596,2,0.0,0.01,inf,,,,,,,8,,legacy_full_scene,R_G1_R_G3,micp_comparison/results/lin2025_standard_full_2026-09-04/rg1_rg3.csv
all_cases,True,True,True,2.021599125000648,420,DEU_LocationALower-35_126_T-1,scenarios/experiment_scenarios/highd/DEU_LocationALower-35_126_T-1.xml,20,R_G1_R_G3,0,standard,21,True,True,True,0.013866659999621334,1.657621170001221,0.01987785999881453,1.6913656899996568,0.3190902520000236,0.01907801628112793,2587,735,3680,2,0.0,0.009999999998626663,inf,,,,,,,2,,legacy_full_scene,R_G1_R_G3,micp_comparison/results/lin2025_standard_full_2026-09-04/rg1_rg3.csv
all_cases,True,True,True,1.9009736600019096,420,DEU_LocationALower-35_263_T-1,scenarios/experiment_scenarios/highd/DEU_LocationALower-35_263_T-1.xml,12,R_G1_R_G3,0,standard,21,True,True,True,0.014956906999941566,1.7279522810003982,0.01736114599952998,1.7602703339998698,0.31603830399944854,0.015933990478515625,2587,735,3680,2,0.0,0.00999999999942247,inf,,,,,,,1,,legacy_full_scene,R_G1_R_G3,micp_comparison/results/lin2025_standard_full_2026-09-04/rg1_rg3.csv
all_cases,True,False,False,1.6303842560009798,399,DEU_LocationALower-35_34_T-1,scenarios/experiment_scenarios/highd/DEU_LocationALower-35_34_T-1.xml,19,R_G1_R_G3,0,standard,21,True,False,False,0.01102526599970588,1.6411950820001948,0.02410721299929719,1.6763275609991979,0.29675143900021794,0.023042917251586914,2524,714,3596,2,1.207654454336973e-14,0.009999999995898179,-inf,,,,,,,1,,legacy_full_scene,R_G1_R_G3,micp_comparison/results/lin2025_standard_full_2026-09-04/rg1_rg3.csv
all_cases,True,True,True,1.4175206149993755,420,DEU_LocationALower-36_113_T-1,scenarios/experiment_scenarios/highd/DEU_LocationALower-36_113_T-1.xml,14,R_G1_R_G3,0,standard,21,True,True,True,0.010322783000447089,1.6775390179991518,0.019213031000617775,1.7070748320002167,0.32311667899921304,0.018398046493530273,2587,735,3680,2,0.0,0.00999999999942247,inf,,,,,,,9,,legacy_full_scene,R_G1_R_G3,micp_comparison/results/lin2025_standard_full_2026-09-04/rg1_rg3.csv
all_cases,True,True,True,1.5410906850011088,420,DEU_LocationALower-36_123_T-1,scenarios/experiment_scenarios/highd/DEU_LocationALower-36_123_T-1.xml,15,R_G1_R_G3,0,standard,21,True,True,True,0.013647493000462418,1.6305698079995636,0.054918312998779584,1.6991356139988056,0.3293434389997856,0.05365705490112305,2587,735,3680,2,0.0,0.00999999999942247,inf,,,,,,,7,,legacy_full_scene,R_G1_R_G3,micp_comparison/results/lin2025_standard_full_2026-09-04/rg1_rg3.csv
all_cases,True,True,True,1.2980819069998688,256,DEU_LocationALower-36_208_T-1,scenarios/experiment_scenarios/highd/DEU_LocationALower-36_208_T-1.xml,8,R_G1_R_G3,0,standard,13,True,True,True,0.010600977000649436,0.8995852910011308,0.009892571999444044,0.9200788400012243,0.3258245640008681,0.009168863296508789,1423,395,2060,2,0.0,0.01,inf,,,,,,,3,,legacy_full_scene,R_G1_R_G3,micp_comparison/results/lin2025_standard_full_2026-09-04/rg1_rg3.csv
all_cases,True,True,True,1.0539510990001872,237,DEU_LocationALower-36_236_T-1,scenarios/experiment_scenarios/highd/DEU_LocationALower-36_236_T-1.xml,6,R_G1_R_G3,0,standard,12,True,True,True,0.005161556999155437,0.8414919599999848,0.010464746999787167,0.8571182639989274,0.3058920240000589,0.009624004364013672,1345,375,1940,2,4.0213966771644373e-16,0.01,inf,,,,,,,1,,legacy_full_scene,R_G1_R_G3,micp_comparison/results/lin2025_standard_full_2026-09-04/rg1_rg3.csv
all_cases,True,False,False,0.1646825890020409,42,DEU_LocationALower-36_269_T-1,scenarios/experiment_scenarios/highd/DEU_LocationALower-36_269_T-1.xml,18,R_G1_R_G3,0,standard,21,False,False,False,,,,,,,,,,,,,,,,,"ValueError: R_G1 requires the monitor-selected preceding vehicle
Traceback (most recent call last):
  File ""/data_linux/Lab/commonroad-repairer-vp/micp_comparison/runner.py"", line 163, in evaluate
    specification = rule.GetSpecification()
  File ""/data_linux/Lab/commonroad-repairer-vp/micp_comparison/rules.py"", line 333, in GetSpecification
    return super().GetSpecification() & speed.GetSpecification()
  File ""/data_linux/Lab/commonroad-repairer-vp/micp_comparison/rules.py"", line 220, in GetSpecification
    raise ValueError(""R_G1 requires the monitor-selected preceding vehicle"")
ValueError: R_G1 requires the monitor-selected preceding vehicle
",,,4,,legacy_full_scene,R_G1_R_G3,micp_comparison/results/lin2025_standard_full_2026-09-04/rg1_rg3.csv
all_cases,True,False,False,0.23803790400233993,42,DEU_LocationALower-36_291_T-1,scenarios/experiment_scenarios/highd/DEU_LocationALower-36_291_T-1.xml,13,R_G1_R_G3,0,standard,21,False,False,False,,,,,,,,,,,,,,,,,"ValueError: R_G1 requires the monitor-selected preceding vehicle
Traceback (most recent call last):
  File ""/data_linux/Lab/commonroad-repairer-vp/micp_comparison/runner.py"", line 163, in evaluate
    specification = rule.GetSpecification()
  File ""/data_linux/Lab/commonroad-repairer-vp/micp_comparison/rules.py"", line 333, in GetSpecification
    return super().GetSpecification() & speed.GetSpecification()
  File ""/data_linux/Lab/commonroad-repairer-vp/micp_comparison/rules.py"", line 220, in GetSpecification
    raise ValueError(""R_G1 requires the monitor-selected preceding vehicle"")
ValueError: R_G1 requires the monitor-selected preceding vehicle
",,,11,,legacy_full_scene,R_G1_R_G3,micp_comparison/results/lin2025_standard_full_2026-09-04/rg1_rg3.csv
all_cases,True,True,True,1.7479282780022913,418,DEU_LocationALower-36_61_T-1,scenarios/experiment_scenarios/highd/DEU_LocationALower-36_61_T-1.xml,9,R_G1_R_G3,0,standard,21,True,True,True,0.010374162000516662,1.5945129379997525,0.01934224500109849,1.6242293450013676,0.3325875800001086,0.018384933471679688,2497,705,3570,2,0.0,0.01,inf,,,,,,,15,,legacy_full_scene,R_G1_R_G3,micp_comparison/results/lin2025_standard_full_2026-09-04/rg1_rg3.csv
all_cases,True,True,True,1.7005943709991698,419,DEU_LocationALower-37_1_T-1,scenarios/experiment_scenarios/highd/DEU_LocationALower-37_1_T-1.xml,11,R_G1_R_G3,0,standard,21,True,True,True,0.0100519979987439,1.6221782270004041,0.01954036300048756,1.6517705879996356,0.3526716590004071,0.018571138381958008,2542,720,3625,2,0.0,0.00999999999999801,inf,,,,,,,1,,legacy_full_scene,R_G1_R_G3,micp_comparison/results/lin2025_standard_full_2026-09-04/rg1_rg3.csv
all_cases,True,True,True,1.535482260000208,420,DEU_LocationALower-37_205_T-1,scenarios/experiment_scenarios/highd/DEU_LocationALower-37_205_T-1.xml,15,R_G1_R_G3,0,standard,21,True,True,True,0.010770294999019825,1.7829661089999718,0.017965946999538573,1.8117023509985302,0.33411380399957125,0.016952991485595703,2587,735,3680,2,0.0,0.01,inf,,,,,,,15,,legacy_full_scene,R_G1_R_G3,micp_comparison/results/lin2025_standard_full_2026-09-04/rg1_rg3.csv
all_cases,True,True,True,2.4325459439987753,399,DEU_LocationALower-37_231_T-1,scenarios/experiment_scenarios/highd/DEU_LocationALower-37_231_T-1.xml,23,R_G1_R_G3,0,standard,21,True,True,True,0.01138262599852169,1.5440085220016044,0.016870163999556098,1.5722613119996822,0.35898671799986914,0.01535177230834961,2524,714,3596,2,0.0,0.01,inf,,,,,,,5,,legacy_full_scene,R_G1_R_G3,micp_comparison/results/lin2025_standard_full_2026-09-04/rg1_rg3.csv
all_cases,True,True,True,1.377083040000798,408,DEU_LocationALower-37_240_T-1,scenarios/experiment_scenarios/highd/DEU_LocationALower-37_240_T-1.xml,8,R_G1_R_G3,0,standard,21,True,True,True,0.008363750999706099,1.6119676739999704,0.07796229099949414,1.6982937159991707,0.34445152300031623,0.07702112197875977,2467,695,3530,2,0.0,0.009999999994988684,inf,,,,,,,3,,legacy_full_scene,R_G1_R_G3,micp_comparison/results/lin2025_standard_full_2026-09-04/rg1_rg3.csv
all_cases,True,True,True,1.5566519530020742,420,DEU_LocationALower-37_4_T-1,scenarios/experiment_scenarios/highd/DEU_LocationALower-37_4_T-1.xml,22,R_G1_R_G3,0,standard,21,True,True,True,0.011920125998585718,1.619978472999719,0.01828934299919638,1.6501879419975012,0.36602773599952343,0.01734185218811035,2587,735,3680,2,0.0,0.009999999998768772,inf,,,,,,,3,,legacy_full_scene,R_G1_R_G3,micp_comparison/results/lin2025_standard_full_2026-09-04/rg1_rg3.csv
all_cases,True,True,True,2.0750813810009276,420,DEU_LocationALower-29_192_T-1,scenarios/experiment_scenarios/highd/DEU_LocationALower-29_192_T-1.xml,9,R_G1_R_G3,0,standard,21,True,True,True,0.009251210000002175,1.6555519430003187,0.051006175999646075,1.715809328999967,0.34544761100005417,0.04970407485961914,2587,735,3680,2,0.0,0.00999999999942247,inf,,,,,,,8,,legacy_full_scene,R_G1_R_G3,micp_comparison/results/lin2025_standard_full_2026-09-04/rg1_rg3.csv
all_cases,True,True,True,1.5143096519968822,378,DEU_LocationALower-11_119_T-1,scenarios/experiment_scenarios/highd/DEU_LocationALower-11_119_T-1.xml,10,R_G2,0,standard,21,True,False,False,0.0037022319993411656,0.9586492130001716,0.029436851998980273,0.991788296998493,0.039405673000146635,0.028470993041992188,1781,460,2571,2,3.242639925561227e-15,0.009999999995898179,0.2,"(5,)",,"{""t"": 1, ""s"": 309.37411539786876, ""d"": 0.9799918717892347}",,,,1,,legacy_full_scene,R_G2,micp_comparison/results/lin2025_standard_full_2026-09-04/rg2.csv
all_cases,False,False,False,1.8038963340004557,378,DEU_LocationALower-12_123_T-1,scenarios/experiment_scenarios/highd/DEU_LocationALower-12_123_T-1.xml,16,R_G2,0,standard,21,False,False,False,0.0035757270015892573,1.0577641649997531,0.0018904720000136876,1.063230364001356,,0.001302957534790039,1913,504,2733,4,,-inf,,,,,,,,8,,legacy_full_scene,R_G2,micp_comparison/results/lin2025_standard_full_2026-09-04/rg2.csv
all_cases,True,True,True,2.24790166800085,378,DEU_LocationALower-12_123_T-1,scenarios/experiment_scenarios/highd/DEU_LocationALower-12_123_T-1.xml,19,R_G2,0,standard,21,True,False,False,0.0040501319999748375,1.0617433739989792,0.4136103490000096,1.4794038549989637,0.08346435000021302,0.4127650260925293,1913,504,2733,2,0.0,0.01,1.8,"(7,)",,"{""t"": 9, ""s"": 251.02559106791432, ""d"": -3.721418342567251}",,,,11,,legacy_full_scene,R_G2,micp_comparison/results/lin2025_standard_full_2026-09-04/rg2.csv
all_cases,True,False,False,2.599241132998941,378,DEU_LocationALower-12_124_T-1,scenarios/experiment_scenarios/highd/DEU_LocationALower-12_124_T-1.xml,19,R_G2,0,standard,21,True,False,False,0.003147555000396096,1.0958439519999956,0.10611268100001325,1.205104188000405,0.05346789100076421,0.10540914535522461,1913,504,2733,2,0.0,0.01,0.6000000000000001,"(5,)",,"{""t"": 3, ""s"": 113.9291450203787, ""d"": -0.08494919327339756}",,,,17,,legacy_full_scene,R_G2,micp_comparison/results/lin2025_standard_full_2026-09-04/rg2.csv
all_cases,True,False,False,2.239890305998415,378,DEU_LocationALower-12_37_T-1,scenarios/experiment_scenarios/highd/DEU_LocationALower-12_37_T-1.xml,28,R_G2,0,standard,21,True,False,False,0.003937654000765178,1.1187209239997173,0.03448218899939093,1.1571407669998734,0.09085577400037437,0.033685922622680664,1913,504,2733,2,1.7342778226636384e-15,0.01,0.4,"(5,)",,"{""t"": 2, ""s"": 144.81918125633104, ""d"": -0.18497627082831516}",,,,3,,legacy_full_scene,R_G2,micp_comparison/results/lin2025_standard_full_2026-09-04/rg2.csv
all_cases,True,True,True,1.540195945999585,252,DEU_LocationALower-25_149_T-1,scenarios/experiment_scenarios/highd/DEU_LocationALower-25_149_T-1.xml,9,R_G2,0,standard,14,True,True,True,0.0004260770001565106,0.09231693599940627,0.003333471999212634,0.09607648499877541,0.10370025700103724,0.0025489330291748047,352,28,689,2,0.0,0.010000000000107635,inf,,,,,,,10,,legacy_full_scene,R_G2,micp_comparison/results/lin2025_standard_full_2026-09-04/rg2.csv
all_cases,False,False,False,2.4400693659990793,378,DEU_LocationALower-25_167_T-1,scenarios/experiment_scenarios/highd/DEU_LocationALower-25_167_T-1.xml,23,R_G2,0,standard,21,False,False,False,0.004010954999102978,1.2314348540003266,0.001966519999768934,1.2374123289991985,,0.0012459754943847656,1913,504,2733,4,,-inf,,,,,,,,7,,legacy_full_scene,R_G2,micp_comparison/results/lin2025_standard_full_2026-09-04/rg2.csv
all_cases,True,True,True,1.4696489089983515,378,DEU_LocationALower-25_257_T-1,scenarios/experiment_scenarios/highd/DEU_LocationALower-25_257_T-1.xml,25,R_G2,0,standard,21,True,False,False,0.00335790399913094,1.1405385649995878,0.045699473999775364,1.1895959429984941,0.07994363099896873,0.04495406150817871,1913,504,2733,2,5.4192719218862105e-15,0.01,0.4,"(5,)",,"{""t"": 2, ""s"": 140.49426568226653, ""d"": 0.03999486936828379}",,,,11,,legacy_full_scene,R_G2,micp_comparison/results/lin2025_standard_full_2026-09-04/rg2.csv
all_cases,True,True,True,1.627147438000975,378,DEU_LocationALower-26_141_T-1,scenarios/experiment_scenarios/highd/DEU_LocationALower-26_141_T-1.xml,16,R_G2,0,standard,21,True,False,False,0.0033153639997181017,1.115324327000053,0.12359836499854282,1.242238055998314,0.07344664899937925,0.1227879524230957,1913,504,2733,2,0.0,0.01,0.4,"(5,)",,"{""t"": 2, ""s"": 231.94918145424475, ""d"": -0.17997691215728415}",,,,8,,legacy_full_scene,R_G2,micp_comparison/results/lin2025_standard_full_2026-09-04/rg2.csv
all_cases,True,True,True,2.8595004359995073,378,DEU_LocationALower-26_236_T-1,scenarios/experiment_scenarios/highd/DEU_LocationALower-26_236_T-1.xml,11,R_G2,0,standard,21,True,True,True,0.00026722899929154664,0.14655683000091813,0.0036766949997399934,0.15050075399994967,0.24414512899966212,0.002895832061767578,527,42,1032,2,2.976436043564109e-16,0.010000003338039992,inf,,,,,,,16,,legacy_full_scene,R_G2,micp_comparison/results/lin2025_standard_full_2026-09-04/rg2.csv
all_cases,True,True,True,3.3934541620019445,378,DEU_LocationALower-26_238_T-1,scenarios/experiment_scenarios/highd/DEU_LocationALower-26_238_T-1.xml,20,R_G2,0,standard,21,True,False,False,0.003307110000605462,1.1210879900008877,0.1049295520006126,1.2293246520021057,0.2515079810000316,0.10408592224121094,1913,504,2733,2,3.3630577931902254e-05,0.01,0.4,"(5,)",,"{""t"": 2, ""s"": 313.3346133333334, ""d"": -0.15997947747314226}",,,,9,,legacy_full_scene,R_G2,micp_comparison/results/lin2025_standard_full_2026-09-04/rg2.csv
all_cases,False,False,False,2.2610812750008336,378,DEU_LocationALower-26_241_T-1,scenarios/experiment_scenarios/highd/DEU_LocationALower-26_241_T-1.xml,24,R_G2,0,standard,21,False,False,False,0.004582098001264967,1.1052837679999357,0.0017496130003564758,1.111615479001557,,0.00115203857421875,1913,504,2733,4,,-inf,,,,,,,,5,,legacy_full_scene,R_G2,micp_comparison/results/lin2025_standard_full_2026-09-04/rg2.csv
all_cases,True,True,True,2.605436716999975,378,DEU_LocationALower-26_59_T-1,scenarios/experiment_scenarios/highd/DEU_LocationALower-26_59_T-1.xml,13,R_G2,0,standard,21,True,False,False,0.0033692640008666785,1.1390862259995629,0.024010092000025907,1.1664655820004555,0.07857017199967231,0.023218870162963867,1913,504,2733,2,1.1824390630282763e-14,0.01,0.2,"(5,)",,"{""t"": 1, ""s"": 278.1320738093409, ""d"": 0.2500979256474369}",,,,1,,legacy_full_scene,R_G2,micp_comparison/results/lin2025_standard_full_2026-09-04/rg2.csv
all_cases,True,False,False,2.3309694409999793,378,DEU_LocationALower-27_113_T-1,scenarios/experiment_scenarios/highd/DEU_LocationALower-27_113_T-1.xml,22,R_G2,0,standard,21,True,False,False,0.0039527080007246695,1.128100572999756,0.11162273899935826,1.243676019999839,0.09392585699970368,0.11048698425292969,1913,504,2733,2,0.0,0.01,0.4,"(5,)",,"{""t"": 2, ""s"": 172.8790476878899, ""d"": 0.3799512589987031}",,,,11,,legacy_full_scene,R_G2,micp_comparison/results/lin2025_standard_full_2026-09-04/rg2.csv
all_cases,True,False,False,1.930493578000096,378,DEU_LocationALower-27_115_T-1,scenarios/experiment_scenarios/highd/DEU_LocationALower-27_115_T-1.xml,23,R_G2,0,standard,21,True,False,False,0.004159617999903276,1.1519786449989624,0.1085973160006688,1.2647355789995345,0.09234977999949479,0.10782408714294434,1913,504,2733,2,0.0,0.01,0.4,"(5,)",,"{""t"": 2, ""s"": 171.60940968631994, ""d"": 0.10998589076278219}",,,,16,,legacy_full_scene,R_G2,micp_comparison/results/lin2025_standard_full_2026-09-04/rg2.csv
all_cases,True,True,True,3.3882809780006937,378,DEU_LocationALower-27_116_T-1,scenarios/experiment_scenarios/highd/DEU_LocationALower-27_116_T-1.xml,21,R_G2,0,standard,21,True,False,False,0.0037355200001911726,1.1593731949997164,0.10077024400015944,1.263878959000067,0.09732612399966456,0.10002517700195312,1913,504,2733,2,0.0,0.01,0.4,"(5,)",,"{""t"": 2, ""s"": 195.6882610637802, ""d"": -0.4899371497614852}",,,,8,,legacy_full_scene,R_G2,micp_comparison/results/lin2025_standard_full_2026-09-04/rg2.csv
all_cases,False,False,False,2.433951667000656,378,DEU_LocationALower-27_119_T-1,scenarios/experiment_scenarios/highd/DEU_LocationALower-27_119_T-1.xml,11,R_G2,0,standard,21,False,False,False,0.004638299000362167,1.188759595999727,0.0020622800002456643,1.1954601750003349,,0.0013909339904785156,1913,504,2733,4,,-inf,,,,,,,,1,,legacy_full_scene,R_G2,micp_comparison/results/lin2025_standard_full_2026-09-04/rg2.csv
all_cases,True,False,False,1.8576374479998776,378,DEU_LocationALower-27_119_T-1,scenarios/experiment_scenarios/highd/DEU_LocationALower-27_119_T-1.xml,18,R_G2,0,standard,21,True,False,False,0.0035641260001284536,1.1464084409999487,0.11533877700094308,1.2653113440010202,0.09849602800022694,0.11448907852172852,1913,504,2733,2,0.0,0.01,0.4,"(5,)",,"{""t"": 2, ""s"": 281.20912384063195, ""d"": 0.4099474110249177}",,,,16,,legacy_full_scene,R_G2,micp_comparison/results/lin2025_standard_full_2026-09-04/rg2.csv
all_cases,True,True,True,0.5587576659982005,90,DEU_LocationALower-27_131_T-1,scenarios/experiment_scenarios/highd/DEU_LocationALower-27_131_T-1.xml,5,R_G2,0,standard,5,True,True,True,0.0001729119994706707,0.037814064999111,0.0016601259994786233,0.03964710299806029,0.07659255500038853,0.0012018680572509766,127,10,248,2,2.3646268029579667e-14,0.010000000002111348,inf,,,,,,,3,,legacy_full_scene,R_G2,micp_comparison/results/lin2025_standard_full_2026-09-04/rg2.csv
all_cases,True,True,True,1.595175971999197,378,DEU_LocationALower-27_226_T-1,scenarios/experiment_scenarios/highd/DEU_LocationALower-27_226_T-1.xml,24,R_G2,0,standard,21,True,False,False,0.0036504469990177313,1.1587586599998758,0.02886239600047702,1.1912715029993706,0.12129634499979147,0.0279541015625,1913,504,2733,2,1.7189561722713745e-14,0.009999999997717168,0.6000000000000001,"(5,)",,"{""t"": 3, ""s"": 127.98906961663931, ""d"": -0.1349193069636334}",,,,5,,legacy_full_scene,R_G2,micp_comparison/results/lin2025_standard_full_2026-09-04/rg2.csv
all_cases,True,True,True,1.4428725550005765,378,DEU_LocationALower-27_244_T-1,scenarios/experiment_scenarios/highd/DEU_LocationALower-27_244_T-1.xml,13,R_G2,0,standard,21,True,False,False,0.0032290380004269537,1.1294081880005251,0.03576513499865541,1.1684023609996075,0.09004519500012975,0.03468203544616699,1913,504,2733,2,2.2489335822726134e-15,0.01,0.2,"(5,)",,"{""t"": 1, ""s"": 180.35241708662699, ""d"": 0.08499929500212862}",,,,3,,legacy_full_scene,R_G2,micp_comparison/results/lin2025_standard_full_2026-09-04/rg2.csv
all_cases,False,False,False,1.773184821000541,378,DEU_LocationALower-27_270_T-1,scenarios/experiment_scenarios/highd/DEU_LocationALower-27_270_T-1.xml,20,R_G2,0,standard,21,False,False,False,0.003229792000638554,1.1775751130007848,0.0019581859996833373,1.1827630910011067,,0.0013120174407958984,1913,504,2733,4,,-inf,,,,,,,,5,,legacy_full_scene,R_G2,micp_comparison/results/lin2025_standard_full_2026-09-04/rg2.csv
all_cases,True,True,True,2.394560326001738,378,DEU_LocationALower-27_293_T-1,scenarios/experiment_scenarios/highd/DEU_LocationALower-27_293_T-1.xml,29,R_G2,0,standard,21,True,False,False,0.0043449889999465086,1.1649010590008402,0.4028045659997588,1.5720506140005455,0.13377882100030547,0.402101993560791,1913,504,2733,2,2.2042829548346336e-05,0.01,0.4,"(5,)",,"{""t"": 2, ""s"": 82.13486666666664, ""d"": 0.8198948220498354}",,,,9,,legacy_full_scene,R_G2,micp_comparison/results/lin2025_standard_full_2026-09-04/rg2.csv
all_cases,True,True,True,2.2699437420014874,378,DEU_LocationALower-27_294_T-1,scenarios/experiment_scenarios/highd/DEU_LocationALower-27_294_T-1.xml,28,R_G2,0,standard,21,True,False,False,0.003587863000575453,1.1632803929987858,0.31123961100092856,1.4781078670002898,0.1364015590006602,0.3105018138885498,1913,504,2733,2,6.793957230318497e-05,0.01,0.6000000000000001,"(5,)",,"{""t"": 3, ""s"": 107.32995154587752, ""d"": 0.4797130914262593}",,,,6,,legacy_full_scene,R_G2,micp_comparison/results/lin2025_standard_full_2026-09-04/rg2.csv
all_cases,False,False,False,1.672493308002231,378,DEU_LocationALower-27_294_T-1,scenarios/experiment_scenarios/highd/DEU_LocationALower-27_294_T-1.xml,29,R_G2,0,standard,21,False,False,False,0.004584542999509722,1.181403959999443,0.0017941549995157402,1.1877826579984685,,0.0011849403381347656,1913,504,2733,4,,-inf,,,,,,,,2,,legacy_full_scene,R_G2,micp_comparison/results/lin2025_standard_full_2026-09-04/rg2.csv
all_cases,False,False,False,0.43422441400070966,108,DEU_LocationALower-27_29_T-1,scenarios/experiment_scenarios/highd/DEU_LocationALower-27_29_T-1.xml,5,R_G2,0,standard,6,False,False,False,0.0005010700006096158,0.04636891500013007,0.0008510829993610969,0.047721068000100786,,0.0004410743713378906,152,12,297,4,,-inf,,,,,,,,1,,legacy_full_scene,R_G2,micp_comparison/results/lin2025_standard_full_2026-09-04/rg2.csv
all_cases,True,True,True,0.5825723899997683,162,DEU_LocationALower-28_211_T-1,scenarios/experiment_scenarios/highd/DEU_LocationALower-28_211_T-1.xml,6,R_G2,0,standard,9,True,True,True,0.00022779600112698972,0.06488413099941681,0.002759368000624818,0.06787129500116862,0.12409331200069573,0.0020580291748046875,227,18,444,2,0.0,0.010000000000152309,inf,,,,,,,6,,legacy_full_scene,R_G2,micp_comparison/results/lin2025_standard_full_2026-09-04/rg2.csv
all_cases,True,False,False,1.8301069470016955,378,DEU_LocationALower-28_31_T-1,scenarios/experiment_scenarios/highd/DEU_LocationALower-28_31_T-1.xml,9,R_G2,0,standard,21,True,False,False,0.0031180410005617887,1.0567482019996532,0.22466614200129698,1.284532385001512,0.10594100900016201,0.22376084327697754,1781,460,2571,2,9.852134177135327e-05,0.01,1.4000000000000001,"(6,)",,"{""t"": 7, ""s"": 381.98779770421083, ""d"": 3.7665003625642512}",,,,17,,legacy_full_scene,R_G2,micp_comparison/results/lin2025_standard_full_2026-09-04/rg2.csv
all_cases,True,True,True,0.8409126099995774,234,DEU_LocationALower-28_46_T-1,scenarios/experiment_scenarios/highd/DEU_LocationALower-28_46_T-1.xml,5,R_G2,0,standard,13,True,True,True,0.0002156390000891406,0.09531914999934088,0.0025581950012565358,0.09809298400068656,0.11615747100040608,0.0019998550415039062,327,26,640,2,0.0,0.010000000000918881,inf,,,,,,,9,,legacy_full_scene,R_G2,micp_comparison/results/lin2025_standard_full_2026-09-04/rg2.csv
all_cases,True,True,True,2.5159601110008225,378,DEU_LocationALower-29_229_T-1,scenarios/experiment_scenarios/highd/DEU_LocationALower-29_229_T-1.xml,22,R_G2,0,standard,21,True,False,False,0.004013989000668516,1.1642436330002965,0.027031798999814782,1.1952894210007798,0.12381860900131869,0.026000022888183594,1913,504,2733,2,1.7635679917635492e-15,0.01,0.2,"(5,)",,"{""t"": 1, ""s"": 144.70633423629118, ""d"": 0.4099965994220282}",,,,1,,legacy_full_scene,R_G2,micp_comparison/results/lin2025_standard_full_2026-09-04/rg2.csv
all_cases,True,True,True,1.8989148109976668,306,DEU_LocationALower-31_64_T-1,scenarios/experiment_scenarios/highd/DEU_LocationALower-31_64_T-1.xml,12,R_G2,0,standard,17,True,True,True,0.00033731700023054145,0.1264256310005294,0.0036470089999056654,0.1304099570006656,0.20728286400117213,0.002774953842163086,427,34,836,2,7.858057978387193e-14,0.010000000000512132,inf,,,,,,,8,,legacy_full_scene,R_G2,micp_comparison/results/lin2025_standard_full_2026-09-04/rg2.csv
all_cases,True,True,True,2.3322648189987376,378,DEU_LocationALower-31_81_T-1,scenarios/experiment_scenarios/highd/DEU_LocationALower-31_81_T-1.xml,19,R_G2,0,standard,21,True,False,False,0.00405227100054617,1.2017194609998114,0.022334899998895708,1.2281066319992533,0.1115476300001319,0.021572113037109375,1913,504,2733,2,1.0128991443853401e-14,0.009999999995898179,0.4,"(5,)",,"{""t"": 2, ""s"": 98.71040338720117, ""d"": 2.2797075539922256}",,,,7,,legacy_full_scene,R_G2,micp_comparison/results/lin2025_standard_full_2026-09-04/rg2.csv
all_cases,True,False,False,2.439292942000975,378,DEU_LocationALower-31_94_T-1,scenarios/experiment_scenarios/highd/DEU_LocationALower-31_94_T-1.xml,24,R_G2,0,standard,21,True,False,False,0.004759841000122833,1.121575290999317,0.11367761499968765,1.2400127469991276,0.15047875399977784,0.11284613609313965,1913,504,2733,2,1.334499244675818e-05,0.01,0.4,"(5,)",,"{""t"": 2, ""s"": 230.9126311985336, ""d"": 0.05999230405242568}",,,,13,,legacy_full_scene,R_G2,micp_comparison/results/lin2025_standard_full_2026-09-04/rg2.csv
all_cases,True,True,True,2.2807919810002204,378,DEU_LocationALower-31_95_T-1,scenarios/experiment_scenarios/highd/DEU_LocationALower-31_95_T-1.xml,21,R_G2,0,standard,21,True,False,False,0.00699198999973305,1.1400924859990482,0.43650114299998677,1.583585618998768,,0.435715913772583,1913,504,2733,2,0.0,0.01,,,,,"AttributeError: 'NoneType' object has no attribute 'lane_id'
Traceback (most recent call last):
  File ""/data_linux/Lab/commonroad-repairer-vp/micp_comparison/runner.py"", line 228, in evaluate
    ) = validate_states(
  File ""/data_linux/Lab/commonroad-repairer-vp/micp_comparison/common.py"", line 164, in validate_states
    robustness, other_ids = monitor.evaluate_consecutively(
  File ""/data_linux/Lab/commonroad-repairer-vp/crrepairer/smt/monitor_wrapper.py"", line 934, in evaluate_consecutively
    rule_rob.append(evaluator.update())
  File ""/data_linux/Lab/commonroad-stl-monitor/crmonitor/evaluation/evaluation.py"", line 157, in update
    rule_value = self._eval_visitor.walk(
  File ""/data_linux/Lab/commonroad-stl-monitor/crmonitor/evaluation/visitor.py"", line 70, in walk
    return node.visit(self, world, mpr_world, time_step, (ego_vehicle.id,), *ctx)
  File ""/data_linux/Lab/commonroad-stl-monitor/crmonitor/monitor/monitor_node.py"", line 35, in visit
    return visitor.visit_rule_node(self, *ctx)
  File ""/data_linux/Lab/commonroad-stl-monitor/crmonitor/evaluation/visitor.py"", line 81, in visit_rule_node
    child_values = {c.name: c.visit(self, *ctx) for c in rule_node.children}
  File ""/data_linux/Lab/commonroad-stl-monitor/crmonitor/evaluation/visitor.py"", line 81, in <dictcomp>
    child_values = {c.name: c.visit(self, *ctx) for c in rule_node.children}
  File ""/data_linux/Lab/commonroad-stl-monitor/crmonitor/monitor/monitor_node.py"", line 73, in visit
    return visitor.visit_exist_node(self, *ctx)
  File ""/data_linux/Lab/commonroad-stl-monitor/crmonitor/evaluation/visitor.py"", line 129, in visit_exist_node
    values, selected_ids = self._visit_quant_node(exist_node, *ctx)
  File ""/data_linux/Lab/commonroad-stl-monitor/crmonitor/evaluation/visitor.py"", line 93, in _visit_quant_node
    val = node.monitors[i].visit(
  File ""/data_linux/Lab/commonroad-stl-monitor/crmonitor/monitor/monitor_node.py"", line 35, in visit
    return visitor.visit_rule_node(self, *ctx)
  File ""/data_linux/Lab/commonroad-stl-monitor/crmonitor/evaluation/visitor.py"", line 81, in visit_rule_node
    child_values = {c.name: c.visit(self, *ctx) for c in rule_node.children}
  File ""/data_linux/Lab/commonroad-stl-monitor/crmonitor/evaluation/visitor.py"", line 81, in <dictcomp>
    child_values = {c.name: c.visit(self, *ctx) for c in rule_node.children}
  File ""/data_linux/Lab/commonroad-stl-monitor/crmonitor/rule/rule_node.py"", line 83, in visit
    return visitor.visit_predicate_node(self, *ctx)
  File ""/data_linux/Lab/commonroad-stl-monitor/crmonitor/evaluation/visitor.py"", line 165, in visit_predicate_node
    value = predicate_node.evaluate_boolean(world, time_step, predicate_ids)
  File ""/data_linux/Lab/commonroad-stl-monitor/crmonitor/rule/rule_node.py"", line 67, in evaluate_boolean
    value = self.evaluator.evaluate_boolean(world, time_step, vehicle_ids)
  File ""/data_linux/Lab/commonroad-stl-monitor/crmonitor/predicates/position.py"", line 419, in evaluate_boolean
    candidates = self._get_candidates(world, time_step, rear_vehicle)
  File ""/data_linux/Lab/commonroad-stl-monitor/crmonitor/predicates/position.py"", line 409, in _get_candidates
    dist = vehicle_front.rear_s(time_step, lane) - vehicle_rear.front_s(
  File ""/data_linux/Lab/commonroad-stl-monitor/crmonitor/common/vehicle.py"", line 377, in front_s
    curvi_state = self.ccosy_cache.get_curvilinear_state(
  File ""/data_linux/Lab/commonroad-stl-monitor/crmonitor/common/vehicle.py"", line 229, in get_curvilinear_state
    key = (state.time_step, lane.lane_id)
AttributeError: 'NoneType' object has no attribute 'lane_id'
",,,12,,legacy_full_scene,R_G2,micp_comparison/results/lin2025_standard_full_2026-09-04/rg2.csv
all_cases,True,True,True,2.0868227509999997,378,DEU_LocationALower-32_104_T-1,scenarios/experiment_scenarios/highd/DEU_LocationALower-32_104_T-1.xml,17,R_G2,0,standard,21,True,False,False,0.004116219000934507,1.1325504859996727,0.024092458999803057,1.1607591640004102,0.1176990370004205,0.023212909698486328,1913,504,2733,2,1.6943041289697287e-14,0.01,0.2,"(5,)",,"{""t"": 1, ""s"": 120.4343753744678, ""d"": -0.04999958529536999}",,,,2,,legacy_full_scene,R_G2,micp_comparison/results/lin2025_standard_full_2026-09-04/rg2.csv
all_cases,True,False,False,1.7513659010019182,378,DEU_LocationALower-33_129_T-1,scenarios/experiment_scenarios/highd/DEU_LocationALower-33_129_T-1.xml,14,R_G2,0,standard,21,True,False,False,0.0033627889988565585,1.1221704820000014,0.025429331999475835,1.1509626029983338,0.13000669600114634,0.024630069732666016,1913,504,2733,2,0.0,0.01,0.4,"(5,)",,"{""t"": 2, ""s"": 319.36489997658697, ""d"": 0.009998717342072723}",,,,11,,legacy_full_scene,R_G2,micp_comparison/results/lin2025_standard_full_2026-09-04/rg2.csv
all_cases,True,False,False,1.7758746130002692,378,DEU_LocationALower-33_190_T-1,scenarios/experiment_scenarios/highd/DEU_LocationALower-33_190_T-1.xml,22,R_G2,0,standard,21,True,False,False,0.003062931999011198,1.1783413720004319,0.04819731600036903,1.229601619999812,0.14361789199938357,0.047299861907958984,1913,504,2733,2,0.0,0.01,0.4,"(5,)",,"{""t"": 2, ""s"": 181.79275086546699, ""d"": 0.4649403564063123}",,,,17,,legacy_full_scene,R_G2,micp_comparison/results/lin2025_standard_full_2026-09-04/rg2.csv
all_cases,True,True,True,1.2277612140005658,180,DEU_LocationALower-33_36_T-1,scenarios/experiment_scenarios/highd/DEU_LocationALower-33_36_T-1.xml,6,R_G2,0,standard,10,True,True,True,0.00019046700072067324,0.07320329499998479,0.0023998480010050116,0.07579361000171048,0.14296344899958058,0.0018389225006103516,252,20,493,2,0.0,0.010000000000404356,inf,,,,,,,7,,legacy_full_scene,R_G2,micp_comparison/results/lin2025_standard_full_2026-09-04/rg2.csv
all_cases,True,False,False,2.956919979998929,360,DEU_LocationALower-33_49_T-1,scenarios/experiment_scenarios/highd/DEU_LocationALower-33_49_T-1.xml,12,R_G2,0,standard,20,True,True,True,0.0002696960000321269,0.14400792199921852,0.0037668590011890046,0.14804447700043966,0.18871973599925695,0.003055095672607422,502,40,983,2,0.0,0.010000000000261132,inf,,,,,,,15,,legacy_full_scene,R_G2,micp_comparison/results/lin2025_standard_full_2026-09-04/rg2.csv
all_cases,True,False,False,2.2008440400004474,378,DEU_LocationALower-34_124_T-1,scenarios/experiment_scenarios/highd/DEU_LocationALower-34_124_T-1.xml,8,R_G2,0,standard,21,True,True,True,0.00033416400037822314,0.1482126139999309,0.004064401999130496,0.15261117999943963,0.1364412379989517,0.0030100345611572266,527,42,1032,2,0.0,0.010000000000014844,inf,,,,,,,10,,legacy_full_scene,R_G2,micp_comparison/results/lin2025_standard_full_2026-09-04/rg2.csv
all_cases,False,False,False,0.4703822250030498,126,DEU_LocationALower-34_159_T-1,scenarios/experiment_scenarios/highd/DEU_LocationALower-34_159_T-1.xml,6,R_G2,0,standard,7,False,False,False,0.00018295799964107573,0.05310564899991732,0.001003805999062024,0.05429241299862042,,0.0004930496215820312,177,14,346,4,,-inf,,,,,,,,5,,legacy_full_scene,R_G2,micp_comparison/results/lin2025_standard_full_2026-09-04/rg2.csv
all_cases,False,False,False,0.49630020600125135,144,DEU_LocationALower-34_197_T-1,scenarios/experiment_scenarios/highd/DEU_LocationALower-34_197_T-1.xml,10,R_G2,0,standard,8,False,False,False,0.0002578369985712925,0.06249796799966134,0.0012042420003126608,0.0639600469985453,,0.0005609989166259766,202,16,395,4,,-inf,,,,,,,,4,,legacy_full_scene,R_G2,micp_comparison/results/lin2025_standard_full_2026-09-04/rg2.csv
all_cases,True,False,False,1.7584964069992566,378,DEU_LocationALower-34_206_T-1,scenarios/experiment_scenarios/highd/DEU_LocationALower-34_206_T-1.xml,20,R_G2,0,standard,21,True,False,False,0.005162823999853572,1.1720008419997612,0.047009204999994836,1.2241728709996096,0.14614031100063585,0.04626607894897461,1913,504,2733,2,1.0614707721869284e-14,0.01,0.4,"(5,)",,"{""t"": 2, ""s"": 124.5988480779845, ""d"": 0.5099345844456307}",,,,10,,legacy_full_scene,R_G2,micp_comparison/results/lin2025_standard_full_2026-09-04/rg2.csv
all_cases,True,True,True,1.5200255510007992,378,DEU_LocationALower-34_2_T-1,scenarios/experiment_scenarios/highd/DEU_LocationALower-34_2_T-1.xml,8,R_G2,0,standard,21,True,False,False,0.003222380999432062,1.080785541998921,0.03289189499992062,1.1168998179982736,0.13658782899983635,0.032171010971069336,1781,460,2571,2,2.0075322399992294e-15,0.009999999998626663,0.2,"(5,)",,"{""t"": 1, ""s"": 316.44433612298934, ""d"": 0.46999610177647005}",,,,3,,legacy_full_scene,R_G2,micp_comparison/results/lin2025_standard_full_2026-09-04/rg2.csv
all_cases,True,True,True,1.3296188689982955,360,DEU_LocationALower-34_51_T-1,scenarios/experiment_scenarios/highd/DEU_LocationALower-34_51_T-1.xml,7,R_G2,0,standard,20,True,True,True,0.00026404799973533954,0.1449312029999419,0.003690935998747591,0.14888618699842482,0.20307494300141116,0.0029249191284179688,502,40,983,2,0.0,0.010000000000074828,inf,,,,,,,10,,legacy_full_scene,R_G2,micp_comparison/results/lin2025_standard_full_2026-09-04/rg2.csv
all_cases,False,False,False,1.5353070069977548,378,DEU_LocationALower-34_52_T-1,scenarios/experiment_scenarios/highd/DEU_LocationALower-34_52_T-1.xml,8,R_G2,0,standard,21,True,False,False,0.002186237999922014,0.7290416289997665,0.01877222799885203,0.7500000949985406,0.15157278700098686,0.017904996871948242,1319,306,2004,2,0.0,0.01,-inf,"(5,)",,,,,,1,,legacy_full_scene,R_G2,micp_comparison/results/lin2025_standard_full_2026-09-04/rg2.csv
all_cases,False,False,False,1.6358510999998543,378,DEU_LocationALower-34_52_T-1,scenarios/experiment_scenarios/highd/DEU_LocationALower-34_52_T-1.xml,10,R_G2,0,standard,21,False,False,False,0.003990163999333163,1.2176016270004766,0.0021578199994110037,1.2237496109992207,,0.0013828277587890625,1913,504,2733,4,,-inf,,,,,,,,9,,legacy_full_scene,R_G2,micp_comparison/results/lin2025_standard_full_2026-09-04/rg2.csv
all_cases,False,False,False,0.8525805099980062,252,DEU_LocationALower-34_53_T-1,scenarios/experiment_scenarios/highd/DEU_LocationALower-34_53_T-1.xml,7,R_G2,0,standard,14,False,False,False,0.0002351180010009557,0.10944582099909894,0.0011150930004077964,0.1107960320005077,,0.0005559921264648438,352,28,689,4,,-inf,,,,,,,,10,,legacy_full_scene,R_G2,micp_comparison/results/lin2025_standard_full_2026-09-04/rg2.csv
all_cases,False,False,False,1.0592629800012219,306,DEU_LocationALower-34_53_T-1,scenarios/experiment_scenarios/highd/DEU_LocationALower-34_53_T-1.xml,8,R_G2,0,standard,17,False,False,False,0.0005596940009127138,0.13305707400104438,0.0011678870014293352,0.13478465500338643,,0.0005319118499755859,427,34,836,4,,-inf,,,,,,,,14,,legacy_full_scene,R_G2,micp_comparison/results/lin2025_standard_full_2026-09-04/rg2.csv
all_cases,True,True,True,1.3483834750004462,378,DEU_LocationALower-34_53_T-1,scenarios/experiment_scenarios/highd/DEU_LocationALower-34_53_T-1.xml,11,R_G2,0,standard,21,True,True,True,0.0003221200004190905,0.1556922340005258,0.004123883998545352,0.16013823799949023,0.1992310900004668,0.0033731460571289062,527,42,1032,2,0.0,0.010000000000035482,inf,,,,,,,17,,legacy_full_scene,R_G2,micp_comparison/results/lin2025_standard_full_2026-09-04/rg2.csv
all_cases,False,False,False,0.631695217000015,126,DEU_LocationALower-34_54_T-1,scenarios/experiment_scenarios/highd/DEU_LocationALower-34_54_T-1.xml,9,R_G2,0,standard,7,False,False,False,0.00021356499928515404,0.055385391000527306,0.0009954380002454855,0.056594394000057946,,0.00045013427734375,177,14,346,4,,-inf,,,,,,,,3,,legacy_full_scene,R_G2,micp_comparison/results/lin2025_standard_full_2026-09-04/rg2.csv
all_cases,False,False,False,1.1335088730011194,324,DEU_LocationALower-34_54_T-1,scenarios/experiment_scenarios/highd/DEU_LocationALower-34_54_T-1.xml,11,R_G2,0,standard,18,False,False,False,0.0002752050004346529,0.13243879599940556,0.0010588370005280012,0.1337728380003682,,0.000514984130859375,452,36,885,4,,-inf,,,,,,,,7,,legacy_full_scene,R_G2,micp_comparison/results/lin2025_standard_full_2026-09-04/rg2.csv
all_cases,True,True,True,2.087198830999114,378,DEU_LocationALower-34_62_T-1,scenarios/experiment_scenarios/highd/DEU_LocationALower-34_62_T-1.xml,8,R_G2,0,standard,21,True,True,True,0.0003436840015638154,0.14980391199969745,0.004392828999698395,0.15454042500095966,0.1678331299990532,0.0032501220703125,527,42,1032,2,0.0,0.010000000000118353,inf,,,,,,,6,,legacy_full_scene,R_G2,micp_comparison/results/lin2025_standard_full_2026-09-04/rg2.csv
all_cases,False,False,False,0.7740299690012762,198,DEU_LocationALower-34_74_T-1,scenarios/experiment_scenarios/highd/DEU_LocationALower-34_74_T-1.xml,11,R_G2,0,standard,11,False,False,False,0.00023166400023910683,0.08148765899932187,0.0009262759995181113,0.08264559899907908,,0.0004551410675048828,277,22,542,4,,-inf,,,,,,,,6,,legacy_full_scene,R_G2,micp_comparison/results/lin2025_standard_full_2026-09-04/rg2.csv
all_cases,True,True,True,1.47805771199819,378,DEU_LocationALower-34_80_T-1,scenarios/experiment_scenarios/highd/DEU_LocationALower-34_80_T-1.xml,10,R_G2,0,standard,21,True,False,False,0.0031589589998475276,0.7333001650004007,0.016589312999713002,0.7530484369999613,0.1587863679997099,0.015805959701538086,1319,306,2004,2,0.0,0.01,0.2,"(5,)",,"{""t"": 1, ""s"": 329.600757865437, ""d"": 0.41999651648110364}",,,,2,,legacy_full_scene,R_G2,micp_comparison/results/lin2025_standard_full_2026-09-04/rg2.csv
all_cases,False,False,False,1.3628000939988851,378,DEU_LocationALower-34_93_T-1,scenarios/experiment_scenarios/highd/DEU_LocationALower-34_93_T-1.xml,21,R_G2,0,standard,21,False,False,False,0.004221836999931838,1.1506275060000917,0.001961910000318312,1.1568112530003418,,0.0012829303741455078,1913,504,2733,4,,-inf,,,,,,,,3,,legacy_full_scene,R_G2,micp_comparison/results/lin2025_standard_full_2026-09-04/rg2.csv
all_cases,True,False,False,1.729772476997823,378,DEU_LocationALower-35_140_T-1,scenarios/experiment_scenarios/highd/DEU_LocationALower-35_140_T-1.xml,10,R_G2,0,standard,21,True,True,True,0.00027087399939773604,0.14550265499929083,0.003988963999290718,0.14976249299797928,0.1745134369994048,0.0032629966735839844,527,42,1032,2,0.0,0.010000000000059028,inf,,,,,,,5,,legacy_full_scene,R_G2,micp_comparison/results/lin2025_standard_full_2026-09-04/rg2.csv
all_cases,False,False,False,1.3794464570000855,378,DEU_LocationALower-35_189_T-1,scenarios/experiment_scenarios/highd/DEU_LocationALower-35_189_T-1.xml,14,R_G2,0,standard,21,False,False,False,0.0032318960002157837,1.0683732540001074,0.0019115840004815254,1.0735167340008047,,0.0012569427490234375,1781,460,2571,4,,-inf,,,,,,,,2,,legacy_full_scene,R_G2,micp_comparison/results/lin2025_standard_full_2026-09-04/rg2.csv
all_cases,True,False,False,1.5876294199988479,360,DEU_LocationALower-35_190_T-1,scenarios/experiment_scenarios/highd/DEU_LocationALower-35_190_T-1.xml,12,R_G2,0,standard,20,True,True,True,0.00026210500072920695,0.14733288400020683,0.0039683630002400605,0.1515633520011761,0.2161311210002168,0.003228902816772461,502,40,983,2,2.2329676393990957e-13,0.01000000000029441,inf,,,,,,,14,,legacy_full_scene,R_G2,micp_comparison/results/lin2025_standard_full_2026-09-04/rg2.csv
all_cases,False,False,False,1.9581574240000919,378,DEU_LocationALower-37_213_T-1,scenarios/experiment_scenarios/highd/DEU_LocationALower-37_213_T-1.xml,12,R_G2,0,standard,21,False,False,False,0.0036830779990850715,1.4594074220003677,0.0019691480010806117,1.4650596480005333,,0.0011761188507080078,1913,504,2733,4,,-inf,,,,,,,,2,,legacy_full_scene,R_G2,micp_comparison/results/lin2025_standard_full_2026-09-04/rg2.csv
all_cases,True,True,True,1.7216876080001384,378,DEU_LocationALower-37_86_T-1,scenarios/experiment_scenarios/highd/DEU_LocationALower-37_86_T-1.xml,7,R_G2,0,standard,21,True,True,True,0.00031298500107368454,0.14605622599992785,0.004181727999821305,0.15055093900082284,0.20094679899921175,0.0032570362091064453,527,42,1032,2,0.0,0.010000000000049426,inf,,,,,,,6,,legacy_full_scene,R_G2,micp_comparison/results/lin2025_standard_full_2026-09-04/rg2.csv
all_cases,True,True,True,2.0054616360012005,378,DEU_LocationALower-38_46_T-1,scenarios/experiment_scenarios/highd/DEU_LocationALower-38_46_T-1.xml,15,R_G2,0,standard,21,True,False,False,0.0034276159985893173,1.122885128001144,0.024940684999819496,1.1512534289995529,0.21305740999923728,0.024171113967895508,1847,482,2652,2,6.033380380201611e-16,0.01,0.4,"(5,)",,"{""t"": 2, ""s"": 332.40572530898123, ""d"": -0.17497755348624247}",,,,9,,legacy_full_scene,R_G2,micp_comparison/results/lin2025_standard_full_2026-09-04/rg2.csv
all_cases,False,False,False,0.5088012960004562,162,DEU_LocationALower-38_47_T-1,scenarios/experiment_scenarios/highd/DEU_LocationALower-38_47_T-1.xml,9,R_G2,0,standard,9,False,False,False,0.0002238910001324257,0.06695006399968406,0.000981062001301325,0.06815501700111781,,0.00046515464782714844,227,18,444,4,,-inf,,,,,,,,4,,legacy_full_scene,R_G2,micp_comparison/results/lin2025_standard_full_2026-09-04/rg2.csv
all_cases,True,True,True,0.8666864739989251,252,DEU_LocationALower-38_47_T-1,scenarios/experiment_scenarios/highd/DEU_LocationALower-38_47_T-1.xml,11,R_G2,0,standard,14,True,True,True,0.000238520000493736,0.10475439599940728,0.0030596060005336767,0.10805252200043469,0.23384948000057193,0.002379894256591797,352,28,689,2,8.25004816860802e-15,0.010000000000014124,inf,,,,,,,9,,legacy_full_scene,R_G2,micp_comparison/results/lin2025_standard_full_2026-09-04/rg2.csv
all_cases,True,False,False,1.4228827490005642,378,DEU_LocationALower-39_11_T-1,scenarios/experiment_scenarios/highd/DEU_LocationALower-39_11_T-1.xml,9,R_G2,0,standard,21,True,False,False,0.003330514000481344,1.1189862789997278,0.02630256199881842,1.1486193549990276,0.17522502800056827,0.0254518985748291,1913,504,2733,2,3.4203233242972974e-15,0.01,0.4,"(5,)",,"{""t"": 2, ""s"": 240.9292593529252, ""d"": -0.09998717342071302}",,,,14,,legacy_full_scene,R_G2,micp_comparison/results/lin2025_standard_full_2026-09-04/rg2.csv
all_cases,True,True,True,1.3295139849997213,378,DEU_LocationALower-40_140_T-1,scenarios/experiment_scenarios/highd/DEU_LocationALower-40_140_T-1.xml,11,R_G2,0,standard,21,True,False,False,0.003207204999853275,1.1561097970006813,0.15305320299921732,1.3123702049997519,0.1843415189996449,0.15224099159240723,1913,504,2733,2,0.0,0.01,0.6000000000000001,"(5,)",,"{""t"": 3, ""s"": 322.5169347587612, ""d"": 0.37477585267676194}",,,,4,,legacy_full_scene,R_G2,micp_comparison/results/lin2025_standard_full_2026-09-04/rg2.csv
all_cases,True,True,True,1.7639352639980643,378,DEU_LocationALower-42_14_T-1,scenarios/experiment_scenarios/highd/DEU_LocationALower-42_14_T-1.xml,9,R_G2,0,standard,21,True,False,False,0.003241053998863208,1.0561058780003805,0.024166184999558027,1.0835131169988017,0.19277075700119894,0.023440122604370117,1781,460,2571,2,1.9853774270743046e-15,0.009999999995898179,0.2,"(5,)",,"{""t"": 1, ""s"": 301.80266304248374, ""d"": 0.4000966815335469}",,,,4,,legacy_full_scene,R_G2,micp_comparison/results/lin2025_standard_full_2026-09-04/rg2.csv
all_cases,False,False,False,1.1497209719982493,378,DEU_LocationALower-44_216_T-1,scenarios/experiment_scenarios/highd/DEU_LocationALower-44_216_T-1.xml,14,R_G2,0,standard,21,False,False,False,0.0036730170013470342,1.1298088980001921,0.001784378999218461,1.1352662940007576,,0.00119781494140625,1913,504,2733,4,,-inf,,,,,,,,12,,legacy_full_scene,R_G2,micp_comparison/results/lin2025_standard_full_2026-09-04/rg2.csv
all_cases,True,True,True,1.4324879100004182,378,DEU_LocationALower-44_87_T-1,scenarios/experiment_scenarios/highd/DEU_LocationALower-44_87_T-1.xml,17,R_G2,0,standard,21,True,False,False,0.004571330000544549,1.1395173119999527,0.025819303000389482,1.1699079450008867,0.2063049249991309,0.024958133697509766,1913,504,2733,2,1.513736938328565e-14,0.01,0.4,"(5,)",,"{""t"": 2, ""s"": 272.3404978907494, ""d"": 0.2049737055124642}",,,,11,,legacy_full_scene,R_G2,micp_comparison/results/lin2025_standard_full_2026-09-04/rg2.csv
all_cases,True,True,True,0.4275725010011229,42,DEU_LocationALower-11_102_T-1,scenarios/experiment_scenarios/highd/DEU_LocationALower-11_102_T-1.xml,16,R_G3,0,standard,21,True,True,True,0.0017372460006299661,0.82204890399953,0.010368782999648829,0.8341549329998088,0.025668178999694646,0.00967717170715332,1472,357,2292,2,0.0,0.010000000000029307,inf,,,,,,,9,,legacy_full_scene,R_G3,micp_comparison/results/lin2025_standard_full_2026-09-04/rg3.csv
all_cases,True,True,True,0.37124714400124503,42,DEU_LocationALower-11_110_T-1,scenarios/experiment_scenarios/highd/DEU_LocationALower-11_110_T-1.xml,16,R_G3,0,standard,21,True,True,True,0.0028026880008837907,0.7635648740015313,0.009583588000168675,0.7759511500025837,0.1819205649990181,0.008849859237670898,1472,357,2292,2,0.0,0.010000000000022586,inf,,,,,,,2,,legacy_full_scene,R_G3,micp_comparison/results/lin2025_standard_full_2026-09-04/rg3.csv
all_cases,True,True,True,0.2595030249995034,42,DEU_LocationALower-11_131_T-1,scenarios/experiment_scenarios/highd/DEU_LocationALower-11_131_T-1.xml,18,R_G3,0,standard,21,True,True,True,0.0017972480000025826,0.789509406000434,0.009178915001029964,0.8004855690014665,0.031590577998940716,0.00854802131652832,1472,357,2292,2,0.0,0.010000000000721139,inf,,,,,,,19,,legacy_full_scene,R_G3,micp_comparison/results/lin2025_standard_full_2026-09-04/rg3.csv
all_cases,True,True,True,0.3430473290027294,42,DEU_LocationALower-11_4_T-1,scenarios/experiment_scenarios/highd/DEU_LocationALower-11_4_T-1.xml,18,R_G3,0,standard,21,True,True,True,0.0017048559984687017,0.7742864459996781,0.00989288500022667,0.7858841869983735,0.03303370499997982,0.009150981903076172,1472,357,2292,2,4.713089992654447e-13,0.010000000000016029,inf,,,,,,,1,,legacy_full_scene,R_G3,micp_comparison/results/lin2025_standard_full_2026-09-04/rg3.csv
all_cases,True,True,True,0.39021734300149546,42,DEU_LocationALower-11_43_T-1,scenarios/experiment_scenarios/highd/DEU_LocationALower-11_43_T-1.xml,17,R_G3,0,standard,21,True,True,True,0.0019074560004810337,0.9225685769997654,0.009586594000211335,0.9340626270004577,0.037136961000214797,0.008799076080322266,1472,357,2292,2,0.0,0.010000000000114273,inf,,,,,,,8,,legacy_full_scene,R_G3,micp_comparison/results/lin2025_standard_full_2026-09-04/rg3.csv
all_cases,True,False,False,0.41505479799889144,42,DEU_LocationALower-11_56_T-1,scenarios/experiment_scenarios/highd/DEU_LocationALower-11_56_T-1.xml,15,R_G3,0,standard,21,True,True,True,0.0017501900001661852,0.8049793949994637,0.009737389000292751,0.8164669739999226,0.03755596799965133,0.008957147598266602,1472,357,2292,2,0.0,0.01000000000001311,inf,,,,,,,1,,legacy_full_scene,R_G3,micp_comparison/results/lin2025_standard_full_2026-09-04/rg3.csv
all_cases,True,True,True,0.3635028910011897,42,DEU_LocationALower-11_64_T-1,scenarios/experiment_scenarios/highd/DEU_LocationALower-11_64_T-1.xml,18,R_G3,0,standard,21,True,True,True,0.0021924089996900875,0.7967054660002759,0.010718985000494285,0.8096168600004603,0.04185070099993027,0.009692907333374023,1472,357,2292,2,1.0638648151729017e-12,0.010000000005516232,inf,,,,,,,15,,legacy_full_scene,R_G3,micp_comparison/results/lin2025_standard_full_2026-09-04/rg3.csv
all_cases,True,True,True,0.3372339979996468,42,DEU_LocationALower-12_109_T-1,scenarios/experiment_scenarios/highd/DEU_LocationALower-12_109_T-1.xml,20,R_G3,0,standard,21,True,True,True,0.0016347649998351699,0.8249991849988874,0.008987096000055317,0.8356210459987778,0.04383387999951083,0.008357048034667969,1472,357,2292,2,4.2853016705266576e-13,0.010000000000946913,inf,,,,,,,8,,legacy_full_scene,R_G3,micp_comparison/results/lin2025_standard_full_2026-09-04/rg3.csv
all_cases,True,True,True,0.4223393020001822,42,DEU_LocationALower-12_167_T-1,scenarios/experiment_scenarios/highd/DEU_LocationALower-12_167_T-1.xml,12,R_G3,0,standard,21,True,True,True,0.0018242179994558683,0.8362431779987674,0.010371172000304796,0.848438567998528,0.051228045998868765,0.009632110595703125,1472,357,2292,2,0.0,0.010000000000027839,inf,,,,,,,11,,legacy_full_scene,R_G3,micp_comparison/results/lin2025_standard_full_2026-09-04/rg3.csv
all_cases,True,True,True,0.3060839299996587,42,DEU_LocationALower-12_217_T-1,scenarios/experiment_scenarios/highd/DEU_LocationALower-12_217_T-1.xml,14,R_G3,0,standard,21,True,True,True,0.0016835999995237216,0.8533959760006837,0.009974597000109497,0.865054173000317,0.04520452299948374,0.009307861328125,1472,357,2292,2,0.0,0.010000000000352997,inf,,,,,,,6,,legacy_full_scene,R_G3,micp_comparison/results/lin2025_standard_full_2026-09-04/rg3.csv
all_cases,True,True,True,0.40263979099836433,42,DEU_LocationALower-12_52_T-1,scenarios/experiment_scenarios/highd/DEU_LocationALower-12_52_T-1.xml,26,R_G3,0,standard,21,True,True,True,0.0019071599999733735,0.8380268679993605,0.010673944998416118,0.85060797299775,0.18594036099966615,0.009664058685302734,1472,357,2292,2,1.0612958438075086e-12,0.010000000000153546,inf,,,,,,,14,,legacy_full_scene,R_G3,micp_comparison/results/lin2025_standard_full_2026-09-04/rg3.csv
all_cases,True,True,True,0.24690953200115473,42,DEU_LocationALower-13_162_T-1,scenarios/experiment_scenarios/highd/DEU_LocationALower-13_162_T-1.xml,21,R_G3,0,standard,21,True,True,True,0.0020334079999884125,0.8255056329999206,0.010456612999405479,0.8379956539993145,0.05690450100155431,0.009560108184814453,1472,357,2292,2,0.0,0.010000000000064511,inf,,,,,,,10,,legacy_full_scene,R_G3,micp_comparison/results/lin2025_standard_full_2026-09-04/rg3.csv
all_cases,True,True,True,0.25734734399884474,42,DEU_LocationALower-13_167_T-1,scenarios/experiment_scenarios/highd/DEU_LocationALower-13_167_T-1.xml,17,R_G3,0,standard,21,True,True,True,0.002594309000414796,0.8086893449999479,0.009789661000468186,0.8210733150008309,0.05394439399969997,0.009034156799316406,1472,357,2292,2,7.094757826948041e-13,0.01000000000018627,inf,,,,,,,2,,legacy_full_scene,R_G3,micp_comparison/results/lin2025_standard_full_2026-09-04/rg3.csv
all_cases,True,True,True,0.2467550700002903,42,DEU_LocationALower-13_168_T-1,scenarios/experiment_scenarios/highd/DEU_LocationALower-13_168_T-1.xml,12,R_G3,0,standard,21,True,True,True,0.0019382889986445662,0.7824333230000775,0.009818975000598584,0.7941905869993207,0.05832151799950225,0.008897066116333008,1472,357,2292,2,5.805984486202675e-13,0.010000000000238218,inf,,,,,,,6,,legacy_full_scene,R_G3,micp_comparison/results/lin2025_standard_full_2026-09-04/rg3.csv
all_cases,True,True,True,0.2633922100012569,42,DEU_LocationALower-13_214_T-1,scenarios/experiment_scenarios/highd/DEU_LocationALower-13_214_T-1.xml,21,R_G3,0,standard,21,True,True,True,0.002401372999884188,0.8398299510008655,0.009896677000142517,0.8521280010008923,0.0638240729986137,0.009093999862670898,1472,357,2292,2,0.0,0.010000000006772498,inf,,,,,,,14,,legacy_full_scene,R_G3,micp_comparison/results/lin2025_standard_full_2026-09-04/rg3.csv
all_cases,True,True,True,0.29689022000275145,42,DEU_LocationALower-13_239_T-1,scenarios/experiment_scenarios/highd/DEU_LocationALower-13_239_T-1.xml,18,R_G3,0,standard,21,True,True,True,0.0019263289996160893,0.8367182429992681,0.010224186999039375,0.8488687589979236,0.0637018449997413,0.00940394401550293,1472,357,2292,2,0.0,0.010000000000061486,inf,,,,,,,12,,legacy_full_scene,R_G3,micp_comparison/results/lin2025_standard_full_2026-09-04/rg3.csv
all_cases,True,True,True,0.22525039700121852,42,DEU_LocationALower-13_241_T-1,scenarios/experiment_scenarios/highd/DEU_LocationALower-13_241_T-1.xml,20,R_G3,0,standard,21,True,True,True,0.0026574789990263525,0.835337268999865,0.010808132999954978,0.8488028809988464,0.06833985900084372,0.010046005249023438,1472,357,2292,2,6.359887580857395e-13,0.010000000000005796,inf,,,,,,,20,,legacy_full_scene,R_G3,micp_comparison/results/lin2025_standard_full_2026-09-04/rg3.csv
all_cases,True,True,True,0.25025851700047497,42,DEU_LocationALower-13_247_T-1,scenarios/experiment_scenarios/highd/DEU_LocationALower-13_247_T-1.xml,15,R_G3,0,standard,21,True,True,True,0.0021642239989887457,0.828330072999961,0.01016629900004773,0.8406605959989975,0.06648948499969265,0.009454965591430664,1472,357,2292,2,0.0,0.010000000002286326,inf,,,,,,,6,,legacy_full_scene,R_G3,micp_comparison/results/lin2025_standard_full_2026-09-04/rg3.csv
all_cases,True,True,True,0.39275512399945,42,DEU_LocationALower-13_29_T-1,scenarios/experiment_scenarios/highd/DEU_LocationALower-13_29_T-1.xml,18,R_G3,0,standard,21,True,True,True,0.0019089350007561734,0.8333570890008559,0.0100714890013478,0.8453375130029599,0.07224416700046277,0.009300947189331055,1472,357,2292,2,0.0,0.010000000000049782,inf,,,,,,,15,,legacy_full_scene,R_G3,micp_comparison/results/lin2025_standard_full_2026-09-04/rg3.csv
all_cases,True,True,True,0.39781461500024307,42,DEU_LocationALower-13_56_T-1,scenarios/experiment_scenarios/highd/DEU_LocationALower-13_56_T-1.xml,10,R_G3,0,standard,21,True,True,True,0.0026115929995285114,0.842656230999637,0.009330467000836506,0.8545982910000021,0.07339522800066334,0.008645057678222656,1472,357,2292,2,3.9207846959485327e-13,0.010000000025923012,inf,,,,,,,1,,legacy_full_scene,R_G3,micp_comparison/results/lin2025_standard_full_2026-09-04/rg3.csv
all_cases,True,True,True,0.22419603200069105,42,DEU_LocationALower-13_82_T-1,scenarios/experiment_scenarios/highd/DEU_LocationALower-13_82_T-1.xml,17,R_G3,0,standard,21,True,True,True,0.001972279000256094,0.8870279460006714,0.010456440999405459,0.8994566660003329,0.07897437899919169,0.009641170501708984,1472,357,2292,2,9.058869436677837e-13,0.010000000001873613,inf,,,,,,,13,,legacy_full_scene,R_G3,micp_comparison/results/lin2025_standard_full_2026-09-04/rg3.csv
all_cases,True,True,True,0.42395835199931753,42,DEU_LocationALower-14_14_T-1,scenarios/experiment_scenarios/highd/DEU_LocationALower-14_14_T-1.xml,13,R_G3,0,standard,21,True,True,True,0.0019957200001954334,0.8849283540002943,0.01100527400012652,0.8979293480006163,0.07907465499920363,0.010069131851196289,1472,357,2292,2,6.816966230336113e-13,0.01000000000231255,inf,,,,,,,1,,legacy_full_scene,R_G3,micp_comparison/results/lin2025_standard_full_2026-09-04/rg3.csv
all_cases,True,True,True,0.38116009300028963,42,DEU_LocationALower-14_161_T-1,scenarios/experiment_scenarios/highd/DEU_LocationALower-14_161_T-1.xml,21,R_G3,0,standard,21,True,True,True,0.0020091290007258067,0.8975278930010973,0.010356574999605073,0.9098935970014281,0.07810046000122384,0.009541034698486328,1472,357,2292,2,7.577452347524577e-13,0.010000000000055588,inf,,,,,,,6,,legacy_full_scene,R_G3,micp_comparison/results/lin2025_standard_full_2026-09-04/rg3.csv
all_cases,True,True,True,0.45376902899988636,42,DEU_LocationALower-14_219_T-1,scenarios/experiment_scenarios/highd/DEU_LocationALower-14_219_T-1.xml,12,R_G3,0,standard,21,True,True,True,0.0041624639998190105,0.9050533829995402,0.010274876000039512,0.9194907229993987,0.08253297300143458,0.009505987167358398,1472,357,2292,2,0.0,0.010000000000148845,inf,,,,,,,9,,legacy_full_scene,R_G3,micp_comparison/results/lin2025_standard_full_2026-09-04/rg3.csv
all_cases,True,True,True,0.38458564300162834,42,DEU_LocationALower-14_247_T-1,scenarios/experiment_scenarios/highd/DEU_LocationALower-14_247_T-1.xml,16,R_G3,0,standard,21,True,True,True,0.002039778000835213,0.8616345430000365,0.010902818999966257,0.874577140000838,0.11664199299957545,0.010052919387817383,1472,357,2292,2,0.0,0.010000000004787036,inf,,,,,,,19,,legacy_full_scene,R_G3,micp_comparison/results/lin2025_standard_full_2026-09-04/rg3.csv
all_cases,True,True,True,0.2452496030000475,42,DEU_LocationALower-14_252_T-1,scenarios/experiment_scenarios/highd/DEU_LocationALower-14_252_T-1.xml,12,R_G3,0,standard,21,True,True,True,0.0018928500012407312,0.8764951299999666,0.010396383999250247,0.8887843640004576,0.08475701799943636,0.009701967239379883,1472,357,2292,2,0.0,0.010000000001743312,inf,,,,,,,9,,legacy_full_scene,R_G3,micp_comparison/results/lin2025_standard_full_2026-09-04/rg3.csv
all_cases,True,True,True,0.4244640430006257,42,DEU_LocationALower-14_255_T-1,scenarios/experiment_scenarios/highd/DEU_LocationALower-14_255_T-1.xml,11,R_G3,0,standard,21,True,True,True,0.00207395799952792,0.8621035729993309,0.009904255999572342,0.8740817869984312,0.09032029500122007,0.009086132049560547,1472,357,2292,2,6.41665592314214e-13,0.010000000000957477,inf,,,,,,,3,,legacy_full_scene,R_G3,micp_comparison/results/lin2025_standard_full_2026-09-04/rg3.csv
all_cases,True,True,True,0.24511132899897348,42,DEU_LocationALower-14_39_T-1,scenarios/experiment_scenarios/highd/DEU_LocationALower-14_39_T-1.xml,15,R_G3,0,standard,21,True,True,True,0.001806115998988389,0.8558405069998116,0.010429175999888685,0.8680757989986887,0.0937466300001688,0.009674072265625,1472,357,2292,2,0.0,0.010000000000276274,inf,,,,,,,9,,legacy_full_scene,R_G3,micp_comparison/results/lin2025_standard_full_2026-09-04/rg3.csv
all_cases,True,True,True,0.26784742699965136,42,DEU_LocationALower-14_96_T-1,scenarios/experiment_scenarios/highd/DEU_LocationALower-14_96_T-1.xml,15,R_G3,0,standard,21,True,True,True,0.001930361999257002,0.8681030379993899,0.010300656000254094,0.880334055998901,0.09026390700091724,0.009551048278808594,1472,357,2292,2,2.2938141999236436e-12,0.010000000001132483,inf,,,,,,,16,,legacy_full_scene,R_G3,micp_comparison/results/lin2025_standard_full_2026-09-04/rg3.csv
all_cases,True,True,True,0.23425184499865281,42,DEU_LocationALower-25_155_T-1,scenarios/experiment_scenarios/highd/DEU_LocationALower-25_155_T-1.xml,15,R_G3,0,standard,21,True,True,True,0.001916805000291788,0.8330676460009272,0.010509941001146217,0.8454943920023652,0.34429855400048837,0.009469985961914062,1472,357,2292,2,8.238316637862139e-13,0.010000000003858296,inf,,,,,,,8,,legacy_full_scene,R_G3,micp_comparison/results/lin2025_standard_full_2026-09-04/rg3.csv
all_cases,True,True,True,0.37464387900035945,42,DEU_LocationALower-27_140_T-1,scenarios/experiment_scenarios/highd/DEU_LocationALower-27_140_T-1.xml,14,R_G3,0,standard,21,True,True,True,0.001733607001369819,0.8543831730003149,0.009780561998923076,0.8658973420006078,0.09931991299890797,0.008914947509765625,1472,357,2292,2,0.0,0.010000000000040862,inf,,,,,,,13,,legacy_full_scene,R_G3,micp_comparison/results/lin2025_standard_full_2026-09-04/rg3.csv
all_cases,True,True,True,0.3571749010006897,42,DEU_LocationALower-27_184_T-1,scenarios/experiment_scenarios/highd/DEU_LocationALower-27_184_T-1.xml,13,R_G3,0,standard,21,True,True,True,0.001956920999873546,0.8341896929996437,0.01036372599992319,0.8465103399994405,0.10218447999977798,0.009375810623168945,1472,357,2292,2,0.0,0.010000000000262015,inf,,,,,,,16,,legacy_full_scene,R_G3,micp_comparison/results/lin2025_standard_full_2026-09-04/rg3.csv
all_cases,True,True,True,0.32196664799812424,42,DEU_LocationALower-28_109_T-1,scenarios/experiment_scenarios/highd/DEU_LocationALower-28_109_T-1.xml,13,R_G3,0,standard,21,True,True,True,0.002817927999785752,0.8260662379998394,0.010859074000109104,0.8397432399997342,0.1022462250002718,0.010116100311279297,1472,357,2292,2,0.0,0.01000000000005523,inf,,,,,,,4,,legacy_full_scene,R_G3,micp_comparison/results/lin2025_standard_full_2026-09-04/rg3.csv
all_cases,True,True,True,0.3094081199997163,42,DEU_LocationALower-28_109_T-1,scenarios/experiment_scenarios/highd/DEU_LocationALower-28_109_T-1.xml,18,R_G3,0,standard,21,True,True,True,0.003412750998904812,0.859605002000535,0.010056409000753774,0.8730741620001936,0.10787812499984284,0.009165048599243164,1472,357,2292,2,1.9713795532023895e-12,0.010000000045650059,inf,,,,,,,8,,legacy_full_scene,R_G3,micp_comparison/results/lin2025_standard_full_2026-09-04/rg3.csv
all_cases,True,True,True,0.3807512179992045,42,DEU_LocationALower-28_204_T-1,scenarios/experiment_scenarios/highd/DEU_LocationALower-28_204_T-1.xml,12,R_G3,0,standard,21,True,True,True,0.002201769999373937,0.8197524999995949,0.010162444999878062,0.8321167149988469,0.10465324799952214,0.009339094161987305,1472,357,2292,2,8.57689514257144e-13,0.010000000000405544,inf,,,,,,,18,,legacy_full_scene,R_G3,micp_comparison/results/lin2025_standard_full_2026-09-04/rg3.csv
all_cases,True,True,True,0.3721151350000582,42,DEU_LocationALower-28_228_T-1,scenarios/experiment_scenarios/highd/DEU_LocationALower-28_228_T-1.xml,11,R_G3,0,standard,21,True,True,True,0.00184363799962739,0.8143671569996513,0.009663531998739927,0.8258743269980187,0.10542637800062948,0.0089111328125,1472,357,2292,2,3.775673436771435e-13,0.010000000000258363,inf,,,,,,,16,,legacy_full_scene,R_G3,micp_comparison/results/lin2025_standard_full_2026-09-04/rg3.csv
all_cases,True,True,True,0.24668206699971051,42,DEU_LocationALower-28_252_T-1,scenarios/experiment_scenarios/highd/DEU_LocationALower-28_252_T-1.xml,12,R_G3,0,standard,21,True,True,True,0.0018674530001590028,0.8436032480003632,0.009687323001344339,0.8551580240018666,0.1142132919994765,0.008987903594970703,1472,357,2292,2,0.0,0.010000000000058967,inf,,,,,,,3,,legacy_full_scene,R_G3,micp_comparison/results/lin2025_standard_full_2026-09-04/rg3.csv
all_cases,True,True,True,0.36410668899770826,42,DEU_LocationALower-28_252_T-1,scenarios/experiment_scenarios/highd/DEU_LocationALower-28_252_T-1.xml,18,R_G3,0,standard,21,True,True,True,0.0019219189998693764,0.8599050940010784,0.010915332999502425,0.8727423460004502,0.11680101300044043,0.010048866271972656,1472,357,2292,2,4.889506648801225e-12,0.010000000184590222,inf,,,,,,,5,,legacy_full_scene,R_G3,micp_comparison/results/lin2025_standard_full_2026-09-04/rg3.csv
all_cases,True,True,True,0.24639573300191842,42,DEU_LocationALower-29_123_T-1,scenarios/experiment_scenarios/highd/DEU_LocationALower-29_123_T-1.xml,16,R_G3,0,standard,21,True,True,True,0.0018281680004292866,0.8476575869990484,0.010207572999206604,0.8596933279986843,0.11106251599994721,0.009413003921508789,1472,357,2292,2,1.2295410888051133e-12,0.010000000006058076,inf,,,,,,,15,,legacy_full_scene,R_G3,micp_comparison/results/lin2025_standard_full_2026-09-04/rg3.csv
all_cases,True,True,True,0.15280136200090055,30,DEU_LocationALower-29_134_T-1,scenarios/experiment_scenarios/highd/DEU_LocationALower-29_134_T-1.xml,9,R_G3,0,standard,15,True,True,True,0.0014669569991383469,0.6128077539997321,0.005495244999110582,0.619769955997981,0.1147730060001777,0.004823923110961914,1052,255,1638,2,2.922809505022792e-13,0.010000000250727331,inf,,,,,,,11,,legacy_full_scene,R_G3,micp_comparison/results/lin2025_standard_full_2026-09-04/rg3.csv
all_cases,True,True,True,0.23364699800185917,42,DEU_LocationALower-29_192_T-1,scenarios/experiment_scenarios/highd/DEU_LocationALower-29_192_T-1.xml,9,R_G3,0,standard,21,True,True,True,0.0022858110005472554,0.8811489580002672,0.009688834999906248,0.8931236040007207,0.11990907000108564,0.008877992630004883,1472,357,2292,2,0.0,0.010000000000466445,inf,,,,,,,8,,legacy_full_scene,R_G3,micp_comparison/results/lin2025_standard_full_2026-09-04/rg3.csv
all_cases,True,True,True,0.40139452899893513,42,DEU_LocationALower-29_245_T-1,scenarios/experiment_scenarios/highd/DEU_LocationALower-29_245_T-1.xml,12,R_G3,0,standard,21,True,True,True,0.0020382920010888483,0.8316454760006309,0.010472570998899755,0.8441563390006195,0.11986658600108058,0.009567975997924805,1472,357,2292,2,2.8415918746881196e-13,0.010000000000076687,inf,,,,,,,8,,legacy_full_scene,R_G3,micp_comparison/results/lin2025_standard_full_2026-09-04/rg3.csv
all_cases,True,True,True,0.22080169900073088,42,DEU_LocationALower-29_249_T-1,scenarios/experiment_scenarios/highd/DEU_LocationALower-29_249_T-1.xml,23,R_G3,0,standard,21,True,True,True,0.0018359639998379862,0.8500359580011718,0.010903697000685497,0.8627756190016953,0.1324468490001891,0.010016918182373047,1472,357,2292,2,3.1046751592328156e-12,0.010000000002355519,inf,,,,,,,3,,legacy_full_scene,R_G3,micp_comparison/results/lin2025_standard_full_2026-09-04/rg3.csv
all_cases,True,True,True,0.19614559799993003,42,DEU_LocationALower-29_250_T-1,scenarios/experiment_scenarios/highd/DEU_LocationALower-29_250_T-1.xml,12,R_G3,0,standard,21,True,True,True,0.0016912720002437709,0.8601848549988063,0.010171855999942636,0.8720479829989927,0.12616710200018133,0.009428024291992188,1472,357,2292,2,3.3941402465742734e-13,0.01000000000028864,inf,,,,,,,14,,legacy_full_scene,R_G3,micp_comparison/results/lin2025_standard_full_2026-09-04/rg3.csv
all_cases,True,True,True,0.23915059800128802,42,DEU_LocationALower-29_65_T-1,scenarios/experiment_scenarios/highd/DEU_LocationALower-29_65_T-1.xml,8,R_G3,0,standard,21,True,True,True,0.00202196999998705,0.8723717819993908,0.009941924001395819,0.8843356760007737,0.13790470399908372,0.009074926376342773,1472,357,2292,2,1.2041437890088973e-12,0.010000000000981035,inf,,,,,,,2,,legacy_full_scene,R_G3,micp_comparison/results/lin2025_standard_full_2026-09-04/rg3.csv
all_cases,True,True,True,0.36547328000051493,42,DEU_LocationALower-29_70_T-1,scenarios/experiment_scenarios/highd/DEU_LocationALower-29_70_T-1.xml,11,R_G3,0,standard,21,True,True,True,0.0017393519992765505,0.8324959559995477,0.009979925998777617,0.8442152339976019,0.13002854300066247,0.009134054183959961,1472,357,2292,2,3.6316243790516157e-13,0.010000000000104833,inf,,,,,,,2,,legacy_full_scene,R_G3,micp_comparison/results/lin2025_standard_full_2026-09-04/rg3.csv
all_cases,True,True,True,0.36607584100056556,42,DEU_LocationALower-30_218_T-1,scenarios/experiment_scenarios/highd/DEU_LocationALower-30_218_T-1.xml,16,R_G3,0,standard,21,True,True,True,0.003276570998423267,0.8471411509999598,0.009634468000513152,0.8600521899988962,0.1339046060002147,0.008892059326171875,1472,357,2292,2,0.0,0.010000000001771477,inf,,,,,,,5,,legacy_full_scene,R_G3,micp_comparison/results/lin2025_standard_full_2026-09-04/rg3.csv
all_cases,True,True,True,0.33119774000260804,42,DEU_LocationALower-30_258_T-1,scenarios/experiment_scenarios/highd/DEU_LocationALower-30_258_T-1.xml,22,R_G3,0,standard,21,True,True,True,0.001943228000527597,0.8403022189995681,0.010994168000252103,0.8532396150003478,0.141091540999696,0.0102081298828125,1472,357,2292,2,4.313658000229671e-13,0.010000000000262257,inf,,,,,,,2,,legacy_full_scene,R_G3,micp_comparison/results/lin2025_standard_full_2026-09-04/rg3.csv
all_cases,True,True,True,0.2580309440018027,42,DEU_LocationALower-30_46_T-1,scenarios/experiment_scenarios/highd/DEU_LocationALower-30_46_T-1.xml,16,R_G3,0,standard,21,True,True,True,0.0017749990001902916,0.8491429459991195,0.010897652000494418,0.8618155969998043,0.14630568400025368,0.010133981704711914,1472,357,2292,2,1.5458532682933936e-13,0.01000000000004493,inf,,,,,,,5,,legacy_full_scene,R_G3,micp_comparison/results/lin2025_standard_full_2026-09-04/rg3.csv
all_cases,True,True,True,0.2986471550011629,32,DEU_LocationALower-31_154_T-1,scenarios/experiment_scenarios/highd/DEU_LocationALower-31_154_T-1.xml,9,R_G3,0,standard,16,True,True,True,0.001657390999753261,0.6689143179992243,0.006752784000127576,0.6773244929991051,0.1404788549989462,0.006089925765991211,1122,272,1747,2,0.0,0.010000000000621146,inf,,,,,,,11,,legacy_full_scene,R_G3,micp_comparison/results/lin2025_standard_full_2026-09-04/rg3.csv
all_cases,True,True,True,0.41672991199993703,42,DEU_LocationALower-31_239_T-1,scenarios/experiment_scenarios/highd/DEU_LocationALower-31_239_T-1.xml,16,R_G3,0,standard,21,True,True,True,0.0017812009991757805,0.8550615439999092,0.00956674299959559,0.8664094879986806,0.13929470800030685,0.008678913116455078,1472,357,2292,2,0.0,0.010000000009018257,inf,,,,,,,4,,legacy_full_scene,R_G3,micp_comparison/results/lin2025_standard_full_2026-09-04/rg3.csv
all_cases,True,True,True,0.2223714949996065,42,DEU_LocationALower-31_24_T-1,scenarios/experiment_scenarios/highd/DEU_LocationALower-31_24_T-1.xml,13,R_G3,0,standard,21,True,True,True,0.001757803000145941,0.8912679370005208,0.010920489999989513,0.9039462300006562,0.14070173899926885,0.010125875473022461,1472,357,2292,2,1.472893558384696e-13,0.010000000000167557,inf,,,,,,,16,,legacy_full_scene,R_G3,micp_comparison/results/lin2025_standard_full_2026-09-04/rg3.csv
all_cases,True,True,True,0.40914820399848395,42,DEU_LocationALower-31_258_T-1,scenarios/experiment_scenarios/highd/DEU_LocationALower-31_258_T-1.xml,12,R_G3,0,standard,21,True,True,True,0.0021395889998530038,0.8538097210002888,0.011336918998495094,0.8672862289986369,0.14782020900020143,0.010265111923217773,1472,357,2292,2,5.669515648065341e-13,0.010000000000033357,inf,,,,,,,5,,legacy_full_scene,R_G3,micp_comparison/results/lin2025_standard_full_2026-09-04/rg3.csv
all_cases,True,True,True,0.3793746240025939,42,DEU_LocationALower-31_31_T-1,scenarios/experiment_scenarios/highd/DEU_LocationALower-31_31_T-1.xml,15,R_G3,0,standard,21,True,True,True,0.0018831079996743938,0.9146120269997482,0.011062306999519933,0.9275574419989425,0.15433248500085028,0.010132074356079102,1472,357,2292,2,0.0,0.010000000000228562,inf,,,,,,,3,,legacy_full_scene,R_G3,micp_comparison/results/lin2025_standard_full_2026-09-04/rg3.csv
all_cases,True,True,True,0.2512480860004871,42,DEU_LocationALower-31_47_T-1,scenarios/experiment_scenarios/highd/DEU_LocationALower-31_47_T-1.xml,13,R_G3,0,standard,21,True,True,True,0.0021346970006561605,0.877691446999961,0.010303511000529397,0.8901296550011466,0.17062389700004132,0.00948786735534668,1472,357,2292,2,0.0,0.010000000000406548,inf,,,,,,,10,,legacy_full_scene,R_G3,micp_comparison/results/lin2025_standard_full_2026-09-04/rg3.csv
all_cases,True,True,True,0.3764331989987113,42,DEU_LocationALower-32_117_T-1,scenarios/experiment_scenarios/highd/DEU_LocationALower-32_117_T-1.xml,17,R_G3,0,standard,21,True,True,True,0.001803756998924655,0.8679235939998762,0.011625684001046466,0.8813530349998473,0.1629155400005402,0.010648012161254883,1472,357,2292,2,2.6166126201161887e-12,0.01000000000002187,inf,,,,,,,9,,legacy_full_scene,R_G3,micp_comparison/results/lin2025_standard_full_2026-09-04/rg3.csv
all_cases,True,True,True,0.25972245699813357,42,DEU_LocationALower-32_136_T-1,scenarios/experiment_scenarios/highd/DEU_LocationALower-32_136_T-1.xml,16,R_G3,0,standard,21,True,True,True,0.002043772999968496,0.8948193579999497,0.010740011000962113,0.9076031420008803,0.16823269000087748,0.009902000427246094,1472,357,2292,2,0.0,0.010000000000255464,inf,,,,,,,16,,legacy_full_scene,R_G3,micp_comparison/results/lin2025_standard_full_2026-09-04/rg3.csv
all_cases,True,True,True,0.27383844400173984,42,DEU_LocationALower-32_186_T-1,scenarios/experiment_scenarios/highd/DEU_LocationALower-32_186_T-1.xml,12,R_G3,0,standard,21,True,True,True,0.002075345999401179,0.8769398229997023,0.010653819999788539,0.889668988998892,0.16883246900033555,0.009759902954101562,1472,357,2292,2,8.437645901474374e-14,0.010000000005354281,inf,,,,,,,2,,legacy_full_scene,R_G3,micp_comparison/results/lin2025_standard_full_2026-09-04/rg3.csv
all_cases,True,True,True,0.23535501600053976,42,DEU_LocationALower-32_70_T-1,scenarios/experiment_scenarios/highd/DEU_LocationALower-32_70_T-1.xml,14,R_G3,0,standard,21,True,True,True,0.0028071239994460484,0.8657105719994433,0.010147259999939706,0.8786649559988291,0.16544614899976295,0.00940394401550293,1472,357,2292,2,0.0,0.010000000000809908,inf,,,,,,,2,,legacy_full_scene,R_G3,micp_comparison/results/lin2025_standard_full_2026-09-04/rg3.csv
all_cases,True,True,True,0.2064154609979596,42,DEU_LocationALower-32_84_T-1,scenarios/experiment_scenarios/highd/DEU_LocationALower-32_84_T-1.xml,13,R_G3,0,standard,21,True,True,True,0.002013799001360894,0.8459284889995615,0.010715165999499732,0.8586574540004221,0.1720853580009134,0.009917020797729492,1472,357,2292,2,2.412595428222357e-13,0.010000000000006101,inf,,,,,,,10,,legacy_full_scene,R_G3,micp_comparison/results/lin2025_standard_full_2026-09-04/rg3.csv
all_cases,True,True,True,0.247573452999859,42,DEU_LocationALower-33_120_T-1,scenarios/experiment_scenarios/highd/DEU_LocationALower-33_120_T-1.xml,9,R_G3,0,standard,21,True,True,True,0.003261266998379142,0.8535165960001905,0.009828714000832406,0.866606576999402,0.16876498999954492,0.009121894836425781,1472,357,2292,2,0.0,0.010000000000098274,inf,,,,,,,16,,legacy_full_scene,R_G3,micp_comparison/results/lin2025_standard_full_2026-09-04/rg3.csv
all_cases,True,True,True,0.23485397399781505,42,DEU_LocationALower-33_124_T-1,scenarios/experiment_scenarios/highd/DEU_LocationALower-33_124_T-1.xml,21,R_G3,0,standard,21,True,True,True,0.0028566029995999997,0.8587544740003068,0.010940657999526593,0.8725517349994334,0.1751931960006914,0.01012110710144043,1472,357,2292,2,0.0,0.010000000000227263,inf,,,,,,,9,,legacy_full_scene,R_G3,micp_comparison/results/lin2025_standard_full_2026-09-04/rg3.csv
all_cases,True,True,True,0.22372369000004255,42,DEU_LocationALower-33_128_T-1,scenarios/experiment_scenarios/highd/DEU_LocationALower-33_128_T-1.xml,6,R_G3,0,standard,21,True,True,True,0.002145571001165081,0.8795926619986858,0.011967337999521988,0.8937055709993729,0.1848898640000698,0.011134147644042969,1472,357,2292,2,0.0,0.010000000000200154,inf,,,,,,,8,,legacy_full_scene,R_G3,micp_comparison/results/lin2025_standard_full_2026-09-04/rg3.csv
all_cases,True,True,True,0.29959895399952075,32,DEU_LocationALower-33_142_T-1,scenarios/experiment_scenarios/highd/DEU_LocationALower-33_142_T-1.xml,10,R_G3,0,standard,16,True,True,True,0.0017118140003731241,0.6835630730001867,0.0071040460006770445,0.6923789330012369,0.18162164999921515,0.0064258575439453125,1122,272,1747,2,0.0,0.010000000000601986,inf,,,,,,,8,,legacy_full_scene,R_G3,micp_comparison/results/lin2025_standard_full_2026-09-04/rg3.csv
all_cases,True,True,True,0.365411453998604,42,DEU_LocationALower-33_16_T-1,scenarios/experiment_scenarios/highd/DEU_LocationALower-33_16_T-1.xml,12,R_G3,0,standard,21,True,True,True,0.0020304700010456145,0.8463917619992571,0.010030756999185542,0.8584529889994883,0.18392080400008126,0.009068965911865234,1472,357,2292,2,0.0,0.010000000001274236,inf,,,,,,,12,,legacy_full_scene,R_G3,micp_comparison/results/lin2025_standard_full_2026-09-04/rg3.csv
all_cases,True,True,True,0.35711808199994266,42,DEU_LocationALower-33_183_T-1,scenarios/experiment_scenarios/highd/DEU_LocationALower-33_183_T-1.xml,25,R_G3,0,standard,21,True,True,True,0.001758685999448062,0.8727651299996069,0.01128861300094286,0.8858124289999978,0.1835872379997454,0.010370016098022461,1472,357,2292,2,0.0,0.010000000002200077,inf,,,,,,,19,,legacy_full_scene,R_G3,micp_comparison/results/lin2025_standard_full_2026-09-04/rg3.csv
all_cases,True,True,True,0.3440309920006257,36,DEU_LocationALower-33_219_T-1,scenarios/experiment_scenarios/highd/DEU_LocationALower-33_219_T-1.xml,8,R_G3,0,standard,18,True,True,True,0.003323542001453461,0.7176697089998925,0.00878865500089887,0.7297819060022448,0.1810185440008354,0.007761955261230469,1262,306,1965,2,2.930817162078888e-13,0.010000000000906062,inf,,,,,,,15,,legacy_full_scene,R_G3,micp_comparison/results/lin2025_standard_full_2026-09-04/rg3.csv
all_cases,True,True,True,0.3721715009996842,42,DEU_LocationALower-33_228_T-1,scenarios/experiment_scenarios/highd/DEU_LocationALower-33_228_T-1.xml,14,R_G3,0,standard,21,True,True,True,0.001917726998726721,0.8622784290000709,0.010259451000820263,0.8744556069996179,0.18911382099940965,0.009325027465820312,1472,357,2292,2,6.277457775409718e-13,0.010000000004495973,inf,,,,,,,18,,legacy_full_scene,R_G3,micp_comparison/results/lin2025_standard_full_2026-09-04/rg3.csv
all_cases,True,True,True,0.36264599000060116,42,DEU_LocationALower-33_233_T-1,scenarios/experiment_scenarios/highd/DEU_LocationALower-33_233_T-1.xml,14,R_G3,0,standard,21,True,True,True,0.0016852930002642097,0.8563111710009252,0.01082052499987185,0.8688169890010613,0.19106001000000106,0.009965896606445312,1472,357,2292,2,0.0,0.010000000019819447,inf,,,,,,,20,,legacy_full_scene,R_G3,micp_comparison/results/lin2025_standard_full_2026-09-04/rg3.csv
all_cases,True,True,True,0.3468313620014669,42,DEU_LocationALower-33_261_T-1,scenarios/experiment_scenarios/highd/DEU_LocationALower-33_261_T-1.xml,13,R_G3,0,standard,21,True,True,True,0.0018747149988485035,0.8756338760013023,0.01009976400018786,0.8876083550003386,0.18118988999958674,0.009096860885620117,1472,357,2292,2,7.317013624289644e-14,0.010000000000098517,inf,,,,,,,13,,legacy_full_scene,R_G3,micp_comparison/results/lin2025_standard_full_2026-09-04/rg3.csv
all_cases,True,True,True,0.25814196500141406,42,DEU_LocationALower-33_265_T-1,scenarios/experiment_scenarios/highd/DEU_LocationALower-33_265_T-1.xml,22,R_G3,0,standard,21,True,True,True,0.0025641749998612795,0.8272991769990767,0.010012001001086901,0.8398753530000249,0.18886535099954926,0.009299039840698242,1472,357,2292,2,0.0,0.010000000016427747,inf,,,,,,,11,,legacy_full_scene,R_G3,micp_comparison/results/lin2025_standard_full_2026-09-04/rg3.csv
all_cases,True,True,True,0.35613878199910687,42,DEU_LocationALower-33_46_T-1,scenarios/experiment_scenarios/highd/DEU_LocationALower-33_46_T-1.xml,17,R_G3,0,standard,21,True,True,True,0.0033680409997032257,0.8405699729992193,0.011098816999947303,0.8550368309988698,0.19490123899959144,0.010357141494750977,1472,357,2292,2,0.0,0.010000000000081154,inf,,,,,,,14,,legacy_full_scene,R_G3,micp_comparison/results/lin2025_standard_full_2026-09-04/rg3.csv
all_cases,True,True,True,0.429560937000133,42,DEU_LocationALower-33_96_T-1,scenarios/experiment_scenarios/highd/DEU_LocationALower-33_96_T-1.xml,9,R_G3,0,standard,21,True,True,True,0.002570692000517738,0.8652584930005105,0.010071257998788496,0.8779004429998167,0.18751790199894458,0.009320974349975586,1472,357,2292,2,0.0,0.010000000000067101,inf,,,,,,,19,,legacy_full_scene,R_G3,micp_comparison/results/lin2025_standard_full_2026-09-04/rg3.csv
all_cases,True,True,True,0.24278573999799846,42,DEU_LocationALower-34_120_T-1,scenarios/experiment_scenarios/highd/DEU_LocationALower-34_120_T-1.xml,17,R_G3,0,standard,21,True,True,True,0.0029955770005472004,0.8751254040016647,0.010835679999217973,0.8889566610014299,0.19550281000010727,0.010104179382324219,1472,357,2292,2,0.0,0.010000000011913856,inf,,,,,,,15,,legacy_full_scene,R_G3,micp_comparison/results/lin2025_standard_full_2026-09-04/rg3.csv
all_cases,True,True,True,0.20445842899971467,42,DEU_LocationALower-34_146_T-1,scenarios/experiment_scenarios/highd/DEU_LocationALower-34_146_T-1.xml,14,R_G3,0,standard,21,True,True,True,0.003463414999714587,0.8353276630004984,0.01031996399979107,0.8491110420000041,0.19431059499947878,0.00954294204711914,1472,357,2292,2,2.795340564475826e-12,0.010000000000334203,inf,,,,,,,4,,legacy_full_scene,R_G3,micp_comparison/results/lin2025_standard_full_2026-09-04/rg3.csv
all_cases,True,True,True,0.20910319600079674,42,DEU_LocationALower-34_147_T-1,scenarios/experiment_scenarios/highd/DEU_LocationALower-34_147_T-1.xml,16,R_G3,0,standard,21,True,True,True,0.002271127999847522,0.8801213149999967,0.011013635999916005,0.8934060789997602,0.19810405800126318,0.010037899017333984,1472,357,2292,2,5.299812515589256e-12,0.01000000000034459,inf,,,,,,,16,,legacy_full_scene,R_G3,micp_comparison/results/lin2025_standard_full_2026-09-04/rg3.csv
all_cases,True,True,True,0.2332431569975597,42,DEU_LocationALower-34_163_T-1,scenarios/experiment_scenarios/highd/DEU_LocationALower-34_163_T-1.xml,15,R_G3,0,standard,21,True,True,True,0.002063171999907354,0.8814754260001791,0.010396920999482973,0.8939355189995695,0.20494341399898985,0.009443044662475586,1472,357,2292,2,1.2468128061689886e-12,0.010000000000130146,inf,,,,,,,10,,legacy_full_scene,R_G3,micp_comparison/results/lin2025_standard_full_2026-09-04/rg3.csv
all_cases,True,True,True,0.2526940169991576,42,DEU_LocationALower-34_179_T-1,scenarios/experiment_scenarios/highd/DEU_LocationALower-34_179_T-1.xml,15,R_G3,0,standard,21,True,True,True,0.003117475998806185,0.8523692990002019,0.010203927999100415,0.8656907029981085,0.20633875000021362,0.009422063827514648,1472,357,2292,2,1.2747193743266247e-13,0.010000000001321604,inf,,,,,,,12,,legacy_full_scene,R_G3,micp_comparison/results/lin2025_standard_full_2026-09-04/rg3.csv
all_cases,True,True,True,0.22279759899902274,40,DEU_LocationALower-34_37_T-1,scenarios/experiment_scenarios/highd/DEU_LocationALower-34_37_T-1.xml,9,R_G3,0,standard,20,True,True,True,0.0018598850001581013,0.8468034340003214,0.009407826999449753,0.8580711459999293,0.20247546400059946,0.00822591781616211,1402,340,2183,2,0.0,0.010000000000251903,inf,,,,,,,6,,legacy_full_scene,R_G3,micp_comparison/results/lin2025_standard_full_2026-09-04/rg3.csv
all_cases,True,True,True,0.21341646700057026,42,DEU_LocationALower-34_49_T-1,scenarios/experiment_scenarios/highd/DEU_LocationALower-34_49_T-1.xml,10,R_G3,0,standard,21,True,True,True,0.0021050489995104726,0.8540190339990659,0.01118004699856101,0.8673041299971374,0.21271534900006372,0.010313987731933594,1472,357,2292,2,0.0,0.010000000000456564,inf,,,,,,,3,,legacy_full_scene,R_G3,micp_comparison/results/lin2025_standard_full_2026-09-04/rg3.csv
all_cases,True,True,True,0.22027534500011825,42,DEU_LocationALower-34_96_T-1,scenarios/experiment_scenarios/highd/DEU_LocationALower-34_96_T-1.xml,14,R_G3,0,standard,21,True,True,True,0.0018691309996938799,0.8360819909994461,0.01053683799909777,0.8484879599982378,0.21367693200045323,0.009630918502807617,1472,357,2292,2,4.3292684088868427e-13,0.01000000000014133,inf,,,,,,,9,,legacy_full_scene,R_G3,micp_comparison/results/lin2025_standard_full_2026-09-04/rg3.csv
all_cases,True,True,True,0.25607753499934915,42,DEU_LocationALower-35_126_T-1,scenarios/experiment_scenarios/highd/DEU_LocationALower-35_126_T-1.xml,20,R_G3,0,standard,21,True,True,True,0.0020870080006716307,0.8839907490000769,0.010070869999253773,0.8961486270000023,0.21702057199945557,0.009118080139160156,1472,357,2292,2,2.5038432136653886e-12,0.010000000000635261,inf,,,,,,,2,,legacy_full_scene,R_G3,micp_comparison/results/lin2025_standard_full_2026-09-04/rg3.csv
all_cases,True,True,True,0.1828980269983731,42,DEU_LocationALower-35_263_T-1,scenarios/experiment_scenarios/highd/DEU_LocationALower-35_263_T-1.xml,12,R_G3,0,standard,21,True,True,True,0.0032984829995257314,0.8462516919989866,0.010484991000339505,0.8600351659988519,0.22805748300015694,0.009694099426269531,1472,357,2292,2,0.0,0.010000000000161508,inf,,,,,,,1,,legacy_full_scene,R_G3,micp_comparison/results/lin2025_standard_full_2026-09-04/rg3.csv
all_cases,True,True,True,0.22504059000129928,42,DEU_LocationALower-35_34_T-1,scenarios/experiment_scenarios/highd/DEU_LocationALower-35_34_T-1.xml,19,R_G3,0,standard,21,True,True,True,0.0020483469997998327,0.8545830829989427,0.010323557000447181,0.8669549869991897,0.22361914000066463,0.009335041046142578,1472,357,2292,2,0.0,0.01000000000001036,inf,,,,,,,14,,legacy_full_scene,R_G3,micp_comparison/results/lin2025_standard_full_2026-09-04/rg3.csv
all_cases,True,True,True,0.24423834800290933,42,DEU_LocationALower-36_113_T-1,scenarios/experiment_scenarios/highd/DEU_LocationALower-36_113_T-1.xml,14,R_G3,0,standard,21,True,True,True,0.0032587309997325065,0.909017230000245,0.01051183700110414,0.9227877980010817,0.2204224779998185,0.00966501235961914,1472,357,2292,2,9.422875529969105e-13,0.010000000000101641,inf,,,,,,,9,,legacy_full_scene,R_G3,micp_comparison/results/lin2025_standard_full_2026-09-04/rg3.csv
all_cases,True,True,True,0.20314796599996043,42,DEU_LocationALower-36_123_T-1,scenarios/experiment_scenarios/highd/DEU_LocationALower-36_123_T-1.xml,15,R_G3,0,standard,21,True,True,True,0.0019137950002914295,0.8480670100016141,0.010548860000199056,0.8605296650021046,0.22151317200041376,0.009709835052490234,1472,357,2292,2,0.0,0.010000000000414237,inf,,,,,,,19,,legacy_full_scene,R_G3,micp_comparison/results/lin2025_standard_full_2026-09-04/rg3.csv
all_cases,True,True,True,0.2292185949991108,42,DEU_LocationALower-36_199_T-1,scenarios/experiment_scenarios/highd/DEU_LocationALower-36_199_T-1.xml,19,R_G3,0,standard,21,True,True,True,0.0018409910007903818,0.8743859649985097,0.011153147001095931,0.887380103000396,0.2273338130016782,0.010231971740722656,1472,357,2292,2,7.533699306360467e-13,0.010000000000070364,inf,,,,,,,13,,legacy_full_scene,R_G3,micp_comparison/results/lin2025_standard_full_2026-09-04/rg3.csv
all_cases,True,True,True,0.13147285400009423,26,DEU_LocationALower-36_208_T-1,scenarios/experiment_scenarios/highd/DEU_LocationALower-36_208_T-1.xml,8,R_G3,0,standard,13,True,True,True,0.0011840460010716924,0.5351666999995359,0.005379120000725379,0.541729866001333,0.24880034200032242,0.004773139953613281,912,221,1420,2,3.4507260911494385e-14,0.010000000039317464,inf,,,,,,,3,,legacy_full_scene,R_G3,micp_comparison/results/lin2025_standard_full_2026-09-04/rg3.csv
all_cases,True,True,True,0.12822209499972814,24,DEU_LocationALower-36_236_T-1,scenarios/experiment_scenarios/highd/DEU_LocationALower-36_236_T-1.xml,6,R_G3,0,standard,12,True,True,True,0.0025592479996703332,0.5237513609990856,0.004458048000742565,0.5307686569994985,0.23378134599988698,0.0038640499114990234,842,204,1311,2,7.54682109747652e-14,0.010000000000225792,inf,,,,,,,1,,legacy_full_scene,R_G3,micp_comparison/results/lin2025_standard_full_2026-09-04/rg3.csv
all_cases,True,True,True,0.21249266199993144,42,DEU_LocationALower-36_263_T-1,scenarios/experiment_scenarios/highd/DEU_LocationALower-36_263_T-1.xml,15,R_G3,0,standard,21,True,True,True,0.0019933699986722786,0.8859721139997419,0.009894279999571154,0.8978597639979853,0.24572671100031585,0.009177207946777344,1472,357,2292,2,0.0,0.01000000000000733,inf,,,,,,,3,,legacy_full_scene,R_G3,micp_comparison/results/lin2025_standard_full_2026-09-04/rg3.csv
all_cases,True,True,True,0.2868037930002174,42,DEU_LocationALower-36_269_T-1,scenarios/experiment_scenarios/highd/DEU_LocationALower-36_269_T-1.xml,18,R_G3,0,standard,21,True,True,True,0.002014982999753556,0.8476162639999529,0.010513150000406313,0.8601443970001128,0.23657479499888723,0.009721994400024414,1472,357,2292,2,0.0,0.010000000000123677,inf,,,,,,,4,,legacy_full_scene,R_G3,micp_comparison/results/lin2025_standard_full_2026-09-04/rg3.csv
all_cases,True,True,True,0.20861608300037915,42,DEU_LocationALower-36_291_T-1,scenarios/experiment_scenarios/highd/DEU_LocationALower-36_291_T-1.xml,13,R_G3,0,standard,21,True,True,True,0.002014687999690068,0.8242475389997708,0.010011586000473471,0.8362738129999343,0.23827806199915358,0.009057044982910156,1472,357,2292,2,8.149440285981664e-13,0.010000000000007706,inf,,,,,,,19,,legacy_full_scene,R_G3,micp_comparison/results/lin2025_standard_full_2026-09-04/rg3.csv
all_cases,True,True,True,0.2280771170026128,42,DEU_LocationALower-36_61_T-1,scenarios/experiment_scenarios/highd/DEU_LocationALower-36_61_T-1.xml,9,R_G3,0,standard,21,True,True,True,0.001975361999939196,0.871393163999528,0.010506253000130528,0.8838747789995978,0.2386450390004029,0.009720087051391602,1472,357,2292,2,1.0691645901628181e-13,0.010000000014743918,inf,,,,,,,15,,legacy_full_scene,R_G3,micp_comparison/results/lin2025_standard_full_2026-09-04/rg3.csv
all_cases,True,True,True,0.2090594229994167,42,DEU_LocationALower-37_1_T-1,scenarios/experiment_scenarios/highd/DEU_LocationALower-37_1_T-1.xml,11,R_G3,0,standard,21,True,True,True,0.0019322240004839841,0.817449440000928,0.011155955000504036,0.830537619001916,0.24354625299929467,0.010097026824951172,1472,357,2292,2,0.0,0.010000000000600752,inf,,,,,,,1,,legacy_full_scene,R_G3,micp_comparison/results/lin2025_standard_full_2026-09-04/rg3.csv
all_cases,True,True,True,0.20309467800143466,42,DEU_LocationALower-37_121_T-1,scenarios/experiment_scenarios/highd/DEU_LocationALower-37_121_T-1.xml,16,R_G3,0,standard,21,True,True,True,0.002706646999286022,0.8400560109985236,0.010140328000488807,0.8529029859982984,0.2363371899991762,0.009199142456054688,1472,357,2292,2,1.897014580539328e-12,0.010000000000549585,inf,,,,,,,20,,legacy_full_scene,R_G3,micp_comparison/results/lin2025_standard_full_2026-09-04/rg3.csv
all_cases,True,True,True,0.3658030049991794,42,DEU_LocationALower-37_205_T-1,scenarios/experiment_scenarios/highd/DEU_LocationALower-37_205_T-1.xml,15,R_G3,0,standard,21,True,True,True,0.0019183860003977316,0.8568262940007116,0.010083799999847542,0.8688284800009569,0.23582010500103934,0.00921177864074707,1472,357,2292,2,1.0308237644007221e-12,0.010000000000039833,inf,,,,,,,17,,legacy_full_scene,R_G3,micp_comparison/results/lin2025_standard_full_2026-09-04/rg3.csv
all_cases,True,True,True,0.20475590199930593,42,DEU_LocationALower-37_231_T-1,scenarios/experiment_scenarios/highd/DEU_LocationALower-37_231_T-1.xml,23,R_G3,0,standard,21,True,True,True,0.0020337369987828424,0.8116982259998622,0.010033472000941401,0.8237654349995864,0.24906621300033294,0.008944034576416016,1472,357,2292,2,0.0,0.010000000088413397,inf,,,,,,,17,,legacy_full_scene,R_G3,micp_comparison/results/lin2025_standard_full_2026-09-04/rg3.csv
all_cases,True,True,True,0.16643883600045228,34,DEU_LocationALower-37_235_T-1,scenarios/experiment_scenarios/highd/DEU_LocationALower-37_235_T-1.xml,8,R_G3,0,standard,17,True,True,True,0.001498711999374791,0.697698957999819,0.007668074000321212,0.706865743999515,0.2520987139996578,0.0069811344146728516,1192,289,1856,2,0.0,0.010000000032418936,inf,,,,,,,4,,legacy_full_scene,R_G3,micp_comparison/results/lin2025_standard_full_2026-09-04/rg3.csv
all_cases,True,True,True,0.2076441999997769,42,DEU_LocationALower-37_240_T-1,scenarios/experiment_scenarios/highd/DEU_LocationALower-37_240_T-1.xml,8,R_G3,0,standard,21,True,True,True,0.0018484100000932813,0.8583628470005351,0.0108970519995637,0.8711083090001921,0.2546105670007819,0.00992894172668457,1472,357,2292,2,0.0,0.010000000000172878,inf,,,,,,,14,,legacy_full_scene,R_G3,micp_comparison/results/lin2025_standard_full_2026-09-04/rg3.csv
all_cases,True,True,True,0.33975387799910095,42,DEU_LocationALower-37_4_T-1,scenarios/experiment_scenarios/highd/DEU_LocationALower-37_4_T-1.xml,22,R_G3,0,standard,21,True,True,True,0.002327096000954043,0.8708377109996945,0.010585601999991923,0.8837504090006405,0.25258370700066735,0.00970911979675293,1472,357,2292,2,0.0,0.010000000000540932,inf,,,,,,,3,,legacy_full_scene,R_G3,micp_comparison/results/lin2025_standard_full_2026-09-04/rg3.csv
,,,,,,DEU_AachenBendplatz-1_155320_T-5339,scenarios/experiment_scenarios/ind_2024/DEU_AachenBendplatz-1_155320_T-5339.xml,10335,R_IN1,0,standard,20,True,True,True,0.0009996259977924637,0.3977572309959214,0.03735974900337169,0.43611660599708557,0.4124862530006794,0.036592960357666016,931,189,1465,2,0.0,0.01,inf,,,,,vp_no_crossing_temporal,,4,,legacy_full_scene,R_IN1,micp_comparison/results/in1_temporal_v8_full_2026-09-04/in1.csv
,,,,,,DEU_AachenBendplatz-1_75140_T-5159,scenarios/experiment_scenarios/ind_2024/DEU_AachenBendplatz-1_75140_T-5159.xml,10203,R_IN1,0,standard,20,False,False,False,0.001771433002431877,0.5091524470044533,0.0051365649997023866,0.5160604450065875,,0.0045511722564697266,1099,245,1647,4,,-inf,,,,,,vp_no_crossing_temporal,,2,,legacy_full_scene,R_IN1,micp_comparison/results/in1_temporal_v8_full_2026-09-04/in1.csv
,,,,,,DEU_AachenBendplatz-1_171600_T-1619,scenarios/experiment_scenarios/ind_2024/DEU_AachenBendplatz-1_171600_T-1619.xml,10125,R_IN1,0,standard,20,False,False,False,0.0017257630024687387,0.48808091200044146,0.020722797999042086,0.5105294730019523,,0.020094871520996094,1039,225,1582,4,,-inf,,,,,,vp_no_crossing_temporal,,2,,legacy_full_scene,R_IN1,micp_comparison/results/in1_temporal_v8_full_2026-09-04/in1.csv
,,,,,,DEU_AachenBendplatz-1_124700_T-4719,scenarios/experiment_scenarios/ind_2024/DEU_AachenBendplatz-1_124700_T-4719.xml,10320,R_IN1,0,standard,20,False,False,False,0.0006562830021721311,0.2497625660034828,0.0010544589968048967,0.2514733080024598,,0.0004990100860595703,685,107,1206,4,,-inf,,,,,,vp_no_crossing_temporal,,2,,legacy_full_scene,R_IN1,micp_comparison/results/in1_temporal_v8_full_2026-09-04/in1.csv
,,,,,,DEU_AachenBendplatz-1_12700_T-719,scenarios/experiment_scenarios/ind_2024/DEU_AachenBendplatz-1_12700_T-719.xml,10035,R_IN1,0,standard,20,True,True,True,0.0003655219989013858,0.19685915500303963,0.00323778700112598,0.200462464003067,0.4510145769963856,0.0024919509887695312,604,80,1125,2,0.0,0.010000000000005713,inf,,,,,vp_no_crossing_temporal,,4,,legacy_full_scene,R_IN1,micp_comparison/results/in1_temporal_v8_full_2026-09-04/in1.csv
,,,,,,DEU_AachenBendplatz-1_162800_T-2819,scenarios/experiment_scenarios/ind_2024/DEU_AachenBendplatz-1_162800_T-2819.xml,10214,R_IN1,0,standard,20,True,True,True,0.0005946649980614893,0.2733660849989974,0.01049717799469363,0.2844579279917525,0.4798267950027366,0.009821891784667969,703,113,1224,2,1.632725638551215e-10,0.01,inf,,,,,vp_no_crossing_temporal,,4,,legacy_full_scene,R_IN1,micp_comparison/results/in1_temporal_v8_full_2026-09-04/in1.csv
,,,,,,DEU_AachenBendplatz-1_134900_T-4919,scenarios/experiment_scenarios/ind_2024/DEU_AachenBendplatz-1_134900_T-4919.xml,10351,R_IN1,0,standard,20,True,True,True,0.002042421001533512,0.7755475559970364,0.02618287399673136,0.8037728509953013,0.45818586600216804,0.0254209041595459,1459,365,2037,2,0.0,0.01,inf,,,,,vp_no_crossing_temporal,,5,,legacy_full_scene,R_IN1,micp_comparison/results/in1_temporal_v8_full_2026-09-04/in1.csv
,,,,,,DEU_AachenBendplatz-1_172260_T-2279,scenarios/experiment_scenarios/ind_2024/DEU_AachenBendplatz-1_172260_T-2279.xml,10176,R_IN1,0,standard,20,True,True,True,0.0008297370004584081,0.3009403870019014,0.0034640829981071874,0.305234207000467,0.4609613499997067,0.002679109573364258,766,134,1293,2,0.0,0.010000000000013439,inf,,,,,vp_no_crossing_temporal,,4,,legacy_full_scene,R_IN1,micp_comparison/results/in1_temporal_v8_full_2026-09-04/in1.csv
,,,,,,DEU_AachenBendplatz-1_123940_T-3959,scenarios/experiment_scenarios/ind_2024/DEU_AachenBendplatz-1_123940_T-3959.xml,10258,R_IN1,0,standard,20,True,True,True,0.002443738005240448,0.5966948260029312,0.012170426001830492,0.6113089900100022,0.49046418399666436,0.011415958404541016,1219,285,1777,2,1.5005056079732343e-10,0.01,inf,,,,,vp_no_crossing_temporal,,4,,legacy_full_scene,R_IN1,micp_comparison/results/in1_temporal_v8_full_2026-09-04/in1.csv
,,,,,,DEU_AachenBendplatz-1_85160_T-5179,scenarios/experiment_scenarios/ind_2024/DEU_AachenBendplatz-1_85160_T-5179.xml,10405,R_IN1,0,standard,20,True,True,True,0.0005600090007646941,0.25646821199916303,0.009279717000026722,0.26630793799995445,0.500284500005364,0.008388996124267578,685,107,1206,2,1.5697616290384049e-10,0.01,inf,,,,,vp_no_crossing_temporal,,5,,legacy_full_scene,R_IN1,micp_comparison/results/in1_temporal_v8_full_2026-09-04/in1.csv
,,,,,,DEU_AachenBendplatz-1_141540_T-1559,scenarios/experiment_scenarios/ind_2024/DEU_AachenBendplatz-1_141540_T-1559.xml,10095,R_IN1,0,standard,20,True,True,True,0.0018254270034958608,0.44362892899516737,0.01955046900548041,0.46500482500414364,0.4961084699971252,0.018704891204833984,979,205,1517,2,0.0,0.01,inf,,,,,vp_no_crossing_temporal,,5,,legacy_full_scene,R_IN1,micp_comparison/results/in1_temporal_v8_full_2026-09-04/in1.csv
,,,,,,DEU_AachenBendplatz-1_91260_T-1279,scenarios/experiment_scenarios/ind_2024/DEU_AachenBendplatz-1_91260_T-1279.xml,10075,R_IN1,0,standard,20,True,True,True,0.002037013000517618,0.66757948200393,0.011856990000524092,0.6814734850049717,0.507969234000484,0.011101961135864258,1315,317,1881,2,6.62176945460582e-13,0.01,inf,,,,,vp_no_crossing_temporal,,5,,legacy_full_scene,R_IN1,micp_comparison/results/in1_temporal_v8_full_2026-09-04/in1.csv
,,,,,,DEU_AachenBendplatz-1_91280_T-1299,scenarios/experiment_scenarios/ind_2024/DEU_AachenBendplatz-1_91280_T-1299.xml,10079,R_IN1,0,standard,20,True,True,True,0.002239975998236332,0.7420864150044508,0.02597740799683379,0.770303798999521,0.5036321579973446,0.025197982788085938,1447,361,2024,2,0.0,0.01,inf,,,,,vp_no_crossing_temporal,,5,,legacy_full_scene,R_IN1,micp_comparison/results/in1_temporal_v8_full_2026-09-04/in1.csv
,,,,,,DEU_AachenBendplatz-1_85140_T-5159,scenarios/experiment_scenarios/ind_2024/DEU_AachenBendplatz-1_85140_T-5159.xml,10407,R_IN1,0,standard,20,True,True,True,0.0012295680062379688,0.3899390099977609,0.0035337290028110147,0.39470230700680986,0.510874669002078,0.0028159618377685547,895,177,1426,2,3.6180811442694807e-12,0.010000000000004651,inf,,,,,vp_no_crossing_temporal,,5,,legacy_full_scene,R_IN1,micp_comparison/results/in1_temporal_v8_full_2026-09-04/in1.csv
,,,,,,DEU_AachenBendplatz-1_13540_T-559,scenarios/experiment_scenarios/ind_2024/DEU_AachenBendplatz-1_13540_T-559.xml,10040,R_IN1,0,standard,20,True,True,True,0.0021046439942438155,0.8733820730049047,0.005297411997162271,0.8807841289963108,0.5250086180021754,0.0042188167572021484,1411,349,1985,2,0.0,0.010000000000076325,inf,,,,,vp_no_crossing_temporal,,5,,legacy_full_scene,R_IN1,micp_comparison/results/in1_temporal_v8_full_2026-09-04/in1.csv
,,,,,,DEU_AachenBendplatz-1_154520_T-4539,scenarios/experiment_scenarios/ind_2024/DEU_AachenBendplatz-1_154520_T-4539.xml,10285,R_IN1,0,standard,20,True,True,True,0.00040969999827211723,0.2083387520033284,0.003299333999166265,0.2120477860007668,0.5338128319999669,0.002473115921020508,604,80,1125,2,2.766804474375415e-13,0.010000000000014355,inf,,,,,vp_no_crossing_temporal,,5,,legacy_full_scene,R_IN1,micp_comparison/results/in1_temporal_v8_full_2026-09-04/in1.csv
,,,,,,DEU_AachenBendplatz-1_93520_T-3539,scenarios/experiment_scenarios/ind_2024/DEU_AachenBendplatz-1_93520_T-3539.xml,10208,R_IN1,0,standard,20,True,True,True,0.0007762040040688589,0.31757426699914504,0.012304677999054547,0.33065514900226844,0.5309613130011712,0.011552095413208008,775,137,1296,2,0.0,0.01,inf,,,,,vp_no_crossing_temporal,,6,,legacy_full_scene,R_IN1,micp_comparison/results/in1_temporal_v8_full_2026-09-04/in1.csv
,,,,,,DEU_AachenBendplatz-1_143020_T-3039,scenarios/experiment_scenarios/ind_2024/DEU_AachenBendplatz-1_143020_T-3039.xml,10228,R_IN1,0,standard,20,True,True,True,0.0005457610022858717,0.22757428499608068,0.0036057230026926845,0.23172576900105923,0.528291906004597,0.0028400421142578125,640,92,1161,2,2.411720229366179e-13,0.010000000000008613,inf,,,,,vp_no_crossing_temporal,,4,,legacy_full_scene,R_IN1,micp_comparison/results/in1_temporal_v8_full_2026-09-04/in1.csv
,,,,,,DEU_AachenBendplatz-1_132600_T-2619,scenarios/experiment_scenarios/ind_2024/DEU_AachenBendplatz-1_132600_T-2619.xml,10185,R_IN1,0,standard,20,True,True,True,0.001754814999003429,0.6024096399996779,0.0043847580018336885,0.608549213000515,0.5165171430053306,0.0036330223083496094,1231,289,1790,2,0.0,0.010000000003904056,inf,,,,,vp_no_crossing_temporal,,7,,legacy_full_scene,R_IN1,micp_comparison/results/in1_temporal_v8_full_2026-09-04/in1.csv
,,,,,,DEU_AachenBendplatz-1_11500_T-519,scenarios/experiment_scenarios/ind_2024/DEU_AachenBendplatz-1_11500_T-519.xml,10043,R_IN1,0,standard,20,True,True,True,0.0014025609998498112,0.47130584999831626,0.012702415006060619,0.4854108260042267,0.5375105839993921,0.011932134628295898,1015,217,1556,2,4.812748681238014e-13,0.01,inf,,,,,vp_no_crossing_temporal,,6,,legacy_full_scene,R_IN1,micp_comparison/results/in1_temporal_v8_full_2026-09-04/in1.csv
,,,,,,DEU_AachenBendplatz-1_124040_T-4059,scenarios/experiment_scenarios/ind_2024/DEU_AachenBendplatz-1_124040_T-4059.xml,10264,R_IN1,0,standard,20,True,True,True,0.0014353820006363094,0.5579887260028045,0.010585791998892091,0.5700099000023329,0.6828501010022592,0.009691953659057617,1099,245,1647,2,0.0,0.01,inf,,,,,vp_no_crossing_temporal,,6,,legacy_full_scene,R_IN1,micp_comparison/results/in1_temporal_v8_full_2026-09-04/in1.csv
,,,,,,DEU_AachenBendplatz-1_113780_T-3799,scenarios/experiment_scenarios/ind_2024/DEU_AachenBendplatz-1_113780_T-3799.xml,10256,R_IN1,0,standard,20,True,True,True,0.0012049520009895787,0.45184543300274527,0.0035725859997910447,0.4566229710035259,0.5361198109967518,0.0029010772705078125,979,205,1517,2,0.0,0.010000000000753247,inf,,,,,vp_no_crossing_temporal,,7,,legacy_full_scene,R_IN1,micp_comparison/results/in1_temporal_v8_full_2026-09-04/in1.csv
,,,,,,DEU_AachenBendplatz-1_71760_T-1779,scenarios/experiment_scenarios/ind_2024/DEU_AachenBendplatz-1_71760_T-1779.xml,10074,R_IN1,0,standard,20,True,True,True,0.0004403830025694333,0.19018281900207512,0.0029825739984516986,0.19360577600309625,0.6293233010001131,0.0023000240325927734,604,80,1125,2,0.0,0.010000000000018487,inf,,,,,vp_no_crossing_temporal,,4,,legacy_full_scene,R_IN1,micp_comparison/results/in1_temporal_v8_full_2026-09-04/in1.csv
,,,,,,DEU_AachenBendplatz-1_73920_T-3939,scenarios/experiment_scenarios/ind_2024/DEU_AachenBendplatz-1_73920_T-3939.xml,10153,R_IN1,0,standard,20,True,True,True,0.0006092159965191968,0.24040068100293865,0.008951793999585789,0.24996169099904364,0.40739263899740763,0.008227825164794922,703,113,1224,2,0.0,0.01,inf,,,,,vp_no_crossing_temporal,,6,,legacy_full_scene,R_IN1,micp_comparison/results/in1_temporal_v8_full_2026-09-04/in1.csv
,,,,,,DEU_AachenBendplatz-1_161380_T-1399,scenarios/experiment_scenarios/ind_2024/DEU_AachenBendplatz-1_161380_T-1399.xml,10106,R_IN1,0,standard,20,True,True,True,0.0037665929994545877,0.8234105700030341,0.012101225001970306,0.839278388004459,0.4263298760051839,0.01145315170288086,1675,437,2271,2,0.0,0.0099999999965803,inf,,,,,vp_no_crossing_temporal,,3,,legacy_full_scene,R_IN1,micp_comparison/results/in1_temporal_v8_full_2026-09-04/in1.csv
,,,,,,DEU_AachenBendplatz-1_10700_T-719,scenarios/experiment_scenarios/ind_2024/DEU_AachenBendplatz-1_10700_T-719.xml,10051,R_IN1,0,standard,20,True,True,True,0.0003581339988159016,0.19219022099423455,0.0033568450016900897,0.19590519999474054,0.4378602349970606,0.002694845199584961,604,80,1125,2,2.215698935592982e-12,0.010000000000016445,inf,,,,,vp_no_crossing_temporal,,7,,legacy_full_scene,R_IN1,micp_comparison/results/in1_temporal_v8_full_2026-09-04/in1.csv
,,,,,,DEU_AachenBendplatz-1_83540_T-3559,scenarios/experiment_scenarios/ind_2024/DEU_AachenBendplatz-1_83540_T-3559.xml,10269,R_IN1,0,standard,20,True,True,True,0.0016171790048247203,0.5756742579978891,0.008336130005773157,0.585627567008487,0.4426535020029405,0.0076580047607421875,1231,289,1790,2,0.0,0.01,inf,,,,,vp_no_crossing_temporal,,13,,legacy_full_scene,R_IN1,micp_comparison/results/in1_temporal_v8_full_2026-09-04/in1.csv
,,,,,,DEU_AachenBendplatz-1_113760_T-3779,scenarios/experiment_scenarios/ind_2024/DEU_AachenBendplatz-1_113760_T-3779.xml,10254,R_IN1,0,standard,20,True,True,True,0.001203373001771979,0.41707931300334167,0.010197012998105492,0.42847969900321914,0.4489086169996881,0.009501934051513672,967,201,1504,2,0.0,0.01,inf,,,,,vp_no_crossing_temporal,,8,,legacy_full_scene,R_IN1,micp_comparison/results/in1_temporal_v8_full_2026-09-04/in1.csv
,,,,,,DEU_AachenBendplatz-1_93760_T-3779,scenarios/experiment_scenarios/ind_2024/DEU_AachenBendplatz-1_93760_T-3779.xml,10229,R_IN1,0,standard,20,True,True,True,0.0005148790005478077,0.2365605000013602,0.003993540005467366,0.24106891900737537,0.47220925799774705,0.003098011016845703,658,98,1179,2,0.0,0.010000000000018543,inf,,,,,vp_no_crossing_temporal,,6,,legacy_full_scene,R_IN1,micp_comparison/results/in1_temporal_v8_full_2026-09-04/in1.csv
,,,,,,DEU_AachenBendplatz-1_141960_T-1979,scenarios/experiment_scenarios/ind_2024/DEU_AachenBendplatz-1_141960_T-1979.xml,10140,R_IN1,0,standard,20,True,True,True,0.0008022980036912486,0.3119845500041265,0.003399760003958363,0.3161866080117761,0.4767090690002078,0.0027039051055908203,775,137,1296,2,3.4528602681343666e-12,0.010000000000047743,inf,,,,,vp_no_crossing_temporal,,8,,legacy_full_scene,R_IN1,micp_comparison/results/in1_temporal_v8_full_2026-09-04/in1.csv
,,,,,,DEU_AachenBendplatz-1_81000_T-1019,scenarios/experiment_scenarios/ind_2024/DEU_AachenBendplatz-1_81000_T-1019.xml,10078,R_IN1,0,standard,20,True,True,True,0.0013068379994365387,0.4788560739980312,0.009610339999198914,0.48977325199666666,0.4808672340004705,0.008722066879272461,1039,225,1582,2,0.0,0.01,inf,,,,,vp_no_crossing_temporal,,9,,legacy_full_scene,R_IN1,micp_comparison/results/in1_temporal_v8_full_2026-09-04/in1.csv
,,,,,,DEU_AachenBendplatz-1_122260_T-2279,scenarios/experiment_scenarios/ind_2024/DEU_AachenBendplatz-1_122260_T-2279.xml,10128,R_IN1,0,standard,20,True,True,True,0.002146567996533122,0.7734615040026256,0.012186875996121671,0.7877949479952804,0.4988748370014946,0.011403083801269531,1471,369,2050,2,1.1377345096558594e-14,0.009999999999308784,inf,,,,,vp_no_crossing_temporal,,11,,legacy_full_scene,R_IN1,micp_comparison/results/in1_temporal_v8_full_2026-09-04/in1.csv
,,,,,,DEU_AachenBendplatz-1_163720_T-3739,scenarios/experiment_scenarios/ind_2024/DEU_AachenBendplatz-1_163720_T-3739.xml,10270,R_IN1,0,standard,20,True,True,True,0.001437758000975009,0.5151519380015088,0.010350784999900497,0.5269404810023843,0.48894956200092565,0.00949406623840332,1099,245,1647,2,0.0,0.01,inf,,,,,vp_no_crossing_temporal,,8,,legacy_full_scene,R_IN1,micp_comparison/results/in1_temporal_v8_full_2026-09-04/in1.csv
,,,,,,DEU_AachenBendplatz-1_13840_T-859,scenarios/experiment_scenarios/ind_2024/DEU_AachenBendplatz-1_13840_T-859.xml,10063,R_IN1,0,standard,20,True,True,True,0.0004973520044586621,0.2328096889978042,0.0032162380011868663,0.23652327900344972,0.49227593899558997,0.0025169849395751953,640,92,1161,2,4.32782916950064e-12,0.010000000004273398,inf,,,,,vp_no_crossing_temporal,,8,,legacy_full_scene,R_IN1,micp_comparison/results/in1_temporal_v8_full_2026-09-04/in1.csv
,,,,,,DEU_AachenBendplatz-1_81940_T-1959,scenarios/experiment_scenarios/ind_2024/DEU_AachenBendplatz-1_81940_T-1959.xml,10157,R_IN1,0,standard,20,True,True,True,0.001312006002990529,0.44167020499298815,0.0038024759996915236,0.4467846869956702,0.483913351999945,0.0030019283294677734,964,200,1503,2,0.0,0.0100000000000173,inf,,,,,vp_no_crossing_temporal,,8,,legacy_full_scene,R_IN1,micp_comparison/results/in1_temporal_v8_full_2026-09-04/in1.csv
,,,,,,DEU_AachenBendplatz-1_171180_T-1199,scenarios/experiment_scenarios/ind_2024/DEU_AachenBendplatz-1_171180_T-1199.xml,10090,R_IN1,0,standard,20,True,True,True,0.0011117329995613545,0.42870204499922693,0.009117553003306966,0.43893133100209525,0.4847232550018816,0.008276939392089844,967,201,1504,2,1.850294364451011e-14,0.00999999999839929,inf,,,,,vp_no_crossing_temporal,,8,,legacy_full_scene,R_IN1,micp_comparison/results/in1_temporal_v8_full_2026-09-04/in1.csv
,,,,,,DEU_AachenBendplatz-1_171380_T-1399,scenarios/experiment_scenarios/ind_2024/DEU_AachenBendplatz-1_171380_T-1399.xml,10107,R_IN1,0,standard,20,True,True,True,0.0006653480013483204,0.23807606100308476,0.0035521530007827096,0.2422935620052158,0.6358922539948253,0.002789020538330078,667,101,1188,2,0.0,0.01000000000153712,inf,,,,,vp_no_crossing_temporal,,8,,legacy_full_scene,R_IN1,micp_comparison/results/in1_temporal_v8_full_2026-09-04/in1.csv
,,,,,,DEU_AachenBendplatz-1_14360_T-379,scenarios/experiment_scenarios/ind_2024/DEU_AachenBendplatz-1_14360_T-379.xml,10028,R_IN1,0,standard,20,True,True,True,0.0005918390015722252,0.25396793300024,0.0033799209995777346,0.25793969300138997,0.514220106000721,0.002582073211669922,685,107,1206,2,5.359411300359411e-12,0.010000000000574372,inf,,,,,vp_no_crossing_temporal,,9,,legacy_full_scene,R_IN1,micp_comparison/results/in1_temporal_v8_full_2026-09-04/in1.csv
,,,,,,DEU_AachenBendplatz-1_132180_T-2199,scenarios/experiment_scenarios/ind_2024/DEU_AachenBendplatz-1_132180_T-2199.xml,10158,R_IN1,0,standard,20,True,True,True,0.0017573209988768212,0.5669601049958146,0.010312742000678554,0.57903016799537,0.562171543999284,0.009397029876708984,1183,273,1738,2,2.3667110193781294e-14,0.01,inf,,,,,vp_no_crossing_temporal,,9,,legacy_full_scene,R_IN1,micp_comparison/results/in1_temporal_v8_full_2026-09-04/in1.csv
,,,,,,DEU_AachenBendplatz-1_134380_T-4399,scenarios/experiment_scenarios/ind_2024/DEU_AachenBendplatz-1_134380_T-4399.xml,10309,R_IN1,0,standard,20,True,True,True,0.001600114002940245,0.5600282140003401,0.010364802001276985,0.5719931300045573,0.49950041699776193,0.009443998336791992,1159,265,1712,2,0.0,0.009999999999308784,inf,,,,,vp_no_crossing_temporal,,10,,legacy_full_scene,R_IN1,micp_comparison/results/in1_temporal_v8_full_2026-09-04/in1.csv
,,,,,,DEU_AachenBendplatz-1_125580_T-5599,scenarios/experiment_scenarios/ind_2024/DEU_AachenBendplatz-1_125580_T-5599.xml,10402,R_IN1,0,standard,20,True,True,True,0.0028612680034711957,0.9395114380022278,0.012121871004637796,0.9544945770103368,0.522000566998031,0.011378049850463867,1735,457,2336,2,1.9045700159301646e-14,0.01,inf,,,,,vp_no_crossing_temporal,,10,,legacy_full_scene,R_IN1,micp_comparison/results/in1_temporal_v8_full_2026-09-04/in1.csv
,,,,,,DEU_AachenBendplatz-1_102320_T-2339,scenarios/experiment_scenarios/ind_2024/DEU_AachenBendplatz-1_102320_T-2339.xml,10147,R_IN1,0,standard,20,True,True,True,0.0007678910042159259,0.2409731469961116,0.00911014399753185,0.2508511819978594,0.5362455799986492,0.008343935012817383,649,95,1170,2,1.026679145971251e-14,0.009999999999308784,inf,,,,,vp_no_crossing_temporal,,11,,legacy_full_scene,R_IN1,micp_comparison/results/in1_temporal_v8_full_2026-09-04/in1.csv
,,,,,,DEU_AachenBendplatz-1_102160_T-2179,scenarios/experiment_scenarios/ind_2024/DEU_AachenBendplatz-1_102160_T-2179.xml,10130,R_IN1,0,standard,20,True,True,True,0.0041045780017157085,1.0157670109983883,0.010864222997042816,1.0307358119971468,0.49580629599950043,0.010058164596557617,1867,501,2479,2,1.0179928631603051e-14,0.009999999999308784,inf,,,,,vp_no_crossing_temporal,,12,,legacy_full_scene,R_IN1,micp_comparison/results/in1_temporal_v8_full_2026-09-04/in1.csv
,,,,,,DEU_AachenBendplatz-1_144920_T-4939,scenarios/experiment_scenarios/ind_2024/DEU_AachenBendplatz-1_144920_T-4939.xml,10367,R_IN1,0,standard,20,True,True,True,0.0020624570024665445,0.5417599549982697,0.024149908000254072,0.5679723200009903,0.540356203004194,0.023270130157470703,1123,253,1673,2,0.0,0.01,inf,,,,,vp_no_crossing_temporal,,16,,legacy_full_scene,R_IN1,micp_comparison/results/in1_temporal_v8_full_2026-09-04/in1.csv
,,,,,,DEU_AachenBendplatz-1_83420_T-3439,scenarios/experiment_scenarios/ind_2024/DEU_AachenBendplatz-1_83420_T-3439.xml,10262,R_IN1,0,standard,20,True,True,True,0.0008411349990637973,0.30547813599696383,0.0033989330040640198,0.30971820400009165,0.5359750610004994,0.002671957015991211,775,137,1296,2,2.632387474271068e-12,0.01000000000118058,inf,,,,,vp_no_crossing_temporal,,11,,legacy_full_scene,R_IN1,micp_comparison/results/in1_temporal_v8_full_2026-09-04/in1.csv
,,,,,,DEU_AachenBendplatz-1_124320_T-4339,scenarios/experiment_scenarios/ind_2024/DEU_AachenBendplatz-1_124320_T-4339.xml,10290,R_IN1,0,standard,20,True,True,True,0.0026733959966804832,0.7936528419959359,0.011272008996456861,0.8075982469890732,0.5140834069970879,0.010412931442260742,1519,385,2102,2,1.2399723485028449e-14,0.00999999999839929,inf,,,,,vp_no_crossing_temporal,,11,,legacy_full_scene,R_IN1,micp_comparison/results/in1_temporal_v8_full_2026-09-04/in1.csv
,,,,,,DEU_AachenBendplatz-1_132580_T-2599,scenarios/experiment_scenarios/ind_2024/DEU_AachenBendplatz-1_132580_T-2599.xml,10183,R_IN1,0,standard,20,True,True,True,0.0015146860023378395,0.5657259130020975,0.00942493999900762,0.576665539003443,0.417070284995134,0.008758068084716797,1219,285,1777,2,0.0,0.009999999999308784,inf,,,,,vp_no_crossing_temporal,,11,,legacy_full_scene,R_IN1,micp_comparison/results/in1_temporal_v8_full_2026-09-04/in1.csv
,,,,,,DEU_AachenBendplatz-1_71480_T-1499,scenarios/experiment_scenarios/ind_2024/DEU_AachenBendplatz-1_71480_T-1499.xml,10069,R_IN1,0,standard,20,True,True,True,0.00126823900063755,0.49047957199945813,0.010527099002501927,0.5022749100025976,0.4286952719994588,0.009754180908203125,1075,237,1621,2,1.6670519258139968e-14,0.009999999999308784,inf,,,,,vp_no_crossing_temporal,,11,,legacy_full_scene,R_IN1,micp_comparison/results/in1_temporal_v8_full_2026-09-04/in1.csv
,,,,,,DEU_AachenBendplatz-1_143920_T-3939,scenarios/experiment_scenarios/ind_2024/DEU_AachenBendplatz-1_143920_T-3939.xml,10304,R_IN1,0,standard,20,True,True,True,0.0011912749978364445,0.48607598800299456,0.004286862997105345,0.49155412599793635,0.44557133100170176,0.0034151077270507812,1039,225,1582,2,0.0,0.010000000001025413,inf,,,,,vp_no_crossing_temporal,,12,,legacy_full_scene,R_IN1,micp_comparison/results/in1_temporal_v8_full_2026-09-04/in1.csv
,,,,,,DEU_AachenBendplatz-1_83340_T-3359,scenarios/experiment_scenarios/ind_2024/DEU_AachenBendplatz-1_83340_T-3359.xml,10255,R_IN1,0,standard,20,True,True,True,0.0008472039990010671,0.33748563900007866,0.003506070999719668,0.3418389139987994,0.4551478479988873,0.002785921096801758,823,153,1348,2,0.0,0.010000000000060585,inf,,,,,vp_no_crossing_temporal,,12,,legacy_full_scene,R_IN1,micp_comparison/results/in1_temporal_v8_full_2026-09-04/in1.csv
,,,,,,DEU_AachenBendplatz-1_102260_T-2279,scenarios/experiment_scenarios/ind_converter_2026/DEU_AachenBendplatz-1_102260_T-2279.xml,10142,R_IN1,0,standard,20,False,False,False,0.0019793000028585084,,,,,,,,,,,,,,,,"KeyError: 0
Traceback (most recent call last):
  File ""/data_linux/Lab/commonroad-repairer-vp/micp_comparison/runner.py"", line 192, in evaluate
    lon, lat = ego.get_lon_state(0, lane), ego.get_lat_state(0, lane)
  File ""/data_linux/Lab/commonroad-stl-monitor/crmonitor/common/vehicle.py"", line 443, in get_lon_state
    states = self.ccosy_cache.get_curvilinear_state(self.states_cr[time_step], lane)
KeyError: 0
",vp_no_crossing_temporal,,16,,legacy_full_scene,R_IN1,micp_comparison/results/in1_temporal_v8_full_2026-09-04/in1.csv
,,,,,,DEU_AachenBendplatz-1_102720_T-2739,scenarios/experiment_scenarios/ind_converter_2026/DEU_AachenBendplatz-1_102720_T-2739.xml,10169,R_IN1,0,standard,20,True,True,True,0.0007889160042395815,0.31993640199652873,0.010560850001638755,0.33128616800240707,0.48222546800388955,0.009763002395629883,775,137,1296,2,0.0,0.00999999999839929,inf,,,,,vp_no_crossing_temporal,,13,,legacy_full_scene,R_IN1,micp_comparison/results/in1_temporal_v8_full_2026-09-04/in1.csv
,,,,,,DEU_AachenBendplatz-1_111320_T-1339,scenarios/experiment_scenarios/ind_converter_2026/DEU_AachenBendplatz-1_111320_T-1339.xml,10087,R_IN1,0,standard,20,True,True,True,0.0016753570016589947,0.7165744010053459,0.02357653500075685,0.7418262930077617,0.5038589979958488,0.022594928741455078,1195,277,1751,2,0.0,0.01,inf,,,,,vp_no_crossing_temporal,,13,,legacy_full_scene,R_IN1,micp_comparison/results/in1_temporal_v8_full_2026-09-04/in1.csv
,,,,,,DEU_AachenBendplatz-1_113180_T-3199,scenarios/experiment_scenarios/ind_converter_2026/DEU_AachenBendplatz-1_113180_T-3199.xml,10211,R_IN1,0,standard,20,True,True,True,0.0014500090037472546,0.5135742519996711,0.07216941099613905,0.5871936719995574,0.49422043400409166,0.0711979866027832,1075,237,1621,2,0.0,0.01,inf,,,,,vp_no_crossing_temporal,,12,,legacy_full_scene,R_IN1,micp_comparison/results/in1_temporal_v8_full_2026-09-04/in1.csv
,,,,,,DEU_AachenBendplatz-1_113620_T-3639,scenarios/experiment_scenarios/ind_converter_2026/DEU_AachenBendplatz-1_113620_T-3639.xml,10245,R_IN1,0,standard,20,True,True,True,0.002205245997174643,0.7159534599995823,0.03115226999943843,0.7493109759961953,0.4716397299998789,0.030302047729492188,1447,361,2024,2,1.6933841096247514e-08,0.01,inf,,,,,vp_no_crossing_temporal,,3,,legacy_full_scene,R_IN1,micp_comparison/results/in1_temporal_v8_full_2026-09-04/in1.csv
,,,,,,DEU_AachenBendplatz-1_12640_T-659,scenarios/experiment_scenarios/ind_converter_2026/DEU_AachenBendplatz-1_12640_T-659.xml,10034,R_IN1,0,standard,20,True,True,True,0.0010824170021805912,0.3455241699994076,0.008022267000342254,0.35462885400193045,0.6366063250025036,0.007258892059326172,847,161,1374,2,0.0,0.01,inf,,,,,vp_no_crossing_temporal,,10,,legacy_full_scene,R_IN1,micp_comparison/results/in1_temporal_v8_full_2026-09-04/in1.csv
,,,,,,DEU_AachenBendplatz-1_133320_T-3339,scenarios/experiment_scenarios/ind_converter_2026/DEU_AachenBendplatz-1_133320_T-3339.xml,10229,R_IN1,0,standard,20,True,True,True,0.0011903089980478399,0.40553615400131093,0.03245628900185693,0.4391827520012157,0.4962239860033151,0.03174400329589844,931,189,1465,2,0.0,0.01,inf,,,,,vp_no_crossing_temporal,,17,,legacy_full_scene,R_IN1,micp_comparison/results/in1_temporal_v8_full_2026-09-04/in1.csv
,,,,,,DEU_AachenBendplatz-1_134560_T-4579,scenarios/experiment_scenarios/ind_converter_2026/DEU_AachenBendplatz-1_134560_T-4579.xml,10319,R_IN1,0,standard,20,True,True,True,0.0011888519948115572,0.36515258999861544,0.05626461499923607,0.42260605699266307,0.4914773429991328,0.05550384521484375,871,169,1400,2,0.0,0.00999999999839929,inf,,,,,vp_no_crossing_temporal,,11,,legacy_full_scene,R_IN1,micp_comparison/results/in1_temporal_v8_full_2026-09-04/in1.csv
,,,,,,DEU_AachenBendplatz-1_143120_T-3139,scenarios/experiment_scenarios/ind_converter_2026/DEU_AachenBendplatz-1_143120_T-3139.xml,10231,R_IN1,0,standard,20,True,True,True,0.003454033001617063,0.8384195520047797,0.07446077300119214,0.9163343580075889,0.4785426369999186,0.07364702224731445,1579,405,2167,2,0.0,0.009999999997489795,inf,,,,,vp_no_crossing_temporal,,15,,legacy_full_scene,R_IN1,micp_comparison/results/in1_temporal_v8_full_2026-09-04/in1.csv
,,,,,,DEU_AachenBendplatz-1_143500_T-3519,scenarios/experiment_scenarios/ind_converter_2026/DEU_AachenBendplatz-1_143500_T-3519.xml,10266,R_IN1,0,standard,20,True,True,True,0.0015175360022112727,0.5392392310022842,0.015363391001301352,0.5561201580057968,0.5070876000027056,0.014518022537231445,1135,257,1686,2,0.0,0.01,inf,,,,,vp_no_crossing_temporal,,9,,legacy_full_scene,R_IN1,micp_comparison/results/in1_temporal_v8_full_2026-09-04/in1.csv
,,,,,,DEU_AachenBendplatz-1_151840_T-1859,scenarios/experiment_scenarios/ind_converter_2026/DEU_AachenBendplatz-1_151840_T-1859.xml,10125,R_IN1,0,standard,20,True,True,True,0.0019380759986233898,0.5980316309942282,0.010959569000988267,0.6109292759938398,0.5012599429974216,0.01019287109375,1219,285,1777,2,0.0,0.00999999999839929,inf,,,,,vp_no_crossing_temporal,,18,,legacy_full_scene,R_IN1,micp_comparison/results/in1_temporal_v8_full_2026-09-04/in1.csv
,,,,,,DEU_AachenBendplatz-1_153320_T-3339,scenarios/experiment_scenarios/ind_converter_2026/DEU_AachenBendplatz-1_153320_T-3339.xml,10220,R_IN1,0,standard,20,True,True,True,0.0006879950014990754,0.2298550420018728,0.0034578670019982383,0.2340009040053701,0.5063347350005643,0.0026280879974365234,640,92,1161,2,0.0,0.010000000000011867,inf,,,,,vp_no_crossing_temporal,,5,,legacy_full_scene,R_IN1,micp_comparison/results/in1_temporal_v8_full_2026-09-04/in1.csv
,,,,,,DEU_AachenBendplatz-1_153880_T-3899,scenarios/experiment_scenarios/ind_converter_2026/DEU_AachenBendplatz-1_153880_T-3899.xml,10242,R_IN1,0,standard,20,True,True,True,0.0013720259958063252,0.4187356889960938,0.011111075000371784,0.4312187899922719,0.5281514390007942,0.010313987731933594,943,193,1478,2,0.0,0.01,inf,,,,,vp_no_crossing_temporal,,9,,legacy_full_scene,R_IN1,micp_comparison/results/in1_temporal_v8_full_2026-09-04/in1.csv
,,,,,,DEU_AachenBendplatz-1_154400_T-4419,scenarios/experiment_scenarios/ind_converter_2026/DEU_AachenBendplatz-1_154400_T-4419.xml,10278,R_IN1,0,standard,20,False,False,False,0.0013708729966310784,0.48882941999909235,0.0011672870023176074,0.49136757999804104,,0.0005741119384765625,1015,217,1556,4,,-inf,,,,,,vp_no_crossing_temporal,,16,,legacy_full_scene,R_IN1,micp_comparison/results/in1_temporal_v8_full_2026-09-04/in1.csv
,,,,,,DEU_AachenBendplatz-1_163620_T-3639,scenarios/experiment_scenarios/ind_converter_2026/DEU_AachenBendplatz-1_163620_T-3639.xml,10262,R_IN1,0,standard,20,True,True,True,0.001235290001204703,0.4054185829954804,0.011716392000380438,0.41837026499706553,0.5490272829993046,0.010929107666015625,895,177,1426,2,8.482092248761408e-09,0.01,inf,,,,,vp_no_crossing_temporal,,3,,legacy_full_scene,R_IN1,micp_comparison/results/in1_temporal_v8_full_2026-09-04/in1.csv
,,,,,,DEU_AachenBendplatz-1_172060_T-2079,scenarios/experiment_scenarios/ind_converter_2026/DEU_AachenBendplatz-1_172060_T-2079.xml,10157,R_IN1,0,standard,20,True,True,True,0.002012481003475841,0.625154779998411,0.011757745996874291,0.6389250069987611,0.5575100019996171,0.01073598861694336,1219,285,1777,2,2.7060467198556017e-14,0.00999999999839929,inf,,,,,vp_no_crossing_temporal,,16,,legacy_full_scene,R_IN1,micp_comparison/results/in1_temporal_v8_full_2026-09-04/in1.csv
,,,,,,DEU_AachenBendplatz-1_173000_T-3019,scenarios/experiment_scenarios/ind_converter_2026/DEU_AachenBendplatz-1_173000_T-3019.xml,10220,R_IN1,0,standard,20,True,True,True,0.00479035700118402,1.2441800989981857,0.09320237700012513,1.3421728329994949,0.5230870439991122,0.09228396415710449,2131,589,2765,2,0.0,0.01,inf,,,,,vp_no_crossing_temporal,,8,,legacy_full_scene,R_IN1,micp_comparison/results/in1_temporal_v8_full_2026-09-04/in1.csv
,,,,,,DEU_AachenBendplatz-1_174820_T-4839,scenarios/experiment_scenarios/ind_converter_2026/DEU_AachenBendplatz-1_174820_T-4839.xml,10347,R_IN1,0,standard,20,True,True,True,0.0019128209969494492,0.7063123719999567,0.01154330399731407,0.7197684969942202,0.4793201479988056,0.010771989822387695,1315,317,1881,2,0.0,0.01,inf,,,,,vp_no_crossing_temporal,,8,,legacy_full_scene,R_IN1,micp_comparison/results/in1_temporal_v8_full_2026-09-04/in1.csv
,,,,,,DEU_AachenBendplatz-1_1760_T-79,scenarios/experiment_scenarios/ind_converter_2026/DEU_AachenBendplatz-1_1760_T-79.xml,10004,R_IN1,0,standard,20,True,True,True,0.001533089998702053,0.5264719740007422,0.010276616994815413,0.5382816809942597,0.46636503899935633,0.009572029113769531,1219,285,1777,2,0.0,0.01,inf,,,,,vp_no_crossing_temporal,,8,,legacy_full_scene,R_IN1,micp_comparison/results/in1_temporal_v8_full_2026-09-04/in1.csv
,,,,,,DEU_AachenBendplatz-1_7140_T-159,scenarios/experiment_scenarios/ind_converter_2026/DEU_AachenBendplatz-1_7140_T-159.xml,10021,R_IN1,0,standard,20,False,False,False,0.0016001320036593825,,,,,,,,,,,,,,,,"KeyError: 0
Traceback (most recent call last):
  File ""/data_linux/Lab/commonroad-repairer-vp/micp_comparison/runner.py"", line 192, in evaluate
    lon, lat = ego.get_lon_state(0, lane), ego.get_lat_state(0, lane)
  File ""/data_linux/Lab/commonroad-stl-monitor/crmonitor/common/vehicle.py"", line 443, in get_lon_state
    states = self.ccosy_cache.get_curvilinear_state(self.states_cr[time_step], lane)
KeyError: 0
",vp_no_crossing_temporal,,11,,legacy_full_scene,R_IN1,micp_comparison/results/in1_temporal_v8_full_2026-09-04/in1.csv
,,,,,,DEU_AachenBendplatz-1_7180_T-199,scenarios/experiment_scenarios/ind_converter_2026/DEU_AachenBendplatz-1_7180_T-199.xml,10023,R_IN1,0,standard,20,True,True,True,0.002039106999291107,0.5466767100006109,0.010288543002388906,0.5590043600022909,0.40309053599776234,0.009543895721435547,1231,289,1790,2,0.0,0.01,inf,,,,,vp_no_crossing_temporal,,9,,legacy_full_scene,R_IN1,micp_comparison/results/in1_temporal_v8_full_2026-09-04/in1.csv
,,,,,,DEU_AachenBendplatz-1_73340_T-3359,scenarios/experiment_scenarios/ind_converter_2026/DEU_AachenBendplatz-1_73340_T-3359.xml,10133,R_IN1,0,standard,20,False,False,False,0.0019277040046290495,,,,,,,,,,,,,,,,"KeyError: 0
Traceback (most recent call last):
  File ""/data_linux/Lab/commonroad-repairer-vp/micp_comparison/runner.py"", line 192, in evaluate
    lon, lat = ego.get_lon_state(0, lane), ego.get_lat_state(0, lane)
  File ""/data_linux/Lab/commonroad-stl-monitor/crmonitor/common/vehicle.py"", line 443, in get_lon_state
    states = self.ccosy_cache.get_curvilinear_state(self.states_cr[time_step], lane)
KeyError: 0
",vp_no_crossing_temporal,,5,,legacy_full_scene,R_IN1,micp_comparison/results/in1_temporal_v8_full_2026-09-04/in1.csv
,,,,,,DEU_AachenBendplatz-1_74540_T-4559,scenarios/experiment_scenarios/ind_converter_2026/DEU_AachenBendplatz-1_74540_T-4559.xml,10176,R_IN1,0,standard,20,True,True,True,0.0007667110039619729,0.30128725000395207,0.011390386003768072,0.3134443470116821,0.4421112349955365,0.010551929473876953,775,137,1296,2,0.0,0.01,inf,,,,,vp_no_crossing_temporal,,4,,legacy_full_scene,R_IN1,micp_comparison/results/in1_temporal_v8_full_2026-09-04/in1.csv
,,,,,,DEU_AachenBendplatz-1_83880_T-3899,scenarios/experiment_scenarios/ind_converter_2026/DEU_AachenBendplatz-1_83880_T-3899.xml,10296,R_IN1,0,standard,20,True,True,True,0.0010691509960452095,0.380344683995645,0.03559053800563561,0.41700437299732585,0.44987914500234183,0.03486204147338867,907,181,1439,2,0.0,0.01,inf,,,,,vp_no_crossing_temporal,,9,,legacy_full_scene,R_IN1,micp_comparison/results/in1_temporal_v8_full_2026-09-04/in1.csv
,,,,,,DEU_AachenBendplatz-1_84360_T-4379,scenarios/experiment_scenarios/ind_converter_2026/DEU_AachenBendplatz-1_84360_T-4379.xml,10337,R_IN1,0,standard,20,True,True,True,0.0012201950012240559,0.3620625010007643,0.009007722001115326,0.3722904180031037,0.4619380119984271,0.008214950561523438,859,165,1387,2,0.0,0.01,inf,,,,,vp_no_crossing_temporal,,6,,legacy_full_scene,R_IN1,micp_comparison/results/in1_temporal_v8_full_2026-09-04/in1.csv
,,,,,,DEU_AachenBendplatz-1_8620_T-639,scenarios/experiment_scenarios/ind_converter_2026/DEU_AachenBendplatz-1_8620_T-639.xml,10044,R_IN1,0,standard,20,True,True,True,0.000436166999861598,0.20056553900212748,0.0037994930025888607,0.20480119900457794,0.4755899789961404,0.0030901432037353516,604,80,1125,2,4.278702347534888e-12,0.010000000069588512,inf,,,,,vp_no_crossing_temporal,,8,,legacy_full_scene,R_IN1,micp_comparison/results/in1_temporal_v8_full_2026-09-04/in1.csv
,,,,,,DEU_AachenBendplatz-1_91680_T-1699,scenarios/experiment_scenarios/ind_converter_2026/DEU_AachenBendplatz-1_91680_T-1699.xml,10108,R_IN1,0,standard,20,False,False,False,0.0007510610012104735,,,,,,,,,,,,,,,,"KeyError: 0
Traceback (most recent call last):
  File ""/data_linux/Lab/commonroad-repairer-vp/micp_comparison/runner.py"", line 192, in evaluate
    lon, lat = ego.get_lon_state(0, lane), ego.get_lat_state(0, lane)
  File ""/data_linux/Lab/commonroad-stl-monitor/crmonitor/common/vehicle.py"", line 443, in get_lon_state
    states = self.ccosy_cache.get_curvilinear_state(self.states_cr[time_step], lane)
KeyError: 0
",vp_no_crossing_temporal,,12,,legacy_full_scene,R_IN1,micp_comparison/results/in1_temporal_v8_full_2026-09-04/in1.csv
,,,,,,DEU_AachenBendplatz-1_155315_T-5334,scenarios/experiment_scenarios/generated_sampling/in1/DEU_AachenBendplatz-1_155315_T-5334.xml,10335,R_IN1,0,standard,20,False,False,False,0.0018976599967572838,0.5193070599998464,0.0012315710046095774,0.5224362910012132,,0.0005600452423095703,1111,249,1660,4,,-inf,,,,,,vp_no_crossing_temporal,,9,,legacy_full_scene,R_IN1,micp_comparison/results/in1_temporal_v8_full_2026-09-04/in1.csv
,,,,,,DEU_AachenBendplatz-1_155318_T-5337,scenarios/experiment_scenarios/generated_sampling/in1/DEU_AachenBendplatz-1_155318_T-5337.xml,10335,R_IN1,0,standard,20,False,False,False,0.0011164579991600476,0.43264158399688313,0.0013882050043321215,0.4351462470003753,,0.0005888938903808594,979,205,1517,4,,-inf,,,,,,vp_no_crossing_temporal,,6,,legacy_full_scene,R_IN1,micp_comparison/results/in1_temporal_v8_full_2026-09-04/in1.csv
,,,,,,DEU_AachenBendplatz-1_155317_T-5336,scenarios/experiment_scenarios/generated_sampling/in1/DEU_AachenBendplatz-1_155317_T-5336.xml,10335,R_IN1,0,standard,20,False,False,False,0.001927800003613811,0.47634594600094715,0.0011284700012765825,0.47940221600583754,,0.0005340576171875,1039,225,1582,4,,-inf,,,,,,vp_no_crossing_temporal,,7,,legacy_full_scene,R_IN1,micp_comparison/results/in1_temporal_v8_full_2026-09-04/in1.csv
,,,,,,DEU_AachenBendplatz-1_155316_T-5335,scenarios/experiment_scenarios/generated_sampling/in1/DEU_AachenBendplatz-1_155316_T-5335.xml,10335,R_IN1,0,standard,20,False,False,False,0.0018439630002831109,0.5213186320033856,0.001338125999609474,0.5245007210032782,,0.0006349086761474609,1075,237,1621,4,,-inf,,,,,,vp_no_crossing_temporal,,8,,legacy_full_scene,R_IN1,micp_comparison/results/in1_temporal_v8_full_2026-09-04/in1.csv
,,,,,,DEU_AachenBendplatz-1_155321_T-5340,scenarios/experiment_scenarios/generated_sampling/in1/DEU_AachenBendplatz-1_155321_T-5340.xml,10335,R_IN1,0,standard,20,True,True,True,0.0011331139976391569,0.428242294001393,0.03726141800143523,0.4666368260004674,0.5034530279954197,0.036457061767578125,955,197,1491,2,0.0,0.01,inf,,,,,vp_no_crossing_temporal,,3,,legacy_full_scene,R_IN1,micp_comparison/results/in1_temporal_v8_full_2026-09-04/in1.csv
,,,,,,DEU_AachenBendplatz-1_155322_T-5341,scenarios/experiment_scenarios/generated_sampling/in1/DEU_AachenBendplatz-1_155322_T-5341.xml,10335,R_IN1,0,standard,20,False,False,False,0.001140656000643503,0.4203855250016204,0.016564749996177852,0.43809093099844176,,0.015919923782348633,943,193,1478,4,,-inf,,,,,,vp_no_crossing_temporal,,2,,legacy_full_scene,R_IN1,micp_comparison/results/in1_temporal_v8_full_2026-09-04/in1.csv
,,,,,,DEU_AachenBendplatz-1_155323_T-5342,scenarios/experiment_scenarios/generated_sampling/in1/DEU_AachenBendplatz-1_155323_T-5342.xml,10335,R_IN1,0,standard,20,False,False,False,0.0011678540031425655,0.3969422219961416,0.0012896560001536272,0.3993997319994378,,0.0006330013275146484,907,181,1439,4,,-inf,,,,,,vp_no_crossing_temporal,,1,,legacy_full_scene,R_IN1,micp_comparison/results/in1_temporal_v8_full_2026-09-04/in1.csv
,,,,,,DEU_AachenBendplatz-1_155319_T-5338,scenarios/experiment_scenarios/generated_sampling/in1/DEU_AachenBendplatz-1_155319_T-5338.xml,10335,R_IN1,0,standard,20,False,False,False,0.0011594629977480508,0.43043610300082946,0.0015691890002926812,0.4331647549988702,,0.0007038116455078125,955,197,1491,4,,-inf,,,,,,vp_no_crossing_temporal,,5,,legacy_full_scene,R_IN1,micp_comparison/results/in1_temporal_v8_full_2026-09-04/in1.csv
,,,,,,DEU_AachenBendplatz-1_124696_T-4715,scenarios/experiment_scenarios/generated_sampling/in1/DEU_AachenBendplatz-1_124696_T-4715.xml,10320,R_IN1,0,standard,20,True,True,True,0.0009580949990777299,0.2835818140010815,0.0036985370024922304,0.28823844600265147,0.5267168069985928,0.0028460025787353516,721,119,1242,2,6.327792475834877e-12,0.010000000000144555,inf,,,,,vp_no_crossing_temporal,,6,,legacy_full_scene,R_IN1,micp_comparison/results/in1_temporal_v8_full_2026-09-04/in1.csv
,,,,,,DEU_AachenBendplatz-1_124698_T-4717,scenarios/experiment_scenarios/generated_sampling/in1/DEU_AachenBendplatz-1_124698_T-4717.xml,10320,R_IN1,0,standard,20,True,True,True,0.0007777360006002709,0.2721772320001037,0.004157896997639909,0.27711286499834387,0.5259273979972932,0.0029997825622558594,703,113,1224,2,5.4814181373808254e-12,0.010000000000076262,inf,,,,,vp_no_crossing_temporal,,4,,legacy_full_scene,R_IN1,micp_comparison/results/in1_temporal_v8_full_2026-09-04/in1.csv
,,,,,,DEU_AachenBendplatz-1_124695_T-4714,scenarios/experiment_scenarios/generated_sampling/in1/DEU_AachenBendplatz-1_124695_T-4714.xml,10320,R_IN1,0,standard,20,True,True,True,0.0008461390025331639,0.2873433459972148,0.0042188610023004,0.29240834600204835,0.517491776998213,0.0033118724822998047,730,122,1251,2,0.0,0.010000000000021972,inf,,,,,vp_no_crossing_temporal,,7,,legacy_full_scene,R_IN1,micp_comparison/results/in1_temporal_v8_full_2026-09-04/in1.csv
,,,,,,DEU_AachenBendplatz-1_124697_T-4716,scenarios/experiment_scenarios/generated_sampling/in1/DEU_AachenBendplatz-1_124697_T-4716.xml,10320,R_IN1,0,standard,20,True,True,True,0.0007776820057188161,0.2721048629973666,0.0034997039983863942,0.2763822490014718,0.514321934999316,0.0027298927307128906,712,116,1233,2,8.618056828062947e-12,0.010000000000047088,inf,,,,,vp_no_crossing_temporal,,5,,legacy_full_scene,R_IN1,micp_comparison/results/in1_temporal_v8_full_2026-09-04/in1.csv
,,,,,,DEU_AachenBendplatz-1_124699_T-4718,scenarios/experiment_scenarios/generated_sampling/in1/DEU_AachenBendplatz-1_124699_T-4718.xml,10320,R_IN1,0,standard,20,True,True,True,0.0009176009989459999,0.26168946999678155,0.003686504001962021,0.2662935749976896,0.5491939720013761,0.0029098987579345703,694,110,1215,2,0.0,0.010000000000003633,inf,,,,,vp_no_crossing_temporal,,3,,legacy_full_scene,R_IN1,micp_comparison/results/in1_temporal_v8_full_2026-09-04/in1.csv
,,,,,,DEU_AachenBendplatz-1_124701_T-4720,scenarios/experiment_scenarios/generated_sampling/in1/DEU_AachenBendplatz-1_124701_T-4720.xml,10320,R_IN1,0,standard,20,False,False,False,0.000536407002073247,0.25193981399934273,0.0012626500029000454,0.253738871004316,,0.0005700588226318359,676,104,1197,4,,-inf,,,,,,vp_no_crossing_temporal,,1,,legacy_full_scene,R_IN1,micp_comparison/results/in1_temporal_v8_full_2026-09-04/in1.csv
,,,,,,DEU_AachenFrankenburg-1_201920_T-1939,scenarios/experiment_scenarios/ind_13/DEU_AachenFrankenburg-1_201920_T-1939.xml,10185,R_IN3_hand_draft,0,standard,20,False,False,False,0.0038518090004799888,1.2696796639975219,0.0016864950011949986,1.2752179679991968,,0.001049041748046875,2398,678,3077,4,,-inf,,,,,,lin2025,,1,legacy_2026-09-04,legacy_full_scene,R_IN3_hand_draft,micp_comparison/results/vp_aligned_2026-09-08/in3.csv
,,,,,,DEU_AachenFrankenburg-1_214320_T-4339,scenarios/experiment_scenarios/ind_13/DEU_AachenFrankenburg-1_214320_T-4339.xml,10381,R_IN3_hand_draft,0,standard,20,True,False,False,0.005763566001405707,1.3641047790006269,0.01663212899802602,1.3865004740000586,0.19596167000054265,0.015861988067626953,2404,680,3085,2,2.214798575593862e-14,0.00999999999839929,1.0,"(10379,)",,"{""t"": 5, ""s"": 57.752165158220095, ""d"": -0.02691887085829063}",,lin2025,,2,legacy_2026-09-04,legacy_full_scene,R_IN3_hand_draft,micp_comparison/results/vp_aligned_2026-09-08/in3.csv
,,,,,,DEU_AachenFrankenburg-1_231880_T-1899,scenarios/experiment_scenarios/ind_13/DEU_AachenFrankenburg-1_231880_T-1899.xml,10184,R_IN3_hand_draft,0,standard,20,True,False,False,0.003987846001109574,1.4492088639999565,0.0690413010015618,1.522238011002628,0.18733311600226443,0.06812596321105957,2380,672,3053,2,0.0,0.009999999999763531,1.0,"(10176,)",,"{""t"": 5, ""s"": 55.96837906135093, ""d"": -4.234472296261629}",,lin2025,,3,legacy_2026-09-04,legacy_full_scene,R_IN3_hand_draft,micp_comparison/results/vp_aligned_2026-09-08/in3.csv
,,,,,,DEU_AachenFrankenburg-1_26540_T-559,scenarios/experiment_scenarios/ind_13/DEU_AachenFrankenburg-1_26540_T-559.xml,10066,R_IN3_hand_draft,0,standard,20,False,False,False,0.005846571999427397,1.3061627710012544,0.0017689250016701408,1.313778268002352,,0.001087188720703125,2392,676,3069,4,,-inf,,,,,,lin2025,,12,legacy_2026-09-04,legacy_full_scene,R_IN3_hand_draft,micp_comparison/results/vp_aligned_2026-09-08/in3.csv
,,,,,,DEU_AachenFrankenburg-1_291080_T-1099,scenarios/experiment_scenarios/ind_13/DEU_AachenFrankenburg-1_291080_T-1099.xml,10131,R_IN3_hand_draft,0,standard,20,True,False,False,0.004806734999874607,1.3923157600002014,0.08191094400172005,1.479033439001796,0.19636311099748127,0.0810549259185791,2404,680,3085,2,0.0,0.01,1.0,"(10128,)",,"{""t"": 5, ""s"": 56.66536677095984, ""d"": -0.17566399472478622}",,lin2025,,4,legacy_2026-09-04,legacy_full_scene,R_IN3_hand_draft,micp_comparison/results/vp_aligned_2026-09-08/in3.csv
,,,,,,DEU_AachenFrankenburg-1_294020_T-4039,scenarios/experiment_scenarios/ind_13/DEU_AachenFrankenburg-1_294020_T-4039.xml,10394,R_IN3_hand_draft,0,standard,20,True,False,False,0.0035889139981009066,1.3896228180019534,0.05565862199728144,1.4488703539973358,0.20374248300140607,0.05482196807861328,2359,665,3025,2,0.0,0.009999999999308784,1.6,"(10389,)",,"{""t"": 8, ""s"": 56.18332836634238, ""d"": -0.009999999999962483}",,lin2025,,7,legacy_2026-09-04,legacy_full_scene,R_IN3_hand_draft,micp_comparison/results/vp_aligned_2026-09-08/in3.csv
,,,,,,DEU_AachenFrankenburg-1_183920_T-3939,scenarios/experiment_scenarios/ind_converter_2026/DEU_AachenFrankenburg-1_183920_T-3939.xml,10289,R_IN3_hand_draft,0,standard,20,True,True,True,0.0039659149988438,1.3393252120004036,0.04022429600081523,1.3835154230000626,0.3836533679968852,0.03931093215942383,2359,665,3025,2,0.0,0.00999999999839929,inf,,,,,lin2025,,7,legacy_2026-09-04,legacy_full_scene,R_IN3_hand_draft,micp_comparison/results/vp_aligned_2026-09-08/in3.csv
,,,,,,DEU_AachenFrankenburg-1_184840_T-4859,scenarios/experiment_scenarios/ind_converter_2026/DEU_AachenFrankenburg-1_184840_T-4859.xml,10366,R_IN3_hand_draft,0,standard,20,False,False,False,0.003335098001116421,1.3026512359974731,0.0017947000014828518,1.3077810340000724,,0.0011229515075683594,2344,660,3005,4,,-inf,,,,,,lin2025,,3,legacy_2026-09-04,legacy_full_scene,R_IN3_hand_draft,micp_comparison/results/vp_aligned_2026-09-08/in3.csv
,,,,,,DEU_AachenFrankenburg-1_19980_T-999,scenarios/experiment_scenarios/ind_converter_2026/DEU_AachenFrankenburg-1_19980_T-999.xml,10083,R_IN3_hand_draft,0,standard,20,False,False,False,0.004399659999762662,1.3355819360003807,0.002048522001132369,1.3420301180012757,,0.0011279582977294922,2344,660,3005,4,,-inf,,,,,,lin2025,,9,legacy_2026-09-04,legacy_full_scene,R_IN3_hand_draft,micp_comparison/results/vp_aligned_2026-09-08/in3.csv
,,,,,,DEU_AachenFrankenburg-1_202240_T-2259,scenarios/experiment_scenarios/ind_converter_2026/DEU_AachenFrankenburg-1_202240_T-2259.xml,10200,R_IN3_hand_draft,0,standard,20,True,True,True,0.003860952998365974,1.3230247409992444,0.04764612200233387,1.3745318159999442,0.21287881700118305,0.046914100646972656,2344,660,3005,2,9.129308953647906e-05,0.01,inf,,,,,lin2025,,10,legacy_2026-09-04,legacy_full_scene,R_IN3_hand_draft,micp_comparison/results/vp_aligned_2026-09-08/in3.csv
,,,,,,DEU_AachenFrankenburg-1_202720_T-2739,scenarios/experiment_scenarios/ind_converter_2026/DEU_AachenFrankenburg-1_202720_T-2739.xml,10227,R_IN3_hand_draft,0,standard,20,True,False,False,0.002727088998653926,1.3092417490042862,0.01539278600102989,1.32736162400397,0.2046750070003327,0.014425039291381836,2323,653,2977,2,0.0,0.009999999999763531,1.6,"(10225,)","[{""causes_braking"": false, ""conflict_lanelet_ids"": [], ""d"": -0.1452538912257639, ""ego_in_conflict"": false, ""ego_on_intersection"": true, ""other_in_conflict"": true, ""s"": 50.49509177784132, ""t"": 7}, {""causes_braking"": false, ""conflict_lanelet_ids"": [120], ""d"": -0.14442566261760414, ""ego_in_conflict"": true, ""ego_on_intersection"": true, ""other_in_conflict"": true, ""s"": 51.13717024342034, ""t"": 8}, {""causes_braking"": false, ""conflict_lanelet_ids"": [120], ""d"": -0.14338610491882164, ""ego_in_conflict"": true, ""ego_on_intersection"": true, ""other_in_conflict"": true, ""s"": 51.65234445113944, ""t"": 9}, {""causes_braking"": false, ""conflict_lanelet_ids"": [120], ""d"": -0.14213562049023723, ""ego_in_conflict"": true, ""ego_on_intersection"": true, ""other_in_conflict"": true, ""s"": 52.04925076450832, ""t"": 10}, {""causes_braking"": false, ""conflict_lanelet_ids"": [120], ""d"": -0.14068148373639527, ""ego_in_conflict"": true, ""ego_on_intersection"": true, ""other_in_conflict"": true, ""s"": 52.34032137981854, ""t"": 11}, {""causes_braking"": false, ""conflict_lanelet_ids"": [120], ""d"": -0.13903606243991062, ""ego_in_conflict"": true, ""ego_on_intersection"": true, ""other_in_conflict"": true, ""s"": 52.54072496043051, ""t"": 12}, {""causes_braking"": false, ""conflict_lanelet_ids"": [120], ""d"": -0.13721510415051652, ""ego_in_conflict"": true, ""ego_on_intersection"": true, ""other_in_conflict"": true, ""s"": 52.66726474878105, ""t"": 13}, {""causes_braking"": false, ""conflict_lanelet_ids"": [120], ""d"": -0.1352364089192197, ""ego_in_conflict"": true, ""ego_on_intersection"": true, ""other_in_conflict"": true, ""s"": 52.73737456487603, ""t"": 14}]","{""t"": 8, ""s"": 51.13717225641324, ""d"": -0.14442563649686435}",,lin2025,,7,legacy_2026-09-04,legacy_full_scene,R_IN3_hand_draft,micp_comparison/results/vp_aligned_2026-09-08/in3.csv
,,,,,,DEU_AachenFrankenburg-1_202900_T-2919,scenarios/experiment_scenarios/ind_converter_2026/DEU_AachenFrankenburg-1_202900_T-2919.xml,10233,R_IN3_hand_draft,0,standard,20,False,False,False,0.003237719996832311,1.3646564959999523,0.0017730530016706325,1.3696672689984553,,0.0008928775787353516,2344,660,3005,4,,-inf,,,,,,lin2025,,6,legacy_2026-09-04,legacy_full_scene,R_IN3_hand_draft,micp_comparison/results/vp_aligned_2026-09-08/in3.csv
,,,,,,DEU_AachenFrankenburg-1_206360_T-6379,scenarios/experiment_scenarios/ind_converter_2026/DEU_AachenFrankenburg-1_206360_T-6379.xml,10490,R_IN3_hand_draft,0,standard,20,True,False,False,0.0046536470035789534,1.403231764001248,0.06076717399992049,1.4686525850047474,0.224264739001228,0.05988502502441406,2368,668,3037,2,0.0,0.009999999998512976,1.4000000000000001,"(10492,)","[{""causes_braking"": false, ""conflict_lanelet_ids"": [120], ""d"": -0.8484855059393495, ""ego_in_conflict"": true, ""ego_on_intersection"": true, ""other_in_conflict"": false, ""s"": 54.68100442286157, ""t"": 6}, {""causes_braking"": false, ""conflict_lanelet_ids"": [120], ""d"": -1.2566602324590992, ""ego_in_conflict"": true, ""ego_on_intersection"": true, ""other_in_conflict"": false, ""s"": 55.45985534815648, ""t"": 7}, {""causes_braking"": false, ""conflict_lanelet_ids"": [120], ""d"": -1.723912598292693, ""ego_in_conflict"": true, ""ego_on_intersection"": true, ""other_in_conflict"": false, ""s"": 56.15817940642834, ""t"": 8}, {""causes_braking"": false, ""conflict_lanelet_ids"": [120], ""d"": -2.2342591804269554, ""ego_in_conflict"": true, ""ego_on_intersection"": true, ""other_in_conflict"": false, ""s"": 56.77236707232455, ""t"": 9}, {""causes_braking"": false, ""conflict_lanelet_ids"": [120], ""d"": -2.7711062807795965, ""ego_in_conflict"": true, ""ego_on_intersection"": true, ""other_in_conflict"": false, ""s"": 57.30215630885838, ""t"": 10}, {""causes_braking"": false, ""conflict_lanelet_ids"": [120], ""d"": -3.318224585199628, ""ego_in_conflict"": true, ""ego_on_intersection"": true, ""other_in_conflict"": false, ""s"": 57.75014290686225, ""t"": 11}, {""causes_braking"": false, ""conflict_lanelet_ids"": [120], ""d"": -3.860376825990345, ""ego_in_conflict"": true, ""ego_on_intersection"": true, ""other_in_conflict"": false, ""s"": 58.12118324435822, ""t"": 12}, {""causes_braking"": false, ""conflict_lanelet_ids"": [], ""d"": -4.383672672273743, ""ego_in_conflict"": false, ""ego_on_intersection"": true, ""other_in_conflict"": false, ""s"": 58.42177040919346, ""t"": 13}]","{""t"": 7, ""s"": 55.45985534827764, ""d"": -1.2566602324591791}",,lin2025,,2,legacy_2026-09-04,legacy_full_scene,R_IN3_hand_draft,micp_comparison/results/vp_aligned_2026-09-08/in3.csv
,,,,,,DEU_AachenFrankenburg-1_211520_T-1539,scenarios/experiment_scenarios/ind_converter_2026/DEU_AachenFrankenburg-1_211520_T-1539.xml,10159,R_IN3_hand_draft,0,standard,20,True,True,True,0.002879797997593414,1.2350900820019888,0.0408448660018621,1.2788147460014443,0.21579193099751137,0.03987693786621094,2344,660,3005,2,8.445147555845937e-05,0.01,inf,,,,,lin2025,,8,legacy_2026-09-04,legacy_full_scene,R_IN3_hand_draft,micp_comparison/results/vp_aligned_2026-09-08/in3.csv
,,,,,,DEU_AachenFrankenburg-1_2120_T-39,scenarios/experiment_scenarios/ind_converter_2026/DEU_AachenFrankenburg-1_2120_T-39.xml,10023,R_IN3_hand_draft,0,standard,20,True,True,True,0.004914975994324777,1.2426797469961457,0.11672652199922595,1.3643212449896964,0.23939221600448946,0.11589717864990234,2362,666,3029,2,0.0,0.009999999999962483,inf,,,,,lin2025,,3,legacy_2026-09-04,legacy_full_scene,R_IN3_hand_draft,micp_comparison/results/vp_aligned_2026-09-08/in3.csv
,,,,,,DEU_AachenFrankenburg-1_215560_T-5579,scenarios/experiment_scenarios/ind_converter_2026/DEU_AachenFrankenburg-1_215560_T-5579.xml,10491,R_IN3_hand_draft,0,standard,20,False,False,False,0.003979285997047555,,,,,,,,,,,,,,,,"KeyError: 0
Traceback (most recent call last):
  File ""/data_linux/Lab/commonroad-repairer-vp/micp_comparison/runner.py"", line 180, in evaluate
    lon, lat = ego.get_lon_state(0, lane), ego.get_lat_state(0, lane)
  File ""/data_linux/Lab/commonroad-stl-monitor/crmonitor/common/vehicle.py"", line 443, in get_lon_state
    states = self.ccosy_cache.get_curvilinear_state(self.states_cr[time_step], lane)
KeyError: 0
",lin2025,,10,legacy_2026-09-04,legacy_full_scene,R_IN3_hand_draft,micp_comparison/results/vp_aligned_2026-09-08/in3.csv
,,,,,,DEU_AachenFrankenburg-1_223120_T-3139,scenarios/experiment_scenarios/ind_converter_2026/DEU_AachenFrankenburg-1_223120_T-3139.xml,10286,R_IN3_hand_draft,0,standard,20,False,False,False,0.004036096994241234,1.262583038995217,0.0016530680004507303,1.268272203989909,,0.0010368824005126953,2344,660,3005,4,,-inf,,,,,,lin2025,,14,legacy_2026-09-04,legacy_full_scene,R_IN3_hand_draft,micp_comparison/results/vp_aligned_2026-09-08/in3.csv
,,,,,,DEU_AachenFrankenburg-1_223120_T-3139,scenarios/experiment_scenarios/ind_converter_2026/DEU_AachenFrankenburg-1_223120_T-3139.xml,10294,R_IN3_hand_draft,0,standard,20,True,False,False,0.004852219000895275,1.2103922060014156,0.014254499998060055,1.229498925000371,0.31450298900017515,0.013470888137817383,2284,640,2925,2,0.0,0.01,3.8000000000000003,"(10301,)","[{""causes_braking"": true, ""conflict_lanelet_ids"": [108], ""d"": -1.1950170642734703, ""ego_in_conflict"": true, ""ego_on_intersection"": true, ""other_in_conflict"": false, ""s"": 53.334015009737996, ""t"": 18}, {""causes_braking"": true, ""conflict_lanelet_ids"": [108], ""d"": -1.1713303666486548, ""ego_in_conflict"": true, ""ego_on_intersection"": true, ""other_in_conflict"": false, ""s"": 53.336015022819105, ""t"": 19}]","{""t"": 19, ""s"": 53.336015853250245, ""d"": -1.1713303562559687}",,lin2025,,13,legacy_2026-09-04,legacy_full_scene,R_IN3_hand_draft,micp_comparison/results/vp_aligned_2026-09-08/in3.csv
,,,,,,DEU_AachenFrankenburg-1_233380_T-3399,scenarios/experiment_scenarios/ind_converter_2026/DEU_AachenFrankenburg-1_233380_T-3399.xml,10319,R_IN3_hand_draft,0,standard,20,False,False,False,0.004995289997168584,1.322550131000753,0.001849219999712659,1.3293946409976343,,0.0010938644409179688,2383,673,3057,4,,-inf,,,,,,lin2025,,12,legacy_2026-09-04,legacy_full_scene,R_IN3_hand_draft,micp_comparison/results/vp_aligned_2026-09-08/in3.csv
,,,,,,DEU_AachenFrankenburg-1_233960_T-3979,scenarios/experiment_scenarios/ind_converter_2026/DEU_AachenFrankenburg-1_233960_T-3979.xml,10382,R_IN3_hand_draft,0,standard,20,True,True,True,0.002691890000278363,1.337724500997865,0.0439317039999878,1.3843480949981313,0.19017479800095316,0.04314112663269043,2335,657,2993,2,0.0,0.01,inf,,,,,lin2025,,6,legacy_2026-09-04,legacy_full_scene,R_IN3_hand_draft,micp_comparison/results/vp_aligned_2026-09-08/in3.csv
,,,,,,DEU_AachenFrankenburg-1_243980_T-3999,scenarios/experiment_scenarios/ind_converter_2026/DEU_AachenFrankenburg-1_243980_T-3999.xml,10377,R_IN3_hand_draft,0,standard,20,False,False,False,0.004319864001445239,1.3801506490017346,0.001972609999938868,1.3864431230031187,,0.001138925552368164,2344,660,3005,4,,-inf,,,,,,lin2025,,10,legacy_2026-09-04,legacy_full_scene,R_IN3_hand_draft,micp_comparison/results/vp_aligned_2026-09-08/in3.csv
,,,,,,DEU_AachenFrankenburg-1_25120_T-139,scenarios/experiment_scenarios/ind_converter_2026/DEU_AachenFrankenburg-1_25120_T-139.xml,10031,R_IN3_hand_draft,0,standard,20,True,True,True,0.006390022001141915,1.4085524750007608,0.09240529399903608,1.5073477910009387,0.2431898810027633,0.09152603149414062,2404,680,3085,2,0.0,0.00999999999839929,inf,,,,,lin2025,,10,legacy_2026-09-04,legacy_full_scene,R_IN3_hand_draft,micp_comparison/results/vp_aligned_2026-09-08/in3.csv
,,,,,,DEU_AachenFrankenburg-1_253060_T-3079,scenarios/experiment_scenarios/ind_converter_2026/DEU_AachenFrankenburg-1_253060_T-3079.xml,10269,R_IN3_hand_draft,0,standard,20,True,True,True,0.004637748999812175,1.395302057000663,0.01521788000172819,1.4151576860022033,0.22317501199722756,0.014435052871704102,2374,670,3045,2,0.0,0.01,inf,,,,,lin2025,,12,legacy_2026-09-04,legacy_full_scene,R_IN3_hand_draft,micp_comparison/results/vp_aligned_2026-09-08/in3.csv
,,,,,,DEU_AachenFrankenburg-1_255300_T-5319,scenarios/experiment_scenarios/ind_converter_2026/DEU_AachenFrankenburg-1_255300_T-5319.xml,10465,R_IN3_hand_draft,0,standard,20,True,True,True,0.0030177990010997746,1.4011267440000665,0.04346595599781722,1.4476104989989835,0.3916833180010144,0.042627811431884766,2365,667,3033,2,0.0,0.01,inf,,,,,lin2025,,9,legacy_2026-09-04,legacy_full_scene,R_IN3_hand_draft,micp_comparison/results/vp_aligned_2026-09-08/in3.csv
,,,,,,DEU_AachenFrankenburg-1_255460_T-5479,scenarios/experiment_scenarios/ind_converter_2026/DEU_AachenFrankenburg-1_255460_T-5479.xml,10478,R_IN3_hand_draft,0,standard,20,True,False,False,0.003030373001820408,1.3919100839993916,0.015260622996720485,1.4102010799979325,0.20612622200133046,0.014402151107788086,2338,658,2997,2,0.0,0.00999999999839929,1.0,"(10470,)",,"{""t"": 5, ""s"": 57.34050989572886, ""d"": -1.2347578058745423}",,lin2025,,4,legacy_2026-09-04,legacy_full_scene,R_IN3_hand_draft,micp_comparison/results/vp_aligned_2026-09-08/in3.csv
,,,,,,DEU_AachenFrankenburg-1_26540_T-559,scenarios/experiment_scenarios/ind_converter_2026/DEU_AachenFrankenburg-1_26540_T-559.xml,10060,R_IN3_hand_draft,0,standard,20,True,True,True,0.006094741998822428,1.3266231679990597,0.04100495300008333,1.3737228629979654,0.24886134000189486,0.040222883224487305,2353,663,3017,2,0.0,0.009999999998854037,inf,,,,,lin2025,,12,legacy_2026-09-04,legacy_full_scene,R_IN3_hand_draft,micp_comparison/results/vp_aligned_2026-09-08/in3.csv
,,,,,,DEU_AachenFrankenburg-1_281720_T-1739,scenarios/experiment_scenarios/ind_converter_2026/DEU_AachenFrankenburg-1_281720_T-1739.xml,10161,R_IN3_hand_draft,0,standard,20,True,True,True,0.003939547998015769,1.3599337409978034,0.0846419400004379,1.448515228996257,0.39335104799829423,0.08383512496948242,2362,666,3029,2,0.0,0.00999999999908141,inf,,,,,lin2025,,11,legacy_2026-09-04,legacy_full_scene,R_IN3_hand_draft,micp_comparison/results/vp_aligned_2026-09-08/in3.csv
,,,,,,DEU_AachenFrankenburg-1_281820_T-1839,scenarios/experiment_scenarios/ind_converter_2026/DEU_AachenFrankenburg-1_281820_T-1839.xml,10173,R_IN3_hand_draft,0,standard,20,True,True,True,0.00519444199744612,1.436011284000415,0.06776002200058429,1.5089657479984453,0.24686706499778666,0.06670999526977539,2404,680,3085,2,0.0,0.01,inf,,,,,lin2025,,7,legacy_2026-09-04,legacy_full_scene,R_IN3_hand_draft,micp_comparison/results/vp_aligned_2026-09-08/in3.csv
,,,,,,DEU_AachenFrankenburg-1_201920_T-1939_in3_safe_variant_00,scenarios/experiment_scenarios/variants/in3/DEU_AachenFrankenburg-1_201920_T-1939_in3_safe_variant_00.xml,10185,R_IN3_hand_draft,0,standard,20,True,False,False,0.004275268998753745,1.4165659040008904,0.08404040100140264,1.5048815740010468,0.21242033800081117,0.08303189277648926,2395,677,3073,2,0.0,0.01,1.0,"(10183,)",,"{""t"": 5, ""s"": 59.62023151304578, ""d"": -11.723784607293055}",,lin2025,,3,legacy_2026-09-04,legacy_full_scene,R_IN3_hand_draft,micp_comparison/results/vp_aligned_2026-09-08/in3.csv
,,,,,,DEU_AachenFrankenburg-1_201920_T-1939_in3_safe_variant_01,scenarios/experiment_scenarios/variants/in3/DEU_AachenFrankenburg-1_201920_T-1939_in3_safe_variant_01.xml,10185,R_IN3_hand_draft,0,standard,20,True,False,False,0.004276726998796221,1.4227014660064015,0.07887156999640865,1.5058497630016063,0.21107322399620898,0.07808685302734375,2395,677,3073,2,2.323408131577352e-16,0.01,1.0,"(10183,)",,"{""t"": 5, ""s"": 59.839060442358516, ""d"": -11.028823798767462}",,lin2025,,3,legacy_2026-09-04,legacy_full_scene,R_IN3_hand_draft,micp_comparison/results/vp_aligned_2026-09-08/in3.csv
,,,,,,DEU_AachenFrankenburg-1_214320_T-4339_in3_safe_variant_04,scenarios/experiment_scenarios/variants/in3/DEU_AachenFrankenburg-1_214320_T-4339_in3_safe_variant_04.xml,10381,R_IN3_hand_draft,0,standard,20,True,False,False,0.005632826003420632,1.3393079029992805,0.04068339799414389,1.385624126996845,0.22367778100306168,0.03963899612426758,2404,680,3085,2,0.0,0.01,1.0,"(10379,)",,"{""t"": 5, ""s"": 56.75558131398873, ""d"": -1.5055345929979325}",,lin2025,,4,legacy_2026-09-04,legacy_full_scene,R_IN3_hand_draft,micp_comparison/results/vp_aligned_2026-09-08/in3.csv
,,,,,,DEU_AachenFrankenburg-1_231880_T-1899_in3_safe_variant_06,scenarios/experiment_scenarios/variants/in3/DEU_AachenFrankenburg-1_231880_T-1899_in3_safe_variant_06.xml,10184,R_IN3_hand_draft,0,standard,20,True,True,True,0.0039610570020158775,1.3034661149940803,0.08156840400624787,1.388995576002344,0.422462260001339,0.08068609237670898,2380,672,3053,2,0.0,0.01,inf,,,,,lin2025,,6,legacy_2026-09-04,legacy_full_scene,R_IN3_hand_draft,micp_comparison/results/vp_aligned_2026-09-08/in3.csv
,,,,,,DEU_AachenFrankenburg-1_231880_T-1899_in3_safe_variant_07,scenarios/experiment_scenarios/variants/in3/DEU_AachenFrankenburg-1_231880_T-1899_in3_safe_variant_07.xml,10184,R_IN3_hand_draft,0,standard,20,True,False,False,0.0041632630018284544,1.3906214169983286,0.041788267000811175,1.4365729470009683,0.23515600500104483,0.040930986404418945,2380,672,3053,2,0.0,0.01,1.4000000000000001,"(10176,)",,"{""t"": 7, ""s"": 55.400171418266524, ""d"": -2.296414527558621}",,lin2025,,6,legacy_2026-09-04,legacy_full_scene,R_IN3_hand_draft,micp_comparison/results/vp_aligned_2026-09-08/in3.csv
,,,,,,DEU_TestIntersectionInteract-3_1_T-1_in3_variant_00,scenarios/experiment_scenarios/variants/in3/DEU_TestIntersectionInteract-3_1_T-1_in3_variant_00.xml,30,R_IN3_hand_draft,0,standard,51,True,True,True,0.00512469100067392,3.1947946489999595,0.048540075000346405,3.24845941500098,0.28493178900316707,0.047538042068481445,5968,1682,7651,2,1.807413031797779e-14,0.00999999999839929,inf,,,,,lin2025,,27,legacy_2026-09-04,legacy_full_scene,R_IN3_hand_draft,micp_comparison/results/vp_aligned_2026-09-08/in3.csv
,,,,,,DEU_TestIntersectionInteract-3_1_T-1_in3_variant_01,scenarios/experiment_scenarios/variants/in3/DEU_TestIntersectionInteract-3_1_T-1_in3_variant_01.xml,30,R_IN3_hand_draft,0,standard,51,True,True,True,0.003934271000616718,3.290870550998079,0.11056458600069163,3.4053694079993875,0.2969648620019143,0.10923910140991211,5920,1666,7587,2,9.360681214023471e-05,0.00999999999839929,inf,,,,,lin2025,,26,legacy_2026-09-04,legacy_full_scene,R_IN3_hand_draft,micp_comparison/results/vp_aligned_2026-09-08/in3.csv
,,,,,,DEU_TestIntersectionInteract-3_1_T-1_in3_variant_02,scenarios/experiment_scenarios/variants/in3/DEU_TestIntersectionInteract-3_1_T-1_in3_variant_02.xml,30,R_IN3_hand_draft,0,standard,51,True,True,True,0.00509494700236246,3.487900066000293,0.05062525799803552,3.543620271000691,0.2983002969995141,0.049201011657714844,5962,1680,7643,2,0.0,0.00999999999839929,inf,,,,,lin2025,,25,legacy_2026-09-04,legacy_full_scene,R_IN3_hand_draft,micp_comparison/results/vp_aligned_2026-09-08/in3.csv
,,,,,,DEU_AachenFrankenburg-1_294020_T-4039_in3_safe_variant_29,scenarios/experiment_scenarios/variants/in3/DEU_AachenFrankenburg-1_294020_T-4039_in3_safe_variant_29.xml,10394,R_IN3_hand_draft,0,standard,20,True,False,False,0.0034905640022770967,1.475770469998679,0.0151449019977008,1.4944059359986568,0.19663621399740805,0.014140844345092773,2356,664,3021,2,0.0,0.01,1.0,"(10389,)",,"{""t"": 5, ""s"": 56.241407159287746, ""d"": -0.10728157558856533}",,lin2025,,5,legacy_2026-09-04,legacy_full_scene,R_IN3_hand_draft,micp_comparison/results/vp_aligned_2026-09-08/in3.csv
,,,,,,DEU_AachenFrankenburg-1_26540_T-559_in3_safe_variant_32,scenarios/experiment_scenarios/variants/in3/DEU_AachenFrankenburg-1_26540_T-559_in3_safe_variant_32.xml,10066,R_IN3_hand_draft,0,standard,20,False,False,False,0.005802677002066048,1.3769455879992165,0.0017215249972650781,1.3844697899985476,,0.0010809898376464844,2392,676,3069,4,,-inf,,,,,,lin2025,,10,legacy_2026-09-04,legacy_full_scene,R_IN3_hand_draft,micp_comparison/results/vp_aligned_2026-09-08/in3.csv
,,,,,,DEU_AachenFrankenburg-1_291080_T-1099_in3_safe_variant_35,scenarios/experiment_scenarios/variants/in3/DEU_AachenFrankenburg-1_291080_T-1099_in3_safe_variant_35.xml,10131,R_IN3_hand_draft,0,standard,20,True,False,False,0.004396586002258118,1.3536644619998697,0.10689338399970438,1.4649544320018322,0.19484491600087495,0.1060340404510498,2404,680,3085,2,0.0,0.009999999999308784,1.2000000000000002,"(10128,)",,"{""t"": 6, ""s"": 55.92754331909539, ""d"": -0.009999999999969589}",,lin2025,,6,legacy_2026-09-04,legacy_full_scene,R_IN3_hand_draft,micp_comparison/results/vp_aligned_2026-09-08/in3.csv
,,,,,,DEU_AachenFrankenburg-1_26540_T-559_in3_safe_variant_40,scenarios/experiment_scenarios/variants/in3/DEU_AachenFrankenburg-1_26540_T-559_in3_safe_variant_40.xml,10066,R_IN3_hand_draft,0,standard,20,False,False,False,0.005686835000233259,1.4020500590013398,0.0017995200032601133,1.4095364140048332,,0.0011260509490966797,2392,676,3069,4,,-inf,,,,,,lin2025,,10,legacy_2026-09-04,legacy_full_scene,R_IN3_hand_draft,micp_comparison/results/vp_aligned_2026-09-08/in3.csv
,,,,,,DEU_AachenFrankenburg-1_291080_T-1099_in3_safe_variant_43,scenarios/experiment_scenarios/variants/in3/DEU_AachenFrankenburg-1_291080_T-1099_in3_safe_variant_43.xml,10131,R_IN3_hand_draft,0,standard,20,True,False,False,0.004510063001362141,1.3610999369993806,0.046932953999203164,1.412542953999946,0.203974695999932,0.045903921127319336,2404,680,3085,2,0.0,0.01,1.2000000000000002,"(10128,)",,"{""t"": 6, ""s"": 56.14228270038524, ""d"": -0.34619644846956454}",,lin2025,,6,legacy_2026-09-04,legacy_full_scene,R_IN3_hand_draft,micp_comparison/results/vp_aligned_2026-09-08/in3.csv
,,,,,,DEU_AachenFrankenburg-1_214320_T-4339_in3_safe_variant_47,scenarios/experiment_scenarios/variants/in3/DEU_AachenFrankenburg-1_214320_T-4339_in3_safe_variant_47.xml,10381,R_IN3_hand_draft,0,standard,20,True,False,False,0.005685202999302419,1.3872229880034865,0.03815012000268325,1.4310583110054722,0.4324057339981664,0.03730201721191406,2404,680,3085,2,0.0,0.01,1.0,"(10379,)",,"{""t"": 5, ""s"": 56.85271790109823, ""d"": -1.6857269564489386}",,lin2025,,4,legacy_2026-09-04,legacy_full_scene,R_IN3_hand_draft,micp_comparison/results/vp_aligned_2026-09-08/in3.csv
,,,,,,DEU_AachenFrankenburg-1_231880_T-1899_in3_safe_variant_48,scenarios/experiment_scenarios/variants/in3/DEU_AachenFrankenburg-1_231880_T-1899_in3_safe_variant_48.xml,10184,R_IN3_hand_draft,0,standard,20,True,False,False,0.004029034000268439,1.408986852002272,0.04163313399840263,1.454649020000943,0.20912895600122283,0.04062819480895996,2380,672,3053,2,0.0,0.01,1.0,"(10176,)",,"{""t"": 5, ""s"": 55.548699159864015, ""d"": -0.6702711766283898}",,lin2025,,6,legacy_2026-09-04,legacy_full_scene,R_IN3_hand_draft,micp_comparison/results/vp_aligned_2026-09-08/in3.csv
,,,,,,DEU_AachenFrankenburg-1_26540_T-559_in3_safe_variant_50,scenarios/experiment_scenarios/variants/in3/DEU_AachenFrankenburg-1_26540_T-559_in3_safe_variant_50.xml,10066,R_IN3_hand_draft,0,standard,20,False,False,False,0.00605679699947359,1.41488661999756,0.0019774570027948357,1.4229208739998285,,0.0011448860168457031,2392,676,3069,4,,-inf,,,,,,lin2025,,10,legacy_2026-09-04,legacy_full_scene,R_IN3_hand_draft,micp_comparison/results/vp_aligned_2026-09-08/in3.csv
,,,,,,DEU_AachenFrankenburg-1_291080_T-1099_in3_safe_variant_53,scenarios/experiment_scenarios/variants/in3/DEU_AachenFrankenburg-1_291080_T-1099_in3_safe_variant_53.xml,10131,R_IN3_hand_draft,0,standard,20,True,False,False,0.004732977002277039,1.428664408995246,0.13689486800285522,1.5702922540003783,0.22621631200308912,0.13605809211730957,2404,680,3085,2,0.0,0.01,1.2000000000000002,"(10128,)",,"{""t"": 6, ""s"": 55.914356082711265, ""d"": -0.009999999999969589}",,lin2025,,6,legacy_2026-09-04,legacy_full_scene,R_IN3_hand_draft,micp_comparison/results/vp_aligned_2026-09-08/in3.csv
,,,,,,DEU_AachenFrankenburg-1_214320_T-4339_in3_safe_variant_57,scenarios/experiment_scenarios/variants/in3/DEU_AachenFrankenburg-1_214320_T-4339_in3_safe_variant_57.xml,10381,R_IN3_hand_draft,0,standard,20,True,False,False,0.005284504994051531,1.358887868002057,0.04076282399910269,1.4049351969952113,0.21908813699701568,0.039871931076049805,2404,680,3085,2,0.0,0.01,1.0,"(10379,)",,"{""t"": 5, ""s"": 55.61671406692312, ""d"": -0.489922597480561}",,lin2025,,4,legacy_2026-09-04,legacy_full_scene,R_IN3_hand_draft,micp_comparison/results/vp_aligned_2026-09-08/in3.csv
,,,,,,DEU_AachenFrankenburg-1_231880_T-1899_in3_safe_variant_58,scenarios/experiment_scenarios/variants/in3/DEU_AachenFrankenburg-1_231880_T-1899_in3_safe_variant_58.xml,10184,R_IN3_hand_draft,0,standard,20,True,True,True,0.004287402000045404,1.2838990340023884,0.07100825900124619,1.35919469500368,0.22475241599750007,0.07016110420227051,2380,672,3053,2,0.0,0.01,inf,,,,,lin2025,,7,legacy_2026-09-04,legacy_full_scene,R_IN3_hand_draft,micp_comparison/results/vp_aligned_2026-09-08/in3.csv
,,,,,,DEU_AachenFrankenburg-1_26540_T-559_in3_safe_variant_60,scenarios/experiment_scenarios/variants/in3/DEU_AachenFrankenburg-1_26540_T-559_in3_safe_variant_60.xml,10066,R_IN3_hand_draft,0,standard,20,False,False,False,0.005769575996964704,1.3063743000020622,0.0018368550008744933,1.3139807309999014,,0.0011510848999023438,2392,676,3069,4,,-inf,,,,,,lin2025,,10,legacy_2026-09-04,legacy_full_scene,R_IN3_hand_draft,micp_comparison/results/vp_aligned_2026-09-08/in3.csv
,,,,,,DEU_AachenFrankenburg-1_291080_T-1099_in3_safe_variant_63,scenarios/experiment_scenarios/variants/in3/DEU_AachenFrankenburg-1_291080_T-1099_in3_safe_variant_63.xml,10131,R_IN3_hand_draft,0,standard,20,True,False,False,0.004507978999754414,1.3020732029981446,0.05233117999887327,1.3589123619967722,0.2188857619985356,0.05167698860168457,2404,680,3085,2,0.0,0.009999999999308784,1.2000000000000002,"(10128,)",,"{""t"": 6, ""s"": 55.87203206302448, ""d"": -0.009999999999969589}",,lin2025,,6,legacy_2026-09-04,legacy_full_scene,R_IN3_hand_draft,micp_comparison/results/vp_aligned_2026-09-08/in3.csv
,,,,,,DEU_AachenFrankenburg-1_223121_T-3140,scenarios/experiment_scenarios/generated_micp/in3/DEU_AachenFrankenburg-1_223121_T-3140.xml,10286,R_IN3_hand_draft,0,standard,20,False,False,False,0.004088526000487036,1.3573367330009205,0.0016484360003232723,1.3630736950017308,,0.0010170936584472656,2344,660,3005,4,,-inf,,,,,,lin2025,10301,13,vp_gap_fill_2026-09-08,fixed_vehicle_pair,R_IN3_hand_draft,micp_comparison/results/vp_aligned_2026-09-08/in3.csv
,,,,,,DEU_AachenFrankenburg-1_223122_T-3141,scenarios/experiment_scenarios/generated_micp/in3/DEU_AachenFrankenburg-1_223122_T-3141.xml,10286,R_IN3_hand_draft,0,standard,20,False,False,False,0.004316847998779849,1.3268168780014093,0.0017494120002083946,1.3328831380003976,,0.001088857650756836,2344,660,3005,4,,-inf,,,,,,lin2025,10301,12,vp_gap_fill_2026-09-08,fixed_vehicle_pair,R_IN3_hand_draft,micp_comparison/results/vp_aligned_2026-09-08/in3.csv
,,,,,,DEU_AachenFrankenburg-1_223124_T-3143,scenarios/experiment_scenarios/generated_micp/in3/DEU_AachenFrankenburg-1_223124_T-3143.xml,10286,R_IN3_hand_draft,0,standard,20,False,False,False,0.0043292800000926945,1.2959591559992987,0.0017050200003723148,1.3019934559997637,,0.0010700225830078125,2344,660,3005,4,,-inf,,,,,,lin2025,10301,10,vp_gap_fill_2026-09-08,fixed_vehicle_pair,R_IN3_hand_draft,micp_comparison/results/vp_aligned_2026-09-08/in3.csv
,,,,,,DEU_AachenFrankenburg-1_223123_T-3142,scenarios/experiment_scenarios/generated_micp/in3/DEU_AachenFrankenburg-1_223123_T-3142.xml,10286,R_IN3_hand_draft,0,standard,20,False,False,False,0.004559656999845174,1.382482135999453,0.002287042001626105,1.3893288350009243,,0.0011911392211914062,2344,660,3005,4,,-inf,,,,,,lin2025,10301,11,vp_gap_fill_2026-09-08,fixed_vehicle_pair,R_IN3_hand_draft,micp_comparison/results/vp_aligned_2026-09-08/in3.csv
,,,,,,DEU_AachenFrankenburg-1_253058_T-3077,scenarios/experiment_scenarios/generated_micp/in3/DEU_AachenFrankenburg-1_253058_T-3077.xml,10269,R_IN3_hand_draft,0,standard,20,True,True,True,0.004116921998502221,1.3481157339992933,0.01547648399900936,1.3677091399968049,0.20293423600014648,0.01474905014038086,2380,672,3053,2,0.0,0.01,inf,,,,,lin2025,10265,14,vp_gap_fill_2026-09-08,fixed_vehicle_pair,R_IN3_hand_draft,micp_comparison/results/vp_aligned_2026-09-08/in3.csv
,,,,,,DEU_AachenFrankenburg-1_223125_T-3144,scenarios/experiment_scenarios/generated_micp/in3/DEU_AachenFrankenburg-1_223125_T-3144.xml,10286,R_IN3_hand_draft,0,standard,20,False,False,False,0.00496843099972466,1.5185398169996915,0.002477021000231616,1.5259852689996478,,0.0016281604766845703,2344,660,3005,4,,-inf,,,,,,lin2025,10301,9,vp_gap_fill_2026-09-08,fixed_vehicle_pair,R_IN3_hand_draft,micp_comparison/results/vp_aligned_2026-09-08/in3.csv
,,,,,,DEU_AachenFrankenburg-1_253059_T-3078,scenarios/experiment_scenarios/generated_micp/in3/DEU_AachenFrankenburg-1_253059_T-3078.xml,10269,R_IN3_hand_draft,0,standard,20,True,True,True,0.004365651000625803,1.388479549999829,0.015353161001257831,1.4081983620017127,0.20328397499906714,0.014451026916503906,2377,671,3049,2,0.0,0.01,inf,,,,,lin2025,10265,13,vp_gap_fill_2026-09-08,fixed_vehicle_pair,R_IN3_hand_draft,micp_comparison/results/vp_aligned_2026-09-08/in3.csv
,,,,,,DEU_AachenFrankenburg-1_253061_T-3080,scenarios/experiment_scenarios/generated_micp/in3/DEU_AachenFrankenburg-1_253061_T-3080.xml,10269,R_IN3_hand_draft,0,standard,20,True,True,True,0.004774115001055179,1.464793880999423,0.01689771900055348,1.4864657150010316,0.2352628580010787,0.015810012817382812,2371,669,3041,2,0.0,0.01,inf,,,,,lin2025,10265,11,vp_gap_fill_2026-09-08,fixed_vehicle_pair,R_IN3_hand_draft,micp_comparison/results/vp_aligned_2026-09-08/in3.csv
,,,,,,DEU_AachenFrankenburg-1_253062_T-3081,scenarios/experiment_scenarios/generated_micp/in3/DEU_AachenFrankenburg-1_253062_T-3081.xml,10269,R_IN3_hand_draft,0,standard,20,True,True,True,0.006204592000358389,2.1542827949997445,0.022289766999165295,2.182777153999268,0.2988863750015298,0.019725799560546875,2368,668,3037,2,0.0,0.009999999999763531,inf,,,,,lin2025,10265,10,vp_gap_fill_2026-09-08,fixed_vehicle_pair,R_IN3_hand_draft,micp_comparison/results/vp_aligned_2026-09-08/in3.csv
,,,,,,DEU_AachenFrankenburg-1_253063_T-3082,scenarios/experiment_scenarios/generated_micp/in3/DEU_AachenFrankenburg-1_253063_T-3082.xml,10269,R_IN3_hand_draft,0,standard,20,True,True,True,0.005289548998916871,1.5185385870008759,0.017370031999234925,1.5411981679990276,0.39050744000087434,0.016476869583129883,2368,668,3037,2,0.0,0.01,inf,,,,,lin2025,10265,9,vp_gap_fill_2026-09-08,fixed_vehicle_pair,R_IN3_hand_draft,micp_comparison/results/vp_aligned_2026-09-08/in3.csv
,,,,,,DEU_AachenFrankenburg-1_253064_T-3083,scenarios/experiment_scenarios/generated_micp/in3/DEU_AachenFrankenburg-1_253064_T-3083.xml,10269,R_IN3_hand_draft,0,standard,20,True,False,False,0.004714952001450001,1.4631045180012734,0.01649983099923702,1.4843193010019604,0.2186042580015055,0.015722036361694336,2368,668,3037,2,0.0,0.009999999999763531,1.4000000000000001,"(10265,)",,"{""t"": 7, ""s"": 111.093630275451, ""d"": -1.0949590001873455}",,lin2025,10265,8,vp_gap_fill_2026-09-08,fixed_vehicle_pair,R_IN3_hand_draft,micp_comparison/results/vp_aligned_2026-09-08/in3.csv
,,,,,,DEU_AachenFrankenburg-1_253065_T-3084,scenarios/experiment_scenarios/generated_micp/in3/DEU_AachenFrankenburg-1_253065_T-3084.xml,10269,R_IN3_hand_draft,0,standard,20,True,False,False,0.004421642001034343,1.342456238999148,0.015410788999361102,1.3622886699995433,0.2548164820000238,0.014609098434448242,2368,668,3037,2,0.0,0.009999999999763531,1.0,"(10265,)",,"{""t"": 5, ""s"": 111.10962124590031, ""d"": -1.138217329908655}",,lin2025,10265,7,vp_gap_fill_2026-09-08,fixed_vehicle_pair,R_IN3_hand_draft,micp_comparison/results/vp_aligned_2026-09-08/in3.csv
,,,,,,DEU_AachenFrankenburg-1_281717_T-1736,scenarios/experiment_scenarios/generated_micp/in3/DEU_AachenFrankenburg-1_281717_T-1736.xml,10161,R_IN3_hand_draft,0,standard,20,True,True,True,0.0036279960004321765,1.3924591900013183,0.063007872999151,1.4590950590009015,0.21318720399904123,0.06216692924499512,2353,663,3017,2,0.0,0.00999999999908141,inf,,,,,lin2025,10162,14,vp_gap_fill_2026-09-08,fixed_vehicle_pair,R_IN3_hand_draft,micp_comparison/results/vp_aligned_2026-09-08/in3.csv
,,,,,,DEU_AachenFrankenburg-1_281718_T-1737,scenarios/experiment_scenarios/generated_micp/in3/DEU_AachenFrankenburg-1_281718_T-1737.xml,10161,R_IN3_hand_draft,0,standard,20,True,True,True,0.004208682999887969,1.4156994540007872,0.08012993800002732,1.5000380750007025,0.2353493080008775,0.07936215400695801,2356,664,3021,2,0.0,0.00999999999908141,inf,,,,,lin2025,10162,13,vp_gap_fill_2026-09-08,fixed_vehicle_pair,R_IN3_hand_draft,micp_comparison/results/vp_aligned_2026-09-08/in3.csv
,,,,,,DEU_AachenFrankenburg-1_281719_T-1738,scenarios/experiment_scenarios/generated_micp/in3/DEU_AachenFrankenburg-1_281719_T-1738.xml,10161,R_IN3_hand_draft,0,standard,20,True,True,True,0.005773020000560791,1.9016841289994773,0.08236021499942581,1.9898173639994639,0.2846473529989453,0.08082699775695801,2359,665,3025,2,0.0,0.00999999999908141,inf,,,,,lin2025,10162,12,vp_gap_fill_2026-09-08,fixed_vehicle_pair,R_IN3_hand_draft,micp_comparison/results/vp_aligned_2026-09-08/in3.csv
,,,,,,DEU_AachenFrankenburg-1_281721_T-1740,scenarios/experiment_scenarios/generated_micp/in3/DEU_AachenFrankenburg-1_281721_T-1740.xml,10161,R_IN3_hand_draft,0,standard,20,True,True,True,0.004923507000057725,2.59336465099841,0.06995584399919608,2.668244001997664,0.26848981399962213,0.06852412223815918,2362,666,3029,2,0.0,0.009999999997489795,inf,,,,,lin2025,10162,10,vp_gap_fill_2026-09-08,fixed_vehicle_pair,R_IN3_hand_draft,micp_comparison/results/vp_aligned_2026-09-08/in3.csv
,,,,,,DEU_AachenFrankenburg-1_281722_T-1741,scenarios/experiment_scenarios/generated_micp/in3/DEU_AachenFrankenburg-1_281722_T-1741.xml,10161,R_IN3_hand_draft,0,standard,20,True,True,True,0.00841128800129809,2.490308227001151,0.04920558300000266,2.5479250980024517,0.2955088029993931,0.0472111701965332,2362,666,3029,2,0.0,0.01,inf,,,,,lin2025,10162,9,vp_gap_fill_2026-09-08,fixed_vehicle_pair,R_IN3_hand_draft,micp_comparison/results/vp_aligned_2026-09-08/in3.csv
,,,,,,DEU_AachenFrankenburg-1_281723_T-1742,scenarios/experiment_scenarios/generated_micp/in3/DEU_AachenFrankenburg-1_281723_T-1742.xml,10161,R_IN3_hand_draft,0,standard,20,True,True,True,0.004693062999649555,2.3918121200003952,0.07457408899972506,2.47107927199977,0.36732390799988934,0.07287311553955078,2362,666,3029,2,2.4104749646862098e-05,0.01,inf,,,,,lin2025,10162,8,vp_gap_fill_2026-09-08,fixed_vehicle_pair,R_IN3_hand_draft,micp_comparison/results/vp_aligned_2026-09-08/in3.csv
,,,,,,DEU_AachenFrankenburg-1_281724_T-1743,scenarios/experiment_scenarios/generated_micp/in3/DEU_AachenFrankenburg-1_281724_T-1743.xml,10161,R_IN3_hand_draft,0,standard,20,True,True,True,0.0038839509998069843,1.660126738001054,0.04706737699962105,1.711078066000482,0.2496485039991967,0.04627799987792969,2362,666,3029,2,0.0,0.01,inf,,,,,lin2025,10162,7,vp_gap_fill_2026-09-08,fixed_vehicle_pair,R_IN3_hand_draft,micp_comparison/results/vp_aligned_2026-09-08/in3.csv
all_cases,True,False,False,0.925622143999135,128,DEU_AachenFrankenburg-1_265260_T-5279,scenarios/experiment_scenarios/ind_2024/DEU_AachenFrankenburg-1_265260_T-5279.xml,10453,R_IN4,0,standard,20,True,False,False,0.0073803739996947115,1.3189353280013165,0.014276404999691295,1.3405921070007025,0.25514938500054996,0.013542890548706055,2380,672,3053,2,0.0,0.00999999999874035,3.4000000000000004,"(10454,)","[{""causes_braking"": false, ""conflict_lanelet_ids"": [114], ""d"": -1.303238060618699, ""ego_in_conflict"": true, ""ego_on_intersection"": true, ""other_in_conflict"": true, ""s"": 69.93828417528263, ""t"": 16}, {""causes_braking"": false, ""conflict_lanelet_ids"": [114], ""d"": -1.2799193650259553, ""ego_in_conflict"": true, ""ego_on_intersection"": true, ""other_in_conflict"": true, ""s"": 70.2411585483784, ""t"": 17}, {""causes_braking"": false, ""conflict_lanelet_ids"": [114], ""d"": -1.2557378736931462, ""ego_in_conflict"": true, ""ego_on_intersection"": true, ""other_in_conflict"": true, ""s"": 70.5274162250355, ""t"": 18}, {""causes_braking"": false, ""conflict_lanelet_ids"": [114], ""d"": -1.2308476770654821, ""ego_in_conflict"": true, ""ego_on_intersection"": true, ""other_in_conflict"": true, ""s"": 70.79048393060579, ""t"": 19}]","{""t"": 17, ""s"": 70.24116195177378, ""d"": -1.279919467592205}",,,,9,legacy_2026-09-04,legacy_full_scene,R_IN4,micp_comparison/results/vp_aligned_2026-09-08/in4.csv
all_cases,False,False,False,0.42484461599997303,91,DEU_AachenFrankenburg-1_206020_T-6039,scenarios/experiment_scenarios/ind_2024/DEU_AachenFrankenburg-1_206020_T-6039.xml,10462,R_IN4,0,standard,20,True,False,False,0.004678904999309452,1.4408208610002475,0.017782337999960873,1.4632821039995179,0.19326034799996705,0.016874074935913086,2386,674,3061,2,0.0,0.009999999999763531,1.0,"(10457,)",,"{""t"": 5, ""s"": 50.57161661703802, ""d"": -0.10353517789689182}",,,,5,legacy_2026-09-04,legacy_full_scene,R_IN4,micp_comparison/results/vp_aligned_2026-09-08/in4.csv
all_cases,False,False,False,0.7096077520000108,120,DEU_AachenBendplatz-1_13720_T-739,scenarios/experiment_scenarios/ind_2024/DEU_AachenBendplatz-1_13720_T-739.xml,10057,R_IN4,0,standard,20,True,False,False,0.005127618000187795,1.610624203000043,0.016615143000308308,1.6323669640005392,0.49784178199843154,0.015596151351928711,2344,660,3005,2,0.0,0.01,1.0,"(10054,)",,"{""t"": 5, ""s"": 48.7357030521207, ""d"": -1.0048149905205817}",,,,3,legacy_2026-09-04,legacy_full_scene,R_IN4,micp_comparison/results/vp_aligned_2026-09-08/in4.csv
all_cases,True,True,True,0.6616826150002453,126,DEU_AachenFrankenburg-1_2120_T-39,scenarios/experiment_scenarios/ind_2024/DEU_AachenFrankenburg-1_2120_T-39.xml,10023,R_IN4,0,standard,20,True,True,True,0.005591469000137295,1.477863514001001,0.1287908160011284,1.6122457990022667,0.227486368999962,0.12787795066833496,2362,666,3029,2,0.0,0.009999999999962483,inf,,,,,,,3,legacy_2026-09-04,legacy_full_scene,R_IN4,micp_comparison/results/vp_aligned_2026-09-08/in4.csv
all_cases,False,False,False,0.6776337100000092,83,DEU_AachenBendplatz-1_83000_T-3019,scenarios/experiment_scenarios/ind_2024/DEU_AachenBendplatz-1_83000_T-3019.xml,10226,R_IN4,0,standard,20,False,False,False,0.0037003890010964824,1.4190470979992824,0.0018345120006415527,1.4245819990010204,,0.001129150390625,2353,663,3017,4,,-inf,,,,,,,,4,legacy_2026-09-04,legacy_full_scene,R_IN4,micp_comparison/results/vp_aligned_2026-09-08/in4.csv
all_cases,False,False,False,0.6080466410003282,78,DEU_AachenFrankenburg-1_232260_T-2279,scenarios/experiment_scenarios/ind_2024/DEU_AachenFrankenburg-1_232260_T-2279.xml,10208,R_IN4,0,standard,20,True,False,False,0.004555604000415769,1.5698944749983639,0.016285564999634516,1.5907356439984142,0.23108498500005226,0.015224933624267578,2365,667,3033,2,0.0,0.01,1.4000000000000001,"(10224,)",,"{""t"": 7, ""s"": 75.37678629208976, ""d"": -2.627573697183583}",,,,5,legacy_2026-09-04,legacy_full_scene,R_IN4,micp_comparison/results/vp_aligned_2026-09-08/in4.csv
all_cases,True,True,True,0.2883299330005684,59,DEU_AachenBendplatz-1_92340_T-2359,scenarios/experiment_scenarios/ind_2024/DEU_AachenBendplatz-1_92340_T-2359.xml,10140,R_IN4,0,standard,20,True,True,True,0.003107501001068158,1.4277066350005043,0.1665418740012683,1.5973560100028408,0.5229380030013999,0.16548895835876465,2317,651,2969,2,0.0,0.009999999998655085,inf,,,,,,,5,legacy_2026-09-04,legacy_full_scene,R_IN4,micp_comparison/results/vp_aligned_2026-09-08/in4.csv
all_cases,False,False,False,0.6044017280000844,80,DEU_AachenFrankenburg-1_264440_T-4459,scenarios/experiment_scenarios/ind_2024/DEU_AachenFrankenburg-1_264440_T-4459.xml,10391,R_IN4,0,standard,20,True,True,True,0.003849933000310557,1.3564654299989343,0.015247063000060734,1.3755624259993056,0.21379951700146194,0.014287948608398438,2404,680,3085,2,0.0,0.00999999999874035,inf,,,,,,,8,legacy_2026-09-04,legacy_full_scene,R_IN4,micp_comparison/results/vp_aligned_2026-09-08/in4.csv
all_cases,False,False,False,0.5846080009978323,131,DEU_AachenBendplatz-1_1740_T-59,scenarios/experiment_scenarios/ind_2024/DEU_AachenBendplatz-1_1740_T-59.xml,10003,R_IN4,0,standard,20,True,False,False,0.006900217000293196,1.3682150570002705,0.015457649000381934,1.3905729230009456,0.5246637919990462,0.014590978622436523,2389,675,3065,2,0.0,0.0099999999965803,2.8000000000000003,"(10013,)",,"{""t"": 14, ""s"": 50.11827312696912, ""d"": -2.067011116042575}",,,,9,legacy_2026-09-04,legacy_full_scene,R_IN4,micp_comparison/results/vp_aligned_2026-09-08/in4.csv
all_cases,True,True,True,0.4384697450004751,91,DEU_AachenBendplatz-1_15160_T-179,scenarios/experiment_scenarios/ind_2024/DEU_AachenBendplatz-1_15160_T-179.xml,10016,R_IN4,0,standard,20,True,True,True,0.0054106990010041045,1.3566352019988699,0.015616315000443137,1.3776622160003171,0.5292596220006089,0.01441192626953125,2362,666,3029,2,0.0,0.01,inf,,,,,,,9,legacy_2026-09-04,legacy_full_scene,R_IN4,micp_comparison/results/vp_aligned_2026-09-08/in4.csv
all_cases,False,False,False,1.435458865000328,106,DEU_AachenBendplatz-1_152620_T-2639,scenarios/experiment_scenarios/ind_2024/DEU_AachenBendplatz-1_152620_T-2639.xml,10164,R_IN4,0,standard,20,True,True,True,0.0043304060000082245,1.323796513999696,0.01625044499996875,1.3443773649996729,0.5088624050004,0.014948129653930664,2314,650,2965,2,0.0,0.01,inf,,,,,,,12,legacy_2026-09-04,legacy_full_scene,R_IN4,micp_comparison/results/vp_aligned_2026-09-08/in4.csv
all_cases,True,True,True,0.43651959499766235,88,DEU_AachenBendplatz-1_8340_T-359,scenarios/experiment_scenarios/ind_2024/DEU_AachenBendplatz-1_8340_T-359.xml,10030,R_IN4,0,standard,20,True,True,True,0.0032706880010664463,1.3585966160007956,0.06487598099920433,1.4267432850010664,0.5184992989998136,0.06389999389648438,2326,654,2981,2,0.0,0.00999999999839929,inf,,,,,,,12,legacy_2026-09-04,legacy_full_scene,R_IN4,micp_comparison/results/vp_aligned_2026-09-08/in4.csv
all_cases,True,True,True,0.37588259300173377,96,DEU_AachenBendplatz-1_93620_T-3639,scenarios/experiment_scenarios/ind_2024/DEU_AachenBendplatz-1_93620_T-3639.xml,10217,R_IN4,0,standard,20,True,True,True,0.004426743000294664,1.3383066000005783,0.055905495000843075,1.398638838001716,0.5321588590013562,0.05485987663269043,2320,652,2973,2,0.0,0.00999999999839929,inf,,,,,,,13,legacy_2026-09-04,legacy_full_scene,R_IN4,micp_comparison/results/vp_aligned_2026-09-08/in4.csv
all_cases,True,True,True,0.3900317030002043,84,DEU_AachenBendplatz-1_163680_T-3699,scenarios/experiment_scenarios/ind_2024/DEU_AachenBendplatz-1_163680_T-3699.xml,10267,R_IN4,0,standard,20,False,False,False,0.006983834000493516,1.3960945499984518,0.0024368739996134536,1.4055152579985588,,0.0013821125030517578,2341,659,3001,4,,-inf,,,,,,,,12,legacy_2026-09-04,legacy_full_scene,R_IN4,micp_comparison/results/vp_aligned_2026-09-08/in4.csv
all_cases,True,True,True,0.6493173090002529,84,DEU_AachenBendplatz-1_162280_T-2299,scenarios/experiment_scenarios/ind_2024/DEU_AachenBendplatz-1_162280_T-2299.xml,10179,R_IN4,0,standard,20,True,False,False,0.004220434000671958,1.448335261999091,0.016569309000260546,1.4691250050000235,0.5605555139991338,0.01557612419128418,2326,654,2981,2,0.0,0.01,2.4000000000000004,"(10180,)",,"{""t"": 12, ""s"": 48.75039001387208, ""d"": -0.014252268974035871}",,,,9,legacy_2026-09-04,legacy_full_scene,R_IN4,micp_comparison/results/vp_aligned_2026-09-08/in4.csv
all_cases,True,True,True,0.3857862440017925,72,DEU_AachenBendplatz-1_131080_T-1099,scenarios/experiment_scenarios/ind_converter_2026/DEU_AachenBendplatz-1_131080_T-1099.xml,10082,R_IN4,0,standard,20,True,True,True,0.0032862670013855677,1.3165128790005838,0.08133166799962055,1.40113081400159,0.5526893810001638,0.0803689956665039,2320,652,2973,2,0.0,0.01,inf,,,,,,,13,legacy_2026-09-04,legacy_full_scene,R_IN4,micp_comparison/results/vp_aligned_2026-09-08/in4.csv
all_cases,False,False,False,0.7749609519996739,108,DEU_AachenBendplatz-1_151160_T-1179,scenarios/experiment_scenarios/ind_converter_2026/DEU_AachenBendplatz-1_151160_T-1179.xml,10079,R_IN4,0,standard,20,True,False,False,0.005184229999940726,1.3104767189997801,0.014981078000346315,1.3306420270000672,0.5060205909994693,0.014005899429321289,2353,663,3017,2,0.0,0.009999999997489795,2.2,"(10087,)",,"{""t"": 11, ""s"": 48.04697323707167, ""d"": -1.3808840524983346}",,,,9,legacy_2026-09-04,legacy_full_scene,R_IN4,micp_comparison/results/vp_aligned_2026-09-08/in4.csv
all_cases,True,True,True,0.7439248989976477,89,DEU_AachenBendplatz-1_151840_T-1859,scenarios/experiment_scenarios/ind_converter_2026/DEU_AachenBendplatz-1_151840_T-1859.xml,10123,R_IN4,0,standard,20,False,False,False,0.006175786000312655,1.3100397540001723,0.0018377409996901406,1.318053281000175,,0.001093149185180664,2371,669,3041,4,,-inf,,,,,,,,9,legacy_2026-09-04,legacy_full_scene,R_IN4,micp_comparison/results/vp_aligned_2026-09-08/in4.csv
all_cases,True,True,True,0.7603962670000328,88,DEU_AachenBendplatz-1_152880_T-2899,scenarios/experiment_scenarios/ind_converter_2026/DEU_AachenBendplatz-1_152880_T-2899.xml,10190,R_IN4,0,standard,19,True,True,True,0.005475177000334952,1.2735492839983635,0.01459928599979321,1.2936237469984917,0.5956386069992732,0.013628959655761719,2233,629,2863,2,0.0,0.01,inf,,,,,,,10,legacy_2026-09-04,legacy_full_scene,R_IN4,micp_comparison/results/vp_aligned_2026-09-08/in4.csv
all_cases,True,True,True,0.730821028999344,101,DEU_AachenBendplatz-1_173820_T-3839,scenarios/experiment_scenarios/ind_converter_2026/DEU_AachenBendplatz-1_173820_T-3839.xml,10275,R_IN4,0,standard,20,True,True,True,0.0045125939996069064,1.2944402070006618,0.0860886490008852,1.3850414500011539,0.5652772430003097,0.08500313758850098,2353,663,3017,2,0.0,0.009999999999308784,inf,,,,,,,11,legacy_2026-09-04,legacy_full_scene,R_IN4,micp_comparison/results/vp_aligned_2026-09-08/in4.csv
all_cases,False,False,False,0.32719828199697076,90,DEU_AachenBendplatz-1_174300_T-4319,scenarios/experiment_scenarios/ind_converter_2026/DEU_AachenBendplatz-1_174300_T-4319.xml,10316,R_IN4,0,standard,15,False,False,False,0.003666571999929147,0.9482306320005591,0.001517471000624937,0.9534146750011132,,0.0008828639984130859,1759,495,2255,4,,-inf,,,,,,,,5,legacy_2026-09-04,legacy_full_scene,R_IN4,micp_comparison/results/vp_aligned_2026-09-08/in4.csv
all_cases,False,False,False,0.29724199900010717,76,DEU_AachenBendplatz-1_72340_T-2359,scenarios/experiment_scenarios/ind_converter_2026/DEU_AachenBendplatz-1_72340_T-2359.xml,10096,R_IN4,0,standard,20,False,False,False,0.0030295090000436176,1.2648490040010074,0.0017285710000578547,1.2696070840011089,,0.0010228157043457031,2323,653,2977,4,,-inf,,,,,,,,9,legacy_2026-09-04,legacy_full_scene,R_IN4,micp_comparison/results/vp_aligned_2026-09-08/in4.csv
all_cases,True,True,True,0.49544108000009146,91,DEU_AachenBendplatz-1_83420_T-3439,scenarios/experiment_scenarios/ind_converter_2026/DEU_AachenBendplatz-1_83420_T-3439.xml,10259,R_IN4,0,standard,20,True,False,False,0.004016300999865052,1.2988194079989626,0.01265731599960418,1.3154930249984318,0.5544308249991445,0.011810064315795898,2341,659,3001,2,6.573295098477185e-05,0.01,2.4000000000000004,"(10262,)",,"{""t"": 12, ""s"": 48.39565886948286, ""d"": -0.07824860249459012}",,,,7,legacy_2026-09-04,legacy_full_scene,R_IN4,micp_comparison/results/vp_aligned_2026-09-08/in4.csv
all_cases,False,False,False,0.3896952710019832,117,DEU_AachenBendplatz-1_92260_T-2279,scenarios/experiment_scenarios/ind_converter_2026/DEU_AachenBendplatz-1_92260_T-2279.xml,10121,R_IN4,0,standard,20,False,False,False,0.004374338999696192,1.3175629529996513,0.0019972879999841098,1.3239345799993316,,0.0012660026550292969,2332,656,2989,4,,-inf,,,,,,,,14,legacy_2026-09-04,legacy_full_scene,R_IN4,micp_comparison/results/vp_aligned_2026-09-08/in4.csv
,,,,,,DEU_AachenBendplatz-1_162278_T-2297,scenarios/experiment_scenarios/generated_micp/in4/DEU_AachenBendplatz-1_162278_T-2297.xml,10179,R_IN4,0,standard,20,True,True,True,0.0027571289992920356,1.3041226169989386,0.09819496400086791,1.4050747099990986,0.4354995619996771,0.0975039005279541,2326,654,2981,2,0.0,0.01,inf,,,,,lin2025,10180,14,vp_gap_fill_2026-09-08,fixed_vehicle_pair,R_IN4,micp_comparison/results/vp_aligned_2026-09-08/in4.csv
,,,,,,DEU_AachenBendplatz-1_162279_T-2298,scenarios/experiment_scenarios/generated_micp/in4/DEU_AachenBendplatz-1_162279_T-2298.xml,10179,R_IN4,0,standard,20,True,True,True,0.0029319580007722834,1.3052402390003408,0.07057619000079285,1.378748387001906,0.46260544400138315,0.06986093521118164,2326,654,2981,2,0.0,0.01,inf,,,,,lin2025,10180,13,vp_gap_fill_2026-09-08,fixed_vehicle_pair,R_IN4,micp_comparison/results/vp_aligned_2026-09-08/in4.csv
,,,,,,DEU_AachenBendplatz-1_162281_T-2300,scenarios/experiment_scenarios/generated_micp/in4/DEU_AachenBendplatz-1_162281_T-2300.xml,10179,R_IN4,0,standard,20,True,False,False,0.0034776520005834755,1.27172650600005,0.014311094000731828,1.2895152520013653,0.44790848099910363,0.01359105110168457,2323,653,2977,2,0.0,0.00999999999839929,2.2,"(10180,)",,"{""t"": 11, ""s"": 48.819421763331974, ""d"": -0.03999852464927532}",,lin2025,10180,8,vp_gap_fill_2026-09-08,fixed_vehicle_pair,R_IN4,micp_comparison/results/vp_aligned_2026-09-08/in4.csv
,,,,,,DEU_AachenBendplatz-1_162282_T-2301,scenarios/experiment_scenarios/generated_micp/in4/DEU_AachenBendplatz-1_162282_T-2301.xml,10179,R_IN4,0,standard,20,True,False,False,0.0037066439999762224,1.3594641460003913,0.015615852000337327,1.3787866420007049,0.4836510850000195,0.014796018600463867,2320,652,2973,2,0.0,0.009999999995670805,2.0,"(10180,)",,"{""t"": 10, ""s"": 48.895111788499364, ""d"": -0.06282803218211383}",,lin2025,10180,7,vp_gap_fill_2026-09-08,fixed_vehicle_pair,R_IN4,micp_comparison/results/vp_aligned_2026-09-08/in4.csv
,,,,,,DEU_AachenBendplatz-1_162283_T-2302,scenarios/experiment_scenarios/generated_micp/in4/DEU_AachenBendplatz-1_162283_T-2302.xml,10179,R_IN4,0,standard,20,True,False,False,0.005660180999257136,1.399689842999578,0.015605168000547565,1.4209551919993828,0.47015121999902476,0.014806032180786133,2317,651,2969,2,0.0,0.01,1.8,"(10180,)",,"{""t"": 9, ""s"": 48.95914428171366, ""d"": -0.0818836596961331}",,lin2025,10180,6,vp_gap_fill_2026-09-08,fixed_vehicle_pair,R_IN4,micp_comparison/results/vp_aligned_2026-09-08/in4.csv
,,,,,,DEU_AachenBendplatz-1_162284_T-2303,scenarios/experiment_scenarios/generated_micp/in4/DEU_AachenBendplatz-1_162284_T-2303.xml,10179,R_IN4,0,standard,20,True,False,False,0.004159281001193449,1.361634527998831,0.017037080999216414,1.3828308899992408,0.5389197079985024,0.01606297492980957,2317,651,2969,2,0.0,0.009999999997830855,1.6,"(10180,)",,"{""t"": 8, ""s"": 49.04607359499671, ""d"": -0.09770516618856334}",,lin2025,10180,5,vp_gap_fill_2026-09-08,fixed_vehicle_pair,R_IN4,micp_comparison/results/vp_aligned_2026-09-08/in4.csv
,,,,,,DEU_AachenBendplatz-1_162285_T-2304,scenarios/experiment_scenarios/generated_micp/in4/DEU_AachenBendplatz-1_162285_T-2304.xml,10179,R_IN4,0,standard,20,True,False,False,0.003572734000044875,1.323167091999494,0.017957795000256738,1.3446976209997956,0.5079776480015425,0.016863107681274414,2311,649,2961,2,0.0,0.009999999997013731,1.4000000000000001,"(10180,)",,"{""t"": 7, ""s"": 49.18399440316204, ""d"": -0.107532950364711}",,lin2025,10180,4,vp_gap_fill_2026-09-08,fixed_vehicle_pair,R_IN4,micp_comparison/results/vp_aligned_2026-09-08/in4.csv
,,,,,,DEU_AachenBendplatz-1_151155_T-1174,scenarios/experiment_scenarios/generated_micp/in4/DEU_AachenBendplatz-1_151155_T-1174.xml,10079,R_IN4,0,standard,20,False,False,False,0.005020847998821409,1.5991435650012136,0.0019501280003169086,1.606114541000352,,0.0011968612670898438,2347,661,3009,4,,-inf,,,,,,lin2025,10087,14,vp_gap_fill_2026-09-08,fixed_vehicle_pair,R_IN4,micp_comparison/results/vp_aligned_2026-09-08/in4.csv
,,,,,,DEU_AachenBendplatz-1_151156_T-1175,scenarios/experiment_scenarios/generated_micp/in4/DEU_AachenBendplatz-1_151156_T-1175.xml,10079,R_IN4,0,standard,20,False,False,False,0.011512707998917904,1.9791244690004532,0.001955518000613665,1.9925926949999848,,0.001132965087890625,2347,661,3009,4,,-inf,,,,,,lin2025,10087,13,vp_gap_fill_2026-09-08,fixed_vehicle_pair,R_IN4,micp_comparison/results/vp_aligned_2026-09-08/in4.csv
,,,,,,DEU_AachenBendplatz-1_151157_T-1176,scenarios/experiment_scenarios/generated_micp/in4/DEU_AachenBendplatz-1_151157_T-1176.xml,10079,R_IN4,0,standard,20,False,False,False,0.005163071999049862,1.4789158180010418,0.001582581000548089,1.4856614710006397,,0.0009400844573974609,2347,661,3009,4,,-inf,,,,,,lin2025,10087,12,vp_gap_fill_2026-09-08,fixed_vehicle_pair,R_IN4,micp_comparison/results/vp_aligned_2026-09-08/in4.csv
,,,,,,DEU_AachenBendplatz-1_151158_T-1177,scenarios/experiment_scenarios/generated_micp/in4/DEU_AachenBendplatz-1_151158_T-1177.xml,10079,R_IN4,0,standard,20,False,False,False,0.0051848010007233825,1.3823977400006697,0.0019008569997822633,1.3894833980011754,,0.0011310577392578125,2359,665,3025,4,,-inf,,,,,,lin2025,10087,11,vp_gap_fill_2026-09-08,fixed_vehicle_pair,R_IN4,micp_comparison/results/vp_aligned_2026-09-08/in4.csv
,,,,,,DEU_AachenBendplatz-1_151159_T-1178,scenarios/experiment_scenarios/generated_micp/in4/DEU_AachenBendplatz-1_151159_T-1178.xml,10079,R_IN4,0,standard,20,False,False,False,0.005448166999485693,1.4744640339995385,0.0016953790000115987,1.4816075799990358,,0.0009291172027587891,2356,664,3021,4,,-inf,,,,,,lin2025,10087,10,vp_gap_fill_2026-09-08,fixed_vehicle_pair,R_IN4,micp_comparison/results/vp_aligned_2026-09-08/in4.csv
,,,,,,DEU_AachenBendplatz-1_151161_T-1180,scenarios/experiment_scenarios/generated_micp/in4/DEU_AachenBendplatz-1_151161_T-1180.xml,10079,R_IN4,0,standard,20,True,False,False,0.005103561001305934,1.4910518979995686,0.014518384999973932,1.5106738440008485,0.5205722410009912,0.013738870620727539,2350,662,3013,2,0.0,0.00999999999839929,2.6,"(10087,)",,"{""t"": 13, ""s"": 48.455978846535466, ""d"": -1.349771982628949}",,lin2025,10087,8,vp_gap_fill_2026-09-08,fixed_vehicle_pair,R_IN4,micp_comparison/results/vp_aligned_2026-09-08/in4.csv
,,,,,,DEU_AachenBendplatz-1_151162_T-1181,scenarios/experiment_scenarios/generated_micp/in4/DEU_AachenBendplatz-1_151162_T-1181.xml,10079,R_IN4,0,standard,20,True,False,False,0.012047600999721908,2.3008625830007077,0.029861471000913298,2.342771655001343,0.9072211980001157,0.026874065399169922,2347,661,3009,2,0.0,0.01,1.8,"(10087,)",,"{""t"": 9, ""s"": 48.72300417831369, ""d"": -1.4155428428892014}",,lin2025,10087,7,vp_gap_fill_2026-09-08,fixed_vehicle_pair,R_IN4,micp_comparison/results/vp_aligned_2026-09-08/in4.csv
,,,,,,DEU_AachenBendplatz-1_151163_T-1182,scenarios/experiment_scenarios/generated_micp/in4/DEU_AachenBendplatz-1_151163_T-1182.xml,10079,R_IN4,0,standard,20,True,False,False,0.006131021000328474,2.083601385000293,0.0200903360000666,2.109822742000688,0.8948135480004566,0.017379045486450195,2344,660,3005,2,0.0,0.01,1.4000000000000001,"(10087,)",,"{""t"": 7, ""s"": 48.81456483225243, ""d"": -1.442643771645169}",,lin2025,10087,6,vp_gap_fill_2026-09-08,fixed_vehicle_pair,R_IN4,micp_comparison/results/vp_aligned_2026-09-08/in4.csv
,,,,,,DEU_AachenBendplatz-1_151164_T-1183,scenarios/experiment_scenarios/generated_micp/in4/DEU_AachenBendplatz-1_151164_T-1183.xml,10079,R_IN4,0,standard,20,True,False,False,0.007704641999225714,2.0622160700004315,0.019045357001232333,2.0889660690008895,0.7658281599997281,0.017061948776245117,2344,660,3005,2,0.0,0.01,1.2000000000000002,"(10087,)",,"{""t"": 6, ""s"": 48.888434521964825, ""d"": -1.4618235121228929}",,lin2025,10087,5,vp_gap_fill_2026-09-08,fixed_vehicle_pair,R_IN4,micp_comparison/results/vp_aligned_2026-09-08/in4.csv
,,,,,,DEU_AachenBendplatz-1_151165_T-1184,scenarios/experiment_scenarios/generated_micp/in4/DEU_AachenBendplatz-1_151165_T-1184.xml,10079,R_IN4,0,standard,20,True,False,False,0.00579597900105,1.6197610439994605,0.016187250999792013,1.6417442740003025,0.5665293940000993,0.015374898910522461,2344,660,3005,2,0.0,0.01,1.0,"(10087,)",,"{""t"": 5, ""s"": 48.91536876566505, ""d"": -1.4838592101577186}",,lin2025,10087,4,vp_gap_fill_2026-09-08,fixed_vehicle_pair,R_IN4,micp_comparison/results/vp_aligned_2026-09-08/in4.csv
,,,,,,DEU_AachenBendplatz-1_92261_T-2280,scenarios/experiment_scenarios/generated_micp/in4/DEU_AachenBendplatz-1_92261_T-2280.xml,10121,R_IN4,0,standard,20,False,False,False,0.004081508001036127,1.3167202879994875,0.002073118001135299,1.322874914001659,,0.0014300346374511719,2332,656,2989,4,,-inf,,,,,,lin2025,10129,13,vp_gap_fill_2026-09-08,fixed_vehicle_pair,R_IN4,micp_comparison/results/vp_aligned_2026-09-08/in4.csv
,,,,,,DEU_AachenBendplatz-1_92262_T-2281,scenarios/experiment_scenarios/generated_micp/in4/DEU_AachenBendplatz-1_92262_T-2281.xml,10121,R_IN4,0,standard,20,False,False,False,0.003683986000396544,1.3132467649993487,0.0014628280005126726,1.3183935790002579,,0.0008549690246582031,2320,652,2973,4,,-inf,,,,,,lin2025,10129,12,vp_gap_fill_2026-09-08,fixed_vehicle_pair,R_IN4,micp_comparison/results/vp_aligned_2026-09-08/in4.csv
,,,,,,DEU_AachenBendplatz-1_92263_T-2282,scenarios/experiment_scenarios/generated_micp/in4/DEU_AachenBendplatz-1_92263_T-2282.xml,10121,R_IN4,0,standard,20,False,False,False,0.0036411959990800824,1.355143513999792,0.001706918999843765,1.360491628998716,,0.0009179115295410156,2317,651,2969,4,,-inf,,,,,,lin2025,10129,11,vp_gap_fill_2026-09-08,fixed_vehicle_pair,R_IN4,micp_comparison/results/vp_aligned_2026-09-08/in4.csv
,,,,,,DEU_AachenBendplatz-1_92264_T-2283,scenarios/experiment_scenarios/generated_micp/in4/DEU_AachenBendplatz-1_92264_T-2283.xml,10121,R_IN4,0,standard,20,False,False,False,0.003338305999932345,1.2862949139998818,0.0015446610013896134,1.2911778810012038,,0.0008809566497802734,2314,650,2965,4,,-inf,,,,,,lin2025,10129,10,vp_gap_fill_2026-09-08,fixed_vehicle_pair,R_IN4,micp_comparison/results/vp_aligned_2026-09-08/in4.csv
,,,,,,DEU_AachenBendplatz-1_92265_T-2284,scenarios/experiment_scenarios/generated_micp/in4/DEU_AachenBendplatz-1_92265_T-2284.xml,10121,R_IN4,0,standard,20,False,False,False,0.003585659000236774,1.2512605049996637,0.0015174199998000404,1.2563635839997005,,0.0009028911590576172,2311,649,2961,4,,-inf,,,,,,lin2025,10129,9,vp_gap_fill_2026-09-08,fixed_vehicle_pair,R_IN4,micp_comparison/results/vp_aligned_2026-09-08/in4.csv
all_cases,True,True,True,0.3933435129983991,86,DEU_AachenFrankenburg-1_252340_T-2359,scenarios/experiment_scenarios/ind_13/DEU_AachenFrankenburg-1_252340_T-2359.xml,10218,R_IN5,0,standard,20,True,True,True,0.004235181000694865,1.3246057849992212,0.015175317999819526,1.3440162839997356,0.19711601899871312,0.014246940612792969,2362,666,3029,2,0.0,0.00999999999839929,inf,,,,,,,9,legacy_2026-09-04,legacy_full_scene,R_IN5,micp_comparison/results/vp_aligned_2026-09-08/in5.csv
all_cases,False,False,False,0.9582798980027292,135,DEU_AachenFrankenburg-1_263760_T-3779,scenarios/experiment_scenarios/ind_13/DEU_AachenFrankenburg-1_263760_T-3779.xml,10333,R_IN5,0,standard,20,True,False,False,0.005891983999390504,1.443901085998732,0.014799362999838195,1.4645924329979607,0.20379571100056637,0.013818979263305664,2362,666,3029,2,0.0,0.009999999998512976,1.6,"(10342,)",,"{""t"": 8, ""s"": 110.5672122939481, ""d"": -0.6133859909713935}",,,,10,legacy_2026-09-04,legacy_full_scene,R_IN5,micp_comparison/results/vp_aligned_2026-09-08/in5.csv
all_cases,True,False,False,1.088696197997706,115,DEU_AachenFrankenburg-1_295880_T-5899,scenarios/experiment_scenarios/ind_13/DEU_AachenFrankenburg-1_295880_T-5899.xml,10562,R_IN5,0,standard,20,True,False,False,0.0028906890001962893,1.4787245009993057,0.014250042999265133,1.4958652329987672,0.1910645400002977,0.013411998748779297,2329,655,2985,2,0.0,0.01,1.0,"(10564,)",,"{""t"": 5, ""s"": 112.92297752299739, ""d"": -0.5069284566804222}",,,,3,legacy_2026-09-04,legacy_full_scene,R_IN5,micp_comparison/results/vp_aligned_2026-09-08/in5.csv
all_cases,False,False,False,0.45798008700148785,97,DEU_AachenBendplatz-1_121500_T-1519,scenarios/experiment_scenarios/ind_13/DEU_AachenBendplatz-1_121500_T-1519.xml,10086,R_IN5,0,standard,20,True,False,False,0.004265182999006356,1.5061861559988756,0.016063435999967624,1.5265147749978496,0.48447889700037194,0.014995098114013672,2371,669,3041,2,0.0,0.00999999999824297,1.4000000000000001,"(10087,)",,"{""t"": 7, ""s"": 85.09528996267676, ""d"": -0.3734037636733395}",,,,8,legacy_2026-09-04,legacy_full_scene,R_IN5,micp_comparison/results/vp_aligned_2026-09-08/in5.csv
all_cases,False,False,False,0.7551779969980998,116,DEU_AachenBendplatz-1_12960_T-979,scenarios/experiment_scenarios/ind_13/DEU_AachenBendplatz-1_12960_T-979.xml,10047,R_IN5,0,standard,20,True,True,True,0.0037618229998770403,1.394009740999536,0.015030350999950315,1.4128019149993634,0.5106434310000623,0.01383209228515625,2353,663,3017,2,0.0,0.01,inf,,,,,,,14,legacy_2026-09-04,legacy_full_scene,R_IN5,micp_comparison/results/vp_aligned_2026-09-08/in5.csv
all_cases,False,False,False,0.7309449609983858,116,DEU_AachenBendplatz-1_132900_T-2919,scenarios/experiment_scenarios/ind_13/DEU_AachenBendplatz-1_132900_T-2919.xml,10204,R_IN5,0,standard,20,True,True,True,0.005298398000377347,1.3972943839999061,0.014405520998479915,1.4169983029987634,0.5290389910005615,0.013515949249267578,2371,669,3041,2,0.0,0.01,inf,,,,,,,13,legacy_2026-09-04,legacy_full_scene,R_IN5,micp_comparison/results/vp_aligned_2026-09-08/in5.csv
all_cases,False,False,False,0.7699685390016384,107,DEU_AachenBendplatz-1_83820_T-3839,scenarios/experiment_scenarios/ind_13/DEU_AachenBendplatz-1_83820_T-3839.xml,10288,R_IN5,0,standard,20,True,False,False,0.004858590000367258,1.3671390569998039,0.01544948300033866,1.3874471300005098,0.5268661549998797,0.014579057693481445,2353,663,3017,2,0.0,0.01,1.2000000000000002,"(10294,)",,"{""t"": 6, ""s"": 83.86605778936755, ""d"": -0.6624909738211704}",,,,11,legacy_2026-09-04,legacy_full_scene,R_IN5,micp_comparison/results/vp_aligned_2026-09-08/in5.csv
all_cases,True,True,True,1.1813219710002159,109,DEU_AachenBendplatz-1_84280_T-4299,scenarios/experiment_scenarios/ind_13/DEU_AachenBendplatz-1_84280_T-4299.xml,10331,R_IN5,0,standard,20,True,True,True,0.0065188319986191345,1.3254256279997207,0.015667325000322307,1.3476117849986622,0.5505293999995047,0.014683008193969727,2323,653,2977,2,0.0,0.0099999999965803,inf,,,,,,,14,legacy_2026-09-04,legacy_full_scene,R_IN5,micp_comparison/results/vp_aligned_2026-09-08/in5.csv
all_cases,False,False,False,0.6745890219990542,91,DEU_AachenFrankenburg-1_206020_T-6039,scenarios/experiment_scenarios/ind_13/DEU_AachenFrankenburg-1_206020_T-6039.xml,10462,R_IN5,0,standard,20,True,False,False,0.005267068001558073,1.3973356049991708,0.019942409999202937,1.4225450829999318,0.21727128100064874,0.01871800422668457,2386,674,3061,2,0.0,0.009999999999763531,1.0,"(10457,)",,"{""t"": 5, ""s"": 50.57161661703802, ""d"": -0.10353517789689182}",,,,5,legacy_2026-09-04,legacy_full_scene,R_IN5,micp_comparison/results/vp_aligned_2026-09-08/in5.csv
all_cases,False,False,False,0.49283637600092334,132,DEU_AachenBendplatz-1_122380_T-2399,scenarios/experiment_scenarios/ind_converter_2026/DEU_AachenBendplatz-1_122380_T-2399.xml,10145,R_IN5,0,standard,20,True,False,False,0.015011075000074925,1.3910649539993756,0.018846420000045327,1.4249224489994958,0.5559135799994692,0.017683029174804688,2380,672,3053,2,0.0,0.009999999998626663,1.0,"(10137,)",,"{""t"": 5, ""s"": 61.854379072554195, ""d"": -1.6398330521633264}",,,,1,legacy_2026-09-04,legacy_full_scene,R_IN5,micp_comparison/results/vp_aligned_2026-09-08/in5.csv
all_cases,False,False,False,0.270400511999469,69,DEU_AachenBendplatz-1_131400_T-1419,scenarios/experiment_scenarios/ind_converter_2026/DEU_AachenBendplatz-1_131400_T-1419.xml,10108,R_IN5,0,standard,20,True,False,False,0.00337879300059285,1.4211989579998772,0.015154909000557382,1.4397326600010274,0.5320617599991238,0.014227867126464844,2323,653,2977,2,0.0,0.01,1.8,"(10109,)",,"{""t"": 9, ""s"": 83.39483729185872, ""d"": -0.8275681179089545}",,,,13,legacy_2026-09-04,legacy_full_scene,R_IN5,micp_comparison/results/vp_aligned_2026-09-08/in5.csv
all_cases,False,False,False,0.4260971329986205,110,DEU_AachenBendplatz-1_13560_T-579,scenarios/experiment_scenarios/ind_converter_2026/DEU_AachenBendplatz-1_13560_T-579.xml,10037,R_IN5,0,standard,20,True,True,True,0.004634840001017437,1.4184297569991031,0.014757499000552343,1.437822096000673,0.5438710620001075,0.013731956481933594,2404,680,3085,2,0.0,0.00999999999839929,inf,,,,,,,12,legacy_2026-09-04,legacy_full_scene,R_IN5,micp_comparison/results/vp_aligned_2026-09-08/in5.csv
all_cases,False,False,False,0.35280923299978895,86,DEU_AachenBendplatz-1_141560_T-1579,scenarios/experiment_scenarios/ind_converter_2026/DEU_AachenBendplatz-1_141560_T-1579.xml,10095,R_IN5,0,standard,20,True,False,False,0.005175242000404978,1.362782342999708,0.018038303998764604,1.3859958889988775,0.5343803570012824,0.01708698272705078,2344,660,3005,2,0.0,0.01,2.4000000000000004,"(10099,)",,"{""t"": 12, ""s"": 94.30612818149754, ""d"": -0.6720300390171985}",,,,7,legacy_2026-09-04,legacy_full_scene,R_IN5,micp_comparison/results/vp_aligned_2026-09-08/in5.csv
all_cases,False,False,False,0.3066510219978227,79,DEU_AachenBendplatz-1_161740_T-1759,scenarios/experiment_scenarios/ind_converter_2026/DEU_AachenBendplatz-1_161740_T-1759.xml,10135,R_IN5,0,standard,20,True,False,False,0.0032779529992694734,1.3419257840014325,0.016519696999239386,1.3617234339999413,0.5343233849998796,0.015522956848144531,2326,654,2981,2,0.0,0.01,1.0,"(10142,)",,"{""t"": 5, ""s"": 85.345412334825, ""d"": -0.6945171710136511}",,,,6,legacy_2026-09-04,legacy_full_scene,R_IN5,micp_comparison/results/vp_aligned_2026-09-08/in5.csv
all_cases,False,False,False,0.7086125820023881,111,DEU_AachenBendplatz-1_12960_T-979_in5_safe_variant_01,scenarios/experiment_scenarios/variants/in5/DEU_AachenBendplatz-1_12960_T-979_in5_safe_variant_01.xml,10047,R_IN5,0,standard,20,True,True,True,0.0039701349996903446,1.3866652019987669,0.014670855000076699,1.405306191998534,0.548175056999753,0.013762950897216797,2353,663,3017,2,0.0,0.01,inf,,,,,,,13,legacy_2026-09-04,legacy_full_scene,R_IN5,micp_comparison/results/vp_aligned_2026-09-08/in5.csv
all_cases,False,False,False,0.8511774500002502,129,DEU_AachenBendplatz-1_132900_T-2919_in5_safe_variant_02,scenarios/experiment_scenarios/variants/in5/DEU_AachenBendplatz-1_132900_T-2919_in5_safe_variant_02.xml,10204,R_IN5,0,standard,20,True,True,True,0.005067301999588381,1.3613273379996826,0.014566079000360332,1.3809607189996314,0.5602709560007497,0.013696908950805664,2371,669,3041,2,0.0,0.01,inf,,,,,,,12,legacy_2026-09-04,legacy_full_scene,R_IN5,micp_comparison/results/vp_aligned_2026-09-08/in5.csv
all_cases,True,True,True,0.5356659980006953,120,DEU_AachenBendplatz-1_84280_T-4299_in5_safe_variant_05,scenarios/experiment_scenarios/variants/in5/DEU_AachenBendplatz-1_84280_T-4299_in5_safe_variant_05.xml,10331,R_IN5,0,standard,20,True,False,False,0.006470808000813122,1.3693342100013979,0.0157811449989822,1.3915861630011932,0.5541684399995574,0.014934062957763672,2341,659,3001,2,0.0,0.009999999998967724,2.4000000000000004,"(10329,)",,"{""t"": 12, ""s"": 59.41958135073557, ""d"": -0.6621555042124982}",,,,13,legacy_2026-09-04,legacy_full_scene,R_IN5,micp_comparison/results/vp_aligned_2026-09-08/in5.csv
all_cases,False,False,False,0.703764998999759,101,DEU_AachenFrankenburg-1_206020_T-6039_in5_safe_variant_06,scenarios/experiment_scenarios/variants/in5/DEU_AachenFrankenburg-1_206020_T-6039_in5_safe_variant_06.xml,10462,R_IN5,0,standard,20,True,False,False,0.00457730900052411,1.4020501210015937,0.019155260000843555,1.4257826900029613,0.22922800999913306,0.018321990966796875,2386,674,3061,2,0.0,0.009999999999763531,1.0,"(10457,)",,"{""t"": 5, ""s"": 52.36048754077572, ""d"": -0.6835638496853735}",,,,8,legacy_2026-09-04,legacy_full_scene,R_IN5,micp_comparison/results/vp_aligned_2026-09-08/in5.csv
all_cases,False,False,False,0.4558987519976654,113,DEU_AachenBendplatz-1_132900_T-2919_in5_safe_variant_13,scenarios/experiment_scenarios/variants/in5/DEU_AachenBendplatz-1_132900_T-2919_in5_safe_variant_13.xml,10204,R_IN5,0,standard,20,True,True,True,0.005047958000432118,1.3861109570007102,0.015169772999797715,1.40632868800094,0.5637942610010214,0.01427006721496582,2371,669,3041,2,0.0,0.01,inf,,,,,,,14,legacy_2026-09-04,legacy_full_scene,R_IN5,micp_comparison/results/vp_aligned_2026-09-08/in5.csv
all_cases,False,False,False,0.4317335119976633,106,DEU_AachenBendplatz-1_83820_T-3839_in5_safe_variant_15,scenarios/experiment_scenarios/variants/in5/DEU_AachenBendplatz-1_83820_T-3839_in5_safe_variant_15.xml,10288,R_IN5,0,standard,20,True,False,False,0.004091135000635404,1.3109646169996267,0.014988072000051034,1.3300438240003132,0.5331782839984953,0.014042139053344727,2350,662,3013,2,0.0,0.01,1.0,"(10294,)",,"{""t"": 5, ""s"": 82.68855073488268, ""d"": -0.21638107795055317}",,,,11,legacy_2026-09-04,legacy_full_scene,R_IN5,micp_comparison/results/vp_aligned_2026-09-08/in5.csv
all_cases,True,True,True,0.8122517240026355,111,DEU_AachenBendplatz-1_84280_T-4299_in5_safe_variant_16,scenarios/experiment_scenarios/variants/in5/DEU_AachenBendplatz-1_84280_T-4299_in5_safe_variant_16.xml,10331,R_IN5,0,standard,20,True,True,True,0.00580608899872459,1.3074222880004527,0.048004749000028824,1.361233125999206,0.5604105350012105,0.047183990478515625,2329,655,2985,2,7.971944403277081e-05,0.0099999999965803,inf,,,,,,,14,legacy_2026-09-04,legacy_full_scene,R_IN5,micp_comparison/results/vp_aligned_2026-09-08/in5.csv
all_cases,True,False,False,0.4626325380013441,110,DEU_AachenFrankenburg-1_295880_T-5899_in5_safe_variant_21,scenarios/experiment_scenarios/variants/in5/DEU_AachenFrankenburg-1_295880_T-5899_in5_safe_variant_21.xml,10562,R_IN5,0,standard,20,True,False,False,0.0030225159989640815,1.2997328719993675,0.014958511001168517,1.3177138989995,0.23692288399979589,0.014067888259887695,2332,656,2989,2,0.0,0.00999999999891088,1.2000000000000002,"(10564,)",,"{""t"": 6, ""s"": 112.10748955253969, ""d"": -0.12236528251405754}",,,,4,legacy_2026-09-04,legacy_full_scene,R_IN5,micp_comparison/results/vp_aligned_2026-09-08/in5.csv
all_cases,False,False,False,0.7687124189997121,125,DEU_AachenBendplatz-1_132900_T-2919_in5_safe_variant_24,scenarios/experiment_scenarios/variants/in5/DEU_AachenBendplatz-1_132900_T-2919_in5_safe_variant_24.xml,10204,R_IN5,0,standard,20,True,True,True,0.004923738000798039,1.3457077039984142,0.013957321001726086,1.3645887630009383,0.5471643979999499,0.01299595832824707,2371,669,3041,2,0.0,0.01,inf,,,,,,,14,legacy_2026-09-04,legacy_full_scene,R_IN5,micp_comparison/results/vp_aligned_2026-09-08/in5.csv
all_cases,False,False,False,0.3999555230020633,119,DEU_AachenBendplatz-1_83820_T-3839_in5_safe_variant_26,scenarios/experiment_scenarios/variants/in5/DEU_AachenBendplatz-1_83820_T-3839_in5_safe_variant_26.xml,10288,R_IN5,0,standard,20,True,False,False,0.004505467999479151,1.2917726849991595,0.014844620000076247,1.311122772998715,0.5318203150000045,0.014016151428222656,2359,665,3025,2,0.0,0.01,1.0,"(10294,)",,"{""t"": 5, ""s"": 82.82932332931978, ""d"": -0.28775341201132787}",,,,11,legacy_2026-09-04,legacy_full_scene,R_IN5,micp_comparison/results/vp_aligned_2026-09-08/in5.csv
all_cases,True,True,True,0.48660912200102757,115,DEU_AachenBendplatz-1_84280_T-4299_in5_safe_variant_27,scenarios/experiment_scenarios/variants/in5/DEU_AachenBendplatz-1_84280_T-4299_in5_safe_variant_27.xml,10331,R_IN5,0,standard,20,True,False,False,0.005342264999853796,1.262013958999887,0.014506385999993654,1.2818626099997346,0.5431189570008428,0.013766050338745117,2329,655,2985,2,0.0,0.0099999999965803,3.2,"(10329,)",,"{""t"": 16, ""s"": 56.24196609179435, ""d"": -0.02006189673547819}",,,,14,legacy_2026-09-04,legacy_full_scene,R_IN5,micp_comparison/results/vp_aligned_2026-09-08/in5.csv
all_cases,True,False,False,0.39663118199860037,116,DEU_AachenFrankenburg-1_295880_T-5899_in5_safe_variant_32,scenarios/experiment_scenarios/variants/in5/DEU_AachenFrankenburg-1_295880_T-5899_in5_safe_variant_32.xml,10562,R_IN5,0,standard,20,True,False,False,0.002936234999651788,1.2544796460006182,0.014439921000303002,1.271855802000573,0.2303019190003397,0.013728857040405273,2332,656,2989,2,0.0,0.009999999998342446,1.2000000000000002,"(10564,)",,"{""t"": 6, ""s"": 112.30272167676105, ""d"": -0.17965145676776928}",,,,4,legacy_2026-09-04,legacy_full_scene,R_IN5,micp_comparison/results/vp_aligned_2026-09-08/in5.csv
all_cases,False,False,False,0.3377704030026507,122,DEU_AachenBendplatz-1_12960_T-979_in5_safe_variant_34,scenarios/experiment_scenarios/variants/in5/DEU_AachenBendplatz-1_12960_T-979_in5_safe_variant_34.xml,10047,R_IN5,0,standard,20,True,True,True,0.0037778409987367922,1.3264285669993114,0.014011789000505814,1.344218196998554,0.516595276998487,0.013336181640625,2350,662,3013,2,0.0,0.01,inf,,,,,,,14,legacy_2026-09-04,legacy_full_scene,R_IN5,micp_comparison/results/vp_aligned_2026-09-08/in5.csv
all_cases,False,False,False,0.3416926619993319,125,DEU_AachenBendplatz-1_132900_T-2919_in5_safe_variant_35,scenarios/experiment_scenarios/variants/in5/DEU_AachenBendplatz-1_132900_T-2919_in5_safe_variant_35.xml,10204,R_IN5,0,standard,20,True,True,True,0.004729009999209666,1.301258093000797,0.013984039998831577,1.3199711429988383,0.5425741599992762,0.013124942779541016,2371,669,3041,2,0.0,0.01,inf,,,,,,,14,legacy_2026-09-04,legacy_full_scene,R_IN5,micp_comparison/results/vp_aligned_2026-09-08/in5.csv
all_cases,False,False,False,0.3212570690011489,106,DEU_AachenBendplatz-1_83820_T-3839_in5_safe_variant_37,scenarios/experiment_scenarios/variants/in5/DEU_AachenBendplatz-1_83820_T-3839_in5_safe_variant_37.xml,10288,R_IN5,0,standard,20,True,False,False,0.003973033000875148,1.2579416049993597,0.015453238998816232,1.277367876999051,0.566379362000589,0.014549970626831055,2350,662,3013,2,0.0,0.01,1.0,"(10294,)",,"{""t"": 5, ""s"": 82.745477857179, ""d"": -0.17445074766510832}",,,,11,legacy_2026-09-04,legacy_full_scene,R_IN5,micp_comparison/results/vp_aligned_2026-09-08/in5.csv
,,,,,,DEU_AAH1-2_7900_T-1049_in5_variant_01,scenarios/experiment_scenarios/variants/in5/DEU_AAH1-2_7900_T-1049_in5_variant_01.xml,10020,R_IN5,0,standard,150,False,False,False,0.01784273100020073,10.016824717999043,0.009271463999539264,10.043938912998783,,0.0072710514068603516,17461,4919,22381,4,,-inf,,,,,,lin2025,10019,63,vp_gap_fill_2026-09-08,fixed_vehicle_pair,R_IN5,micp_comparison/results/vp_aligned_2026-09-08/in5.csv
,,,,,,DEU_AAH1-2_7900_T-1049_in5_variant_03,scenarios/experiment_scenarios/variants/in5/DEU_AAH1-2_7900_T-1049_in5_variant_03.xml,10020,R_IN5,0,standard,150,False,False,False,0.018868164999730652,10.09918156599997,0.009822527999858721,10.12787225899956,,0.006836891174316406,17428,4908,22337,4,,-inf,,,,,,lin2025,10019,67,vp_gap_fill_2026-09-08,fixed_vehicle_pair,R_IN5,micp_comparison/results/vp_aligned_2026-09-08/in5.csv
,,,,,,DEU_AAH1-2_7900_T-1049_in5_variant_05,scenarios/experiment_scenarios/variants/in5/DEU_AAH1-2_7900_T-1049_in5_variant_05.xml,10020,R_IN5,0,standard,150,False,False,False,0.01873021600113134,9.990963035999812,0.009756560999448993,10.019449813000392,,0.007345914840698242,17386,4894,22281,4,,-inf,,,,,,lin2025,10019,57,vp_gap_fill_2026-09-08,fixed_vehicle_pair,R_IN5,micp_comparison/results/vp_aligned_2026-09-08/in5.csv
,,,,,,DEU_AAH1-2_7900_T-1049_in5_variant_06,scenarios/experiment_scenarios/variants/in5/DEU_AAH1-2_7900_T-1049_in5_variant_06.xml,10020,R_IN5,0,standard,150,False,False,False,0.021017957998992642,10.939276889999746,0.00936227400052303,10.969657121999262,,0.007077932357788086,17572,4956,22529,4,,-inf,,,,,,lin2025,10019,60,vp_gap_fill_2026-09-08,fixed_vehicle_pair,R_IN5,micp_comparison/results/vp_aligned_2026-09-08/in5.csv
,,,,,,DEU_AAH1-2_7900_T-1049_in5_variant_07,scenarios/experiment_scenarios/variants/in5/DEU_AAH1-2_7900_T-1049_in5_variant_07.xml,10020,R_IN5,0,standard,150,False,False,False,0.019990819000668125,14.472866199999771,0.015011404999313527,14.507868423999753,,0.010064125061035156,17473,4923,22397,4,,-inf,,,,,,lin2025,10019,66,vp_gap_fill_2026-09-08,fixed_vehicle_pair,R_IN5,micp_comparison/results/vp_aligned_2026-09-08/in5.csv
,,,,,,DEU_AAH1-2_7900_T-1049_in5_variant_09,scenarios/experiment_scenarios/variants/in5/DEU_AAH1-2_7900_T-1049_in5_variant_09.xml,10020,R_IN5,0,standard,150,False,False,False,0.021523793000596925,11.497359203000087,0.011129705999337602,11.530012702000022,,0.008342981338500977,17467,4921,22389,4,,-inf,,,,,,lin2025,10019,61,vp_gap_fill_2026-09-08,fixed_vehicle_pair,R_IN5,micp_comparison/results/vp_aligned_2026-09-08/in5.csv
,,,,,,DEU_AachenBendplatz-1_12961_T-980,scenarios/experiment_scenarios/generated_micp/in5/DEU_AachenBendplatz-1_12961_T-980.xml,10047,R_IN5,0,standard,20,True,True,True,0.003556126999683329,1.348604446000536,0.014644486000179313,1.3668050590003986,0.48986395499923674,0.013689994812011719,2353,663,3017,2,0.0,0.01,inf,,,,,lin2025,10048,13,vp_gap_fill_2026-09-08,fixed_vehicle_pair,R_IN5,micp_comparison/results/vp_aligned_2026-09-08/in5.csv
,,,,,,DEU_AachenBendplatz-1_12962_T-981,scenarios/experiment_scenarios/generated_micp/in5/DEU_AachenBendplatz-1_12962_T-981.xml,10047,R_IN5,0,standard,20,True,True,True,0.003736378999747103,1.507469874999515,0.0152130219994433,1.5264192759987054,0.5873494030001893,0.014245986938476562,2353,663,3017,2,0.0,0.01,inf,,,,,lin2025,10048,12,vp_gap_fill_2026-09-08,fixed_vehicle_pair,R_IN5,micp_comparison/results/vp_aligned_2026-09-08/in5.csv
,,,,,,DEU_AachenBendplatz-1_12963_T-982,scenarios/experiment_scenarios/generated_micp/in5/DEU_AachenBendplatz-1_12963_T-982.xml,10047,R_IN5,0,standard,20,True,True,True,0.0034871530006057583,1.4721557140001096,0.01442300099915883,1.4900658679998742,0.49152686200068274,0.013493061065673828,2353,663,3017,2,0.0,0.01,inf,,,,,lin2025,10048,11,vp_gap_fill_2026-09-08,fixed_vehicle_pair,R_IN5,micp_comparison/results/vp_aligned_2026-09-08/in5.csv
,,,,,,DEU_AachenBendplatz-1_12964_T-983,scenarios/experiment_scenarios/generated_micp/in5/DEU_AachenBendplatz-1_12964_T-983.xml,10047,R_IN5,0,standard,20,True,True,True,0.004879324998910306,1.9411062670005776,0.018120970999007113,1.964106562998495,0.6443728959984583,0.016007184982299805,2353,663,3017,2,0.0,0.01,inf,,,,,lin2025,10048,10,vp_gap_fill_2026-09-08,fixed_vehicle_pair,R_IN5,micp_comparison/results/vp_aligned_2026-09-08/in5.csv
,,,,,,DEU_AachenBendplatz-1_13558_T-577,scenarios/experiment_scenarios/generated_micp/in5/DEU_AachenBendplatz-1_13558_T-577.xml,10037,R_IN5,0,standard,20,True,True,True,0.011045633000321686,2.68718726500083,0.028538128000946017,2.7267710260020976,0.9817156640001485,0.02575516700744629,2404,680,3085,2,0.0,0.009999999999308784,inf,,,,,lin2025,10046,14,vp_gap_fill_2026-09-08,fixed_vehicle_pair,R_IN5,micp_comparison/results/vp_aligned_2026-09-08/in5.csv
,,,,,,DEU_AachenBendplatz-1_13559_T-578,scenarios/experiment_scenarios/generated_micp/in5/DEU_AachenBendplatz-1_13559_T-578.xml,10037,R_IN5,0,standard,20,True,True,True,0.012625842000488774,3.499893318001341,0.02875686399966071,3.5412760240014904,1.1185774130008213,0.025795936584472656,2404,680,3085,2,0.0,0.009999999999308784,inf,,,,,lin2025,10046,13,vp_gap_fill_2026-09-08,fixed_vehicle_pair,R_IN5,micp_comparison/results/vp_aligned_2026-09-08/in5.csv
,,,,,,DEU_AachenBendplatz-1_13561_T-580,scenarios/experiment_scenarios/generated_micp/in5/DEU_AachenBendplatz-1_13561_T-580.xml,10037,R_IN5,0,standard,20,True,True,True,0.0043973440006084275,1.5083916690000478,0.01558368499900098,1.5283726979996572,0.5437653930002853,0.014660835266113281,2404,680,3085,2,0.0,0.009999999999308784,inf,,,,,lin2025,10046,11,vp_gap_fill_2026-09-08,fixed_vehicle_pair,R_IN5,micp_comparison/results/vp_aligned_2026-09-08/in5.csv
,,,,,,DEU_AachenBendplatz-1_13562_T-581,scenarios/experiment_scenarios/generated_micp/in5/DEU_AachenBendplatz-1_13562_T-581.xml,10037,R_IN5,0,standard,20,True,True,True,0.004084349999175174,1.345583190999605,0.014318429999548243,1.3639859709983284,0.5036023920001753,0.013361930847167969,2404,680,3085,2,0.0,0.01,inf,,,,,lin2025,10046,10,vp_gap_fill_2026-09-08,fixed_vehicle_pair,R_IN5,micp_comparison/results/vp_aligned_2026-09-08/in5.csv
,,,,,,DEU_AachenBendplatz-1_13563_T-582,scenarios/experiment_scenarios/generated_micp/in5/DEU_AachenBendplatz-1_13563_T-582.xml,10037,R_IN5,0,standard,20,True,True,True,0.00391791099900729,1.4127889230003348,0.015960776998326764,1.4326676109976688,0.5283805369999754,0.015140056610107422,2404,680,3085,2,0.0,0.01,inf,,,,,lin2025,10046,9,vp_gap_fill_2026-09-08,fixed_vehicle_pair,R_IN5,micp_comparison/results/vp_aligned_2026-09-08/in5.csv
,,,,,,DEU_AachenBendplatz-1_13564_T-583,scenarios/experiment_scenarios/generated_micp/in5/DEU_AachenBendplatz-1_13564_T-583.xml,10037,R_IN5,0,standard,20,True,True,True,0.0038721729997632792,1.350546552999731,0.01523472699955164,1.3696534529990458,0.5224518499999249,0.014353036880493164,2404,680,3085,2,0.0,0.009999999999308784,inf,,,,,lin2025,10046,8,vp_gap_fill_2026-09-08,fixed_vehicle_pair,R_IN5,micp_comparison/results/vp_aligned_2026-09-08/in5.csv
,,,,,,DEU_AachenBendplatz-1_13565_T-584,scenarios/experiment_scenarios/generated_micp/in5/DEU_AachenBendplatz-1_13565_T-584.xml,10037,R_IN5,0,standard,20,True,False,False,0.00382472300043446,1.3264866170011373,0.014455865999480011,1.3447672060010518,0.504969062998498,0.013662099838256836,2404,680,3085,2,0.0,0.009999999999308784,1.8,"(10046,)",,"{""t"": 9, ""s"": 59.36958685469243, ""d"": -2.033403688654265}",,lin2025,10046,7,vp_gap_fill_2026-09-08,fixed_vehicle_pair,R_IN5,micp_comparison/results/vp_aligned_2026-09-08/in5.csv
,,,,,,DEU_AachenBendplatz-1_141555_T-1574,scenarios/experiment_scenarios/generated_micp/in5/DEU_AachenBendplatz-1_141555_T-1574.xml,10095,R_IN5,0,standard,20,True,False,False,0.004446505001396872,1.1847529520000535,0.016578385000684648,1.205777842002135,0.6228967179995379,0.0159151554107666,2359,665,3025,2,0.0,0.009999999998626663,3.4000000000000004,"(10099,)",,"{""t"": 17, ""s"": 94.00579739511, ""d"": -0.6910543005800909}",,lin2025,10099,11,vp_gap_fill_2026-09-08,fixed_vehicle_pair,R_IN5,micp_comparison/results/vp_aligned_2026-09-08/in5.csv
,,,,,,DEU_AachenBendplatz-1_141556_T-1575,scenarios/experiment_scenarios/generated_micp/in5/DEU_AachenBendplatz-1_141556_T-1575.xml,10095,R_IN5,0,standard,20,True,False,False,0.004361871999208233,1.1609181570001965,0.01655423299962422,1.181834261999029,0.4866336079994653,0.01587700843811035,2356,664,3021,2,0.0,0.009999999998626663,3.2,"(10099,)",,"{""t"": 16, ""s"": 94.00579739511, ""d"": -0.7226176946777043}",,lin2025,10099,11,vp_gap_fill_2026-09-08,fixed_vehicle_pair,R_IN5,micp_comparison/results/vp_aligned_2026-09-08/in5.csv
,,,,,,DEU_AachenBendplatz-1_141557_T-1576,scenarios/experiment_scenarios/generated_micp/in5/DEU_AachenBendplatz-1_141557_T-1576.xml,10095,R_IN5,0,standard,20,True,False,False,0.004261442998540588,1.1673343460006436,0.015335624999352149,1.1869314139985363,0.4756052180000552,0.014678955078125,2353,663,3017,2,0.0,0.009999999998285602,3.0,"(10099,)",,"{""t"": 15, ""s"": 94.00579739511, ""d"": -0.704757711816667}",,lin2025,10099,10,vp_gap_fill_2026-09-08,fixed_vehicle_pair,R_IN5,micp_comparison/results/vp_aligned_2026-09-08/in5.csv
,,,,,,DEU_AachenBendplatz-1_141558_T-1577,scenarios/experiment_scenarios/generated_micp/in5/DEU_AachenBendplatz-1_141558_T-1577.xml,10095,R_IN5,0,standard,20,True,False,False,0.004261497999323183,1.147066478000852,0.015705497999078943,1.167033473999254,0.4749999329997081,0.014986991882324219,2350,662,3013,2,0.0,0.009999999998285602,2.8000000000000003,"(10099,)",,"{""t"": 14, ""s"": 94.00579739511, ""d"": -0.6608776408654793}",,lin2025,10099,9,vp_gap_fill_2026-09-08,fixed_vehicle_pair,R_IN5,micp_comparison/results/vp_aligned_2026-09-08/in5.csv
