scenario_id,scenario_path,ego_id,rule,repeat,rule_semantics,num_steps,smoothing,initialization,seed,solver_feasible,encoded_compliant,monitor_compliant,success,specification_time,decomposition_time,model_setup_time,solver_setup_time,solve_time,core_total_time,validation_time,qp_solver_time,gurobi_runtime,num_variables,num_binary_variables,num_constraints,num_equalities,num_inequalities,num_auxiliary_variables,num_disjunctive_constraints,num_predicate_occurrences,ccp_iterations,ccp_converged,max_final_slack,solver_status,objective,robustness,fixed_other_id,updated_tv,updated_other_id,updated_diagnostics,candidate_sd_at_tv,phase_history,error
DEU_AachenFrankenburg-1_252340_T-2359,/data_linux/Lab/commonroad-repairer-vp/scenarios/experiment_scenarios/ind_13/DEU_AachenFrankenburg-1_252340_T-2359.xml,10218,R_IN5,0,lin2025,20,lse_mellowmin,trajectory,20260922,True,True,True,True,0.005652908001138712,0.0036370139987411676,0.10382669399950828,0.10382669399950828,0.6644928599998821,0.7776094759992702,0.6983668920001946,0.025171995162963867,0.025171995162963867,421,0,567,160,407,21,200,666,5,True,1.1229692688197881e-08,optimal,10905.38748190858,0.010000000003652896,10214,inf,,,,"[{""iteration"": 1, ""max_slack"": 10.248629135175252, ""objective"": 10905.388678070005, ""original_change"": null, ""penalized_change"": null, ""penalized_objective"": 10910.448470691406, ""phase"": ""lse"", ""solver_time"": 0.003509998321533203, ""status"": ""optimal"", ""tau"": 0.005}, {""iteration"": 2, ""max_slack"": 1.781615914890611e-07, ""objective"": 10905.387481882142, ""original_change"": 0.0011961878626607358, ""penalized_change"": 5.060988234787146, ""penalized_objective"": 10905.38748245662, ""phase"": ""lse"", ""solver_time"": 0.005137920379638672, ""status"": ""optimal"", ""tau"": 0.01}, {""iteration"": 3, ""max_slack"": 1.7351481917535317e-10, ""objective"": 10905.387481871046, ""original_change"": 1.1095835361629725e-08, ""penalized_change"": 5.845049599884078e-07, ""penalized_objective"": 10905.387481872114, ""phase"": ""lse"", ""solver_time"": 0.005837917327880859, ""status"": ""optimal"", ""tau"": 0.02}, {""converged"": true, ""phase"": ""lse"", ""summary"": true}, {""iteration"": 1, ""max_slack"": 1.736567613944411e-08, ""objective"": 10905.387481871468, ""original_change"": null, ""penalized_change"": null, ""penalized_objective"": 10905.387481896696, ""phase"": ""mellowmin"", ""solver_time"": 0.005795001983642578, ""status"": ""optimal"", ""tau"": 0.005}, {""iteration"": 2, ""max_slack"": 1.1229692688197881e-08, ""objective"": 10905.387481871414, ""original_change"": 5.4569682106375694e-11, ""penalized_change"": 1.188345777336508e-08, ""penalized_objective"": 10905.38748190858, ""phase"": ""mellowmin"", ""solver_time"": 0.004891157150268555, ""status"": ""optimal"", ""tau"": 0.01}, {""converged"": true, ""phase"": ""mellowmin"", ""summary"": true}]",
DEU_AachenFrankenburg-1_263760_T-3779,/data_linux/Lab/commonroad-repairer-vp/scenarios/experiment_scenarios/ind_13/DEU_AachenFrankenburg-1_263760_T-3779.xml,10333,R_IN5,0,lin2025,20,lse_mellowmin,trajectory,20260922,True,True,False,False,0.006762439999874914,0.003572161000192864,0.10466231800091919,0.10466231800091919,0.6414299640000536,0.7564268830010406,1.047822152999288,0.036863088607788086,0.036863088607788086,421,0,567,160,407,21,200,666,4,True,1.526874462430627e-08,optimal,24705.565128641494,0.010000000002250431,10342,1.6,"(10342,)",,"{""t"": 8, ""s"": 110.567212293947, ""d"": -0.6133859912133417}","[{""iteration"": 1, ""max_slack"": 4.353106065356819e-08, ""objective"": 24705.5651285713, ""original_change"": null, ""penalized_change"": null, ""penalized_objective"": 24705.565128630336, ""phase"": ""lse"", ""solver_time"": 0.009426116943359375, ""status"": ""optimal"", ""tau"": 0.005}, {""iteration"": 2, ""max_slack"": 1.5456171006041503e-08, ""objective"": 24705.565128571183, ""original_change"": 1.1641532182693481e-10, ""penalized_change"": 1.2554664863273501e-08, ""penalized_objective"": 24705.56512864289, ""phase"": ""lse"", ""solver_time"": 0.009301900863647461, ""status"": ""optimal"", ""tau"": 0.01}, {""converged"": true, ""phase"": ""lse"", ""summary"": true}, {""iteration"": 1, ""max_slack"": 1.365212949922803e-07, ""objective"": 24705.565128571834, ""original_change"": null, ""penalized_change"": null, ""penalized_objective"": 24705.56512887175, ""phase"": ""mellowmin"", ""solver_time"": 0.008980989456176758, ""status"": ""optimal"", ""tau"": 0.005}, {""iteration"": 2, ""max_slack"": 1.526874462430627e-08, ""objective"": 24705.565128571157, ""original_change"": 6.766640581190586e-10, ""penalized_change"": 2.302549546584487e-07, ""penalized_objective"": 24705.565128641494, ""phase"": ""mellowmin"", ""solver_time"": 0.009154081344604492, ""status"": ""optimal"", ""tau"": 0.01}, {""converged"": true, ""phase"": ""mellowmin"", ""summary"": true}]",
DEU_AachenFrankenburg-1_295880_T-5899,/data_linux/Lab/commonroad-repairer-vp/scenarios/experiment_scenarios/ind_13/DEU_AachenFrankenburg-1_295880_T-5899.xml,10562,R_IN5,0,lin2025,20,lse_mellowmin,trajectory,20260922,True,True,False,False,0.0031402009990415536,0.003469731000222964,0.1057395979987632,0.1057395979987632,0.6624269730000378,0.7747765029980656,0.6833345859995461,0.042417287826538086,0.042417287826538086,421,0,556,160,396,21,200,655,5,True,6.088413546602256e-09,optimal,27839.40922549473,0.010000000000772502,10564,1.0,"(10564,)",,"{""t"": 5, ""s"": 112.92297752299721, ""d"": -0.506928456738116}","[{""iteration"": 1, ""max_slack"": 2.860162859644476, ""objective"": 27839.409418709503, ""original_change"": null, ""penalized_change"": null, ""penalized_objective"": 27841.179661204256, ""phase"": ""lse"", ""solver_time"": 0.0062139034271240234, ""status"": ""optimal"", ""tau"": 0.005}, {""iteration"": 2, ""max_slack"": 2.794337243830183e-09, ""objective"": 27839.409225466152, ""original_change"": 0.00019324335153214633, ""penalized_change"": 1.7704357252077898, ""penalized_objective"": 27839.40922547905, ""phase"": ""lse"", ""solver_time"": 0.008835077285766602, ""status"": ""optimal"", ""tau"": 0.01}, {""iteration"": 3, ""max_slack"": 1.3459674648945397e-09, ""objective"": 27839.409225466145, ""original_change"": 7.275957614183426e-12, ""penalized_change"": 6.693881005048752e-10, ""penalized_objective"": 27839.40922547838, ""phase"": ""lse"", ""solver_time"": 0.009393930435180664, ""status"": ""optimal"", ""tau"": 0.02}, {""converged"": true, ""phase"": ""lse"", ""summary"": true}, {""iteration"": 1, ""max_slack"": 3.0142160972568713e-09, ""objective"": 27839.409225466083, ""original_change"": null, ""penalized_change"": null, ""penalized_objective"": 27839.409225473064, ""phase"": ""mellowmin"", ""solver_time"": 0.00820016860961914, ""status"": ""optimal"", ""tau"": 0.005}, {""iteration"": 2, ""max_slack"": 6.088413546602256e-09, ""objective"": 27839.409225466297, ""original_change"": 2.1464074961841106e-10, ""penalized_change"": 2.1667801775038242e-08, ""penalized_objective"": 27839.40922549473, ""phase"": ""mellowmin"", ""solver_time"": 0.009774208068847656, ""status"": ""optimal"", ""tau"": 0.01}, {""converged"": true, ""phase"": ""mellowmin"", ""summary"": true}]",
DEU_AachenBendplatz-1_121500_T-1519,/data_linux/Lab/commonroad-repairer-vp/scenarios/experiment_scenarios/ind_13/DEU_AachenBendplatz-1_121500_T-1519.xml,10086,R_IN5,0,lin2025,20,lse_mellowmin,trajectory,20260922,True,True,False,False,0.004819883999516605,0.0037891799984208774,0.1219804420015862,0.1219804420015862,1.288062075000198,1.4186515809997218,1.0963104389993532,0.04463505744934082,0.04463505744934082,421,0,570,160,410,21,200,669,5,True,1.702942274933893e-08,optimal,15354.801179939746,0.010000000004836807,10087,1.4000000000000001,"(10087,)",,"{""t"": 7, ""s"": 85.09528996267649, ""d"": -0.3734037646473496}","[{""iteration"": 1, ""max_slack"": 1.9241658199377851, ""objective"": 15354.80130242086, ""original_change"": null, ""penalized_change"": null, ""penalized_objective"": 15355.200534550453, ""phase"": ""lse"", ""solver_time"": 0.006947040557861328, ""status"": ""optimal"", ""tau"": 0.005}, {""iteration"": 2, ""max_slack"": 3.8096345258765475e-08, ""objective"": 15354.801179879174, ""original_change"": 0.00012254168541403487, ""penalized_change"": 0.3993545010125672, ""penalized_objective"": 15354.80118004944, ""phase"": ""lse"", ""solver_time"": 0.009427070617675781, ""status"": ""optimal"", ""tau"": 0.01}, {""iteration"": 3, ""max_slack"": 2.9374053909265188e-08, ""objective"": 15354.801179881091, ""original_change"": 1.9172148313373327e-09, ""penalized_change"": 5.684523785021156e-08, ""penalized_objective"": 15354.801180106286, ""phase"": ""lse"", ""solver_time"": 0.009660959243774414, ""status"": ""optimal"", ""tau"": 0.02}, {""converged"": true, ""phase"": ""lse"", ""summary"": true}, {""iteration"": 1, ""max_slack"": 2.4048445572091536e-09, ""objective"": 15354.801179877975, ""original_change"": null, ""penalized_change"": null, ""penalized_objective"": 15354.80117988264, ""phase"": ""mellowmin"", ""solver_time"": 0.00941014289855957, ""status"": ""optimal"", ""tau"": 0.005}, {""iteration"": 2, ""max_slack"": 1.702942274933893e-08, ""objective"": 15354.801179878536, ""original_change"": 5.602487362921238e-10, ""penalized_change"": 5.7107172324322164e-08, ""penalized_objective"": 15354.801179939746, ""phase"": ""mellowmin"", ""solver_time"": 0.009189844131469727, ""status"": ""optimal"", ""tau"": 0.01}, {""converged"": true, ""phase"": ""mellowmin"", ""summary"": true}]",
DEU_AachenBendplatz-1_12960_T-979,/data_linux/Lab/commonroad-repairer-vp/scenarios/experiment_scenarios/ind_13/DEU_AachenBendplatz-1_12960_T-979.xml,10047,R_IN5,0,lin2025,20,lse_mellowmin,trajectory,20260922,True,True,True,True,0.004347304999100743,0.003773022999666864,0.1107171620005829,0.1107171620005829,0.6410273450001114,0.7598648349994619,1.4889554740002495,0.00915837287902832,0.00915837287902832,421,0,564,160,404,21,200,663,4,True,1.0900504958365582e-09,optimal,4962.022708985984,0.010000000005042864,10048,inf,,,,"[{""iteration"": 1, ""max_slack"": 3.952992108869686e-08, ""objective"": 4962.02270898136, ""original_change"": null, ""penalized_change"": null, ""penalized_objective"": 4962.022709005906, ""phase"": ""lse"", ""solver_time"": 0.0030841827392578125, ""status"": ""optimal"", ""tau"": 0.005}, {""iteration"": 2, ""max_slack"": 1.0900978497581166e-09, ""objective"": 4962.0227089802775, ""original_change"": 1.0822986951097846e-09, ""penalized_change"": 1.99188434635289e-08, ""penalized_objective"": 4962.022708985987, ""phase"": ""lse"", ""solver_time"": 0.0022339820861816406, ""status"": ""optimal"", ""tau"": 0.01}, {""converged"": true, ""phase"": ""lse"", ""summary"": true}, {""iteration"": 1, ""max_slack"": 4.123825503283278e-09, ""objective"": 4962.0227089819255, ""original_change"": null, ""penalized_change"": null, ""penalized_objective"": 4962.022708992687, ""phase"": ""mellowmin"", ""solver_time"": 0.0019490718841552734, ""status"": ""optimal"", ""tau"": 0.005}, {""iteration"": 2, ""max_slack"": 1.0900504958365582e-09, ""objective"": 4962.022708980273, ""original_change"": 1.6525518731214106e-09, ""penalized_change"": 6.702975952066481e-09, ""penalized_objective"": 4962.022708985984, ""phase"": ""mellowmin"", ""solver_time"": 0.0018911361694335938, ""status"": ""optimal"", ""tau"": 0.01}, {""converged"": true, ""phase"": ""mellowmin"", ""summary"": true}]",
DEU_AachenBendplatz-1_132900_T-2919,/data_linux/Lab/commonroad-repairer-vp/scenarios/experiment_scenarios/ind_13/DEU_AachenBendplatz-1_132900_T-2919.xml,10204,R_IN5,0,lin2025,20,lse_mellowmin,trajectory,20260922,True,True,True,True,0.006362138999975286,0.003572768000594806,0.11869660899901646,0.11869660899901646,0.6617728999990504,0.790404415998637,1.5911309290004283,0.01043844223022461,0.01043844223022461,421,0,570,160,410,21,200,669,4,True,8.249566060319544e-09,optimal,5286.647506846945,0.010000000018912658,10205,inf,,,,"[{""iteration"": 1, ""max_slack"": 8.636922110149972e-07, ""objective"": 5286.647506836692, ""original_change"": null, ""penalized_change"": null, ""penalized_objective"": 5286.647508107277, ""phase"": ""lse"", ""solver_time"": 0.004328012466430664, ""status"": ""optimal"", ""tau"": 0.005}, {""iteration"": 2, ""max_slack"": 1.7366381418161482e-08, ""objective"": 5286.647506822977, ""original_change"": 1.3714270608033985e-08, ""penalized_change"": 1.2082464309060015e-06, ""penalized_objective"": 5286.64750689903, ""phase"": ""lse"", ""solver_time"": 0.002028226852416992, ""status"": ""optimal"", ""tau"": 0.01}, {""converged"": true, ""phase"": ""lse"", ""summary"": true}, {""iteration"": 1, ""max_slack"": 2.246909054263863e-09, ""objective"": 5286.647506815585, ""original_change"": null, ""penalized_change"": null, ""penalized_objective"": 5286.6475068194, ""phase"": ""mellowmin"", ""solver_time"": 0.0020132064819335938, ""status"": ""optimal"", ""tau"": 0.005}, {""iteration"": 2, ""max_slack"": 8.249566060319544e-09, ""objective"": 5286.647506817748, ""original_change"": 2.1627784008160233e-09, ""penalized_change"": 2.7544956537894905e-08, ""penalized_objective"": 5286.647506846945, ""phase"": ""mellowmin"", ""solver_time"": 0.0020689964294433594, ""status"": ""optimal"", ""tau"": 0.01}, {""converged"": true, ""phase"": ""mellowmin"", ""summary"": true}]",
DEU_AachenBendplatz-1_83820_T-3839,/data_linux/Lab/commonroad-repairer-vp/scenarios/experiment_scenarios/ind_13/DEU_AachenBendplatz-1_83820_T-3839.xml,10288,R_IN5,0,lin2025,20,lse_mellowmin,trajectory,20260922,True,True,False,False,0.005340327999874717,0.0035212940001656534,0.14997331400081748,0.14997331400081748,1.3240748940006597,1.4829098300015175,1.2627269310014526,0.051435232162475586,0.051435232162475586,421,0,564,160,404,21,200,663,4,True,9.03552818678131e-10,optimal,14190.9845888131,0.01000000000017855,10294,1.2000000000000002,"(10294,)",,"{""t"": 6, ""s"": 83.86605778936978, ""d"": -0.6624909738419262}","[{""iteration"": 1, ""max_slack"": 1.8709945936133507e-09, ""objective"": 14190.984588808959, ""original_change"": null, ""penalized_change"": null, ""penalized_objective"": 14190.984588812, ""phase"": ""lse"", ""solver_time"": 0.010746002197265625, ""status"": ""optimal"", ""tau"": 0.005}, {""iteration"": 2, ""max_slack"": 5.601298103025723e-10, ""objective"": 14190.984588808773, ""original_change"": 1.8553691916167736e-10, ""penalized_change"": 5.329638952389359e-10, ""penalized_objective"": 14190.984588811467, ""phase"": ""lse"", ""solver_time"": 0.01947307586669922, ""status"": ""optimal"", ""tau"": 0.01}, {""converged"": true, ""phase"": ""lse"", ""summary"": true}, {""iteration"": 1, ""max_slack"": 3.5404491589268114e-09, ""objective"": 14190.984588808871, ""original_change"": null, ""penalized_change"": null, ""penalized_objective"": 14190.984588817433, ""phase"": ""mellowmin"", ""solver_time"": 0.010843038558959961, ""status"": ""optimal"", ""tau"": 0.005}, {""iteration"": 2, ""max_slack"": 9.03552818678131e-10, ""objective"": 14190.984588808795, ""original_change"": 7.639755494892597e-11, ""penalized_change"": 4.33283275924623e-09, ""penalized_objective"": 14190.9845888131, ""phase"": ""mellowmin"", ""solver_time"": 0.010373115539550781, ""status"": ""optimal"", ""tau"": 0.01}, {""converged"": true, ""phase"": ""mellowmin"", ""summary"": true}]",
DEU_AachenBendplatz-1_84280_T-4299,/data_linux/Lab/commonroad-repairer-vp/scenarios/experiment_scenarios/ind_13/DEU_AachenBendplatz-1_84280_T-4299.xml,10331,R_IN5,0,lin2025,20,lse_mellowmin,trajectory,20260922,True,True,True,True,0.006063561999326339,0.003608741999414633,0.10253571700013708,0.10253571700013708,1.171925442000429,1.284133462999307,1.4558088789999601,0.021212100982666016,0.021212100982666016,421,0,554,160,394,21,200,653,4,True,1.6042335623116694e-08,optimal,5811.038496222109,0.010000000007529763,10329,inf,,,,"[{""iteration"": 1, ""max_slack"": 1.5136051867677347e-08, ""objective"": 5811.0384961839045, ""original_change"": null, ""penalized_change"": null, ""penalized_objective"": 5811.038496205296, ""phase"": ""lse"", ""solver_time"": 0.005085945129394531, ""status"": ""optimal"", ""tau"": 0.005}, {""iteration"": 2, ""max_slack"": 5.964687645104635e-08, ""objective"": 5811.038496187153, ""original_change"": 3.2487150747328997e-09, ""penalized_change"": 1.873495421023108e-07, ""penalized_objective"": 5811.038496392645, ""phase"": ""lse"", ""solver_time"": 0.00518798828125, ""status"": ""optimal"", ""tau"": 0.01}, {""converged"": true, ""phase"": ""lse"", ""summary"": true}, {""iteration"": 1, ""max_slack"": 2.207264948114305e-09, ""objective"": 5811.0384961835925, ""original_change"": null, ""penalized_change"": null, ""penalized_objective"": 5811.038496187305, ""phase"": ""mellowmin"", ""solver_time"": 0.005499124526977539, ""status"": ""optimal"", ""tau"": 0.005}, {""iteration"": 2, ""max_slack"": 1.6042335623116694e-08, ""objective"": 5811.038496184197, ""original_change"": 6.048139766789973e-10, ""penalized_change"": 3.4803633752744645e-08, ""penalized_objective"": 5811.038496222109, ""phase"": ""mellowmin"", ""solver_time"": 0.005439043045043945, ""status"": ""optimal"", ""tau"": 0.01}, {""converged"": true, ""phase"": ""mellowmin"", ""summary"": true}]",
DEU_AachenFrankenburg-1_206020_T-6039,/data_linux/Lab/commonroad-repairer-vp/scenarios/experiment_scenarios/ind_13/DEU_AachenFrankenburg-1_206020_T-6039.xml,10462,R_IN5,0,lin2025,20,lse_mellowmin,trajectory,20260922,True,True,False,False,0.005134120001457632,0.0036899240003549494,0.15518806900035997,0.15518806900035997,0.6225644940004713,0.7865766070026439,0.7047399780003616,0.04570722579956055,0.04570722579956055,421,0,575,160,415,21,200,674,4,True,2.138495733974733e-09,optimal,5346.274488828833,0.010000000000711988,10457,1.0,"(10457,)",,"{""t"": 5, ""s"": 50.57161661703701, ""d"": -0.10353518088315639}","[{""iteration"": 1, ""max_slack"": 4.154929789730514e-09, ""objective"": 5346.274488817792, ""original_change"": null, ""penalized_change"": null, ""penalized_objective"": 5346.274488828366, ""phase"": ""lse"", ""solver_time"": 0.009870052337646484, ""status"": ""optimal"", ""tau"": 0.005}, {""iteration"": 2, ""max_slack"": 6.14371859112758e-09, ""objective"": 5346.274488817911, ""original_change"": 1.191438059322536e-10, ""penalized_change"": 1.3827047951053828e-08, ""penalized_objective"": 5346.274488842193, ""phase"": ""lse"", ""solver_time"": 0.009647130966186523, ""status"": ""optimal"", ""tau"": 0.01}, {""converged"": true, ""phase"": ""lse"", ""summary"": true}, {""iteration"": 1, ""max_slack"": 1.7796827283914954e-09, ""objective"": 5346.274488817713, ""original_change"": null, ""penalized_change"": null, ""penalized_objective"": 5346.2744888222705, ""phase"": ""mellowmin"", ""solver_time"": 0.013065099716186523, ""status"": ""optimal"", ""tau"": 0.005}, {""iteration"": 2, ""max_slack"": 2.138495733974733e-09, ""objective"": 5346.274488817757, ""original_change"": 4.3655745685100555e-11, ""penalized_change"": 6.562004273291677e-09, ""penalized_objective"": 5346.274488828833, ""phase"": ""mellowmin"", ""solver_time"": 0.013124942779541016, ""status"": ""optimal"", ""tau"": 0.01}, {""converged"": true, ""phase"": ""mellowmin"", ""summary"": true}]",
DEU_AachenBendplatz-1_122380_T-2399,/data_linux/Lab/commonroad-repairer-vp/scenarios/experiment_scenarios/ind_converter_2026/DEU_AachenBendplatz-1_122380_T-2399.xml,10145,R_IN5,0,lin2025,20,lse_mellowmin,trajectory,20260922,True,True,False,False,0.01742267700137745,0.004304533000322408,0.11302219000026525,0.11302219000026525,0.7331130530001246,0.8678624530020898,1.231161534000421,0.04983091354370117,0.04983091354370117,421,0,573,160,413,21,200,672,5,True,3.5531132057170425e-07,optimal,8210.630243659312,0.010000000051547886,10137,1.0,"(10137,)",,"{""t"": 5, ""s"": 61.85437907255971, ""d"": -1.6398330525213183}","[{""iteration"": 1, ""max_slack"": 1.2997723108734665, ""objective"": 8210.630330700522, ""original_change"": null, ""penalized_change"": null, ""penalized_objective"": 8210.904910369387, ""phase"": ""lse"", ""solver_time"": 0.010138988494873047, ""status"": ""optimal"", ""tau"": 0.005}, {""iteration"": 2, ""max_slack"": 1.6225776880712946e-08, ""objective"": 8210.630242498199, ""original_change"": 8.820232324069366e-05, ""penalized_change"": 0.2746677882514632, ""penalized_objective"": 8210.630242581135, ""phase"": ""lse"", ""solver_time"": 0.010885000228881836, ""status"": ""optimal"", ""tau"": 0.01}, {""iteration"": 3, ""max_slack"": 1.5411152167835195e-07, ""objective"": 8210.630242508749, ""original_change"": 1.0550138540565968e-08, ""penalized_change"": 1.1201900633750483e-06, ""penalized_objective"": 8210.630243701326, ""phase"": ""lse"", ""solver_time"": 0.009291887283325195, ""status"": ""optimal"", ""tau"": 0.02}, {""converged"": true, ""phase"": ""lse"", ""summary"": true}, {""iteration"": 1, ""max_slack"": 4.5078090751283215e-08, ""objective"": 8210.630242498895, ""original_change"": null, ""penalized_change"": null, ""penalized_objective"": 8210.630242588224, ""phase"": ""mellowmin"", ""solver_time"": 0.010470151901245117, ""status"": ""optimal"", ""tau"": 0.005}, {""iteration"": 2, ""max_slack"": 3.5531132057170425e-07, ""objective"": 8210.630242503437, ""original_change"": 4.542016540654004e-09, ""penalized_change"": 1.0710882634157315e-06, ""penalized_objective"": 8210.630243659312, ""phase"": ""mellowmin"", ""solver_time"": 0.009044885635375977, ""status"": ""optimal"", ""tau"": 0.01}, {""converged"": true, ""phase"": ""mellowmin"", ""summary"": true}]",
DEU_AachenBendplatz-1_131400_T-1419,/data_linux/Lab/commonroad-repairer-vp/scenarios/experiment_scenarios/ind_converter_2026/DEU_AachenBendplatz-1_131400_T-1419.xml,10108,R_IN5,0,lin2025,20,lse_mellowmin,trajectory,20260922,True,True,True,True,0.0037668159984605154,0.0035318440004630247,0.1069732699997985,0.1069732699997985,1.2324899590003042,1.3467618889990263,1.1613432970007125,0.04167795181274414,0.04167795181274414,421,0,554,160,394,21,200,653,4,True,7.586953871006668e-10,optimal,13904.441225005206,0.010000000000149256,10107,inf,,,,"[{""iteration"": 1, ""max_slack"": 3.7392298095550384e-07, ""objective"": 13904.441225955932, ""original_change"": null, ""penalized_change"": null, ""penalized_objective"": 13904.44122686429, ""phase"": ""lse"", ""solver_time"": 0.009597063064575195, ""status"": ""optimal"", ""tau"": 0.005}, {""iteration"": 2, ""max_slack"": 5.7261932894790615e-09, ""objective"": 13904.441224993252, ""original_change"": 9.626801329432055e-07, ""penalized_change"": 1.843207428464666e-06, ""penalized_objective"": 13904.441225021083, ""phase"": ""lse"", ""solver_time"": 0.012269020080566406, ""status"": ""optimal"", ""tau"": 0.01}, {""converged"": true, ""phase"": ""lse"", ""summary"": true}, {""iteration"": 1, ""max_slack"": 1.947751453968495e-07, ""objective"": 13904.441226037176, ""original_change"": null, ""penalized_change"": null, ""penalized_objective"": 13904.441226510473, ""phase"": ""mellowmin"", ""solver_time"": 0.00980997085571289, ""status"": ""optimal"", ""tau"": 0.005}, {""iteration"": 2, ""max_slack"": 7.586953871006668e-10, ""objective"": 13904.441225001518, ""original_change"": 1.0356579878134653e-06, ""penalized_change"": 1.505266482126899e-06, ""penalized_objective"": 13904.441225005206, ""phase"": ""mellowmin"", ""solver_time"": 0.010001897811889648, ""status"": ""optimal"", ""tau"": 0.01}, {""converged"": true, ""phase"": ""mellowmin"", ""summary"": true}]",
DEU_AachenBendplatz-1_13560_T-579,/data_linux/Lab/commonroad-repairer-vp/scenarios/experiment_scenarios/ind_converter_2026/DEU_AachenBendplatz-1_13560_T-579.xml,10037,R_IN5,0,lin2025,20,lse_mellowmin,trajectory,20260922,True,True,True,True,0.004799329000888974,0.003679572000692133,0.11607633300081943,0.11607633300081943,0.6633428990007815,0.787898133003182,1.8923407190013677,0.011559009552001953,0.011559009552001953,421,0,581,160,421,21,200,680,4,True,3.3890140917784576e-11,optimal,6236.9290546460325,0.010000000000285829,10046,inf,,,,"[{""iteration"": 1, ""max_slack"": 2.51991059379177e-08, ""objective"": 6236.92905462967, ""original_change"": null, ""penalized_change"": null, ""penalized_objective"": 6236.929054641641, ""phase"": ""lse"", ""solver_time"": 0.0037779808044433594, ""status"": ""optimal"", ""tau"": 0.005}, {""iteration"": 2, ""max_slack"": 9.724038884471308e-12, ""objective"": 6236.92905459287, ""original_change"": 3.679997462313622e-08, ""penalized_change"": 4.872072167927399e-08, ""penalized_objective"": 6236.929054592921, ""phase"": ""lse"", ""solver_time"": 0.0022971630096435547, ""status"": ""optimal"", ""tau"": 0.01}, {""converged"": true, ""phase"": ""lse"", ""summary"": true}, {""iteration"": 1, ""max_slack"": 2.3497562389039813e-09, ""objective"": 6236.929054598366, ""original_change"": null, ""penalized_change"": null, ""penalized_objective"": 6236.929054600257, ""phase"": ""mellowmin"", ""solver_time"": 0.0032830238342285156, ""status"": ""optimal"", ""tau"": 0.005}, {""iteration"": 2, ""max_slack"": 3.3890140917784576e-11, ""objective"": 6236.929054645855, ""original_change"": 4.748926585307345e-08, ""penalized_change"": 4.577577783493325e-08, ""penalized_objective"": 6236.9290546460325, ""phase"": ""mellowmin"", ""solver_time"": 0.0022008419036865234, ""status"": ""optimal"", ""tau"": 0.01}, {""converged"": true, ""phase"": ""mellowmin"", ""summary"": true}]",
DEU_AachenBendplatz-1_141560_T-1579,/data_linux/Lab/commonroad-repairer-vp/scenarios/experiment_scenarios/ind_converter_2026/DEU_AachenBendplatz-1_141560_T-1579.xml,10095,R_IN5,0,lin2025,20,lse_mellowmin,trajectory,20260922,True,True,False,False,0.011536006000824273,0.007599165001010988,0.130771119000201,0.130771119000201,0.8107476269997278,0.9606539170017641,1.257342165999944,0.04770684242248535,0.04770684242248535,421,0,561,160,401,21,200,660,5,True,2.1539681475557305e-09,optimal,17572.901569379603,0.01000000000055934,10099,2.4000000000000004,"(10099,)",,"{""t"": 12, ""s"": 94.30612818149561, ""d"": -0.672030039130064}","[{""iteration"": 1, ""max_slack"": 0.3861343258612883, ""objective"": 17572.90157622608, ""original_change"": null, ""penalized_change"": null, ""penalized_objective"": 17573.288662439412, ""phase"": ""lse"", ""solver_time"": 0.00426793098449707, ""status"": ""optimal"", ""tau"": 0.005}, {""iteration"": 2, ""max_slack"": 4.963372314229387e-10, ""objective"": 17572.901569376918, ""original_change"": 6.849160854471847e-06, ""penalized_change"": 0.3870930598495761, ""penalized_objective"": 17572.901569379563, ""phase"": ""lse"", ""solver_time"": 0.011446952819824219, ""status"": ""optimal"", ""tau"": 0.01}, {""iteration"": 3, ""max_slack"": 7.35857068511877e-09, ""objective"": 17572.901569370966, ""original_change"": 5.951733328402042e-09, ""penalized_change"": 6.116533768363297e-08, ""penalized_objective"": 17572.901569440728, ""phase"": ""lse"", ""solver_time"": 0.010993003845214844, ""status"": ""optimal"", ""tau"": 0.02}, {""converged"": true, ""phase"": ""lse"", ""summary"": true}, {""iteration"": 1, ""max_slack"": 6.111963930943545e-09, ""objective"": 17572.90156937065, ""original_change"": null, ""penalized_change"": null, ""penalized_objective"": 17572.90156938252, ""phase"": ""mellowmin"", ""solver_time"": 0.011070966720581055, ""status"": ""optimal"", ""tau"": 0.005}, {""iteration"": 2, ""max_slack"": 2.1539681475557305e-09, ""objective"": 17572.901569370308, ""original_change"": 3.41970007866621e-10, ""penalized_change"": 2.9176590032875538e-09, ""penalized_objective"": 17572.901569379603, ""phase"": ""mellowmin"", ""solver_time"": 0.009927988052368164, ""status"": ""optimal"", ""tau"": 0.01}, {""converged"": true, ""phase"": ""mellowmin"", ""summary"": true}]",
DEU_AachenBendplatz-1_161740_T-1759,/data_linux/Lab/commonroad-repairer-vp/scenarios/experiment_scenarios/ind_converter_2026/DEU_AachenBendplatz-1_161740_T-1759.xml,10135,R_IN5,0,lin2025,20,lse_mellowmin,trajectory,20260922,True,True,False,False,0.003398034999918309,0.0032808930009196047,0.1228761559996201,0.1228761559996201,1.4754465660007554,1.6050016500012134,1.392341786999168,0.045310020446777344,0.045310020446777344,421,0,555,160,395,21,200,654,5,True,3.0695229657668496e-08,optimal,14661.34171033394,0.010000000009392516,10142,1.0,"(10142,)",,"{""t"": 5, ""s"": 85.34541233517496, ""d"": -0.6945171712453515}","[{""iteration"": 1, ""max_slack"": 8.553187039338093, ""objective"": 14661.341786692234, ""original_change"": null, ""penalized_change"": null, ""penalized_objective"": 14663.744622013413, ""phase"": ""lse"", ""solver_time"": 0.0064868927001953125, ""status"": ""optimal"", ""tau"": 0.005}, {""iteration"": 2, ""max_slack"": 7.577393592305434e-08, ""objective"": 14661.341710179202, ""original_change"": 7.651303167222068e-05, ""penalized_change"": 2.4029114677905454, ""penalized_objective"": 14661.341710545623, ""phase"": ""lse"", ""solver_time"": 0.00972890853881836, ""status"": ""optimal"", ""tau"": 0.01}, {""iteration"": 3, ""max_slack"": 8.515182687799454e-09, ""objective"": 14661.34171016797, ""original_change"": 1.1232259566895664e-08, ""penalized_change"": 2.948963810922578e-07, ""penalized_objective"": 14661.341710250726, ""phase"": ""lse"", ""solver_time"": 0.009899139404296875, ""status"": ""optimal"", ""tau"": 0.02}, {""converged"": true, ""phase"": ""lse"", ""summary"": true}, {""iteration"": 1, ""max_slack"": 2.098653344703499e-07, ""objective"": 14661.34171019341, ""original_change"": null, ""penalized_change"": null, ""penalized_objective"": 14661.341710689163, ""phase"": ""mellowmin"", ""solver_time"": 0.00958704948425293, ""status"": ""optimal"", ""tau"": 0.005}, {""iteration"": 2, ""max_slack"": 3.0695229657668496e-08, ""objective"": 14661.341710185054, ""original_change"": 8.356437319889665e-09, ""penalized_change"": 3.5522316466085613e-07, ""penalized_objective"": 14661.34171033394, ""phase"": ""mellowmin"", ""solver_time"": 0.009608030319213867, ""status"": ""optimal"", ""tau"": 0.01}, {""converged"": true, ""phase"": ""mellowmin"", ""summary"": true}]",
DEU_AachenBendplatz-1_12960_T-979_in5_safe_variant_01,/data_linux/Lab/commonroad-repairer-vp/scenarios/experiment_scenarios/variants/in5/DEU_AachenBendplatz-1_12960_T-979_in5_safe_variant_01.xml,10047,R_IN5,0,lin2025,20,lse_mellowmin,trajectory,20260922,True,True,True,True,0.003521984999679262,0.0037292570013960358,0.10531800299941096,0.10531800299941096,0.5742334669994307,0.6868027119999169,1.1905317549990286,0.009869098663330078,0.009869098663330078,421,0,564,160,404,21,200,663,4,True,5.881541691444088e-09,optimal,5180.294289090911,0.010000000068956183,10048,inf,,,,"[{""iteration"": 1, ""max_slack"": 2.897536593486302e-07, ""objective"": 5180.294289065318, ""original_change"": null, ""penalized_change"": null, ""penalized_objective"": 5180.294289381205, ""phase"": ""lse"", ""solver_time"": 0.0035860538482666016, ""status"": ""optimal"", ""tau"": 0.005}, {""iteration"": 2, ""max_slack"": 1.1144667933808635e-09, ""objective"": 5180.294289052378, ""original_change"": 1.293938112212345e-08, ""penalized_change"": 3.2297430152539164e-07, ""penalized_objective"": 5180.294289058231, ""phase"": ""lse"", ""solver_time"": 0.002192974090576172, ""status"": ""optimal"", ""tau"": 0.01}, {""converged"": true, ""phase"": ""lse"", ""summary"": true}, {""iteration"": 1, ""max_slack"": 6.033504491090235e-09, ""objective"": 5180.294289053523, ""original_change"": null, ""penalized_change"": null, ""penalized_objective"": 5180.294289069267, ""phase"": ""mellowmin"", ""solver_time"": 0.001959085464477539, ""status"": ""optimal"", ""tau"": 0.005}, {""iteration"": 2, ""max_slack"": 5.881541691444088e-09, ""objective"": 5180.294289060735, ""original_change"": 7.211383490357548e-09, ""penalized_change"": 2.1644154912792146e-08, ""penalized_objective"": 5180.294289090911, ""phase"": ""mellowmin"", ""solver_time"": 0.0021309852600097656, ""status"": ""optimal"", ""tau"": 0.01}, {""converged"": true, ""phase"": ""mellowmin"", ""summary"": true}]",
DEU_AachenBendplatz-1_132900_T-2919_in5_safe_variant_02,/data_linux/Lab/commonroad-repairer-vp/scenarios/experiment_scenarios/variants/in5/DEU_AachenBendplatz-1_132900_T-2919_in5_safe_variant_02.xml,10204,R_IN5,0,lin2025,20,lse_mellowmin,trajectory,20260922,True,True,True,True,0.004944014999637147,0.00345777199981967,0.49355283500153746,0.49355283500153746,0.5992535980003595,1.1012082200013538,1.4498386490013218,0.014568567276000977,0.014568567276000977,421,0,570,160,410,21,200,669,4,True,7.410507638797386e-11,optimal,5569.559581490683,0.010000000000218279,10205,inf,,,,"[{""iteration"": 1, ""max_slack"": 6.073388648076362e-08, ""objective"": 5569.559581492608, ""original_change"": null, ""penalized_change"": null, ""penalized_objective"": 5569.559581581655, ""phase"": ""lse"", ""solver_time"": 0.005865812301635742, ""status"": ""optimal"", ""tau"": 0.005}, {""iteration"": 2, ""max_slack"": 8.461331271769802e-11, ""objective"": 5569.5595814903545, ""original_change"": 2.253727870993316e-09, ""penalized_change"": 9.091945685213432e-08, ""penalized_objective"": 5569.559581490736, ""phase"": ""lse"", ""solver_time"": 0.0025398731231689453, ""status"": ""optimal"", ""tau"": 0.01}, {""converged"": true, ""phase"": ""lse"", ""summary"": true}, {""iteration"": 1, ""max_slack"": 4.2051657159558413e-08, ""objective"": 5569.559581490842, ""original_change"": null, ""penalized_change"": null, ""penalized_objective"": 5569.559581535561, ""phase"": ""mellowmin"", ""solver_time"": 0.004150867462158203, ""status"": ""optimal"", ""tau"": 0.005}, {""iteration"": 2, ""max_slack"": 7.410507638797386e-11, ""objective"": 5569.559581490347, ""original_change"": 4.94765117764473e-10, ""penalized_change"": 4.487810656428337e-08, ""penalized_objective"": 5569.559581490683, ""phase"": ""mellowmin"", ""solver_time"": 0.002012014389038086, ""status"": ""optimal"", ""tau"": 0.01}, {""converged"": true, ""phase"": ""mellowmin"", ""summary"": true}]",
DEU_AachenBendplatz-1_84280_T-4299_in5_safe_variant_05,/data_linux/Lab/commonroad-repairer-vp/scenarios/experiment_scenarios/variants/in5/DEU_AachenBendplatz-1_84280_T-4299_in5_safe_variant_05.xml,10331,R_IN5,0,lin2025,20,lse_mellowmin,trajectory,20260922,True,True,False,False,0.007159396000133711,0.003377323000677279,0.10800879199996416,0.10800879199996416,1.3115449119995901,1.4300904230003653,1.4458181019999756,0.03128385543823242,0.03128385543823242,421,0,560,160,400,21,200,659,4,True,1.4600039180832545e-07,optimal,6650.696671843486,0.010000000133615572,10329,2.6,"(10329,)",,"{""t"": 13, ""s"": 60.018477219171146, ""d"": -0.6534831883041576}","[{""iteration"": 1, ""max_slack"": 2.070085411523925e-09, ""objective"": 6650.696671201814, ""original_change"": null, ""penalized_change"": null, ""penalized_objective"": 6650.696671205816, ""phase"": ""lse"", ""solver_time"": 0.008104085922241211, ""status"": ""optimal"", ""tau"": 0.005}, {""iteration"": 2, ""max_slack"": 2.18336683116015e-08, ""objective"": 6650.696671202776, ""original_change"": 9.62245394475758e-10, ""penalized_change"": 5.812762537971139e-08, ""penalized_objective"": 6650.696671263943, ""phase"": ""lse"", ""solver_time"": 0.008499860763549805, ""status"": ""optimal"", ""tau"": 0.01}, {""converged"": true, ""phase"": ""lse"", ""summary"": true}, {""iteration"": 1, ""max_slack"": 2.9409667659107026e-07, ""objective"": 6650.696671211919, ""original_change"": null, ""penalized_change"": null, ""penalized_objective"": 6650.696671817936, ""phase"": ""mellowmin"", ""solver_time"": 0.007135868072509766, ""status"": ""optimal"", ""tau"": 0.005}, {""iteration"": 2, ""max_slack"": 1.4600039180832545e-07, ""objective"": 6650.696671221699, ""original_change"": 9.779796528164297e-09, ""penalized_change"": 2.5550434656906873e-08, ""penalized_objective"": 6650.696671843486, ""phase"": ""mellowmin"", ""solver_time"": 0.007544040679931641, ""status"": ""optimal"", ""tau"": 0.01}, {""converged"": true, ""phase"": ""mellowmin"", ""summary"": true}]",
DEU_AachenFrankenburg-1_206020_T-6039_in5_safe_variant_06,/data_linux/Lab/commonroad-repairer-vp/scenarios/experiment_scenarios/variants/in5/DEU_AachenFrankenburg-1_206020_T-6039_in5_safe_variant_06.xml,10462,R_IN5,0,lin2025,20,lse_mellowmin,trajectory,20260922,True,True,False,False,0.005119641999044688,0.003725062000739854,0.1732868809995125,0.1732868809995125,0.8070787489996292,0.9892103339989262,1.6474144519997935,0.0585939884185791,0.0585939884185791,421,0,575,160,415,21,200,674,4,True,1.757327333384658e-08,optimal,5913.975664854988,0.010000000007756249,10457,1.0,"(10457,)",,"{""t"": 5, ""s"": 52.36048754076917, ""d"": -0.6835638498236847}","[{""iteration"": 1, ""max_slack"": 1.1666140266274784e-08, ""objective"": 5913.9756647662425, ""original_change"": null, ""penalized_change"": null, ""penalized_objective"": 5913.975664796779, ""phase"": ""lse"", ""solver_time"": 0.010535955429077148, ""status"": ""optimal"", ""tau"": 0.005}, {""iteration"": 2, ""max_slack"": 1.2115358263567723e-09, ""objective"": 5913.975664768441, ""original_change"": 2.1982486941851676e-09, ""penalized_change"": 2.2177118808031082e-08, ""penalized_objective"": 5913.975664774602, ""phase"": ""lse"", ""solver_time"": 0.01814103126525879, ""status"": ""optimal"", ""tau"": 0.01}, {""converged"": true, ""phase"": ""lse"", ""summary"": true}, {""iteration"": 1, ""max_slack"": 7.36636231339698e-09, ""objective"": 5913.975664771789, ""original_change"": null, ""penalized_change"": null, ""penalized_objective"": 5913.9756647897475, ""phase"": ""mellowmin"", ""solver_time"": 0.011559009552001953, ""status"": ""optimal"", ""tau"": 0.005}, {""iteration"": 2, ""max_slack"": 1.757327333384658e-08, ""objective"": 5913.975664766694, ""original_change"": 5.094989319331944e-09, ""penalized_change"": 6.524078344227746e-08, ""penalized_objective"": 5913.975664854988, ""phase"": ""mellowmin"", ""solver_time"": 0.01835799217224121, ""status"": ""optimal"", ""tau"": 0.01}, {""converged"": true, ""phase"": ""mellowmin"", ""summary"": true}]",
DEU_AachenBendplatz-1_132900_T-2919_in5_safe_variant_13,/data_linux/Lab/commonroad-repairer-vp/scenarios/experiment_scenarios/variants/in5/DEU_AachenBendplatz-1_132900_T-2919_in5_safe_variant_13.xml,10204,R_IN5,0,lin2025,20,lse_mellowmin,trajectory,20260922,True,True,True,True,0.00848251900060859,0.007006141000601929,0.127565772001617,0.127565772001617,0.6507299790009711,0.7937844110037986,1.247396380000282,0.00945901870727539,0.00945901870727539,421,0,570,160,410,21,200,669,4,True,9.148336783360261e-09,optimal,5077.508005728177,0.010000000019424249,10205,inf,,,,"[{""iteration"": 1, ""max_slack"": 2.0583091639464167e-09, ""objective"": 5077.50800568277, ""original_change"": null, ""penalized_change"": null, ""penalized_objective"": 5077.508005685066, ""phase"": ""lse"", ""solver_time"": 0.003498077392578125, ""status"": ""optimal"", ""tau"": 0.005}, {""iteration"": 2, ""max_slack"": 1.7825829352886266e-08, ""objective"": 5077.508005693564, ""original_change"": 1.0793883120641112e-08, ""penalized_change"": 8.024926501093432e-08, ""penalized_objective"": 5077.508005765315, ""phase"": ""lse"", ""solver_time"": 0.0019330978393554688, ""status"": ""optimal"", ""tau"": 0.01}, {""converged"": true, ""phase"": ""lse"", ""summary"": true}, {""iteration"": 1, ""max_slack"": 3.900325684056831e-08, ""objective"": 5077.50800569449, ""original_change"": null, ""penalized_change"": null, ""penalized_objective"": 5077.508005777472, ""phase"": ""mellowmin"", ""solver_time"": 0.002115964889526367, ""status"": ""optimal"", ""tau"": 0.005}, {""iteration"": 2, ""max_slack"": 9.148336783360261e-09, ""objective"": 5077.508005693028, ""original_change"": 1.4615579857490957e-09, ""penalized_change"": 4.9295522330794483e-08, ""penalized_objective"": 5077.508005728177, ""phase"": ""mellowmin"", ""solver_time"": 0.0019118785858154297, ""status"": ""optimal"", ""tau"": 0.01}, {""converged"": true, ""phase"": ""mellowmin"", ""summary"": true}]",
DEU_AachenBendplatz-1_83820_T-3839_in5_safe_variant_15,/data_linux/Lab/commonroad-repairer-vp/scenarios/experiment_scenarios/variants/in5/DEU_AachenBendplatz-1_83820_T-3839_in5_safe_variant_15.xml,10288,R_IN5,0,lin2025,20,lse_mellowmin,trajectory,20260922,True,True,False,False,0.004262139000275056,0.0037030240000603953,0.10538060299950303,0.10538060299950303,1.2158493459992314,1.32919511199907,1.504410199000631,0.046504974365234375,0.046504974365234375,421,0,563,160,403,21,200,662,4,True,5.707778571943595e-09,optimal,13680.521407750848,0.010000000001275936,10294,1.0,"(10294,)",,"{""t"": 5, ""s"": 82.68855074485833, ""d"": -0.21638107808850293}","[{""iteration"": 1, ""max_slack"": 4.618573123719092e-08, ""objective"": 13680.521408795054, ""original_change"": null, ""penalized_change"": null, ""penalized_objective"": 13680.521408907287, ""phase"": ""lse"", ""solver_time"": 0.010514020919799805, ""status"": ""optimal"", ""tau"": 0.005}, {""iteration"": 2, ""max_slack"": 1.8773749470838612e-08, ""objective"": 13680.521408135302, ""original_change"": 6.597510946448892e-07, ""penalized_change"": 6.80744051351212e-07, ""penalized_objective"": 13680.521408226543, ""phase"": ""lse"", ""solver_time"": 0.012085914611816406, ""status"": ""optimal"", ""tau"": 0.01}, {""converged"": true, ""phase"": ""lse"", ""summary"": true}, {""iteration"": 1, ""max_slack"": 2.2610644213434336e-07, ""objective"": 13680.521408160736, ""original_change"": null, ""penalized_change"": null, ""penalized_objective"": 13680.521408738288, ""phase"": ""mellowmin"", ""solver_time"": 0.011656999588012695, ""status"": ""optimal"", ""tau"": 0.005}, {""iteration"": 2, ""max_slack"": 5.707778571943595e-09, ""objective"": 13680.521407721671, ""original_change"": 4.3906402424909174e-07, ""penalized_change"": 9.874402167042717e-07, ""penalized_objective"": 13680.521407750848, ""phase"": ""mellowmin"", ""solver_time"": 0.012248039245605469, ""status"": ""optimal"", ""tau"": 0.01}, {""converged"": true, ""phase"": ""mellowmin"", ""summary"": true}]",
DEU_AachenBendplatz-1_84280_T-4299_in5_safe_variant_16,/data_linux/Lab/commonroad-repairer-vp/scenarios/experiment_scenarios/variants/in5/DEU_AachenBendplatz-1_84280_T-4299_in5_safe_variant_16.xml,10331,R_IN5,0,lin2025,20,lse_mellowmin,trajectory,20260922,True,True,True,True,0.007519564000176615,0.004064204998940113,0.12121996700079762,0.12121996700079762,1.3232024509998155,1.4560061869997298,1.4498321840001154,0.10343003273010254,0.10343003273010254,421,0,556,160,396,21,200,655,14,True,1.6950846729965584e-10,optimal,5987.38597577347,0.01000000002266494,10329,inf,,,,"[{""iteration"": 1, ""max_slack"": 0.22388334491507186, ""objective"": 5986.500700593431, ""original_change"": null, ""penalized_change"": null, ""penalized_objective"": 5986.535402603868, ""phase"": ""lse"", ""solver_time"": 0.009811878204345703, ""status"": ""optimal"", ""tau"": 0.005}, {""iteration"": 2, ""max_slack"": 5.0519711380406536e-09, ""objective"": 5986.500691640743, ""original_change"": 8.95268840395147e-06, ""penalized_change"": 0.03471095041732042, ""penalized_objective"": 5986.50069165345, ""phase"": ""lse"", ""solver_time"": 0.011095046997070312, ""status"": ""optimal"", ""tau"": 0.01}, {""iteration"": 3, ""max_slack"": 1.4542079073625686e-09, ""objective"": 5986.500691640418, ""original_change"": 3.246896085329354e-10, ""penalized_change"": 6.739355740137398e-09, ""penalized_objective"": 5986.500691646711, ""phase"": ""lse"", ""solver_time"": 0.011399984359741211, ""status"": ""optimal"", ""tau"": 0.02}, {""converged"": true, ""phase"": ""lse"", ""summary"": true}, {""iteration"": 1, ""max_slack"": 0.036634957273598785, ""objective"": 5986.513112406836, ""original_change"": null, ""penalized_change"": null, ""penalized_objective"": 5986.540799933901, ""phase"": ""mellowmin"", ""solver_time"": 0.010557174682617188, ""status"": ""optimal"", ""tau"": 0.005}, {""iteration"": 2, ""max_slack"": 0.035028695782069824, ""objective"": 5986.522161674338, ""original_change"": 0.009049267502632574, ""penalized_change"": 0.024847993331604812, ""penalized_objective"": 5986.565647927233, ""phase"": ""mellowmin"", ""solver_time"": 0.005837917327880859, ""status"": ""optimal"", ""tau"": 0.01}, {""iteration"": 3, ""max_slack"": 0.033206563573262377, ""objective"": 5986.535229870903, ""original_change"": 0.013068196564745449, ""penalized_change"": 0.03775363038676005, ""penalized_objective"": 5986.60340155762, ""phase"": ""mellowmin"", ""solver_time"": 0.006092071533203125, ""status"": ""optimal"", ""tau"": 0.02}, {""iteration"": 4, ""max_slack"": 0.03068566722706605, ""objective"": 5986.559024410661, ""original_change"": 0.023794539757545863, ""penalized_change"": 0.05747807597526844, ""penalized_objective"": 5986.660879633595, ""phase"": ""mellowmin"", ""solver_time"": 0.006140947341918945, ""status"": ""optimal"", ""tau"": 0.04}, {""iteration"": 5, ""max_slack"": 0.026812957459169406, ""objective"": 5986.609034514947, ""original_change"": 0.05001010428622976, ""penalized_change"": 0.08218785969347664, ""penalized_objective"": 5986.743067493288, ""phase"": ""mellowmin"", ""solver_time"": 0.006152153015136719, ""status"": ""optimal"", ""tau"": 0.08}, {""iteration"": 6, ""max_slack"": 0.02297358996227319, ""objective"": 5986.6730917266705, ""original_change"": 0.06405721172359335, ""penalized_change"": 0.11275163357731799, ""penalized_objective"": 5986.855819126866, ""phase"": ""mellowmin"", ""solver_time"": 0.006082057952880859, ""status"": ""optimal"", ""tau"": 0.16}, {""iteration"": 7, ""max_slack"": 0.020368652877232236, ""objective"": 5986.724536950299, ""original_change"": 0.05144522362843418, ""penalized_change"": 0.13926181986425945, ""penalized_objective"": 5986.99508094673, ""phase"": ""mellowmin"", ""solver_time"": 0.0060939788818359375, ""status"": ""optimal"", ""tau"": 0.32}, {""iteration"": 8, ""max_slack"": 0.012766304600467224, ""objective"": 5986.920203000624, ""original_change"": 0.19566605032468942, ""penalized_change"": 0.14572382859842037, ""penalized_objective"": 5987.140804775328, ""phase"": ""mellowmin"", ""solver_time"": 0.005962848663330078, ""status"": ""optimal"", ""tau"": 0.64}, {""iteration"": 9, ""max_slack"": 0.0082568379322319, ""objective"": 5987.064513665144, ""original_change"": 0.1443106645201624, ""penalized_change"": 0.20906523087796813, ""penalized_objective"": 5987.349870006206, ""phase"": ""mellowmin"", ""solver_time"": 0.00598597526550293, ""status"": ""optimal"", ""tau"": 1.28}, {""iteration"": 10, ""max_slack"": 1.1562306793508386e-08, ""objective"": 5987.385975192127, ""original_change"": 0.32146152698351216, ""penalized_change"": 0.036106253377511166, ""penalized_objective"": 5987.385976259584, ""phase"": ""mellowmin"", ""solver_time"": 0.005961894989013672, ""status"": ""optimal"", ""tau"": 2.56}, {""iteration"": 11, ""max_slack"": 1.6950846729965584e-10, ""objective"": 5987.3859756609945, ""original_change"": 4.6886725613148883e-07, ""penalized_change"": 4.861140041612089e-07, ""penalized_objective"": 5987.38597577347, ""phase"": ""mellowmin"", ""solver_time"": 0.006256103515625, ""status"": ""optimal"", ""tau"": 5.12}, {""converged"": true, ""phase"": ""mellowmin"", ""summary"": true}]",
DEU_AachenFrankenburg-1_295880_T-5899_in5_safe_variant_21,/data_linux/Lab/commonroad-repairer-vp/scenarios/experiment_scenarios/variants/in5/DEU_AachenFrankenburg-1_295880_T-5899_in5_safe_variant_21.xml,10562,R_IN5,0,lin2025,20,lse_mellowmin,trajectory,20260922,True,True,False,False,0.00335695000103442,0.003804603999014944,0.10869317600008799,0.10869317600008799,0.6967139059997862,0.8125686359999236,0.86818305000088,0.03518486022949219,0.03518486022949219,421,0,557,160,397,21,200,656,5,True,1.3613463532246271e-08,optimal,27150.93399721059,0.010000000001156195,10564,1.2000000000000002,"(10564,)",,"{""t"": 6, ""s"": 112.10748955253864, ""d"": -0.12236530077964147}","[{""iteration"": 1, ""max_slack"": 3.105181507470041, ""objective"": 27150.93686414371, ""original_change"": null, ""penalized_change"": null, ""penalized_objective"": 27152.3554880461, ""phase"": ""lse"", ""solver_time"": 0.005633831024169922, ""status"": ""optimal"", ""tau"": 0.005}, {""iteration"": 2, ""max_slack"": 1.3500915441898775e-09, ""objective"": 27150.933997169457, ""original_change"": 0.002866974253265653, ""penalized_change"": 1.4214908725807618, ""penalized_objective"": 27150.93399717352, ""phase"": ""lse"", ""solver_time"": 0.008661985397338867, ""status"": ""optimal"", ""tau"": 0.01}, {""iteration"": 3, ""max_slack"": 5.143175611926864e-09, ""objective"": 27150.933997169683, ""original_change"": 2.255546860396862e-10, ""penalized_change"": 3.491368261165917e-08, ""penalized_objective"": 27150.933997208434, ""phase"": ""lse"", ""solver_time"": 0.007436990737915039, ""status"": ""optimal"", ""tau"": 0.02}, {""converged"": true, ""phase"": ""lse"", ""summary"": true}, {""iteration"": 1, ""max_slack"": 7.863225230372915e-09, ""objective"": 27150.93399716959, ""original_change"": null, ""penalized_change"": null, ""penalized_objective"": 27150.93399718107, ""phase"": ""mellowmin"", ""solver_time"": 0.006818056106567383, ""status"": ""optimal"", ""tau"": 0.005}, {""iteration"": 2, ""max_slack"": 1.3613463532246271e-08, ""objective"": 27150.933997169806, ""original_change"": 2.1464074961841106e-10, ""penalized_change"": 2.952219801954925e-08, ""penalized_objective"": 27150.93399721059, ""phase"": ""mellowmin"", ""solver_time"": 0.0066339969635009766, ""status"": ""optimal"", ""tau"": 0.01}, {""converged"": true, ""phase"": ""mellowmin"", ""summary"": true}]",
DEU_AachenBendplatz-1_132900_T-2919_in5_safe_variant_24,/data_linux/Lab/commonroad-repairer-vp/scenarios/experiment_scenarios/variants/in5/DEU_AachenBendplatz-1_132900_T-2919_in5_safe_variant_24.xml,10204,R_IN5,0,lin2025,20,lse_mellowmin,trajectory,20260922,True,True,True,True,0.005282074998831376,0.0039029630006552907,0.7655916399999114,0.7655916399999114,0.6365075880003133,1.4112842659997114,1.2800705339996057,0.010018348693847656,0.010018348693847656,421,0,570,160,410,21,200,669,4,True,3.561077735875969e-09,optimal,5115.57361674497,0.010000000013818067,10205,inf,,,,"[{""iteration"": 1, ""max_slack"": 4.7994697190462915e-09, ""objective"": 5115.5736167242585, ""original_change"": null, ""penalized_change"": null, ""penalized_objective"": 5115.573616729764, ""phase"": ""lse"", ""solver_time"": 0.0036020278930664062, ""status"": ""optimal"", ""tau"": 0.005}, {""iteration"": 2, ""max_slack"": 1.3191522171052047e-08, ""objective"": 5115.573616736532, ""original_change"": 1.2273631000425667e-08, ""penalized_change"": 6.42048689769581e-08, ""penalized_objective"": 5115.5736167939685, ""phase"": ""lse"", ""solver_time"": 0.0022439956665039062, ""status"": ""optimal"", ""tau"": 0.01}, {""converged"": true, ""phase"": ""lse"", ""summary"": true}, {""iteration"": 1, ""max_slack"": 4.082155631473833e-08, ""objective"": 5115.573616736678, ""original_change"": null, ""penalized_change"": null, ""penalized_objective"": 5115.573616824276, ""phase"": ""mellowmin"", ""solver_time"": 0.0019981861114501953, ""status"": ""optimal"", ""tau"": 0.005}, {""iteration"": 2, ""max_slack"": 3.561077735875969e-09, ""objective"": 5115.573616731424, ""original_change"": 5.2532413974404335e-09, ""penalized_change"": 7.930520951049402e-08, ""penalized_objective"": 5115.57361674497, ""phase"": ""mellowmin"", ""solver_time"": 0.0021741390228271484, ""status"": ""optimal"", ""tau"": 0.01}, {""converged"": true, ""phase"": ""mellowmin"", ""summary"": true}]",
DEU_AachenBendplatz-1_83820_T-3839_in5_safe_variant_26,/data_linux/Lab/commonroad-repairer-vp/scenarios/experiment_scenarios/variants/in5/DEU_AachenBendplatz-1_83820_T-3839_in5_safe_variant_26.xml,10288,R_IN5,0,lin2025,20,lse_mellowmin,trajectory,20260922,True,True,False,False,0.005345965999367763,0.003655115999208647,0.11284711899861577,0.11284711899861577,1.4470225040004152,1.5688707049976074,1.3943265329999122,0.04491376876831055,0.04491376876831055,421,0,566,160,406,21,200,665,4,True,5.001240911865572e-08,optimal,13727.260902206845,0.010000000010850545,10294,1.0,"(10294,)",,"{""t"": 5, ""s"": 82.82932340960826, ""d"": -0.28775341294829104}","[{""iteration"": 1, ""max_slack"": 9.75514926441524e-09, ""objective"": 13727.260901604632, ""original_change"": null, ""penalized_change"": null, ""penalized_objective"": 13727.260901628335, ""phase"": ""lse"", ""solver_time"": 0.011577844619750977, ""status"": ""optimal"", ""tau"": 0.005}, {""iteration"": 2, ""max_slack"": 6.588708984777764e-08, ""objective"": 13727.26090207019, ""original_change"": 4.6555760491173714e-07, ""penalized_change"": 7.620656106155366e-07, ""penalized_objective"": 13727.2609023904, ""phase"": ""lse"", ""solver_time"": 0.011085033416748047, ""status"": ""optimal"", ""tau"": 0.01}, {""converged"": true, ""phase"": ""lse"", ""summary"": true}, {""iteration"": 1, ""max_slack"": 3.945726260621172e-08, ""objective"": 13727.260901726708, ""original_change"": null, ""penalized_change"": null, ""penalized_objective"": 13727.260901822587, ""phase"": ""mellowmin"", ""solver_time"": 0.010967016220092773, ""status"": ""optimal"", ""tau"": 0.005}, {""iteration"": 2, ""max_slack"": 5.001240911865572e-08, ""objective"": 13727.260901963788, ""original_change"": 2.3707980290055275e-07, ""penalized_change"": 3.842578735202551e-07, ""penalized_objective"": 13727.260902206845, ""phase"": ""mellowmin"", ""solver_time"": 0.01128387451171875, ""status"": ""optimal"", ""tau"": 0.01}, {""converged"": true, ""phase"": ""mellowmin"", ""summary"": true}]",
DEU_AachenBendplatz-1_84280_T-4299_in5_safe_variant_27,/data_linux/Lab/commonroad-repairer-vp/scenarios/experiment_scenarios/variants/in5/DEU_AachenBendplatz-1_84280_T-4299_in5_safe_variant_27.xml,10331,R_IN5,0,lin2025,20,lse_mellowmin,trajectory,20260922,True,True,False,False,0.0069688170005974825,0.003742421000424656,0.11058025700003782,0.11058025700003782,0.7657314049993147,0.8870229000003746,1.3974494989997766,0.028208017349243164,0.028208017349243164,421,0,556,160,396,21,200,655,5,True,9.257166269311381e-10,optimal,6060.642840676907,0.010000000001099758,10329,3.2,"(10329,)",,"{""t"": 16, ""s"": 56.24196609179671, ""d"": -0.020067045605081546}","[{""iteration"": 1, ""max_slack"": 0.5005734416454093, ""objective"": 6060.642849636013, ""original_change"": null, ""penalized_change"": null, ""penalized_objective"": 6060.720439579713, ""phase"": ""lse"", ""solver_time"": 0.0050618648529052734, ""status"": ""optimal"", ""tau"": 0.005}, {""iteration"": 2, ""max_slack"": 3.449040070369227e-09, ""objective"": 6060.642840673419, ""original_change"": 8.962593710748479e-06, ""penalized_change"": 0.07759889559110889, ""penalized_objective"": 6060.642840684121, ""phase"": ""lse"", ""solver_time"": 0.00574803352355957, ""status"": ""optimal"", ""tau"": 0.01}, {""iteration"": 3, ""max_slack"": 2.867757903059771e-09, ""objective"": 6060.642840673487, ""original_change"": 6.730260793119669e-11, ""penalized_change"": 3.3242031349800527e-09, ""penalized_objective"": 6060.642840687446, ""phase"": ""lse"", ""solver_time"": 0.005760908126831055, ""status"": ""optimal"", ""tau"": 0.02}, {""converged"": true, ""phase"": ""lse"", ""summary"": true}, {""iteration"": 1, ""max_slack"": 8.877865571000469e-10, ""objective"": 6060.642840673343, ""original_change"": null, ""penalized_change"": null, ""penalized_objective"": 6060.642840674698, ""phase"": ""mellowmin"", ""solver_time"": 0.005523204803466797, ""status"": ""optimal"", ""tau"": 0.005}, {""iteration"": 2, ""max_slack"": 9.257166269311381e-10, ""objective"": 6060.642840673572, ""original_change"": 2.2919266484677792e-10, ""penalized_change"": 2.2091626306064427e-09, ""penalized_objective"": 6060.642840676907, ""phase"": ""mellowmin"", ""solver_time"": 0.006114006042480469, ""status"": ""optimal"", ""tau"": 0.01}, {""converged"": true, ""phase"": ""mellowmin"", ""summary"": true}]",
DEU_AachenFrankenburg-1_295880_T-5899_in5_safe_variant_32,/data_linux/Lab/commonroad-repairer-vp/scenarios/experiment_scenarios/variants/in5/DEU_AachenFrankenburg-1_295880_T-5899_in5_safe_variant_32.xml,10562,R_IN5,0,lin2025,20,lse_mellowmin,trajectory,20260922,True,True,False,False,0.00331221399937931,0.0042268460001650965,0.12197150700012571,0.12197150700012571,0.7708205830003863,0.9003311500000564,0.921956626998508,0.03844499588012695,0.03844499588012695,421,0,557,160,397,21,200,656,5,True,1.6352318461432974e-07,optimal,27218.989668211518,0.010000000016404442,10564,1.2000000000000002,"(10564,)",,"{""t"": 6, ""s"": 112.3027216767434, ""d"": -0.17965149991377416}","[{""iteration"": 1, ""max_slack"": 2.9874039803446726, ""objective"": 27218.99253456758, ""original_change"": null, ""penalized_change"": null, ""penalized_objective"": 27220.35790755017, ""phase"": ""lse"", ""solver_time"": 0.005830049514770508, ""status"": ""optimal"", ""tau"": 0.005}, {""iteration"": 2, ""max_slack"": 7.823441896239594e-09, ""objective"": 27218.98966752041, ""original_change"": 0.0028670471692748833, ""penalized_change"": 1.3682399972240091, ""penalized_objective"": 27218.989667552945, ""phase"": ""lse"", ""solver_time"": 0.008003950119018555, ""status"": ""optimal"", ""tau"": 0.01}, {""iteration"": 3, ""max_slack"": 3.023674154729289e-08, ""objective"": 27218.989667522103, ""original_change"": 1.6916601452976465e-09, ""penalized_change"": 2.258675522170961e-07, ""penalized_objective"": 27218.989667778813, ""phase"": ""lse"", ""solver_time"": 0.008446931838989258, ""status"": ""optimal"", ""tau"": 0.02}, {""converged"": true, ""phase"": ""lse"", ""summary"": true}, {""iteration"": 1, ""max_slack"": 5.677188695517016e-09, ""objective"": 27218.989667520327, ""original_change"": null, ""penalized_change"": null, ""penalized_objective"": 27218.989667530448, ""phase"": ""mellowmin"", ""solver_time"": 0.007651090621948242, ""status"": ""optimal"", ""tau"": 0.005}, {""iteration"": 2, ""max_slack"": 1.6352318461432974e-07, ""objective"": 27218.98966752619, ""original_change"": 5.864421837031841e-09, ""penalized_change"": 6.810696504544467e-07, ""penalized_objective"": 27218.989668211518, ""phase"": ""mellowmin"", ""solver_time"": 0.00851297378540039, ""status"": ""optimal"", ""tau"": 0.01}, {""converged"": true, ""phase"": ""mellowmin"", ""summary"": true}]",
DEU_AachenBendplatz-1_12960_T-979_in5_safe_variant_34,/data_linux/Lab/commonroad-repairer-vp/scenarios/experiment_scenarios/variants/in5/DEU_AachenBendplatz-1_12960_T-979_in5_safe_variant_34.xml,10047,R_IN5,0,lin2025,20,lse_mellowmin,trajectory,20260922,True,True,True,True,0.004897083999821916,0.0044446210013120435,0.12648924199856992,0.12648924199856992,1.5534562279990496,1.6892871749987535,1.6233293139994203,0.009582281112670898,0.009582281112670898,421,0,563,160,403,21,200,662,4,True,1.6371265909149106e-09,optimal,4725.466145731973,0.010000000008878759,10048,inf,,,,"[{""iteration"": 1, ""max_slack"": 2.1665332828356786e-08, ""objective"": 4725.466145510553, ""original_change"": null, ""penalized_change"": null, ""penalized_objective"": 4725.466145524202, ""phase"": ""lse"", ""solver_time"": 0.0024611949920654297, ""status"": ""optimal"", ""tau"": 0.005}, {""iteration"": 2, ""max_slack"": 1.637116700014948e-09, ""objective"": 4725.466145723347, ""original_change"": 2.1279356587911025e-07, ""penalized_change"": 2.077722456306219e-07, ""penalized_objective"": 4725.466145731974, ""phase"": ""lse"", ""solver_time"": 0.002301931381225586, ""status"": ""optimal"", ""tau"": 0.01}, {""converged"": true, ""phase"": ""lse"", ""summary"": true}, {""iteration"": 1, ""max_slack"": 4.333167213577359e-09, ""objective"": 4725.466145885818, ""original_change"": null, ""penalized_change"": null, ""penalized_objective"": 4725.466145897236, ""phase"": ""mellowmin"", ""solver_time"": 0.002360105514526367, ""status"": ""optimal"", ""tau"": 0.005}, {""iteration"": 2, ""max_slack"": 1.6371265909149106e-09, ""objective"": 4725.466145723346, ""original_change"": 1.624721335247159e-07, ""penalized_change"": 1.6526337276445702e-07, ""penalized_objective"": 4725.466145731973, ""phase"": ""mellowmin"", ""solver_time"": 0.0024590492248535156, ""status"": ""optimal"", ""tau"": 0.01}, {""converged"": true, ""phase"": ""mellowmin"", ""summary"": true}]",
DEU_AachenBendplatz-1_132900_T-2919_in5_safe_variant_35,/data_linux/Lab/commonroad-repairer-vp/scenarios/experiment_scenarios/variants/in5/DEU_AachenBendplatz-1_132900_T-2919_in5_safe_variant_35.xml,10204,R_IN5,0,lin2025,20,lse_mellowmin,trajectory,20260922,True,True,True,True,0.005679519001205335,0.004033884000818944,0.11759748899930855,0.11759748899930855,0.6727155119988311,0.8000264040001639,1.371212590000141,0.009870767593383789,0.009870767593383789,421,0,570,160,410,21,200,669,4,True,1.4140204595380456e-08,optimal,5090.362914006845,0.010000000022394318,10205,inf,,,,"[{""iteration"": 1, ""max_slack"": 1.0243434742291534e-09, ""objective"": 5090.36291394242, ""original_change"": null, ""penalized_change"": null, ""penalized_objective"": 5090.3629139435925, ""phase"": ""lse"", ""solver_time"": 0.0038640499114990234, ""status"": ""optimal"", ""tau"": 0.005}, {""iteration"": 2, ""max_slack"": 1.7571559780559822e-08, ""objective"": 5090.362913953001, ""original_change"": 1.0581061360426247e-08, ""penalized_change"": 8.04784576757811e-08, ""penalized_objective"": 5090.362914024071, ""phase"": ""lse"", ""solver_time"": 0.0020339488983154297, ""status"": ""optimal"", ""tau"": 0.01}, {""converged"": true, ""phase"": ""lse"", ""summary"": true}, {""iteration"": 1, ""max_slack"": 3.916589020075032e-08, ""objective"": 5090.362913955806, ""original_change"": null, ""penalized_change"": null, ""penalized_objective"": 5090.362914048004, ""phase"": ""mellowmin"", ""solver_time"": 0.002095937728881836, ""status"": ""optimal"", ""tau"": 0.005}, {""iteration"": 2, ""max_slack"": 1.4140204595380456e-08, ""objective"": 5090.3629139544855, ""original_change"": 1.3205863069742918e-09, ""penalized_change"": 4.115918272873387e-08, ""penalized_objective"": 5090.362914006845, ""phase"": ""mellowmin"", ""solver_time"": 0.0018768310546875, ""status"": ""optimal"", ""tau"": 0.01}, {""converged"": true, ""phase"": ""mellowmin"", ""summary"": true}]",
DEU_AachenBendplatz-1_83820_T-3839_in5_safe_variant_37,/data_linux/Lab/commonroad-repairer-vp/scenarios/experiment_scenarios/variants/in5/DEU_AachenBendplatz-1_83820_T-3839_in5_safe_variant_37.xml,10288,R_IN5,0,lin2025,20,lse_mellowmin,trajectory,20260922,True,True,False,False,0.005343868999261758,0.004046041998662986,0.8184841820002475,0.8184841820002475,0.7929773949999799,1.6208514879981522,1.3826520689999597,0.054811954498291016,0.054811954498291016,421,0,563,160,403,21,200,662,4,True,1.0436435606504206e-07,optimal,13699.392133086905,0.01000000002246862,10294,1.0,"(10294,)",,"{""t"": 5, ""s"": 82.74547792341039, ""d"": -0.17445075074761718}","[{""iteration"": 1, ""max_slack"": 1.854191706538864e-08, ""objective"": 13699.392132735611, ""original_change"": null, ""penalized_change"": null, ""penalized_objective"": 13699.392132780671, ""phase"": ""lse"", ""solver_time"": 0.013520002365112305, ""status"": ""optimal"", ""tau"": 0.005}, {""iteration"": 2, ""max_slack"": 3.337962298003782e-08, ""objective"": 13699.392132709158, ""original_change"": 2.645356289576739e-08, ""penalized_change"": 9.070208761841059e-08, ""penalized_objective"": 13699.392132871373, ""phase"": ""lse"", ""solver_time"": 0.015372037887573242, ""status"": ""optimal"", ""tau"": 0.01}, {""converged"": true, ""phase"": ""lse"", ""summary"": true}, {""iteration"": 1, ""max_slack"": 8.976842055813645e-09, ""objective"": 13699.39213235672, ""original_change"": null, ""penalized_change"": null, ""penalized_objective"": 13699.392132379731, ""phase"": ""mellowmin"", ""solver_time"": 0.01296091079711914, ""status"": ""optimal"", ""tau"": 0.005}, {""iteration"": 2, ""max_slack"": 1.0436435606504206e-07, ""objective"": 13699.392132553388, ""original_change"": 1.96669134311378e-07, ""penalized_change"": 7.071739673847333e-07, ""penalized_objective"": 13699.392133086905, ""phase"": ""mellowmin"", ""solver_time"": 0.012959003448486328, ""status"": ""optimal"", ""tau"": 0.01}, {""converged"": true, ""phase"": ""mellowmin"", ""summary"": true}]",
DEU_AAH1-2_7900_T-1049_in5_variant_01,/data_linux/Lab/commonroad-repairer-vp/scenarios/experiment_scenarios/variants/in5/DEU_AAH1-2_7900_T-1049_in5_variant_01.xml,10020,R_IN5,0,lin2025,150,lse_mellowmin,trajectory,20260922,False,False,False,False,0.02282630599984259,0.027211758000703412,0.9968160419994092,0.9968160419994092,6.927923714998542,7.974777820998497,,0.0005080699920654297,0.0005080699920654297,3151,0,4170,1200,2970,151,1500,4919,2,False,,infeasible,,-inf,10019,,,,,"[{""converged"": false, ""phase"": ""lse"", ""summary"": true}, {""converged"": false, ""phase"": ""mellowmin"", ""summary"": true}]",
DEU_AAH1-2_7900_T-1049_in5_variant_03,/data_linux/Lab/commonroad-repairer-vp/scenarios/experiment_scenarios/variants/in5/DEU_AAH1-2_7900_T-1049_in5_variant_03.xml,10020,R_IN5,0,lin2025,150,lse_mellowmin,trajectory,20260922,False,False,False,False,0.022264675999394967,0.027483749998282292,1.6245814880003309,1.6245814880003309,6.526359154999227,8.200689068997235,,0.0005481243133544922,0.0005481243133544922,3151,0,4159,1200,2959,151,1500,4908,2,False,,infeasible,,-inf,10019,,,,,"[{""converged"": false, ""phase"": ""lse"", ""summary"": true}, {""converged"": false, ""phase"": ""mellowmin"", ""summary"": true}]",
DEU_AAH1-2_7900_T-1049_in5_variant_05,/data_linux/Lab/commonroad-repairer-vp/scenarios/experiment_scenarios/variants/in5/DEU_AAH1-2_7900_T-1049_in5_variant_05.xml,10020,R_IN5,0,lin2025,150,lse_mellowmin,trajectory,20260922,False,False,False,False,0.02198389200020756,0.025891121998938615,1.81313487099942,1.81313487099942,5.9993743329996505,7.860384217998217,,0.00048828125,0.00048828125,3151,0,4145,1200,2945,151,1500,4894,2,False,,infeasible,,-inf,10019,,,,,"[{""converged"": false, ""phase"": ""lse"", ""summary"": true}, {""converged"": false, ""phase"": ""mellowmin"", ""summary"": true}]",
DEU_AAH1-2_7900_T-1049_in5_variant_06,/data_linux/Lab/commonroad-repairer-vp/scenarios/experiment_scenarios/variants/in5/DEU_AAH1-2_7900_T-1049_in5_variant_06.xml,10020,R_IN5,0,lin2025,150,lse_mellowmin,trajectory,20260922,False,False,False,False,0.025753130999873974,0.04700932299965643,0.8324445630005357,0.8324445630005357,7.301228162999905,8.206435179999971,,0.0005829334259033203,0.0005829334259033203,3151,0,4207,1200,3007,151,1500,4956,2,False,,infeasible,,-inf,10019,,,,,"[{""converged"": false, ""phase"": ""lse"", ""summary"": true}, {""converged"": false, ""phase"": ""mellowmin"", ""summary"": true}]",
DEU_AAH1-2_7900_T-1049_in5_variant_07,/data_linux/Lab/commonroad-repairer-vp/scenarios/experiment_scenarios/variants/in5/DEU_AAH1-2_7900_T-1049_in5_variant_07.xml,10020,R_IN5,0,lin2025,150,lse_mellowmin,trajectory,20260922,False,False,False,False,0.021865417998924386,0.024858303999280906,1.5525437249998504,1.5525437249998504,6.982298725999499,8.581566172997555,,0.0005593299865722656,0.0005593299865722656,3151,0,4174,1200,2974,151,1500,4923,2,False,,infeasible,,-inf,10019,,,,,"[{""converged"": false, ""phase"": ""lse"", ""summary"": true}, {""converged"": false, ""phase"": ""mellowmin"", ""summary"": true}]",
DEU_AAH1-2_7900_T-1049_in5_variant_09,/data_linux/Lab/commonroad-repairer-vp/scenarios/experiment_scenarios/variants/in5/DEU_AAH1-2_7900_T-1049_in5_variant_09.xml,10020,R_IN5,0,lin2025,150,lse_mellowmin,trajectory,20260922,False,False,False,False,0.02330061599968758,0.026975695000146516,0.8192690890009544,0.8192690890009544,6.733589830999335,7.603135231000124,,0.0006079673767089844,0.0006079673767089844,3151,0,4172,1200,2972,151,1500,4921,2,False,,infeasible,,-inf,10019,,,,,"[{""converged"": false, ""phase"": ""lse"", ""summary"": true}, {""converged"": false, ""phase"": ""mellowmin"", ""summary"": true}]",
DEU_AachenBendplatz-1_12961_T-980,/data_linux/Lab/commonroad-repairer-vp/scenarios/experiment_scenarios/generated_sampling/in5/DEU_AachenBendplatz-1_12961_T-980.xml,10047,R_IN5,0,lin2025,20,lse_mellowmin,trajectory,20260922,True,True,True,True,0.0076000419994670665,0.004102512999452301,0.11821599299946683,0.11821599299946683,0.6493395620000229,0.779258109998409,1.2370910529989487,0.009388923645019531,0.009388923645019531,421,0,564,160,404,21,200,663,4,True,5.188666535723888e-12,optimal,5009.131509862048,0.010000000000060396,10048,inf,,,,"[{""iteration"": 1, ""max_slack"": 1.3474665393626225e-08, ""objective"": 5009.131509870259, ""original_change"": null, ""penalized_change"": null, ""penalized_objective"": 5009.131509879471, ""phase"": ""lse"", ""solver_time"": 0.002980947494506836, ""status"": ""optimal"", ""tau"": 0.005}, {""iteration"": 2, ""max_slack"": 5.188961950835556e-12, ""objective"": 5009.131509862023, ""original_change"": 8.235474524553865e-09, ""penalized_change"": 1.742137101246044e-08, ""penalized_objective"": 5009.13150986205, ""phase"": ""lse"", ""solver_time"": 0.002017974853515625, ""status"": ""optimal"", ""tau"": 0.01}, {""converged"": true, ""phase"": ""lse"", ""summary"": true}, {""iteration"": 1, ""max_slack"": 1.8739112428120286e-11, ""objective"": 5009.131509862476, ""original_change"": null, ""penalized_change"": null, ""penalized_objective"": 5009.1315098625255, ""phase"": ""mellowmin"", ""solver_time"": 0.002048015594482422, ""status"": ""optimal"", ""tau"": 0.005}, {""iteration"": 2, ""max_slack"": 5.188666535723888e-12, ""objective"": 5009.131509862023, ""original_change"": 4.5292836148291826e-10, ""penalized_change"": 4.774847184307873e-10, ""penalized_objective"": 5009.131509862048, ""phase"": ""mellowmin"", ""solver_time"": 0.0023419857025146484, ""status"": ""optimal"", ""tau"": 0.01}, {""converged"": true, ""phase"": ""mellowmin"", ""summary"": true}]",
DEU_AachenBendplatz-1_12962_T-981,/data_linux/Lab/commonroad-repairer-vp/scenarios/experiment_scenarios/generated_sampling/in5/DEU_AachenBendplatz-1_12962_T-981.xml,10047,R_IN5,0,lin2025,20,lse_mellowmin,trajectory,20260922,True,True,True,True,0.003970420999394264,0.003872379000313231,0.12189999700058252,0.12189999700058252,2.231044963000386,2.360787760000676,1.2427288260005298,0.09463047981262207,0.09463047981262207,421,0,564,160,404,21,200,663,27,True,9.81045395228781e-10,optimal,5091.051176678329,0.010000000016321882,10048,inf,,,,"[{""iteration"": 1, ""max_slack"": 1.2189094004891722e-08, ""objective"": 5091.051176671631, ""original_change"": null, ""penalized_change"": null, ""penalized_objective"": 5091.051176682516, ""phase"": ""lse"", ""solver_time"": 0.003194093704223633, ""status"": ""optimal"", ""tau"": 0.005}, {""iteration"": 2, ""max_slack"": 2.630808817653136, ""objective"": 5622.29276011526, ""original_change"": 531.2415834436288, ""penalized_change"": 535.0666214249932, ""penalized_objective"": 5626.117798107509, ""phase"": ""lse"", ""solver_time"": 0.0022819042205810547, ""status"": ""optimal"", ""tau"": 0.01}, {""iteration"": 3, ""max_slack"": 9.240203561405402e-08, ""objective"": 5091.05117672947, ""original_change"": 531.2415833857895, ""penalized_change"": 535.0666210147192, ""penalized_objective"": 5091.05117709279, ""phase"": ""lse"", ""solver_time"": 0.003743886947631836, ""status"": ""optimal"", ""tau"": 0.02}, {""iteration"": 4, ""max_slack"": 2.614591248848318, ""objective"": 5622.348487359635, ""original_change"": 531.2973106301652, ""penalized_change"": 546.5081125624865, ""penalized_objective"": 5637.559289655276, ""phase"": ""lse"", ""solver_time"": 0.002443075180053711, ""status"": ""optimal"", ""tau"": 0.04}, {""iteration"": 5, ""max_slack"": 2.2574494143724676e-11, ""objective"": 5091.051176670414, ""original_change"": 531.2973106892214, ""penalized_change"": 546.5081129844821, ""penalized_objective"": 5091.051176670794, ""phase"": ""lse"", ""solver_time"": 0.004189968109130859, ""status"": ""optimal"", ""tau"": 0.08}, {""iteration"": 6, ""max_slack"": 2.549724103015647, ""objective"": 5623.241916014507, ""original_change"": 532.1907393440933, ""penalized_change"": 591.6044471632449, ""penalized_objective"": 5682.655623834039, ""phase"": ""lse"", ""solver_time"": 0.0024139881134033203, ""status"": ""optimal"", ""tau"": 0.16}, {""iteration"": 7, ""max_slack"": 4.991992015043378e-11, ""objective"": 5091.051176670736, ""original_change"": 532.1907393437714, ""penalized_change"": 591.6044471594851, ""penalized_objective"": 5091.051176674554, ""phase"": ""lse"", ""solver_time"": 0.0038352012634277344, ""status"": ""optimal"", ""tau"": 0.32}, {""iteration"": 8, ""max_slack"": 2.290255739713467, ""objective"": 5637.536908062994, ""original_change"": 546.4857313922585, ""penalized_change"": 761.2685672747402, ""penalized_objective"": 5852.319743949294, ""phase"": ""lse"", ""solver_time"": 0.0023870468139648438, ""status"": ""optimal"", ""tau"": 0.64}, {""iteration"": 9, ""max_slack"": 4.00437907019487e-12, ""objective"": 5091.051176670656, ""original_change"": 546.4857313923385, ""penalized_change"": 761.2685672775197, ""penalized_objective"": 5091.051176671775, ""phase"": ""lse"", ""solver_time"": 0.0044820308685302734, ""status"": ""optimal"", ""tau"": 1.28}, {""iteration"": 10, ""max_slack"": 1.414772649418118, ""objective"": 5814.130730078304, ""original_change"": 723.0795534076478, ""penalized_change"": 1272.0367444035064, ""penalized_objective"": 6363.087921075281, ""phase"": ""lse"", ""solver_time"": 0.002685070037841797, ""status"": ""optimal"", ""tau"": 2.56}, {""iteration"": 11, ""max_slack"": 8.175867506645346e-10, ""objective"": 5091.051177173222, ""original_change"": 723.079552905082, ""penalized_change"": 1272.0367429849457, ""penalized_objective"": 5091.051178090335, ""phase"": ""lse"", ""solver_time"": 0.003880023956298828, ""status"": ""optimal"", ""tau"": 5.12}, {""iteration"": 12, ""max_slack"": 0.6703877775802907, ""objective"": 6516.646995836906, ""original_change"": 1425.5958186636844, ""penalized_change"": 2533.868916296925, ""penalized_objective"": 7624.92009438726, ""phase"": ""lse"", ""solver_time"": 0.002977132797241211, ""status"": ""optimal"", ""tau"": 10.24}, {""iteration"": 13, ""max_slack"": 3.8091807250479166e-11, ""objective"": 5091.051176692841, ""original_change"": 1425.595819144065, ""penalized_change"": 2533.8689175037125, ""penalized_objective"": 5091.051176883548, ""phase"": ""lse"", ""solver_time"": 0.004179954528808594, ""status"": ""optimal"", ""tau"": 20.48}, {""iteration"": 14, ""max_slack"": 0.25074738615770475, ""objective"": 7862.182116773107, ""original_change"": 2771.1309400802656, ""penalized_change"": 4500.430726691517, ""penalized_objective"": 9591.481903575064, ""phase"": ""lse"", ""solver_time"": 0.0025391578674316406, ""status"": ""optimal"", ""tau"": 40.96}, {""iteration"": 15, ""max_slack"": 1.3724216679684211e-11, ""objective"": 5091.05117673454, ""original_change"": 2771.130940038567, ""penalized_change"": 4500.430726537841, ""penalized_objective"": 5091.051177037223, ""phase"": ""lse"", ""solver_time"": 0.004637956619262695, ""status"": ""optimal"", ""tau"": 81.92}, {""iteration"": 16, ""max_slack"": 0.07258804390438746, ""objective"": 9963.470970795068, ""original_change"": 4872.419794060528, ""penalized_change"": 7176.3046502466495, ""penalized_objective"": 12267.355827283873, ""phase"": ""lse"", ""solver_time"": 0.0025930404663085938, ""status"": ""optimal"", ""tau"": 163.84}, {""iteration"": 17, ""max_slack"": 9.929130438542042e-14, ""objective"": 5091.051176676003, ""original_change"": 4872.419794119065, ""penalized_change"": 7176.304650598339, ""penalized_objective"": 5091.051176685533, ""phase"": ""lse"", ""solver_time"": 0.005502939224243164, ""status"": ""optimal"", ""tau"": 327.68}, {""iteration"": 18, ""max_slack"": 0.026823628540381533, ""objective"": 12704.115710943519, ""original_change"": 7613.064534267516, ""penalized_change"": 10541.937183850037, ""penalized_objective"": 15632.98836053557, ""phase"": ""lse"", ""solver_time"": 0.002595186233520508, ""status"": ""optimal"", ""tau"": 655.36}, {""iteration"": 19, ""max_slack"": 2.7040978396007626e-12, ""objective"": 5091.051176711993, ""original_change"": 7613.064534231526, ""penalized_change"": 10541.937183028576, ""penalized_objective"": 5091.051177506994, ""phase"": ""lse"", ""solver_time"": 0.005630016326904297, ""status"": ""optimal"", ""tau"": 1000.0}, {""iteration"": 20, ""max_slack"": 0.02369159151436737, ""objective"": 13206.441033074567, ""original_change"": 8115.3898563625735, ""penalized_change"": 11971.483854111288, ""penalized_objective"": 17062.53503161828, ""phase"": ""lse"", ""solver_time"": 0.0024111270904541016, ""status"": ""optimal"", ""tau"": 1000.0}, {""iteration"": 21, ""max_slack"": 3.6127362474219e-12, ""objective"": 5091.051176727816, ""original_change"": 8115.389856346751, ""penalized_change"": 11971.48385382833, ""penalized_objective"": 5091.051177789952, ""phase"": ""lse"", ""solver_time"": 0.005731821060180664, ""status"": ""optimal"", ""tau"": 1000.0}, {""iteration"": 22, ""max_slack"": 0.023691591512155042, ""objective"": 13206.441033065705, ""original_change"": 8115.389856337889, ""penalized_change"": 11971.483853339774, ""penalized_objective"": 17062.535031129726, ""phase"": ""lse"", ""solver_time"": 0.0022559165954589844, ""status"": ""optimal"", ""tau"": 1000.0}, {""iteration"": 23, ""max_slack"": 3.612736248470765e-12, ""objective"": 5091.051176727816, ""original_change"": 8115.389856337889, ""penalized_change"": 11971.483853339774, ""penalized_objective"": 5091.051177789953, ""phase"": ""lse"", ""solver_time"": 0.005583047866821289, ""status"": ""optimal"", ""tau"": 1000.0}, {""iteration"": 24, ""max_slack"": 0.023691591512155132, ""objective"": 13206.4410330657, ""original_change"": 8115.389856337883, ""penalized_change"": 11971.483853339778, ""penalized_objective"": 17062.53503112973, ""phase"": ""lse"", ""solver_time"": 0.002476930618286133, ""status"": ""optimal"", ""tau"": 1000.0}, {""iteration"": 25, ""max_slack"": 3.612736248470765e-12, ""objective"": 5091.051176727816, ""original_change"": 8115.389856337883, ""penalized_change"": 11971.483853339778, ""penalized_objective"": 5091.051177789953, ""phase"": ""lse"", ""solver_time"": 0.00557398796081543, ""status"": ""optimal"", ""tau"": 1000.0}, {""converged"": false, ""phase"": ""lse"", ""summary"": true}, {""iteration"": 1, ""max_slack"": 4.0386569477953747e-10, ""objective"": 5091.0511766704385, ""original_change"": null, ""penalized_change"": null, ""penalized_objective"": 5091.051176671489, ""phase"": ""mellowmin"", ""solver_time"": 0.0023200511932373047, ""status"": ""optimal"", ""tau"": 0.005}, {""iteration"": 2, ""max_slack"": 9.81045395228781e-10, ""objective"": 5091.051176673246, ""original_change"": 2.8076101443730295e-09, ""penalized_change"": 6.840309652034193e-09, ""penalized_objective"": 5091.051176678329, ""phase"": ""mellowmin"", ""solver_time"": 0.0020859241485595703, ""status"": ""optimal"", ""tau"": 0.01}, {""converged"": true, ""phase"": ""mellowmin"", ""summary"": true}]",
DEU_AachenBendplatz-1_12963_T-982,/data_linux/Lab/commonroad-repairer-vp/scenarios/experiment_scenarios/generated_sampling/in5/DEU_AachenBendplatz-1_12963_T-982.xml,10047,R_IN5,0,lin2025,20,lse_mellowmin,trajectory,20260922,True,True,True,True,0.005065215998911299,0.004057764999743085,0.11836020500049926,0.11836020500049926,0.7015416009999171,0.8290247869990708,1.2127825130010024,0.009933233261108398,0.009933233261108398,421,0,564,160,404,21,200,663,4,True,6.017059105613278e-11,optimal,5174.845091193885,0.010000000001230842,10048,inf,,,,"[{""iteration"": 1, ""max_slack"": 3.2391521567476446e-10, ""objective"": 5174.845091193254, ""original_change"": null, ""penalized_change"": null, ""penalized_objective"": 5174.845091193616, ""phase"": ""lse"", ""solver_time"": 0.0033960342407226562, ""status"": ""optimal"", ""tau"": 0.005}, {""iteration"": 2, ""max_slack"": 3.248029141985039e-09, ""objective"": 5174.845091209277, ""original_change"": 1.6022568161133677e-08, ""penalized_change"": 3.2470779842697084e-08, ""penalized_objective"": 5174.845091226087, ""phase"": ""lse"", ""solver_time"": 0.002201080322265625, ""status"": ""optimal"", ""tau"": 0.01}, {""converged"": true, ""phase"": ""lse"", ""summary"": true}, {""iteration"": 1, ""max_slack"": 6.068000408642362e-09, ""objective"": 5174.845091213039, ""original_change"": null, ""penalized_change"": null, ""penalized_objective"": 5174.845091228806, ""phase"": ""mellowmin"", ""solver_time"": 0.002145051956176758, ""status"": ""optimal"", ""tau"": 0.005}, {""iteration"": 2, ""max_slack"": 6.017059105613278e-11, ""objective"": 5174.845091193578, ""original_change"": 1.946136762853712e-08, ""penalized_change"": 3.492095856927335e-08, ""penalized_objective"": 5174.845091193885, ""phase"": ""mellowmin"", ""solver_time"": 0.0021910667419433594, ""status"": ""optimal"", ""tau"": 0.01}, {""converged"": true, ""phase"": ""mellowmin"", ""summary"": true}]",
DEU_AachenBendplatz-1_12964_T-983,/data_linux/Lab/commonroad-repairer-vp/scenarios/experiment_scenarios/generated_sampling/in5/DEU_AachenBendplatz-1_12964_T-983.xml,10047,R_IN5,0,lin2025,20,lse_mellowmin,trajectory,20260922,True,True,True,True,0.003768843000216293,0.003734343999894918,0.11163180600124178,0.11163180600124178,1.3064008799992735,1.4255358730006265,1.3820786329997645,0.012699604034423828,0.012699604034423828,421,0,564,160,404,21,200,663,4,True,2.211118527227767e-10,optimal,5270.598444825457,0.010000000016809542,10048,inf,,,,"[{""iteration"": 1, ""max_slack"": 1.970474572761307e-07, ""objective"": 5270.598444800352, ""original_change"": null, ""penalized_change"": null, ""penalized_objective"": 5270.598444974637, ""phase"": ""lse"", ""solver_time"": 0.0034477710723876953, ""status"": ""optimal"", ""tau"": 0.005}, {""iteration"": 2, ""max_slack"": 1.738526860962736e-09, ""objective"": 5270.598444800804, ""original_change"": 4.5201886678114533e-10, ""penalized_change"": 1.6492413124069571e-07, ""penalized_objective"": 5270.598444809712, ""phase"": ""lse"", ""solver_time"": 0.0030870437622070312, ""status"": ""optimal"", ""tau"": 0.01}, {""converged"": true, ""phase"": ""lse"", ""summary"": true}, {""iteration"": 1, ""max_slack"": 1.1575345469177323e-09, ""objective"": 5270.5984447955225, ""original_change"": null, ""penalized_change"": null, ""penalized_objective"": 5270.598444798563, ""phase"": ""mellowmin"", ""solver_time"": 0.003477811813354492, ""status"": ""optimal"", ""tau"": 0.005}, {""iteration"": 2, ""max_slack"": 2.211118527227767e-10, ""objective"": 5270.5984448243, ""original_change"": 2.8777321858797222e-08, ""penalized_change"": 2.6893758331425488e-08, ""penalized_objective"": 5270.598444825457, ""phase"": ""mellowmin"", ""solver_time"": 0.0026869773864746094, ""status"": ""optimal"", ""tau"": 0.01}, {""converged"": true, ""phase"": ""mellowmin"", ""summary"": true}]",
DEU_AachenBendplatz-1_13558_T-577,/data_linux/Lab/commonroad-repairer-vp/scenarios/experiment_scenarios/generated_sampling/in5/DEU_AachenBendplatz-1_13558_T-577.xml,10037,R_IN5,0,lin2025,20,lse_mellowmin,trajectory,20260922,True,True,True,True,0.004893380000794423,0.0038031609983590897,0.11388938800155302,0.11388938800155302,0.633067316000961,0.7556532450016675,1.2830343149998953,0.010415077209472656,0.010415077209472656,421,0,581,160,421,21,200,680,4,True,6.116593759237566e-12,optimal,5872.251162219976,0.010000000000051303,10046,inf,,,,"[{""iteration"": 1, ""max_slack"": 5.050593024019303e-09, ""objective"": 5872.251162219992, ""original_change"": null, ""penalized_change"": null, ""penalized_objective"": 5872.251162224887, ""phase"": ""lse"", ""solver_time"": 0.0033991336822509766, ""status"": ""optimal"", ""tau"": 0.005}, {""iteration"": 2, ""max_slack"": 1.1220057398287583e-11, ""objective"": 5872.251162219938, ""original_change"": 5.3660187404602766e-11, ""penalized_change"": 4.888534022029489e-09, ""penalized_objective"": 5872.251162219998, ""phase"": ""lse"", ""solver_time"": 0.0025720596313476562, ""status"": ""optimal"", ""tau"": 0.01}, {""converged"": true, ""phase"": ""lse"", ""summary"": true}, {""iteration"": 1, ""max_slack"": 8.022328444785447e-12, ""objective"": 5872.251162219931, ""original_change"": null, ""penalized_change"": null, ""penalized_objective"": 5872.251162219951, ""phase"": ""mellowmin"", ""solver_time"": 0.0021920204162597656, ""status"": ""optimal"", ""tau"": 0.005}, {""iteration"": 2, ""max_slack"": 6.116593759237566e-12, ""objective"": 5872.251162219945, ""original_change"": 1.4551915228366852e-11, ""penalized_change"": 2.546585164964199e-11, ""penalized_objective"": 5872.251162219976, ""phase"": ""mellowmin"", ""solver_time"": 0.002251863479614258, ""status"": ""optimal"", ""tau"": 0.01}, {""converged"": true, ""phase"": ""mellowmin"", ""summary"": true}]",
DEU_AachenBendplatz-1_13559_T-578,/data_linux/Lab/commonroad-repairer-vp/scenarios/experiment_scenarios/generated_sampling/in5/DEU_AachenBendplatz-1_13559_T-578.xml,10037,R_IN5,0,lin2025,20,lse_mellowmin,trajectory,20260922,True,True,True,True,0.012113509001210332,1.5769348119993083,0.16149798300102702,0.16149798300102702,1.0995320429992717,2.8500783470008173,1.8773552820002806,0.020644187927246094,0.020644187927246094,421,0,581,160,421,21,200,680,4,True,2.614360524456743e-12,optimal,6055.64537721688,0.010000000000022491,10046,inf,,,,"[{""iteration"": 1, ""max_slack"": 6.819737553622008e-09, ""objective"": 6055.645377217064, ""original_change"": null, ""penalized_change"": null, ""penalized_objective"": 6055.6453772238365, ""phase"": ""lse"", ""solver_time"": 0.004445791244506836, ""status"": ""optimal"", ""tau"": 0.005}, {""iteration"": 2, ""max_slack"": 6.221393825986067e-11, ""objective"": 6055.645377216917, ""original_change"": 1.4733814168721437e-10, ""penalized_change"": 6.591108103748411e-09, ""penalized_objective"": 6055.645377217245, ""phase"": ""lse"", ""solver_time"": 0.005380153656005859, ""status"": ""optimal"", ""tau"": 0.01}, {""converged"": true, ""phase"": ""lse"", ""summary"": true}, {""iteration"": 1, ""max_slack"": 6.097707203270651e-12, ""objective"": 6055.645377216853, ""original_change"": null, ""penalized_change"": null, ""penalized_objective"": 6055.645377216868, ""phase"": ""mellowmin"", ""solver_time"": 0.005187034606933594, ""status"": ""optimal"", ""tau"": 0.005}, {""iteration"": 2, ""max_slack"": 2.614360524456743e-12, ""objective"": 6055.645377216866, ""original_change"": 1.2732925824820995e-11, ""penalized_change"": 1.1823431123048067e-11, ""penalized_objective"": 6055.64537721688, ""phase"": ""mellowmin"", ""solver_time"": 0.005631208419799805, ""status"": ""optimal"", ""tau"": 0.01}, {""converged"": true, ""phase"": ""mellowmin"", ""summary"": true}]",
DEU_AachenBendplatz-1_13561_T-580,/data_linux/Lab/commonroad-repairer-vp/scenarios/experiment_scenarios/generated_sampling/in5/DEU_AachenBendplatz-1_13561_T-580.xml,10037,R_IN5,0,lin2025,20,lse_mellowmin,trajectory,20260922,True,True,True,True,0.00526411300052132,0.00443811600052868,0.1313292270006059,0.1313292270006059,1.700397893000627,1.8414293490022828,1.6181982199996128,0.016382932662963867,0.016382932662963867,421,0,581,160,421,21,200,680,4,True,8.105595573272453e-08,optimal,6422.4628875728895,0.010000000134622744,10046,inf,,,,"[{""iteration"": 1, ""max_slack"": 1.5690713014952372e-07, ""objective"": 6422.462887510442, ""original_change"": null, ""penalized_change"": null, ""penalized_objective"": 6422.462887721507, ""phase"": ""lse"", ""solver_time"": 0.004647016525268555, ""status"": ""optimal"", ""tau"": 0.005}, {""iteration"": 2, ""max_slack"": 1.3222793378761928e-08, ""objective"": 6422.46288750747, ""original_change"": 2.9713191906921566e-09, ""penalized_change"": 1.9993967725895345e-07, ""penalized_objective"": 6422.462887521568, ""phase"": ""lse"", ""solver_time"": 0.002998828887939453, ""status"": ""optimal"", ""tau"": 0.01}, {""converged"": true, ""phase"": ""lse"", ""summary"": true}, {""iteration"": 1, ""max_slack"": 1.41323159156943e-09, ""objective"": 6422.462887504214, ""original_change"": null, ""penalized_change"": null, ""penalized_objective"": 6422.462887506149, ""phase"": ""mellowmin"", ""solver_time"": 0.006067037582397461, ""status"": ""optimal"", ""tau"": 0.005}, {""iteration"": 2, ""max_slack"": 8.105595573272453e-08, ""objective"": 6422.462887516836, ""original_change"": 1.2621967471204698e-08, ""penalized_change"": 6.674054020550102e-08, ""penalized_objective"": 6422.4628875728895, ""phase"": ""mellowmin"", ""solver_time"": 0.0026700496673583984, ""status"": ""optimal"", ""tau"": 0.01}, {""converged"": true, ""phase"": ""mellowmin"", ""summary"": true}]",
DEU_AachenBendplatz-1_13562_T-581,/data_linux/Lab/commonroad-repairer-vp/scenarios/experiment_scenarios/generated_sampling/in5/DEU_AachenBendplatz-1_13562_T-581.xml,10037,R_IN5,0,lin2025,20,lse_mellowmin,trajectory,20260922,True,True,True,True,0.005010296999898856,0.0036160850013402523,0.11951626799964288,0.11951626799964288,0.688696813000206,0.816839463001088,1.3426050200014288,0.01573014259338379,0.01573014259338379,421,0,581,160,421,21,200,680,4,True,2.220913154614033e-08,optimal,6614.641010914196,0.010000000025626146,10046,inf,,,,"[{""iteration"": 1, ""max_slack"": 8.629800929135583e-08, ""objective"": 6614.64101089406, ""original_change"": null, ""penalized_change"": null, ""penalized_objective"": 6614.641010985175, ""phase"": ""lse"", ""solver_time"": 0.0046651363372802734, ""status"": ""optimal"", ""tau"": 0.005}, {""iteration"": 2, ""max_slack"": 1.8728412301124097e-08, ""objective"": 6614.641010893737, ""original_change"": 3.228706191293895e-10, ""penalized_change"": 6.277150532696396e-08, ""penalized_objective"": 6614.641010922403, ""phase"": ""lse"", ""solver_time"": 0.002582073211669922, ""status"": ""optimal"", ""tau"": 0.01}, {""converged"": true, ""phase"": ""lse"", ""summary"": true}, {""iteration"": 1, ""max_slack"": 2.5345994852218667e-08, ""objective"": 6614.641010890678, ""original_change"": null, ""penalized_change"": null, ""penalized_objective"": 6614.641010928644, ""phase"": ""mellowmin"", ""solver_time"": 0.0057408809661865234, ""status"": ""optimal"", ""tau"": 0.005}, {""iteration"": 2, ""max_slack"": 2.220913154614033e-08, ""objective"": 6614.641010892727, ""original_change"": 2.0481820683926344e-09, ""penalized_change"": 1.4448232832364738e-08, ""penalized_objective"": 6614.641010914196, ""phase"": ""mellowmin"", ""solver_time"": 0.0027420520782470703, ""status"": ""optimal"", ""tau"": 0.01}, {""converged"": true, ""phase"": ""mellowmin"", ""summary"": true}]",
DEU_AachenBendplatz-1_13563_T-582,/data_linux/Lab/commonroad-repairer-vp/scenarios/experiment_scenarios/generated_sampling/in5/DEU_AachenBendplatz-1_13563_T-582.xml,10037,R_IN5,0,lin2025,20,lse_mellowmin,trajectory,20260922,True,True,True,True,0.005097795999972732,0.00374833899877558,0.11102656399998523,0.11102656399998523,1.2168772780005384,1.336749976999272,1.6302711499993165,0.026005983352661133,0.026005983352661133,421,0,581,160,421,21,200,680,5,True,1.6250113564988023e-07,optimal,6812.197673598873,0.010000000126174212,10046,inf,,,,"[{""iteration"": 1, ""max_slack"": 7.446511432751014, ""objective"": 6812.197821803967, ""original_change"": null, ""penalized_change"": null, ""penalized_objective"": 6813.352031097648, ""phase"": ""lse"", ""solver_time"": 0.0048449039459228516, ""status"": ""optimal"", ""tau"": 0.005}, {""iteration"": 2, ""max_slack"": 1.1131371407503492e-08, ""objective"": 6812.197673092787, ""original_change"": 0.0001487111794631346, ""penalized_change"": 1.1543579674462308, ""penalized_objective"": 6812.197673130202, ""phase"": ""lse"", ""solver_time"": 0.005223989486694336, ""status"": ""optimal"", ""tau"": 0.01}, {""iteration"": 3, ""max_slack"": 3.850985625892601e-08, ""objective"": 6812.197673173003, ""original_change"": 8.021561370696872e-08, ""penalized_change"": 3.0125374905765057e-07, ""penalized_objective"": 6812.197673431456, ""phase"": ""lse"", ""solver_time"": 0.004086971282958984, ""status"": ""optimal"", ""tau"": 0.02}, {""converged"": true, ""phase"": ""lse"", ""summary"": true}, {""iteration"": 1, ""max_slack"": 6.692087031320501e-07, ""objective"": 6812.197673114867, ""original_change"": null, ""penalized_change"": null, ""penalized_objective"": 6812.197674119455, ""phase"": ""mellowmin"", ""solver_time"": 0.0063130855560302734, ""status"": ""optimal"", ""tau"": 0.005}, {""iteration"": 2, ""max_slack"": 1.6250113564988023e-07, ""objective"": 6812.197673107929, ""original_change"": 6.937625585123897e-09, ""penalized_change"": 5.205820343689993e-07, ""penalized_objective"": 6812.197673598873, ""phase"": ""mellowmin"", ""solver_time"": 0.0055370330810546875, ""status"": ""optimal"", ""tau"": 0.01}, {""converged"": true, ""phase"": ""mellowmin"", ""summary"": true}]",
DEU_AachenBendplatz-1_13564_T-583,/data_linux/Lab/commonroad-repairer-vp/scenarios/experiment_scenarios/generated_sampling/in5/DEU_AachenBendplatz-1_13564_T-583.xml,10037,R_IN5,0,lin2025,20,lse_mellowmin,trajectory,20260922,True,True,True,True,0.0060326189995976165,0.006306633998974576,0.125715191999916,0.125715191999916,0.6712161140003445,0.8092705589988327,1.5154008099998464,0.03245401382446289,0.03245401382446289,421,0,581,160,421,21,200,680,5,True,1.9644647778371244e-09,optimal,6963.68627418113,0.010000000001195412,10046,inf,,,,"[{""iteration"": 1, ""max_slack"": 9.891778893197841, ""objective"": 6963.686586378993, ""original_change"": null, ""penalized_change"": null, ""penalized_objective"": 6966.295555300436, ""phase"": ""lse"", ""solver_time"": 0.005057096481323242, ""status"": ""optimal"", ""tau"": 0.005}, {""iteration"": 2, ""max_slack"": 5.0248737107087875e-09, ""objective"": 6963.686274175352, ""original_change"": 0.0003122036405329709, ""penalized_change"": 2.609281105530499, ""penalized_objective"": 6963.686274194905, ""phase"": ""lse"", ""solver_time"": 0.006617069244384766, ""status"": ""optimal"", ""tau"": 0.01}, {""iteration"": 3, ""max_slack"": 2.428112963550465e-09, ""objective"": 6963.686274175569, ""original_change"": 2.1736923372372985e-10, ""penalized_change"": 7.277776603586972e-09, ""penalized_objective"": 6963.6862741876275, ""phase"": ""lse"", ""solver_time"": 0.006118059158325195, ""status"": ""optimal"", ""tau"": 0.02}, {""converged"": true, ""phase"": ""lse"", ""summary"": true}, {""iteration"": 1, ""max_slack"": 6.973006430262046e-08, ""objective"": 6963.686274176536, ""original_change"": null, ""penalized_change"": null, ""penalized_objective"": 6963.686274280641, ""phase"": ""mellowmin"", ""solver_time"": 0.008275985717773438, ""status"": ""optimal"", ""tau"": 0.005}, {""iteration"": 2, ""max_slack"": 1.9644647778371244e-09, ""objective"": 6963.686274174917, ""original_change"": 1.6189005691558123e-09, ""penalized_change"": 9.95105438050814e-08, ""penalized_objective"": 6963.68627418113, ""phase"": ""mellowmin"", ""solver_time"": 0.00638580322265625, ""status"": ""optimal"", ""tau"": 0.01}, {""converged"": true, ""phase"": ""mellowmin"", ""summary"": true}]",
DEU_AachenBendplatz-1_13565_T-584,/data_linux/Lab/commonroad-repairer-vp/scenarios/experiment_scenarios/generated_sampling/in5/DEU_AachenBendplatz-1_13565_T-584.xml,10037,R_IN5,0,lin2025,20,lse_mellowmin,trajectory,20260922,True,True,False,False,0.005067502999736462,0.0037248119988362305,0.16471504800028924,0.16471504800028924,1.6891056059994298,1.8626129689982918,1.6241587969998363,0.03949785232543945,0.03949785232543945,421,0,581,160,421,21,200,680,5,True,5.7857799172198225e-08,optimal,7119.349919852819,0.010000000023087737,10046,1.8,"(10046,)",,"{""t"": 9, ""s"": 59.36958685470075, ""d"": -2.0334036906488677}","[{""iteration"": 1, ""max_slack"": 9.208120923478491, ""objective"": 7119.350546804458, ""original_change"": null, ""penalized_change"": null, ""penalized_objective"": 7123.196695129014, ""phase"": ""lse"", ""solver_time"": 0.007447957992553711, ""status"": ""optimal"", ""tau"": 0.005}, {""iteration"": 2, ""max_slack"": 5.187161905699806e-10, ""objective"": 7119.34991971033, ""original_change"": 0.0006270941275943187, ""penalized_change"": 3.8467754173325375, ""penalized_objective"": 7119.349919711682, ""phase"": ""lse"", ""solver_time"": 0.008059978485107422, ""status"": ""optimal"", ""tau"": 0.01}, {""iteration"": 3, ""max_slack"": 5.37434705458682e-10, ""objective"": 7119.349919710987, ""original_change"": 6.566551746800542e-10, ""penalized_change"": 2.2764652385376394e-09, ""penalized_objective"": 7119.349919713958, ""phase"": ""lse"", ""solver_time"": 0.007723093032836914, ""status"": ""optimal"", ""tau"": 0.02}, {""converged"": true, ""phase"": ""lse"", ""summary"": true}, {""iteration"": 1, ""max_slack"": 5.534278154438032e-07, ""objective"": 7119.349919727827, ""original_change"": null, ""penalized_change"": null, ""penalized_objective"": 7119.349920798717, ""phase"": ""mellowmin"", ""solver_time"": 0.00855398178100586, ""status"": ""optimal"", ""tau"": 0.005}, {""iteration"": 2, ""max_slack"": 5.7857799172198225e-08, ""objective"": 7119.349919712566, ""original_change"": 1.5261321095749736e-08, ""penalized_change"": 9.458981367060915e-07, ""penalized_objective"": 7119.349919852819, ""phase"": ""mellowmin"", ""solver_time"": 0.007712841033935547, ""status"": ""optimal"", ""tau"": 0.01}, {""converged"": true, ""phase"": ""mellowmin"", ""summary"": true}]",
DEU_AachenBendplatz-1_141555_T-1574,/data_linux/Lab/commonroad-repairer-vp/scenarios/experiment_scenarios/generated_sampling/in5/DEU_AachenBendplatz-1_141555_T-1574.xml,10095,R_IN5,0,lin2025,20,lse_mellowmin,trajectory,20260922,True,True,False,False,0.005349633998775971,0.003808778999882634,0.10603392000120948,0.10603392000120948,0.6758148919998348,0.7910072249997029,1.3492609139993874,0.04820704460144043,0.04820704460144043,421,0,566,160,406,21,200,665,5,True,2.4992849611243088e-08,optimal,16990.532646415,0.010000000004964704,10099,3.4000000000000004,"(10099,)",,"{""t"": 17, ""s"": 94.00579739511635, ""d"": -0.6910543064350207}","[{""iteration"": 1, ""max_slack"": 1.0854745537608084, ""objective"": 16990.532738729853, ""original_change"": null, ""penalized_change"": null, ""penalized_objective"": 16991.08935931353, ""phase"": ""lse"", ""solver_time"": 0.007234096527099609, ""status"": ""optimal"", ""tau"": 0.005}, {""iteration"": 2, ""max_slack"": 1.8263585908727268e-08, ""objective"": 16990.532646323758, ""original_change"": 9.24060950637795e-05, ""penalized_change"": 0.5567128967995814, ""penalized_objective"": 16990.53264641673, ""phase"": ""lse"", ""solver_time"": 0.01082301139831543, ""status"": ""optimal"", ""tau"": 0.01}, {""iteration"": 3, ""max_slack"": 4.9266083598997556e-09, ""objective"": 16990.53264632402, ""original_change"": 2.6193447411060333e-10, ""penalized_change"": 5.3507392294704914e-08, ""penalized_objective"": 16990.532646363223, ""phase"": ""lse"", ""solver_time"": 0.011256933212280273, ""status"": ""optimal"", ""tau"": 0.02}, {""converged"": true, ""phase"": ""lse"", ""summary"": true}, {""iteration"": 1, ""max_slack"": 1.455187824578182e-09, ""objective"": 16990.532646323252, ""original_change"": null, ""penalized_change"": null, ""penalized_objective"": 16990.532646326785, ""phase"": ""mellowmin"", ""solver_time"": 0.009016036987304688, ""status"": ""optimal"", ""tau"": 0.005}, {""iteration"": 2, ""max_slack"": 2.4992849611243088e-08, ""objective"": 16990.532646323943, ""original_change"": 6.912159733474255e-10, ""penalized_change"": 8.821371011435986e-08, ""penalized_objective"": 16990.532646415, ""phase"": ""mellowmin"", ""solver_time"": 0.00987696647644043, ""status"": ""optimal"", ""tau"": 0.01}, {""converged"": true, ""phase"": ""mellowmin"", ""summary"": true}]",
DEU_AachenBendplatz-1_141556_T-1575,/data_linux/Lab/commonroad-repairer-vp/scenarios/experiment_scenarios/generated_sampling/in5/DEU_AachenBendplatz-1_141556_T-1575.xml,10095,R_IN5,0,lin2025,20,lse_mellowmin,trajectory,20260922,True,True,False,False,0.0052967490009905305,0.003466424001089763,0.10439953799868817,0.10439953799868817,0.6652768809999543,0.7784395920007228,1.2620991469993896,0.04559326171875,0.04559326171875,421,0,565,160,405,21,200,664,5,True,1.1569970769587177e-08,optimal,17101.17031210513,0.010000000001625153,10099,3.2,"(10099,)",,"{""t"": 16, ""s"": 94.005797395113, ""d"": -0.7226176967205191}","[{""iteration"": 1, ""max_slack"": 0.8801474281087523, ""objective"": 17101.170562840358, ""original_change"": null, ""penalized_change"": null, ""penalized_objective"": 17101.73745476446, ""phase"": ""lse"", ""solver_time"": 0.006442070007324219, ""status"": ""optimal"", ""tau"": 0.005}, {""iteration"": 2, ""max_slack"": 6.66963978639178e-08, ""objective"": 17101.170312059774, ""original_change"": 0.00025078058388317004, ""penalized_change"": 0.5671423751300608, ""penalized_objective"": 17101.17031238933, ""phase"": ""lse"", ""solver_time"": 0.010348796844482422, ""status"": ""optimal"", ""tau"": 0.01}, {""iteration"": 3, ""max_slack"": 1.1647151069219179e-08, ""objective"": 17101.17031204481, ""original_change"": 1.4963006833568215e-08, ""penalized_change"": 2.210363163612783e-07, ""penalized_objective"": 17101.170312168295, ""phase"": ""lse"", ""solver_time"": 0.009943008422851562, ""status"": ""optimal"", ""tau"": 0.02}, {""converged"": true, ""phase"": ""lse"", ""summary"": true}, {""iteration"": 1, ""max_slack"": 1.362209937173309e-07, ""objective"": 17101.17031204546, ""original_change"": null, ""penalized_change"": null, ""penalized_objective"": 17101.17031225375, ""phase"": ""mellowmin"", ""solver_time"": 0.009317159652709961, ""status"": ""optimal"", ""tau"": 0.005}, {""iteration"": 2, ""max_slack"": 1.1569970769587177e-08, ""objective"": 17101.1703120443, ""original_change"": 1.1568772606551647e-09, ""penalized_change"": 1.4862234820611775e-07, ""penalized_objective"": 17101.17031210513, ""phase"": ""mellowmin"", ""solver_time"": 0.009542226791381836, ""status"": ""optimal"", ""tau"": 0.01}, {""converged"": true, ""phase"": ""mellowmin"", ""summary"": true}]",
DEU_AachenBendplatz-1_141557_T-1576,/data_linux/Lab/commonroad-repairer-vp/scenarios/experiment_scenarios/generated_sampling/in5/DEU_AachenBendplatz-1_141557_T-1576.xml,10095,R_IN5,0,lin2025,20,lse_mellowmin,trajectory,20260922,True,True,False,False,0.011018017999958829,0.006516659999761032,0.1643438450009853,0.1643438450009853,1.5598992020004516,1.7417777250011568,1.383319474000018,0.05071091651916504,0.05071091651916504,421,0,564,160,404,21,200,663,5,True,1.465832167045744e-09,optimal,17207.350141600964,0.010000000000431442,10099,3.0,"(10099,)",,"{""t"": 15, ""s"": 94.00579739511181, ""d"": -0.7047577125273676}","[{""iteration"": 1, ""max_slack"": 0.7947431847240136, ""objective"": 17207.350150170587, ""original_change"": null, ""penalized_change"": null, ""penalized_objective"": 17207.976750961367, ""phase"": ""lse"", ""solver_time"": 0.006103038787841797, ""status"": ""optimal"", ""tau"": 0.005}, {""iteration"": 2, ""max_slack"": 2.6346467083700583e-08, ""objective"": 17207.35014159957, ""original_change"": 8.571016223868355e-06, ""penalized_change"": 0.626609226113942, ""penalized_objective"": 17207.350141735253, ""phase"": ""lse"", ""solver_time"": 0.012237787246704102, ""status"": ""optimal"", ""tau"": 0.01}, {""iteration"": 3, ""max_slack"": 1.0153268363697796e-07, ""objective"": 17207.35014167105, ""original_change"": 7.147900760173798e-08, ""penalized_change"": 9.255199984181672e-07, ""penalized_objective"": 17207.350142660773, ""phase"": ""lse"", ""solver_time"": 0.011712074279785156, ""status"": ""optimal"", ""tau"": 0.02}, {""converged"": true, ""phase"": ""lse"", ""summary"": true}, {""iteration"": 1, ""max_slack"": 5.171236256698228e-09, ""objective"": 17207.350141594794, ""original_change"": null, ""penalized_change"": null, ""penalized_objective"": 17207.350141607658, ""phase"": ""mellowmin"", ""solver_time"": 0.010190010070800781, ""status"": ""optimal"", ""tau"": 0.005}, {""iteration"": 2, ""max_slack"": 1.465832167045744e-09, ""objective"": 17207.350141594718, ""original_change"": 7.639755494892597e-11, ""penalized_change"": 6.693881005048752e-09, ""penalized_objective"": 17207.350141600964, ""phase"": ""mellowmin"", ""solver_time"": 0.010468006134033203, ""status"": ""optimal"", ""tau"": 0.01}, {""converged"": true, ""phase"": ""mellowmin"", ""summary"": true}]",
DEU_AachenBendplatz-1_141558_T-1577,/data_linux/Lab/commonroad-repairer-vp/scenarios/experiment_scenarios/generated_sampling/in5/DEU_AachenBendplatz-1_141558_T-1577.xml,10095,R_IN5,0,lin2025,20,lse_mellowmin,trajectory,20260922,True,True,False,False,0.004596461998517043,0.0029708439997193636,0.09108921599909081,0.09108921599909081,0.5613555069994618,0.660012028996789,1.0629357750003692,0.04104208946228027,0.04104208946228027,421,0,563,160,403,21,200,662,5,True,1.5313942771026618e-08,optimal,17334.935028980566,0.010000000008517418,10099,2.8000000000000003,"(10099,)",,"{""t"": 14, ""s"": 94.0057973951199, ""d"": -0.6608776462028843}","[{""iteration"": 1, ""max_slack"": 0.7269248316171644, ""objective"": 17334.93503546539, ""original_change"": null, ""penalized_change"": null, ""penalized_objective"": 17335.572021399952, ""phase"": ""lse"", ""solver_time"": 0.004541158676147461, ""status"": ""optimal"", ""tau"": 0.005}, {""iteration"": 2, ""max_slack"": 6.440720597343901e-10, ""objective"": 17334.935028949425, ""original_change"": 6.515965651487932e-06, ""penalized_change"": 0.6369924474856816, ""penalized_objective"": 17334.935028952466, ""phase"": ""lse"", ""solver_time"": 0.010708093643188477, ""status"": ""optimal"", ""tau"": 0.01}, {""iteration"": 3, ""max_slack"": 1.20568758476709e-07, ""objective"": 17334.935028966087, ""original_change"": 1.6661942936480045e-08, ""penalized_change"": 1.0196599760092795e-06, ""penalized_objective"": 17334.935029972126, ""phase"": ""lse"", ""solver_time"": 0.009274959564208984, ""status"": ""optimal"", ""tau"": 0.02}, {""converged"": true, ""phase"": ""lse"", ""summary"": true}, {""iteration"": 1, ""max_slack"": 9.452546121605231e-09, ""objective"": 17334.935028949614, ""original_change"": null, ""penalized_change"": null, ""penalized_objective"": 17334.935028975087, ""phase"": ""mellowmin"", ""solver_time"": 0.008633852005004883, ""status"": ""optimal"", ""tau"": 0.005}, {""iteration"": 2, ""max_slack"": 1.5313942771026618e-08, ""objective"": 17334.93502895075, ""original_change"": 1.1350493878126144e-09, ""penalized_change"": 5.47879608348012e-09, ""penalized_objective"": 17334.935028980566, ""phase"": ""mellowmin"", ""solver_time"": 0.007884025573730469, ""status"": ""optimal"", ""tau"": 0.01}, {""converged"": true, ""phase"": ""mellowmin"", ""summary"": true}]",
