scenario_id,scenario_path,ego_id,rule,repeat,rule_semantics,num_steps,smoothing,initialization,seed,solver_feasible,encoded_compliant,monitor_compliant,success,specification_time,decomposition_time,model_setup_time,solver_setup_time,solve_time,core_total_time,validation_time,qp_solver_time,gurobi_runtime,num_variables,num_binary_variables,num_constraints,num_equalities,num_inequalities,num_auxiliary_variables,num_disjunctive_constraints,num_predicate_occurrences,ccp_iterations,ccp_converged,max_final_slack,solver_status,objective,robustness,fixed_other_id,updated_tv,updated_other_id,updated_diagnostics,candidate_sd_at_tv,phase_history,error
DEU_LocationALower-34_37_T-1,scenarios/experiment_scenarios/highd/DEU_LocationALower-34_37_T-1.xml,9,R_G1,0,lin2025,20,lse_mellowmin,trajectory,20260922,True,True,True,True,0.011599788000239641,0.0013478239998221397,0.050150848999692244,0.050150848999692244,0.36380600099982985,0.4269044619995839,0.04033227600120881,0.03163504600524902,0.03163504600524902,237,0,579,160,419,19,18,330,6,True,5.453824546964101e-10,optimal,308218.4042860961,0.010000000000047748,8,inf,,,,"[{""iteration"": 1, ""max_slack"": 8.968439972477965, ""objective"": 308218.40831546206, ""original_change"": null, ""penalized_change"": null, ""penalized_objective"": 308219.37964531546, ""phase"": ""lse"", ""solver_time"": 0.005992889404296875, ""status"": ""optimal"", ""tau"": 0.005}, {""iteration"": 2, ""max_slack"": 0.8097918551158583, ""objective"": 308218.41057950363, ""original_change"": 0.0022640415700152516, ""penalized_change"": 0.6114050602191128, ""penalized_objective"": 308218.76824025525, ""phase"": ""lse"", ""solver_time"": 0.003098011016845703, ""status"": ""optimal"", ""tau"": 0.01}, {""iteration"": 3, ""max_slack"": 6.039858713964688e-10, ""objective"": 308218.4042860957, ""original_change"": 0.0062934079323895276, ""penalized_change"": 0.36395415785955265, ""penalized_objective"": 308218.4042860974, ""phase"": ""lse"", ""solver_time"": 0.003323078155517578, ""status"": ""optimal"", ""tau"": 0.02}, {""iteration"": 4, ""max_slack"": 2.0486895618116e-08, ""objective"": 308218.4042861061, ""original_change"": 1.0419171303510666e-08, ""penalized_change"": 1.7229467630386353e-07, ""penalized_objective"": 308218.4042862697, ""phase"": ""lse"", ""solver_time"": 0.0026578903198242188, ""status"": ""optimal"", ""tau"": 0.04}, {""converged"": true, ""phase"": ""lse"", ""summary"": true}, {""iteration"": 1, ""max_slack"": 7.665442553917776e-09, ""objective"": 308218.40428609576, ""original_change"": null, ""penalized_change"": null, ""penalized_objective"": 308218.4042861015, ""phase"": ""mellowmin"", ""solver_time"": 0.008128166198730469, ""status"": ""optimal"", ""tau"": 0.005}, {""iteration"": 2, ""max_slack"": 5.453824546964101e-10, ""objective"": 308218.40428609564, ""original_change"": 1.1641532182693481e-10, ""penalized_change"": 5.413312464952469e-09, ""penalized_objective"": 308218.4042860961, ""phase"": ""mellowmin"", ""solver_time"": 0.00843501091003418, ""status"": ""optimal"", ""tau"": 0.01}, {""converged"": true, ""phase"": ""mellowmin"", ""summary"": true}]",
DEU_LocationALower-11_131_T-1,scenarios/experiment_scenarios/highd/DEU_LocationALower-11_131_T-1.xml,18,R_G1,0,lin2025,21,lse_mellowmin,trajectory,20260922,True,True,True,True,0.0201850840003317,0.0027017560005333507,0.07233166100013477,0.07233166100013477,0.3854267329988943,0.4806452339998941,0.04764001399962581,0.03950786590576172,0.03950786590576172,253,0,631,168,463,22,21,378,6,True,4.088856652779738e-08,optimal,198783.06201396827,0.010000000003117293,16,inf,,,,"[{""iteration"": 1, ""max_slack"": 3.688129008916272, ""objective"": 198783.07385082147, ""original_change"": null, ""penalized_change"": null, ""penalized_objective"": 198784.14737646698, ""phase"": ""lse"", ""solver_time"": 0.005215883255004883, ""status"": ""optimal"", ""tau"": 0.005}, {""iteration"": 2, ""max_slack"": 1.5366277887430908, ""objective"": 198783.06318248904, ""original_change"": 0.010668332426575944, ""penalized_change"": 0.6236489826114848, ""penalized_objective"": 198783.52372748437, ""phase"": ""lse"", ""solver_time"": 0.005027055740356445, ""status"": ""optimal"", ""tau"": 0.01}, {""iteration"": 3, ""max_slack"": 4.474841776823787e-10, ""objective"": 198783.06201393565, ""original_change"": 0.0011685533972922713, ""penalized_change"": 0.46171354784746654, ""penalized_objective"": 198783.06201393652, ""phase"": ""lse"", ""solver_time"": 0.003799915313720703, ""status"": ""optimal"", ""tau"": 0.02}, {""iteration"": 4, ""max_slack"": 1.2324758893879052e-08, ""objective"": 198783.06201393835, ""original_change"": 2.7066562324762344e-09, ""penalized_change"": 6.03613443672657e-08, ""penalized_objective"": 198783.06201399688, ""phase"": ""lse"", ""solver_time"": 0.0034401416778564453, ""status"": ""optimal"", ""tau"": 0.04}, {""converged"": true, ""phase"": ""lse"", ""summary"": true}, {""iteration"": 1, ""max_slack"": 6.055235480294588e-07, ""objective"": 198783.062013953, ""original_change"": null, ""penalized_change"": null, ""penalized_objective"": 198783.0620143346, ""phase"": ""mellowmin"", ""solver_time"": 0.010773897171020508, ""status"": ""optimal"", ""tau"": 0.005}, {""iteration"": 2, ""max_slack"": 4.088856652779738e-08, ""objective"": 198783.0620139368, ""original_change"": 1.618172973394394e-08, ""penalized_change"": 3.6632991395890713e-07, ""penalized_objective"": 198783.06201396827, ""phase"": ""mellowmin"", ""solver_time"": 0.011250972747802734, ""status"": ""optimal"", ""tau"": 0.01}, {""converged"": true, ""phase"": ""mellowmin"", ""summary"": true}]",
DEU_LocationALower-11_4_T-1,scenarios/experiment_scenarios/highd/DEU_LocationALower-11_4_T-1.xml,18,R_G1,0,lin2025,21,lse_mellowmin,trajectory,20260922,True,True,True,True,0.007921954000266851,0.001441895999960252,0.05785159999868483,0.05785159999868483,0.4079996510008641,0.47521510099977604,0.04587777199958509,0.03476905822753906,0.03476905822753906,253,0,610,168,442,22,21,357,6,True,9.715253014533228e-10,optimal,106211.82380052336,0.010000000000160894,16,inf,,,,"[{""iteration"": 1, ""max_slack"": 9.66806900201622, ""objective"": 106211.83896260399, ""original_change"": null, ""penalized_change"": null, ""penalized_objective"": 106213.69285002974, ""phase"": ""lse"", ""solver_time"": 0.003564119338989258, ""status"": ""optimal"", ""tau"": 0.005}, {""iteration"": 2, ""max_slack"": 1.5195585767434223, ""objective"": 106211.82387032354, ""original_change"": 0.015092280445969664, ""penalized_change"": 1.6410458778700558, ""penalized_objective"": 106212.05180415187, ""phase"": ""lse"", ""solver_time"": 0.006043910980224609, ""status"": ""optimal"", ""tau"": 0.01}, {""iteration"": 3, ""max_slack"": 1.512289399810636e-08, ""objective"": 106211.82380052343, ""original_change"": 6.980010948609561e-05, ""penalized_change"": 0.2280035902513191, ""penalized_objective"": 106211.82380056161, ""phase"": ""lse"", ""solver_time"": 0.0027341842651367188, ""status"": ""optimal"", ""tau"": 0.02}, {""iteration"": 4, ""max_slack"": 7.914313255860805e-09, ""objective"": 106211.82380052349, ""original_change"": 5.820766091346741e-11, ""penalized_change"": 5.4569682106375694e-09, ""penalized_objective"": 106211.82380056707, ""phase"": ""lse"", ""solver_time"": 0.002959012985229492, ""status"": ""optimal"", ""tau"": 0.04}, {""converged"": true, ""phase"": ""lse"", ""summary"": true}, {""iteration"": 1, ""max_slack"": 8.857719467949274e-08, ""objective"": 106211.82380052525, ""original_change"": null, ""penalized_change"": null, ""penalized_objective"": 106211.82380055731, ""phase"": ""mellowmin"", ""solver_time"": 0.010161876678466797, ""status"": ""optimal"", ""tau"": 0.005}, {""iteration"": 2, ""max_slack"": 9.715253014533228e-10, ""objective"": 106211.82380052246, ""original_change"": 2.7939677238464355e-09, ""penalized_change"": 3.3949618227779865e-08, ""penalized_objective"": 106211.82380052336, ""phase"": ""mellowmin"", ""solver_time"": 0.009305953979492188, ""status"": ""optimal"", ""tau"": 0.01}, {""converged"": true, ""phase"": ""mellowmin"", ""summary"": true}]",
DEU_LocationALower-11_43_T-1,scenarios/experiment_scenarios/highd/DEU_LocationALower-11_43_T-1.xml,17,R_G1,0,lin2025,21,lse_mellowmin,trajectory,20260922,True,True,True,True,0.008505772999342298,0.0013558770006056875,0.05744994299857353,0.05744994299857353,0.5811320809989411,0.6484436739974626,0.04836997199890902,0.09816646575927734,0.09816646575927734,253,0,631,168,463,22,21,378,13,True,7.529067093639511e-10,optimal,100110.76228649355,0.010000000000161435,16,inf,,,,"[{""iteration"": 1, ""max_slack"": 1.4153021491966766, ""objective"": 100110.76256019223, ""original_change"": null, ""penalized_change"": null, ""penalized_objective"": 100111.29012297252, ""phase"": ""lse"", ""solver_time"": 0.004291057586669922, ""status"": ""optimal"", ""tau"": 0.005}, {""iteration"": 2, ""max_slack"": 1.4003386958020356, ""objective"": 100110.76234896466, ""original_change"": 0.00021122756879776716, ""penalized_change"": 0.10820952409994788, ""penalized_objective"": 100111.18191344842, ""phase"": ""lse"", ""solver_time"": 0.007636070251464844, ""status"": ""optimal"", ""tau"": 0.01}, {""iteration"": 3, ""max_slack"": 3.8902954634222078, ""objective"": 100325.48381299704, ""original_change"": 214.72146403238003, ""penalized_change"": 219.7841445766535, ""penalized_objective"": 100330.96605802508, ""phase"": ""lse"", ""solver_time"": 0.0038099288940429688, ""status"": ""optimal"", ""tau"": 0.02}, {""iteration"": 4, ""max_slack"": 5.906897790066878, ""objective"": 100111.19321605896, ""original_change"": 214.29059693808085, ""penalized_change"": 202.24206816726655, ""penalized_objective"": 100128.72398985781, ""phase"": ""lse"", ""solver_time"": 0.004251003265380859, ""status"": ""optimal"", ""tau"": 0.04}, {""iteration"": 5, ""max_slack"": 2.024834418738599e-09, ""objective"": 100110.76228649348, ""original_change"": 0.4309295654820744, ""penalized_change"": 17.961703351698816, ""penalized_objective"": 100110.76228650611, ""phase"": ""lse"", ""solver_time"": 0.017744064331054688, ""status"": ""optimal"", ""tau"": 0.08}, {""iteration"": 6, ""max_slack"": 3.4470625655510907, ""objective"": 100327.5687433998, ""original_change"": 216.80645690631354, ""penalized_change"": 256.9434585147246, ""penalized_objective"": 100367.70574502084, ""phase"": ""lse"", ""solver_time"": 0.011792182922363281, ""status"": ""optimal"", ""tau"": 0.16}, {""iteration"": 7, ""max_slack"": 4.189036645160747, ""objective"": 100137.40400432743, ""original_change"": 190.1647390723665, ""penalized_change"": 138.9320605853136, ""penalized_objective"": 100228.77368443552, ""phase"": ""lse"", ""solver_time"": 0.010020017623901367, ""status"": ""optimal"", ""tau"": 0.32}, {""iteration"": 8, ""max_slack"": 1.454490853368686e-10, ""objective"": 100110.7622864938, ""original_change"": 26.6417178336269, ""penalized_change"": 118.0113979284506, ""penalized_objective"": 100110.76228650707, ""phase"": ""lse"", ""solver_time"": 0.009016036987304688, ""status"": ""optimal"", ""tau"": 0.64}, {""iteration"": 9, ""max_slack"": 0.8914532273433312, ""objective"": 100455.07634870795, ""original_change"": 344.3140622141509, ""penalized_change"": 433.7797420907882, ""penalized_objective"": 100544.54202859786, ""phase"": ""lse"", ""solver_time"": 0.003490924835205078, ""status"": ""optimal"", ""tau"": 1.28}, {""iteration"": 10, ""max_slack"": 7.845628413729038e-11, ""objective"": 100110.76228649494, ""original_change"": 344.31406221301586, ""penalized_change"": 433.77974209032254, ""penalized_objective"": 100110.76228650754, ""phase"": ""lse"", ""solver_time"": 0.0024471282958984375, ""status"": ""optimal"", ""tau"": 2.56}, {""iteration"": 11, ""max_slack"": 1.7968163137211186e-10, ""objective"": 100110.762286586, ""original_change"": 9.106588549911976e-08, ""penalized_change"": 2.1875894162803888e-07, ""penalized_objective"": 100110.7622867263, ""phase"": ""lse"", ""solver_time"": 0.0055999755859375, ""status"": ""optimal"", ""tau"": 5.12}, {""converged"": true, ""phase"": ""lse"", ""summary"": true}, {""iteration"": 1, ""max_slack"": 4.861895038941596e-09, ""objective"": 100110.76228649257, ""original_change"": null, ""penalized_change"": null, ""penalized_objective"": 100110.76228649648, ""phase"": ""mellowmin"", ""solver_time"": 0.006396055221557617, ""status"": ""optimal"", ""tau"": 0.005}, {""iteration"": 2, ""max_slack"": 7.529067093639511e-10, ""objective"": 100110.76228649245, ""original_change"": 1.1641532182693481e-10, ""penalized_change"": 2.9249349609017372e-09, ""penalized_objective"": 100110.76228649355, ""phase"": ""mellowmin"", ""solver_time"": 0.011672019958496094, ""status"": ""optimal"", ""tau"": 0.01}, {""converged"": true, ""phase"": ""mellowmin"", ""summary"": true}]",
DEU_LocationALower-11_56_T-1,scenarios/experiment_scenarios/highd/DEU_LocationALower-11_56_T-1.xml,15,R_G1,0,lin2025,21,lse_mellowmin,trajectory,20260922,True,True,True,True,0.0064312270005757455,0.0013328589993761852,0.05342894700152101,0.05342894700152101,0.4088798640004825,0.4700728970019554,0.05247169500034943,0.047170400619506836,0.047170400619506836,253,0,631,168,463,22,21,378,6,True,1.1652194810529473e-08,optimal,116221.44943117331,0.01000000000066682,13,inf,,,,"[{""iteration"": 1, ""max_slack"": 11.465420924731404, ""objective"": 116221.45099805496, ""original_change"": null, ""penalized_change"": null, ""penalized_objective"": 116222.42373284104, ""phase"": ""lse"", ""solver_time"": 0.011912822723388672, ""status"": ""optimal"", ""tau"": 0.005}, {""iteration"": 2, ""max_slack"": 1.4821487150846755, ""objective"": 116221.45569951225, ""original_change"": 0.004701457291957922, ""penalized_change"": 0.5241014058992732, ""penalized_objective"": 116221.89963143514, ""phase"": ""lse"", ""solver_time"": 0.0036590099334716797, ""status"": ""optimal"", ""tau"": 0.01}, {""iteration"": 3, ""max_slack"": 1.3405864812228619e-09, ""objective"": 116221.44943115066, ""original_change"": 0.006268361597904004, ""penalized_change"": 0.45020028097496834, ""penalized_objective"": 116221.44943115416, ""phase"": ""lse"", ""solver_time"": 0.004051923751831055, ""status"": ""optimal"", ""tau"": 0.02}, {""iteration"": 4, ""max_slack"": 7.4238837110287314e-09, ""objective"": 116221.44943115173, ""original_change"": 1.076841726899147e-09, ""penalized_change"": 5.2677933126688004e-08, ""penalized_objective"": 116221.44943120684, ""phase"": ""lse"", ""solver_time"": 0.0035958290100097656, ""status"": ""optimal"", ""tau"": 0.04}, {""converged"": true, ""phase"": ""lse"", ""summary"": true}, {""iteration"": 1, ""max_slack"": 2.0016108905961248e-09, ""objective"": 116221.44943114989, ""original_change"": null, ""penalized_change"": null, ""penalized_objective"": 116221.44943115114, ""phase"": ""mellowmin"", ""solver_time"": 0.012064933776855469, ""status"": ""optimal"", ""tau"": 0.005}, {""iteration"": 2, ""max_slack"": 1.1652194810529473e-08, ""objective"": 116221.44943115136, ""original_change"": 1.469743438065052e-09, ""penalized_change"": 2.2177118808031082e-08, ""penalized_objective"": 116221.44943117331, ""phase"": ""mellowmin"", ""solver_time"": 0.011885881423950195, ""status"": ""optimal"", ""tau"": 0.01}, {""converged"": true, ""phase"": ""mellowmin"", ""summary"": true}]",
DEU_LocationALower-11_64_T-1,scenarios/experiment_scenarios/highd/DEU_LocationALower-11_64_T-1.xml,18,R_G1,0,lin2025,21,lse_mellowmin,trajectory,20260922,True,True,True,True,0.007986332000655239,0.0014215379997040145,0.056567837000329746,0.056567837000329746,0.40951418000076956,0.47548988700145856,0.053100073000678094,0.03493309020996094,0.03493309020996094,253,0,631,168,463,22,21,378,4,True,6.470211761017918e-09,optimal,81080.27640160717,0.010000000000474074,17,inf,,,,"[{""iteration"": 1, ""max_slack"": 5.448353982352754e-08, ""objective"": 81080.27640160196, ""original_change"": null, ""penalized_change"": null, ""penalized_objective"": 81080.27640164003, ""phase"": ""lse"", ""solver_time"": 0.01065206527709961, ""status"": ""optimal"", ""tau"": 0.005}, {""iteration"": 2, ""max_slack"": 1.5830900238295553e-09, ""objective"": 81080.27640160058, ""original_change"": 1.382431946694851e-09, ""penalized_change"": 3.6350684240460396e-08, ""penalized_objective"": 81080.27640160368, ""phase"": ""lse"", ""solver_time"": 0.0030851364135742188, ""status"": ""optimal"", ""tau"": 0.01}, {""converged"": true, ""phase"": ""lse"", ""summary"": true}, {""iteration"": 1, ""max_slack"": 5.356529234491911e-09, ""objective"": 81080.2764016006, ""original_change"": null, ""penalized_change"": null, ""penalized_objective"": 81080.27640160704, ""phase"": ""mellowmin"", ""solver_time"": 0.010586977005004883, ""status"": ""optimal"", ""tau"": 0.005}, {""iteration"": 2, ""max_slack"": 6.470211761017918e-09, ""objective"": 81080.27640160074, ""original_change"": 1.4551915228366852e-10, ""penalized_change"": 1.3096723705530167e-10, ""penalized_objective"": 81080.27640160717, ""phase"": ""mellowmin"", ""solver_time"": 0.010608911514282227, ""status"": ""optimal"", ""tau"": 0.01}, {""converged"": true, ""phase"": ""mellowmin"", ""summary"": true}]",
DEU_LocationALower-12_109_T-1,scenarios/experiment_scenarios/highd/DEU_LocationALower-12_109_T-1.xml,20,R_G1,0,lin2025,21,lse_mellowmin,trajectory,20260922,True,True,True,True,0.009718346998852212,0.0014625990006607026,0.057876697999745375,0.057876697999745375,0.4149013249989366,0.4839589689981949,0.06482755899924086,0.03822731971740723,0.03822731971740723,253,0,631,168,463,22,21,378,4,True,8.892494807895912e-10,optimal,117069.58128668893,0.010000000000275122,19,inf,,,,"[{""iteration"": 1, ""max_slack"": 1.3021740183947821e-08, ""objective"": 117069.58128668701, ""original_change"": null, ""penalized_change"": null, ""penalized_objective"": 117069.58128669839, ""phase"": ""lse"", ""solver_time"": 0.011465072631835938, ""status"": ""optimal"", ""tau"": 0.005}, {""iteration"": 2, ""max_slack"": 3.6937905308848736e-09, ""objective"": 117069.58128668697, ""original_change"": 4.3655745685100555e-11, ""penalized_change"": 4.525645636022091e-09, ""penalized_objective"": 117069.58128669386, ""phase"": ""lse"", ""solver_time"": 0.003612041473388672, ""status"": ""optimal"", ""tau"": 0.01}, {""converged"": true, ""phase"": ""lse"", ""summary"": true}, {""iteration"": 1, ""max_slack"": 1.302580577189523e-08, ""objective"": 117069.58128668704, ""original_change"": null, ""penalized_change"": null, ""penalized_objective"": 117069.58128669842, ""phase"": ""mellowmin"", ""solver_time"": 0.011196136474609375, ""status"": ""optimal"", ""tau"": 0.005}, {""iteration"": 2, ""max_slack"": 8.892494807895912e-10, ""objective"": 117069.58128668692, ""original_change"": 1.1641532182693481e-10, ""penalized_change"": 9.487848728895187e-09, ""penalized_objective"": 117069.58128668893, ""phase"": ""mellowmin"", ""solver_time"": 0.011954069137573242, ""status"": ""optimal"", ""tau"": 0.01}, {""converged"": true, ""phase"": ""mellowmin"", ""summary"": true}]",
DEU_LocationALower-12_217_T-1,scenarios/experiment_scenarios/highd/DEU_LocationALower-12_217_T-1.xml,14,R_G1,0,lin2025,21,lse_mellowmin,trajectory,20260922,True,True,True,True,0.008256570999947144,0.0016574690016568638,0.056483055001081084,0.056483055001081084,0.42539927500001795,0.49179637000270304,0.053025784000055864,0.04506874084472656,0.04506874084472656,253,0,631,168,463,22,21,378,6,True,1.4247417318141511e-08,optimal,101380.8013723609,0.010000000000957191,11,inf,,,,"[{""iteration"": 1, ""max_slack"": 5.681171309150434, ""objective"": 101380.80181646033, ""original_change"": null, ""penalized_change"": null, ""penalized_objective"": 101381.22790450377, ""phase"": ""lse"", ""solver_time"": 0.011721134185791016, ""status"": ""optimal"", ""tau"": 0.005}, {""iteration"": 2, ""max_slack"": 1.7140965184491463, ""objective"": 101380.80297582061, ""original_change"": 0.0011593602830544114, ""penalized_change"": 0.16781414470460732, ""penalized_objective"": 101381.06009035907, ""phase"": ""lse"", ""solver_time"": 0.0034329891204833984, ""status"": ""optimal"", ""tau"": 0.01}, {""iteration"": 3, ""max_slack"": 9.060013038525756e-09, ""objective"": 101380.8013723388, ""original_change"": 0.0016034818108892068, ""penalized_change"": 0.2587179964175448, ""penalized_objective"": 101380.80137236265, ""phase"": ""lse"", ""solver_time"": 0.0035669803619384766, ""status"": ""optimal"", ""tau"": 0.02}, {""iteration"": 4, ""max_slack"": 6.5847578609699755e-12, ""objective"": 101380.80137233833, ""original_change"": 4.656612873077393e-10, ""penalized_change"": 2.427259460091591e-08, ""penalized_objective"": 101380.80137233838, ""phase"": ""lse"", ""solver_time"": 0.0033037662506103516, ""status"": ""optimal"", ""tau"": 0.04}, {""converged"": true, ""phase"": ""lse"", ""summary"": true}, {""iteration"": 1, ""max_slack"": 5.347106507694359e-10, ""objective"": 101380.80137233833, ""original_change"": null, ""penalized_change"": null, ""penalized_objective"": 101380.80137233858, ""phase"": ""mellowmin"", ""solver_time"": 0.011199951171875, ""status"": ""optimal"", ""tau"": 0.005}, {""iteration"": 2, ""max_slack"": 1.4247417318141511e-08, ""objective"": 101380.80137233864, ""original_change"": 3.055902197957039e-10, ""penalized_change"": 2.232263796031475e-08, ""penalized_objective"": 101380.8013723609, ""phase"": ""mellowmin"", ""solver_time"": 0.01184391975402832, ""status"": ""optimal"", ""tau"": 0.01}, {""converged"": true, ""phase"": ""mellowmin"", ""summary"": true}]",
DEU_LocationALower-12_52_T-1,scenarios/experiment_scenarios/highd/DEU_LocationALower-12_52_T-1.xml,26,R_G1,0,lin2025,21,lse_mellowmin,trajectory,20260922,True,True,True,True,0.010615519999191747,0.0013150080012565013,0.05235156099843152,0.05235156099843152,0.4012365670005238,0.46551865599940356,0.06524755000100413,0.03961992263793945,0.03961992263793945,253,0,610,168,442,22,21,357,8,True,3.427980366134674e-08,optimal,34326.63944446251,0.010000000049566034,23,inf,,,,"[{""iteration"": 1, ""max_slack"": 5.830798340893369, ""objective"": 34560.80509324369, ""original_change"": null, ""penalized_change"": null, ""penalized_objective"": 34564.88450054377, ""phase"": ""lse"", ""solver_time"": 0.0034401416778564453, ""status"": ""optimal"", ""tau"": 0.005}, {""iteration"": 2, ""max_slack"": 1.7191804501463774, ""objective"": 34326.63961542472, ""original_change"": 234.16547781896952, ""penalized_change"": 237.98700804886903, ""penalized_objective"": 34326.8974924949, ""phase"": ""lse"", ""solver_time"": 0.0056209564208984375, ""status"": ""optimal"", ""tau"": 0.01}, {""iteration"": 3, ""max_slack"": 2.3479636270509394e-08, ""objective"": 34326.63944440066, ""original_change"": 0.00017102406127378345, ""penalized_change"": 0.25804802068159916, ""penalized_objective"": 34326.63944447422, ""phase"": ""lse"", ""solver_time"": 0.003175020217895508, ""status"": ""optimal"", ""tau"": 0.02}, {""iteration"": 4, ""max_slack"": 1.0377054270778576, ""objective"": 34326.64270375133, ""original_change"": 0.0032593506693956442, ""penalized_change"": 1.5510190476852586, ""penalized_objective"": 34328.1904635219, ""phase"": ""lse"", ""solver_time"": 0.004052877426147461, ""status"": ""optimal"", ""tau"": 0.04}, {""iteration"": 5, ""max_slack"": 1.477946936231896e-10, ""objective"": 34326.63944561933, ""original_change"": 0.003258131997426972, ""penalized_change"": 1.5510179022385273, ""penalized_objective"": 34326.639445619665, ""phase"": ""lse"", ""solver_time"": 0.00427699089050293, ""status"": ""optimal"", ""tau"": 0.08}, {""iteration"": 6, ""max_slack"": 5.870412667717764e-11, ""objective"": 34326.639444396016, ""original_change"": 1.2233140296302736e-06, ""penalized_change"": 1.2218297342769802e-06, ""penalized_objective"": 34326.639444397835, ""phase"": ""lse"", ""solver_time"": 0.002768993377685547, ""status"": ""optimal"", ""tau"": 0.16}, {""converged"": true, ""phase"": ""lse"", ""summary"": true}, {""iteration"": 1, ""max_slack"": 1.4416651608370836e-07, ""objective"": 34326.639444404165, ""original_change"": null, ""penalized_change"": null, ""penalized_objective"": 34326.63944450288, ""phase"": ""mellowmin"", ""solver_time"": 0.008781909942626953, ""status"": ""optimal"", ""tau"": 0.005}, {""iteration"": 2, ""max_slack"": 3.427980366134674e-08, ""objective"": 34326.63944440533, ""original_change"": 1.1641532182693481e-09, ""penalized_change"": 4.036701284348965e-08, ""penalized_objective"": 34326.63944446251, ""phase"": ""mellowmin"", ""solver_time"": 0.007503032684326172, ""status"": ""optimal"", ""tau"": 0.01}, {""converged"": true, ""phase"": ""mellowmin"", ""summary"": true}]",
DEU_LocationALower-13_162_T-1,scenarios/experiment_scenarios/highd/DEU_LocationALower-13_162_T-1.xml,21,R_G1,0,lin2025,21,lse_mellowmin,trajectory,20260922,True,True,True,True,0.008854339999743388,0.001528298000266659,0.05550419000064721,0.05550419000064721,0.3911260870008846,0.45701291500154184,0.06090962800044508,0.03370308876037598,0.03370308876037598,253,0,610,168,442,22,21,357,4,True,3.372785905960289e-09,optimal,36170.54633734938,0.010000000001563144,19,inf,,,,"[{""iteration"": 1, ""max_slack"": 7.161660276175045e-09, ""objective"": 36170.5463373459, ""original_change"": null, ""penalized_change"": null, ""penalized_objective"": 36170.54633735001, ""phase"": ""lse"", ""solver_time"": 0.010069131851196289, ""status"": ""optimal"", ""tau"": 0.005}, {""iteration"": 2, ""max_slack"": 1.041267089596556e-09, ""objective"": 36170.54633734556, ""original_change"": 3.41970007866621e-10, ""penalized_change"": 3.572495188564062e-09, ""penalized_objective"": 36170.54633734644, ""phase"": ""lse"", ""solver_time"": 0.003013134002685547, ""status"": ""optimal"", ""tau"": 0.01}, {""converged"": true, ""phase"": ""lse"", ""summary"": true}, {""iteration"": 1, ""max_slack"": 9.073155453504588e-09, ""objective"": 36170.54633734585, ""original_change"": null, ""penalized_change"": null, ""penalized_objective"": 36170.5463373511, ""phase"": ""mellowmin"", ""solver_time"": 0.010488033294677734, ""status"": ""optimal"", ""tau"": 0.005}, {""iteration"": 2, ""max_slack"": 3.372785905960289e-09, ""objective"": 36170.546337345775, ""original_change"": 7.275957614183426e-11, ""penalized_change"": 1.724401954561472e-09, ""penalized_objective"": 36170.54633734938, ""phase"": ""mellowmin"", ""solver_time"": 0.010132789611816406, ""status"": ""optimal"", ""tau"": 0.01}, {""converged"": true, ""phase"": ""mellowmin"", ""summary"": true}]",
DEU_LocationALower-13_167_T-1,scenarios/experiment_scenarios/highd/DEU_LocationALower-13_167_T-1.xml,17,R_G1,0,lin2025,21,lse_mellowmin,trajectory,20260922,True,True,True,True,0.008198499999707565,0.0024020829987421166,0.05843679300051008,0.05843679300051008,0.45518823099882866,0.5242256069977884,0.06090568899890059,0.04662823677062988,0.04662823677062988,253,0,629,168,461,22,21,376,6,True,7.393898467593547e-10,optimal,79604.51960693776,0.010000000000673026,16,inf,,,,"[{""iteration"": 1, ""max_slack"": 2.2437768735698813, ""objective"": 79604.53277395802, ""original_change"": null, ""penalized_change"": null, ""penalized_objective"": 79605.99049870661, ""phase"": ""lse"", ""solver_time"": 0.006342172622680664, ""status"": ""optimal"", ""tau"": 0.005}, {""iteration"": 2, ""max_slack"": 1.455933886318757, ""objective"": 79604.51985278304, ""original_change"": 0.012921174988150597, ""penalized_change"": 1.252255840561702, ""penalized_objective"": 79604.73824286605, ""phase"": ""lse"", ""solver_time"": 0.006247997283935547, ""status"": ""optimal"", ""tau"": 0.01}, {""iteration"": 3, ""max_slack"": 2.43830915746514e-10, ""objective"": 79604.51960601557, ""original_change"": 0.00024676746397744864, ""penalized_change"": 0.21863684893469326, ""penalized_objective"": 79604.51960601711, ""phase"": ""lse"", ""solver_time"": 0.0039520263671875, ""status"": ""optimal"", ""tau"": 0.02}, {""iteration"": 4, ""max_slack"": 4.943832108186306e-13, ""objective"": 79604.51960538776, ""original_change"": 6.278132786974311e-07, ""penalized_change"": 6.293412297964096e-07, ""penalized_objective"": 79604.51960538777, ""phase"": ""lse"", ""solver_time"": 0.004220008850097656, ""status"": ""optimal"", ""tau"": 0.04}, {""converged"": true, ""phase"": ""lse"", ""summary"": true}, {""iteration"": 1, ""max_slack"": 6.054343650313472e-10, ""objective"": 79604.51960548795, ""original_change"": null, ""penalized_change"": null, ""penalized_objective"": 79604.5196054885, ""phase"": ""mellowmin"", ""solver_time"": 0.013808965682983398, ""status"": ""optimal"", ""tau"": 0.005}, {""iteration"": 2, ""max_slack"": 7.393898467593547e-10, ""objective"": 79604.51960693543, ""original_change"": 1.4474790077656507e-06, ""penalized_change"": 1.4492543414235115e-06, ""penalized_objective"": 79604.51960693776, ""phase"": ""mellowmin"", ""solver_time"": 0.012057065963745117, ""status"": ""optimal"", ""tau"": 0.01}, {""converged"": true, ""phase"": ""mellowmin"", ""summary"": true}]",
DEU_LocationALower-13_214_T-1,scenarios/experiment_scenarios/highd/DEU_LocationALower-13_214_T-1.xml,21,R_G1,0,lin2025,21,lse_mellowmin,trajectory,20260922,True,True,True,True,0.00871117299902835,0.0015452689985977486,0.062142733000655426,0.062142733000655426,0.3135259970003972,0.3859251719986787,0.07331578299999819,0.04274582862854004,0.04274582862854004,253,0,631,168,463,22,21,378,5,True,3.3811567340545073e-09,optimal,86415.39080033939,0.010000000000445652,18,inf,,,,"[{""iteration"": 1, ""max_slack"": 2.0442999296883813e-06, ""objective"": 86424.58901808734, ""original_change"": null, ""penalized_change"": null, ""penalized_objective"": 86424.58901833148, ""phase"": ""lse"", ""solver_time"": 0.012340068817138672, ""status"": ""optimal"", ""tau"": 0.005}, {""iteration"": 2, ""max_slack"": 3.654501835723329e-07, ""objective"": 86415.39080035179, ""original_change"": 9.198217735553044, ""penalized_change"": 9.198217547571403, ""penalized_objective"": 86415.3908007839, ""phase"": ""lse"", ""solver_time"": 0.003409862518310547, ""status"": ""optimal"", ""tau"": 0.01}, {""iteration"": 3, ""max_slack"": 2.679390610590879e-10, ""objective"": 86415.39080033376, ""original_change"": 1.802982296794653e-08, ""penalized_change"": 4.4977059587836266e-07, ""penalized_objective"": 86415.39080033413, ""phase"": ""lse"", ""solver_time"": 0.0041370391845703125, ""status"": ""optimal"", ""tau"": 0.02}, {""converged"": true, ""phase"": ""lse"", ""summary"": true}, {""iteration"": 1, ""max_slack"": 3.071777099734769e-09, ""objective"": 86415.39080033389, ""original_change"": null, ""penalized_change"": null, ""penalized_objective"": 86415.39080033604, ""phase"": ""mellowmin"", ""solver_time"": 0.0107269287109375, ""status"": ""optimal"", ""tau"": 0.005}, {""iteration"": 2, ""max_slack"": 3.3811567340545073e-09, ""objective"": 86415.39080033387, ""original_change"": 1.4551915228366852e-11, ""penalized_change"": 3.346940502524376e-09, ""penalized_objective"": 86415.39080033939, ""phase"": ""mellowmin"", ""solver_time"": 0.012131929397583008, ""status"": ""optimal"", ""tau"": 0.01}, {""converged"": true, ""phase"": ""mellowmin"", ""summary"": true}]",
DEU_LocationALower-13_239_T-1,scenarios/experiment_scenarios/highd/DEU_LocationALower-13_239_T-1.xml,18,R_G1,0,lin2025,21,lse_mellowmin,trajectory,20260922,True,True,True,True,0.006968615000005229,0.0013108200000715442,0.0561461480010621,0.0561461480010621,0.29483849099960935,0.3592640740007482,0.06526940100047796,0.03642129898071289,0.03642129898071289,253,0,610,168,442,22,21,357,6,True,3.1516091655597216e-08,optimal,57784.462397519856,0.010000000006372401,17,inf,,,,"[{""iteration"": 1, ""max_slack"": 1.878077982631382, ""objective"": 57784.46396565041, ""original_change"": null, ""penalized_change"": null, ""penalized_objective"": 57784.74552622481, ""phase"": ""lse"", ""solver_time"": 0.0074770450592041016, ""status"": ""optimal"", ""tau"": 0.005}, {""iteration"": 2, ""max_slack"": 1.7622476583501254, ""objective"": 57784.46255617013, ""original_change"": 0.0014094802754698321, ""penalized_change"": 0.018632899067597464, ""penalized_objective"": 57784.726893325744, ""phase"": ""lse"", ""solver_time"": 0.0029480457305908203, ""status"": ""optimal"", ""tau"": 0.01}, {""iteration"": 3, ""max_slack"": 3.3214389678855777e-10, ""objective"": 57784.462397464195, ""original_change"": 0.00015870593779254705, ""penalized_change"": 0.264495861280011, ""penalized_objective"": 57784.462397464464, ""phase"": ""lse"", ""solver_time"": 0.0029151439666748047, ""status"": ""optimal"", ""tau"": 0.02}, {""iteration"": 4, ""max_slack"": 1.3930567108246587e-10, ""objective"": 57784.46239746414, ""original_change"": 5.093170329928398e-11, ""penalized_change"": 6.184563972055912e-10, ""penalized_objective"": 57784.46239746508, ""phase"": ""lse"", ""solver_time"": 0.003186941146850586, ""status"": ""optimal"", ""tau"": 0.04}, {""converged"": true, ""phase"": ""lse"", ""summary"": true}, {""iteration"": 1, ""max_slack"": 2.224580984103174e-09, ""objective"": 57784.46239746415, ""original_change"": null, ""penalized_change"": null, ""penalized_objective"": 57784.46239746563, ""phase"": ""mellowmin"", ""solver_time"": 0.010258197784423828, ""status"": ""optimal"", ""tau"": 0.005}, {""iteration"": 2, ""max_slack"": 3.1516091655597216e-08, ""objective"": 57784.46239746711, ""original_change"": 2.9613147489726543e-09, ""penalized_change"": 5.422771209850907e-08, ""penalized_objective"": 57784.462397519856, ""phase"": ""mellowmin"", ""solver_time"": 0.00963592529296875, ""status"": ""optimal"", ""tau"": 0.01}, {""converged"": true, ""phase"": ""mellowmin"", ""summary"": true}]",
DEU_LocationALower-13_241_T-1,scenarios/experiment_scenarios/highd/DEU_LocationALower-13_241_T-1.xml,20,R_G1,0,lin2025,21,lse_mellowmin,trajectory,20260922,True,True,True,True,0.007488186000045971,0.001387661999615375,0.05329291300040495,0.05329291300040495,0.28721585600032995,0.34938461700039625,0.07411706499988213,0.04425764083862305,0.04425764083862305,253,0,610,168,442,22,21,357,6,True,1.0653860172963207e-10,optimal,70198.21553954876,0.010000000000114306,18,inf,,,,"[{""iteration"": 1, ""max_slack"": 3.7491301269419536e-11, ""objective"": 70198.21553921996, ""original_change"": null, ""penalized_change"": null, ""penalized_objective"": 70198.21553922002, ""phase"": ""lse"", ""solver_time"": 0.011594057083129883, ""status"": ""optimal"", ""tau"": 0.005}, {""iteration"": 2, ""max_slack"": 1.1415843424662841e-10, ""objective"": 70215.91682446949, ""original_change"": 17.701285249524517, ""penalized_change"": 17.701285249815555, ""penalized_objective"": 70215.91682446984, ""phase"": ""lse"", ""solver_time"": 0.003323793411254883, ""status"": ""optimal"", ""tau"": 0.01}, {""iteration"": 3, ""max_slack"": 1.52765634221282e-10, ""objective"": 70198.21554003446, ""original_change"": 17.701284435024718, ""penalized_change"": 17.701284434413537, ""penalized_objective"": 70198.21554003542, ""phase"": ""lse"", ""solver_time"": 0.003223896026611328, ""status"": ""optimal"", ""tau"": 0.02}, {""iteration"": 4, ""max_slack"": 1.4689533770933454e-12, ""objective"": 70198.21553918521, ""original_change"": 8.492497727274895e-07, ""penalized_change"": 8.501956472173333e-07, ""penalized_objective"": 70198.21553918523, ""phase"": ""lse"", ""solver_time"": 0.003493070602416992, ""status"": ""optimal"", ""tau"": 0.04}, {""converged"": true, ""phase"": ""lse"", ""summary"": true}, {""iteration"": 1, ""max_slack"": 3.9092974022609006e-11, ""objective"": 70198.21553924998, ""original_change"": null, ""penalized_change"": null, ""penalized_objective"": 70198.21553925004, ""phase"": ""mellowmin"", ""solver_time"": 0.011386871337890625, ""status"": ""optimal"", ""tau"": 0.005}, {""iteration"": 2, ""max_slack"": 1.0653860172963207e-10, ""objective"": 70198.21553954842, ""original_change"": 2.984306775033474e-07, ""penalized_change"": 2.9872171580791473e-07, ""penalized_objective"": 70198.21553954876, ""phase"": ""mellowmin"", ""solver_time"": 0.011235952377319336, ""status"": ""optimal"", ""tau"": 0.01}, {""converged"": true, ""phase"": ""mellowmin"", ""summary"": true}]",
DEU_LocationALower-13_247_T-1,scenarios/experiment_scenarios/highd/DEU_LocationALower-13_247_T-1.xml,15,R_G1,0,lin2025,21,lse_mellowmin,trajectory,20260922,True,True,True,True,0.0063220609990821686,0.0013595849995908793,0.17092822799895657,0.17092822799895657,0.2629003139991255,0.4415101879967551,0.06943422999938775,0.023517131805419922,0.023517131805419922,253,0,610,168,442,22,21,357,5,True,5.987756221591947e-09,optimal,42225.3747031381,0.010000000004451271,12,inf,,,,"[{""iteration"": 1, ""max_slack"": 0.6798876057763344, ""objective"": 42227.799500174166, ""original_change"": null, ""penalized_change"": null, ""penalized_objective"": 42228.03174396789, ""phase"": ""lse"", ""solver_time"": 0.005639076232910156, ""status"": ""optimal"", ""tau"": 0.005}, {""iteration"": 2, ""max_slack"": 1.5820111907684448e-07, ""objective"": 42225.37470309648, ""original_change"": 2.4247970776850707, ""penalized_change"": 2.657040781334217, ""penalized_objective"": 42225.37470318656, ""phase"": ""lse"", ""solver_time"": 0.005158185958862305, ""status"": ""optimal"", ""tau"": 0.01}, {""iteration"": 3, ""max_slack"": 2.081613639200765e-09, ""objective"": 42225.374703092595, ""original_change"": 3.8853613659739494e-09, ""penalized_change"": 8.388451533392072e-08, ""penalized_objective"": 42225.37470310267, ""phase"": ""lse"", ""solver_time"": 0.002604961395263672, ""status"": ""optimal"", ""tau"": 0.02}, {""converged"": true, ""phase"": ""lse"", ""summary"": true}, {""iteration"": 1, ""max_slack"": 0.002475955840763228, ""objective"": 42225.3751471923, ""original_change"": null, ""penalized_change"": null, ""penalized_objective"": 42225.37533288918, ""phase"": ""mellowmin"", ""solver_time"": 0.005116939544677734, ""status"": ""optimal"", ""tau"": 0.005}, {""iteration"": 2, ""max_slack"": 5.987756221591947e-09, ""objective"": 42225.37470312471, ""original_change"": 0.0004440675911610015, ""penalized_change"": 0.0006297510844888166, ""penalized_objective"": 42225.3747031381, ""phase"": ""mellowmin"", ""solver_time"": 0.004997968673706055, ""status"": ""optimal"", ""tau"": 0.01}, {""converged"": true, ""phase"": ""mellowmin"", ""summary"": true}]",
DEU_LocationALower-13_29_T-1,scenarios/experiment_scenarios/highd/DEU_LocationALower-13_29_T-1.xml,18,R_G1,0,lin2025,21,lse_mellowmin,trajectory,20260922,True,True,True,True,0.008418514000368305,0.001363694000247051,0.056116753001333564,0.056116753001333564,0.3718818209999881,0.43778078200193704,0.07982379100030812,0.03890538215637207,0.03890538215637207,253,0,631,168,463,22,21,378,4,True,8.762820093935152e-09,optimal,96326.39272254611,0.01000000000107093,17,inf,,,,"[{""iteration"": 1, ""max_slack"": 8.668574640592965e-10, ""objective"": 96326.39272253473, ""original_change"": null, ""penalized_change"": null, ""penalized_objective"": 96326.39272253547, ""phase"": ""lse"", ""solver_time"": 0.011797189712524414, ""status"": ""optimal"", ""tau"": 0.005}, {""iteration"": 2, ""max_slack"": 3.021293790604485e-08, ""objective"": 96326.39272253594, ""original_change"": 1.2078089639544487e-09, ""penalized_change"": 4.834146238863468e-08, ""penalized_objective"": 96326.39272258381, ""phase"": ""lse"", ""solver_time"": 0.0034101009368896484, ""status"": ""optimal"", ""tau"": 0.01}, {""converged"": true, ""phase"": ""lse"", ""summary"": true}, {""iteration"": 1, ""max_slack"": 8.680319854348865e-10, ""objective"": 96326.39272253474, ""original_change"": null, ""penalized_change"": null, ""penalized_objective"": 96326.39272253549, ""phase"": ""mellowmin"", ""solver_time"": 0.012006044387817383, ""status"": ""optimal"", ""tau"": 0.005}, {""iteration"": 2, ""max_slack"": 8.762820093935152e-09, ""objective"": 96326.39272253498, ""original_change"": 2.3283064365386963e-10, ""penalized_change"": 1.0622898116707802e-08, ""penalized_objective"": 96326.39272254611, ""phase"": ""mellowmin"", ""solver_time"": 0.011692047119140625, ""status"": ""optimal"", ""tau"": 0.01}, {""converged"": true, ""phase"": ""mellowmin"", ""summary"": true}]",
DEU_LocationALower-13_56_T-1,scenarios/experiment_scenarios/highd/DEU_LocationALower-13_56_T-1.xml,10,R_G1,0,lin2025,21,lse_mellowmin,trajectory,20260922,True,True,True,True,0.01139852899905236,0.0015903339990472887,0.05572642100014491,0.05572642100014491,0.4678337749992352,0.5365490589974797,0.07798263299991959,0.038053035736083984,0.038053035736083984,253,0,631,168,463,22,21,378,4,True,7.768396737533733e-08,optimal,242649.36545420048,0.01000000000573209,7,inf,,,,"[{""iteration"": 1, ""max_slack"": 6.657616245591639e-08, ""objective"": 242649.3654541495, ""original_change"": null, ""penalized_change"": null, ""penalized_objective"": 242649.3654541735, ""phase"": ""lse"", ""solver_time"": 0.011622905731201172, ""status"": ""optimal"", ""tau"": 0.005}, {""iteration"": 2, ""max_slack"": 2.6696678692104134e-07, ""objective"": 242649.36545417405, ""original_change"": 2.4563632905483246e-08, ""penalized_change"": 4.4165062718093395e-07, ""penalized_objective"": 242649.36545461515, ""phase"": ""lse"", ""solver_time"": 0.003133058547973633, ""status"": ""optimal"", ""tau"": 0.01}, {""converged"": true, ""phase"": ""lse"", ""summary"": true}, {""iteration"": 1, ""max_slack"": 2.1759631971671452e-09, ""objective"": 242649.3654541473, ""original_change"": null, ""penalized_change"": null, ""penalized_objective"": 242649.36545414967, ""phase"": ""mellowmin"", ""solver_time"": 0.012156963348388672, ""status"": ""optimal"", ""tau"": 0.005}, {""iteration"": 2, ""max_slack"": 7.768396737533733e-08, ""objective"": 242649.36545415065, ""original_change"": 3.346940502524376e-09, ""penalized_change"": 5.0815287977457047e-08, ""penalized_objective"": 242649.36545420048, ""phase"": ""mellowmin"", ""solver_time"": 0.011140108108520508, ""status"": ""optimal"", ""tau"": 0.01}, {""converged"": true, ""phase"": ""mellowmin"", ""summary"": true}]",
DEU_LocationALower-11_110_T-1,scenarios/experiment_scenarios/highd/DEU_LocationALower-11_110_T-1.xml,16,R_G1,0,lin2025,21,lse_mellowmin,trajectory,20260922,True,True,True,True,0.011894626000866992,0.0014990990002843319,0.059866600000532344,0.059866600000532344,0.5111000830002013,0.5843604080018849,0.08213071400132321,0.039295196533203125,0.039295196533203125,253,0,631,168,463,22,21,378,4,True,2.5830678395844263e-09,optimal,231902.2656359786,0.010000000000218279,15,inf,,,,"[{""iteration"": 1, ""max_slack"": 1.733861184149654e-09, ""objective"": 231902.2656359737, ""original_change"": null, ""penalized_change"": null, ""penalized_objective"": 231902.26563597523, ""phase"": ""lse"", ""solver_time"": 0.012931108474731445, ""status"": ""optimal"", ""tau"": 0.005}, {""iteration"": 2, ""max_slack"": 1.0249739350652193e-09, ""objective"": 231902.26563597377, ""original_change"": 8.731149137020111e-11, ""penalized_change"": 1.1641532182693481e-10, ""penalized_objective"": 231902.2656359751, ""phase"": ""lse"", ""solver_time"": 0.0032930374145507812, ""status"": ""optimal"", ""tau"": 0.01}, {""converged"": true, ""phase"": ""lse"", ""summary"": true}, {""iteration"": 1, ""max_slack"": 2.3673077568276037e-09, ""objective"": 231902.26563597357, ""original_change"": null, ""penalized_change"": null, ""penalized_objective"": 231902.26563597584, ""phase"": ""mellowmin"", ""solver_time"": 0.011517047882080078, ""status"": ""optimal"", ""tau"": 0.005}, {""iteration"": 2, ""max_slack"": 2.5830678395844263e-09, ""objective"": 231902.26563597383, ""original_change"": 2.6193447411060333e-10, ""penalized_change"": 2.764863893389702e-09, ""penalized_objective"": 231902.2656359786, ""phase"": ""mellowmin"", ""solver_time"": 0.01155400276184082, ""status"": ""optimal"", ""tau"": 0.01}, {""converged"": true, ""phase"": ""mellowmin"", ""summary"": true}]",
DEU_LocationALower-14_161_T-1,scenarios/experiment_scenarios/highd/DEU_LocationALower-14_161_T-1.xml,21,R_G1,0,lin2025,21,lse_mellowmin,trajectory,20260922,True,True,True,True,0.005879206000827253,0.0013353790000110166,0.05639005900047778,0.05639005900047778,0.27767207699980645,0.3412767210011225,0.08179923799980315,0.03558182716369629,0.03558182716369629,253,0,610,168,442,22,21,357,4,True,1.363912331502873e-07,optimal,49777.36915014858,0.01000000003209166,19,inf,,,,"[{""iteration"": 1, ""max_slack"": 5.115908766167415e-09, ""objective"": 49777.369150000384, ""original_change"": null, ""penalized_change"": null, ""penalized_objective"": 49777.36915000391, ""phase"": ""lse"", ""solver_time"": 0.012012004852294922, ""status"": ""optimal"", ""tau"": 0.005}, {""iteration"": 2, ""max_slack"": 1.6514565379290312e-08, ""objective"": 49777.369150001214, ""original_change"": 8.294591680169106e-10, ""penalized_change"": 1.788430381566286e-08, ""penalized_objective"": 49777.3691500218, ""phase"": ""lse"", ""solver_time"": 0.002897024154663086, ""status"": ""optimal"", ""tau"": 0.01}, {""converged"": true, ""phase"": ""lse"", ""summary"": true}, {""iteration"": 1, ""max_slack"": 2.291942564271068e-09, ""objective"": 49777.36915000038, ""original_change"": null, ""penalized_change"": null, ""penalized_objective"": 49777.36915000142, ""phase"": ""mellowmin"", ""solver_time"": 0.010663986206054688, ""status"": ""optimal"", ""tau"": 0.005}, {""iteration"": 2, ""max_slack"": 1.363912331502873e-07, ""objective"": 49777.36915000705, ""original_change"": 6.6720531322062016e-09, ""penalized_change"": 1.4716351870447397e-07, ""penalized_objective"": 49777.36915014858, ""phase"": ""mellowmin"", ""solver_time"": 0.010008811950683594, ""status"": ""optimal"", ""tau"": 0.01}, {""converged"": true, ""phase"": ""mellowmin"", ""summary"": true}]",
DEU_LocationALower-14_219_T-1,scenarios/experiment_scenarios/highd/DEU_LocationALower-14_219_T-1.xml,12,R_G1,0,lin2025,21,lse_mellowmin,trajectory,20260922,True,True,True,True,0.007789708999553113,0.001969764000023133,0.05177918200024578,0.05177918200024578,0.28333170199948654,0.34487035699930857,0.08287375999861979,0.04040980339050293,0.04040980339050293,253,0,631,168,463,22,21,378,4,True,5.579375702779885e-10,optimal,171697.45415035644,0.010000000000047748,11,inf,,,,"[{""iteration"": 1, ""max_slack"": 5.159583300020287e-07, ""objective"": 171697.4541503707, ""original_change"": null, ""penalized_change"": null, ""penalized_objective"": 171697.45415065484, ""phase"": ""lse"", ""solver_time"": 0.011864900588989258, ""status"": ""optimal"", ""tau"": 0.005}, {""iteration"": 2, ""max_slack"": 2.357623862599172e-09, ""objective"": 171697.4541503559, ""original_change"": 1.4813849702477455e-08, ""penalized_change"": 2.951419446617365e-07, ""penalized_objective"": 171697.4541503597, ""phase"": ""lse"", ""solver_time"": 0.0035228729248046875, ""status"": ""optimal"", ""tau"": 0.01}, {""converged"": true, ""phase"": ""lse"", ""summary"": true}, {""iteration"": 1, ""max_slack"": 1.2335704990973276e-09, ""objective"": 171697.4541503558, ""original_change"": null, ""penalized_change"": null, ""penalized_objective"": 171697.4541503565, ""phase"": ""mellowmin"", ""solver_time"": 0.012444019317626953, ""status"": ""optimal"", ""tau"": 0.005}, {""iteration"": 2, ""max_slack"": 5.579375702779885e-10, ""objective"": 171697.4541503559, ""original_change"": 8.731149137020111e-11, ""penalized_change"": 5.820766091346741e-11, ""penalized_objective"": 171697.45415035644, ""phase"": ""mellowmin"", ""solver_time"": 0.012578010559082031, ""status"": ""optimal"", ""tau"": 0.01}, {""converged"": true, ""phase"": ""mellowmin"", ""summary"": true}]",
DEU_LocationALower-14_247_T-1,scenarios/experiment_scenarios/highd/DEU_LocationALower-14_247_T-1.xml,16,R_G1,0,lin2025,21,lse_mellowmin,trajectory,20260922,True,True,True,True,0.006791352998334332,0.0013233190002210904,0.1973497809995024,0.1973497809995024,0.26239136299955135,0.46785581599760917,0.08341204799944535,0.0376591682434082,0.0376591682434082,253,0,631,168,463,22,21,378,4,True,3.37404686226421e-09,optimal,113646.89904496548,0.010000000000445652,15,inf,,,,"[{""iteration"": 1, ""max_slack"": 5.523253790445129e-08, ""objective"": 113646.899044964, ""original_change"": null, ""penalized_change"": null, ""penalized_objective"": 113646.89904498827, ""phase"": ""lse"", ""solver_time"": 0.01174616813659668, ""status"": ""optimal"", ""tau"": 0.005}, {""iteration"": 2, ""max_slack"": 2.1235753188770077e-09, ""objective"": 113646.89904496231, ""original_change"": 1.6880221664905548e-09, ""penalized_change"": 2.274464350193739e-08, ""penalized_objective"": 113646.89904496552, ""phase"": ""lse"", ""solver_time"": 0.003242969512939453, ""status"": ""optimal"", ""tau"": 0.01}, {""converged"": true, ""phase"": ""lse"", ""summary"": true}, {""iteration"": 1, ""max_slack"": 1.4559726450916777e-08, ""objective"": 113646.8990449624, ""original_change"": null, ""penalized_change"": null, ""penalized_objective"": 113646.89904496832, ""phase"": ""mellowmin"", ""solver_time"": 0.011486053466796875, ""status"": ""optimal"", ""tau"": 0.005}, {""iteration"": 2, ""max_slack"": 3.37404686226421e-09, ""objective"": 113646.89904496232, ""original_change"": 7.275957614183426e-11, ""penalized_change"": 2.837623469531536e-09, ""penalized_objective"": 113646.89904496548, ""phase"": ""mellowmin"", ""solver_time"": 0.011183977127075195, ""status"": ""optimal"", ""tau"": 0.01}, {""converged"": true, ""phase"": ""mellowmin"", ""summary"": true}]",
DEU_LocationALower-14_252_T-1,scenarios/experiment_scenarios/highd/DEU_LocationALower-14_252_T-1.xml,12,R_G1,0,lin2025,21,lse_mellowmin,trajectory,20260922,True,True,True,True,0.006020004000674817,0.0014293849999376107,0.05723191600009159,0.05723191600009159,0.4996479930014175,0.5643292980021215,0.07957863599949633,0.03803730010986328,0.03803730010986328,253,0,631,168,463,22,21,378,4,True,5.1613402962382506e-09,optimal,187530.5568156169,0.010000000000445652,10,inf,,,,"[{""iteration"": 1, ""max_slack"": 6.7219842277057434e-09, ""objective"": 187530.55681560605, ""original_change"": null, ""penalized_change"": null, ""penalized_objective"": 187530.5568156133, ""phase"": ""lse"", ""solver_time"": 0.011533975601196289, ""status"": ""optimal"", ""tau"": 0.005}, {""iteration"": 2, ""max_slack"": 4.467906212389237e-09, ""objective"": 187530.5568156062, ""original_change"": 1.4551915228366852e-10, ""penalized_change"": 2.939486876130104e-09, ""penalized_objective"": 187530.55681561623, ""phase"": ""lse"", ""solver_time"": 0.003278017044067383, ""status"": ""optimal"", ""tau"": 0.01}, {""converged"": true, ""phase"": ""lse"", ""summary"": true}, {""iteration"": 1, ""max_slack"": 6.722791276941296e-09, ""objective"": 187530.55681560613, ""original_change"": null, ""penalized_change"": null, ""penalized_objective"": 187530.55681561338, ""phase"": ""mellowmin"", ""solver_time"": 0.011699199676513672, ""status"": ""optimal"", ""tau"": 0.005}, {""iteration"": 2, ""max_slack"": 5.1613402962382506e-09, ""objective"": 187530.55681560616, ""original_change"": 2.9103830456733704e-11, ""penalized_change"": 3.521563485264778e-09, ""penalized_objective"": 187530.5568156169, ""phase"": ""mellowmin"", ""solver_time"": 0.011526107788085938, ""status"": ""optimal"", ""tau"": 0.01}, {""converged"": true, ""phase"": ""mellowmin"", ""summary"": true}]",
DEU_LocationALower-14_255_T-1,scenarios/experiment_scenarios/highd/DEU_LocationALower-14_255_T-1.xml,11,R_G1,0,lin2025,21,lse_mellowmin,trajectory,20260922,True,True,True,True,0.008851480999510386,0.0013370990000112215,0.05276801900072314,0.05276801900072314,0.4670011489997705,0.5299577480000153,0.0974542219992145,0.052950382232666016,0.052950382232666016,253,0,622,168,454,22,21,369,11,True,8.454254446917531e-10,optimal,267696.69143368653,0.010000000000104592,9,inf,,,,"[{""iteration"": 1, ""max_slack"": 1.6215345955913532, ""objective"": 267751.4665328722, ""original_change"": null, ""penalized_change"": null, ""penalized_objective"": 267751.8743982534, ""phase"": ""lse"", ""solver_time"": 0.006669044494628906, ""status"": ""optimal"", ""tau"": 0.005}, {""iteration"": 2, ""max_slack"": 1.0801003711398729e-09, ""objective"": 267696.6914336854, ""original_change"": 54.775099186750595, ""penalized_change"": 55.182964566978626, ""penalized_objective"": 267696.6914336864, ""phase"": ""lse"", ""solver_time"": 0.004483938217163086, ""status"": ""optimal"", ""tau"": 0.01}, {""iteration"": 3, ""max_slack"": 1.3877593805532706, ""objective"": 267738.4468532421, ""original_change"": 41.75541955669178, ""penalized_change"": 43.008439677010756, ""penalized_objective"": 267739.6998733634, ""phase"": ""lse"", ""solver_time"": 0.003319978713989258, ""status"": ""optimal"", ""tau"": 0.02}, {""iteration"": 4, ""max_slack"": 1.4098074774865e-10, ""objective"": 267696.69143368537, ""original_change"": 41.755419556749985, ""penalized_change"": 43.00843967759283, ""penalized_objective"": 267696.69143368583, ""phase"": ""lse"", ""solver_time"": 0.0030181407928466797, ""status"": ""optimal"", ""tau"": 0.04}, {""iteration"": 5, ""max_slack"": 0.6179164695937674, ""objective"": 267808.71735589113, ""original_change"": 112.0259222057648, ""penalized_change"": 113.05251679866342, ""penalized_objective"": 267809.7439504845, ""phase"": ""lse"", ""solver_time"": 0.004547119140625, ""status"": ""optimal"", ""tau"": 0.08}, {""iteration"": 6, ""max_slack"": 3.3143916116684726e-10, ""objective"": 267696.69143368705, ""original_change"": 112.02592220407678, ""penalized_change"": 113.0525167932501, ""penalized_objective"": 267696.69143369125, ""phase"": ""lse"", ""solver_time"": 0.0034770965576171875, ""status"": ""optimal"", ""tau"": 0.16}, {""iteration"": 7, ""max_slack"": 1.5181604344022366, ""objective"": 267785.4277322256, ""original_change"": 88.73629853856983, ""penalized_change"": 121.58625378325814, ""penalized_objective"": 267818.2776874745, ""phase"": ""lse"", ""solver_time"": 0.003495931625366211, ""status"": ""optimal"", ""tau"": 0.32}, {""iteration"": 8, ""max_slack"": 2.173281440305212e-09, ""objective"": 267696.6914337304, ""original_change"": 88.73629849520512, ""penalized_change"": 121.58625365840271, ""penalized_objective"": 267696.6914338161, ""phase"": ""lse"", ""solver_time"": 0.0025730133056640625, ""status"": ""optimal"", ""tau"": 0.64}, {""iteration"": 9, ""max_slack"": 1.1507250038349796e-12, ""objective"": 267696.6914336854, ""original_change"": 4.4994521886110306e-08, ""penalized_change"": 1.3026874512434006e-07, ""penalized_objective"": 267696.69143368583, ""phase"": ""lse"", ""solver_time"": 0.005051136016845703, ""status"": ""optimal"", ""tau"": 1.28}, {""converged"": true, ""phase"": ""lse"", ""summary"": true}, {""iteration"": 1, ""max_slack"": 1.0793971446878289e-09, ""objective"": 267696.6914336855, ""original_change"": null, ""penalized_change"": null, ""penalized_objective"": 267696.69143368665, ""phase"": ""mellowmin"", ""solver_time"": 0.005703926086425781, ""status"": ""optimal"", ""tau"": 0.005}, {""iteration"": 2, ""max_slack"": 8.454254446917531e-10, ""objective"": 267696.69143368554, ""original_change"": 5.820766091346741e-11, ""penalized_change"": 1.1641532182693481e-10, ""penalized_objective"": 267696.69143368653, ""phase"": ""mellowmin"", ""solver_time"": 0.01061105728149414, ""status"": ""optimal"", ""tau"": 0.01}, {""converged"": true, ""phase"": ""mellowmin"", ""summary"": true}]",
DEU_LocationALower-14_39_T-1,scenarios/experiment_scenarios/highd/DEU_LocationALower-14_39_T-1.xml,15,R_G1,0,lin2025,21,lse_mellowmin,trajectory,20260922,True,True,True,True,0.010406043998955283,0.0016045430002122885,0.05793855000047188,0.05793855000047188,0.2931856269988202,0.3631347639984597,0.09296331299992744,0.04379010200500488,0.04379010200500488,253,0,631,168,463,22,21,378,6,True,9.446655453509286e-10,optimal,181889.1493739794,0.010000000000211761,11,inf,,,,"[{""iteration"": 1, ""max_slack"": 6.461031755911107, ""objective"": 181889.15426438258, ""original_change"": null, ""penalized_change"": null, ""penalized_objective"": 181889.886452481, ""phase"": ""lse"", ""solver_time"": 0.011275053024291992, ""status"": ""optimal"", ""tau"": 0.005}, {""iteration"": 2, ""max_slack"": 1.1344196672464144, ""objective"": 181889.15044227015, ""original_change"": 0.003822112426860258, ""penalized_change"": 0.5658472562208772, ""penalized_objective"": 181889.32060522478, ""phase"": ""lse"", ""solver_time"": 0.003777027130126953, ""status"": ""optimal"", ""tau"": 0.01}, {""iteration"": 3, ""max_slack"": 9.897676320888755e-08, ""objective"": 181889.1493739957, ""original_change"": 0.0010682744614314288, ""penalized_change"": 0.17123111558612436, ""penalized_objective"": 181889.1493741092, ""phase"": ""lse"", ""solver_time"": 0.0033130645751953125, ""status"": ""optimal"", ""tau"": 0.02}, {""iteration"": 4, ""max_slack"": 1.7173603843619492e-09, ""objective"": 181889.14937397838, ""original_change"": 1.7316779121756554e-08, ""penalized_change"": 1.2048985809087753e-07, ""penalized_objective"": 181889.1493739887, ""phase"": ""lse"", ""solver_time"": 0.003039121627807617, ""status"": ""optimal"", ""tau"": 0.04}, {""converged"": true, ""phase"": ""lse"", ""summary"": true}, {""iteration"": 1, ""max_slack"": 2.5521333127293168e-09, ""objective"": 181889.1493739778, ""original_change"": null, ""penalized_change"": null, ""penalized_objective"": 181889.14937397974, ""phase"": ""mellowmin"", ""solver_time"": 0.01137089729309082, ""status"": ""optimal"", ""tau"": 0.005}, {""iteration"": 2, ""max_slack"": 9.446655453509286e-10, ""objective"": 181889.1493739779, ""original_change"": 1.1641532182693481e-10, ""penalized_change"": 3.4924596548080444e-10, ""penalized_objective"": 181889.1493739794, ""phase"": ""mellowmin"", ""solver_time"": 0.011014938354492188, ""status"": ""optimal"", ""tau"": 0.01}, {""converged"": true, ""phase"": ""mellowmin"", ""summary"": true}]",
DEU_LocationALower-25_155_T-1,scenarios/experiment_scenarios/highd/DEU_LocationALower-25_155_T-1.xml,15,R_G1,0,lin2025,21,lse_mellowmin,trajectory,20260922,True,True,True,True,0.008177157998943585,0.0013780959998257458,0.05543481299901032,0.05543481299901032,0.2686555509990285,0.33364561799680814,0.08991184799924667,0.039559125900268555,0.039559125900268555,253,0,631,168,463,22,21,378,4,True,3.3959395272716865e-08,optimal,150176.7760454463,0.010000000002987994,14,inf,,,,"[{""iteration"": 1, ""max_slack"": 1.725210269405838e-07, ""objective"": 150176.77604543068, ""original_change"": null, ""penalized_change"": null, ""penalized_objective"": 150176.77604552408, ""phase"": ""lse"", ""solver_time"": 0.011434078216552734, ""status"": ""optimal"", ""tau"": 0.005}, {""iteration"": 2, ""max_slack"": 1.3239780688216838e-09, ""objective"": 150176.77604542326, ""original_change"": 7.4214767664670944e-09, ""penalized_change"": 9.94768925011158e-08, ""penalized_objective"": 150176.7760454246, ""phase"": ""lse"", ""solver_time"": 0.003718852996826172, ""status"": ""optimal"", ""tau"": 0.01}, {""converged"": true, ""phase"": ""lse"", ""summary"": true}, {""iteration"": 1, ""max_slack"": 1.1203620534361743e-09, ""objective"": 150176.77604542318, ""original_change"": null, ""penalized_change"": null, ""penalized_objective"": 150176.77604542385, ""phase"": ""mellowmin"", ""solver_time"": 0.012552022933959961, ""status"": ""optimal"", ""tau"": 0.005}, {""iteration"": 2, ""max_slack"": 3.3959395272716865e-08, ""objective"": 150176.77604542495, ""original_change"": 1.775333657860756e-09, ""penalized_change"": 2.246815711259842e-08, ""penalized_objective"": 150176.7760454463, ""phase"": ""mellowmin"", ""solver_time"": 0.011854171752929688, ""status"": ""optimal"", ""tau"": 0.01}, {""converged"": true, ""phase"": ""mellowmin"", ""summary"": true}]",
DEU_LocationALower-27_140_T-1,scenarios/experiment_scenarios/highd/DEU_LocationALower-27_140_T-1.xml,14,R_G1,0,lin2025,21,lse_mellowmin,trajectory,20260922,True,True,True,True,0.008712916998774745,0.0014491689998976653,0.058803694000744144,0.058803694000744144,0.47915408200060483,0.5481198620000214,0.09741506200043659,0.04206657409667969,0.04206657409667969,253,0,631,168,463,22,21,378,6,True,3.455362347921023e-09,optimal,182666.60050973267,0.010000000000275122,13,inf,,,,"[{""iteration"": 1, ""max_slack"": 1.6349955279308626, ""objective"": 182666.60357620302, ""original_change"": null, ""penalized_change"": null, ""penalized_objective"": 182666.92400310625, ""phase"": ""lse"", ""solver_time"": 0.008047103881835938, ""status"": ""optimal"", ""tau"": 0.005}, {""iteration"": 2, ""max_slack"": 1.4529093591489488, ""objective"": 182666.60228588665, ""original_change"": 0.0012903163733426481, ""penalized_change"": 0.10378080711234361, ""penalized_objective"": 182666.82022229914, ""phase"": ""lse"", ""solver_time"": 0.003899812698364258, ""status"": ""optimal"", ""tau"": 0.01}, {""iteration"": 3, ""max_slack"": 5.763179054380955e-10, ""objective"": 182666.60050972577, ""original_change"": 0.0017761608760338277, ""penalized_change"": 0.21971257240511477, ""penalized_objective"": 182666.60050972673, ""phase"": ""lse"", ""solver_time"": 0.0034689903259277344, ""status"": ""optimal"", ""tau"": 0.02}, {""iteration"": 4, ""max_slack"": 1.6946730963169316e-09, ""objective"": 182666.60050972598, ""original_change"": 2.0372681319713593e-10, ""penalized_change"": 1.1117663234472275e-08, ""penalized_objective"": 182666.60050973785, ""phase"": ""lse"", ""solver_time"": 0.0032978057861328125, ""status"": ""optimal"", ""tau"": 0.04}, {""converged"": true, ""phase"": ""lse"", ""summary"": true}, {""iteration"": 1, ""max_slack"": 1.043675606553988e-08, ""objective"": 182666.60050972598, ""original_change"": null, ""penalized_change"": null, ""penalized_objective"": 182666.60050973273, ""phase"": ""mellowmin"", ""solver_time"": 0.01181793212890625, ""status"": ""optimal"", ""tau"": 0.005}, {""iteration"": 2, ""max_slack"": 3.455362347921023e-09, ""objective"": 182666.6005097259, ""original_change"": 8.731149137020111e-11, ""penalized_change"": 5.820766091346741e-11, ""penalized_objective"": 182666.60050973267, ""phase"": ""mellowmin"", ""solver_time"": 0.011534929275512695, ""status"": ""optimal"", ""tau"": 0.01}, {""converged"": true, ""phase"": ""mellowmin"", ""summary"": true}]",
DEU_LocationALower-28_109_T-1,scenarios/experiment_scenarios/highd/DEU_LocationALower-28_109_T-1.xml,13,R_G1,0,lin2025,21,lse_mellowmin,trajectory,20260922,True,True,True,True,0.008292350999909104,0.0014662860012322199,0.05561718199896859,0.05561718199896859,0.42910703999950783,0.49448285899961775,0.10728981600004772,0.040639400482177734,0.040639400482177734,253,0,631,168,463,22,21,378,4,True,4.9712947178750405e-09,optimal,150652.15924527004,0.010000000000445652,12,inf,,,,"[{""iteration"": 1, ""max_slack"": 6.382225675276027e-08, ""objective"": 150652.1592452618, ""original_change"": null, ""penalized_change"": null, ""penalized_objective"": 150652.15924530398, ""phase"": ""lse"", ""solver_time"": 0.011506080627441406, ""status"": ""optimal"", ""tau"": 0.005}, {""iteration"": 2, ""max_slack"": 6.86855520180206e-10, ""objective"": 150652.1592452601, ""original_change"": 1.7171259969472885e-09, ""penalized_change"": 4.260800778865814e-08, ""penalized_objective"": 150652.15924526137, ""phase"": ""lse"", ""solver_time"": 0.0039501190185546875, ""status"": ""optimal"", ""tau"": 0.01}, {""converged"": true, ""phase"": ""lse"", ""summary"": true}, {""iteration"": 1, ""max_slack"": 3.916608850127346e-09, ""objective"": 150652.1592452601, ""original_change"": null, ""penalized_change"": null, ""penalized_objective"": 150652.1592452633, ""phase"": ""mellowmin"", ""solver_time"": 0.012446165084838867, ""status"": ""optimal"", ""tau"": 0.005}, {""iteration"": 2, ""max_slack"": 4.9712947178750405e-09, ""objective"": 150652.15924526023, ""original_change"": 1.4551915228366852e-10, ""penalized_change"": 6.752088665962219e-09, ""penalized_objective"": 150652.15924527004, ""phase"": ""mellowmin"", ""solver_time"": 0.012737035751342773, ""status"": ""optimal"", ""tau"": 0.01}, {""converged"": true, ""phase"": ""mellowmin"", ""summary"": true}]",
DEU_LocationALower-28_109_T-1,scenarios/experiment_scenarios/highd/DEU_LocationALower-28_109_T-1.xml,18,R_G1,0,lin2025,21,lse_mellowmin,trajectory,20260922,True,True,True,True,0.007485352000003331,0.0022046600006433437,0.05603032299950428,0.05603032299950428,0.28799699599949236,0.3537173309996433,0.10139688399976876,0.03910017013549805,0.03910017013549805,253,0,631,168,463,22,21,378,4,True,1.9652177204913843e-09,optimal,87486.44686410228,0.010000000000420216,16,inf,,,,"[{""iteration"": 1, ""max_slack"": 1.6366652070979785e-08, ""objective"": 87486.4468641002, ""original_change"": null, ""penalized_change"": null, ""penalized_objective"": 87486.44686410669, ""phase"": ""lse"", ""solver_time"": 0.012372016906738281, ""status"": ""optimal"", ""tau"": 0.005}, {""iteration"": 2, ""max_slack"": 3.080324034950071e-09, ""objective"": 87486.44686409982, ""original_change"": 3.7834979593753815e-10, ""penalized_change"": 3.768946044147015e-09, ""penalized_objective"": 87486.44686410292, ""phase"": ""lse"", ""solver_time"": 0.003690004348754883, ""status"": ""optimal"", ""tau"": 0.01}, {""converged"": true, ""phase"": ""lse"", ""summary"": true}, {""iteration"": 1, ""max_slack"": 1.6396226278049612e-08, ""objective"": 87486.4468641002, ""original_change"": null, ""penalized_change"": null, ""penalized_objective"": 87486.44686410669, ""phase"": ""mellowmin"", ""solver_time"": 0.011571168899536133, ""status"": ""optimal"", ""tau"": 0.005}, {""iteration"": 2, ""max_slack"": 1.9652177204913843e-09, ""objective"": 87486.44686409977, ""original_change"": 4.3655745685100555e-10, ""penalized_change"": 4.409230314195156e-09, ""penalized_objective"": 87486.44686410228, ""phase"": ""mellowmin"", ""solver_time"": 0.01146697998046875, ""status"": ""optimal"", ""tau"": 0.01}, {""converged"": true, ""phase"": ""mellowmin"", ""summary"": true}]",
DEU_LocationALower-28_228_T-1,scenarios/experiment_scenarios/highd/DEU_LocationALower-28_228_T-1.xml,11,R_G1,0,lin2025,21,lse_mellowmin,trajectory,20260922,True,True,True,True,0.006021711998982937,0.001440738000383135,0.2314166739997745,0.2314166739997745,0.29026044700003695,0.5291395709991775,0.0950297090003005,0.03844404220581055,0.03844404220581055,253,0,631,168,463,22,21,378,4,True,8.880836129977814e-10,optimal,129418.3243744755,0.010000000000161435,9,inf,,,,"[{""iteration"": 1, ""max_slack"": 5.028409426934237e-09, ""objective"": 129418.32437447405, ""original_change"": null, ""penalized_change"": null, ""penalized_objective"": 129418.32437447582, ""phase"": ""lse"", ""solver_time"": 0.011553049087524414, ""status"": ""optimal"", ""tau"": 0.005}, {""iteration"": 2, ""max_slack"": 1.2863886085269098e-08, ""objective"": 129418.32437447445, ""original_change"": 4.0745362639427185e-10, ""penalized_change"": 1.552689354866743e-08, ""penalized_objective"": 129418.32437449135, ""phase"": ""lse"", ""solver_time"": 0.003535032272338867, ""status"": ""optimal"", ""tau"": 0.01}, {""converged"": true, ""phase"": ""lse"", ""summary"": true}, {""iteration"": 1, ""max_slack"": 2.1712051680410478e-08, ""objective"": 129418.32437447431, ""original_change"": null, ""penalized_change"": null, ""penalized_objective"": 129418.32437448238, ""phase"": ""mellowmin"", ""solver_time"": 0.01164698600769043, ""status"": ""optimal"", ""tau"": 0.005}, {""iteration"": 2, ""max_slack"": 8.880836129977814e-10, ""objective"": 129418.32437447412, ""original_change"": 1.8917489796876907e-10, ""penalized_change"": 6.883055903017521e-09, ""penalized_objective"": 129418.3243744755, ""phase"": ""mellowmin"", ""solver_time"": 0.011708974838256836, ""status"": ""optimal"", ""tau"": 0.01}, {""converged"": true, ""phase"": ""mellowmin"", ""summary"": true}]",
DEU_LocationALower-28_252_T-1,scenarios/experiment_scenarios/highd/DEU_LocationALower-28_252_T-1.xml,12,R_G1,0,lin2025,21,lse_mellowmin,trajectory,20260922,True,True,True,True,0.00907481300055224,0.0013944790007371921,0.05495807500119554,0.05495807500119554,0.434082440999191,0.499509808001676,0.10026730899880931,0.03677773475646973,0.03677773475646973,253,0,631,168,463,22,21,378,4,True,2.860509746713193e-07,optimal,188877.24165445007,0.010000000037393875,10,inf,,,,"[{""iteration"": 1, ""max_slack"": 3.387818672822445e-07, ""objective"": 188877.2416542295, ""original_change"": null, ""penalized_change"": null, ""penalized_objective"": 188877.24165440624, ""phase"": ""lse"", ""solver_time"": 0.011205911636352539, ""status"": ""optimal"", ""tau"": 0.005}, {""iteration"": 2, ""max_slack"": 1.7336839992621966e-08, ""objective"": 188877.24165421826, ""original_change"": 1.123407855629921e-08, ""penalized_change"": 1.734006218612194e-07, ""penalized_objective"": 188877.24165423284, ""phase"": ""lse"", ""solver_time"": 0.003180980682373047, ""status"": ""optimal"", ""tau"": 0.01}, {""converged"": true, ""phase"": ""lse"", ""summary"": true}, {""iteration"": 1, ""max_slack"": 1.1833937196214725e-07, ""objective"": 188877.24165422216, ""original_change"": null, ""penalized_change"": null, ""penalized_objective"": 188877.24165427944, ""phase"": ""mellowmin"", ""solver_time"": 0.01144099235534668, ""status"": ""optimal"", ""tau"": 0.005}, {""iteration"": 2, ""max_slack"": 2.860509746713193e-07, ""objective"": 188877.24165423165, ""original_change"": 9.487848728895187e-09, ""penalized_change"": 1.706357579678297e-07, ""penalized_objective"": 188877.24165445007, ""phase"": ""mellowmin"", ""solver_time"": 0.010949850082397461, ""status"": ""optimal"", ""tau"": 0.01}, {""converged"": true, ""phase"": ""mellowmin"", ""summary"": true}]",
DEU_LocationALower-28_252_T-1,scenarios/experiment_scenarios/highd/DEU_LocationALower-28_252_T-1.xml,18,R_G1,0,lin2025,21,lse_mellowmin,trajectory,20260922,True,True,True,True,0.008058897999944747,0.002216846000010264,0.05612512799962133,0.05612512799962133,0.2701729949985747,0.33657386699815106,0.10132066299956932,0.0318760871887207,0.0318760871887207,253,0,610,168,442,22,21,357,4,True,5.582272053188015e-10,optimal,34636.45753859106,0.010000000000235253,17,inf,,,,"[{""iteration"": 1, ""max_slack"": 1.4632038273783284e-09, ""objective"": 34636.45753859056, ""original_change"": null, ""penalized_change"": null, ""penalized_objective"": 34636.45753859159, ""phase"": ""lse"", ""solver_time"": 0.009499073028564453, ""status"": ""optimal"", ""tau"": 0.005}, {""iteration"": 2, ""max_slack"": 8.25161783876138e-09, ""objective"": 34636.45753859081, ""original_change"": 2.473825588822365e-10, ""penalized_change"": 1.2143573258072138e-08, ""penalized_objective"": 34636.45753860373, ""phase"": ""lse"", ""solver_time"": 0.0027310848236083984, ""status"": ""optimal"", ""tau"": 0.01}, {""converged"": true, ""phase"": ""lse"", ""summary"": true}, {""iteration"": 1, ""max_slack"": 2.0918379630301728e-09, ""objective"": 34636.45753859052, ""original_change"": null, ""penalized_change"": null, ""penalized_objective"": 34636.457538592345, ""phase"": ""mellowmin"", ""solver_time"": 0.009681940078735352, ""status"": ""optimal"", ""tau"": 0.005}, {""iteration"": 2, ""max_slack"": 5.582272053188015e-10, ""objective"": 34636.45753859052, ""original_change"": 0.0, ""penalized_change"": 1.2878444977104664e-09, ""penalized_objective"": 34636.45753859106, ""phase"": ""mellowmin"", ""solver_time"": 0.0099639892578125, ""status"": ""optimal"", ""tau"": 0.01}, {""converged"": true, ""phase"": ""mellowmin"", ""summary"": true}]",
DEU_LocationALower-29_123_T-1,scenarios/experiment_scenarios/highd/DEU_LocationALower-29_123_T-1.xml,16,R_G1,0,lin2025,21,lse_mellowmin,trajectory,20260922,True,True,True,True,0.004328435999923386,0.0014539539988618344,0.2506878559997858,0.2506878559997858,0.2901397519999591,0.5466099979985302,0.10222575499938102,0.03672981262207031,0.03672981262207031,253,0,610,168,442,22,21,357,6,True,1.0553263029155221e-09,optimal,55294.2464191986,0.010000000000264818,14,inf,,,,"[{""iteration"": 1, ""max_slack"": 2.7907682075511318, ""objective"": 55294.251265851235, ""original_change"": null, ""penalized_change"": null, ""penalized_objective"": 55294.852486244425, ""phase"": ""lse"", ""solver_time"": 0.0061719417572021484, ""status"": ""optimal"", ""tau"": 0.005}, {""iteration"": 2, ""max_slack"": 1.7449612828348737, ""objective"": 55294.25175199959, ""original_change"": 0.00048614835395710543, ""penalized_change"": 0.0775639862549724, ""penalized_objective"": 55294.77492225817, ""phase"": ""lse"", ""solver_time"": 0.0034949779510498047, ""status"": ""optimal"", ""tau"": 0.01}, {""iteration"": 3, ""max_slack"": 2.46657719712105e-10, ""objective"": 55294.2464191975, ""original_change"": 0.005332802087650634, ""penalized_change"": 0.5285030600934988, ""penalized_objective"": 55294.246419198076, ""phase"": ""lse"", ""solver_time"": 0.0034379959106445312, ""status"": ""optimal"", ""tau"": 0.02}, {""iteration"": 4, ""max_slack"": 4.64854784085972e-09, ""objective"": 55294.246419199044, ""original_change"": 1.5425030142068863e-09, ""penalized_change"": 2.142769517377019e-08, ""penalized_objective"": 55294.246419219504, ""phase"": ""lse"", ""solver_time"": 0.0030450820922851562, ""status"": ""optimal"", ""tau"": 0.04}, {""converged"": true, ""phase"": ""lse"", ""summary"": true}, {""iteration"": 1, ""max_slack"": 3.5959491044302563e-07, ""objective"": 55294.246419218325, ""original_change"": null, ""penalized_change"": null, ""penalized_objective"": 55294.24641948576, ""phase"": ""mellowmin"", ""solver_time"": 0.010146856307983398, ""status"": ""optimal"", ""tau"": 0.005}, {""iteration"": 2, ""max_slack"": 1.0553263029155221e-09, ""objective"": 55294.246419197545, ""original_change"": 2.0780134946107864e-08, ""penalized_change"": 2.8716021915897727e-07, ""penalized_objective"": 55294.2464191986, ""phase"": ""mellowmin"", ""solver_time"": 0.010432958602905273, ""status"": ""optimal"", ""tau"": 0.01}, {""converged"": true, ""phase"": ""mellowmin"", ""summary"": true}]",
DEU_LocationALower-29_134_T-1,scenarios/experiment_scenarios/highd/DEU_LocationALower-29_134_T-1.xml,9,R_G1,0,lin2025,15,lse_mellowmin,trajectory,20260922,True,True,True,True,0.009248460999515373,0.0007244940006785328,0.03157755999927758,0.03157755999927758,0.1502315629986697,0.19178207799814118,0.10348492699995404,0.01072382926940918,0.01072382926940918,171,0,398,120,278,11,10,197,5,True,3.2221080170740355e-09,optimal,260124.191849227,0.010000000000388809,6,inf,,,,"[{""iteration"": 1, ""max_slack"": 0.4269060433721471, ""objective"": 260124.19186364688, ""original_change"": null, ""penalized_change"": null, ""penalized_objective"": 260124.22388160415, ""phase"": ""lse"", ""solver_time"": 0.0022788047790527344, ""status"": ""optimal"", ""tau"": 0.005}, {""iteration"": 2, ""max_slack"": 1.8237873134698723e-09, ""objective"": 260124.19184922462, ""original_change"": 1.4422257663682103e-05, ""penalized_change"": 0.032032378017902374, ""penalized_objective"": 260124.19184922613, ""phase"": ""lse"", ""solver_time"": 0.0018520355224609375, ""status"": ""optimal"", ""tau"": 0.01}, {""iteration"": 3, ""max_slack"": 2.856762010534622e-09, ""objective"": 260124.19184922474, ""original_change"": 1.1641532182693481e-10, ""penalized_change"": 2.5320332497358322e-09, ""penalized_objective"": 260124.19184922866, ""phase"": ""lse"", ""solver_time"": 0.0017650127410888672, ""status"": ""optimal"", ""tau"": 0.02}, {""converged"": true, ""phase"": ""lse"", ""summary"": true}, {""iteration"": 1, ""max_slack"": 4.737725633721762e-09, ""objective"": 260124.19184922456, ""original_change"": null, ""penalized_change"": null, ""penalized_objective"": 260124.19184922677, ""phase"": ""mellowmin"", ""solver_time"": 0.00244903564453125, ""status"": ""optimal"", ""tau"": 0.005}, {""iteration"": 2, ""max_slack"": 3.2221080170740355e-09, ""objective"": 260124.19184922441, ""original_change"": 1.4551915228366852e-10, ""penalized_change"": 2.3283064365386963e-10, ""penalized_objective"": 260124.191849227, ""phase"": ""mellowmin"", ""solver_time"": 0.0023789405822753906, ""status"": ""optimal"", ""tau"": 0.01}, {""converged"": true, ""phase"": ""mellowmin"", ""summary"": true}]",
DEU_LocationALower-29_192_T-1,scenarios/experiment_scenarios/highd/DEU_LocationALower-29_192_T-1.xml,9,R_G1,0,lin2025,21,lse_mellowmin,trajectory,20260922,True,True,True,True,0.006938309999895864,0.0015202049999061273,0.2444319460009865,0.2444319460009865,0.5639223220005078,0.8168127830012963,0.09961529199972574,0.12058830261230469,0.12058830261230469,253,0,631,168,463,22,21,378,27,True,1.8970780511196706e-08,optimal,169413.2239627753,0.010000000008290044,10,inf,,,,"[{""iteration"": 1, ""max_slack"": 1.7979968417824168, ""objective"": 169452.49754740362, ""original_change"": null, ""penalized_change"": null, ""penalized_objective"": 169452.711144448, ""phase"": ""lse"", ""solver_time"": 0.0028810501098632812, ""status"": ""optimal"", ""tau"": 0.005}, {""iteration"": 2, ""max_slack"": 7.029050507506169e-10, ""objective"": 169413.22396273405, ""original_change"": 39.2735846695723, ""penalized_change"": 39.48718171333894, ""penalized_objective"": 169413.22396273466, ""phase"": ""lse"", ""solver_time"": 0.006479978561401367, ""status"": ""optimal"", ""tau"": 0.01}, {""iteration"": 3, ""max_slack"": 0.5725516428211995, ""objective"": 170184.5180035826, ""original_change"": 771.2940408485592, ""penalized_change"": 772.3485288775701, ""penalized_objective"": 170185.57249161223, ""phase"": ""lse"", ""solver_time"": 0.0053560733795166016, ""status"": ""optimal"", ""tau"": 0.02}, {""iteration"": 4, ""max_slack"": 2.8983798798740156e-08, ""objective"": 169413.22396276068, ""original_change"": 771.2940408219292, ""penalized_change"": 772.348528684146, ""penalized_objective"": 169413.22396292808, ""phase"": ""lse"", ""solver_time"": 0.0023717880249023438, ""status"": ""optimal"", ""tau"": 0.04}, {""iteration"": 5, ""max_slack"": 0.5879401912661738, ""objective"": 169452.01981741362, ""original_change"": 38.79585465294076, ""penalized_change"": 39.851817331596976, ""penalized_objective"": 169453.07578025968, ""phase"": ""lse"", ""solver_time"": 0.0077860355377197266, ""status"": ""optimal"", ""tau"": 0.08}, {""iteration"": 6, ""max_slack"": 0.05904653873600153, ""objective"": 170137.43393550956, ""original_change"": 685.4141180959414, ""penalized_change"": 684.9597558075329, ""penalized_objective"": 170138.0355360672, ""phase"": ""lse"", ""solver_time"": 0.013014078140258789, ""status"": ""optimal"", ""tau"": 0.16}, {""iteration"": 7, ""max_slack"": 3.8322439123880363e-10, ""objective"": 169413.22396273626, ""original_change"": 724.2099727733003, ""penalized_change"": 724.8115733046143, ""penalized_objective"": 169413.2239627626, ""phase"": ""lse"", ""solver_time"": 0.004589080810546875, ""status"": ""optimal"", ""tau"": 0.32}, {""iteration"": 8, ""max_slack"": 1.1889703870982475, ""objective"": 169870.32857526047, ""original_change"": 457.10461252421374, ""penalized_change"": 538.9996474035725, ""penalized_objective"": 169952.22361016617, ""phase"": ""lse"", ""solver_time"": 0.0038809776306152344, ""status"": ""optimal"", ""tau"": 0.64}, {""iteration"": 9, ""max_slack"": 7.183251921675902e-11, ""objective"": 169413.2239627347, ""original_change"": 457.10461252578534, ""penalized_change"": 538.9996474231884, ""penalized_objective"": 169413.22396274298, ""phase"": ""lse"", ""solver_time"": 0.0030219554901123047, ""status"": ""optimal"", ""tau"": 1.28}, {""iteration"": 10, ""max_slack"": 0.21539215092873037, ""objective"": 169431.84048521734, ""original_change"": 18.616522482654545, ""penalized_change"": 26.8875810711761, ""penalized_objective"": 169440.11154381416, ""phase"": ""lse"", ""solver_time"": 0.004759073257446289, ""status"": ""optimal"", ""tau"": 2.56}, {""iteration"": 11, ""max_slack"": 2.725865783218462e-07, ""objective"": 169414.19183060995, ""original_change"": 17.64865460738656, ""penalized_change"": 25.919692264782498, ""penalized_objective"": 169414.19185154937, ""phase"": ""lse"", ""solver_time"": 0.003957986831665039, ""status"": ""optimal"", ""tau"": 5.12}, {""iteration"": 12, ""max_slack"": 0.0006882374807987945, ""objective"": 170196.8341022642, ""original_change"": 782.6422716542438, ""penalized_change"": 782.8470903769776, ""penalized_objective"": 170197.03894192635, ""phase"": ""lse"", ""solver_time"": 0.0032110214233398438, ""status"": ""optimal"", ""tau"": 10.24}, {""iteration"": 13, ""max_slack"": 6.388234469322393e-12, ""objective"": 169413.22396274816, ""original_change"": 783.6101395160367, ""penalized_change"": 783.814979162009, ""penalized_objective"": 169413.22396276434, ""phase"": ""lse"", ""solver_time"": 0.004624843597412109, ""status"": ""optimal"", ""tau"": 20.48}, {""iteration"": 14, ""max_slack"": 0.004660382293502376, ""objective"": 170152.71022312186, ""original_change"": 739.4862603736983, ""penalized_change"": 746.1436130871007, ""penalized_objective"": 170159.36757585144, ""phase"": ""lse"", ""solver_time"": 0.003916025161743164, ""status"": ""optimal"", ""tau"": 40.96}, {""iteration"": 15, ""max_slack"": 3.0085705810029894e-13, ""objective"": 169413.22396279406, ""original_change"": 739.4862603278016, ""penalized_change"": 746.1436130506336, ""penalized_objective"": 169413.2239628008, ""phase"": ""lse"", ""solver_time"": 0.0028400421142578125, ""status"": ""optimal"", ""tau"": 81.92}, {""iteration"": 16, ""max_slack"": 1.7522338329272013e-12, ""objective"": 169455.9409555177, ""original_change"": 42.71699272363912, ""penalized_change"": 42.716992744244635, ""penalized_objective"": 169455.94095554505, ""phase"": ""lse"", ""solver_time"": 0.004644870758056641, ""status"": ""optimal"", ""tau"": 163.84}, {""iteration"": 17, ""max_slack"": 4.236711536002023e-12, ""objective"": 169413.22396941457, ""original_change"": 42.716986103128875, ""penalized_change"": 42.71698569628643, ""penalized_objective"": 169413.22396984877, ""phase"": ""lse"", ""solver_time"": 0.0036079883575439453, ""status"": ""optimal"", ""tau"": 327.68}, {""iteration"": 18, ""max_slack"": 5.424231566882726e-11, ""objective"": 170197.7980845816, ""original_change"": 784.5741151670227, ""penalized_change"": 784.574125575251, ""penalized_objective"": 170197.79809542402, ""phase"": ""lse"", ""solver_time"": 0.0033600330352783203, ""status"": ""optimal"", ""tau"": 655.36}, {""iteration"": 19, ""max_slack"": 1.7488858561415866e-11, ""objective"": 169413.22396934405, ""original_change"": 784.5741152375413, ""penalized_change"": 784.5741206043458, ""penalized_objective"": 169413.22397481967, ""phase"": ""lse"", ""solver_time"": 0.004516124725341797, ""status"": ""optimal"", ""tau"": 1000.0}, {""iteration"": 20, ""max_slack"": 4.005713963533169e-12, ""objective"": 170156.1644848549, ""original_change"": 742.9405155108543, ""penalized_change"": 742.9405112169334, ""penalized_objective"": 170156.1644860366, ""phase"": ""lse"", ""solver_time"": 0.003898143768310547, ""status"": ""optimal"", ""tau"": 1000.0}, {""iteration"": 21, ""max_slack"": 1.803015141366225e-12, ""objective"": 169413.2239738888, ""original_change"": 742.9405109661166, ""penalized_change"": 742.9405115865811, ""penalized_objective"": 169413.22397445003, ""phase"": ""lse"", ""solver_time"": 0.0026161670684814453, ""status"": ""optimal"", ""tau"": 1000.0}, {""iteration"": 22, ""max_slack"": 7.664414975571158e-12, ""objective"": 169455.92761711363, ""original_change"": 42.70364322484238, ""penalized_change"": 42.703644681634614, ""penalized_objective"": 169455.92761913166, ""phase"": ""lse"", ""solver_time"": 0.004454135894775391, ""status"": ""optimal"", ""tau"": 1000.0}, {""iteration"": 23, ""max_slack"": 2.846246474346192e-14, ""objective"": 169413.22396311208, ""original_change"": 42.70365400155424, ""penalized_change"": 42.70365601067897, ""penalized_objective"": 169413.22396312098, ""phase"": ""lse"", ""solver_time"": 0.003677845001220703, ""status"": ""optimal"", ""tau"": 1000.0}, {""iteration"": 24, ""max_slack"": 9.283279248655641e-13, ""objective"": 170197.07790142196, ""original_change"": 783.8539383098832, ""penalized_change"": 783.8539385679178, ""penalized_objective"": 170197.0779016889, ""phase"": ""lse"", ""solver_time"": 0.0029180049896240234, ""status"": ""optimal"", ""tau"": 1000.0}, {""iteration"": 25, ""max_slack"": 3.5652586796828416e-13, ""objective"": 169413.22396300558, ""original_change"": 783.8539384163741, ""penalized_change"": 783.853938571352, ""penalized_objective"": 169413.22396311755, ""phase"": ""lse"", ""solver_time"": 0.004158973693847656, ""status"": ""optimal"", ""tau"": 1000.0}, {""converged"": false, ""phase"": ""lse"", ""summary"": true}, {""iteration"": 1, ""max_slack"": 6.679772939754439e-09, ""objective"": 169413.22396273422, ""original_change"": null, ""penalized_change"": null, ""penalized_objective"": 169413.22396273742, ""phase"": ""mellowmin"", ""solver_time"": 0.0032520294189453125, ""status"": ""optimal"", ""tau"": 0.005}, {""iteration"": 2, ""max_slack"": 1.8970780511196706e-08, ""objective"": 169413.2239627371, ""original_change"": 2.8812792152166367e-09, ""penalized_change"": 3.786408342421055e-08, ""penalized_objective"": 169413.2239627753, ""phase"": ""mellowmin"", ""solver_time"": 0.006793975830078125, ""status"": ""optimal"", ""tau"": 0.01}, {""converged"": true, ""phase"": ""mellowmin"", ""summary"": true}]",
DEU_LocationALower-29_245_T-1,scenarios/experiment_scenarios/highd/DEU_LocationALower-29_245_T-1.xml,12,R_G1,0,lin2025,21,lse_mellowmin,trajectory,20260922,True,True,True,True,0.0072422680004819995,0.0014328139986901078,0.056455825000739424,0.056455825000739424,0.4969827860004443,0.5621136930003559,0.10763028799919994,0.03552389144897461,0.03552389144897461,253,0,631,168,463,22,21,378,4,True,1.6582840648185596e-09,optimal,197554.39447782066,0.010000000000161435,8,inf,,,,"[{""iteration"": 1, ""max_slack"": 1.5603671148096282e-09, ""objective"": 197554.39447781793, ""original_change"": null, ""penalized_change"": null, ""penalized_objective"": 197554.39447781903, ""phase"": ""lse"", ""solver_time"": 0.010114908218383789, ""status"": ""optimal"", ""tau"": 0.005}, {""iteration"": 2, ""max_slack"": 2.5337169793818143e-08, ""objective"": 197554.39447781857, ""original_change"": 6.402842700481415e-10, ""penalized_change"": 4.423782229423523e-08, ""penalized_objective"": 197554.39447786327, ""phase"": ""lse"", ""solver_time"": 0.0032510757446289062, ""status"": ""optimal"", ""tau"": 0.01}, {""converged"": true, ""phase"": ""lse"", ""summary"": true}, {""iteration"": 1, ""max_slack"": 1.7019873505655792e-09, ""objective"": 197554.3944778178, ""original_change"": null, ""penalized_change"": null, ""penalized_objective"": 197554.3944778194, ""phase"": ""mellowmin"", ""solver_time"": 0.011014938354492188, ""status"": ""optimal"", ""tau"": 0.005}, {""iteration"": 2, ""max_slack"": 1.6582840648185596e-09, ""objective"": 197554.394477818, ""original_change"": 1.7462298274040222e-10, ""penalized_change"": 1.2514647096395493e-09, ""penalized_objective"": 197554.39447782066, ""phase"": ""mellowmin"", ""solver_time"": 0.011142969131469727, ""status"": ""optimal"", ""tau"": 0.01}, {""converged"": true, ""phase"": ""mellowmin"", ""summary"": true}]",
DEU_LocationALower-29_249_T-1,scenarios/experiment_scenarios/highd/DEU_LocationALower-29_249_T-1.xml,23,R_G1,0,lin2025,21,lse_mellowmin,trajectory,20260922,True,True,True,True,0.007470974000170827,0.0013713689986616373,0.05476559800081304,0.05476559800081304,0.26107152400072664,0.32467946500037215,0.12223185099901457,0.03423905372619629,0.03423905372619629,253,0,610,168,442,22,21,357,4,True,1.5466682293046284e-07,optimal,42444.011558707745,0.010000000062241504,21,inf,,,,"[{""iteration"": 1, ""max_slack"": 1.895823446554419e-09, ""objective"": 42444.011558469254, ""original_change"": null, ""penalized_change"": null, ""penalized_objective"": 42444.01155847008, ""phase"": ""lse"", ""solver_time"": 0.010717153549194336, ""status"": ""optimal"", ""tau"": 0.005}, {""iteration"": 2, ""max_slack"": 2.3137308463061963e-09, ""objective"": 42444.01155847049, ""original_change"": 1.2369127944111824e-09, ""penalized_change"": 3.296008799225092e-09, ""penalized_objective"": 42444.01155847338, ""phase"": ""lse"", ""solver_time"": 0.002953052520751953, ""status"": ""optimal"", ""tau"": 0.01}, {""converged"": true, ""phase"": ""lse"", ""summary"": true}, {""iteration"": 1, ""max_slack"": 1.895714563162826e-09, ""objective"": 42444.01155846928, ""original_change"": null, ""penalized_change"": null, ""penalized_objective"": 42444.01155847011, ""phase"": ""mellowmin"", ""solver_time"": 0.010288000106811523, ""status"": ""optimal"", ""tau"": 0.005}, {""iteration"": 2, ""max_slack"": 1.5466682293046284e-07, ""objective"": 42444.01155849228, ""original_change"": 2.299930201843381e-08, ""penalized_change"": 2.376327756792307e-07, ""penalized_objective"": 42444.011558707745, ""phase"": ""mellowmin"", ""solver_time"": 0.010280847549438477, ""status"": ""optimal"", ""tau"": 0.01}, {""converged"": true, ""phase"": ""mellowmin"", ""summary"": true}]",
DEU_LocationALower-29_250_T-1,scenarios/experiment_scenarios/highd/DEU_LocationALower-29_250_T-1.xml,12,R_G1,0,lin2025,21,lse_mellowmin,trajectory,20260922,True,True,True,True,0.20328003100075875,0.001484837999669253,0.057305616999656195,0.057305616999656195,0.3041335190009704,0.5662040050010546,0.11978279400136671,0.0520472526550293,0.0520472526550293,253,0,631,168,463,22,21,378,6,True,2.3473273978712476e-08,optimal,266113.01653043,0.010000000001980425,9,inf,,,,"[{""iteration"": 1, ""max_slack"": 4.062137044293712, ""objective"": 266113.02510525566, ""original_change"": null, ""penalized_change"": null, ""penalized_objective"": 266114.0284349575, ""phase"": ""lse"", ""solver_time"": 0.00681304931640625, ""status"": ""optimal"", ""tau"": 0.005}, {""iteration"": 2, ""max_slack"": 1.8443279157953396, ""objective"": 266113.01682381815, ""original_change"": 0.008281437505502254, ""penalized_change"": 0.45844673417741433, ""penalized_objective"": 266113.5699882233, ""phase"": ""lse"", ""solver_time"": 0.005647182464599609, ""status"": ""optimal"", ""tau"": 0.01}, {""iteration"": 3, ""max_slack"": 3.5526367217792028e-09, ""objective"": 266113.0165304097, ""original_change"": 0.0002934084623120725, ""penalized_change"": 0.5534578001825139, ""penalized_objective"": 266113.01653042313, ""phase"": ""lse"", ""solver_time"": 0.0054738521575927734, ""status"": ""optimal"", ""tau"": 0.02}, {""iteration"": 4, ""max_slack"": 3.007817772881157e-08, ""objective"": 266113.016530416, ""original_change"": 6.28642737865448e-09, ""penalized_change"": 1.0710209608078003e-07, ""penalized_objective"": 266113.01653053024, ""phase"": ""lse"", ""solver_time"": 0.011155128479003906, ""status"": ""optimal"", ""tau"": 0.04}, {""converged"": true, ""phase"": ""lse"", ""summary"": true}, {""iteration"": 1, ""max_slack"": 1.839931886535339e-07, ""objective"": 266113.0165304159, ""original_change"": null, ""penalized_change"": null, ""penalized_objective"": 266113.0165305115, ""phase"": ""mellowmin"", ""solver_time"": 0.011343002319335938, ""status"": ""optimal"", ""tau"": 0.005}, {""iteration"": 2, ""max_slack"": 2.3473273978712476e-08, ""objective"": 266113.0165304105, ""original_change"": 5.413312464952469e-09, ""penalized_change"": 8.149072527885437e-08, ""penalized_objective"": 266113.01653043, ""phase"": ""mellowmin"", ""solver_time"": 0.01161503791809082, ""status"": ""optimal"", ""tau"": 0.01}, {""converged"": true, ""phase"": ""mellowmin"", ""summary"": true}]",
DEU_LocationALower-29_65_T-1,scenarios/experiment_scenarios/highd/DEU_LocationALower-29_65_T-1.xml,8,R_G1,0,lin2025,21,lse_mellowmin,trajectory,20260922,True,True,True,True,0.009479243000896531,0.0013469229998008814,0.055820741999923484,0.055820741999923484,0.48089947199878225,0.5475463799994031,0.12162794100004248,0.03989839553833008,0.03989839553833008,253,0,631,168,463,22,21,378,4,True,2.4453139373831098e-09,optimal,244952.95560352056,0.010000000000331966,6,inf,,,,"[{""iteration"": 1, ""max_slack"": 1.3288250443967118e-08, ""objective"": 244952.95560351718, ""original_change"": null, ""penalized_change"": null, ""penalized_objective"": 244952.95560352653, ""phase"": ""lse"", ""solver_time"": 0.01209402084350586, ""status"": ""optimal"", ""tau"": 0.005}, {""iteration"": 2, ""max_slack"": 1.6981516337569183e-09, ""objective"": 244952.955603517, ""original_change"": 1.7462298274040222e-10, ""penalized_change"": 6.810296326875687e-09, ""penalized_objective"": 244952.95560351972, ""phase"": ""lse"", ""solver_time"": 0.004081010818481445, ""status"": ""optimal"", ""tau"": 0.01}, {""converged"": true, ""phase"": ""lse"", ""summary"": true}, {""iteration"": 1, ""max_slack"": 2.5807088151826203e-07, ""objective"": 244952.95560353296, ""original_change"": null, ""penalized_change"": null, ""penalized_objective"": 244952.95560373168, ""phase"": ""mellowmin"", ""solver_time"": 0.01188516616821289, ""status"": ""optimal"", ""tau"": 0.005}, {""iteration"": 2, ""max_slack"": 2.4453139373831098e-09, ""objective"": 244952.95560351713, ""original_change"": 1.5832483768463135e-08, ""penalized_change"": 2.1111918613314629e-07, ""penalized_objective"": 244952.95560352056, ""phase"": ""mellowmin"", ""solver_time"": 0.011838197708129883, ""status"": ""optimal"", ""tau"": 0.01}, {""converged"": true, ""phase"": ""mellowmin"", ""summary"": true}]",
DEU_LocationALower-29_70_T-1,scenarios/experiment_scenarios/highd/DEU_LocationALower-29_70_T-1.xml,11,R_G1,0,lin2025,21,lse_mellowmin,trajectory,20260922,True,True,True,True,0.00764132499898551,0.0012689560007856926,0.05668637700000545,0.05668637700000545,0.2769613729997218,0.34255803099949844,0.1292174240006716,0.03418612480163574,0.03418612480163574,249,0,609,168,441,20,19,348,4,True,2.8144283323951235e-07,optimal,303505.80457090243,0.010000000047341473,9,inf,,,,"[{""iteration"": 1, ""max_slack"": 7.323489525132997e-10, ""objective"": 303505.8045705819, ""original_change"": null, ""penalized_change"": null, ""penalized_objective"": 303505.8045705823, ""phase"": ""lse"", ""solver_time"": 0.010560989379882812, ""status"": ""optimal"", ""tau"": 0.005}, {""iteration"": 2, ""max_slack"": 2.1693580438442194e-08, ""objective"": 303505.80457058566, ""original_change"": 3.7834979593753815e-09, ""penalized_change"": 3.637978807091713e-08, ""penalized_objective"": 303505.80457061867, ""phase"": ""lse"", ""solver_time"": 0.003473043441772461, ""status"": ""optimal"", ""tau"": 0.01}, {""converged"": true, ""phase"": ""lse"", ""summary"": true}, {""iteration"": 1, ""max_slack"": 3.462143268917104e-07, ""objective"": 303505.80457059876, ""original_change"": null, ""penalized_change"": null, ""penalized_objective"": 303505.8045708748, ""phase"": ""mellowmin"", ""solver_time"": 0.009893178939819336, ""status"": ""optimal"", ""tau"": 0.005}, {""iteration"": 2, ""max_slack"": 2.8144283323951235e-07, ""objective"": 303505.804570601, ""original_change"": 2.2118911147117615e-09, ""penalized_change"": 2.764863893389702e-08, ""penalized_objective"": 303505.80457090243, ""phase"": ""mellowmin"", ""solver_time"": 0.010258913040161133, ""status"": ""optimal"", ""tau"": 0.01}, {""converged"": true, ""phase"": ""mellowmin"", ""summary"": true}]",
DEU_LocationALower-30_218_T-1,scenarios/experiment_scenarios/highd/DEU_LocationALower-30_218_T-1.xml,16,R_G1,0,lin2025,21,lse_mellowmin,trajectory,20260922,True,True,True,True,0.0082976410012634,0.001538028000140912,0.39577134600040154,0.39577134600040154,0.3355136140016839,0.7411206290034897,0.12459827500060783,0.04032540321350098,0.04032540321350098,253,0,631,168,463,22,21,378,4,True,2.356148971171481e-09,optimal,76114.03835926672,0.0100000000002467,14,inf,,,,"[{""iteration"": 1, ""max_slack"": 2.825856110168899e-09, ""objective"": 76114.03835926304, ""original_change"": null, ""penalized_change"": null, ""penalized_objective"": 76114.03835926615, ""phase"": ""lse"", ""solver_time"": 0.012394189834594727, ""status"": ""optimal"", ""tau"": 0.005}, {""iteration"": 2, ""max_slack"": 1.3351808337072613e-07, ""objective"": 76114.03835926937, ""original_change"": 6.3300831243395805e-09, ""penalized_change"": 1.5243131201714277e-07, ""penalized_objective"": 76114.03835941858, ""phase"": ""lse"", ""solver_time"": 0.0037240982055664062, ""status"": ""optimal"", ""tau"": 0.01}, {""converged"": true, ""phase"": ""lse"", ""summary"": true}, {""iteration"": 1, ""max_slack"": 2.4763379249252567e-09, ""objective"": 76114.03835926304, ""original_change"": null, ""penalized_change"": null, ""penalized_objective"": 76114.03835926573, ""phase"": ""mellowmin"", ""solver_time"": 0.012227058410644531, ""status"": ""optimal"", ""tau"": 0.005}, {""iteration"": 2, ""max_slack"": 2.356148971171481e-09, ""objective"": 76114.03835926302, ""original_change"": 1.4551915228366852e-11, ""penalized_change"": 9.89530235528946e-10, ""penalized_objective"": 76114.03835926672, ""phase"": ""mellowmin"", ""solver_time"": 0.011980056762695312, ""status"": ""optimal"", ""tau"": 0.01}, {""converged"": true, ""phase"": ""mellowmin"", ""summary"": true}]",
DEU_LocationALower-30_46_T-1,scenarios/experiment_scenarios/highd/DEU_LocationALower-30_46_T-1.xml,16,R_G1,0,lin2025,21,lse_mellowmin,trajectory,20260922,True,True,True,True,0.011115836001408752,0.0015269890009221854,0.06255154800055607,0.06255154800055607,0.5043509660008567,0.5795453390037437,0.1352461120004591,0.0396575927734375,0.0396575927734375,253,0,631,168,463,22,21,378,5,True,2.0760693981170257e-08,optimal,217522.40863373817,0.010000000003628884,14,inf,,,,"[{""iteration"": 1, ""max_slack"": 1.8293378236180948, ""objective"": 217522.4135177666, ""original_change"": null, ""penalized_change"": null, ""penalized_objective"": 217522.94068033795, ""phase"": ""lse"", ""solver_time"": 0.006136894226074219, ""status"": ""optimal"", ""tau"": 0.005}, {""iteration"": 2, ""max_slack"": 5.524283078047612e-09, ""objective"": 217522.40863371524, ""original_change"": 0.004884051362751052, ""penalized_change"": 0.5320466155535541, ""penalized_objective"": 217522.4086337224, ""phase"": ""lse"", ""solver_time"": 0.00457310676574707, ""status"": ""optimal"", ""tau"": 0.01}, {""iteration"": 3, ""max_slack"": 8.369611098450747e-08, ""objective"": 217522.40863373462, ""original_change"": 1.9383151084184647e-08, ""penalized_change"": 1.886801328510046e-07, ""penalized_objective"": 217522.40863391108, ""phase"": ""lse"", ""solver_time"": 0.0033898353576660156, ""status"": ""optimal"", ""tau"": 0.02}, {""converged"": true, ""phase"": ""lse"", ""summary"": true}, {""iteration"": 1, ""max_slack"": 2.558531078895648e-07, ""objective"": 217522.40863372435, ""original_change"": null, ""penalized_change"": null, ""penalized_objective"": 217522.40863389717, ""phase"": ""mellowmin"", ""solver_time"": 0.012549877166748047, ""status"": ""optimal"", ""tau"": 0.005}, {""iteration"": 2, ""max_slack"": 2.0760693981170257e-08, ""objective"": 217522.40863371652, ""original_change"": 7.828930392861366e-09, ""penalized_change"": 1.5899422578513622e-07, ""penalized_objective"": 217522.40863373817, ""phase"": ""mellowmin"", ""solver_time"": 0.013007879257202148, ""status"": ""optimal"", ""tau"": 0.01}, {""converged"": true, ""phase"": ""mellowmin"", ""summary"": true}]",
DEU_LocationALower-31_154_T-1,scenarios/experiment_scenarios/highd/DEU_LocationALower-31_154_T-1.xml,9,R_G1,0,lin2025,16,lse_mellowmin,trajectory,20260922,True,True,True,True,0.007860259998778929,0.0007930329993541818,0.036080510000829236,0.036080510000829236,0.16284813599850168,0.20758193899746402,0.13091153100140218,0.011059045791625977,0.011059045791625977,183,0,426,128,298,12,11,213,4,True,6.679856900628174e-09,optimal,262281.39676108566,0.010000000000756373,6,inf,,,,"[{""iteration"": 1, ""max_slack"": 1.7272178975392646e-08, ""objective"": 262281.3967610804, ""original_change"": null, ""penalized_change"": null, ""penalized_objective"": 262281.3967610911, ""phase"": ""lse"", ""solver_time"": 0.002811908721923828, ""status"": ""optimal"", ""tau"": 0.005}, {""iteration"": 2, ""max_slack"": 4.80686931825545e-09, ""objective"": 262281.3967610788, ""original_change"": 1.6298145055770874e-09, ""penalized_change"": 9.19681042432785e-09, ""penalized_objective"": 262281.3967610819, ""phase"": ""lse"", ""solver_time"": 0.0020530223846435547, ""status"": ""optimal"", ""tau"": 0.01}, {""converged"": true, ""phase"": ""lse"", ""summary"": true}, {""iteration"": 1, ""max_slack"": 7.394865392603617e-09, ""objective"": 262281.39676107874, ""original_change"": null, ""penalized_change"": null, ""penalized_objective"": 262281.39676108124, ""phase"": ""mellowmin"", ""solver_time"": 0.003108978271484375, ""status"": ""optimal"", ""tau"": 0.005}, {""iteration"": 2, ""max_slack"": 6.679856900628174e-09, ""objective"": 262281.3967610789, ""original_change"": 1.7462298274040222e-10, ""penalized_change"": 4.423782229423523e-09, ""penalized_objective"": 262281.39676108566, ""phase"": ""mellowmin"", ""solver_time"": 0.0030851364135742188, ""status"": ""optimal"", ""tau"": 0.01}, {""converged"": true, ""phase"": ""mellowmin"", ""summary"": true}]",
DEU_LocationALower-31_239_T-1,scenarios/experiment_scenarios/highd/DEU_LocationALower-31_239_T-1.xml,16,R_G1,0,lin2025,21,lse_mellowmin,trajectory,20260922,True,True,True,True,0.00871099199866876,0.0019587670012697345,0.06258306199924846,0.06258306199924846,0.6915790789989842,0.7648318999981711,0.16280188100063242,0.057068586349487305,0.057068586349487305,253,0,629,168,461,22,21,376,6,True,1.7232446660478623e-07,optimal,164583.6794838398,0.010000000026195721,15,inf,,,,"[{""iteration"": 1, ""max_slack"": 2.6098689909657757e-08, ""objective"": 164583.6794836977, ""original_change"": null, ""penalized_change"": null, ""penalized_objective"": 164583.67948371265, ""phase"": ""lse"", ""solver_time"": 0.01755380630493164, ""status"": ""optimal"", ""tau"": 0.005}, {""iteration"": 2, ""max_slack"": 0.5505826943195133, ""objective"": 164606.0412247072, ""original_change"": 22.361741009517573, ""penalized_change"": 22.485158385097748, ""penalized_objective"": 164606.16464209775, ""phase"": ""lse"", ""solver_time"": 0.0056188106536865234, ""status"": ""optimal"", ""tau"": 0.01}, {""iteration"": 3, ""max_slack"": 5.495141589303271e-08, ""objective"": 164583.67948370078, ""original_change"": 22.361741006432567, ""penalized_change"": 22.48515831626719, ""penalized_objective"": 164583.67948378148, ""phase"": ""lse"", ""solver_time"": 0.0057790279388427734, ""status"": ""optimal"", ""tau"": 0.02}, {""iteration"": 4, ""max_slack"": 3.798623769831455e-09, ""objective"": 164583.67948369778, ""original_change"": 2.9976945370435715e-09, ""penalized_change"": 6.094342097640038e-08, ""penalized_objective"": 164583.67948372054, ""phase"": ""lse"", ""solver_time"": 0.007314920425415039, ""status"": ""optimal"", ""tau"": 0.04}, {""converged"": true, ""phase"": ""lse"", ""summary"": true}, {""iteration"": 1, ""max_slack"": 1.0209411536280134e-08, ""objective"": 164583.67948369804, ""original_change"": null, ""penalized_change"": null, ""penalized_objective"": 164583.67948370456, ""phase"": ""mellowmin"", ""solver_time"": 0.009598970413208008, ""status"": ""optimal"", ""tau"": 0.005}, {""iteration"": 2, ""max_slack"": 1.7232446660478623e-07, ""objective"": 164583.67948370858, ""original_change"": 1.05355866253376e-08, ""penalized_change"": 1.3524550013244152e-07, ""penalized_objective"": 164583.6794838398, ""phase"": ""mellowmin"", ""solver_time"": 0.01120305061340332, ""status"": ""optimal"", ""tau"": 0.01}, {""converged"": true, ""phase"": ""mellowmin"", ""summary"": true}]",
DEU_LocationALower-31_24_T-1,scenarios/experiment_scenarios/highd/DEU_LocationALower-31_24_T-1.xml,13,R_G1,0,lin2025,21,lse_mellowmin,trajectory,20260922,True,True,True,True,0.010927743998763617,0.0015596400007780176,0.06427590299972508,0.06427590299972508,0.298933529000351,0.3756968159996177,0.15454546500041033,0.03557085990905762,0.03557085990905762,251,0,620,168,452,21,20,363,4,True,1.2911148952597e-07,optimal,289895.34631726146,0.010000000011586963,12,inf,,,,"[{""iteration"": 1, ""max_slack"": 3.809094744830827e-09, ""objective"": 289895.34631708096, ""original_change"": null, ""penalized_change"": null, ""penalized_objective"": 289895.3463170837, ""phase"": ""lse"", ""solver_time"": 0.010862112045288086, ""status"": ""optimal"", ""tau"": 0.005}, {""iteration"": 2, ""max_slack"": 1.6018977347540214e-08, ""objective"": 289895.34631708113, ""original_change"": 1.7462298274040222e-10, ""penalized_change"": 8.672941476106644e-09, ""penalized_objective"": 289895.34631709236, ""phase"": ""lse"", ""solver_time"": 0.0034630298614501953, ""status"": ""optimal"", ""tau"": 0.01}, {""converged"": true, ""phase"": ""lse"", ""summary"": true}, {""iteration"": 1, ""max_slack"": 1.104667323130465e-07, ""objective"": 289895.34631708387, ""original_change"": null, ""penalized_change"": null, ""penalized_objective"": 289895.34631714184, ""phase"": ""mellowmin"", ""solver_time"": 0.0106048583984375, ""status"": ""optimal"", ""tau"": 0.005}, {""iteration"": 2, ""max_slack"": 1.2911148952597e-07, ""objective"": 289895.3463170864, ""original_change"": 2.561137080192566e-09, ""penalized_change"": 1.1961674317717552e-07, ""penalized_objective"": 289895.34631726146, ""phase"": ""mellowmin"", ""solver_time"": 0.010640859603881836, ""status"": ""optimal"", ""tau"": 0.01}, {""converged"": true, ""phase"": ""mellowmin"", ""summary"": true}]",
DEU_LocationALower-31_31_T-1,scenarios/experiment_scenarios/highd/DEU_LocationALower-31_31_T-1.xml,15,R_G1,0,lin2025,21,lse_mellowmin,trajectory,20260922,True,True,True,True,0.004223410000122385,0.0013938880001660436,0.06007767700066324,0.06007767700066324,0.5746516090002842,0.6403465840012359,0.2210380950000399,0.048696041107177734,0.048696041107177734,253,0,610,168,442,22,21,357,4,True,3.452162696623562e-09,optimal,61123.663292987585,0.010000000000764831,13,inf,,,,"[{""iteration"": 1, ""max_slack"": 1.9264932469780803e-09, ""objective"": 61123.66329298425, ""original_change"": null, ""penalized_change"": null, ""penalized_objective"": 61123.66329298533, ""phase"": ""lse"", ""solver_time"": 0.016070127487182617, ""status"": ""optimal"", ""tau"": 0.005}, {""iteration"": 2, ""max_slack"": 2.47524973295886e-07, ""objective"": 61123.66329300894, ""original_change"": 2.4687324184924364e-08, ""penalized_change"": 2.3684697225689888e-07, ""penalized_objective"": 61123.66329322218, ""phase"": ""lse"", ""solver_time"": 0.0051288604736328125, ""status"": ""optimal"", ""tau"": 0.01}, {""converged"": true, ""phase"": ""lse"", ""summary"": true}, {""iteration"": 1, ""max_slack"": 1.927080419505257e-09, ""objective"": 61123.66329298425, ""original_change"": null, ""penalized_change"": null, ""penalized_objective"": 61123.66329298534, ""phase"": ""mellowmin"", ""solver_time"": 0.015629053115844727, ""status"": ""optimal"", ""tau"": 0.005}, {""iteration"": 2, ""max_slack"": 3.452162696623562e-09, ""objective"": 61123.663292984435, ""original_change"": 1.8189894035458565e-10, ""penalized_change"": 2.2482709027826786e-09, ""penalized_objective"": 61123.663292987585, ""phase"": ""mellowmin"", ""solver_time"": 0.011868000030517578, ""status"": ""optimal"", ""tau"": 0.01}, {""converged"": true, ""phase"": ""mellowmin"", ""summary"": true}]",
DEU_LocationALower-31_47_T-1,scenarios/experiment_scenarios/highd/DEU_LocationALower-31_47_T-1.xml,13,R_G1,0,lin2025,21,lse_mellowmin,trajectory,20260922,True,True,True,True,0.0076995919989713,0.0016435739998996723,0.06122881800001778,0.06122881800001778,0.4168840439997439,0.48745602799863263,0.13913450700056273,0.05056619644165039,0.05056619644165039,253,0,631,168,463,22,21,378,7,True,2.5767106174817154e-09,optimal,149075.96485353005,0.010000000000509053,12,inf,,,,"[{""iteration"": 1, ""max_slack"": 13.32434839744304, ""objective"": 149075.9791339291, ""original_change"": null, ""penalized_change"": null, ""penalized_objective"": 149077.10778522497, ""phase"": ""lse"", ""solver_time"": 0.004553079605102539, ""status"": ""optimal"", ""tau"": 0.005}, {""iteration"": 2, ""max_slack"": 0.11902186110693116, ""objective"": 149075.9654141017, ""original_change"": 0.013719827402383089, ""penalized_change"": 1.1097919986932538, ""penalized_objective"": 149075.99799322628, ""phase"": ""lse"", ""solver_time"": 0.0070569515228271484, ""status"": ""optimal"", ""tau"": 0.01}, {""iteration"": 3, ""max_slack"": 1.9858960874169984e-09, ""objective"": 149075.9648535205, ""original_change"": 0.0005605811893474311, ""penalized_change"": 0.033139701845357195, ""penalized_objective"": 149075.96485352443, ""phase"": ""lse"", ""solver_time"": 0.003770112991333008, ""status"": ""optimal"", ""tau"": 0.02}, {""iteration"": 4, ""max_slack"": 2.4120416289436936e-09, ""objective"": 149075.9648535211, ""original_change"": 5.820766091346741e-10, ""penalized_change"": 6.344635039567947e-09, ""penalized_objective"": 149075.96485353078, ""phase"": ""lse"", ""solver_time"": 0.003564119338989258, ""status"": ""optimal"", ""tau"": 0.04}, {""converged"": true, ""phase"": ""lse"", ""summary"": true}, {""iteration"": 1, ""max_slack"": 0.05318629678825867, ""objective"": 149075.96493678322, ""original_change"": null, ""penalized_change"": null, ""penalized_objective"": 149075.98532699666, ""phase"": ""mellowmin"", ""solver_time"": 0.007317066192626953, ""status"": ""optimal"", ""tau"": 0.005}, {""iteration"": 2, ""max_slack"": 6.8445717369954116e-09, ""objective"": 149075.9648535262, ""original_change"": 8.325700764544308e-05, ""penalized_change"": 0.020473464945098385, ""penalized_objective"": 149075.9648535317, ""phase"": ""mellowmin"", ""solver_time"": 0.012209892272949219, ""status"": ""optimal"", ""tau"": 0.01}, {""iteration"": 3, ""max_slack"": 2.5767106174817154e-09, ""objective"": 149075.9648535222, ""original_change"": 4.016328603029251e-09, ""penalized_change"": 1.6589183360338211e-09, ""penalized_objective"": 149075.96485353005, ""phase"": ""mellowmin"", ""solver_time"": 0.012094974517822266, ""status"": ""optimal"", ""tau"": 0.02}, {""converged"": true, ""phase"": ""mellowmin"", ""summary"": true}]",
DEU_LocationALower-32_117_T-1,scenarios/experiment_scenarios/highd/DEU_LocationALower-32_117_T-1.xml,17,R_G1,0,lin2025,21,lse_mellowmin,trajectory,20260922,True,True,True,True,0.007706479000262334,0.0015511829988099635,0.06372446400018816,0.06372446400018816,0.6458922040001198,0.7188743299993803,0.14965157199912937,0.039673805236816406,0.039673805236816406,253,0,610,168,442,22,21,357,6,True,3.742028263088829e-08,optimal,43670.55079243318,0.010000000009186964,15,inf,,,,"[{""iteration"": 1, ""max_slack"": 1.2910462991744123, ""objective"": 43670.56108577234, ""original_change"": null, ""penalized_change"": null, ""penalized_objective"": 43671.231014382654, ""phase"": ""lse"", ""solver_time"": 0.006294965744018555, ""status"": ""optimal"", ""tau"": 0.005}, {""iteration"": 2, ""max_slack"": 1.2916953182110258, ""objective"": 43670.55126454426, ""original_change"": 0.00982122807909036, ""penalized_change"": 0.4859955395149882, ""penalized_objective"": 43670.74501884314, ""phase"": ""lse"", ""solver_time"": 0.004261016845703125, ""status"": ""optimal"", ""tau"": 0.01}, {""iteration"": 3, ""max_slack"": 1.6238209654268954e-09, ""objective"": 43670.55079237406, ""original_change"": 0.00047217019891832024, ""penalized_change"": 0.19422646497696405, ""penalized_objective"": 43670.55079237816, ""phase"": ""lse"", ""solver_time"": 0.0037119388580322266, ""status"": ""optimal"", ""tau"": 0.02}, {""iteration"": 4, ""max_slack"": 1.4011994451509203e-10, ""objective"": 43670.55079237421, ""original_change"": 1.5279510989785194e-10, ""penalized_change"": 2.1827872842550278e-09, ""penalized_objective"": 43670.55079237598, ""phase"": ""lse"", ""solver_time"": 0.0031900405883789062, ""status"": ""optimal"", ""tau"": 0.04}, {""converged"": true, ""phase"": ""lse"", ""summary"": true}, {""iteration"": 1, ""max_slack"": 2.776565643249217e-10, ""objective"": 43670.550792373964, ""original_change"": null, ""penalized_change"": null, ""penalized_objective"": 43670.55079237416, ""phase"": ""mellowmin"", ""solver_time"": 0.011689901351928711, ""status"": ""optimal"", ""tau"": 0.005}, {""iteration"": 2, ""max_slack"": 3.742028263088829e-08, ""objective"": 43670.550792375965, ""original_change"": 2.000888343900442e-09, ""penalized_change"": 5.902256816625595e-08, ""penalized_objective"": 43670.55079243318, ""phase"": ""mellowmin"", ""solver_time"": 0.010525941848754883, ""status"": ""optimal"", ""tau"": 0.01}, {""converged"": true, ""phase"": ""mellowmin"", ""summary"": true}]",
DEU_LocationALower-32_136_T-1,scenarios/experiment_scenarios/highd/DEU_LocationALower-32_136_T-1.xml,16,R_G1,0,lin2025,21,lse_mellowmin,trajectory,20260922,True,True,True,True,0.009749217999342363,0.001607247999345418,0.06482597899957909,0.06482597899957909,0.3849688980008068,0.4611513429990737,0.18569492099959461,0.04259085655212402,0.04259085655212402,253,0,631,168,463,22,21,378,4,True,1.2193766780078071e-09,optimal,87660.51285667892,0.010000000000218279,15,inf,,,,"[{""iteration"": 1, ""max_slack"": 3.158313959225113e-08, ""objective"": 87660.51285667813, ""original_change"": null, ""penalized_change"": null, ""penalized_objective"": 87660.5128566888, ""phase"": ""lse"", ""solver_time"": 0.011837959289550781, ""status"": ""optimal"", ""tau"": 0.005}, {""iteration"": 2, ""max_slack"": 6.601068278025994e-09, ""objective"": 87660.51285667758, ""original_change"": 5.529727786779404e-10, ""penalized_change"": 4.5693013817071915e-09, ""penalized_objective"": 87660.51285668423, ""phase"": ""lse"", ""solver_time"": 0.0039010047912597656, ""status"": ""optimal"", ""tau"": 0.01}, {""converged"": true, ""phase"": ""lse"", ""summary"": true}, {""iteration"": 1, ""max_slack"": 2.529778257445931e-07, ""objective"": 87660.51285668576, ""original_change"": null, ""penalized_change"": null, ""penalized_objective"": 87660.51285684628, ""phase"": ""mellowmin"", ""solver_time"": 0.013042926788330078, ""status"": ""optimal"", ""tau"": 0.005}, {""iteration"": 2, ""max_slack"": 1.2193766780078071e-09, ""objective"": 87660.51285667748, ""original_change"": 8.280039764940739e-09, ""penalized_change"": 1.6736157704144716e-07, ""penalized_objective"": 87660.51285667892, ""phase"": ""mellowmin"", ""solver_time"": 0.013808965682983398, ""status"": ""optimal"", ""tau"": 0.01}, {""converged"": true, ""phase"": ""mellowmin"", ""summary"": true}]",
DEU_LocationALower-32_186_T-1,scenarios/experiment_scenarios/highd/DEU_LocationALower-32_186_T-1.xml,12,R_G1,0,lin2025,21,lse_mellowmin,trajectory,20260922,True,True,True,True,0.006432702999518369,0.001660817000811221,0.06848657000045932,0.06848657000045932,0.3865882350000902,0.4631683250008791,0.14918007999949623,0.042875051498413086,0.042875051498413086,253,0,631,168,463,22,21,378,4,True,1.7627951167479919e-09,optimal,167290.23635667062,0.01000000000027215,11,inf,,,,"[{""iteration"": 1, ""max_slack"": 1.070868545256993e-09, ""objective"": 167290.23635666858, ""original_change"": null, ""penalized_change"": null, ""penalized_objective"": 167290.23635666908, ""phase"": ""lse"", ""solver_time"": 0.014025211334228516, ""status"": ""optimal"", ""tau"": 0.005}, {""iteration"": 2, ""max_slack"": 1.8102432925818252e-08, ""objective"": 167290.2363566694, ""original_change"": 8.149072527885437e-10, ""penalized_change"": 2.278829924762249e-08, ""penalized_objective"": 167290.23635669186, ""phase"": ""lse"", ""solver_time"": 0.003504037857055664, ""status"": ""optimal"", ""tau"": 0.01}, {""converged"": true, ""phase"": ""lse"", ""summary"": true}, {""iteration"": 1, ""max_slack"": 1.4049359082485128e-07, ""objective"": 167290.23635667382, ""original_change"": null, ""penalized_change"": null, ""penalized_objective"": 167290.23635673535, ""phase"": ""mellowmin"", ""solver_time"": 0.01278996467590332, ""status"": ""optimal"", ""tau"": 0.005}, {""iteration"": 2, ""max_slack"": 1.7627951167479919e-09, ""objective"": 167290.23635666873, ""original_change"": 5.093170329928398e-09, ""penalized_change"": 6.472691893577576e-08, ""penalized_objective"": 167290.23635667062, ""phase"": ""mellowmin"", ""solver_time"": 0.012555837631225586, ""status"": ""optimal"", ""tau"": 0.01}, {""converged"": true, ""phase"": ""mellowmin"", ""summary"": true}]",
DEU_LocationALower-32_70_T-1,scenarios/experiment_scenarios/highd/DEU_LocationALower-32_70_T-1.xml,14,R_G1,0,lin2025,21,lse_mellowmin,trajectory,20260922,True,True,True,True,0.006619695999688702,0.001597218000824796,0.06362354199882247,0.06362354199882247,0.6295688170011999,0.7014092730005359,0.1706190120003157,0.04141521453857422,0.04141521453857422,253,0,631,168,463,22,21,378,4,True,6.54090559661628e-08,optimal,190633.53129745196,0.010000000008119514,12,inf,,,,"[{""iteration"": 1, ""max_slack"": 7.539051375433615e-09, ""objective"": 190633.5312973785, ""original_change"": null, ""penalized_change"": null, ""penalized_objective"": 190633.53129738555, ""phase"": ""lse"", ""solver_time"": 0.012420892715454102, ""status"": ""optimal"", ""tau"": 0.005}, {""iteration"": 2, ""max_slack"": 4.401835832211034e-09, ""objective"": 190633.53129737836, ""original_change"": 1.4551915228366852e-10, ""penalized_change"": 1.4551915228366852e-10, ""penalized_objective"": 190633.5312973857, ""phase"": ""lse"", ""solver_time"": 0.0036110877990722656, ""status"": ""optimal"", ""tau"": 0.01}, {""converged"": true, ""phase"": ""lse"", ""summary"": true}, {""iteration"": 1, ""max_slack"": 2.880126265753576e-08, ""objective"": 190633.5312973788, ""original_change"": null, ""penalized_change"": null, ""penalized_objective"": 190633.53129739015, ""phase"": ""mellowmin"", ""solver_time"": 0.012589216232299805, ""status"": ""optimal"", ""tau"": 0.005}, {""iteration"": 2, ""max_slack"": 6.54090559661628e-08, ""objective"": 190633.53129738203, ""original_change"": 3.230525180697441e-09, ""penalized_change"": 6.181653589010239e-08, ""penalized_objective"": 190633.53129745196, ""phase"": ""mellowmin"", ""solver_time"": 0.012794017791748047, ""status"": ""optimal"", ""tau"": 0.01}, {""converged"": true, ""phase"": ""mellowmin"", ""summary"": true}]",
DEU_LocationALower-32_84_T-1,scenarios/experiment_scenarios/highd/DEU_LocationALower-32_84_T-1.xml,13,R_G1,0,lin2025,21,lse_mellowmin,trajectory,20260922,True,True,True,True,0.006472279999798047,0.0025832139999693027,0.06507902600060333,0.06507902600060333,0.36453549500038207,0.43867001500075276,0.15657338600067305,0.042395830154418945,0.042395830154418945,253,0,631,168,463,22,21,378,4,True,2.0794119855753392e-08,optimal,162279.8072939267,0.01000000000141199,10,inf,,,,"[{""iteration"": 1, ""max_slack"": 5.404949953571403e-07, ""objective"": 162279.80729392866, ""original_change"": null, ""penalized_change"": null, ""penalized_objective"": 162279.8072943857, ""phase"": ""lse"", ""solver_time"": 0.011954784393310547, ""status"": ""optimal"", ""tau"": 0.005}, {""iteration"": 2, ""max_slack"": 2.440369024633388e-09, ""objective"": 162279.80729391082, ""original_change"": 1.784064806997776e-08, ""penalized_change"": 4.7107459977269173e-07, ""penalized_objective"": 162279.80729391464, ""phase"": ""lse"", ""solver_time"": 0.0038299560546875, ""status"": ""optimal"", ""tau"": 0.01}, {""converged"": true, ""phase"": ""lse"", ""summary"": true}, {""iteration"": 1, ""max_slack"": 4.396188317890758e-08, ""objective"": 162279.80729391184, ""original_change"": null, ""penalized_change"": null, ""penalized_objective"": 162279.807293927, ""phase"": ""mellowmin"", ""solver_time"": 0.014005184173583984, ""status"": ""optimal"", ""tau"": 0.005}, {""iteration"": 2, ""max_slack"": 2.0794119855753392e-08, ""objective"": 162279.80729391123, ""original_change"": 6.111804395914078e-10, ""penalized_change"": 3.2014213502407074e-10, ""penalized_objective"": 162279.8072939267, ""phase"": ""mellowmin"", ""solver_time"": 0.012605905532836914, ""status"": ""optimal"", ""tau"": 0.01}, {""converged"": true, ""phase"": ""mellowmin"", ""summary"": true}]",
DEU_LocationALower-33_142_T-1,scenarios/experiment_scenarios/highd/DEU_LocationALower-33_142_T-1.xml,10,R_G1,0,lin2025,16,lse_mellowmin,trajectory,20260922,True,True,True,True,0.010572668999884627,0.0009803409993764944,0.046725621999939904,0.046725621999939904,0.2666782649994275,0.3249568969986285,0.3714611710001918,0.0190737247467041,0.0190737247467041,183,0,426,128,298,12,11,213,6,True,5.239788983667287e-09,optimal,274911.6285212211,0.010000000000750641,8,inf,,,,"[{""iteration"": 1, ""max_slack"": 1.8250593250265332, ""objective"": 274911.62864456954, ""original_change"": null, ""penalized_change"": null, ""penalized_objective"": 274911.8438569578, ""phase"": ""lse"", ""solver_time"": 0.004047870635986328, ""status"": ""optimal"", ""tau"": 0.005}, {""iteration"": 2, ""max_slack"": 0.5421006919689676, ""objective"": 274911.62867622665, ""original_change"": 3.165710950270295e-05, ""penalized_change"": 0.0544141034479253, ""penalized_objective"": 274911.78944285435, ""phase"": ""lse"", ""solver_time"": 0.003329038619995117, ""status"": ""optimal"", ""tau"": 0.01}, {""iteration"": 3, ""max_slack"": 4.397501063850244e-10, ""objective"": 274911.6285212176, ""original_change"": 0.00015500903828069568, ""penalized_change"": 0.16092163609573618, ""penalized_objective"": 274911.62852121826, ""phase"": ""lse"", ""solver_time"": 0.0036840438842773438, ""status"": ""optimal"", ""tau"": 0.02}, {""iteration"": 4, ""max_slack"": 1.9593477547802192e-09, ""objective"": 274911.62852121785, ""original_change"": 2.3283064365386963e-10, ""penalized_change"": 3.550667315721512e-09, ""penalized_objective"": 274911.6285212218, ""phase"": ""lse"", ""solver_time"": 0.001873016357421875, ""status"": ""optimal"", ""tau"": 0.04}, {""converged"": true, ""phase"": ""lse"", ""summary"": true}, {""iteration"": 1, ""max_slack"": 1.5975860346424225e-08, ""objective"": 274911.6285212179, ""original_change"": null, ""penalized_change"": null, ""penalized_objective"": 274911.6285212242, ""phase"": ""mellowmin"", ""solver_time"": 0.002889871597290039, ""status"": ""optimal"", ""tau"": 0.005}, {""iteration"": 2, ""max_slack"": 5.239788983667287e-09, ""objective"": 274911.6285212178, ""original_change"": 1.1641532182693481e-10, ""penalized_change"": 3.0850060284137726e-09, ""penalized_objective"": 274911.6285212211, ""phase"": ""mellowmin"", ""solver_time"": 0.0032498836517333984, ""status"": ""optimal"", ""tau"": 0.01}, {""converged"": true, ""phase"": ""mellowmin"", ""summary"": true}]",
DEU_LocationALower-33_16_T-1,scenarios/experiment_scenarios/highd/DEU_LocationALower-33_16_T-1.xml,12,R_G1,0,lin2025,21,lse_mellowmin,trajectory,20260922,True,True,True,True,0.009691916999145178,0.0014212290006980766,0.053157468000790686,0.053157468000790686,0.2512548640006571,0.31552547800129105,0.16955260400027328,0.02776789665222168,0.02776789665222168,243,0,576,168,408,17,16,303,4,True,3.0667021871552105e-08,optimal,312640.51576763135,0.010000000003562031,10,inf,,,,"[{""iteration"": 1, ""max_slack"": 9.39944204522897e-10, ""objective"": 312640.5157675945, ""original_change"": null, ""penalized_change"": null, ""penalized_objective"": 312640.515767595, ""phase"": ""lse"", ""solver_time"": 0.00843191146850586, ""status"": ""optimal"", ""tau"": 0.005}, {""iteration"": 2, ""max_slack"": 6.666087733348534e-08, ""objective"": 312640.51576761017, ""original_change"": 1.5657860785722733e-08, ""penalized_change"": 8.422648534178734e-08, ""penalized_objective"": 312640.5157676792, ""phase"": ""lse"", ""solver_time"": 0.0031499862670898438, ""status"": ""optimal"", ""tau"": 0.01}, {""converged"": true, ""phase"": ""lse"", ""summary"": true}, {""iteration"": 1, ""max_slack"": 9.401555880586987e-10, ""objective"": 312640.5157675946, ""original_change"": null, ""penalized_change"": null, ""penalized_objective"": 312640.5157675951, ""phase"": ""mellowmin"", ""solver_time"": 0.00846099853515625, ""status"": ""optimal"", ""tau"": 0.005}, {""iteration"": 2, ""max_slack"": 3.0667021871552105e-08, ""objective"": 312640.5157675998, ""original_change"": 5.180481821298599e-09, ""penalized_change"": 3.6263372749090195e-08, ""penalized_objective"": 312640.51576763135, ""phase"": ""mellowmin"", ""solver_time"": 0.0077250003814697266, ""status"": ""optimal"", ""tau"": 0.01}, {""converged"": true, ""phase"": ""mellowmin"", ""summary"": true}]",
DEU_LocationALower-33_219_T-1,scenarios/experiment_scenarios/highd/DEU_LocationALower-33_219_T-1.xml,8,R_G1,0,lin2025,18,lse_mellowmin,trajectory,20260922,True,True,True,True,0.006494146000477485,0.002176219000830315,0.05169977700097661,0.05169977700097661,0.30280093900000793,0.36317108100229234,0.5073989379998238,0.026833057403564453,0.026833057403564453,213,0,519,144,375,17,16,294,6,True,1.3621319599329708e-09,optimal,275664.52931014786,0.010000000000189982,7,inf,,,,"[{""iteration"": 1, ""max_slack"": 2.3298178934206266, ""objective"": 275664.53175420687, ""original_change"": null, ""penalized_change"": null, ""penalized_objective"": 275665.2997202193, ""phase"": ""lse"", ""solver_time"": 0.003100156784057617, ""status"": ""optimal"", ""tau"": 0.005}, {""iteration"": 2, ""max_slack"": 1.584540162479231, ""objective"": 275664.52938757045, ""original_change"": 0.0023666364140808582, ""penalized_change"": 0.5326516224304214, ""penalized_objective"": 275664.76706859685, ""phase"": ""lse"", ""solver_time"": 0.003660917282104492, ""status"": ""optimal"", ""tau"": 0.01}, {""iteration"": 3, ""max_slack"": 8.985350074881785e-09, ""objective"": 275664.5293101494, ""original_change"": 7.742107845842838e-05, ""penalized_change"": 0.23775842651957646, ""penalized_objective"": 275664.5293101703, ""phase"": ""lse"", ""solver_time"": 0.0027489662170410156, ""status"": ""optimal"", ""tau"": 0.02}, {""iteration"": 4, ""max_slack"": 1.0635386730508517e-09, ""objective"": 275664.5293101518, ""original_change"": 2.444721758365631e-09, ""penalized_change"": 1.2863893061876297e-08, ""penalized_objective"": 275664.52931015746, ""phase"": ""lse"", ""solver_time"": 0.0024988651275634766, ""status"": ""optimal"", ""tau"": 0.04}, {""converged"": true, ""phase"": ""lse"", ""summary"": true}, {""iteration"": 1, ""max_slack"": 7.452458738558996e-09, ""objective"": 275664.5293101473, ""original_change"": null, ""penalized_change"": null, ""penalized_objective"": 275664.5293101523, ""phase"": ""mellowmin"", ""solver_time"": 0.007096052169799805, ""status"": ""optimal"", ""tau"": 0.005}, {""iteration"": 2, ""max_slack"": 1.3621319599329708e-09, ""objective"": 275664.5293101468, ""original_change"": 4.656612873077393e-10, ""penalized_change"": 4.423782229423523e-09, ""penalized_objective"": 275664.52931014786, ""phase"": ""mellowmin"", ""solver_time"": 0.007728099822998047, ""status"": ""optimal"", ""tau"": 0.01}, {""converged"": true, ""phase"": ""mellowmin"", ""summary"": true}]",
DEU_LocationALower-33_228_T-1,scenarios/experiment_scenarios/highd/DEU_LocationALower-33_228_T-1.xml,14,R_G1,0,lin2025,21,lse_mellowmin,trajectory,20260922,True,True,True,True,0.009632375998990028,0.00161129499974777,0.09136602499893343,0.09136602499893343,0.37959803199919406,0.4822077279968653,0.16390120100004424,0.05099010467529297,0.05099010467529297,253,0,631,168,463,22,21,378,8,True,2.3622685849446245e-08,optimal,212340.35210519203,0.010000000004595222,13,inf,,,,"[{""iteration"": 1, ""max_slack"": 4.29148755860188e-08, ""objective"": 212340.3521051581, ""original_change"": null, ""penalized_change"": null, ""penalized_objective"": 212340.35210517506, ""phase"": ""lse"", ""solver_time"": 0.009361028671264648, ""status"": ""optimal"", ""tau"": 0.005}, {""iteration"": 2, ""max_slack"": 1.8918335090072496, ""objective"": 212413.58308536874, ""original_change"": 73.23098021064652, ""penalized_change"": 74.087245467701, ""penalized_objective"": 212414.43935064276, ""phase"": ""lse"", ""solver_time"": 0.003793001174926758, ""status"": ""optimal"", ""tau"": 0.01}, {""iteration"": 3, ""max_slack"": 2.722061015144816e-09, ""objective"": 212340.3521051576, ""original_change"": 73.23098021114129, ""penalized_change"": 74.08724547768361, ""penalized_objective"": 212340.35210516508, ""phase"": ""lse"", ""solver_time"": 0.004228830337524414, ""status"": ""optimal"", ""tau"": 0.02}, {""iteration"": 4, ""max_slack"": 0.6691024792797383, ""objective"": 212371.81371947794, ""original_change"": 31.46161432034569, ""penalized_change"": 32.060821466118796, ""penalized_objective"": 212372.4129266312, ""phase"": ""lse"", ""solver_time"": 0.004544973373413086, ""status"": ""optimal"", ""tau"": 0.04}, {""iteration"": 5, ""max_slack"": 2.1554431244422697e-09, ""objective"": 212340.35210515777, ""original_change"": 31.461614320171066, ""penalized_change"": 32.06082146073459, ""penalized_objective"": 212340.35210517046, ""phase"": ""lse"", ""solver_time"": 0.0034799575805664062, ""status"": ""optimal"", ""tau"": 0.08}, {""iteration"": 6, ""max_slack"": 6.232065498093486e-10, ""objective"": 212340.3521051581, ""original_change"": 3.2014213502407074e-10, ""penalized_change"": 3.725290298461914e-09, ""penalized_objective"": 212340.35210516673, ""phase"": ""lse"", ""solver_time"": 0.003939151763916016, ""status"": ""optimal"", ""tau"": 0.16}, {""converged"": true, ""phase"": ""lse"", ""summary"": true}, {""iteration"": 1, ""max_slack"": 7.314445864761673e-10, ""objective"": 212340.3521051574, ""original_change"": null, ""penalized_change"": null, ""penalized_objective"": 212340.35210515792, ""phase"": ""mellowmin"", ""solver_time"": 0.0111541748046875, ""status"": ""optimal"", ""tau"": 0.005}, {""iteration"": 2, ""max_slack"": 2.3622685849446245e-08, ""objective"": 212340.35210515917, ""original_change"": 1.775333657860756e-09, ""penalized_change"": 3.41096892952919e-08, ""penalized_objective"": 212340.35210519203, ""phase"": ""mellowmin"", ""solver_time"": 0.01048898696899414, ""status"": ""optimal"", ""tau"": 0.01}, {""converged"": true, ""phase"": ""mellowmin"", ""summary"": true}]",
DEU_LocationALower-33_233_T-1,scenarios/experiment_scenarios/highd/DEU_LocationALower-33_233_T-1.xml,14,R_G1,0,lin2025,21,lse_mellowmin,trajectory,20260922,True,True,True,True,0.007827969999198103,0.001682209000136936,0.06570485200063558,0.06570485200063558,0.6556218160003482,0.7308368470003188,0.28749257500021486,0.05473184585571289,0.05473184585571289,253,0,631,168,463,22,21,378,6,True,7.557662828952697e-09,optimal,105393.46979020916,0.01000000000055837,11,inf,,,,"[{""iteration"": 1, ""max_slack"": 1.5558788502214327, ""objective"": 105393.4829618633, ""original_change"": null, ""penalized_change"": null, ""penalized_objective"": 105394.53025068967, ""phase"": ""lse"", ""solver_time"": 0.0062749385833740234, ""status"": ""optimal"", ""tau"": 0.005}, {""iteration"": 2, ""max_slack"": 1.5743643258126423, ""objective"": 105393.47003331035, ""original_change"": 0.012928552940138616, ""penalized_change"": 0.8240627296909224, ""penalized_objective"": 105393.70618795998, ""phase"": ""lse"", ""solver_time"": 0.006716012954711914, ""status"": ""optimal"", ""tau"": 0.01}, {""iteration"": 3, ""max_slack"": 4.0999822760996316e-10, ""objective"": 105393.46979019903, ""original_change"": 0.00024311132438015193, ""penalized_change"": 0.23639775977062527, ""penalized_objective"": 105393.46979020021, ""phase"": ""lse"", ""solver_time"": 0.0040628910064697266, ""status"": ""optimal"", ""tau"": 0.02}, {""iteration"": 4, ""max_slack"": 4.123403328356527e-09, ""objective"": 105393.46979019968, ""original_change"": 6.548361852765083e-10, ""penalized_change"": 1.2994860298931599e-08, ""penalized_objective"": 105393.4697902132, ""phase"": ""lse"", ""solver_time"": 0.003774881362915039, ""status"": ""optimal"", ""tau"": 0.04}, {""converged"": true, ""phase"": ""lse"", ""summary"": true}, {""iteration"": 1, ""max_slack"": 2.4756270613070057e-07, ""objective"": 105393.46979020633, ""original_change"": null, ""penalized_change"": null, ""penalized_objective"": 105393.46979032856, ""phase"": ""mellowmin"", ""solver_time"": 0.016961097717285156, ""status"": ""optimal"", ""tau"": 0.005}, {""iteration"": 2, ""max_slack"": 7.557662828952697e-09, ""objective"": 105393.46979019926, ""original_change"": 7.07223080098629e-09, ""penalized_change"": 1.1939846444875002e-07, ""penalized_objective"": 105393.46979020916, ""phase"": ""mellowmin"", ""solver_time"": 0.01694202423095703, ""status"": ""optimal"", ""tau"": 0.01}, {""converged"": true, ""phase"": ""mellowmin"", ""summary"": true}]",
DEU_LocationALower-33_261_T-1,scenarios/experiment_scenarios/highd/DEU_LocationALower-33_261_T-1.xml,13,R_G1,0,lin2025,21,lse_mellowmin,trajectory,20260922,True,True,True,True,0.00984495699958643,0.0016730890001781518,0.06454786399990553,0.06454786399990553,0.3490049820011336,0.4250708920008037,0.1726186409996444,0.045581817626953125,0.045581817626953125,253,0,631,168,463,22,21,378,6,True,4.322701324733988e-09,optimal,238594.78970763614,0.010000000000275122,11,inf,,,,"[{""iteration"": 1, ""max_slack"": 1.9451208549504573, ""objective"": 238594.79827027855, ""original_change"": null, ""penalized_change"": null, ""penalized_objective"": 238595.62366802557, ""phase"": ""lse"", ""solver_time"": 0.009322881698608398, ""status"": ""optimal"", ""tau"": 0.005}, {""iteration"": 2, ""max_slack"": 1.6634258039594714, ""objective"": 238594.79737844362, ""original_change"": 0.0008918349340092391, ""penalized_change"": 0.17047909362008795, ""penalized_objective"": 238595.7941471192, ""phase"": ""lse"", ""solver_time"": 0.004090070724487305, ""status"": ""optimal"", ""tau"": 0.01}, {""iteration"": 3, ""max_slack"": 1.9856661983271875e-10, ""objective"": 238594.78970762767, ""original_change"": 0.007670815946767107, ""penalized_change"": 1.004439490934601, ""penalized_objective"": 238594.78970762825, ""phase"": ""lse"", ""solver_time"": 0.004790067672729492, ""status"": ""optimal"", ""tau"": 0.02}, {""iteration"": 4, ""max_slack"": 5.4223272791814e-09, ""objective"": 238594.7897076283, ""original_change"": 6.402842700481415e-10, ""penalized_change"": 4.854518920183182e-08, ""penalized_objective"": 238594.7897076768, ""phase"": ""lse"", ""solver_time"": 0.003751993179321289, ""status"": ""optimal"", ""tau"": 0.04}, {""converged"": true, ""phase"": ""lse"", ""summary"": true}, {""iteration"": 1, ""max_slack"": 4.225631291747509e-08, ""objective"": 238594.78970762843, ""original_change"": null, ""penalized_change"": null, ""penalized_objective"": 238594.78970764417, ""phase"": ""mellowmin"", ""solver_time"": 0.011689901351928711, ""status"": ""optimal"", ""tau"": 0.005}, {""iteration"": 2, ""max_slack"": 4.322701324733988e-09, ""objective"": 238594.78970762782, ""original_change"": 6.111804395914078e-10, ""penalized_change"": 8.032657206058502e-09, ""penalized_objective"": 238594.78970763614, ""phase"": ""mellowmin"", ""solver_time"": 0.01193690299987793, ""status"": ""optimal"", ""tau"": 0.01}, {""converged"": true, ""phase"": ""mellowmin"", ""summary"": true}]",
DEU_LocationALower-33_265_T-1,scenarios/experiment_scenarios/highd/DEU_LocationALower-33_265_T-1.xml,22,R_G1,0,lin2025,21,lse_mellowmin,trajectory,20260922,True,True,True,True,0.012480091998440912,0.0015245969989337027,0.06354040799851646,0.06354040799851646,0.7809849149998627,0.8585300119957537,0.2969443849997333,0.06123185157775879,0.06123185157775879,253,0,617,168,449,22,21,364,6,True,1.037626749520376e-08,optimal,42415.217322580356,0.010000000001099352,20,inf,,,,"[{""iteration"": 1, ""max_slack"": 1.9297142272714647, ""objective"": 42415.22221078765, ""original_change"": null, ""penalized_change"": null, ""penalized_objective"": 42415.74633803569, ""phase"": ""lse"", ""solver_time"": 0.009423971176147461, ""status"": ""optimal"", ""tau"": 0.005}, {""iteration"": 2, ""max_slack"": 1.7167421535754201, ""objective"": 42415.22073710227, ""original_change"": 0.0014736853845533915, ""penalized_change"": 0.010864684205444064, ""penalized_objective"": 42415.73547335149, ""phase"": ""lse"", ""solver_time"": 0.00669097900390625, ""status"": ""optimal"", ""tau"": 0.01}, {""iteration"": 3, ""max_slack"": 4.699965733315506e-10, ""objective"": 42415.21732256715, ""original_change"": 0.0034145351164625026, ""penalized_change"": 0.5181507830129704, ""penalized_objective"": 42415.217322568475, ""phase"": ""lse"", ""solver_time"": 0.006371021270751953, ""status"": ""optimal"", ""tau"": 0.02}, {""iteration"": 4, ""max_slack"": 1.4285514167003329e-08, ""objective"": 42415.21732256927, ""original_change"": 2.117303665727377e-09, ""penalized_change"": 1.0075746104121208e-07, ""penalized_objective"": 42415.21732266923, ""phase"": ""lse"", ""solver_time"": 0.005675792694091797, ""status"": ""optimal"", ""tau"": 0.04}, {""converged"": true, ""phase"": ""lse"", ""summary"": true}, {""iteration"": 1, ""max_slack"": 1.068032633651746e-08, ""objective"": 42415.21732256727, ""original_change"": null, ""penalized_change"": null, ""penalized_objective"": 42415.21732257834, ""phase"": ""mellowmin"", ""solver_time"": 0.017787933349609375, ""status"": ""optimal"", ""tau"": 0.005}, {""iteration"": 2, ""max_slack"": 1.037626749520376e-08, ""objective"": 42415.217322567376, ""original_change"": 1.0913936421275139e-10, ""penalized_change"": 2.015440259128809e-09, ""penalized_objective"": 42415.217322580356, ""phase"": ""mellowmin"", ""solver_time"": 0.015282154083251953, ""status"": ""optimal"", ""tau"": 0.01}, {""converged"": true, ""phase"": ""mellowmin"", ""summary"": true}]",
DEU_LocationALower-33_96_T-1,scenarios/experiment_scenarios/highd/DEU_LocationALower-33_96_T-1.xml,9,R_G1,0,lin2025,21,lse_mellowmin,trajectory,20260922,True,True,True,True,0.01032278400089126,0.001643757999772788,0.06430933600131539,0.06430933600131539,0.35167399599959026,0.4279498740015697,0.18160324599921296,0.04420161247253418,0.04420161247253418,253,0,631,168,463,22,21,378,6,True,1.4342417253141766e-08,optimal,213667.227007978,0.010000000001809894,7,inf,,,,"[{""iteration"": 1, ""max_slack"": 1.783386773541733, ""objective"": 213667.23558663984, ""original_change"": null, ""penalized_change"": null, ""penalized_objective"": 213668.0335667404, ""phase"": ""lse"", ""solver_time"": 0.007527828216552734, ""status"": ""optimal"", ""tau"": 0.005}, {""iteration"": 2, ""max_slack"": 1.7525530145786317, ""objective"": 213667.22745867862, ""original_change"": 0.008127961220452562, ""penalized_change"": 0.2804399044252932, ""penalized_objective"": 213667.75312683597, ""phase"": ""lse"", ""solver_time"": 0.004900932312011719, ""status"": ""optimal"", ""tau"": 0.01}, {""iteration"": 3, ""max_slack"": 1.004381740022113e-07, ""objective"": 213667.22700797638, ""original_change"": 0.00045070223859511316, ""penalized_change"": 0.5261185199196916, ""penalized_objective"": 213667.22700831605, ""phase"": ""lse"", ""solver_time"": 0.0038399696350097656, ""status"": ""optimal"", ""tau"": 0.02}, {""iteration"": 4, ""max_slack"": 1.379679218346436e-09, ""objective"": 213667.22700796163, ""original_change"": 1.4755642041563988e-08, ""penalized_change"": 3.483437467366457e-07, ""penalized_objective"": 213667.2270079677, ""phase"": ""lse"", ""solver_time"": 0.0035839080810546875, ""status"": ""optimal"", ""tau"": 0.04}, {""converged"": true, ""phase"": ""lse"", ""summary"": true}, {""iteration"": 1, ""max_slack"": 1.0035548325932708e-07, ""objective"": 213667.22700796757, ""original_change"": null, ""penalized_change"": null, ""penalized_objective"": 213667.2270080067, ""phase"": ""mellowmin"", ""solver_time"": 0.012006044387817383, ""status"": ""optimal"", ""tau"": 0.005}, {""iteration"": 2, ""max_slack"": 1.4342417253141766e-08, ""objective"": 213667.2270079621, ""original_change"": 5.471520125865936e-09, ""penalized_change"": 2.8696376830339432e-08, ""penalized_objective"": 213667.227007978, ""phase"": ""mellowmin"", ""solver_time"": 0.01234292984008789, ""status"": ""optimal"", ""tau"": 0.01}, {""converged"": true, ""phase"": ""mellowmin"", ""summary"": true}]",
DEU_LocationALower-34_120_T-1,scenarios/experiment_scenarios/highd/DEU_LocationALower-34_120_T-1.xml,17,R_G1,0,lin2025,21,lse_mellowmin,trajectory,20260922,True,True,True,True,0.008958502001405577,0.0017824319984356407,0.06817267299993546,0.06817267299993546,1.0657042559996626,1.1446178629994392,0.3823532590013201,0.08211302757263184,0.08211302757263184,253,0,631,168,463,22,21,378,4,True,9.054230197456757e-09,optimal,150881.33023312374,0.010000000000616183,15,inf,,,,"[{""iteration"": 1, ""max_slack"": 6.741252736171166e-09, ""objective"": 150881.3302331034, ""original_change"": null, ""penalized_change"": null, ""penalized_objective"": 150881.33023311026, ""phase"": ""lse"", ""solver_time"": 0.023222923278808594, ""status"": ""optimal"", ""tau"": 0.005}, {""iteration"": 2, ""max_slack"": 1.785643200637456e-08, ""objective"": 150881.33023310374, ""original_change"": 3.4924596548080444e-10, ""penalized_change"": 3.0995579436421394e-08, ""penalized_objective"": 150881.33023314126, ""phase"": ""lse"", ""solver_time"": 0.007014036178588867, ""status"": ""optimal"", ""tau"": 0.01}, {""converged"": true, ""phase"": ""lse"", ""summary"": true}, {""iteration"": 1, ""max_slack"": 6.741513498973982e-09, ""objective"": 150881.3302331033, ""original_change"": null, ""penalized_change"": null, ""penalized_objective"": 150881.33023311017, ""phase"": ""mellowmin"", ""solver_time"": 0.02573418617248535, ""status"": ""optimal"", ""tau"": 0.005}, {""iteration"": 2, ""max_slack"": 9.054230197456757e-09, ""objective"": 150881.3302331035, ""original_change"": 2.0372681319713593e-10, ""penalized_change"": 1.3562384992837906e-08, ""penalized_objective"": 150881.33023312374, ""phase"": ""mellowmin"", ""solver_time"": 0.026141881942749023, ""status"": ""optimal"", ""tau"": 0.01}, {""converged"": true, ""phase"": ""mellowmin"", ""summary"": true}]",
DEU_LocationALower-34_146_T-1,scenarios/experiment_scenarios/highd/DEU_LocationALower-34_146_T-1.xml,14,R_G1,0,lin2025,21,lse_mellowmin,trajectory,20260922,True,True,True,True,0.004220910999720218,0.001466818001063075,0.060723681999661494,0.060723681999661494,0.30527322299894877,0.37168463399939355,0.18754379900019558,0.041113853454589844,0.041113853454589844,253,0,610,168,442,22,21,357,4,True,5.278935746623021e-10,optimal,58903.34898773703,0.010000000000163172,11,inf,,,,"[{""iteration"": 1, ""max_slack"": 4.690814989546645e-08, ""objective"": 58903.34898773892, ""original_change"": null, ""penalized_change"": null, ""penalized_objective"": 58903.34898775679, ""phase"": ""lse"", ""solver_time"": 0.01271200180053711, ""status"": ""optimal"", ""tau"": 0.005}, {""iteration"": 2, ""max_slack"": 2.3388674276261508e-07, ""objective"": 58903.348987751204, ""original_change"": 1.2281816452741623e-08, ""penalized_change"": 2.3817847250029445e-07, ""penalized_objective"": 58903.34898799497, ""phase"": ""lse"", ""solver_time"": 0.0036728382110595703, ""status"": ""optimal"", ""tau"": 0.01}, {""converged"": true, ""phase"": ""lse"", ""summary"": true}, {""iteration"": 1, ""max_slack"": 4.695302346706761e-08, ""objective"": 58903.34898773895, ""original_change"": null, ""penalized_change"": null, ""penalized_objective"": 58903.34898775681, ""phase"": ""mellowmin"", ""solver_time"": 0.012547016143798828, ""status"": ""optimal"", ""tau"": 0.005}, {""iteration"": 2, ""max_slack"": 5.278935746623021e-10, ""objective"": 58903.3489877365, ""original_change"": 2.4519977159798145e-09, ""penalized_change"": 1.9783328752964735e-08, ""penalized_objective"": 58903.34898773703, ""phase"": ""mellowmin"", ""solver_time"": 0.012181997299194336, ""status"": ""optimal"", ""tau"": 0.01}, {""converged"": true, ""phase"": ""mellowmin"", ""summary"": true}]",
DEU_LocationALower-34_147_T-1,scenarios/experiment_scenarios/highd/DEU_LocationALower-34_147_T-1.xml,16,R_G1,0,lin2025,21,lse_mellowmin,trajectory,20260922,True,True,True,True,0.006942962998436997,0.0030277889982244233,0.06447835499966459,0.06447835499966459,0.8207850239996333,0.8952341309959593,0.19279258499955176,0.05495333671569824,0.05495333671569824,253,0,610,168,442,22,21,357,12,True,3.060980962013048e-10,optimal,41777.82997129383,0.010000000000124904,15,inf,,,,"[{""iteration"": 1, ""max_slack"": 4.805039467635735e-07, ""objective"": 41777.829971383675, ""original_change"": null, ""penalized_change"": null, ""penalized_objective"": 41777.82997173643, ""phase"": ""lse"", ""solver_time"": 0.007331132888793945, ""status"": ""optimal"", ""tau"": 0.005}, {""iteration"": 2, ""max_slack"": 2.2391519361886285, ""objective"": 41865.35944662513, ""original_change"": 87.52947524145566, ""penalized_change"": 88.72470354133839, ""penalized_objective"": 41866.55467527777, ""phase"": ""lse"", ""solver_time"": 0.0031728744506835938, ""status"": ""optimal"", ""tau"": 0.01}, {""iteration"": 3, ""max_slack"": 5.842468765324042, ""objective"": 41777.846929578205, ""original_change"": 87.5125170469255, ""penalized_change"": 85.67065588785772, ""penalized_objective"": 41780.88401938991, ""phase"": ""lse"", ""solver_time"": 0.0029630661010742188, ""status"": ""optimal"", ""tau"": 0.02}, {""iteration"": 4, ""max_slack"": 3.574439477952975e-08, ""objective"": 41777.82997213636, ""original_change"": 0.01695744184689829, ""penalized_change"": 3.05404714190081, ""penalized_objective"": 41777.82997224801, ""phase"": ""lse"", ""solver_time"": 0.004536151885986328, ""status"": ""optimal"", ""tau"": 0.04}, {""iteration"": 5, ""max_slack"": 2.117523059568837, ""objective"": 41865.606311237345, ""original_change"": 87.77633910098666, ""penalized_change"": 96.91630072765838, ""penalized_objective"": 41874.746272975666, ""phase"": ""lse"", ""solver_time"": 0.002871990203857422, ""status"": ""optimal"", ""tau"": 0.08}, {""iteration"": 6, ""max_slack"": 5.57664406384215, ""objective"": 41778.15289200213, ""original_change"": 87.45341923521482, ""penalized_change"": 80.59854536531202, ""penalized_objective"": 41794.147727610354, ""phase"": ""lse"", ""solver_time"": 0.0027899742126464844, ""status"": ""optimal"", ""tau"": 0.16}, {""iteration"": 7, ""max_slack"": 3.787202014737577e-11, ""objective"": 41777.82997324839, ""original_change"": 0.32291875374357915, ""penalized_change"": 16.317754358162347, ""penalized_objective"": 41777.82997325219, ""phase"": ""lse"", ""solver_time"": 0.004445075988769531, ""status"": ""optimal"", ""tau"": 0.32}, {""iteration"": 8, ""max_slack"": 1.1431602163068153, ""objective"": 41880.71615040236, ""original_change"": 102.88617715397413, ""penalized_change"": 148.966513494197, ""penalized_objective"": 41926.79648674639, ""phase"": ""lse"", ""solver_time"": 0.002964019775390625, ""status"": ""optimal"", ""tau"": 0.64}, {""iteration"": 9, ""max_slack"": 3.202968525862613e-10, ""objective"": 41777.82997349504, ""original_change"": 102.88617690731917, ""penalized_change"": 148.96651319451485, ""penalized_objective"": 41777.829973551874, ""phase"": ""lse"", ""solver_time"": 0.0025980472564697266, ""status"": ""optimal"", ""tau"": 1.28}, {""iteration"": 10, ""max_slack"": 9.135922457216703e-11, ""objective"": 41777.829988334895, ""original_change"": 1.4839853974990547e-05, ""penalized_change"": 1.483657251810655e-05, ""penalized_objective"": 41777.82998838845, ""phase"": ""lse"", ""solver_time"": 0.0038089752197265625, ""status"": ""optimal"", ""tau"": 2.56}, {""converged"": true, ""phase"": ""lse"", ""summary"": true}, {""iteration"": 1, ""max_slack"": 1.55383275940419e-08, ""objective"": 41777.82997165522, ""original_change"": null, ""penalized_change"": null, ""penalized_objective"": 41777.82997166361, ""phase"": ""mellowmin"", ""solver_time"": 0.006339073181152344, ""status"": ""optimal"", ""tau"": 0.005}, {""iteration"": 2, ""max_slack"": 3.060980962013048e-10, ""objective"": 41777.829971293606, ""original_change"": 3.6161509342491627e-07, ""penalized_change"": 3.6977871786803007e-07, ""penalized_objective"": 41777.82997129383, ""phase"": ""mellowmin"", ""solver_time"": 0.011132955551147461, ""status"": ""optimal"", ""tau"": 0.01}, {""converged"": true, ""phase"": ""mellowmin"", ""summary"": true}]",
DEU_LocationALower-34_163_T-1,scenarios/experiment_scenarios/highd/DEU_LocationALower-34_163_T-1.xml,15,R_G1,0,lin2025,21,lse_mellowmin,trajectory,20260922,True,True,True,True,0.012697365000349237,0.0024902540008042706,0.06609833800030174,0.06609833800030174,0.33146009299889556,0.4127460500003508,0.19304552100038563,0.03947901725769043,0.03947901725769043,253,0,631,168,463,22,21,378,5,True,4.5721122707809115e-08,optimal,193170.89524919324,0.010000000007323706,13,inf,,,,"[{""iteration"": 1, ""max_slack"": 3.0312046868486098, ""objective"": 193182.45473488982, ""original_change"": null, ""penalized_change"": null, ""penalized_objective"": 193182.71088931322, ""phase"": ""lse"", ""solver_time"": 0.008512020111083984, ""status"": ""optimal"", ""tau"": 0.005}, {""iteration"": 2, ""max_slack"": 1.3976447687611012e-07, ""objective"": 193170.8952491453, ""original_change"": 11.559485744510312, ""penalized_change"": 11.815640068351058, ""penalized_objective"": 193170.89524924487, ""phase"": ""lse"", ""solver_time"": 0.0036640167236328125, ""status"": ""optimal"", ""tau"": 0.01}, {""iteration"": 3, ""max_slack"": 4.145325296082058e-08, ""objective"": 193170.89524914286, ""original_change"": 2.444721758365631e-09, ""penalized_change"": 1.9994331523776054e-08, ""penalized_objective"": 193170.89524926487, ""phase"": ""lse"", ""solver_time"": 0.005645036697387695, ""status"": ""optimal"", ""tau"": 0.02}, {""converged"": true, ""phase"": ""lse"", ""summary"": true}, {""iteration"": 1, ""max_slack"": 3.9909691255170807e-07, ""objective"": 193170.89524914988, ""original_change"": null, ""penalized_change"": null, ""penalized_objective"": 193170.8952493878, ""phase"": ""mellowmin"", ""solver_time"": 0.009979009628295898, ""status"": ""optimal"", ""tau"": 0.005}, {""iteration"": 2, ""max_slack"": 4.5721122707809115e-08, ""objective"": 193170.89524914123, ""original_change"": 8.64383764564991e-09, ""penalized_change"": 1.945591066032648e-07, ""penalized_objective"": 193170.89524919324, ""phase"": ""mellowmin"", ""solver_time"": 0.011678934097290039, ""status"": ""optimal"", ""tau"": 0.01}, {""converged"": true, ""phase"": ""mellowmin"", ""summary"": true}]",
DEU_LocationALower-34_179_T-1,scenarios/experiment_scenarios/highd/DEU_LocationALower-34_179_T-1.xml,15,R_G1,0,lin2025,21,lse_mellowmin,trajectory,20260922,True,True,True,True,0.00917872699938016,0.0035106069990433753,0.06724413700067089,0.06724413700067089,0.8235403369999403,0.9034738079990348,0.1974070650012436,0.07006072998046875,0.07006072998046875,253,0,631,168,463,22,21,378,11,True,6.43973823987613e-10,optimal,100211.38155111764,0.010000000000161435,13,inf,,,,"[{""iteration"": 1, ""max_slack"": 6.710478541589874e-09, ""objective"": 100211.3815511161, ""original_change"": null, ""penalized_change"": null, ""penalized_objective"": 100211.3815511207, ""phase"": ""lse"", ""solver_time"": 0.008424997329711914, ""status"": ""optimal"", ""tau"": 0.005}, {""iteration"": 2, ""max_slack"": 2.9081048093847657, ""objective"": 100355.28359392071, ""original_change"": 143.90204280462058, ""penalized_change"": 146.2421437997109, ""penalized_objective"": 100357.62369492042, ""phase"": ""lse"", ""solver_time"": 0.005776882171630859, ""status"": ""optimal"", ""tau"": 0.01}, {""iteration"": 3, ""max_slack"": 5.470272140274659, ""objective"": 100211.41969987466, ""original_change"": 143.86389404605143, ""penalized_change"": 141.3041899191594, ""penalized_objective"": 100216.31950500126, ""phase"": ""lse"", ""solver_time"": 0.00362396240234375, ""status"": ""optimal"", ""tau"": 0.02}, {""iteration"": 4, ""max_slack"": 7.412050176002642e-13, ""objective"": 100218.69890178072, ""original_change"": 7.279201906058006, ""penalized_change"": 2.379396779462695, ""penalized_objective"": 100218.69890178072, ""phase"": ""lse"", ""solver_time"": 0.008468866348266602, ""status"": ""optimal"", ""tau"": 0.04}, {""iteration"": 5, ""max_slack"": 0.6121289929769458, ""objective"": 100211.44713370339, ""original_change"": 7.25176807733078, ""penalized_change"": 5.488660214236006, ""penalized_objective"": 100213.21024156648, ""phase"": ""lse"", ""solver_time"": 0.0052340030670166016, ""status"": ""optimal"", ""tau"": 0.08}, {""iteration"": 6, ""max_slack"": 1.4649720150382738e-10, ""objective"": 100211.38155111614, ""original_change"": 0.06558258725272026, ""penalized_change"": 1.828690447495319, ""penalized_objective"": 100211.38155111899, ""phase"": ""lse"", ""solver_time"": 0.0037109851837158203, ""status"": ""optimal"", ""tau"": 0.16}, {""iteration"": 7, ""max_slack"": 1.0325977463443309e-08, ""objective"": 100221.4789330423, ""original_change"": 10.097381926156231, ""penalized_change"": 10.097382173174992, ""penalized_objective"": 100221.47893329216, ""phase"": ""lse"", ""solver_time"": 0.007771015167236328, ""status"": ""optimal"", ""tau"": 0.32}, {""iteration"": 8, ""max_slack"": 1.7914103558349389e-09, ""objective"": 100211.38159487669, ""original_change"": 10.097338165607653, ""penalized_change"": 10.097338398263673, ""penalized_objective"": 100211.3815948939, ""phase"": ""lse"", ""solver_time"": 0.004781961441040039, ""status"": ""optimal"", ""tau"": 0.64}, {""iteration"": 9, ""max_slack"": 2.9977204356988206e-10, ""objective"": 100211.38155112, ""original_change"": 4.3756692321039736e-05, ""penalized_change"": 4.373052797745913e-05, ""penalized_objective"": 100211.38155116337, ""phase"": ""lse"", ""solver_time"": 0.0033888816833496094, ""status"": ""optimal"", ""tau"": 1.28}, {""converged"": true, ""phase"": ""lse"", ""summary"": true}, {""iteration"": 1, ""max_slack"": 7.748156048069344e-08, ""objective"": 100211.38155111723, ""original_change"": null, ""penalized_change"": null, ""penalized_objective"": 100211.38155114089, ""phase"": ""mellowmin"", ""solver_time"": 0.012653112411499023, ""status"": ""optimal"", ""tau"": 0.005}, {""iteration"": 2, ""max_slack"": 6.43973823987613e-10, ""objective"": 100211.3815511161, ""original_change"": 1.1350493878126144e-09, ""penalized_change"": 2.325396053493023e-08, ""penalized_objective"": 100211.38155111764, ""phase"": ""mellowmin"", ""solver_time"": 0.006226062774658203, ""status"": ""optimal"", ""tau"": 0.01}, {""converged"": true, ""phase"": ""mellowmin"", ""summary"": true}]",
DEU_LocationALower-14_14_T-1,scenarios/experiment_scenarios/highd/DEU_LocationALower-14_14_T-1.xml,13,R_G1,0,lin2025,21,lse_mellowmin,trajectory,20260922,True,True,True,True,0.0091691269990406,0.0014729300000908552,0.06050785499974154,0.06050785499974154,0.5129465069985599,0.5840964189974329,0.2570955179999146,0.09626245498657227,0.09626245498657227,249,0,604,168,436,20,19,343,19,True,1.3100342862396115e-09,optimal,287325.4353266134,0.010000000000129877,11,inf,,,,"[{""iteration"": 1, ""max_slack"": 4.098782989912188, ""objective"": 287651.34172679, ""original_change"": null, ""penalized_change"": null, ""penalized_objective"": 287652.5942925099, ""phase"": ""lse"", ""solver_time"": 0.003632783889770508, ""status"": ""optimal"", ""tau"": 0.005}, {""iteration"": 2, ""max_slack"": 3.149736709720795e-08, ""objective"": 287325.4353266184, ""original_change"": 325.9064001716324, ""penalized_change"": 327.15896585938754, ""penalized_objective"": 287325.4353266505, ""phase"": ""lse"", ""solver_time"": 0.0040318965911865234, ""status"": ""optimal"", ""tau"": 0.01}, {""iteration"": 3, ""max_slack"": 3.0687185561926125, ""objective"": 287539.35841622663, ""original_change"": 213.92308960825903, ""penalized_change"": 217.19054221804254, ""penalized_objective"": 287542.62586886855, ""phase"": ""lse"", ""solver_time"": 0.005742073059082031, ""status"": ""optimal"", ""tau"": 0.02}, {""iteration"": 4, ""max_slack"": 18.497285053806767, ""objective"": 636631.958560648, ""original_change"": 349092.6001444214, ""penalized_change"": 349191.3527959725, ""penalized_objective"": 636733.978664841, ""phase"": ""lse"", ""solver_time"": 0.003582000732421875, ""status"": ""optimal"", ""tau"": 0.04}, {""iteration"": 5, ""max_slack"": 6.2267663478513215, ""objective"": 287325.4432510372, ""original_change"": 349306.5153096108, ""penalized_change"": 349378.6716116242, ""penalized_objective"": 287355.30705321685, ""phase"": ""lse"", ""solver_time"": 0.005439043045043945, ""status"": ""optimal"", ""tau"": 0.08}, {""iteration"": 6, ""max_slack"": 6.656259673454537, ""objective"": 288233.4520646375, ""original_change"": 908.0088136002887, ""penalized_change"": 961.1689836370642, ""penalized_objective"": 288316.4760368539, ""phase"": ""lse"", ""solver_time"": 0.00420689582824707, ""status"": ""optimal"", ""tau"": 0.16}, {""iteration"": 7, ""max_slack"": 18.5445445796892, ""objective"": 509321.596624497, ""original_change"": 221088.14455985947, ""penalized_change"": 221430.2139117882, ""penalized_objective"": 509746.6899486421, ""phase"": ""lse"", ""solver_time"": 0.007871866226196289, ""status"": ""optimal"", ""tau"": 0.32}, {""iteration"": 8, ""max_slack"": 6.226921210371435, ""objective"": 287325.44127252843, ""original_change"": 221996.15535196854, ""penalized_change"": 222361.47023245128, ""penalized_objective"": 287385.2197161908, ""phase"": ""lse"", ""solver_time"": 0.009459972381591797, ""status"": ""optimal"", ""tau"": 0.64}, {""iteration"": 9, ""max_slack"": 8.873583488563828, ""objective"": 291523.72698893765, ""original_change"": 4198.285716409213, ""penalized_change"": 5451.836268098443, ""penalized_objective"": 292837.05598428927, ""phase"": ""lse"", ""solver_time"": 0.0036411285400390625, ""status"": ""optimal"", ""tau"": 1.28}, {""iteration"": 10, ""max_slack"": 3.8765312543524404, ""objective"": 287791.2247138486, ""original_change"": 3732.502275089035, ""penalized_change"": 4553.327373902372, ""penalized_objective"": 288283.7286103869, ""phase"": ""lse"", ""solver_time"": 0.0027189254760742188, ""status"": ""optimal"", ""tau"": 2.56}, {""iteration"": 11, ""max_slack"": 1.7672535642544618e-11, ""objective"": 287325.435326614, ""original_change"": 465.78938723460305, ""penalized_change"": 958.2932837608387, ""penalized_objective"": 287325.43532662606, ""phase"": ""lse"", ""solver_time"": 0.007061004638671875, ""status"": ""optimal"", ""tau"": 5.12}, {""iteration"": 12, ""max_slack"": 2.8793993078927174, ""objective"": 293606.2632922297, ""original_change"": 6280.8279656156665, ""penalized_change"": 9677.315615995496, ""penalized_objective"": 297002.75094262155, ""phase"": ""lse"", ""solver_time"": 0.0037169456481933594, ""status"": ""optimal"", ""tau"": 10.24}, {""iteration"": 13, ""max_slack"": 3.2912829621457522, ""objective"": 287453.38002342323, ""original_change"": 6152.883268806443, ""penalized_change"": 7834.8648420971, ""penalized_objective"": 289167.88610052445, ""phase"": ""lse"", ""solver_time"": 0.002562999725341797, ""status"": ""optimal"", ""tau"": 20.48}, {""iteration"": 14, ""max_slack"": 3.4130079713741855e-11, ""objective"": 287325.43532676395, ""original_change"": 127.94469665928045, ""penalized_change"": 1842.4507733840146, ""penalized_objective"": 287325.43532714044, ""phase"": ""lse"", ""solver_time"": 0.0065729618072509766, ""status"": ""optimal"", ""tau"": 40.96}, {""iteration"": 15, ""max_slack"": 0.9876626432186714, ""objective"": 299626.49128493364, ""original_change"": 12301.055958169687, ""penalized_change"": 19250.054956902168, ""penalized_objective"": 306575.4902840426, ""phase"": ""lse"", ""solver_time"": 0.003654956817626953, ""status"": ""optimal"", ""tau"": 81.92}, {""iteration"": 16, ""max_slack"": 5.155699166757482e-13, ""objective"": 287325.43532662373, ""original_change"": 12301.05595830991, ""penalized_change"": 19250.05495740648, ""penalized_objective"": 287325.4353266361, ""phase"": ""lse"", ""solver_time"": 0.002644062042236328, ""status"": ""optimal"", ""tau"": 163.84}, {""iteration"": 17, ""max_slack"": 2.0665592985477423e-13, ""objective"": 287325.4353266203, ""original_change"": 3.434251993894577e-09, ""penalized_change"": 2.3283064365386963e-09, ""penalized_objective"": 287325.43532663846, ""phase"": ""lse"", ""solver_time"": 0.006958961486816406, ""status"": ""optimal"", ""tau"": 327.68}, {""converged"": true, ""phase"": ""lse"", ""summary"": true}, {""iteration"": 1, ""max_slack"": 2.590837865616735e-09, ""objective"": 287325.43532661255, ""original_change"": null, ""penalized_change"": null, ""penalized_objective"": 287325.4353266142, ""phase"": ""mellowmin"", ""solver_time"": 0.002866029739379883, ""status"": ""optimal"", ""tau"": 0.005}, {""iteration"": 2, ""max_slack"": 1.3100342862396115e-09, ""objective"": 287325.4353266124, ""original_change"": 1.7462298274040222e-10, ""penalized_change"": 7.566995918750763e-10, ""penalized_objective"": 287325.4353266134, ""phase"": ""mellowmin"", ""solver_time"": 0.009897947311401367, ""status"": ""optimal"", ""tau"": 0.01}, {""converged"": true, ""phase"": ""mellowmin"", ""summary"": true}]",
DEU_LocationALower-34_49_T-1,scenarios/experiment_scenarios/highd/DEU_LocationALower-34_49_T-1.xml,10,R_G1,0,lin2025,21,lse_mellowmin,trajectory,20260922,True,True,True,True,0.008164367000063066,0.0016026490011427086,0.07056235699928948,0.07056235699928948,0.8582362220004143,0.9385655950009095,0.18682720600008906,0.04583096504211426,0.04583096504211426,253,0,631,168,463,22,21,378,6,True,2.052564361996426e-07,optimal,127390.37506673398,0.010000000039497081,9,inf,,,,"[{""iteration"": 1, ""max_slack"": 1.3008592510738437, ""objective"": 127390.38823817196, ""original_change"": null, ""penalized_change"": null, ""penalized_objective"": 127391.25685391073, ""phase"": ""lse"", ""solver_time"": 0.00551295280456543, ""status"": ""optimal"", ""tau"": 0.005}, {""iteration"": 2, ""max_slack"": 1.296187434873432, ""objective"": 127390.37531458614, ""original_change"": 0.012923585818498395, ""penalized_change"": 0.6871111918153474, ""penalized_objective"": 127390.56974271892, ""phase"": ""lse"", ""solver_time"": 0.007838964462280273, ""status"": ""optimal"", ""tau"": 0.01}, {""iteration"": 3, ""max_slack"": 1.5596586261179656e-09, ""objective"": 127390.37506653342, ""original_change"": 0.00024805271823424846, ""penalized_change"": 0.1946761806611903, ""penalized_objective"": 127390.37506653825, ""phase"": ""lse"", ""solver_time"": 0.003973960876464844, ""status"": ""optimal"", ""tau"": 0.02}, {""iteration"": 4, ""max_slack"": 8.116647779596322e-09, ""objective"": 127390.37506653399, ""original_change"": 5.675246939063072e-10, ""penalized_change"": 4.0934537537395954e-08, ""penalized_objective"": 127390.37506657919, ""phase"": ""lse"", ""solver_time"": 0.003582000732421875, ""status"": ""optimal"", ""tau"": 0.04}, {""converged"": true, ""phase"": ""lse"", ""summary"": true}, {""iteration"": 1, ""max_slack"": 1.3630214757022864e-07, ""objective"": 127390.37506653665, ""original_change"": null, ""penalized_change"": null, ""penalized_objective"": 127390.37506659006, ""phase"": ""mellowmin"", ""solver_time"": 0.012490034103393555, ""status"": ""optimal"", ""tau"": 0.005}, {""iteration"": 2, ""max_slack"": 2.052564361996426e-07, ""objective"": 127390.37506654579, ""original_change"": 9.138602763414383e-09, ""penalized_change"": 1.4391844160854816e-07, ""penalized_objective"": 127390.37506673398, ""phase"": ""mellowmin"", ""solver_time"": 0.012433052062988281, ""status"": ""optimal"", ""tau"": 0.01}, {""converged"": true, ""phase"": ""mellowmin"", ""summary"": true}]",
DEU_LocationALower-34_96_T-1,scenarios/experiment_scenarios/highd/DEU_LocationALower-34_96_T-1.xml,14,R_G1,0,lin2025,21,lse_mellowmin,trajectory,20260922,True,True,True,True,0.006127786000433844,0.003339178998430725,0.060926190000827773,0.060926190000827773,0.34614433699971414,0.4165374919994065,0.1999941329995636,0.03907299041748047,0.03907299041748047,253,0,610,168,442,22,21,357,6,True,1.0870630989961869e-09,optimal,131628.01344751267,0.010000000000164651,12,inf,,,,"[{""iteration"": 1, ""max_slack"": 4.225794160526734, ""objective"": 131628.023741182, ""original_change"": null, ""penalized_change"": null, ""penalized_objective"": 131629.04467718976, ""phase"": ""lse"", ""solver_time"": 0.005280971527099609, ""status"": ""optimal"", ""tau"": 0.005}, {""iteration"": 2, ""max_slack"": 1.5767278762669394, ""objective"": 131628.01760321818, ""original_change"": 0.006137963820947334, ""penalized_change"": 0.3180507282668259, ""penalized_objective"": 131628.7266264615, ""phase"": ""lse"", ""solver_time"": 0.003818988800048828, ""status"": ""optimal"", ""tau"": 0.01}, {""iteration"": 3, ""max_slack"": 2.156288939546887e-10, ""objective"": 131628.01344751127, ""original_change"": 0.00415570690529421, ""penalized_change"": 0.7131789497798309, ""penalized_objective"": 131628.0134475117, ""phase"": ""lse"", ""solver_time"": 0.0034990310668945312, ""status"": ""optimal"", ""tau"": 0.02}, {""iteration"": 4, ""max_slack"": 2.1776260035123293e-09, ""objective"": 131628.01344751162, ""original_change"": 3.4924596548080444e-10, ""penalized_change"": 1.0390067473053932e-08, ""penalized_objective"": 131628.0134475221, ""phase"": ""lse"", ""solver_time"": 0.0031850337982177734, ""status"": ""optimal"", ""tau"": 0.04}, {""converged"": true, ""phase"": ""lse"", ""summary"": true}, {""iteration"": 1, ""max_slack"": 1.9173487595956105e-09, ""objective"": 131628.0134475113, ""original_change"": null, ""penalized_change"": null, ""penalized_objective"": 131628.01344751244, ""phase"": ""mellowmin"", ""solver_time"": 0.012063980102539062, ""status"": ""optimal"", ""tau"": 0.005}, {""iteration"": 2, ""max_slack"": 1.0870630989961869e-09, ""objective"": 131628.0134475113, ""original_change"": 0.0, ""penalized_change"": 2.3283064365386963e-10, ""penalized_objective"": 131628.01344751267, ""phase"": ""mellowmin"", ""solver_time"": 0.011224985122680664, ""status"": ""optimal"", ""tau"": 0.01}, {""converged"": true, ""phase"": ""mellowmin"", ""summary"": true}]",
DEU_LocationALower-35_263_T-1,scenarios/experiment_scenarios/highd/DEU_LocationALower-35_263_T-1.xml,12,R_G1,0,lin2025,21,lse_mellowmin,trajectory,20260922,True,True,True,True,0.011199736998605658,0.0035014050008612685,0.07035200300015276,0.07035200300015276,0.9789499390008132,1.0640030840004329,0.2116060110001854,0.040950775146484375,0.040950775146484375,253,0,631,168,463,22,21,378,4,True,1.3345425855253691e-08,optimal,273337.0549675776,0.010000000001696208,10,inf,,,,"[{""iteration"": 1, ""max_slack"": 3.93573348303155e-09, ""objective"": 273337.05496756546, ""original_change"": null, ""penalized_change"": null, ""penalized_objective"": 273337.0549675675, ""phase"": ""lse"", ""solver_time"": 0.012181997299194336, ""status"": ""optimal"", ""tau"": 0.005}, {""iteration"": 2, ""max_slack"": 5.533150190818274e-09, ""objective"": 273337.0549675656, ""original_change"": 1.1641532182693481e-10, ""penalized_change"": 4.190951585769653e-09, ""penalized_objective"": 273337.0549675717, ""phase"": ""lse"", ""solver_time"": 0.003985881805419922, ""status"": ""optimal"", ""tau"": 0.01}, {""converged"": true, ""phase"": ""lse"", ""summary"": true}, {""iteration"": 1, ""max_slack"": 7.08568342955903e-08, ""objective"": 273337.05496756814, ""original_change"": null, ""penalized_change"": null, ""penalized_objective"": 273337.0549675993, ""phase"": ""mellowmin"", ""solver_time"": 0.01223897933959961, ""status"": ""optimal"", ""tau"": 0.005}, {""iteration"": 2, ""max_slack"": 1.3345425855253691e-08, ""objective"": 273337.05496756604, ""original_change"": 2.0954757928848267e-09, ""penalized_change"": 2.1653249859809875e-08, ""penalized_objective"": 273337.0549675776, ""phase"": ""mellowmin"", ""solver_time"": 0.012543916702270508, ""status"": ""optimal"", ""tau"": 0.01}, {""converged"": true, ""phase"": ""mellowmin"", ""summary"": true}]",
DEU_LocationALower-36_113_T-1,scenarios/experiment_scenarios/highd/DEU_LocationALower-36_113_T-1.xml,14,R_G1,0,lin2025,21,lse_mellowmin,trajectory,20260922,True,True,True,True,0.012473456999941845,0.004308317998948041,0.08554654599902278,0.08554654599902278,0.3946152570006234,0.49694357799853606,0.20785641700058477,0.04042196273803711,0.04042196273803711,253,0,631,168,463,22,21,378,4,True,2.127448687509949e-09,optimal,147490.51293557056,0.010000000000331966,11,inf,,,,"[{""iteration"": 1, ""max_slack"": 1.5494040027101328e-08, ""objective"": 147490.51293556718, ""original_change"": null, ""penalized_change"": null, ""penalized_objective"": 147490.5129355746, ""phase"": ""lse"", ""solver_time"": 0.011744022369384766, ""status"": ""optimal"", ""tau"": 0.005}, {""iteration"": 2, ""max_slack"": 1.061698391776765e-08, ""objective"": 147490.51293556753, ""original_change"": 3.4924596548080444e-10, ""penalized_change"": 4.540197551250458e-09, ""penalized_objective"": 147490.51293557914, ""phase"": ""lse"", ""solver_time"": 0.004010915756225586, ""status"": ""optimal"", ""tau"": 0.01}, {""converged"": true, ""phase"": ""lse"", ""summary"": true}, {""iteration"": 1, ""max_slack"": 3.131802562580623e-08, ""objective"": 147490.51293556794, ""original_change"": null, ""penalized_change"": null, ""penalized_objective"": 147490.51293558383, ""phase"": ""mellowmin"", ""solver_time"": 0.01237797737121582, ""status"": ""optimal"", ""tau"": 0.005}, {""iteration"": 2, ""max_slack"": 2.127448687509949e-09, ""objective"": 147490.51293556715, ""original_change"": 7.8580342233181e-10, ""penalized_change"": 1.3271346688270569e-08, ""penalized_objective"": 147490.51293557056, ""phase"": ""mellowmin"", ""solver_time"": 0.012289047241210938, ""status"": ""optimal"", ""tau"": 0.01}, {""converged"": true, ""phase"": ""mellowmin"", ""summary"": true}]",
DEU_LocationALower-36_123_T-1,scenarios/experiment_scenarios/highd/DEU_LocationALower-36_123_T-1.xml,15,R_G1,0,lin2025,21,lse_mellowmin,trajectory,20260922,True,False,True,True,0.010792084000058821,0.001582598999448237,0.06115139200119302,0.06115139200119302,0.3131934800003364,0.3867195550010365,0.2167924019995553,0.03219795227050781,0.03219795227050781,247,0,601,168,433,19,18,336,4,True,5.761323304785538e-10,optimal,256521.91175230185,0.009999999999990905,11,inf,,,,"[{""iteration"": 1, ""max_slack"": 1.5386992420824313e-09, ""objective"": 256521.91175230144, ""original_change"": null, ""penalized_change"": null, ""penalized_objective"": 256521.911752302, ""phase"": ""lse"", ""solver_time"": 0.009399175643920898, ""status"": ""optimal"", ""tau"": 0.005}, {""iteration"": 2, ""max_slack"": 3.793526052719637e-09, ""objective"": 256521.91175230205, ""original_change"": 6.111804395914078e-10, ""penalized_change"": 5.820766091346741e-09, ""penalized_objective"": 256521.91175230782, ""phase"": ""lse"", ""solver_time"": 0.0032541751861572266, ""status"": ""optimal"", ""tau"": 0.01}, {""converged"": true, ""phase"": ""lse"", ""summary"": true}, {""iteration"": 1, ""max_slack"": 1.5387550813204398e-09, ""objective"": 256521.9117523015, ""original_change"": null, ""penalized_change"": null, ""penalized_objective"": 256521.91175230208, ""phase"": ""mellowmin"", ""solver_time"": 0.009463787078857422, ""status"": ""optimal"", ""tau"": 0.005}, {""iteration"": 2, ""max_slack"": 5.761323304785538e-10, ""objective"": 256521.91175230144, ""original_change"": 5.820766091346741e-11, ""penalized_change"": 2.3283064365386963e-10, ""penalized_objective"": 256521.91175230185, ""phase"": ""mellowmin"", ""solver_time"": 0.010080814361572266, ""status"": ""optimal"", ""tau"": 0.01}, {""converged"": true, ""phase"": ""mellowmin"", ""summary"": true}]",
DEU_LocationALower-36_208_T-1,scenarios/experiment_scenarios/highd/DEU_LocationALower-36_208_T-1.xml,8,R_G1,0,lin2025,13,lse_mellowmin,trajectory,20260922,True,True,True,True,0.01025962999847252,0.0013417970003501978,0.047037566000653896,0.047037566000653896,0.17243541900097625,0.23107441200045287,0.26691111599939177,0.00964212417602539,0.00964212417602539,149,0,347,104,243,10,9,174,5,True,2.564950576820963e-07,optimal,240372.35819579044,0.01000000040531756,7,inf,,,,"[{""iteration"": 1, ""max_slack"": 0.4471073506259049, ""objective"": 240372.35820431338, ""original_change"": null, ""penalized_change"": null, ""penalized_objective"": 240372.39173737192, ""phase"": ""lse"", ""solver_time"": 0.001917123794555664, ""status"": ""optimal"", ""tau"": 0.005}, {""iteration"": 2, ""max_slack"": 2.6387528252165037e-09, ""objective"": 240372.35819560254, ""original_change"": 8.710834663361311e-06, ""penalized_change"": 0.03354176820721477, ""penalized_objective"": 240372.3581956037, ""phase"": ""lse"", ""solver_time"": 0.001856088638305664, ""status"": ""optimal"", ""tau"": 0.01}, {""iteration"": 3, ""max_slack"": 5.758921805125115e-10, ""objective"": 240372.35819560254, ""original_change"": 0.0, ""penalized_change"": 5.820766091346741e-10, ""penalized_objective"": 240372.35819560313, ""phase"": ""lse"", ""solver_time"": 0.0016908645629882812, ""status"": ""optimal"", ""tau"": 0.02}, {""converged"": true, ""phase"": ""lse"", ""summary"": true}, {""iteration"": 1, ""max_slack"": 2.8902254581343035e-09, ""objective"": 240372.35819560246, ""original_change"": null, ""penalized_change"": null, ""penalized_objective"": 240372.35819560368, ""phase"": ""mellowmin"", ""solver_time"": 0.002110004425048828, ""status"": ""optimal"", ""tau"": 0.005}, {""iteration"": 2, ""max_slack"": 2.564950576820963e-07, ""objective"": 240372.35819561928, ""original_change"": 1.682201400399208e-08, ""penalized_change"": 1.8675928004086018e-07, ""penalized_objective"": 240372.35819579044, ""phase"": ""mellowmin"", ""solver_time"": 0.002068042755126953, ""status"": ""optimal"", ""tau"": 0.01}, {""converged"": true, ""phase"": ""mellowmin"", ""summary"": true}]",
DEU_LocationALower-36_236_T-1,scenarios/experiment_scenarios/highd/DEU_LocationALower-36_236_T-1.xml,6,R_G1,0,lin2025,12,lse_mellowmin,trajectory,20260922,True,True,True,True,0.00299218899999687,0.0021596859987766948,0.03254020200074592,0.03254020200074592,0.16394367100110685,0.20163574800062634,0.19131029799973476,0.012485742568969727,0.012485742568969727,139,0,328,96,232,10,9,171,6,True,1.204310121467332e-09,optimal,217059.71686119537,1.0,5,inf,,,,"[{""iteration"": 1, ""max_slack"": 2.4031335675619454, ""objective"": 217059.7169056685, ""original_change"": null, ""penalized_change"": null, ""penalized_objective"": 217060.2490457576, ""phase"": ""lse"", ""solver_time"": 0.0018239021301269531, ""status"": ""optimal"", ""tau"": 0.005}, {""iteration"": 2, ""max_slack"": 2.4017207466635986, ""objective"": 217059.7168793978, ""original_change"": 2.6270688977092505e-05, ""penalized_change"": 0.17190824158024043, ""penalized_objective"": 217060.07713751603, ""phase"": ""lse"", ""solver_time"": 0.002001047134399414, ""status"": ""optimal"", ""tau"": 0.01}, {""iteration"": 3, ""max_slack"": 9.58606858415643e-10, ""objective"": 217059.7168611943, ""original_change"": 1.8203514628112316e-05, ""penalized_change"": 0.3602763201924972, ""penalized_objective"": 217059.71686119583, ""phase"": ""lse"", ""solver_time"": 0.0022749900817871094, ""status"": ""optimal"", ""tau"": 0.02}, {""iteration"": 4, ""max_slack"": 7.738855607449537e-11, ""objective"": 217059.71686119388, ""original_change"": 4.0745362639427185e-10, ""penalized_change"": 1.6007106751203537e-09, ""penalized_objective"": 217059.71686119423, ""phase"": ""lse"", ""solver_time"": 0.002199888229370117, ""status"": ""optimal"", ""tau"": 0.04}, {""converged"": true, ""phase"": ""lse"", ""summary"": true}, {""iteration"": 1, ""max_slack"": 5.117407389506724e-09, ""objective"": 217059.71686119403, ""original_change"": null, ""penalized_change"": null, ""penalized_objective"": 217059.71686119592, ""phase"": ""mellowmin"", ""solver_time"": 0.00209808349609375, ""status"": ""optimal"", ""tau"": 0.005}, {""iteration"": 2, ""max_slack"": 1.204310121467332e-09, ""objective"": 217059.71686119417, ""original_change"": 1.4551915228366852e-10, ""penalized_change"": 5.529727786779404e-10, ""penalized_objective"": 217059.71686119537, ""phase"": ""mellowmin"", ""solver_time"": 0.002087831497192383, ""status"": ""optimal"", ""tau"": 0.01}, {""converged"": true, ""phase"": ""mellowmin"", ""summary"": true}]",
DEU_LocationALower-36_269_T-1,scenarios/experiment_scenarios/highd/DEU_LocationALower-36_269_T-1.xml,18,R_G1,0,lin2025,21,lse_mellowmin,trajectory,20260922,True,True,True,True,0.011593814999287133,0.0018420050000713672,0.06987345299967274,0.06987345299967274,0.34947288100011065,0.4327821539991419,0.22325556699979643,0.042128801345825195,0.042128801345825195,253,0,631,168,463,22,21,378,4,True,3.5093470067252e-09,optimal,123206.62433143459,0.010000000000275122,16,inf,,,,"[{""iteration"": 1, ""max_slack"": 4.990573678936249e-09, ""objective"": 123206.62433142896, ""original_change"": null, ""penalized_change"": null, ""penalized_objective"": 123206.62433143209, ""phase"": ""lse"", ""solver_time"": 0.012312889099121094, ""status"": ""optimal"", ""tau"": 0.005}, {""iteration"": 2, ""max_slack"": 5.437266161488588e-10, ""objective"": 123206.6243314289, ""original_change"": 5.820766091346741e-11, ""penalized_change"": 2.2118911147117615e-09, ""penalized_objective"": 123206.62433142988, ""phase"": ""lse"", ""solver_time"": 0.0038940906524658203, ""status"": ""optimal"", ""tau"": 0.01}, {""converged"": true, ""phase"": ""lse"", ""summary"": true}, {""iteration"": 1, ""max_slack"": 4.9898584924719516e-09, ""objective"": 123206.624331429, ""original_change"": null, ""penalized_change"": null, ""penalized_objective"": 123206.62433143213, ""phase"": ""mellowmin"", ""solver_time"": 0.012714862823486328, ""status"": ""optimal"", ""tau"": 0.005}, {""iteration"": 2, ""max_slack"": 3.5093470067252e-09, ""objective"": 123206.62433142899, ""original_change"": 1.4551915228366852e-11, ""penalized_change"": 2.459273673593998e-09, ""penalized_objective"": 123206.62433143459, ""phase"": ""mellowmin"", ""solver_time"": 0.013206958770751953, ""status"": ""optimal"", ""tau"": 0.01}, {""converged"": true, ""phase"": ""mellowmin"", ""summary"": true}]",
DEU_LocationALower-36_291_T-1,scenarios/experiment_scenarios/highd/DEU_LocationALower-36_291_T-1.xml,13,R_G1,0,lin2025,21,lse_mellowmin,trajectory,20260922,True,True,True,True,0.007318403000681428,0.0017070379999495344,0.06687163400056306,0.06687163400056306,0.33821764099957363,0.41411471600076766,0.2079610849996243,0.03953194618225098,0.03953194618225098,253,0,631,168,463,22,21,378,4,True,4.662941075360274e-10,optimal,175921.40072145054,0.010000000000047748,12,inf,,,,"[{""iteration"": 1, ""max_slack"": 2.522280930912458e-07, ""objective"": 175921.40072146102, ""original_change"": null, ""penalized_change"": null, ""penalized_objective"": 175921.4007216032, ""phase"": ""lse"", ""solver_time"": 0.010988950729370117, ""status"": ""optimal"", ""tau"": 0.005}, {""iteration"": 2, ""max_slack"": 1.2768436339581827e-08, ""objective"": 175921.40072145103, ""original_change"": 9.98261384665966e-09, ""penalized_change"": 1.3248063623905182e-07, ""penalized_objective"": 175921.4007214707, ""phase"": ""lse"", ""solver_time"": 0.0037147998809814453, ""status"": ""optimal"", ""tau"": 0.01}, {""converged"": true, ""phase"": ""lse"", ""summary"": true}, {""iteration"": 1, ""max_slack"": 2.6417540759346367e-09, ""objective"": 175921.40072145, ""original_change"": null, ""penalized_change"": null, ""penalized_objective"": 175921.40072145118, ""phase"": ""mellowmin"", ""solver_time"": 0.012187004089355469, ""status"": ""optimal"", ""tau"": 0.005}, {""iteration"": 2, ""max_slack"": 4.662941075360274e-10, ""objective"": 175921.4007214499, ""original_change"": 8.731149137020111e-11, ""penalized_change"": 6.402842700481415e-10, ""penalized_objective"": 175921.40072145054, ""phase"": ""mellowmin"", ""solver_time"": 0.012641191482543945, ""status"": ""optimal"", ""tau"": 0.01}, {""converged"": true, ""phase"": ""mellowmin"", ""summary"": true}]",
DEU_LocationALower-36_61_T-1,scenarios/experiment_scenarios/highd/DEU_LocationALower-36_61_T-1.xml,9,R_G1,0,lin2025,21,lse_mellowmin,trajectory,20260922,True,True,True,True,0.01101831400046649,0.003219549000277766,0.08056778600075631,0.08056778600075631,0.4296892709990061,0.5244949200005067,0.21726823199969658,0.041973114013671875,0.041973114013671875,249,0,609,168,441,20,19,348,4,True,1.649032771358961e-08,optimal,289607.70532667515,0.010000000002094112,7,inf,,,,"[{""iteration"": 1, ""max_slack"": 9.62687927223604e-09, ""objective"": 289607.7053266556, ""original_change"": null, ""penalized_change"": null, ""penalized_objective"": 289607.7053266606, ""phase"": ""lse"", ""solver_time"": 0.012923002243041992, ""status"": ""optimal"", ""tau"": 0.005}, {""iteration"": 2, ""max_slack"": 1.5901289330395413e-08, ""objective"": 289607.705326659, ""original_change"": 3.434251993894577e-09, ""penalized_change"": 1.6239937394857407e-08, ""penalized_objective"": 289607.70532667683, ""phase"": ""lse"", ""solver_time"": 0.0034651756286621094, ""status"": ""optimal"", ""tau"": 0.01}, {""converged"": true, ""phase"": ""lse"", ""summary"": true}, {""iteration"": 1, ""max_slack"": 9.631792871418182e-09, ""objective"": 289607.70532665565, ""original_change"": null, ""penalized_change"": null, ""penalized_objective"": 289607.7053266607, ""phase"": ""mellowmin"", ""solver_time"": 0.010436058044433594, ""status"": ""optimal"", ""tau"": 0.005}, {""iteration"": 2, ""max_slack"": 1.649032771358961e-08, ""objective"": 289607.7053266565, ""original_change"": 8.731149137020111e-10, ""penalized_change"": 1.4435499906539917e-08, ""penalized_objective"": 289607.70532667515, ""phase"": ""mellowmin"", ""solver_time"": 0.01514887809753418, ""status"": ""optimal"", ""tau"": 0.01}, {""converged"": true, ""phase"": ""mellowmin"", ""summary"": true}]",
DEU_LocationALower-37_1_T-1,scenarios/experiment_scenarios/highd/DEU_LocationALower-37_1_T-1.xml,11,R_G1,0,lin2025,21,lse_mellowmin,trajectory,20260922,True,True,True,True,0.006721019999531563,0.0016029670005082153,0.48896467499980645,0.48896467499980645,0.3317476540014468,0.829036316001293,0.22381762099939806,0.0357511043548584,0.0357511043548584,251,0,620,168,452,21,20,363,4,True,5.297912560597726e-08,optimal,310798.45562556974,0.010000000006641585,8,inf,,,,"[{""iteration"": 1, ""max_slack"": 1.0623393941927063e-07, ""objective"": 310798.45562549256, ""original_change"": null, ""penalized_change"": null, ""penalized_objective"": 310798.45562556735, ""phase"": ""lse"", ""solver_time"": 0.011228084564208984, ""status"": ""optimal"", ""tau"": 0.005}, {""iteration"": 2, ""max_slack"": 8.627728351246107e-08, ""objective"": 310798.45562549634, ""original_change"": 3.7834979593753815e-09, ""penalized_change"": 1.1816155165433884e-08, ""penalized_objective"": 310798.45562557917, ""phase"": ""lse"", ""solver_time"": 0.0035140514373779297, ""status"": ""optimal"", ""tau"": 0.01}, {""converged"": true, ""phase"": ""lse"", ""summary"": true}, {""iteration"": 1, ""max_slack"": 1.0632387942570865e-07, ""objective"": 310798.4556254927, ""original_change"": null, ""penalized_change"": null, ""penalized_objective"": 310798.4556255675, ""phase"": ""mellowmin"", ""solver_time"": 0.010491132736206055, ""status"": ""optimal"", ""tau"": 0.005}, {""iteration"": 2, ""max_slack"": 5.297912560597726e-08, ""objective"": 310798.45562549203, ""original_change"": 6.402842700481415e-10, ""penalized_change"": 2.2118911147117615e-09, ""penalized_objective"": 310798.45562556974, ""phase"": ""mellowmin"", ""solver_time"": 0.01051783561706543, ""status"": ""optimal"", ""tau"": 0.01}, {""converged"": true, ""phase"": ""mellowmin"", ""summary"": true}]",
DEU_LocationALower-37_205_T-1,scenarios/experiment_scenarios/highd/DEU_LocationALower-37_205_T-1.xml,15,R_G1,0,lin2025,21,lse_mellowmin,trajectory,20260922,True,True,True,True,0.013150275999578298,0.003042832999199163,0.10078056799829938,0.10078056799829938,0.42077059100120096,0.5377442679982778,0.2099306569998589,0.05693483352661133,0.05693483352661133,253,0,631,168,463,22,21,378,6,True,1.4582085231625138e-10,optimal,193228.23603498848,0.010000000000104592,14,inf,,,,"[{""iteration"": 1, ""max_slack"": 33.53431025916632, ""objective"": 193228.2364790762, ""original_change"": null, ""penalized_change"": null, ""penalized_objective"": 193230.75155234567, ""phase"": ""lse"", ""solver_time"": 0.018388032913208008, ""status"": ""optimal"", ""tau"": 0.005}, {""iteration"": 2, ""max_slack"": 1.5961076496697852, ""objective"": 193228.23780013758, ""original_change"": 0.001321061368798837, ""penalized_change"": 2.2743360570748337, ""penalized_objective"": 193228.4772162886, ""phase"": ""lse"", ""solver_time"": 0.004086017608642578, ""status"": ""optimal"", ""tau"": 0.01}, {""iteration"": 3, ""max_slack"": 8.93917331277257e-09, ""objective"": 193228.2360349892, ""original_change"": 0.0017651483649387956, ""penalized_change"": 0.24118127321708016, ""penalized_objective"": 193228.23603501538, ""phase"": ""lse"", ""solver_time"": 0.004181861877441406, ""status"": ""optimal"", ""tau"": 0.02}, {""iteration"": 4, ""max_slack"": 2.5945124797953355e-10, ""objective"": 193228.23603498828, ""original_change"": 9.313225746154785e-10, ""penalized_change"": 2.60770320892334e-08, ""penalized_objective"": 193228.2360349893, ""phase"": ""lse"", ""solver_time"": 0.0035948753356933594, ""status"": ""optimal"", ""tau"": 0.04}, {""converged"": true, ""phase"": ""lse"", ""summary"": true}, {""iteration"": 1, ""max_slack"": 2.3584507763570444e-07, ""objective"": 193228.23603499195, ""original_change"": null, ""penalized_change"": null, ""penalized_objective"": 193228.2360350853, ""phase"": ""mellowmin"", ""solver_time"": 0.013787031173706055, ""status"": ""optimal"", ""tau"": 0.005}, {""iteration"": 2, ""max_slack"": 1.4582085231625138e-10, ""objective"": 193228.23603498828, ""original_change"": 3.6670826375484467e-09, ""penalized_change"": 9.682844392955303e-08, ""penalized_objective"": 193228.23603498848, ""phase"": ""mellowmin"", ""solver_time"": 0.012897014617919922, ""status"": ""optimal"", ""tau"": 0.01}, {""converged"": true, ""phase"": ""mellowmin"", ""summary"": true}]",
DEU_LocationALower-37_231_T-1,scenarios/experiment_scenarios/highd/DEU_LocationALower-37_231_T-1.xml,23,R_G1,0,lin2025,21,lse_mellowmin,trajectory,20260922,True,True,True,True,0.008963573000073666,0.0017352220002067043,0.06470491999971273,0.06470491999971273,0.9417985370000679,1.017202252000061,0.22759897299874865,0.04436826705932617,0.04436826705932617,253,0,610,168,442,22,21,357,4,True,2.2343891692240742e-07,optimal,42095.06159829879,0.010000000103330001,22,inf,,,,"[{""iteration"": 1, ""max_slack"": 1.042049781780648e-07, ""objective"": 42095.06159805324, ""original_change"": null, ""penalized_change"": null, ""penalized_objective"": 42095.06159809204, ""phase"": ""lse"", ""solver_time"": 0.01768803596496582, ""status"": ""optimal"", ""tau"": 0.005}, {""iteration"": 2, ""max_slack"": 1.9466929818355143e-08, ""objective"": 42095.06159804657, ""original_change"": 6.664777174592018e-09, ""penalized_change"": 3.162858774885535e-08, ""penalized_objective"": 42095.06159806041, ""phase"": ""lse"", ""solver_time"": 0.0034711360931396484, ""status"": ""optimal"", ""tau"": 0.01}, {""converged"": true, ""phase"": ""lse"", ""summary"": true}, {""iteration"": 1, ""max_slack"": 1.0363024616078377e-07, ""objective"": 42095.06159805319, ""original_change"": null, ""penalized_change"": null, ""penalized_objective"": 42095.06159809183, ""phase"": ""mellowmin"", ""solver_time"": 0.011801004409790039, ""status"": ""optimal"", ""tau"": 0.005}, {""iteration"": 2, ""max_slack"": 2.2343891692240742e-07, ""objective"": 42095.06159807094, ""original_change"": 1.775333657860756e-08, ""penalized_change"": 2.0695733837783337e-07, ""penalized_objective"": 42095.06159829879, ""phase"": ""mellowmin"", ""solver_time"": 0.011408090591430664, ""status"": ""optimal"", ""tau"": 0.01}, {""converged"": true, ""phase"": ""mellowmin"", ""summary"": true}]",
DEU_LocationALower-37_240_T-1,scenarios/experiment_scenarios/highd/DEU_LocationALower-37_240_T-1.xml,8,R_G1,0,lin2025,21,lse_mellowmin,trajectory,20260922,True,True,True,True,0.013124638000590494,0.0029747360003966605,0.09513689999948838,0.09513689999948838,0.3362495820001641,0.4474858560006396,0.24913331300012942,0.03618597984313965,0.03618597984313965,249,0,599,168,431,20,19,338,6,True,2.53073373782445e-07,optimal,300556.99297638674,0.010000000024319283,6,inf,,,,"[{""iteration"": 1, ""max_slack"": 6.269817442229453, ""objective"": 300557.00139967876, ""original_change"": null, ""penalized_change"": null, ""penalized_objective"": 300558.45256141765, ""phase"": ""lse"", ""solver_time"": 0.0029900074005126953, ""status"": ""optimal"", ""tau"": 0.005}, {""iteration"": 2, ""max_slack"": 1.1633579930817097, ""objective"": 300556.9930386003, ""original_change"": 0.008361078449524939, ""penalized_change"": 1.1112087601795793, ""penalized_objective"": 300557.3413526575, ""phase"": ""lse"", ""solver_time"": 0.005506038665771484, ""status"": ""optimal"", ""tau"": 0.01}, {""iteration"": 3, ""max_slack"": 9.802067216163949e-09, ""objective"": 300556.9929761261, ""original_change"": 6.247422425076365e-05, ""penalized_change"": 0.34837650932604447, ""penalized_objective"": 300556.99297614815, ""phase"": ""lse"", ""solver_time"": 0.0036859512329101562, ""status"": ""optimal"", ""tau"": 0.02}, {""iteration"": 4, ""max_slack"": 9.497501352133632e-11, ""objective"": 300556.9929761247, ""original_change"": 1.3969838619232178e-09, ""penalized_change"": 2.3050233721733093e-08, ""penalized_objective"": 300556.9929761251, ""phase"": ""lse"", ""solver_time"": 0.003320932388305664, ""status"": ""optimal"", ""tau"": 0.04}, {""converged"": true, ""phase"": ""lse"", ""summary"": true}, {""iteration"": 1, ""max_slack"": 3.150217175785136e-09, ""objective"": 300556.9929761246, ""original_change"": null, ""penalized_change"": null, ""penalized_objective"": 300556.99297612626, ""phase"": ""mellowmin"", ""solver_time"": 0.010092020034790039, ""status"": ""optimal"", ""tau"": 0.005}, {""iteration"": 2, ""max_slack"": 2.53073373782445e-07, ""objective"": 300556.9929761486, ""original_change"": 2.403976395726204e-08, ""penalized_change"": 2.6047928258776665e-07, ""penalized_objective"": 300556.99297638674, ""phase"": ""mellowmin"", ""solver_time"": 0.01059103012084961, ""status"": ""optimal"", ""tau"": 0.01}, {""converged"": true, ""phase"": ""mellowmin"", ""summary"": true}]",
DEU_LocationALower-11_102_T-1,scenarios/experiment_scenarios/highd/DEU_LocationALower-11_102_T-1.xml,16,R_G1,0,lin2025,21,lse_mellowmin,trajectory,20260922,True,True,True,True,0.019312014999741223,0.003138585001579486,0.06978570199862588,0.06978570199862588,0.9909317100009503,1.0831680120008969,0.45437418800065643,0.05424690246582031,0.05424690246582031,253,0,631,168,463,22,21,378,4,True,1.4784678465631752e-08,optimal,136513.92761909336,0.01000000000141199,15,inf,,,,"[{""iteration"": 1, ""max_slack"": 5.132926478670567e-09, ""objective"": 136513.92761907922, ""original_change"": null, ""penalized_change"": null, ""penalized_objective"": 136513.92761908344, ""phase"": ""lse"", ""solver_time"": 0.017513036727905273, ""status"": ""optimal"", ""tau"": 0.005}, {""iteration"": 2, ""max_slack"": 3.892656390204061e-09, ""objective"": 136513.92761907924, ""original_change"": 2.9103830456733704e-11, ""penalized_change"": 2.9685907065868378e-09, ""penalized_objective"": 136513.9276190864, ""phase"": ""lse"", ""solver_time"": 0.0038399696350097656, ""status"": ""optimal"", ""tau"": 0.01}, {""converged"": true, ""phase"": ""lse"", ""summary"": true}, {""iteration"": 1, ""max_slack"": 5.1330634841626965e-09, ""objective"": 136513.92761907922, ""original_change"": null, ""penalized_change"": null, ""penalized_objective"": 136513.92761908344, ""phase"": ""mellowmin"", ""solver_time"": 0.01331782341003418, ""status"": ""optimal"", ""tau"": 0.005}, {""iteration"": 2, ""max_slack"": 1.4784678465631752e-08, ""objective"": 136513.92761907965, ""original_change"": 4.3655745685100555e-10, ""penalized_change"": 9.924406185746193e-09, ""penalized_objective"": 136513.92761909336, ""phase"": ""mellowmin"", ""solver_time"": 0.019576072692871094, ""status"": ""optimal"", ""tau"": 0.01}, {""converged"": true, ""phase"": ""mellowmin"", ""summary"": true}]",
DEU_LocationALower-12_167_T-1,scenarios/experiment_scenarios/highd/DEU_LocationALower-12_167_T-1.xml,12,R_G1,0,lin2025,21,lse_mellowmin,trajectory,20260922,True,True,True,True,0.010352330000387155,0.0018738620001386153,0.0730436620015098,0.0730436620015098,0.4177263450001192,0.5029961990021548,0.234375062998879,0.05436849594116211,0.05436849594116211,253,0,631,168,463,22,21,378,7,True,2.9934981485373245e-10,optimal,123350.13359269661,0.010000000000084275,10,inf,,,,"[{""iteration"": 1, ""max_slack"": 2.4953007434288743, ""objective"": 123350.14225740226, ""original_change"": null, ""penalized_change"": null, ""penalized_objective"": 123352.16181096128, ""phase"": ""lse"", ""solver_time"": 0.002783060073852539, ""status"": ""optimal"", ""tau"": 0.005}, {""iteration"": 2, ""max_slack"": 1.708884583963353, ""objective"": 123350.13359574362, ""original_change"": 0.008661658634082414, ""penalized_change"": 1.5156070412922418, ""penalized_objective"": 123350.64620391998, ""phase"": ""lse"", ""solver_time"": 0.011825084686279297, ""status"": ""optimal"", ""tau"": 0.01}, {""iteration"": 3, ""max_slack"": 0.26861104436895317, ""objective"": 123367.20341703661, ""original_change"": 17.06982129298558, ""penalized_change"": 16.637796484006685, ""penalized_objective"": 123367.28400040399, ""phase"": ""lse"", ""solver_time"": 0.004467010498046875, ""status"": ""optimal"", ""tau"": 0.02}, {""iteration"": 4, ""max_slack"": 8.639575696542771e-11, ""objective"": 123350.13359269632, ""original_change"": 17.069824340287596, ""penalized_change"": 17.15040770730411, ""penalized_objective"": 123350.13359269669, ""phase"": ""lse"", ""solver_time"": 0.004060029983520508, ""status"": ""optimal"", ""tau"": 0.04}, {""iteration"": 5, ""max_slack"": 1.4119393176775715e-08, ""objective"": 123350.13359270981, ""original_change"": 1.3489625416696072e-08, ""penalized_change"": 1.7705315258353949e-07, ""penalized_objective"": 123350.13359287374, ""phase"": ""lse"", ""solver_time"": 0.004203081130981445, ""status"": ""optimal"", ""tau"": 0.08}, {""converged"": true, ""phase"": ""lse"", ""summary"": true}, {""iteration"": 1, ""max_slack"": 7.840322490584428e-07, ""objective"": 123350.13359272266, ""original_change"": null, ""penalized_change"": null, ""penalized_objective"": 123350.13359312406, ""phase"": ""mellowmin"", ""solver_time"": 0.013204097747802734, ""status"": ""optimal"", ""tau"": 0.005}, {""iteration"": 2, ""max_slack"": 2.9934981485373245e-10, ""objective"": 123350.13359269623, ""original_change"": 2.6426278054714203e-08, ""penalized_change"": 4.274479579180479e-07, ""penalized_objective"": 123350.13359269661, ""phase"": ""mellowmin"", ""solver_time"": 0.013826131820678711, ""status"": ""optimal"", ""tau"": 0.01}, {""converged"": true, ""phase"": ""mellowmin"", ""summary"": true}]",
DEU_LocationALower-13_82_T-1,scenarios/experiment_scenarios/highd/DEU_LocationALower-13_82_T-1.xml,17,R_G1,0,lin2025,21,lse_mellowmin,trajectory,20260922,True,True,True,True,0.02454833400042844,0.004847670999879483,0.10128876499948092,0.10128876499948092,0.4209188490003726,0.5516036190001614,0.2666595739992772,0.03304004669189453,0.03304004669189453,247,0,601,168,433,19,18,336,4,True,5.992872755969287e-09,optimal,201627.9535399836,0.010000000000445652,10,inf,,,,"[{""iteration"": 1, ""max_slack"": 4.374833252609268e-08, ""objective"": 201627.95353997644, ""original_change"": null, ""penalized_change"": null, ""penalized_objective"": 201627.9535400125, ""phase"": ""lse"", ""solver_time"": 0.009927988052368164, ""status"": ""optimal"", ""tau"": 0.005}, {""iteration"": 2, ""max_slack"": 2.553823282937294e-08, ""objective"": 201627.9535399774, ""original_change"": 9.604264050722122e-10, ""penalized_change"": 9.022187441587448e-10, ""penalized_objective"": 201627.9535400116, ""phase"": ""lse"", ""solver_time"": 0.003390073776245117, ""status"": ""optimal"", ""tau"": 0.01}, {""converged"": true, ""phase"": ""lse"", ""summary"": true}, {""iteration"": 1, ""max_slack"": 4.374833158091911e-08, ""objective"": 201627.95353997647, ""original_change"": null, ""penalized_change"": null, ""penalized_objective"": 201627.95354001253, ""phase"": ""mellowmin"", ""solver_time"": 0.009881973266601562, ""status"": ""optimal"", ""tau"": 0.005}, {""iteration"": 2, ""max_slack"": 5.992872755969287e-09, ""objective"": 201627.95353997586, ""original_change"": 6.111804395914078e-10, ""penalized_change"": 2.89292074739933e-08, ""penalized_objective"": 201627.9535399836, ""phase"": ""mellowmin"", ""solver_time"": 0.009840011596679688, ""status"": ""optimal"", ""tau"": 0.01}, {""converged"": true, ""phase"": ""mellowmin"", ""summary"": true}]",
DEU_LocationALower-14_96_T-1,scenarios/experiment_scenarios/highd/DEU_LocationALower-14_96_T-1.xml,15,R_G1,0,lin2025,21,lse_mellowmin,trajectory,20260922,True,True,True,True,0.006885377999424236,0.00168179100000998,0.0691768470005627,0.0691768470005627,0.32736462599859806,0.405108641998595,0.2428672189998906,0.03513312339782715,0.03513312339782715,253,0,610,168,442,22,21,357,4,True,3.5662825319643626e-08,optimal,63617.448141645655,0.010000000010574111,11,inf,,,,"[{""iteration"": 1, ""max_slack"": 5.5838741076732915e-09, ""objective"": 63617.44814157995, ""original_change"": null, ""penalized_change"": null, ""penalized_objective"": 63617.44814158492, ""phase"": ""lse"", ""solver_time"": 0.011116981506347656, ""status"": ""optimal"", ""tau"": 0.005}, {""iteration"": 2, ""max_slack"": 1.8719708808614336e-08, ""objective"": 63617.44814158033, ""original_change"": 3.7834979593753815e-10, ""penalized_change"": 2.6113411877304316e-08, ""penalized_objective"": 63617.448141611036, ""phase"": ""lse"", ""solver_time"": 0.003081083297729492, ""status"": ""optimal"", ""tau"": 0.01}, {""converged"": true, ""phase"": ""lse"", ""summary"": true}, {""iteration"": 1, ""max_slack"": 5.584488089870251e-09, ""objective"": 63617.448141579975, ""original_change"": null, ""penalized_change"": null, ""penalized_objective"": 63617.44814158495, ""phase"": ""mellowmin"", ""solver_time"": 0.010777950286865234, ""status"": ""optimal"", ""tau"": 0.005}, {""iteration"": 2, ""max_slack"": 3.5662825319643626e-08, ""objective"": 63617.448141582456, ""original_change"": 2.4811015464365482e-09, ""penalized_change"": 6.070331437513232e-08, ""penalized_objective"": 63617.448141645655, ""phase"": ""mellowmin"", ""solver_time"": 0.010157108306884766, ""status"": ""optimal"", ""tau"": 0.01}, {""converged"": true, ""phase"": ""mellowmin"", ""summary"": true}]",
DEU_LocationALower-27_184_T-1,scenarios/experiment_scenarios/highd/DEU_LocationALower-27_184_T-1.xml,13,R_G1,0,lin2025,21,lse_mellowmin,trajectory,20260922,True,True,True,True,0.005240641999989748,0.003748982000615797,0.07158689700008836,0.07158689700008836,0.35877170999992813,0.43934823100062204,0.2392721829983202,0.04708600044250488,0.04708600044250488,253,0,610,168,442,22,21,357,4,True,1.276535146753455e-08,optimal,88332.03315242361,0.01000000000118857,11,inf,,,,"[{""iteration"": 1, ""max_slack"": 3.284183503520963e-08, ""objective"": 88332.03315241737, ""original_change"": null, ""penalized_change"": null, ""penalized_objective"": 88332.03315243675, ""phase"": ""lse"", ""solver_time"": 0.012315034866333008, ""status"": ""optimal"", ""tau"": 0.005}, {""iteration"": 2, ""max_slack"": 1.0427279466695987e-09, ""objective"": 88332.03315241537, ""original_change"": 1.9936123862862587e-09, ""penalized_change"": 1.9907020032405853e-08, ""penalized_objective"": 88332.03315241684, ""phase"": ""lse"", ""solver_time"": 0.010879039764404297, ""status"": ""optimal"", ""tau"": 0.01}, {""converged"": true, ""phase"": ""lse"", ""summary"": true}, {""iteration"": 1, ""max_slack"": 3.28770700654284e-08, ""objective"": 88332.03315241737, ""original_change"": null, ""penalized_change"": null, ""penalized_objective"": 88332.03315243678, ""phase"": ""mellowmin"", ""solver_time"": 0.011584997177124023, ""status"": ""optimal"", ""tau"": 0.005}, {""iteration"": 2, ""max_slack"": 1.276535146753455e-08, ""objective"": 88332.03315241581, ""original_change"": 1.5570549294352531e-09, ""penalized_change"": 1.3169483281672001e-08, ""penalized_objective"": 88332.03315242361, ""phase"": ""mellowmin"", ""solver_time"": 0.012306928634643555, ""status"": ""optimal"", ""tau"": 0.01}, {""converged"": true, ""phase"": ""mellowmin"", ""summary"": true}]",
DEU_LocationALower-31_258_T-1,scenarios/experiment_scenarios/highd/DEU_LocationALower-31_258_T-1.xml,12,R_G1,0,lin2025,21,lse_mellowmin,trajectory,20260922,True,True,True,True,0.016231080999205005,0.00395544200000586,0.07447345000036876,0.07447345000036876,0.8604910949998157,0.9551510679993953,0.2559214030006842,0.0643770694732666,0.0643770694732666,253,0,631,168,463,22,21,378,5,True,2.2041077484623753e-09,optimal,203306.0527703512,0.010000000000161435,9,inf,,,,"[{""iteration"": 1, ""max_slack"": 1.7748499399385371, ""objective"": 203306.0693948288, ""original_change"": null, ""penalized_change"": null, ""penalized_objective"": 203307.90854037792, ""phase"": ""lse"", ""solver_time"": 0.012585878372192383, ""status"": ""optimal"", ""tau"": 0.005}, {""iteration"": 2, ""max_slack"": 5.559966665805418e-09, ""objective"": 203306.05277034754, ""original_change"": 0.01662448127171956, ""penalized_change"": 1.8557700247620232, ""penalized_objective"": 203306.05277035316, ""phase"": ""lse"", ""solver_time"": 0.02081012725830078, ""status"": ""optimal"", ""tau"": 0.01}, {""iteration"": 3, ""max_slack"": 4.8206191313611335e-09, ""objective"": 203306.05277034768, ""original_change"": 1.4551915228366852e-10, ""penalized_change"": 3.5797711461782455e-09, ""penalized_objective"": 203306.05277035673, ""phase"": ""lse"", ""solver_time"": 0.004066944122314453, ""status"": ""optimal"", ""tau"": 0.02}, {""converged"": true, ""phase"": ""lse"", ""summary"": true}, {""iteration"": 1, ""max_slack"": 1.09886465248217e-08, ""objective"": 203306.0527703478, ""original_change"": null, ""penalized_change"": null, ""penalized_objective"": 203306.05277035726, ""phase"": ""mellowmin"", ""solver_time"": 0.013581991195678711, ""status"": ""optimal"", ""tau"": 0.005}, {""iteration"": 2, ""max_slack"": 2.2041077484623753e-09, ""objective"": 203306.05277034745, ""original_change"": 3.4924596548080444e-10, ""penalized_change"": 6.05359673500061e-09, ""penalized_objective"": 203306.0527703512, ""phase"": ""mellowmin"", ""solver_time"": 0.013332128524780273, ""status"": ""optimal"", ""tau"": 0.01}, {""converged"": true, ""phase"": ""mellowmin"", ""summary"": true}]",
DEU_LocationALower-35_34_T-1,scenarios/experiment_scenarios/highd/DEU_LocationALower-35_34_T-1.xml,19,R_G1,0,lin2025,21,lse_mellowmin,trajectory,20260922,True,True,False,False,0.008545773000150803,0.0016167969988600817,0.06440585599921178,0.06440585599921178,0.3479347680004139,0.42250319399863656,0.23658807500032708,0.04391670227050781,0.04391670227050781,253,0,610,168,442,22,21,357,6,True,4.430258948874872e-10,optimal,50608.88380749303,0.01000000000024034,17,0.2,"(17,)",,"{""t"": 1, ""s"": 105.2607328750758, ""d"": 0.41999651648110364}","[{""iteration"": 1, ""max_slack"": 1.408299595290892, ""objective"": 50608.90077930973, ""original_change"": null, ""penalized_change"": null, ""penalized_objective"": 50610.689693378896, ""phase"": ""lse"", ""solver_time"": 0.0025141239166259766, ""status"": ""optimal"", ""tau"": 0.005}, {""iteration"": 2, ""max_slack"": 1.4015393420246731, ""objective"": 50608.88380894293, ""original_change"": 0.016970366807072423, ""penalized_change"": 1.5956535329751205, ""penalized_objective"": 50609.09403984592, ""phase"": ""lse"", ""solver_time"": 0.011658906936645508, ""status"": ""optimal"", ""tau"": 0.01}, {""iteration"": 3, ""max_slack"": 7.265108989072384e-08, ""objective"": 50608.88380750755, ""original_change"": 1.4353790902532637e-06, ""penalized_change"": 0.210232202494808, ""penalized_objective"": 50608.883807643426, ""phase"": ""lse"", ""solver_time"": 0.0033102035522460938, ""status"": ""optimal"", ""tau"": 0.02}, {""iteration"": 4, ""max_slack"": 3.327788021438232e-10, ""objective"": 50608.883807492566, ""original_change"": 1.4981196727603674e-08, ""penalized_change"": 1.496591721661389e-07, ""penalized_objective"": 50608.88380749377, ""phase"": ""lse"", ""solver_time"": 0.0030341148376464844, ""status"": ""optimal"", ""tau"": 0.04}, {""converged"": true, ""phase"": ""lse"", ""summary"": true}, {""iteration"": 1, ""max_slack"": 7.341943365412002e-08, ""objective"": 50608.88380749545, ""original_change"": null, ""penalized_change"": null, ""penalized_objective"": 50608.88380754298, ""phase"": ""mellowmin"", ""solver_time"": 0.01194620132446289, ""status"": ""optimal"", ""tau"": 0.005}, {""iteration"": 2, ""max_slack"": 4.430258948874872e-10, ""objective"": 50608.88380749251, ""original_change"": 2.939486876130104e-09, ""penalized_change"": 4.994944902136922e-08, ""penalized_objective"": 50608.88380749303, ""phase"": ""mellowmin"", ""solver_time"": 0.01145315170288086, ""status"": ""optimal"", ""tau"": 0.01}, {""converged"": true, ""phase"": ""mellowmin"", ""summary"": true}]",
DEU_LocationALower-37_235_T-1,scenarios/experiment_scenarios/highd/DEU_LocationALower-37_235_T-1.xml,8,R_G1,0,lin2025,17,lse_mellowmin,trajectory,20260922,True,True,True,True,0.006363041999065899,0.0011235269994358532,0.04648618300052476,0.04648618300052476,0.29660163300104614,0.35057438500007265,0.22746519900101703,0.026977062225341797,0.026977062225341797,197,0,461,136,325,14,13,240,11,True,1.282564467847632e-08,optimal,282654.7686384934,0.010000000004758574,5,inf,,,,"[{""iteration"": 1, ""max_slack"": 0.7279832200167288, ""objective"": 282654.768638575, ""original_change"": null, ""penalized_change"": null, ""penalized_objective"": 282654.8232373185, ""phase"": ""lse"", ""solver_time"": 0.0017728805541992188, ""status"": ""optimal"", ""tau"": 0.005}, {""iteration"": 2, ""max_slack"": 6.550402239160623e-08, ""objective"": 282654.76863848517, ""original_change"": 8.981442078948021e-08, ""penalized_change"": 0.054598798451479524, ""penalized_objective"": 282654.76863852004, ""phase"": ""lse"", ""solver_time"": 0.003353118896484375, ""status"": ""optimal"", ""tau"": 0.01}, {""iteration"": 3, ""max_slack"": 0.2992748285816755, ""objective"": 282654.7686388448, ""original_change"": 3.5960692912340164e-07, ""penalized_change"": 0.1365233467076905, ""penalized_objective"": 282654.90516186674, ""phase"": ""lse"", ""solver_time"": 0.0024678707122802734, ""status"": ""optimal"", ""tau"": 0.02}, {""iteration"": 4, ""max_slack"": 0.4360970386045714, ""objective"": 282669.6963234028, ""original_change"": 14.927684558031615, ""penalized_change"": 15.528163354378194, ""penalized_objective"": 282670.4333252211, ""phase"": ""lse"", ""solver_time"": 0.0028100013732910156, ""status"": ""optimal"", ""tau"": 0.04}, {""iteration"": 5, ""max_slack"": 2.5509587114673624, ""objective"": 282654.8122644096, ""original_change"": 14.884058993193321, ""penalized_change"": 12.358909936330747, ""penalized_objective"": 282658.0744152848, ""phase"": ""lse"", ""solver_time"": 0.0023679733276367188, ""status"": ""optimal"", ""tau"": 0.08}, {""iteration"": 6, ""max_slack"": 1.3777649758294603e-10, ""objective"": 282654.76863848016, ""original_change"": 0.0436259294510819, ""penalized_change"": 3.3057768028229475, ""penalized_objective"": 282654.76863848197, ""phase"": ""lse"", ""solver_time"": 0.0028200149536132812, ""status"": ""optimal"", ""tau"": 0.16}, {""iteration"": 7, ""max_slack"": 0.010152578105534023, ""objective"": 282712.34539761406, ""original_change"": 57.57675913389539, ""penalized_change"": 57.62549150723498, ""penalized_objective"": 282712.3941299892, ""phase"": ""lse"", ""solver_time"": 0.0022308826446533203, ""status"": ""optimal"", ""tau"": 0.32}, {""iteration"": 8, ""max_slack"": 5.064799883889506e-11, ""objective"": 282654.7686384801, ""original_change"": 57.5767591339536, ""penalized_change"": 57.62549150723498, ""penalized_objective"": 282654.76863848197, ""phase"": ""lse"", ""solver_time"": 0.002206087112426758, ""status"": ""optimal"", ""tau"": 0.64}, {""iteration"": 9, ""max_slack"": 3.5942693148691675e-10, ""objective"": 282654.7686384866, ""original_change"": 6.51925802230835e-09, ""penalized_change"": 3.480818122625351e-08, ""penalized_objective"": 282654.7686385168, ""phase"": ""lse"", ""solver_time"": 0.001971006393432617, ""status"": ""optimal"", ""tau"": 1.28}, {""converged"": true, ""phase"": ""lse"", ""summary"": true}, {""iteration"": 1, ""max_slack"": 4.799810081221449e-09, ""objective"": 282654.76863848045, ""original_change"": null, ""penalized_change"": null, ""penalized_objective"": 282654.76863848267, ""phase"": ""mellowmin"", ""solver_time"": 0.0026671886444091797, ""status"": ""optimal"", ""tau"": 0.005}, {""iteration"": 2, ""max_slack"": 1.282564467847632e-08, ""objective"": 282654.7686384818, ""original_change"": 1.3387762010097504e-09, ""penalized_change"": 1.0710209608078003e-08, ""penalized_objective"": 282654.7686384934, ""phase"": ""mellowmin"", ""solver_time"": 0.002310037612915039, ""status"": ""optimal"", ""tau"": 0.01}, {""converged"": true, ""phase"": ""mellowmin"", ""summary"": true}]",
DEU_LocationALower-37_4_T-1,scenarios/experiment_scenarios/highd/DEU_LocationALower-37_4_T-1.xml,22,R_G1,0,lin2025,21,lse_mellowmin,trajectory,20260922,True,True,True,True,0.008861226999215432,0.0017149209998024162,0.5809337430000596,0.5809337430000596,0.4014827539995167,0.9929926449985942,0.2518172729996877,0.05281186103820801,0.05281186103820801,253,0,631,168,463,22,21,378,4,True,2.1942803686441536e-09,optimal,56605.6460162258,0.010000000000303544,20,inf,,,,"[{""iteration"": 1, ""max_slack"": 1.6663081036426226e-09, ""objective"": 56605.64601622177, ""original_change"": null, ""penalized_change"": null, ""penalized_objective"": 56605.64601622351, ""phase"": ""lse"", ""solver_time"": 0.016961097717285156, ""status"": ""optimal"", ""tau"": 0.005}, {""iteration"": 2, ""max_slack"": 1.2138090797495578e-07, ""objective"": 56605.64601622886, ""original_change"": 7.086782716214657e-09, ""penalized_change"": 1.2628879630938172e-07, ""penalized_objective"": 56605.6460163498, ""phase"": ""lse"", ""solver_time"": 0.0039179325103759766, ""status"": ""optimal"", ""tau"": 0.01}, {""converged"": true, ""phase"": ""lse"", ""summary"": true}, {""iteration"": 1, ""max_slack"": 1.6663441078440366e-09, ""objective"": 56605.646016221785, ""original_change"": null, ""penalized_change"": null, ""penalized_objective"": 56605.64601622353, ""phase"": ""mellowmin"", ""solver_time"": 0.011863946914672852, ""status"": ""optimal"", ""tau"": 0.005}, {""iteration"": 2, ""max_slack"": 2.1942803686441536e-09, ""objective"": 56605.64601622187, ""original_change"": 8.731149137020111e-11, ""penalized_change"": 2.270098775625229e-09, ""penalized_objective"": 56605.6460162258, ""phase"": ""mellowmin"", ""solver_time"": 0.020068883895874023, ""status"": ""optimal"", ""tau"": 0.01}, {""converged"": true, ""phase"": ""mellowmin"", ""summary"": true}]",
DEU_LocationALower-36_263_T-1,scenarios/experiment_scenarios/highd/DEU_LocationALower-36_263_T-1.xml,15,R_G1,0,lin2025,21,lse_mellowmin,trajectory,20260922,True,True,True,True,0.009681064999313094,0.0015950699998938944,0.06979077699907066,0.06979077699907066,0.3547543529984978,0.4358212649967754,0.25366361799933657,0.04491925239562988,0.04491925239562988,253,0,631,168,463,22,21,378,6,True,3.7142272894384693e-09,optimal,161151.51234538204,0.010000000000284536,12,inf,,,,"[{""iteration"": 1, ""max_slack"": 1.66597438071075, ""objective"": 161151.5281749785, ""original_change"": null, ""penalized_change"": null, ""penalized_objective"": 161153.02041314702, ""phase"": ""lse"", ""solver_time"": 0.004438161849975586, ""status"": ""optimal"", ""tau"": 0.005}, {""iteration"": 2, ""max_slack"": 1.6764581147694633, ""objective"": 161151.51241362919, ""original_change"": 0.015761349321110174, ""penalized_change"": 1.2565307845070492, ""penalized_objective"": 161151.76388236252, ""phase"": ""lse"", ""solver_time"": 0.008318185806274414, ""status"": ""optimal"", ""tau"": 0.01}, {""iteration"": 3, ""max_slack"": 4.511289847804569e-08, ""objective"": 161151.51234541583, ""original_change"": 6.821335409767926e-05, ""penalized_change"": 0.25153687346028164, ""penalized_objective"": 161151.51234548906, ""phase"": ""lse"", ""solver_time"": 0.003834962844848633, ""status"": ""optimal"", ""tau"": 0.02}, {""iteration"": 4, ""max_slack"": 4.8280314583485826e-08, ""objective"": 161151.51234540826, ""original_change"": 7.566995918750763e-09, ""penalized_change"": 2.1595042198896408e-08, ""penalized_objective"": 161151.51234551065, ""phase"": ""lse"", ""solver_time"": 0.003584146499633789, ""status"": ""optimal"", ""tau"": 0.04}, {""converged"": true, ""phase"": ""lse"", ""summary"": true}, {""iteration"": 1, ""max_slack"": 3.8350874822785756e-07, ""objective"": 161151.5123453946, ""original_change"": null, ""penalized_change"": null, ""penalized_objective"": 161151.5123456494, ""phase"": ""mellowmin"", ""solver_time"": 0.012308835983276367, ""status"": ""optimal"", ""tau"": 0.005}, {""iteration"": 2, ""max_slack"": 3.7142272894384693e-09, ""objective"": 161151.51234537692, ""original_change"": 1.7695128917694092e-08, ""penalized_change"": 2.673477865755558e-07, ""penalized_objective"": 161151.51234538204, ""phase"": ""mellowmin"", ""solver_time"": 0.012434959411621094, ""status"": ""optimal"", ""tau"": 0.01}, {""converged"": true, ""phase"": ""mellowmin"", ""summary"": true}]",
DEU_LocationALower-30_258_T-1,scenarios/experiment_scenarios/highd/DEU_LocationALower-30_258_T-1.xml,22,R_G1,0,lin2025,21,lse_mellowmin,trajectory,20260922,True,True,True,True,0.01292031500088342,0.002041112000370049,0.5836890270002186,0.5836890270002186,0.4037842469988391,1.0024347010003112,0.2800677380000707,0.04459571838378906,0.04459571838378906,253,0,610,168,442,22,21,357,6,True,5.172961441329186e-10,optimal,30951.415762018678,0.010000000000153842,20,inf,,,,"[{""iteration"": 1, ""max_slack"": 2.915856239087723, ""objective"": 30951.428905071727, ""original_change"": null, ""penalized_change"": null, ""penalized_objective"": 30952.479564768495, ""phase"": ""lse"", ""solver_time"": 0.004526853561401367, ""status"": ""optimal"", ""tau"": 0.005}, {""iteration"": 2, ""max_slack"": 1.5185044645153192, ""objective"": 30951.420022151895, ""original_change"": 0.008882919832103653, ""penalized_change"": 0.378611897733208, ""penalized_objective"": 30952.100952870762, ""phase"": ""lse"", ""solver_time"": 0.005285978317260742, ""status"": ""optimal"", ""tau"": 0.01}, {""iteration"": 3, ""max_slack"": 1.214770676388089e-09, ""objective"": 30951.415762018416, ""original_change"": 0.004260133478965145, ""penalized_change"": 0.6851908502867445, ""penalized_objective"": 30951.415762020475, ""phase"": ""lse"", ""solver_time"": 0.004394054412841797, ""status"": ""optimal"", ""tau"": 0.02}, {""iteration"": 4, ""max_slack"": 3.573505571169226e-10, ""objective"": 30951.41576201833, ""original_change"": 8.731149137020111e-11, ""penalized_change"": 6.984919309616089e-10, ""penalized_objective"": 30951.415762019777, ""phase"": ""lse"", ""solver_time"": 0.0037729740142822266, ""status"": ""optimal"", ""tau"": 0.04}, {""converged"": true, ""phase"": ""lse"", ""summary"": true}, {""iteration"": 1, ""max_slack"": 2.543358357680911e-07, ""objective"": 30951.41576202812, ""original_change"": null, ""penalized_change"": null, ""penalized_objective"": 30951.415762129316, ""phase"": ""mellowmin"", ""solver_time"": 0.013100862503051758, ""status"": ""optimal"", ""tau"": 0.005}, {""iteration"": 2, ""max_slack"": 5.172961441329186e-10, ""objective"": 30951.41576201823, ""original_change"": 9.888026397675276e-09, ""penalized_change"": 1.1063821148127317e-07, ""penalized_objective"": 30951.415762018678, ""phase"": ""mellowmin"", ""solver_time"": 0.013514995574951172, ""status"": ""optimal"", ""tau"": 0.01}, {""converged"": true, ""phase"": ""mellowmin"", ""summary"": true}]",
DEU_LocationALower-33_124_T-1,scenarios/experiment_scenarios/highd/DEU_LocationALower-33_124_T-1.xml,21,R_G1,0,lin2025,21,lse_mellowmin,trajectory,20260922,True,True,True,True,0.011116704999949434,0.003398803999516531,0.10043350300111342,0.10043350300111342,0.36610175400164735,0.48105076600222674,0.2675748259989632,0.04187488555908203,0.04187488555908203,253,0,622,168,454,22,21,369,4,True,1.7647690562223157e-07,optimal,82056.5758453149,0.010000000037092832,20,inf,,,,"[{""iteration"": 1, ""max_slack"": 3.796929039567501e-09, ""objective"": 82056.57584507295, ""original_change"": null, ""penalized_change"": null, ""penalized_objective"": 82056.57584507493, ""phase"": ""lse"", ""solver_time"": 0.012097835540771484, ""status"": ""optimal"", ""tau"": 0.005}, {""iteration"": 2, ""max_slack"": 1.4394923076080889e-07, ""objective"": 82056.5758450806, ""original_change"": 7.654307410120964e-09, ""penalized_change"": 1.393345883116126e-07, ""penalized_objective"": 82056.57584521426, ""phase"": ""lse"", ""solver_time"": 0.0037200450897216797, ""status"": ""optimal"", ""tau"": 0.01}, {""converged"": true, ""phase"": ""lse"", ""summary"": true}, {""iteration"": 1, ""max_slack"": 4.4053386406838635e-09, ""objective"": 82056.57584507296, ""original_change"": null, ""penalized_change"": null, ""penalized_objective"": 82056.57584507573, ""phase"": ""mellowmin"", ""solver_time"": 0.012816905975341797, ""status"": ""optimal"", ""tau"": 0.005}, {""iteration"": 2, ""max_slack"": 1.7647690562223157e-07, ""objective"": 82056.57584508565, ""original_change"": 1.2689270079135895e-08, ""penalized_change"": 2.391752786934376e-07, ""penalized_objective"": 82056.5758453149, ""phase"": ""mellowmin"", ""solver_time"": 0.01324009895324707, ""status"": ""optimal"", ""tau"": 0.01}, {""converged"": true, ""phase"": ""mellowmin"", ""summary"": true}]",
DEU_LocationALower-33_128_T-1,scenarios/experiment_scenarios/highd/DEU_LocationALower-33_128_T-1.xml,6,R_G1,0,lin2025,21,lse_mellowmin,trajectory,20260922,True,True,True,True,0.013805250999212149,0.0016791340003692312,0.06492796900056419,0.06492796900056419,0.997201928999857,1.0776142830000026,0.3159759730006044,0.03729701042175293,0.03729701042175293,251,0,620,168,452,21,20,363,5,True,2.5550801090548116e-07,optimal,334418.30259913846,0.010000000028242084,5,inf,,,,"[{""iteration"": 1, ""max_slack"": 2.050582939781138, ""objective"": 334418.30501082336, ""original_change"": null, ""penalized_change"": null, ""penalized_objective"": 334418.7654885901, ""phase"": ""lse"", ""solver_time"": 0.007308006286621094, ""status"": ""optimal"", ""tau"": 0.005}, {""iteration"": 2, ""max_slack"": 3.5354929494319106e-08, ""objective"": 334418.30259883695, ""original_change"": 0.002411986410152167, ""penalized_change"": 0.46288969373563305, ""penalized_objective"": 334418.3025988964, ""phase"": ""lse"", ""solver_time"": 0.004096031188964844, ""status"": ""optimal"", ""tau"": 0.01}, {""iteration"": 3, ""max_slack"": 1.5991791717763428e-07, ""objective"": 334418.3025988488, ""original_change"": 1.1874362826347351e-08, ""penalized_change"": 2.7462374418973923e-07, ""penalized_objective"": 334418.302599171, ""phase"": ""lse"", ""solver_time"": 0.003307819366455078, ""status"": ""optimal"", ""tau"": 0.02}, {""converged"": true, ""phase"": ""lse"", ""summary"": true}, {""iteration"": 1, ""max_slack"": 1.3319694246150503e-07, ""objective"": 334418.3025988366, ""original_change"": null, ""penalized_change"": null, ""penalized_objective"": 334418.3025989057, ""phase"": ""mellowmin"", ""solver_time"": 0.01141214370727539, ""status"": ""optimal"", ""tau"": 0.005}, {""iteration"": 2, ""max_slack"": 2.5550801090548116e-07, ""objective"": 334418.30259884713, ""original_change"": 1.05355866253376e-08, ""penalized_change"": 2.3277243599295616e-07, ""penalized_objective"": 334418.30259913846, ""phase"": ""mellowmin"", ""solver_time"": 0.011173009872436523, ""status"": ""optimal"", ""tau"": 0.01}, {""converged"": true, ""phase"": ""mellowmin"", ""summary"": true}]",
DEU_LocationALower-33_183_T-1,scenarios/experiment_scenarios/highd/DEU_LocationALower-33_183_T-1.xml,25,R_G1,0,lin2025,21,lse_mellowmin,trajectory,20260922,True,True,True,True,0.011707370998919941,0.0016718009992473526,0.06552344100055052,0.06552344100055052,0.3381344999997964,0.4170371129985142,0.26051388700034295,0.04198575019836426,0.04198575019836426,253,0,610,168,442,22,21,357,6,True,1.2809946049161352e-08,optimal,28349.85826272424,0.010000000007209991,21,inf,,,,"[{""iteration"": 1, ""max_slack"": 4.427407312942177, ""objective"": 28349.874021346535, ""original_change"": null, ""penalized_change"": null, ""penalized_objective"": 28351.829040114295, ""phase"": ""lse"", ""solver_time"": 0.0039920806884765625, ""status"": ""optimal"", ""tau"": 0.005}, {""iteration"": 2, ""max_slack"": 1.92463695858297, ""objective"": 28349.85828256275, ""original_change"": 0.015738783786218846, ""penalized_change"": 1.393466325229383, ""penalized_objective"": 28350.435573789066, ""phase"": ""lse"", ""solver_time"": 0.006622791290283203, ""status"": ""optimal"", ""tau"": 0.01}, {""iteration"": 3, ""max_slack"": 1.587103979599477e-08, ""objective"": 28349.85826271101, ""original_change"": 1.9851737306453288e-05, ""penalized_change"": 0.5773110448753869, ""penalized_objective"": 28349.85826274419, ""phase"": ""lse"", ""solver_time"": 0.004019975662231445, ""status"": ""optimal"", ""tau"": 0.02}, {""iteration"": 4, ""max_slack"": 8.023273044985287e-10, ""objective"": 28349.858262708116, ""original_change"": 2.8958311304450035e-09, ""penalized_change"": 3.3291144063696265e-08, ""penalized_objective"": 28349.8582627109, ""phase"": ""lse"", ""solver_time"": 0.003197908401489258, ""status"": ""optimal"", ""tau"": 0.04}, {""converged"": true, ""phase"": ""lse"", ""summary"": true}, {""iteration"": 1, ""max_slack"": 1.8159012231494595e-09, ""objective"": 28349.858262708018, ""original_change"": null, ""penalized_change"": null, ""penalized_objective"": 28349.85826270894, ""phase"": ""mellowmin"", ""solver_time"": 0.012418031692504883, ""status"": ""optimal"", ""tau"": 0.005}, {""iteration"": 2, ""max_slack"": 1.2809946049161352e-08, ""objective"": 28349.858262709335, ""original_change"": 1.3169483281672e-09, ""penalized_change"": 1.5297700883820653e-08, ""penalized_objective"": 28349.85826272424, ""phase"": ""mellowmin"", ""solver_time"": 0.011734962463378906, ""status"": ""optimal"", ""tau"": 0.01}, {""converged"": true, ""phase"": ""mellowmin"", ""summary"": true}]",
DEU_LocationALower-13_168_T-1,scenarios/experiment_scenarios/highd/DEU_LocationALower-13_168_T-1.xml,12,R_G1,0,lin2025,21,lse_mellowmin,trajectory,20260922,True,True,True,True,0.00950717299929238,0.0018946119998872746,0.06663381100042898,0.06663381100042898,1.2271917359994404,1.305227331999049,0.27005499199913174,0.1368858814239502,0.1368858814239502,253,0,631,168,463,22,21,378,27,True,7.367797692334551e-10,optimal,137782.04494381347,0.010000000000047748,13,inf,,,,"[{""iteration"": 1, ""max_slack"": 0.7389448258070921, ""objective"": 137854.1361453372, ""original_change"": null, ""penalized_change"": null, ""penalized_objective"": 137854.21706420195, ""phase"": ""lse"", ""solver_time"": 0.00374603271484375, ""status"": ""optimal"", ""tau"": 0.005}, {""iteration"": 2, ""max_slack"": 0.2607679102359878, ""objective"": 138488.77673906487, ""original_change"": 634.6405937276722, ""penalized_change"": 634.6663253211591, ""penalized_objective"": 138488.8833895231, ""phase"": ""lse"", ""solver_time"": 0.0067081451416015625, ""status"": ""optimal"", ""tau"": 0.01}, {""iteration"": 3, ""max_slack"": 1.212142841791385e-09, ""objective"": 137782.04494381294, ""original_change"": 706.7317952519224, ""penalized_change"": 706.8384457087959, ""penalized_objective"": 137782.0449438143, ""phase"": ""lse"", ""solver_time"": 0.004364013671875, ""status"": ""optimal"", ""tau"": 0.02}, {""iteration"": 4, ""max_slack"": 0.15408181250039837, ""objective"": 138489.37289789884, ""original_change"": 707.327954085893, ""penalized_change"": 707.9134635191294, ""penalized_objective"": 138489.95840733344, ""phase"": ""lse"", ""solver_time"": 0.003741025924682617, ""status"": ""optimal"", ""tau"": 0.04}, {""iteration"": 5, ""max_slack"": 1.2555353065713483e-08, ""objective"": 137782.0449438231, ""original_change"": 707.3279540757358, ""penalized_change"": 707.9134634274815, ""penalized_objective"": 137782.04494390596, ""phase"": ""lse"", ""solver_time"": 0.002568960189819336, ""status"": ""optimal"", ""tau"": 0.08}, {""iteration"": 6, ""max_slack"": 1.640406937862443, ""objective"": 138488.76807446222, ""original_change"": 706.7231306391186, ""penalized_change"": 713.9415343919245, ""penalized_objective"": 138495.98647829788, ""phase"": ""lse"", ""solver_time"": 0.01252603530883789, ""status"": ""optimal"", ""tau"": 0.16}, {""iteration"": 7, ""max_slack"": 2.4538342396887347e-09, ""objective"": 137782.04494382069, ""original_change"": 706.7231306415342, ""penalized_change"": 713.9415343134024, ""penalized_objective"": 137782.04494398448, ""phase"": ""lse"", ""solver_time"": 0.003180980682373047, ""status"": ""optimal"", ""tau"": 0.32}, {""iteration"": 8, ""max_slack"": 0.012747026183517954, ""objective"": 138490.45225063158, ""original_change"": 708.4073068108992, ""penalized_change"": 708.9895822695689, ""penalized_objective"": 138491.03452625405, ""phase"": ""lse"", ""solver_time"": 0.004266023635864258, ""status"": ""optimal"", ""tau"": 0.64}, {""iteration"": 9, ""max_slack"": 1.1858997953239936e-10, ""objective"": 137782.0449438251, ""original_change"": 708.4073068064754, ""penalized_change"": 708.9895824073756, ""penalized_objective"": 137782.04494384667, ""phase"": ""lse"", ""solver_time"": 0.0024781227111816406, ""status"": ""optimal"", ""tau"": 1.28}, {""iteration"": 10, ""max_slack"": 0.019021376916703883, ""objective"": 138489.0612210141, ""original_change"": 707.0162771889882, ""penalized_change"": 708.0585974428686, ""penalized_objective"": 138490.10354128954, ""phase"": ""lse"", ""solver_time"": 0.01012110710144043, ""status"": ""optimal"", ""tau"": 2.56}, {""iteration"": 11, ""max_slack"": 1.1689836998227701e-09, ""objective"": 137782.04494424356, ""original_change"": 707.0162767705333, ""penalized_change"": 708.0585959602322, ""penalized_objective"": 137782.0449453293, ""phase"": ""lse"", ""solver_time"": 0.003077983856201172, ""status"": ""optimal"", ""tau"": 5.12}, {""iteration"": 12, ""max_slack"": 0.0001666172705317984, ""objective"": 138491.1636259964, ""original_change"": 709.1186817528505, ""penalized_change"": 709.1762471670809, ""penalized_objective"": 138491.2211924964, ""phase"": ""lse"", ""solver_time"": 0.0034971237182617188, ""status"": ""optimal"", ""tau"": 10.24}, {""iteration"": 13, ""max_slack"": 1.2170981088456936e-14, ""objective"": 137782.04494381303, ""original_change"": 709.1186821833835, ""penalized_change"": 709.1762486833031, ""penalized_objective"": 137782.0449438131, ""phase"": ""lse"", ""solver_time"": 0.0034270286560058594, ""status"": ""optimal"", ""tau"": 20.48}, {""iteration"": 14, ""max_slack"": 4.5621541734592914e-11, ""objective"": 138491.1449339218, ""original_change"": 709.099990108778, ""penalized_change"": 709.0999903452466, ""penalized_objective"": 138491.14493415834, ""phase"": ""lse"", ""solver_time"": 0.013037919998168945, ""status"": ""optimal"", ""tau"": 40.96}, {""iteration"": 15, ""max_slack"": 6.028947162089631e-13, ""objective"": 137782.0449438278, ""original_change"": 709.0999900940224, ""penalized_change"": 709.0999903153861, ""penalized_objective"": 137782.04494384295, ""phase"": ""lse"", ""solver_time"": 0.0028030872344970703, ""status"": ""optimal"", ""tau"": 81.92}, {""iteration"": 16, ""max_slack"": 2.403829561795914e-12, ""objective"": 138491.1484114226, ""original_change"": 709.1034675948031, ""penalized_change"": 709.1034676844429, ""penalized_objective"": 138491.1484115274, ""phase"": ""lse"", ""solver_time"": 0.0038170814514160156, ""status"": ""optimal"", ""tau"": 163.84}, {""iteration"": 17, ""max_slack"": 1.3233704370861343e-13, ""objective"": 137782.0449438253, ""original_change"": 709.1034675972769, ""penalized_change"": 709.1034676904383, ""penalized_objective"": 137782.04494383695, ""phase"": ""lse"", ""solver_time"": 0.007209062576293945, ""status"": ""optimal"", ""tau"": 327.68}, {""iteration"": 18, ""max_slack"": 2.6130843281995525e-11, ""objective"": 138491.1984082252, ""original_change"": 709.1534643998893, ""penalized_change"": 709.1534695802548, ""penalized_objective"": 138491.1984134172, ""phase"": ""lse"", ""solver_time"": 0.0032491683959960938, ""status"": ""optimal"", ""tau"": 655.36}, {""iteration"": 19, ""max_slack"": 6.482013712223037e-13, ""objective"": 137782.04494406757, ""original_change"": 709.1534641576291, ""penalized_change"": 709.1534691455017, ""penalized_objective"": 137782.0449442717, ""phase"": ""lse"", ""solver_time"": 0.0029480457305908203, ""status"": ""optimal"", ""tau"": 1000.0}, {""iteration"": 20, ""max_slack"": 1.912208241417769e-11, ""objective"": 138491.14777120348, ""original_change"": 709.10282713591, ""penalized_change"": 709.1028328810644, ""penalized_objective"": 138491.14777715277, ""phase"": ""lse"", ""solver_time"": 0.009665966033935547, ""status"": ""optimal"", ""tau"": 1000.0}, {""iteration"": 21, ""max_slack"": 6.40246802295688e-11, ""objective"": 137782.04495617084, ""original_change"": 709.1028150326456, ""penalized_change"": 709.1028008565481, ""penalized_objective"": 137782.04497629622, ""phase"": ""lse"", ""solver_time"": 0.002897024154663086, ""status"": ""optimal"", ""tau"": 1000.0}, {""iteration"": 22, ""max_slack"": 6.560274268050655e-11, ""objective"": 138491.14692533275, ""original_change"": 709.1019691619149, ""penalized_change"": 709.1019691815891, ""penalized_objective"": 138491.1469454778, ""phase"": ""lse"", ""solver_time"": 0.003465890884399414, ""status"": ""optimal"", ""tau"": 1000.0}, {""iteration"": 23, ""max_slack"": 4.6155671716985124e-12, ""objective"": 137782.04495042074, ""original_change"": 709.1019749120169, ""penalized_change"": 709.101994044031, ""penalized_objective"": 137782.04495143378, ""phase"": ""lse"", ""solver_time"": 0.006883859634399414, ""status"": ""optimal"", ""tau"": 1000.0}, {""iteration"": 24, ""max_slack"": 3.100952653405121e-13, ""objective"": 138491.17435590134, ""original_change"": 709.1294054806058, ""penalized_change"": 709.1294045617396, ""penalized_objective"": 138491.17435599552, ""phase"": ""lse"", ""solver_time"": 0.0030481815338134766, ""status"": ""optimal"", ""tau"": 1000.0}, {""iteration"": 25, ""max_slack"": 3.4362822638214005e-12, ""objective"": 137782.04494693124, ""original_change"": 709.1294089700968, ""penalized_change"": 709.1294079838844, ""penalized_objective"": 137782.04494801164, ""phase"": ""lse"", ""solver_time"": 0.003226041793823242, ""status"": ""optimal"", ""tau"": 1000.0}, {""converged"": false, ""phase"": ""lse"", ""summary"": true}, {""iteration"": 1, ""max_slack"": 7.0910564453225544e-09, ""objective"": 137782.04494381318, ""original_change"": null, ""penalized_change"": null, ""penalized_objective"": 137782.0449438195, ""phase"": ""mellowmin"", ""solver_time"": 0.007689952850341797, ""status"": ""optimal"", ""tau"": 0.005}, {""iteration"": 2, ""max_slack"": 7.367797692334551e-10, ""objective"": 137782.04494381286, ""original_change"": 3.2014213502407074e-10, ""penalized_change"": 6.024492904543877e-09, ""penalized_objective"": 137782.04494381347, ""phase"": ""mellowmin"", ""solver_time"": 0.003242015838623047, ""status"": ""optimal"", ""tau"": 0.01}, {""converged"": true, ""phase"": ""mellowmin"", ""summary"": true}]",
DEU_LocationALower-28_204_T-1,scenarios/experiment_scenarios/highd/DEU_LocationALower-28_204_T-1.xml,12,R_G1,0,lin2025,21,lse_mellowmin,trajectory,20260922,True,True,True,True,0.006868606000352884,0.0016121019998536212,0.09344806999979482,0.09344806999979482,0.4563393629996426,0.558268140999644,0.46021709800152166,0.06963920593261719,0.06963920593261719,253,0,619,168,451,22,21,366,9,True,6.1595630181671626e-09,optimal,120597.26943596022,0.01000000001322799,11,inf,,,,"[{""iteration"": 1, ""max_slack"": 1.5421174412119314, ""objective"": 120597.27003527206, ""original_change"": null, ""penalized_change"": null, ""penalized_objective"": 120597.41665534084, ""phase"": ""lse"", ""solver_time"": 0.0030770301818847656, ""status"": ""optimal"", ""tau"": 0.005}, {""iteration"": 2, ""max_slack"": 0.11569220562579, ""objective"": 120597.26946406253, ""original_change"": 0.0005712095298804343, ""penalized_change"": 0.11389692353259306, ""penalized_objective"": 120597.30275841731, ""phase"": ""lse"", ""solver_time"": 0.012840032577514648, ""status"": ""optimal"", ""tau"": 0.01}, {""iteration"": 3, ""max_slack"": 1.7785710599288626e-09, ""objective"": 120597.26943591841, ""original_change"": 2.814411709550768e-05, ""penalized_change"": 0.03332249543746002, ""penalized_objective"": 120597.26943592187, ""phase"": ""lse"", ""solver_time"": 0.00406193733215332, ""status"": ""optimal"", ""tau"": 0.02}, {""iteration"": 4, ""max_slack"": 0.005922468232488431, ""objective"": 120597.44028355967, ""original_change"": 0.17084764126047958, ""penalized_change"": 0.17784057679818943, ""penalized_objective"": 120597.44727649867, ""phase"": ""lse"", ""solver_time"": 0.004163026809692383, ""status"": ""optimal"", ""tau"": 0.04}, {""iteration"": 5, ""max_slack"": 1.7339828173964771e-10, ""objective"": 120597.26943591873, ""original_change"": 0.17084764094033744, ""penalized_change"": 0.17784057708922774, ""penalized_objective"": 120597.26943592158, ""phase"": ""lse"", ""solver_time"": 0.004431009292602539, ""status"": ""optimal"", ""tau"": 0.08}, {""iteration"": 6, ""max_slack"": 1.7180983506691792e-10, ""objective"": 120597.26943591851, ""original_change"": 2.1827872842550278e-10, ""penalized_change"": 8.149072527885437e-10, ""penalized_objective"": 120597.26943592077, ""phase"": ""lse"", ""solver_time"": 0.003487110137939453, ""status"": ""optimal"", ""tau"": 0.16}, {""converged"": true, ""phase"": ""lse"", ""summary"": true}, {""iteration"": 1, ""max_slack"": 0.15071424346981518, ""objective"": 120597.2696921055, ""original_change"": null, ""penalized_change"": null, ""penalized_objective"": 120597.28484279568, ""phase"": ""mellowmin"", ""solver_time"": 0.005630970001220703, ""status"": ""optimal"", ""tau"": 0.005}, {""iteration"": 2, ""max_slack"": 0.060907656000445065, ""objective"": 120597.26950627212, ""original_change"": 0.00018583338533062488, ""penalized_change"": 0.006200374700711109, ""penalized_objective"": 120597.27864242098, ""phase"": ""mellowmin"", ""solver_time"": 0.020596981048583984, ""status"": ""optimal"", ""tau"": 0.01}, {""iteration"": 3, ""max_slack"": 6.1595630181671626e-09, ""objective"": 120597.26943592356, ""original_change"": 7.034855661913753e-05, ""penalized_change"": 0.009206460759742185, ""penalized_objective"": 120597.26943596022, ""phase"": ""mellowmin"", ""solver_time"": 0.01135110855102539, ""status"": ""optimal"", ""tau"": 0.02}, {""converged"": true, ""phase"": ""mellowmin"", ""summary"": true}]",
DEU_LocationALower-33_120_T-1,scenarios/experiment_scenarios/highd/DEU_LocationALower-33_120_T-1.xml,9,R_G1,0,lin2025,21,lse_mellowmin,trajectory,20260922,True,True,True,True,0.008594930999606731,0.001750331999573973,0.0655313830011437,0.0655313830011437,0.3575703819988121,0.4334470279991365,0.2755009489992517,0.045384883880615234,0.045384883880615234,253,0,621,168,453,22,21,368,6,True,8.421321438552095e-10,optimal,286878.2807595128,0.010000000000064083,8,inf,,,,"[{""iteration"": 1, ""max_slack"": 2.2710214397725803, ""objective"": 286878.2976833479, ""original_change"": null, ""penalized_change"": null, ""penalized_objective"": 286879.0647481415, ""phase"": ""lse"", ""solver_time"": 0.0028231143951416016, ""status"": ""optimal"", ""tau"": 0.005}, {""iteration"": 2, ""max_slack"": 0.7601315777363367, ""objective"": 286878.2807609636, ""original_change"": 0.016922384267672896, ""penalized_change"": 0.6699674407718703, ""penalized_objective"": 286878.39478070074, ""phase"": ""lse"", ""solver_time"": 0.01163792610168457, ""status"": ""optimal"", ""tau"": 0.01}, {""iteration"": 3, ""max_slack"": 2.3864621657711115e-09, ""objective"": 286878.2807595125, ""original_change"": 1.4511169865727425e-06, ""penalized_change"": 0.11402118328260258, ""penalized_objective"": 286878.28075951745, ""phase"": ""lse"", ""solver_time"": 0.00385284423828125, ""status"": ""optimal"", ""tau"": 0.02}, {""iteration"": 4, ""max_slack"": 3.776623570398211e-09, ""objective"": 286878.28075951355, ""original_change"": 1.0477378964424133e-09, ""penalized_change"": 5.122274160385132e-09, ""penalized_objective"": 286878.2807595226, ""phase"": ""lse"", ""solver_time"": 0.003471851348876953, ""status"": ""optimal"", ""tau"": 0.04}, {""converged"": true, ""phase"": ""lse"", ""summary"": true}, {""iteration"": 1, ""max_slack"": 1.0199110171245026e-07, ""objective"": 286878.28075951774, ""original_change"": null, ""penalized_change"": null, ""penalized_objective"": 286878.2807595535, ""phase"": ""mellowmin"", ""solver_time"": 0.012011051177978516, ""status"": ""optimal"", ""tau"": 0.005}, {""iteration"": 2, ""max_slack"": 8.421321438552095e-10, ""objective"": 286878.2807595121, ""original_change"": 5.6461431086063385e-09, ""penalized_change"": 4.068715497851372e-08, ""penalized_objective"": 286878.2807595128, ""phase"": ""mellowmin"", ""solver_time"": 0.011588096618652344, ""status"": ""optimal"", ""tau"": 0.01}, {""converged"": true, ""phase"": ""mellowmin"", ""summary"": true}]",
DEU_LocationALower-33_46_T-1,scenarios/experiment_scenarios/highd/DEU_LocationALower-33_46_T-1.xml,17,R_G1,0,lin2025,21,lse_mellowmin,trajectory,20260922,True,True,False,False,0.011627228999714134,0.0017272980003326666,0.6417455709997739,0.6417455709997739,0.6427770379996218,1.2978771359994425,0.25777462599944556,0.15341758728027344,0.15341758728027344,253,0,631,168,463,22,21,378,22,True,8.639887306717265e-11,optimal,62750.98859139334,0.010000000002321485,15,0.6000000000000001,"(15,)",,"{""t"": 3, ""s"": 109.81677616891356, ""d"": 0.9665379590098944}","[{""iteration"": 1, ""max_slack"": 0.967547429710535, ""objective"": 62736.58986734955, ""original_change"": null, ""penalized_change"": null, ""penalized_objective"": 62737.73681864214, ""phase"": ""lse"", ""solver_time"": 0.0032150745391845703, ""status"": ""optimal"", ""tau"": 0.005}, {""iteration"": 2, ""max_slack"": 0.9298823719277622, ""objective"": 62736.61057174622, ""original_change"": 0.020704396672954317, ""penalized_change"": 0.048612644379318226, ""penalized_objective"": 62737.68820599776, ""phase"": ""lse"", ""solver_time"": 0.006251096725463867, ""status"": ""optimal"", ""tau"": 0.01}, {""iteration"": 3, ""max_slack"": 0.8468449885398119, ""objective"": 62736.72344910252, ""original_change"": 0.11287735630321549, ""penalized_change"": 0.7807840372697683, ""penalized_objective"": 62738.46899003503, ""phase"": ""lse"", ""solver_time"": 0.003776073455810547, ""status"": ""optimal"", ""tau"": 0.02}, {""iteration"": 4, ""max_slack"": 0.7432727942821786, ""objective"": 62737.18739660215, ""original_change"": 0.4639474996292847, ""penalized_change"": 1.5877035120429355, ""penalized_objective"": 62740.05669354707, ""phase"": ""lse"", ""solver_time"": 0.003392934799194336, ""status"": ""optimal"", ""tau"": 0.04}, {""iteration"": 5, ""max_slack"": 0.5807963829111539, ""objective"": 62739.115631013985, ""original_change"": 1.9282344118328183, ""penalized_change"": 2.1998248037925805, ""penalized_objective"": 62742.25651835086, ""phase"": ""lse"", ""solver_time"": 0.0034439563751220703, ""status"": ""optimal"", ""tau"": 0.08}, {""iteration"": 6, ""max_slack"": 0.42840396925680946, ""objective"": 62741.053933160925, ""original_change"": 1.9383021469402593, ""penalized_change"": 1.9368790228836588, ""penalized_objective"": 62744.19339737375, ""phase"": ""lse"", ""solver_time"": 0.0036690235137939453, ""status"": ""optimal"", ""tau"": 0.16}, {""iteration"": 7, ""max_slack"": 0.3003563619320913, ""objective"": 62743.345066874645, ""original_change"": 2.2911337137193186, ""penalized_change"": 2.0569494421652053, ""penalized_objective"": 62746.25034681591, ""phase"": ""lse"", ""solver_time"": 0.003412008285522461, ""status"": ""optimal"", ""tau"": 0.32}, {""iteration"": 8, ""max_slack"": 0.21647085458177331, ""objective"": 62745.1188745392, ""original_change"": 1.7738076645546244, ""penalized_change"": 1.995349926437484, ""penalized_objective"": 62748.24569674235, ""phase"": ""lse"", ""solver_time"": 0.004091024398803711, ""status"": ""optimal"", ""tau"": 0.64}, {""iteration"": 9, ""max_slack"": 0.12045138494336327, ""objective"": 62747.50007576667, ""original_change"": 2.3812012274720473, ""penalized_change"": 1.5670456217703759, ""penalized_objective"": 62749.81274236412, ""phase"": ""lse"", ""solver_time"": 0.0036940574645996094, ""status"": ""optimal"", ""tau"": 1.28}, {""iteration"": 10, ""max_slack"": 9.555306361952908e-11, ""objective"": 62750.934146954336, ""original_change"": 3.434071187664813, ""penalized_change"": 1.1214046088352916, ""penalized_objective"": 62750.934146972955, ""phase"": ""lse"", ""solver_time"": 0.003923892974853516, ""status"": ""optimal"", ""tau"": 2.56}, {""iteration"": 11, ""max_slack"": 3.0206296732082226e-10, ""objective"": 62750.933475596314, ""original_change"": 0.0006713580223731697, ""penalized_change"": 0.0006710743109579198, ""penalized_objective"": 62750.933475898644, ""phase"": ""lse"", ""solver_time"": 0.003582000732421875, ""status"": ""optimal"", ""tau"": 5.12}, {""converged"": true, ""phase"": ""lse"", ""summary"": true}, {""iteration"": 1, ""max_slack"": 0.982677648604034, ""objective"": 62736.583190004494, ""original_change"": null, ""penalized_change"": null, ""penalized_objective"": 62737.08218768105, ""phase"": ""mellowmin"", ""solver_time"": 0.010715961456298828, ""status"": ""optimal"", ""tau"": 0.005}, {""iteration"": 2, ""max_slack"": 0.9361532460884846, ""objective"": 62736.60724533577, ""original_change"": 0.02405533127603121, ""penalized_change"": 0.48845113539573504, ""penalized_objective"": 62737.57063881645, ""phase"": ""mellowmin"", ""solver_time"": 0.008214950561523438, ""status"": ""optimal"", ""tau"": 0.01}, {""iteration"": 3, ""max_slack"": 0.894492431394699, ""objective"": 62736.71066376656, ""original_change"": 0.10341843078640522, ""penalized_change"": 0.9288542605063412, ""penalized_objective"": 62738.49949307695, ""phase"": ""mellowmin"", ""solver_time"": 0.008398056030273438, ""status"": ""optimal"", ""tau"": 0.02}, {""iteration"": 4, ""max_slack"": 0.7510285484348811, ""objective"": 62737.23169101745, ""original_change"": 0.5210272508920752, ""penalized_change"": 1.5712878738049767, ""penalized_objective"": 62740.07078095076, ""phase"": ""mellowmin"", ""solver_time"": 0.009811878204345703, ""status"": ""optimal"", ""tau"": 0.04}, {""iteration"": 5, ""max_slack"": 0.5588439108654302, ""objective"": 62739.208070476365, ""original_change"": 1.976379458916199, ""penalized_change"": 2.180295233774814, ""penalized_objective"": 62742.25107618453, ""phase"": ""mellowmin"", ""solver_time"": 0.010771036148071289, ""status"": ""optimal"", ""tau"": 0.08}, {""iteration"": 6, ""max_slack"": 0.427604015494572, ""objective"": 62741.07327773309, ""original_change"": 1.8652072567274445, ""penalized_change"": 1.9613689464677009, ""penalized_objective"": 62744.212445131, ""phase"": ""mellowmin"", ""solver_time"": 0.010987997055053711, ""status"": ""optimal"", ""tau"": 0.16}, {""iteration"": 7, ""max_slack"": 0.30068568780097527, ""objective"": 62743.3702173194, ""original_change"": 2.296939586311055, ""penalized_change"": 2.0673945304297376, ""penalized_objective"": 62746.27983966143, ""phase"": ""mellowmin"", ""solver_time"": 0.010638952255249023, ""status"": ""optimal"", ""tau"": 0.32}, {""iteration"": 8, ""max_slack"": 0.21697120287865573, ""objective"": 62745.15039323738, ""original_change"": 1.7801759179783403, ""penalized_change"": 2.004376121753012, ""penalized_objective"": 62748.284215783184, ""phase"": ""mellowmin"", ""solver_time"": 0.00993490219116211, ""status"": ""optimal"", ""tau"": 0.64}, {""iteration"": 9, ""max_slack"": 0.12071208407002479, ""objective"": 62747.54101455831, ""original_change"": 2.3906213209265843, ""penalized_change"": 1.5744707914054743, ""penalized_objective"": 62749.85868657459, ""phase"": ""mellowmin"", ""solver_time"": 0.01096796989440918, ""status"": ""optimal"", ""tau"": 1.28}, {""iteration"": 10, ""max_slack"": 1.5915751337556068e-10, ""objective"": 62750.9885913473, ""original_change"": 3.447576788988954, ""penalized_change"": 1.129904780027573, ""penalized_objective"": 62750.98859135462, ""phase"": ""mellowmin"", ""solver_time"": 0.010307788848876953, ""status"": ""optimal"", ""tau"": 2.56}, {""iteration"": 11, ""max_slack"": 8.639887306717265e-11, ""objective"": 62750.98859137377, ""original_change"": 2.6469933800399303e-08, ""penalized_change"": 3.872264642268419e-08, ""penalized_objective"": 62750.98859139334, ""phase"": ""mellowmin"", ""solver_time"": 0.010216951370239258, ""status"": ""optimal"", ""tau"": 5.12}, {""converged"": true, ""phase"": ""mellowmin"", ""summary"": true}]",
DEU_LocationALower-35_126_T-1,scenarios/experiment_scenarios/highd/DEU_LocationALower-35_126_T-1.xml,20,R_G1,0,lin2025,21,lse_mellowmin,trajectory,20260922,True,True,True,True,0.011718638001184445,0.002054319000308169,0.0726839420003671,0.0726839420003671,0.38573574799920607,0.4721926470010658,0.280898036000508,0.05160021781921387,0.05160021781921387,253,0,631,168,463,22,21,378,6,True,2.3010712726944695e-07,optimal,113412.0827603668,0.010000000052377977,18,inf,,,,"[{""iteration"": 1, ""max_slack"": 1.450043450732535, ""objective"": 113412.09957277705, ""original_change"": null, ""penalized_change"": null, ""penalized_objective"": 113413.66392785311, ""phase"": ""lse"", ""solver_time"": 0.0040361881256103516, ""status"": ""optimal"", ""tau"": 0.005}, {""iteration"": 2, ""max_slack"": 1.4540992936858472, ""objective"": 113412.08277046302, ""original_change"": 0.016802314028609544, ""penalized_change"": 1.363042462951853, ""penalized_objective"": 113412.30088539016, ""phase"": ""lse"", ""solver_time"": 0.012961864471435547, ""status"": ""optimal"", ""tau"": 0.01}, {""iteration"": 3, ""max_slack"": 2.498648044068686e-07, ""objective"": 113412.08276004254, ""original_change"": 1.0420480975881219e-05, ""penalized_change"": 0.21812491583114024, ""penalized_objective"": 113412.08276047432, ""phase"": ""lse"", ""solver_time"": 0.004126071929931641, ""status"": ""optimal"", ""tau"": 0.02}, {""iteration"": 4, ""max_slack"": 8.381947349282977e-09, ""objective"": 113412.08276002978, ""original_change"": 1.2762029655277729e-08, ""penalized_change"": 4.04485035687685e-07, ""penalized_objective"": 113412.08276006984, ""phase"": ""lse"", ""solver_time"": 0.003873109817504883, ""status"": ""optimal"", ""tau"": 0.04}, {""converged"": true, ""phase"": ""lse"", ""summary"": true}, {""iteration"": 1, ""max_slack"": 8.165607397513461e-10, ""objective"": 113412.08276002502, ""original_change"": null, ""penalized_change"": null, ""penalized_objective"": 113412.08276002559, ""phase"": ""mellowmin"", ""solver_time"": 0.013225078582763672, ""status"": ""optimal"", ""tau"": 0.005}, {""iteration"": 2, ""max_slack"": 2.3010712726944695e-07, ""objective"": 113412.08276004346, ""original_change"": 1.84372765943408e-08, ""penalized_change"": 3.4121330827474594e-07, ""penalized_objective"": 113412.0827603668, ""phase"": ""mellowmin"", ""solver_time"": 0.013377904891967773, ""status"": ""optimal"", ""tau"": 0.01}, {""converged"": true, ""phase"": ""mellowmin"", ""summary"": true}]",
DEU_LocationALower-36_199_T-1,scenarios/experiment_scenarios/highd/DEU_LocationALower-36_199_T-1.xml,19,R_G1,0,lin2025,21,lse_mellowmin,trajectory,20260922,True,True,True,True,0.009685797998827184,0.0016698660001566168,0.06876888500119094,0.06876888500119094,0.9266366589999961,1.0067612080001709,0.2805185489996802,0.04928898811340332,0.04928898811340332,253,0,631,168,463,22,21,378,6,True,1.1466601966565314e-07,optimal,99989.73412351626,0.010000000059875447,18,inf,,,,"[{""iteration"": 1, ""max_slack"": 2.050318176161831, ""objective"": 99989.7447621384, ""original_change"": null, ""penalized_change"": null, ""penalized_objective"": 99991.82733759028, ""phase"": ""lse"", ""solver_time"": 0.003831148147583008, ""status"": ""optimal"", ""tau"": 0.005}, {""iteration"": 2, ""max_slack"": 1.7704321643862388, ""objective"": 99989.73414287514, ""original_change"": 0.010619263266562484, ""penalized_change"": 1.8276298747805413, ""penalized_objective"": 99989.9997077155, ""phase"": ""lse"", ""solver_time"": 0.010654926300048828, ""status"": ""optimal"", ""tau"": 0.01}, {""iteration"": 3, ""max_slack"": 2.680343395243303e-09, ""objective"": 99989.73412339285, ""original_change"": 1.948229328263551e-05, ""penalized_change"": 0.2655843174579786, ""penalized_objective"": 99989.73412339804, ""phase"": ""lse"", ""solver_time"": 0.004533052444458008, ""status"": ""optimal"", ""tau"": 0.02}, {""iteration"": 4, ""max_slack"": 2.4842134661506383e-08, ""objective"": 99989.73412340588, ""original_change"": 1.30385160446167e-08, ""penalized_change"": 1.720036379992962e-07, ""penalized_objective"": 99989.73412357004, ""phase"": ""lse"", ""solver_time"": 0.0038428306579589844, ""status"": ""optimal"", ""tau"": 0.04}, {""converged"": true, ""phase"": ""lse"", ""summary"": true}, {""iteration"": 1, ""max_slack"": 2.589729828722398e-08, ""objective"": 99989.73412339468, ""original_change"": null, ""penalized_change"": null, ""penalized_objective"": 99989.73412340965, ""phase"": ""mellowmin"", ""solver_time"": 0.013540983200073242, ""status"": ""optimal"", ""tau"": 0.005}, {""iteration"": 2, ""max_slack"": 1.1466601966565314e-07, ""objective"": 99989.73412340847, ""original_change"": 1.3795215636491776e-08, ""penalized_change"": 1.0660733096301556e-07, ""penalized_objective"": 99989.73412351626, ""phase"": ""mellowmin"", ""solver_time"": 0.01288604736328125, ""status"": ""optimal"", ""tau"": 0.01}, {""converged"": true, ""phase"": ""mellowmin"", ""summary"": true}]",
DEU_LocationALower-37_121_T-1,scenarios/experiment_scenarios/highd/DEU_LocationALower-37_121_T-1.xml,16,R_G1,0,lin2025,21,lse_mellowmin,trajectory,20260922,True,True,True,True,0.008394656000746181,0.0016580269984842744,0.0716211149992887,0.0716211149992887,0.4186659769984544,0.5003397749969736,0.2839297539994732,0.04436206817626953,0.04436206817626953,253,0,624,168,456,22,21,371,6,True,4.575144356723911e-08,optimal,91913.39384268169,0.010000000012088577,13,inf,,,,"[{""iteration"": 1, ""max_slack"": 2.0170821075952508, ""objective"": 91913.410467441, ""original_change"": null, ""penalized_change"": null, ""penalized_objective"": 91914.28585347191, ""phase"": ""lse"", ""solver_time"": 0.003467082977294922, ""status"": ""optimal"", ""tau"": 0.005}, {""iteration"": 2, ""max_slack"": 1.0061783613504092, ""objective"": 91913.39385307487, ""original_change"": 0.016614366133580916, ""penalized_change"": 0.7410736423771596, ""penalized_objective"": 91913.54477982954, ""phase"": ""lse"", ""solver_time"": 0.00890493392944336, ""status"": ""optimal"", ""tau"": 0.01}, {""iteration"": 3, ""max_slack"": 5.945192788660783e-10, ""objective"": 91913.39384261338, ""original_change"": 1.0461488272994757e-05, ""penalized_change"": 0.1509372143773362, ""penalized_objective"": 91913.39384261516, ""phase"": ""lse"", ""solver_time"": 0.003926992416381836, ""status"": ""optimal"", ""tau"": 0.02}, {""iteration"": 4, ""max_slack"": 1.9900396273063696e-09, ""objective"": 91913.39384261367, ""original_change"": 2.9103830456733704e-10, ""penalized_change"": 8.454662747681141e-09, ""penalized_objective"": 91913.39384262361, ""phase"": ""lse"", ""solver_time"": 0.0034661293029785156, ""status"": ""optimal"", ""tau"": 0.04}, {""converged"": true, ""phase"": ""lse"", ""summary"": true}, {""iteration"": 1, ""max_slack"": 1.7406809212327086e-09, ""objective"": 91913.39384261341, ""original_change"": null, ""penalized_change"": null, ""penalized_objective"": 91913.39384261443, ""phase"": ""mellowmin"", ""solver_time"": 0.012239933013916016, ""status"": ""optimal"", ""tau"": 0.005}, {""iteration"": 2, ""max_slack"": 4.575144356723911e-08, ""objective"": 91913.39384261727, ""original_change"": 3.856257535517216e-09, ""penalized_change"": 6.725895218551159e-08, ""penalized_objective"": 91913.39384268169, ""phase"": ""mellowmin"", ""solver_time"": 0.012356996536254883, ""status"": ""optimal"", ""tau"": 0.01}, {""converged"": true, ""phase"": ""mellowmin"", ""summary"": true}]",
