scenario_id,scenario_path,ego_id,rule,repeat,rule_semantics,num_steps,smoothing,initialization,seed,solver_feasible,encoded_compliant,monitor_compliant,success,specification_time,decomposition_time,model_setup_time,solver_setup_time,solve_time,core_total_time,validation_time,qp_solver_time,gurobi_runtime,num_variables,num_binary_variables,num_constraints,num_equalities,num_inequalities,num_auxiliary_variables,num_disjunctive_constraints,num_predicate_occurrences,ccp_iterations,ccp_converged,max_final_slack,solver_status,objective,robustness,fixed_other_id,updated_tv,updated_other_id,updated_diagnostics,candidate_sd_at_tv,phase_history,error
DEU_MONAMerge-2_10001000_T-1019,scenarios/experiment_scenarios/mona/DEU_MONAMerge-2_10001000_T-1019.xml,11010,R_G1,0,lin2025,20,lse_mellowmin,trajectory,20260922,True,True,True,True,0.005208354999922449,0.0022553560011147056,0.05087269700015895,0.05087269700015895,0.36181695300001593,0.42015336100121203,0.032456009999805246,0.00578618049621582,0.00578618049621582,241,0,578,160,418,21,20,337,4,True,1.9495297508660142e-11,optimal,36778.71503283342,0.010000000000189857,11020,inf,,,,"[{""iteration"": 1, ""max_slack"": 4.0716504799016165e-10, ""objective"": 36778.71503283124, ""original_change"": null, ""penalized_change"": null, ""penalized_objective"": 36778.715032831264, ""phase"": ""lse"", ""solver_time"": 0.0017790794372558594, ""status"": ""optimal"", ""tau"": 0.005}, {""iteration"": 2, ""max_slack"": 1.948786014507826e-11, ""objective"": 36778.715032833374, ""original_change"": 2.1318555809557438e-09, ""penalized_change"": 2.117303665727377e-09, ""penalized_objective"": 36778.71503283338, ""phase"": ""lse"", ""solver_time"": 0.0013790130615234375, ""status"": ""optimal"", ""tau"": 0.01}, {""converged"": true, ""phase"": ""lse"", ""summary"": true}, {""iteration"": 1, ""max_slack"": 2.504301343308926e-10, ""objective"": 36778.715032833716, ""original_change"": null, ""penalized_change"": null, ""penalized_objective"": 36778.71503283375, ""phase"": ""mellowmin"", ""solver_time"": 0.0012960433959960938, ""status"": ""optimal"", ""tau"": 0.005}, {""iteration"": 2, ""max_slack"": 1.9495297508660142e-11, ""objective"": 36778.71503283341, ""original_change"": 3.055902197957039e-10, ""penalized_change"": 3.346940502524376e-10, ""penalized_objective"": 36778.71503283342, ""phase"": ""mellowmin"", ""solver_time"": 0.0013320446014404297, ""status"": ""optimal"", ""tau"": 0.01}, {""converged"": true, ""phase"": ""mellowmin"", ""summary"": true}]",
DEU_MONAMerge-2_10001020_T-1039,scenarios/experiment_scenarios/mona/DEU_MONAMerge-2_10001020_T-1039.xml,11055,R_G1,0,lin2025,20,lse_mellowmin,trajectory,20260922,True,True,True,True,0.005319579999195412,0.0012129229999118252,0.04996291700081201,0.04996291700081201,0.20578515399938624,0.2622805739993055,0.1610612590011442,0.005193948745727539,0.005193948745727539,241,0,575,160,415,21,20,334,4,True,3.4642265097734005e-08,optimal,36129.44732566521,0.01000000022528437,11046,inf,,,,"[{""iteration"": 1, ""max_slack"": 7.478316219888103e-11, ""objective"": 36129.447325615234, ""original_change"": null, ""penalized_change"": null, ""penalized_objective"": 36129.44732561524, ""phase"": ""lse"", ""solver_time"": 0.0014340877532958984, ""status"": ""optimal"", ""tau"": 0.005}, {""iteration"": 2, ""max_slack"": 5.521637253254699e-08, ""objective"": 36129.447325656896, ""original_change"": 4.16621332988143e-08, ""penalized_change"": 5.7989382185041904e-08, ""penalized_objective"": 36129.44732567323, ""phase"": ""lse"", ""solver_time"": 0.0011789798736572266, ""status"": ""optimal"", ""tau"": 0.01}, {""converged"": true, ""phase"": ""lse"", ""summary"": true}, {""iteration"": 1, ""max_slack"": 1.074246206734027e-10, ""objective"": 36129.44732561523, ""original_change"": null, ""penalized_change"": null, ""penalized_objective"": 36129.44732561525, ""phase"": ""mellowmin"", ""solver_time"": 0.0012729167938232422, ""status"": ""optimal"", ""tau"": 0.005}, {""iteration"": 2, ""max_slack"": 3.4642265097734005e-08, ""objective"": 36129.44732565028, ""original_change"": 3.5055563785135746e-08, ""penalized_change"": 4.9964000936597586e-08, ""penalized_objective"": 36129.44732566521, ""phase"": ""mellowmin"", ""solver_time"": 0.0013079643249511719, ""status"": ""optimal"", ""tau"": 0.01}, {""converged"": true, ""phase"": ""mellowmin"", ""summary"": true}]",
DEU_MONAMerge-2_10001040_T-1059,scenarios/experiment_scenarios/mona/DEU_MONAMerge-2_10001040_T-1059.xml,11071,R_G1,0,lin2025,20,lse_mellowmin,trajectory,20260922,True,True,True,True,0.008357003998753498,0.0023844830011512386,0.056699280999964685,0.056699280999964685,0.23188017400025274,0.29932094200012216,0.04628147500079649,0.005368709564208984,0.005368709564208984,241,0,595,160,435,21,20,354,4,True,0.0,optimal,44844.65399595772,0.010000000224463129,11081,inf,,,,"[{""iteration"": 1, ""max_slack"": 0.0, ""objective"": 44844.65399595772, ""original_change"": null, ""penalized_change"": null, ""penalized_objective"": 44844.65399595772, ""phase"": ""lse"", ""solver_time"": 0.0013298988342285156, ""status"": ""optimal"", ""tau"": 0.005}, {""iteration"": 2, ""max_slack"": 0.0, ""objective"": 44844.65399595772, ""original_change"": 0.0, ""penalized_change"": 0.0, ""penalized_objective"": 44844.65399595772, ""phase"": ""lse"", ""solver_time"": 0.0013980865478515625, ""status"": ""optimal"", ""tau"": 0.01}, {""converged"": true, ""phase"": ""lse"", ""summary"": true}, {""iteration"": 1, ""max_slack"": 0.0, ""objective"": 44844.65399595772, ""original_change"": null, ""penalized_change"": null, ""penalized_objective"": 44844.65399595772, ""phase"": ""mellowmin"", ""solver_time"": 0.0012989044189453125, ""status"": ""optimal"", ""tau"": 0.005}, {""iteration"": 2, ""max_slack"": 0.0, ""objective"": 44844.65399595772, ""original_change"": 0.0, ""penalized_change"": 0.0, ""penalized_objective"": 44844.65399595772, ""phase"": ""mellowmin"", ""solver_time"": 0.0013418197631835938, ""status"": ""optimal"", ""tau"": 0.01}, {""converged"": true, ""phase"": ""mellowmin"", ""summary"": true}]",
DEU_MONAMerge-2_10001040_T-1059,scenarios/experiment_scenarios/mona/DEU_MONAMerge-2_10001040_T-1059.xml,11081,R_G1,0,lin2025,20,lse_mellowmin,trajectory,20260922,True,True,True,True,0.00584986099966045,0.0013448509998852387,0.04996232499979669,0.04996232499979669,0.3054311600008077,0.3625881970001501,0.056419278000248596,0.00540924072265625,0.00540924072265625,241,0,584,160,424,21,20,343,4,True,0.0,optimal,47087.939064545164,0.01000000009983637,11071,inf,,,,"[{""iteration"": 1, ""max_slack"": 0.0, ""objective"": 47087.93906454517, ""original_change"": null, ""penalized_change"": null, ""penalized_objective"": 47087.939064545164, ""phase"": ""lse"", ""solver_time"": 0.0013079643249511719, ""status"": ""optimal"", ""tau"": 0.005}, {""iteration"": 2, ""max_slack"": 0.0, ""objective"": 47087.93906454517, ""original_change"": 0.0, ""penalized_change"": 0.0, ""penalized_objective"": 47087.939064545164, ""phase"": ""lse"", ""solver_time"": 0.00127410888671875, ""status"": ""optimal"", ""tau"": 0.01}, {""converged"": true, ""phase"": ""lse"", ""summary"": true}, {""iteration"": 1, ""max_slack"": 0.0, ""objective"": 47087.93906454517, ""original_change"": null, ""penalized_change"": null, ""penalized_objective"": 47087.939064545164, ""phase"": ""mellowmin"", ""solver_time"": 0.0014400482177734375, ""status"": ""optimal"", ""tau"": 0.005}, {""iteration"": 2, ""max_slack"": 0.0, ""objective"": 47087.93906454517, ""original_change"": 0.0, ""penalized_change"": 0.0, ""penalized_objective"": 47087.939064545164, ""phase"": ""mellowmin"", ""solver_time"": 0.0013871192932128906, ""status"": ""optimal"", ""tau"": 0.01}, {""converged"": true, ""phase"": ""mellowmin"", ""summary"": true}]",
DEU_MONAMerge-2_1000120_T-139,scenarios/experiment_scenarios/mona/DEU_MONAMerge-2_1000120_T-139.xml,10115,R_G1,0,lin2025,20,lse_mellowmin,trajectory,20260922,True,True,True,True,0.005612281998764956,0.001321984998867265,0.05698086200027319,0.05698086200027319,0.4172319230001449,0.4811470519980503,0.06741473699912603,0.00592803955078125,0.00592803955078125,241,0,598,160,438,21,20,357,4,True,0.0,optimal,42455.456801538305,0.010000000001696208,10121,inf,,,,"[{""iteration"": 1, ""max_slack"": 0.0, ""objective"": 42455.456801538305, ""original_change"": null, ""penalized_change"": null, ""penalized_objective"": 42455.456801538305, ""phase"": ""lse"", ""solver_time"": 0.0015058517456054688, ""status"": ""optimal"", ""tau"": 0.005}, {""iteration"": 2, ""max_slack"": 0.0, ""objective"": 42455.456801538305, ""original_change"": 0.0, ""penalized_change"": 0.0, ""penalized_objective"": 42455.456801538305, ""phase"": ""lse"", ""solver_time"": 0.001455068588256836, ""status"": ""optimal"", ""tau"": 0.01}, {""converged"": true, ""phase"": ""lse"", ""summary"": true}, {""iteration"": 1, ""max_slack"": 0.0, ""objective"": 42455.456801538305, ""original_change"": null, ""penalized_change"": null, ""penalized_objective"": 42455.456801538305, ""phase"": ""mellowmin"", ""solver_time"": 0.0015180110931396484, ""status"": ""optimal"", ""tau"": 0.005}, {""iteration"": 2, ""max_slack"": 0.0, ""objective"": 42455.456801538305, ""original_change"": 0.0, ""penalized_change"": 0.0, ""penalized_objective"": 42455.456801538305, ""phase"": ""mellowmin"", ""solver_time"": 0.0014491081237792969, ""status"": ""optimal"", ""tau"": 0.01}, {""converged"": true, ""phase"": ""mellowmin"", ""summary"": true}]",
DEU_MONAMerge-2_10001220_T-1239,scenarios/experiment_scenarios/mona/DEU_MONAMerge-2_10001220_T-1239.xml,11262,R_G1,0,lin2025,20,lse_mellowmin,trajectory,20260922,True,True,True,True,0.006467037001129938,0.001289762998567312,0.05252604999986943,0.05252604999986943,0.38477055200019095,0.4450534019997576,0.1498931169990101,0.007956981658935547,0.007956981658935547,241,0,580,160,420,21,20,339,4,True,4.652865800998343e-10,optimal,41156.49913414913,0.010000000000616183,11266,inf,,,,"[{""iteration"": 1, ""max_slack"": 2.2094475227995582e-09, ""objective"": 41156.49913414915, ""original_change"": null, ""penalized_change"": null, ""penalized_objective"": 41156.499134149315, ""phase"": ""lse"", ""solver_time"": 0.0013668537139892578, ""status"": ""optimal"", ""tau"": 0.005}, {""iteration"": 2, ""max_slack"": 4.652704387065781e-10, ""objective"": 41156.499134149075, ""original_change"": 7.275957614183426e-11, ""penalized_change"": 1.7462298274040222e-10, ""penalized_objective"": 41156.49913414914, ""phase"": ""lse"", ""solver_time"": 0.0020971298217773438, ""status"": ""optimal"", ""tau"": 0.01}, {""converged"": true, ""phase"": ""lse"", ""summary"": true}, {""iteration"": 1, ""max_slack"": 2.20947161370788e-09, ""objective"": 41156.49913414915, ""original_change"": null, ""penalized_change"": null, ""penalized_objective"": 41156.499134149315, ""phase"": ""mellowmin"", ""solver_time"": 0.0023469924926757812, ""status"": ""optimal"", ""tau"": 0.005}, {""iteration"": 2, ""max_slack"": 4.652865800998343e-10, ""objective"": 41156.499134149075, ""original_change"": 7.275957614183426e-11, ""penalized_change"": 1.8189894035458565e-10, ""penalized_objective"": 41156.49913414913, ""phase"": ""mellowmin"", ""solver_time"": 0.002146005630493164, ""status"": ""optimal"", ""tau"": 0.01}, {""converged"": true, ""phase"": ""mellowmin"", ""summary"": true}]",
DEU_MONAMerge-2_10001220_T-1239,scenarios/experiment_scenarios/mona/DEU_MONAMerge-2_10001220_T-1239.xml,11266,R_G1,0,lin2025,20,lse_mellowmin,trajectory,20260922,True,True,True,True,0.005086549001134699,0.0011190810000698548,0.04865270200025407,0.04865270200025407,0.20779360799861024,0.26265194000006886,0.04364994899879093,0.00612640380859375,0.00612640380859375,239,0,580,160,420,20,19,335,4,True,0.0,optimal,36179.50219170005,0.010000000000146819,11280,inf,,,,"[{""iteration"": 1, ""max_slack"": 0.0, ""objective"": 36179.50219170005, ""original_change"": null, ""penalized_change"": null, ""penalized_objective"": 36179.50219170005, ""phase"": ""lse"", ""solver_time"": 0.001508951187133789, ""status"": ""optimal"", ""tau"": 0.005}, {""iteration"": 2, ""max_slack"": 0.0, ""objective"": 36179.50219170005, ""original_change"": 0.0, ""penalized_change"": 0.0, ""penalized_objective"": 36179.50219170005, ""phase"": ""lse"", ""solver_time"": 0.0015730857849121094, ""status"": ""optimal"", ""tau"": 0.01}, {""converged"": true, ""phase"": ""lse"", ""summary"": true}, {""iteration"": 1, ""max_slack"": 0.0, ""objective"": 36179.50219170005, ""original_change"": null, ""penalized_change"": null, ""penalized_objective"": 36179.50219170005, ""phase"": ""mellowmin"", ""solver_time"": 0.0015461444854736328, ""status"": ""optimal"", ""tau"": 0.005}, {""iteration"": 2, ""max_slack"": 0.0, ""objective"": 36179.50219170005, ""original_change"": 0.0, ""penalized_change"": 0.0, ""penalized_objective"": 36179.50219170005, ""phase"": ""mellowmin"", ""solver_time"": 0.0014982223510742188, ""status"": ""optimal"", ""tau"": 0.01}, {""converged"": true, ""phase"": ""mellowmin"", ""summary"": true}]",
DEU_MONAMerge-2_10001320_T-1339,scenarios/experiment_scenarios/mona/DEU_MONAMerge-2_10001320_T-1339.xml,11342,R_G1,0,lin2025,20,lse_mellowmin,trajectory,20260922,True,True,True,True,0.004501162999076769,0.0013186000014684396,0.05166089900012594,0.05166089900012594,0.32641513899943675,0.3838958010001079,0.04366011599995545,0.005463123321533203,0.005463123321533203,241,0,581,160,421,21,20,340,4,True,1.6379244422302837e-10,optimal,39579.114768249034,0.010000000000275122,11352,inf,,,,"[{""iteration"": 1, ""max_slack"": 1.2543038397819546e-09, ""objective"": 39579.11476824908, ""original_change"": null, ""penalized_change"": null, ""penalized_objective"": 39579.11476824916, ""phase"": ""lse"", ""solver_time"": 0.0013229846954345703, ""status"": ""optimal"", ""tau"": 0.005}, {""iteration"": 2, ""max_slack"": 1.6378419232731223e-10, ""objective"": 39579.114768249005, ""original_change"": 7.275957614183426e-11, ""penalized_change"": 1.382431946694851e-10, ""penalized_objective"": 39579.11476824902, ""phase"": ""lse"", ""solver_time"": 0.001377105712890625, ""status"": ""optimal"", ""tau"": 0.01}, {""converged"": true, ""phase"": ""lse"", ""summary"": true}, {""iteration"": 1, ""max_slack"": 1.2543261349022893e-09, ""objective"": 39579.11476824908, ""original_change"": null, ""penalized_change"": null, ""penalized_objective"": 39579.11476824917, ""phase"": ""mellowmin"", ""solver_time"": 0.0013480186462402344, ""status"": ""optimal"", ""tau"": 0.005}, {""iteration"": 2, ""max_slack"": 1.6379244422302837e-10, ""objective"": 39579.11476824901, ""original_change"": 6.548361852765083e-11, ""penalized_change"": 1.382431946694851e-10, ""penalized_objective"": 39579.114768249034, ""phase"": ""mellowmin"", ""solver_time"": 0.0014150142669677734, ""status"": ""optimal"", ""tau"": 0.01}, {""converged"": true, ""phase"": ""mellowmin"", ""summary"": true}]",
DEU_MONAMerge-2_10001320_T-1339,scenarios/experiment_scenarios/mona/DEU_MONAMerge-2_10001320_T-1339.xml,11352,R_G1,0,lin2025,20,lse_mellowmin,trajectory,20260922,True,True,True,True,0.004088674999366049,0.0013955039994471008,0.048326597001505434,0.048326597001505434,0.35536302699983935,0.40917380300015793,0.04492375500012713,0.005398273468017578,0.005398273468017578,241,0,561,160,401,21,20,320,4,True,2.1313596890565244e-09,optimal,33751.23505535946,0.01000000000793628,11342,inf,,,,"[{""iteration"": 1, ""max_slack"": 2.7899534484913215e-09, ""objective"": 33751.23505535435, ""original_change"": null, ""penalized_change"": null, ""penalized_objective"": 33751.23505535725, ""phase"": ""lse"", ""solver_time"": 0.0013370513916015625, ""status"": ""optimal"", ""tau"": 0.005}, {""iteration"": 2, ""max_slack"": 2.1313453513726014e-09, ""objective"": 33751.23505535499, ""original_change"": 6.402842700481415e-10, ""penalized_change"": 2.204615157097578e-09, ""penalized_objective"": 33751.23505535945, ""phase"": ""lse"", ""solver_time"": 0.0013971328735351562, ""status"": ""optimal"", ""tau"": 0.01}, {""converged"": true, ""phase"": ""lse"", ""summary"": true}, {""iteration"": 1, ""max_slack"": 2.769881824980136e-09, ""objective"": 33751.2350553544, ""original_change"": null, ""penalized_change"": null, ""penalized_objective"": 33751.23505535729, ""phase"": ""mellowmin"", ""solver_time"": 0.0013530254364013672, ""status"": ""optimal"", ""tau"": 0.005}, {""iteration"": 2, ""max_slack"": 2.1313596890565244e-09, ""objective"": 33751.235055355, ""original_change"": 5.966285243630409e-10, ""penalized_change"": 2.168235369026661e-09, ""penalized_objective"": 33751.23505535946, ""phase"": ""mellowmin"", ""solver_time"": 0.0013110637664794922, ""status"": ""optimal"", ""tau"": 0.01}, {""converged"": true, ""phase"": ""mellowmin"", ""summary"": true}]",
DEU_MONAMerge-2_10001480_T-1499,scenarios/experiment_scenarios/mona/DEU_MONAMerge-2_10001480_T-1499.xml,11568,R_G1,0,lin2025,20,lse_mellowmin,trajectory,20260922,True,True,True,True,0.004590694999933476,0.002861836001102347,0.054231739000897505,0.054231739000897505,0.23790598800042062,0.29959025800235395,0.055971309999222285,0.006361961364746094,0.006361961364746094,241,0,590,160,430,21,20,349,4,True,0.0,optimal,21974.16472242722,0.01000000000052936,11557,inf,,,,"[{""iteration"": 1, ""max_slack"": 0.0, ""objective"": 21974.164722427227, ""original_change"": null, ""penalized_change"": null, ""penalized_objective"": 21974.16472242722, ""phase"": ""lse"", ""solver_time"": 0.0015659332275390625, ""status"": ""optimal"", ""tau"": 0.005}, {""iteration"": 2, ""max_slack"": 0.0, ""objective"": 21974.164722427227, ""original_change"": 0.0, ""penalized_change"": 0.0, ""penalized_objective"": 21974.16472242722, ""phase"": ""lse"", ""solver_time"": 0.0015668869018554688, ""status"": ""optimal"", ""tau"": 0.01}, {""converged"": true, ""phase"": ""lse"", ""summary"": true}, {""iteration"": 1, ""max_slack"": 0.0, ""objective"": 21974.164722427227, ""original_change"": null, ""penalized_change"": null, ""penalized_objective"": 21974.16472242722, ""phase"": ""mellowmin"", ""solver_time"": 0.001569986343383789, ""status"": ""optimal"", ""tau"": 0.005}, {""iteration"": 2, ""max_slack"": 0.0, ""objective"": 21974.164722427227, ""original_change"": 0.0, ""penalized_change"": 0.0, ""penalized_objective"": 21974.16472242722, ""phase"": ""mellowmin"", ""solver_time"": 0.0016591548919677734, ""status"": ""optimal"", ""tau"": 0.01}, {""converged"": true, ""phase"": ""mellowmin"", ""summary"": true}]",
DEU_MONAMerge-2_10001500_T-1519,scenarios/experiment_scenarios/mona/DEU_MONAMerge-2_10001500_T-1519.xml,11592,R_G1,0,lin2025,20,lse_mellowmin,trajectory,20260922,True,True,True,True,0.003121730998827843,0.000692857000103686,0.035645744999783346,0.035645744999783346,0.1666832009996142,0.20614353399832908,0.05509884800085274,0.011981964111328125,0.011981964111328125,221,0,490,160,330,11,10,209,4,True,1.3908675509099208e-09,optimal,39332.89680416984,0.010000000000141226,11557,inf,,,,"[{""iteration"": 1, ""max_slack"": 5.508462708234509e-08, ""objective"": 39332.89680417027, ""original_change"": null, ""penalized_change"": null, ""penalized_objective"": 39332.89680418934, ""phase"": ""lse"", ""solver_time"": 0.0031731128692626953, ""status"": ""optimal"", ""tau"": 0.005}, {""iteration"": 2, ""max_slack"": 9.62942318044892e-09, ""objective"": 39332.89680417041, ""original_change"": 1.382431946694851e-10, ""penalized_change"": 1.3620592653751373e-08, ""penalized_objective"": 39332.89680417572, ""phase"": ""lse"", ""solver_time"": 0.0025200843811035156, ""status"": ""optimal"", ""tau"": 0.01}, {""converged"": true, ""phase"": ""lse"", ""summary"": true}, {""iteration"": 1, ""max_slack"": 5.509359513880611e-08, ""objective"": 39332.89680417023, ""original_change"": null, ""penalized_change"": null, ""penalized_objective"": 39332.8968041893, ""phase"": ""mellowmin"", ""solver_time"": 0.003283977508544922, ""status"": ""optimal"", ""tau"": 0.005}, {""iteration"": 2, ""max_slack"": 1.3908675509099208e-09, ""objective"": 39332.896804169126, ""original_change"": 1.1059455573558807e-09, ""penalized_change"": 1.9463186617940664e-08, ""penalized_objective"": 39332.89680416984, ""phase"": ""mellowmin"", ""solver_time"": 0.003004789352416992, ""status"": ""optimal"", ""tau"": 0.01}, {""converged"": true, ""phase"": ""mellowmin"", ""summary"": true}]",
DEU_MONAMerge-2_10001500_T-1519,scenarios/experiment_scenarios/mona/DEU_MONAMerge-2_10001500_T-1519.xml,11597,R_G1,0,lin2025,20,lse_mellowmin,trajectory,20260922,True,True,True,True,0.0047062159992492525,0.001205661999847507,0.04906587400000717,0.04906587400000717,0.3389832419998129,0.3939609939989168,0.05346232600095391,0.0052716732025146484,0.0052716732025146484,239,0,560,160,400,20,19,315,4,True,4.4046176800313283e-10,optimal,37867.68182975795,0.010000000000793175,11607,inf,,,,"[{""iteration"": 1, ""max_slack"": 8.124775953991562e-10, ""objective"": 37867.68182975717, ""original_change"": null, ""penalized_change"": null, ""penalized_objective"": 37867.6818297579, ""phase"": ""lse"", ""solver_time"": 0.0013020038604736328, ""status"": ""optimal"", ""tau"": 0.005}, {""iteration"": 2, ""max_slack"": 4.3210573865939346e-10, ""objective"": 37867.68182975717, ""original_change"": 0.0, ""penalized_change"": 2.1827872842550278e-11, ""penalized_objective"": 37867.68182975788, ""phase"": ""lse"", ""solver_time"": 0.0013480186462402344, ""status"": ""optimal"", ""tau"": 0.01}, {""converged"": true, ""phase"": ""lse"", ""summary"": true}, {""iteration"": 1, ""max_slack"": 8.12470862368881e-10, ""objective"": 37867.68182975718, ""original_change"": null, ""penalized_change"": null, ""penalized_objective"": 37867.68182975791, ""phase"": ""mellowmin"", ""solver_time"": 0.001294851303100586, ""status"": ""optimal"", ""tau"": 0.005}, {""iteration"": 2, ""max_slack"": 4.4046176800313283e-10, ""objective"": 37867.68182975716, ""original_change"": 2.1827872842550278e-11, ""penalized_change"": 4.3655745685100555e-11, ""penalized_objective"": 37867.68182975795, ""phase"": ""mellowmin"", ""solver_time"": 0.0013267993927001953, ""status"": ""optimal"", ""tau"": 0.01}, {""converged"": true, ""phase"": ""mellowmin"", ""summary"": true}]",
DEU_MONAMerge-2_10001600_T-1619,scenarios/experiment_scenarios/mona/DEU_MONAMerge-2_10001600_T-1619.xml,11668,R_G1,0,lin2025,20,lse_mellowmin,trajectory,20260922,True,True,True,True,0.006160253999041743,0.001346782999462448,0.053392132998851594,0.053392132998851594,0.2295479910007998,0.2904471609981556,0.06021763600074337,0.005964040756225586,0.005964040756225586,241,0,594,160,434,21,20,353,4,True,0.0,optimal,44241.87575527165,0.010000000015821797,11673,inf,,,,"[{""iteration"": 1, ""max_slack"": 0.0, ""objective"": 44241.87575527165, ""original_change"": null, ""penalized_change"": null, ""penalized_objective"": 44241.87575527165, ""phase"": ""lse"", ""solver_time"": 0.0012848377227783203, ""status"": ""optimal"", ""tau"": 0.005}, {""iteration"": 2, ""max_slack"": 0.0, ""objective"": 44241.87575527165, ""original_change"": 0.0, ""penalized_change"": 0.0, ""penalized_objective"": 44241.87575527165, ""phase"": ""lse"", ""solver_time"": 0.0016429424285888672, ""status"": ""optimal"", ""tau"": 0.01}, {""converged"": true, ""phase"": ""lse"", ""summary"": true}, {""iteration"": 1, ""max_slack"": 0.0, ""objective"": 44241.87575527165, ""original_change"": null, ""penalized_change"": null, ""penalized_objective"": 44241.87575527165, ""phase"": ""mellowmin"", ""solver_time"": 0.0015511512756347656, ""status"": ""optimal"", ""tau"": 0.005}, {""iteration"": 2, ""max_slack"": 0.0, ""objective"": 44241.87575527165, ""original_change"": 0.0, ""penalized_change"": 0.0, ""penalized_objective"": 44241.87575527165, ""phase"": ""mellowmin"", ""solver_time"": 0.0014851093292236328, ""status"": ""optimal"", ""tau"": 0.01}, {""converged"": true, ""phase"": ""mellowmin"", ""summary"": true}]",
DEU_MONAMerge-2_1000160_T-179,scenarios/experiment_scenarios/mona/DEU_MONAMerge-2_1000160_T-179.xml,10161,R_G1,0,lin2025,20,lse_mellowmin,trajectory,20260922,True,True,False,False,0.005256972001006943,0.0013018429999647196,0.05173297600049409,0.05173297600049409,0.1977783290003572,0.25607012000182294,0.06047154500083707,0.0,0.0,239,0,590,160,430,20,19,345,0,False,0.0,"solver_error: Solver 'GUROBI' failed. Try another solver, or solve with verbose=True for more information.",,1.0,10148,3.2,"(10148,)",,"{""t"": 16, ""s"": 171.45506056901516, ""d"": -1.3780443969614804}","[{""converged"": false, ""phase"": ""lse"", ""summary"": true}]",
DEU_MONAMerge-2_10001720_T-1739,scenarios/experiment_scenarios/mona/DEU_MONAMerge-2_10001720_T-1739.xml,11767,R_G1,0,lin2025,20,lse_mellowmin,trajectory,20260922,True,True,True,True,0.004182243001196184,0.001364935000310652,0.05005084200092824,0.05005084200092824,0.37371720200098935,0.4293152220034244,0.05848559299920453,0.005688905715942383,0.005688905715942383,241,0,571,160,411,21,20,330,4,True,3.5769793938393655e-08,optimal,24980.117369992753,0.010000000195731218,11763,inf,,,,"[{""iteration"": 1, ""max_slack"": 1.3916098386357286e-09, ""objective"": 24980.117369889802, ""original_change"": null, ""penalized_change"": null, ""penalized_objective"": 24980.117369890813, ""phase"": ""lse"", ""solver_time"": 0.0014410018920898438, ""status"": ""optimal"", ""tau"": 0.005}, {""iteration"": 2, ""max_slack"": 3.5767249227640775e-08, ""objective"": 24980.1173699235, ""original_change"": 3.369859769009054e-08, ""penalized_change"": 1.0193980415351689e-07, ""penalized_objective"": 24980.117369992753, ""phase"": ""lse"", ""solver_time"": 0.0013840198516845703, ""status"": ""optimal"", ""tau"": 0.01}, {""converged"": true, ""phase"": ""lse"", ""summary"": true}, {""iteration"": 1, ""max_slack"": 4.1715297009364444e-10, ""objective"": 24980.117369889653, ""original_change"": null, ""penalized_change"": null, ""penalized_objective"": 24980.117369890086, ""phase"": ""mellowmin"", ""solver_time"": 0.00140380859375, ""status"": ""optimal"", ""tau"": 0.005}, {""iteration"": 2, ""max_slack"": 3.5769793938393655e-08, ""objective"": 24980.117369923493, ""original_change"": 3.3840478863567114e-08, ""penalized_change"": 1.0266739991493523e-07, ""penalized_objective"": 24980.117369992753, ""phase"": ""mellowmin"", ""solver_time"": 0.0014600753784179688, ""status"": ""optimal"", ""tau"": 0.01}, {""converged"": true, ""phase"": ""mellowmin"", ""summary"": true}]",
DEU_MONAMerge-2_10001900_T-1919,scenarios/experiment_scenarios/mona/DEU_MONAMerge-2_10001900_T-1919.xml,11934,R_G1,0,lin2025,20,lse_mellowmin,trajectory,20260922,True,True,True,True,0.004499649001445505,0.0013043119997746544,0.05742685000041092,0.05742685000041092,0.35492718500063347,0.41815799600226455,0.06289945600110514,0.0060939788818359375,0.0060939788818359375,235,0,558,160,398,18,17,305,4,True,0.0,optimal,38306.48698646801,0.010000000046544699,11955,inf,,,,"[{""iteration"": 1, ""max_slack"": 0.0, ""objective"": 38306.486986468015, ""original_change"": null, ""penalized_change"": null, ""penalized_objective"": 38306.48698646801, ""phase"": ""lse"", ""solver_time"": 0.0014979839324951172, ""status"": ""optimal"", ""tau"": 0.005}, {""iteration"": 2, ""max_slack"": 0.0, ""objective"": 38306.486986468015, ""original_change"": 0.0, ""penalized_change"": 0.0, ""penalized_objective"": 38306.48698646801, ""phase"": ""lse"", ""solver_time"": 0.0015239715576171875, ""status"": ""optimal"", ""tau"": 0.01}, {""converged"": true, ""phase"": ""lse"", ""summary"": true}, {""iteration"": 1, ""max_slack"": 0.0, ""objective"": 38306.486986468015, ""original_change"": null, ""penalized_change"": null, ""penalized_objective"": 38306.48698646801, ""phase"": ""mellowmin"", ""solver_time"": 0.0014989376068115234, ""status"": ""optimal"", ""tau"": 0.005}, {""iteration"": 2, ""max_slack"": 0.0, ""objective"": 38306.486986468015, ""original_change"": 0.0, ""penalized_change"": 0.0, ""penalized_objective"": 38306.48698646801, ""phase"": ""mellowmin"", ""solver_time"": 0.0015730857849121094, ""status"": ""optimal"", ""tau"": 0.01}, {""converged"": true, ""phase"": ""mellowmin"", ""summary"": true}]",
DEU_MONAMerge-2_10001920_T-1939,scenarios/experiment_scenarios/mona/DEU_MONAMerge-2_10001920_T-1939.xml,11957,R_G1,0,lin2025,20,lse_mellowmin,trajectory,20260922,True,True,True,True,0.005634133998682955,0.0014973159995861351,0.05094271699999808,0.05094271699999808,0.22682523199910065,0.2848993989973678,0.06413642699953925,0.0055501461029052734,0.0055501461029052734,241,0,588,160,428,21,20,347,4,True,0.0,optimal,45409.60495707964,0.0100000000052205,11963,inf,,,,"[{""iteration"": 1, ""max_slack"": 0.0, ""objective"": 45409.604957079646, ""original_change"": null, ""penalized_change"": null, ""penalized_objective"": 45409.60495707964, ""phase"": ""lse"", ""solver_time"": 0.0013461112976074219, ""status"": ""optimal"", ""tau"": 0.005}, {""iteration"": 2, ""max_slack"": 0.0, ""objective"": 45409.604957079646, ""original_change"": 0.0, ""penalized_change"": 0.0, ""penalized_objective"": 45409.60495707964, ""phase"": ""lse"", ""solver_time"": 0.0013971328735351562, ""status"": ""optimal"", ""tau"": 0.01}, {""converged"": true, ""phase"": ""lse"", ""summary"": true}, {""iteration"": 1, ""max_slack"": 0.0, ""objective"": 45409.604957079646, ""original_change"": null, ""penalized_change"": null, ""penalized_objective"": 45409.60495707964, ""phase"": ""mellowmin"", ""solver_time"": 0.0013899803161621094, ""status"": ""optimal"", ""tau"": 0.005}, {""iteration"": 2, ""max_slack"": 0.0, ""objective"": 45409.604957079646, ""original_change"": 0.0, ""penalized_change"": 0.0, ""penalized_objective"": 45409.60495707964, ""phase"": ""mellowmin"", ""solver_time"": 0.001416921615600586, ""status"": ""optimal"", ""tau"": 0.01}, {""converged"": true, ""phase"": ""mellowmin"", ""summary"": true}]",
DEU_MONAMerge-2_10002000_T-2019,scenarios/experiment_scenarios/mona/DEU_MONAMerge-2_10002000_T-2019.xml,12012,R_G1,0,lin2025,20,lse_mellowmin,trajectory,20260922,True,True,True,True,0.0066671160002442775,0.0016619059988443041,0.058972631999495206,0.058972631999495206,0.4533347330016113,0.5206363870001951,0.06926455199936754,0.00615239143371582,0.00615239143371582,241,0,598,160,438,21,20,357,4,True,0.0,optimal,40481.81016929548,0.010000000004424692,12023,inf,,,,"[{""iteration"": 1, ""max_slack"": 0.0, ""objective"": 40481.810169295466, ""original_change"": null, ""penalized_change"": null, ""penalized_objective"": 40481.81016929548, ""phase"": ""lse"", ""solver_time"": 0.0014581680297851562, ""status"": ""optimal"", ""tau"": 0.005}, {""iteration"": 2, ""max_slack"": 0.0, ""objective"": 40481.810169295466, ""original_change"": 0.0, ""penalized_change"": 0.0, ""penalized_objective"": 40481.81016929548, ""phase"": ""lse"", ""solver_time"": 0.0016291141510009766, ""status"": ""optimal"", ""tau"": 0.01}, {""converged"": true, ""phase"": ""lse"", ""summary"": true}, {""iteration"": 1, ""max_slack"": 0.0, ""objective"": 40481.810169295466, ""original_change"": null, ""penalized_change"": null, ""penalized_objective"": 40481.81016929548, ""phase"": ""mellowmin"", ""solver_time"": 0.0014679431915283203, ""status"": ""optimal"", ""tau"": 0.005}, {""iteration"": 2, ""max_slack"": 0.0, ""objective"": 40481.810169295466, ""original_change"": 0.0, ""penalized_change"": 0.0, ""penalized_objective"": 40481.81016929548, ""phase"": ""mellowmin"", ""solver_time"": 0.0015971660614013672, ""status"": ""optimal"", ""tau"": 0.01}, {""converged"": true, ""phase"": ""mellowmin"", ""summary"": true}]",
DEU_MONAMerge-2_10002000_T-2019,scenarios/experiment_scenarios/mona/DEU_MONAMerge-2_10002000_T-2019.xml,12023,R_G1,0,lin2025,20,lse_mellowmin,trajectory,20260922,True,True,True,True,0.0033370759992976673,0.0016862979991856264,0.04015680500015151,0.04015680500015151,0.3554356469994673,0.4006158259981021,0.07172755799911101,0.005579948425292969,0.005579948425292969,229,0,510,160,350,15,14,245,4,True,2.3372836616634765e-11,optimal,35069.203526051795,0.010000000000043413,12043,inf,,,,"[{""iteration"": 1, ""max_slack"": 1.6296357314543965e-09, ""objective"": 35069.20352605198, ""original_change"": null, ""penalized_change"": null, ""penalized_objective"": 35069.20352605344, ""phase"": ""lse"", ""solver_time"": 0.0014200210571289062, ""status"": ""optimal"", ""tau"": 0.005}, {""iteration"": 2, ""max_slack"": 1.405776922828937e-09, ""objective"": 35069.20352605217, ""original_change"": 1.964508555829525e-10, ""penalized_change"": 8.512870408594608e-10, ""penalized_objective"": 35069.20352605429, ""phase"": ""lse"", ""solver_time"": 0.0013248920440673828, ""status"": ""optimal"", ""tau"": 0.01}, {""converged"": true, ""phase"": ""lse"", ""summary"": true}, {""iteration"": 1, ""max_slack"": 8.345068883685805e-11, ""objective"": 35069.20352605177, ""original_change"": null, ""penalized_change"": null, ""penalized_objective"": 35069.20352605184, ""phase"": ""mellowmin"", ""solver_time"": 0.001435995101928711, ""status"": ""optimal"", ""tau"": 0.005}, {""iteration"": 2, ""max_slack"": 2.3372836616634765e-11, ""objective"": 35069.20352605176, ""original_change"": 1.4551915228366852e-11, ""penalized_change"": 4.3655745685100555e-11, ""penalized_objective"": 35069.203526051795, ""phase"": ""mellowmin"", ""solver_time"": 0.0013990402221679688, ""status"": ""optimal"", ""tau"": 0.01}, {""converged"": true, ""phase"": ""mellowmin"", ""summary"": true}]",
DEU_MONAMerge-2_10002060_T-2079,scenarios/experiment_scenarios/mona/DEU_MONAMerge-2_10002060_T-2079.xml,12057,R_G1,0,lin2025,20,lse_mellowmin,trajectory,20260922,True,True,True,True,0.004721534000054817,0.0026173419992119307,0.05208944699916174,0.05208944699916174,0.22839578000093752,0.287824102999366,0.07345683099993039,0.005202293395996094,0.005202293395996094,239,0,569,160,409,20,19,324,4,True,0.0,optimal,42149.11712487087,0.010000000002890771,12059,inf,,,,"[{""iteration"": 1, ""max_slack"": 0.0, ""objective"": 42149.11712487087, ""original_change"": null, ""penalized_change"": null, ""penalized_objective"": 42149.11712487087, ""phase"": ""lse"", ""solver_time"": 0.0013301372528076172, ""status"": ""optimal"", ""tau"": 0.005}, {""iteration"": 2, ""max_slack"": 0.0, ""objective"": 42149.11712487087, ""original_change"": 0.0, ""penalized_change"": 0.0, ""penalized_objective"": 42149.11712487087, ""phase"": ""lse"", ""solver_time"": 0.0012891292572021484, ""status"": ""optimal"", ""tau"": 0.01}, {""converged"": true, ""phase"": ""lse"", ""summary"": true}, {""iteration"": 1, ""max_slack"": 0.0, ""objective"": 42149.11712487087, ""original_change"": null, ""penalized_change"": null, ""penalized_objective"": 42149.11712487087, ""phase"": ""mellowmin"", ""solver_time"": 0.001293182373046875, ""status"": ""optimal"", ""tau"": 0.005}, {""iteration"": 2, ""max_slack"": 0.0, ""objective"": 42149.11712487087, ""original_change"": 0.0, ""penalized_change"": 0.0, ""penalized_objective"": 42149.11712487087, ""phase"": ""mellowmin"", ""solver_time"": 0.0012898445129394531, ""status"": ""optimal"", ""tau"": 0.01}, {""converged"": true, ""phase"": ""mellowmin"", ""summary"": true}]",
DEU_MONAMerge-2_10002120_T-2139,scenarios/experiment_scenarios/mona/DEU_MONAMerge-2_10002120_T-2139.xml,12117,R_G1,0,lin2025,20,lse_mellowmin,trajectory,20260922,True,True,True,True,0.006157787998745334,0.001269517999389791,0.052920543999789516,0.052920543999789516,0.3632945040008053,0.42364235399872996,0.07979526199960674,0.005995035171508789,0.005995035171508789,235,0,571,160,411,18,17,318,4,True,0.0,optimal,34524.672653034715,0.010000000001383569,12140,inf,,,,"[{""iteration"": 1, ""max_slack"": 0.0, ""objective"": 34524.672653034715, ""original_change"": null, ""penalized_change"": null, ""penalized_objective"": 34524.672653034715, ""phase"": ""lse"", ""solver_time"": 0.0014691352844238281, ""status"": ""optimal"", ""tau"": 0.005}, {""iteration"": 2, ""max_slack"": 0.0, ""objective"": 34524.672653034715, ""original_change"": 0.0, ""penalized_change"": 0.0, ""penalized_objective"": 34524.672653034715, ""phase"": ""lse"", ""solver_time"": 0.0014939308166503906, ""status"": ""optimal"", ""tau"": 0.01}, {""converged"": true, ""phase"": ""lse"", ""summary"": true}, {""iteration"": 1, ""max_slack"": 0.0, ""objective"": 34524.672653034715, ""original_change"": null, ""penalized_change"": null, ""penalized_objective"": 34524.672653034715, ""phase"": ""mellowmin"", ""solver_time"": 0.0014698505401611328, ""status"": ""optimal"", ""tau"": 0.005}, {""iteration"": 2, ""max_slack"": 0.0, ""objective"": 34524.672653034715, ""original_change"": 0.0, ""penalized_change"": 0.0, ""penalized_objective"": 34524.672653034715, ""phase"": ""mellowmin"", ""solver_time"": 0.0015621185302734375, ""status"": ""optimal"", ""tau"": 0.01}, {""converged"": true, ""phase"": ""mellowmin"", ""summary"": true}]",
DEU_MONAMerge-2_10002140_T-2159,scenarios/experiment_scenarios/mona/DEU_MONAMerge-2_10002140_T-2159.xml,12152,R_G1,0,lin2025,20,lse_mellowmin,trajectory,20260922,True,True,True,True,0.004331332000219845,0.0013333819988474716,0.050682338998740306,0.050682338998740306,0.2120682749991829,0.2684153279969905,0.22431534700081102,0.005861759185791016,0.005861759185791016,239,0,569,160,409,20,19,324,4,True,3.0798378177396258e-09,optimal,35704.55818720948,0.010000000030559867,12165,inf,,,,"[{""iteration"": 1, ""max_slack"": 1.3733645842845579e-08, ""objective"": 35704.55818728922, ""original_change"": null, ""penalized_change"": null, ""penalized_objective"": 35704.55818730084, ""phase"": ""lse"", ""solver_time"": 0.0014760494232177734, ""status"": ""optimal"", ""tau"": 0.005}, {""iteration"": 2, ""max_slack"": 3.502271441539142e-09, ""objective"": 35704.5581872193, ""original_change"": 6.992195267230272e-08, ""penalized_change"": 7.541530067101121e-08, ""penalized_objective"": 35704.558187225426, ""phase"": ""lse"", ""solver_time"": 0.0014438629150390625, ""status"": ""optimal"", ""tau"": 0.01}, {""converged"": true, ""phase"": ""lse"", ""summary"": true}, {""iteration"": 1, ""max_slack"": 1.3734064157454402e-08, ""objective"": 35704.5581872892, ""original_change"": null, ""penalized_change"": null, ""penalized_objective"": 35704.55818730083, ""phase"": ""mellowmin"", ""solver_time"": 0.0014488697052001953, ""status"": ""optimal"", ""tau"": 0.005}, {""iteration"": 2, ""max_slack"": 3.0798378177396258e-09, ""objective"": 35704.55818720355, ""original_change"": 8.565257303416729e-08, ""penalized_change"": 9.134964784607291e-08, ""penalized_objective"": 35704.55818720948, ""phase"": ""mellowmin"", ""solver_time"": 0.0014929771423339844, ""status"": ""optimal"", ""tau"": 0.01}, {""converged"": true, ""phase"": ""mellowmin"", ""summary"": true}]",
DEU_MONAMerge-2_10002180_T-2199,scenarios/experiment_scenarios/mona/DEU_MONAMerge-2_10002180_T-2199.xml,12184,R_G1,0,lin2025,20,lse_mellowmin,trajectory,20260922,True,True,True,True,0.004343345999586745,0.0013415260000329,0.052802865000558086,0.052802865000558086,0.2225128930003848,0.2810006300005625,0.07952929999919434,0.00567317008972168,0.00567317008972168,241,0,585,160,425,21,20,344,4,True,1.0598255097267836e-09,optimal,31546.252791607007,0.01000000000554091,12182,inf,,,,"[{""iteration"": 1, ""max_slack"": 3.036286849077697e-08, ""objective"": 31546.25279162299, ""original_change"": null, ""penalized_change"": null, ""penalized_objective"": 31546.252791634364, ""phase"": ""lse"", ""solver_time"": 0.0014681816101074219, ""status"": ""optimal"", ""tau"": 0.005}, {""iteration"": 2, ""max_slack"": 1.0598797795599127e-09, ""objective"": 31546.2527916065, ""original_change"": 1.6487319953739643e-08, ""penalized_change"": 2.7386704459786415e-08, ""penalized_objective"": 31546.252791606978, ""phase"": ""lse"", ""solver_time"": 0.0013871192932128906, ""status"": ""optimal"", ""tau"": 0.01}, {""converged"": true, ""phase"": ""lse"", ""summary"": true}, {""iteration"": 1, ""max_slack"": 7.060579957367824e-10, ""objective"": 31546.252791607723, ""original_change"": null, ""penalized_change"": null, ""penalized_objective"": 31546.252791607876, ""phase"": ""mellowmin"", ""solver_time"": 0.0014128684997558594, ""status"": ""optimal"", ""tau"": 0.005}, {""iteration"": 2, ""max_slack"": 1.0598255097267836e-09, ""objective"": 31546.252791606526, ""original_change"": 1.1968950275331736e-09, ""penalized_change"": 8.694769348949194e-10, ""penalized_objective"": 31546.252791607007, ""phase"": ""mellowmin"", ""solver_time"": 0.0014050006866455078, ""status"": ""optimal"", ""tau"": 0.01}, {""converged"": true, ""phase"": ""mellowmin"", ""summary"": true}]",
DEU_MONAMerge-2_10002200_T-2219,scenarios/experiment_scenarios/mona/DEU_MONAMerge-2_10002200_T-2219.xml,12214,R_G1,0,lin2025,20,lse_mellowmin,trajectory,20260922,True,True,True,True,0.00218402700011211,0.00038919599865039345,0.02017178700043587,0.02017178700043587,0.08543252300114546,0.10817753300034383,0.0788921700004721,0.005274057388305664,0.005274057388305664,205,0,394,160,234,3,2,81,4,True,0.0,optimal,45347.11828070851,0.010000000000169741,12182,inf,,,,"[{""iteration"": 1, ""max_slack"": 0.0, ""objective"": 45347.1182807085, ""original_change"": null, ""penalized_change"": null, ""penalized_objective"": 45347.11828070851, ""phase"": ""lse"", ""solver_time"": 0.0013179779052734375, ""status"": ""optimal"", ""tau"": 0.005}, {""iteration"": 2, ""max_slack"": 0.0, ""objective"": 45347.1182807085, ""original_change"": 0.0, ""penalized_change"": 0.0, ""penalized_objective"": 45347.11828070851, ""phase"": ""lse"", ""solver_time"": 0.001310110092163086, ""status"": ""optimal"", ""tau"": 0.01}, {""converged"": true, ""phase"": ""lse"", ""summary"": true}, {""iteration"": 1, ""max_slack"": 0.0, ""objective"": 45347.1182807085, ""original_change"": null, ""penalized_change"": null, ""penalized_objective"": 45347.11828070851, ""phase"": ""mellowmin"", ""solver_time"": 0.0013270378112792969, ""status"": ""optimal"", ""tau"": 0.005}, {""iteration"": 2, ""max_slack"": 0.0, ""objective"": 45347.1182807085, ""original_change"": 0.0, ""penalized_change"": 0.0, ""penalized_objective"": 45347.11828070851, ""phase"": ""mellowmin"", ""solver_time"": 0.0013189315795898438, ""status"": ""optimal"", ""tau"": 0.01}, {""converged"": true, ""phase"": ""mellowmin"", ""summary"": true}]",
DEU_MONAMerge-2_10002200_T-2219,scenarios/experiment_scenarios/mona/DEU_MONAMerge-2_10002200_T-2219.xml,12232,R_G1,0,lin2025,20,lse_mellowmin,trajectory,20260922,True,True,True,True,0.0038838710006530164,0.001971871000932879,0.050446235998606426,0.050446235998606426,0.2160979469990707,0.272399924999263,0.0820804209997732,0.005348920822143555,0.005348920822143555,241,0,574,160,414,21,20,333,4,True,5.192640123670361e-10,optimal,31258.72167507614,0.010000000004981854,12214,inf,,,,"[{""iteration"": 1, ""max_slack"": 7.005639421507011e-10, ""objective"": 31258.72167507501, ""original_change"": null, ""penalized_change"": null, ""penalized_objective"": 31258.721675075372, ""phase"": ""lse"", ""solver_time"": 0.0013270378112792969, ""status"": ""optimal"", ""tau"": 0.005}, {""iteration"": 2, ""max_slack"": 5.192632939492656e-10, ""objective"": 31258.72167507536, ""original_change"": 3.5288394428789616e-10, ""penalized_change"": 7.639755494892597e-10, ""penalized_objective"": 31258.721675076136, ""phase"": ""lse"", ""solver_time"": 0.0013759136199951172, ""status"": ""optimal"", ""tau"": 0.01}, {""converged"": true, ""phase"": ""lse"", ""summary"": true}, {""iteration"": 1, ""max_slack"": 1.0138992164992813e-09, ""objective"": 31258.72167507988, ""original_change"": null, ""penalized_change"": null, ""penalized_objective"": 31258.72167508064, ""phase"": ""mellowmin"", ""solver_time"": 0.0013349056243896484, ""status"": ""optimal"", ""tau"": 0.005}, {""iteration"": 2, ""max_slack"": 5.192640123670361e-10, ""objective"": 31258.72167507536, ""original_change"": 4.5183696784079075e-09, ""penalized_change"": 4.500179784372449e-09, ""penalized_objective"": 31258.72167507614, ""phase"": ""mellowmin"", ""solver_time"": 0.0013110637664794922, ""status"": ""optimal"", ""tau"": 0.01}, {""converged"": true, ""phase"": ""mellowmin"", ""summary"": true}]",
DEU_MONAMerge-2_10002380_T-2399,scenarios/experiment_scenarios/mona/DEU_MONAMerge-2_10002380_T-2399.xml,12372,R_G1,0,lin2025,20,lse_mellowmin,trajectory,20260922,True,True,True,True,0.004468234999876586,0.001968618000319111,0.05183453400059079,0.05183453400059079,0.38968392700007826,0.44795531400086475,0.08942614899933687,0.006194114685058594,0.006194114685058594,241,0,574,160,414,21,20,333,4,True,1.3001659513397582e-08,optimal,34398.244932316586,0.010000000119043034,12381,inf,,,,"[{""iteration"": 1, ""max_slack"": 1.3194645014174345e-09, ""objective"": 34398.24493228043, ""original_change"": null, ""penalized_change"": null, ""penalized_objective"": 34398.24493228152, ""phase"": ""lse"", ""solver_time"": 0.0015130043029785156, ""status"": ""optimal"", ""tau"": 0.005}, {""iteration"": 2, ""max_slack"": 1.3001142736292532e-08, ""objective"": 34398.24493229904, ""original_change"": 1.8611899577081203e-08, ""penalized_change"": 3.506283974274993e-08, ""penalized_objective"": 34398.244932316586, ""phase"": ""lse"", ""solver_time"": 0.0014820098876953125, ""status"": ""optimal"", ""tau"": 0.01}, {""converged"": true, ""phase"": ""lse"", ""summary"": true}, {""iteration"": 1, ""max_slack"": 2.9417985596171015e-10, ""objective"": 34398.24493228037, ""original_change"": null, ""penalized_change"": null, ""penalized_objective"": 34398.24493228057, ""phase"": ""mellowmin"", ""solver_time"": 0.001644134521484375, ""status"": ""optimal"", ""tau"": 0.005}, {""iteration"": 2, ""max_slack"": 1.3001659513397582e-08, ""objective"": 34398.24493229905, ""original_change"": 1.8677383195608854e-08, ""penalized_change"": 3.601599019020796e-08, ""penalized_objective"": 34398.244932316586, ""phase"": ""mellowmin"", ""solver_time"": 0.0015549659729003906, ""status"": ""optimal"", ""tau"": 0.01}, {""converged"": true, ""phase"": ""mellowmin"", ""summary"": true}]",
DEU_MONAMerge-2_10002440_T-2459,scenarios/experiment_scenarios/mona/DEU_MONAMerge-2_10002440_T-2459.xml,12409,R_G1,0,lin2025,20,lse_mellowmin,trajectory,20260922,True,True,True,True,0.004537767999863718,0.001088394999896991,0.04545083599987265,0.04545083599987265,0.19285351500002434,0.2439305139996577,0.08655463499962934,0.005699872970581055,0.005699872970581055,233,0,535,160,375,17,16,278,4,True,2.350451671886981e-09,optimal,31404.471239089708,0.010000000008611128,12415,inf,,,,"[{""iteration"": 1, ""max_slack"": 4.8567334562790986e-12, ""objective"": 31404.471239086255, ""original_change"": null, ""penalized_change"": null, ""penalized_objective"": 31404.47123908626, ""phase"": ""lse"", ""solver_time"": 0.0014710426330566406, ""status"": ""optimal"", ""tau"": 0.005}, {""iteration"": 2, ""max_slack"": 2.3504342954253494e-09, ""objective"": 31404.471239087594, ""original_change"": 1.3387762010097504e-09, ""penalized_change"": 3.448803909122944e-09, ""penalized_objective"": 31404.471239089708, ""phase"": ""lse"", ""solver_time"": 0.0014429092407226562, ""status"": ""optimal"", ""tau"": 0.01}, {""converged"": true, ""phase"": ""lse"", ""summary"": true}, {""iteration"": 1, ""max_slack"": 3.8890352297672265e-09, ""objective"": 31404.471239087594, ""original_change"": null, ""penalized_change"": null, ""penalized_objective"": 31404.471239089333, ""phase"": ""mellowmin"", ""solver_time"": 0.001422882080078125, ""status"": ""optimal"", ""tau"": 0.005}, {""iteration"": 2, ""max_slack"": 2.350451671886981e-09, ""objective"": 31404.471239087594, ""original_change"": 0.0, ""penalized_change"": 3.7471181713044643e-10, ""penalized_objective"": 31404.471239089708, ""phase"": ""mellowmin"", ""solver_time"": 0.0013630390167236328, ""status"": ""optimal"", ""tau"": 0.01}, {""converged"": true, ""phase"": ""mellowmin"", ""summary"": true}]",
DEU_MONAMerge-2_10002480_T-2499,scenarios/experiment_scenarios/mona/DEU_MONAMerge-2_10002480_T-2499.xml,12445,R_G1,0,lin2025,20,lse_mellowmin,trajectory,20260922,True,True,True,True,0.004199159999188851,0.0014185880008881213,0.2450475629993889,0.2450475629993889,0.21832948600058444,0.4689947970000503,0.09010588000091957,0.0055201053619384766,0.0055201053619384766,237,0,557,160,397,19,18,308,4,True,1.544730301387933e-10,optimal,31149.10356123906,0.01000000000041526,12430,inf,,,,"[{""iteration"": 1, ""max_slack"": 4.1077058785264674e-10, ""objective"": 31149.103561238964, ""original_change"": null, ""penalized_change"": null, ""penalized_objective"": 31149.103561239204, ""phase"": ""lse"", ""solver_time"": 0.0014240741729736328, ""status"": ""optimal"", ""tau"": 0.005}, {""iteration"": 2, ""max_slack"": 1.5447768105324046e-10, ""objective"": 31149.103561239008, ""original_change"": 4.3655745685100555e-11, ""penalized_change"": 1.4551915228366852e-10, ""penalized_objective"": 31149.10356123906, ""phase"": ""lse"", ""solver_time"": 0.0012969970703125, ""status"": ""optimal"", ""tau"": 0.01}, {""converged"": true, ""phase"": ""lse"", ""summary"": true}, {""iteration"": 1, ""max_slack"": 6.094046118287975e-10, ""objective"": 31149.103561239237, ""original_change"": null, ""penalized_change"": null, ""penalized_objective"": 31149.10356123933, ""phase"": ""mellowmin"", ""solver_time"": 0.0013339519500732422, ""status"": ""optimal"", ""tau"": 0.005}, {""iteration"": 2, ""max_slack"": 1.544730301387933e-10, ""objective"": 31149.103561239008, ""original_change"": 2.2919266484677792e-10, ""penalized_change"": 2.7284841053187847e-10, ""penalized_objective"": 31149.10356123906, ""phase"": ""mellowmin"", ""solver_time"": 0.0014650821685791016, ""status"": ""optimal"", ""tau"": 0.01}, {""converged"": true, ""phase"": ""mellowmin"", ""summary"": true}]",
DEU_MONAMerge-2_10002580_T-2599,scenarios/experiment_scenarios/mona/DEU_MONAMerge-2_10002580_T-2599.xml,12493,R_G1,0,lin2025,20,lse_mellowmin,trajectory,20260922,True,True,True,True,0.0052583359993150225,0.0014897900000505615,0.055930663000253844,0.055930663000253844,0.4308491920000961,0.4935279809997155,0.0948835950002831,0.0051670074462890625,0.0051670074462890625,239,0,577,160,417,20,19,332,4,True,0.0,optimal,48687.220353977886,0.010000000033642209,12498,inf,,,,"[{""iteration"": 1, ""max_slack"": 0.0, ""objective"": 48687.2203539779, ""original_change"": null, ""penalized_change"": null, ""penalized_objective"": 48687.220353977886, ""phase"": ""lse"", ""solver_time"": 0.001280069351196289, ""status"": ""optimal"", ""tau"": 0.005}, {""iteration"": 2, ""max_slack"": 0.0, ""objective"": 48687.2203539779, ""original_change"": 0.0, ""penalized_change"": 0.0, ""penalized_objective"": 48687.220353977886, ""phase"": ""lse"", ""solver_time"": 0.0012989044189453125, ""status"": ""optimal"", ""tau"": 0.01}, {""converged"": true, ""phase"": ""lse"", ""summary"": true}, {""iteration"": 1, ""max_slack"": 0.0, ""objective"": 48687.2203539779, ""original_change"": null, ""penalized_change"": null, ""penalized_objective"": 48687.220353977886, ""phase"": ""mellowmin"", ""solver_time"": 0.0012671947479248047, ""status"": ""optimal"", ""tau"": 0.005}, {""iteration"": 2, ""max_slack"": 0.0, ""objective"": 48687.2203539779, ""original_change"": 0.0, ""penalized_change"": 0.0, ""penalized_objective"": 48687.220353977886, ""phase"": ""mellowmin"", ""solver_time"": 0.0013208389282226562, ""status"": ""optimal"", ""tau"": 0.01}, {""converged"": true, ""phase"": ""mellowmin"", ""summary"": true}]",
DEU_MONAMerge-2_10002780_T-2799,scenarios/experiment_scenarios/mona/DEU_MONAMerge-2_10002780_T-2799.xml,12602,R_G1,0,lin2025,20,lse_mellowmin,trajectory,20260922,True,True,True,True,0.005188457000258495,0.0025951679999707267,0.05363257300086843,0.05363257300086843,0.23563577800086932,0.297051976001967,0.09096601999954146,0.006276130676269531,0.006276130676269531,241,0,591,160,431,21,20,350,4,True,0.0,optimal,40459.704993524356,0.010000000000334205,12603,inf,,,,"[{""iteration"": 1, ""max_slack"": 0.0, ""objective"": 40459.704993524356, ""original_change"": null, ""penalized_change"": null, ""penalized_objective"": 40459.704993524356, ""phase"": ""lse"", ""solver_time"": 0.0016109943389892578, ""status"": ""optimal"", ""tau"": 0.005}, {""iteration"": 2, ""max_slack"": 0.0, ""objective"": 40459.704993524356, ""original_change"": 0.0, ""penalized_change"": 0.0, ""penalized_objective"": 40459.704993524356, ""phase"": ""lse"", ""solver_time"": 0.0015170574188232422, ""status"": ""optimal"", ""tau"": 0.01}, {""converged"": true, ""phase"": ""lse"", ""summary"": true}, {""iteration"": 1, ""max_slack"": 0.0, ""objective"": 40459.704993524356, ""original_change"": null, ""penalized_change"": null, ""penalized_objective"": 40459.704993524356, ""phase"": ""mellowmin"", ""solver_time"": 0.0015501976013183594, ""status"": ""optimal"", ""tau"": 0.005}, {""iteration"": 2, ""max_slack"": 0.0, ""objective"": 40459.704993524356, ""original_change"": 0.0, ""penalized_change"": 0.0, ""penalized_objective"": 40459.704993524356, ""phase"": ""mellowmin"", ""solver_time"": 0.0015978813171386719, ""status"": ""optimal"", ""tau"": 0.01}, {""converged"": true, ""phase"": ""mellowmin"", ""summary"": true}]",
DEU_MONAMerge-2_10002780_T-2799,scenarios/experiment_scenarios/mona/DEU_MONAMerge-2_10002780_T-2799.xml,12603,R_G1,0,lin2025,20,lse_mellowmin,trajectory,20260922,True,True,True,True,0.004452725999726681,0.0021043920005467953,0.05327415200008545,0.05327415200008545,0.38412502400024096,0.4439562940005999,0.09810771100092097,0.005883216857910156,0.005883216857910156,241,0,575,160,415,21,20,334,4,True,3.678503720434675e-09,optimal,34519.61651314571,0.01000000002533907,12602,inf,,,,"[{""iteration"": 1, ""max_slack"": 1.7118629904886926e-08, ""objective"": 34519.61651314951, ""original_change"": null, ""penalized_change"": null, ""penalized_objective"": 34519.61651316356, ""phase"": ""lse"", ""solver_time"": 0.001524209976196289, ""status"": ""optimal"", ""tau"": 0.005}, {""iteration"": 2, ""max_slack"": 3.678300272560503e-09, ""objective"": 34519.61651314085, ""original_change"": 8.658389560878277e-09, ""penalized_change"": 1.7869751900434494e-08, ""penalized_objective"": 34519.61651314569, ""phase"": ""lse"", ""solver_time"": 0.0014939308166503906, ""status"": ""optimal"", ""tau"": 0.01}, {""converged"": true, ""phase"": ""lse"", ""summary"": true}, {""iteration"": 1, ""max_slack"": 6.2384144666760306e-09, ""objective"": 34519.61651314253, ""original_change"": null, ""penalized_change"": null, ""penalized_objective"": 34519.61651314673, ""phase"": ""mellowmin"", ""solver_time"": 0.001435995101928711, ""status"": ""optimal"", ""tau"": 0.005}, {""iteration"": 2, ""max_slack"": 3.678503720434675e-09, ""objective"": 34519.616513140856, ""original_change"": 1.673470251262188e-09, ""penalized_change"": 1.0186340659856796e-09, ""penalized_objective"": 34519.61651314571, ""phase"": ""mellowmin"", ""solver_time"": 0.0014290809631347656, ""status"": ""optimal"", ""tau"": 0.01}, {""converged"": true, ""phase"": ""mellowmin"", ""summary"": true}]",
DEU_MONAMerge-2_10002820_T-2839,scenarios/experiment_scenarios/mona/DEU_MONAMerge-2_10002820_T-2839.xml,12625,R_G1,0,lin2025,20,lse_mellowmin,trajectory,20260922,True,True,True,True,0.004796997000084957,0.0013381009994191118,0.05246976899979927,0.05246976899979927,0.2232686190000095,0.28187348599931283,0.09491876900028728,0.006247282028198242,0.006247282028198242,241,0,581,160,421,21,20,340,4,True,1.913039696168893e-10,optimal,42582.00353263076,0.010000000000218279,12628,inf,,,,"[{""iteration"": 1, ""max_slack"": 4.11836872299412e-10, ""objective"": 42582.00353264154, ""original_change"": null, ""penalized_change"": null, ""penalized_objective"": 42582.00353264157, ""phase"": ""lse"", ""solver_time"": 0.0016820430755615234, ""status"": ""optimal"", ""tau"": 0.005}, {""iteration"": 2, ""max_slack"": 1.9130379891310858e-10, ""objective"": 42582.00353263075, ""original_change"": 1.079024514183402e-08, ""penalized_change"": 1.079024514183402e-08, ""penalized_objective"": 42582.00353263078, ""phase"": ""lse"", ""solver_time"": 0.0014791488647460938, ""status"": ""optimal"", ""tau"": 0.01}, {""converged"": true, ""phase"": ""lse"", ""summary"": true}, {""iteration"": 1, ""max_slack"": 4.118345227658956e-10, ""objective"": 42582.003532641545, ""original_change"": null, ""penalized_change"": null, ""penalized_objective"": 42582.00353264157, ""phase"": ""mellowmin"", ""solver_time"": 0.0014920234680175781, ""status"": ""optimal"", ""tau"": 0.005}, {""iteration"": 2, ""max_slack"": 1.913039696168893e-10, ""objective"": 42582.00353263073, ""original_change"": 1.0812073014676571e-08, ""penalized_change"": 1.0804797057062387e-08, ""penalized_objective"": 42582.00353263076, ""phase"": ""mellowmin"", ""solver_time"": 0.0015940666198730469, ""status"": ""optimal"", ""tau"": 0.01}, {""converged"": true, ""phase"": ""mellowmin"", ""summary"": true}]",
DEU_MONAMerge-2_10002920_T-2939,scenarios/experiment_scenarios/mona/DEU_MONAMerge-2_10002920_T-2939.xml,12731,R_G1,0,lin2025,20,lse_mellowmin,trajectory,20260922,True,True,True,True,0.0033928680004464695,0.001285546000872273,0.1969170659995143,0.1969170659995143,0.23584928099990066,0.4374447610007337,0.09289359200010949,0.027745962142944336,0.027745962142944336,241,0,581,160,421,21,20,340,4,True,5.6368852453477815e-08,optimal,26184.10432707971,0.01000000002732708,12726,inf,,,,"[{""iteration"": 1, ""max_slack"": 4.74314560939236e-07, ""objective"": 26184.104327054767, ""original_change"": null, ""penalized_change"": null, ""penalized_objective"": 26184.104327324556, ""phase"": ""lse"", ""solver_time"": 0.006860971450805664, ""status"": ""optimal"", ""tau"": 0.005}, {""iteration"": 2, ""max_slack"": 9.15506234942787e-08, ""objective"": 26184.104327047844, ""original_change"": 6.92307366989553e-09, ""penalized_change"": 1.836306182667613e-07, ""penalized_objective"": 26184.104327140925, ""phase"": ""lse"", ""solver_time"": 0.0025780200958251953, ""status"": ""optimal"", ""tau"": 0.01}, {""converged"": true, ""phase"": ""lse"", ""summary"": true}, {""iteration"": 1, ""max_slack"": 5.730839861583289e-07, ""objective"": 26184.104327055724, ""original_change"": null, ""penalized_change"": null, ""penalized_objective"": 26184.104327377867, ""phase"": ""mellowmin"", ""solver_time"": 0.009322881698608398, ""status"": ""optimal"", ""tau"": 0.005}, {""iteration"": 2, ""max_slack"": 5.6368852453477815e-08, ""objective"": 26184.104327047105, ""original_change"": 8.618371794000268e-09, ""penalized_change"": 2.981578290928155e-07, ""penalized_objective"": 26184.10432707971, ""phase"": ""mellowmin"", ""solver_time"": 0.008984088897705078, ""status"": ""optimal"", ""tau"": 0.01}, {""converged"": true, ""phase"": ""mellowmin"", ""summary"": true}]",
DEU_MONAMerge-2_1000340_T-359,scenarios/experiment_scenarios/mona/DEU_MONAMerge-2_1000340_T-359.xml,10361,R_G1,0,lin2025,20,lse_mellowmin,trajectory,20260922,True,True,True,True,0.004395345000375528,0.0012850849998358171,0.05258286699972814,0.05258286699972814,0.42079712099985045,0.47906041799978993,0.09999053200044727,0.0057413578033447266,0.0057413578033447266,241,0,584,160,424,21,20,343,4,True,1.7599219764332328e-09,optimal,38451.09956475381,0.010000000006062146,10363,inf,,,,"[{""iteration"": 1, ""max_slack"": 1.5358676237824737e-10, ""objective"": 38451.09956475254, ""original_change"": null, ""penalized_change"": null, ""penalized_objective"": 38451.09956475256, ""phase"": ""lse"", ""solver_time"": 0.0014750957489013672, ""status"": ""optimal"", ""tau"": 0.005}, {""iteration"": 2, ""max_slack"": 1.7599222536601284e-09, ""objective"": 38451.09956475354, ""original_change"": 9.968061931431293e-10, ""penalized_change"": 1.2514647096395493e-09, ""penalized_objective"": 38451.099564753815, ""phase"": ""lse"", ""solver_time"": 0.0014340877532958984, ""status"": ""optimal"", ""tau"": 0.01}, {""converged"": true, ""phase"": ""lse"", ""summary"": true}, {""iteration"": 1, ""max_slack"": 3.716161198046183e-09, ""objective"": 38451.09956475353, ""original_change"": null, ""penalized_change"": null, ""penalized_objective"": 38451.09956475381, ""phase"": ""mellowmin"", ""solver_time"": 0.0013661384582519531, ""status"": ""optimal"", ""tau"": 0.005}, {""iteration"": 2, ""max_slack"": 1.7599219764332328e-09, ""objective"": 38451.09956475355, ""original_change"": 2.1827872842550278e-11, ""penalized_change"": 0.0, ""penalized_objective"": 38451.09956475381, ""phase"": ""mellowmin"", ""solver_time"": 0.0014660358428955078, ""status"": ""optimal"", ""tau"": 0.01}, {""converged"": true, ""phase"": ""mellowmin"", ""summary"": true}]",
DEU_MONAMerge-2_10003680_T-3699,scenarios/experiment_scenarios/mona/DEU_MONAMerge-2_10003680_T-3699.xml,13262,R_G1,0,lin2025,20,lse_mellowmin,trajectory,20260922,True,True,True,True,0.006043678000423824,0.0012276710003789049,0.051051895001364755,0.051051895001364755,0.22743492900008278,0.28575817300225026,0.10544057299921406,0.005594968795776367,0.005594968795776367,239,0,584,160,424,20,19,339,4,True,0.0,optimal,49708.821568553445,0.010000000003316245,13269,inf,,,,"[{""iteration"": 1, ""max_slack"": 0.0, ""objective"": 49708.821568553445, ""original_change"": null, ""penalized_change"": null, ""penalized_objective"": 49708.821568553445, ""phase"": ""lse"", ""solver_time"": 0.0013988018035888672, ""status"": ""optimal"", ""tau"": 0.005}, {""iteration"": 2, ""max_slack"": 0.0, ""objective"": 49708.821568553445, ""original_change"": 0.0, ""penalized_change"": 0.0, ""penalized_objective"": 49708.821568553445, ""phase"": ""lse"", ""solver_time"": 0.0013611316680908203, ""status"": ""optimal"", ""tau"": 0.01}, {""converged"": true, ""phase"": ""lse"", ""summary"": true}, {""iteration"": 1, ""max_slack"": 0.0, ""objective"": 49708.821568553445, ""original_change"": null, ""penalized_change"": null, ""penalized_objective"": 49708.821568553445, ""phase"": ""mellowmin"", ""solver_time"": 0.0014798641204833984, ""status"": ""optimal"", ""tau"": 0.005}, {""iteration"": 2, ""max_slack"": 0.0, ""objective"": 49708.821568553445, ""original_change"": 0.0, ""penalized_change"": 0.0, ""penalized_objective"": 49708.821568553445, ""phase"": ""mellowmin"", ""solver_time"": 0.0013551712036132812, ""status"": ""optimal"", ""tau"": 0.01}, {""converged"": true, ""phase"": ""mellowmin"", ""summary"": true}]",
DEU_MONAMerge-2_10003840_T-3859,scenarios/experiment_scenarios/mona/DEU_MONAMerge-2_10003840_T-3859.xml,13361,R_G1,0,lin2025,20,lse_mellowmin,trajectory,20260922,True,True,True,True,0.004858125001192093,0.0012447370008885628,0.04834952599958342,0.04834952599958342,0.3372840930005623,0.39173648100222636,0.10274489299990819,0.004894256591796875,0.004894256591796875,241,0,581,160,421,21,20,340,4,True,0.0,optimal,46459.330544715325,0.010000000018578703,13364,inf,,,,"[{""iteration"": 1, ""max_slack"": 0.0, ""objective"": 46459.330544715325, ""original_change"": null, ""penalized_change"": null, ""penalized_objective"": 46459.330544715325, ""phase"": ""lse"", ""solver_time"": 0.0012052059173583984, ""status"": ""optimal"", ""tau"": 0.005}, {""iteration"": 2, ""max_slack"": 0.0, ""objective"": 46459.330544715325, ""original_change"": 0.0, ""penalized_change"": 0.0, ""penalized_objective"": 46459.330544715325, ""phase"": ""lse"", ""solver_time"": 0.0012199878692626953, ""status"": ""optimal"", ""tau"": 0.01}, {""converged"": true, ""phase"": ""lse"", ""summary"": true}, {""iteration"": 1, ""max_slack"": 0.0, ""objective"": 46459.330544715325, ""original_change"": null, ""penalized_change"": null, ""penalized_objective"": 46459.330544715325, ""phase"": ""mellowmin"", ""solver_time"": 0.0012249946594238281, ""status"": ""optimal"", ""tau"": 0.005}, {""iteration"": 2, ""max_slack"": 0.0, ""objective"": 46459.330544715325, ""original_change"": 0.0, ""penalized_change"": 0.0, ""penalized_objective"": 46459.330544715325, ""phase"": ""mellowmin"", ""solver_time"": 0.0012440681457519531, ""status"": ""optimal"", ""tau"": 0.01}, {""converged"": true, ""phase"": ""mellowmin"", ""summary"": true}]",
DEU_MONAMerge-2_10003880_T-3899,scenarios/experiment_scenarios/mona/DEU_MONAMerge-2_10003880_T-3899.xml,13408,R_G1,0,lin2025,20,lse_mellowmin,trajectory,20260922,True,True,True,True,0.004267967999112443,0.0014011900002515176,0.05073862699828169,0.05073862699828169,0.23064057800002047,0.2870483629976661,0.10832970199953706,0.0051898956298828125,0.0051898956298828125,241,0,576,160,416,21,20,335,4,True,7.841128208450161e-12,optimal,24847.531959236774,0.010000000000022049,13401,inf,,,,"[{""iteration"": 1, ""max_slack"": 1.3091323733661718e-09, ""objective"": 24847.531959237054, ""original_change"": null, ""penalized_change"": null, ""penalized_objective"": 24847.531959237644, ""phase"": ""lse"", ""solver_time"": 0.0012619495391845703, ""status"": ""optimal"", ""tau"": 0.005}, {""iteration"": 2, ""max_slack"": 7.84111707714187e-12, ""objective"": 24847.531959236763, ""original_change"": 2.9103830456733704e-10, ""penalized_change"": 8.694769348949194e-10, ""penalized_objective"": 24847.531959236774, ""phase"": ""lse"", ""solver_time"": 0.001264810562133789, ""status"": ""optimal"", ""tau"": 0.01}, {""converged"": true, ""phase"": ""lse"", ""summary"": true}, {""iteration"": 1, ""max_slack"": 7.057757506620095e-12, ""objective"": 24847.531959236752, ""original_change"": null, ""penalized_change"": null, ""penalized_objective"": 24847.53195923676, ""phase"": ""mellowmin"", ""solver_time"": 0.001399993896484375, ""status"": ""optimal"", ""tau"": 0.005}, {""iteration"": 2, ""max_slack"": 7.841128208450161e-12, ""objective"": 24847.531959236767, ""original_change"": 1.4551915228366852e-11, ""penalized_change"": 1.4551915228366852e-11, ""penalized_objective"": 24847.531959236774, ""phase"": ""mellowmin"", ""solver_time"": 0.0012631416320800781, ""status"": ""optimal"", ""tau"": 0.01}, {""converged"": true, ""phase"": ""mellowmin"", ""summary"": true}]",
DEU_MONAMerge-2_10003960_T-3979,scenarios/experiment_scenarios/mona/DEU_MONAMerge-2_10003960_T-3979.xml,13454,R_G1,0,lin2025,20,lse_mellowmin,trajectory,20260922,True,True,True,True,0.003973838000092655,0.0012160980004409794,0.1823535659987101,0.1823535659987101,0.22424066799976572,0.41178416999900946,0.11406733400144731,0.005728960037231445,0.005728960037231445,241,0,576,160,416,21,20,335,4,True,4.2669539019534876e-10,optimal,33729.61477682728,0.01000000000197202,13451,inf,,,,"[{""iteration"": 1, ""max_slack"": 1.2261135320038713e-09, ""objective"": 33729.61477684535, ""original_change"": null, ""penalized_change"": null, ""penalized_objective"": 33729.61477684637, ""phase"": ""lse"", ""solver_time"": 0.001506805419921875, ""status"": ""optimal"", ""tau"": 0.005}, {""iteration"": 2, ""max_slack"": 4.2671956008430465e-10, ""objective"": 33729.61477682673, ""original_change"": 1.8619175534695387e-08, ""penalized_change"": 1.9128492567688227e-08, ""penalized_objective"": 33729.61477682724, ""phase"": ""lse"", ""solver_time"": 0.0014700889587402344, ""status"": ""optimal"", ""tau"": 0.01}, {""converged"": true, ""phase"": ""lse"", ""summary"": true}, {""iteration"": 1, ""max_slack"": 4.43193938208072e-09, ""objective"": 33729.61477682745, ""original_change"": null, ""penalized_change"": null, ""penalized_objective"": 33729.6147768301, ""phase"": ""mellowmin"", ""solver_time"": 0.001363992691040039, ""status"": ""optimal"", ""tau"": 0.005}, {""iteration"": 2, ""max_slack"": 4.2669539019534876e-10, ""objective"": 33729.61477682677, ""original_change"": 6.83940015733242e-10, ""penalized_change"": 2.8230715543031693e-09, ""penalized_objective"": 33729.61477682728, ""phase"": ""mellowmin"", ""solver_time"": 0.0013880729675292969, ""status"": ""optimal"", ""tau"": 0.01}, {""converged"": true, ""phase"": ""mellowmin"", ""summary"": true}]",
DEU_MONAMerge-2_10004120_T-4139,scenarios/experiment_scenarios/mona/DEU_MONAMerge-2_10004120_T-4139.xml,13541,R_G1,0,lin2025,20,lse_mellowmin,trajectory,20260922,True,True,True,True,0.006306479999693693,0.0013219939992268337,0.052239059999919846,0.052239059999919846,0.38964632200077176,0.44951385599961213,0.10998543599998811,0.005902767181396484,0.005902767181396484,241,0,583,160,423,21,20,342,4,True,2.3152517858694014e-10,optimal,36177.051858298444,0.010000000000189857,13534,inf,,,,"[{""iteration"": 1, ""max_slack"": 6.435771384146497e-10, ""objective"": 36177.05185829834, ""original_change"": null, ""penalized_change"": null, ""penalized_objective"": 36177.05185829853, ""phase"": ""lse"", ""solver_time"": 0.0014739036560058594, ""status"": ""optimal"", ""tau"": 0.005}, {""iteration"": 2, ""max_slack"": 2.3151926540954247e-10, ""objective"": 36177.051858298255, ""original_change"": 8.731149137020111e-11, ""penalized_change"": 1.0913936421275139e-10, ""penalized_objective"": 36177.05185829842, ""phase"": ""lse"", ""solver_time"": 0.0015339851379394531, ""status"": ""optimal"", ""tau"": 0.01}, {""converged"": true, ""phase"": ""lse"", ""summary"": true}, {""iteration"": 1, ""max_slack"": 4.986629847870287e-10, ""objective"": 36177.0518582983, ""original_change"": null, ""penalized_change"": null, ""penalized_objective"": 36177.05185829847, ""phase"": ""mellowmin"", ""solver_time"": 0.0014510154724121094, ""status"": ""optimal"", ""tau"": 0.005}, {""iteration"": 2, ""max_slack"": 2.3152517858694014e-10, ""objective"": 36177.05185829828, ""original_change"": 2.1827872842550278e-11, ""penalized_change"": 2.9103830456733704e-11, ""penalized_objective"": 36177.051858298444, ""phase"": ""mellowmin"", ""solver_time"": 0.0014438629150390625, ""status"": ""optimal"", ""tau"": 0.01}, {""converged"": true, ""phase"": ""mellowmin"", ""summary"": true}]",
DEU_MONAMerge-2_10004160_T-4179,scenarios/experiment_scenarios/mona/DEU_MONAMerge-2_10004160_T-4179.xml,13563,R_G1,0,lin2025,20,lse_mellowmin,trajectory,20260922,True,True,True,True,0.003999178999947617,0.0011524009987624595,0.04979763000119419,0.04979763000119419,0.2185204760007764,0.27346968600068067,0.11176188599893067,0.005229949951171875,0.005229949951171875,241,0,586,160,426,21,20,345,4,True,0.0,optimal,43922.74153858535,0.010000000007011067,13568,inf,,,,"[{""iteration"": 1, ""max_slack"": 0.0, ""objective"": 43922.74153858535, ""original_change"": null, ""penalized_change"": null, ""penalized_objective"": 43922.74153858535, ""phase"": ""lse"", ""solver_time"": 0.0012509822845458984, ""status"": ""optimal"", ""tau"": 0.005}, {""iteration"": 2, ""max_slack"": 0.0, ""objective"": 43922.74153858535, ""original_change"": 0.0, ""penalized_change"": 0.0, ""penalized_objective"": 43922.74153858535, ""phase"": ""lse"", ""solver_time"": 0.0013580322265625, ""status"": ""optimal"", ""tau"": 0.01}, {""converged"": true, ""phase"": ""lse"", ""summary"": true}, {""iteration"": 1, ""max_slack"": 0.0, ""objective"": 43922.74153858535, ""original_change"": null, ""penalized_change"": null, ""penalized_objective"": 43922.74153858535, ""phase"": ""mellowmin"", ""solver_time"": 0.0012629032135009766, ""status"": ""optimal"", ""tau"": 0.005}, {""iteration"": 2, ""max_slack"": 0.0, ""objective"": 43922.74153858535, ""original_change"": 0.0, ""penalized_change"": 0.0, ""penalized_objective"": 43922.74153858535, ""phase"": ""mellowmin"", ""solver_time"": 0.0013580322265625, ""status"": ""optimal"", ""tau"": 0.01}, {""converged"": true, ""phase"": ""mellowmin"", ""summary"": true}]",
DEU_MONAMerge-2_10004160_T-4179,scenarios/experiment_scenarios/mona/DEU_MONAMerge-2_10004160_T-4179.xml,13568,R_G1,0,lin2025,20,lse_mellowmin,trajectory,20260922,True,True,True,True,0.0035870650008291705,0.0012230060001456877,0.05165580599896202,0.05165580599896202,0.40339420000054815,0.45986007700048503,0.1140264900004695,0.0054018497467041016,0.0054018497467041016,241,0,569,160,409,21,20,328,4,True,1.5969792786459547e-10,optimal,30953.45534636097,0.01000000000045873,13563,inf,,,,"[{""iteration"": 1, ""max_slack"": 1.3375067314576208e-08, ""objective"": 30953.4553467815, ""original_change"": null, ""penalized_change"": null, ""penalized_objective"": 30953.455346791463, ""phase"": ""lse"", ""solver_time"": 0.0012750625610351562, ""status"": ""optimal"", ""tau"": 0.005}, {""iteration"": 2, ""max_slack"": 1.5969774680643255e-10, ""objective"": 30953.45534636063, ""original_change"": 4.20866854256019e-07, ""penalized_change"": 4.3049658415839076e-07, ""penalized_objective"": 30953.455346360966, ""phase"": ""lse"", ""solver_time"": 0.0013608932495117188, ""status"": ""optimal"", ""tau"": 0.01}, {""converged"": true, ""phase"": ""lse"", ""summary"": true}, {""iteration"": 1, ""max_slack"": 3.4064879711659075e-10, ""objective"": 30953.4553463606, ""original_change"": null, ""penalized_change"": null, ""penalized_objective"": 30953.45534636096, ""phase"": ""mellowmin"", ""solver_time"": 0.0013430118560791016, ""status"": ""optimal"", ""tau"": 0.005}, {""iteration"": 2, ""max_slack"": 1.5969792786459547e-10, ""objective"": 30953.45534636063, ""original_change"": 3.2741809263825417e-11, ""penalized_change"": 1.0913936421275139e-11, ""penalized_objective"": 30953.45534636097, ""phase"": ""mellowmin"", ""solver_time"": 0.001422882080078125, ""status"": ""optimal"", ""tau"": 0.01}, {""converged"": true, ""phase"": ""mellowmin"", ""summary"": true}]",
DEU_MONAMerge-2_10004300_T-4319,scenarios/experiment_scenarios/mona/DEU_MONAMerge-2_10004300_T-4319.xml,13694,R_G1,0,lin2025,20,lse_mellowmin,trajectory,20260922,True,True,True,True,0.0038619919996563112,0.0011770010005420772,0.047223841000231914,0.047223841000231914,0.20810644199991657,0.26036927600034687,0.11555117399984738,0.005334138870239258,0.005334138870239258,241,0,561,160,401,21,20,320,4,True,3.10196755394574e-10,optimal,36083.149592035275,0.010000000000922023,13685,inf,,,,"[{""iteration"": 1, ""max_slack"": 6.642758416038401e-10, ""objective"": 36083.14959203464, ""original_change"": null, ""penalized_change"": null, ""penalized_objective"": 36083.14959203533, ""phase"": ""lse"", ""solver_time"": 0.0012981891632080078, ""status"": ""optimal"", ""tau"": 0.005}, {""iteration"": 2, ""max_slack"": 3.1019547287440704e-10, ""objective"": 36083.149592034635, ""original_change"": 7.275957614183426e-12, ""penalized_change"": 5.820766091346741e-11, ""penalized_objective"": 36083.149592035275, ""phase"": ""lse"", ""solver_time"": 0.0013849735260009766, ""status"": ""optimal"", ""tau"": 0.01}, {""converged"": true, ""phase"": ""lse"", ""summary"": true}, {""iteration"": 1, ""max_slack"": 6.621241570128921e-10, ""objective"": 36083.14959203464, ""original_change"": null, ""penalized_change"": null, ""penalized_objective"": 36083.149592035326, ""phase"": ""mellowmin"", ""solver_time"": 0.0013201236724853516, ""status"": ""optimal"", ""tau"": 0.005}, {""iteration"": 2, ""max_slack"": 3.10196755394574e-10, ""objective"": 36083.14959203463, ""original_change"": 1.4551915228366852e-11, ""penalized_change"": 5.093170329928398e-11, ""penalized_objective"": 36083.149592035275, ""phase"": ""mellowmin"", ""solver_time"": 0.0013308525085449219, ""status"": ""optimal"", ""tau"": 0.01}, {""converged"": true, ""phase"": ""mellowmin"", ""summary"": true}]",
DEU_MONAMerge-2_10004400_T-4419,scenarios/experiment_scenarios/mona/DEU_MONAMerge-2_10004400_T-4419.xml,13727,R_G1,0,lin2025,20,lse_mellowmin,trajectory,20260922,True,True,True,True,0.010828639999090228,0.001364988000204903,0.05314503100089496,0.05314503100089496,0.4173453690000315,0.4826840280002216,0.1221380480001244,0.0054492950439453125,0.0054492950439453125,241,0,581,160,421,21,20,340,4,True,0.0,optimal,43875.741256536705,0.010000000008005827,13731,inf,,,,"[{""iteration"": 1, ""max_slack"": 0.0, ""objective"": 43875.7412565367, ""original_change"": null, ""penalized_change"": null, ""penalized_objective"": 43875.741256536705, ""phase"": ""lse"", ""solver_time"": 0.0013570785522460938, ""status"": ""optimal"", ""tau"": 0.005}, {""iteration"": 2, ""max_slack"": 0.0, ""objective"": 43875.7412565367, ""original_change"": 0.0, ""penalized_change"": 0.0, ""penalized_objective"": 43875.741256536705, ""phase"": ""lse"", ""solver_time"": 0.0013689994812011719, ""status"": ""optimal"", ""tau"": 0.01}, {""converged"": true, ""phase"": ""lse"", ""summary"": true}, {""iteration"": 1, ""max_slack"": 0.0, ""objective"": 43875.7412565367, ""original_change"": null, ""penalized_change"": null, ""penalized_objective"": 43875.741256536705, ""phase"": ""mellowmin"", ""solver_time"": 0.0014281272888183594, ""status"": ""optimal"", ""tau"": 0.005}, {""iteration"": 2, ""max_slack"": 0.0, ""objective"": 43875.7412565367, ""original_change"": 0.0, ""penalized_change"": 0.0, ""penalized_objective"": 43875.741256536705, ""phase"": ""mellowmin"", ""solver_time"": 0.0012950897216796875, ""status"": ""optimal"", ""tau"": 0.01}, {""converged"": true, ""phase"": ""mellowmin"", ""summary"": true}]",
DEU_MONAMerge-2_10004460_T-4479,scenarios/experiment_scenarios/mona/DEU_MONAMerge-2_10004460_T-4479.xml,13754,R_G1,0,lin2025,20,lse_mellowmin,trajectory,20260922,True,True,True,True,0.003960206000556354,0.0012868220001109876,0.05198729099902266,0.05198729099902266,0.22368467100022826,0.28091898999991827,0.12335151599836536,0.0054209232330322266,0.0054209232330322266,241,0,578,160,418,21,20,337,4,True,1.1592016426567348e-08,optimal,31776.456775519164,0.010000000039598637,13756,inf,,,,"[{""iteration"": 1, ""max_slack"": 4.977891593493019e-10, ""objective"": 31776.456775490053, ""original_change"": null, ""penalized_change"": null, ""penalized_objective"": 31776.456775490424, ""phase"": ""lse"", ""solver_time"": 0.0014100074768066406, ""status"": ""optimal"", ""tau"": 0.005}, {""iteration"": 2, ""max_slack"": 1.1591905919533662e-08, ""objective"": 31776.456775514034, ""original_change"": 2.3981556296348572e-08, ""penalized_change"": 2.8830982046201825e-08, ""penalized_objective"": 31776.456775519255, ""phase"": ""lse"", ""solver_time"": 0.001302957534790039, ""status"": ""optimal"", ""tau"": 0.01}, {""converged"": true, ""phase"": ""lse"", ""summary"": true}, {""iteration"": 1, ""max_slack"": 3.074716694829126e-08, ""objective"": 31776.456775524766, ""original_change"": null, ""penalized_change"": null, ""penalized_objective"": 31776.456775531682, ""phase"": ""mellowmin"", ""solver_time"": 0.0014178752899169922, ""status"": ""optimal"", ""tau"": 0.005}, {""iteration"": 2, ""max_slack"": 1.1592016426567348e-08, ""objective"": 31776.45677551395, ""original_change"": 1.0815710993483663e-08, ""penalized_change"": 1.2518285075202584e-08, ""penalized_objective"": 31776.456775519164, ""phase"": ""mellowmin"", ""solver_time"": 0.0012900829315185547, ""status"": ""optimal"", ""tau"": 0.01}, {""converged"": true, ""phase"": ""mellowmin"", ""summary"": true}]",
DEU_MONAMerge-2_10004480_T-4499,scenarios/experiment_scenarios/mona/DEU_MONAMerge-2_10004480_T-4499.xml,13771,R_G1,0,lin2025,20,lse_mellowmin,trajectory,20260922,True,True,True,True,0.0033786939984565834,0.0008526189994881861,0.20204834599826427,0.20204834599826427,0.15660433299854049,0.3628839919947495,0.12494653499925334,0.005788087844848633,0.005788087844848633,221,0,482,160,322,11,10,201,4,True,0.0,optimal,22617.46453626824,0.010000000000668674,13756,inf,,,,"[{""iteration"": 1, ""max_slack"": 0.0, ""objective"": 22617.46453626824, ""original_change"": null, ""penalized_change"": null, ""penalized_objective"": 22617.46453626824, ""phase"": ""lse"", ""solver_time"": 0.0014700889587402344, ""status"": ""optimal"", ""tau"": 0.005}, {""iteration"": 2, ""max_slack"": 0.0, ""objective"": 22617.46453626824, ""original_change"": 0.0, ""penalized_change"": 0.0, ""penalized_objective"": 22617.46453626824, ""phase"": ""lse"", ""solver_time"": 0.0015239715576171875, ""status"": ""optimal"", ""tau"": 0.01}, {""converged"": true, ""phase"": ""lse"", ""summary"": true}, {""iteration"": 1, ""max_slack"": 0.0, ""objective"": 22617.46453626824, ""original_change"": null, ""penalized_change"": null, ""penalized_objective"": 22617.46453626824, ""phase"": ""mellowmin"", ""solver_time"": 0.0013899803161621094, ""status"": ""optimal"", ""tau"": 0.005}, {""iteration"": 2, ""max_slack"": 0.0, ""objective"": 22617.46453626824, ""original_change"": 0.0, ""penalized_change"": 0.0, ""penalized_objective"": 22617.46453626824, ""phase"": ""mellowmin"", ""solver_time"": 0.0014040470123291016, ""status"": ""optimal"", ""tau"": 0.01}, {""converged"": true, ""phase"": ""mellowmin"", ""summary"": true}]",
DEU_MONAMerge-2_10004500_T-4519,scenarios/experiment_scenarios/mona/DEU_MONAMerge-2_10004500_T-4519.xml,13778,R_G1,0,lin2025,20,lse_mellowmin,trajectory,20260922,True,True,True,True,0.004428865000591031,0.001202211000418174,0.05119170099897019,0.05119170099897019,0.2227082609988429,0.2795310379988223,0.127065118000246,0.005869150161743164,0.005869150161743164,241,0,568,160,408,21,20,327,4,True,3.571949766439849e-08,optimal,38797.46997437449,0.01000000023097862,13780,inf,,,,"[{""iteration"": 1, ""max_slack"": 1.468359391867884e-10, ""objective"": 38797.46997426691, ""original_change"": null, ""penalized_change"": null, ""penalized_objective"": 38797.469974267064, ""phase"": ""lse"", ""solver_time"": 0.0015320777893066406, ""status"": ""optimal"", ""tau"": 0.005}, {""iteration"": 2, ""max_slack"": 3.566640181593405e-08, ""objective"": 38797.46997430579, ""original_change"": 3.888271749019623e-08, ""penalized_change"": 1.0734220268204808e-07, ""penalized_objective"": 38797.469974374406, ""phase"": ""lse"", ""solver_time"": 0.0014469623565673828, ""status"": ""optimal"", ""tau"": 0.01}, {""converged"": true, ""phase"": ""lse"", ""summary"": true}, {""iteration"": 1, ""max_slack"": 5.56931656330587e-08, ""objective"": 38797.46997428418, ""original_change"": null, ""penalized_change"": null, ""penalized_objective"": 38797.469974338426, ""phase"": ""mellowmin"", ""solver_time"": 0.0014200210571289062, ""status"": ""optimal"", ""tau"": 0.005}, {""iteration"": 2, ""max_slack"": 3.571949766439849e-08, ""objective"": 38797.46997430577, ""original_change"": 2.1595042198896408e-08, ""penalized_change"": 3.606692189350724e-08, ""penalized_objective"": 38797.46997437449, ""phase"": ""mellowmin"", ""solver_time"": 0.0014700889587402344, ""status"": ""optimal"", ""tau"": 0.01}, {""converged"": true, ""phase"": ""mellowmin"", ""summary"": true}]",
DEU_MONAMerge-2_10004500_T-4519,scenarios/experiment_scenarios/mona/DEU_MONAMerge-2_10004500_T-4519.xml,13780,R_G1,0,lin2025,20,lse_mellowmin,trajectory,20260922,True,True,True,True,0.0053208959998301,0.0012361399985820753,0.21256043200082786,0.21256043200082786,0.23403773000063666,0.4531551979998767,0.13069360600093205,0.0054891109466552734,0.0054891109466552734,241,0,581,160,421,21,20,340,4,True,0.0,optimal,40814.12860519575,0.010000000012098553,13778,inf,,,,"[{""iteration"": 1, ""max_slack"": 0.0, ""objective"": 40814.12860519575, ""original_change"": null, ""penalized_change"": null, ""penalized_objective"": 40814.12860519575, ""phase"": ""lse"", ""solver_time"": 0.0013849735260009766, ""status"": ""optimal"", ""tau"": 0.005}, {""iteration"": 2, ""max_slack"": 0.0, ""objective"": 40814.12860519575, ""original_change"": 0.0, ""penalized_change"": 0.0, ""penalized_objective"": 40814.12860519575, ""phase"": ""lse"", ""solver_time"": 0.0013129711151123047, ""status"": ""optimal"", ""tau"": 0.01}, {""converged"": true, ""phase"": ""lse"", ""summary"": true}, {""iteration"": 1, ""max_slack"": 0.0, ""objective"": 40814.12860519575, ""original_change"": null, ""penalized_change"": null, ""penalized_objective"": 40814.12860519575, ""phase"": ""mellowmin"", ""solver_time"": 0.0014171600341796875, ""status"": ""optimal"", ""tau"": 0.005}, {""iteration"": 2, ""max_slack"": 0.0, ""objective"": 40814.12860519575, ""original_change"": 0.0, ""penalized_change"": 0.0, ""penalized_objective"": 40814.12860519575, ""phase"": ""mellowmin"", ""solver_time"": 0.0013740062713623047, ""status"": ""optimal"", ""tau"": 0.01}, {""converged"": true, ""phase"": ""mellowmin"", ""summary"": true}]",
DEU_MONAMerge-2_10004520_T-4539,scenarios/experiment_scenarios/mona/DEU_MONAMerge-2_10004520_T-4539.xml,13808,R_G1,0,lin2025,20,lse_mellowmin,trajectory,20260922,True,True,True,True,0.003758251999897766,0.0012382010008877842,0.050773551000020234,0.050773551000020234,0.22094012500019744,0.2767101290010032,0.1339259430005768,0.0054700374603271484,0.0054700374603271484,241,0,570,160,410,21,20,329,4,True,6.691133741650398e-09,optimal,31979.711137396924,0.010000000087427078,13792,inf,,,,"[{""iteration"": 1, ""max_slack"": 1.982339490978131e-09, ""objective"": 31979.711135332698, ""original_change"": null, ""penalized_change"": null, ""penalized_objective"": 31979.711135333415, ""phase"": ""lse"", ""solver_time"": 0.0012450218200683594, ""status"": ""optimal"", ""tau"": 0.005}, {""iteration"": 2, ""max_slack"": 6.691141055791756e-09, ""objective"": 31979.711137382896, ""original_change"": 2.050197508651763e-06, ""penalized_change"": 2.0635052351281047e-06, ""penalized_objective"": 31979.71113739692, ""phase"": ""lse"", ""solver_time"": 0.001422882080078125, ""status"": ""optimal"", ""tau"": 0.01}, {""converged"": true, ""phase"": ""lse"", ""summary"": true}, {""iteration"": 1, ""max_slack"": 1.3706244807461013e-08, ""objective"": 31979.711137396735, ""original_change"": null, ""penalized_change"": null, ""penalized_objective"": 31979.71113741111, ""phase"": ""mellowmin"", ""solver_time"": 0.0014109611511230469, ""status"": ""optimal"", ""tau"": 0.005}, {""iteration"": 2, ""max_slack"": 6.691133741650398e-09, ""objective"": 31979.711137382896, ""original_change"": 1.3838871382176876e-08, ""penalized_change"": 1.4184479368850589e-08, ""penalized_objective"": 31979.711137396924, ""phase"": ""mellowmin"", ""solver_time"": 0.0013911724090576172, ""status"": ""optimal"", ""tau"": 0.01}, {""converged"": true, ""phase"": ""mellowmin"", ""summary"": true}]",
DEU_MONAMerge-2_10004960_T-4979,scenarios/experiment_scenarios/mona/DEU_MONAMerge-2_10004960_T-4979.xml,14036,R_G1,0,lin2025,20,lse_mellowmin,trajectory,20260922,True,True,True,True,0.0060250119986449135,0.0015034179996291641,0.05325547100073891,0.05325547100073891,0.2396154590005608,0.3003993599995738,0.13897691399870382,0.006268024444580078,0.006268024444580078,239,0,588,160,428,20,19,343,4,True,0.0,optimal,46223.89967398257,0.010000000004936282,14041,inf,,,,"[{""iteration"": 1, ""max_slack"": 0.0, ""objective"": 46223.89967398257, ""original_change"": null, ""penalized_change"": null, ""penalized_objective"": 46223.89967398257, ""phase"": ""lse"", ""solver_time"": 0.0015909671783447266, ""status"": ""optimal"", ""tau"": 0.005}, {""iteration"": 2, ""max_slack"": 0.0, ""objective"": 46223.89967398257, ""original_change"": 0.0, ""penalized_change"": 0.0, ""penalized_objective"": 46223.89967398257, ""phase"": ""lse"", ""solver_time"": 0.0014619827270507812, ""status"": ""optimal"", ""tau"": 0.01}, {""converged"": true, ""phase"": ""lse"", ""summary"": true}, {""iteration"": 1, ""max_slack"": 0.0, ""objective"": 46223.89967398257, ""original_change"": null, ""penalized_change"": null, ""penalized_objective"": 46223.89967398257, ""phase"": ""mellowmin"", ""solver_time"": 0.0016889572143554688, ""status"": ""optimal"", ""tau"": 0.005}, {""iteration"": 2, ""max_slack"": 0.0, ""objective"": 46223.89967398257, ""original_change"": 0.0, ""penalized_change"": 0.0, ""penalized_objective"": 46223.89967398257, ""phase"": ""mellowmin"", ""solver_time"": 0.0015261173248291016, ""status"": ""optimal"", ""tau"": 0.01}, {""converged"": true, ""phase"": ""mellowmin"", ""summary"": true}]",
DEU_MONAMerge-2_10004960_T-4979,scenarios/experiment_scenarios/mona/DEU_MONAMerge-2_10004960_T-4979.xml,14040,R_G1,0,lin2025,20,lse_mellowmin,trajectory,20260922,True,True,True,True,0.005248601000857889,0.0012548229988169624,0.05066138000074716,0.05066138000074716,0.4068487289987388,0.4640135329991608,0.13575648400001228,0.005651235580444336,0.005651235580444336,239,0,580,160,420,20,19,335,4,True,0.0,optimal,32799.2082460907,0.010000000001415044,14041,inf,,,,"[{""iteration"": 1, ""max_slack"": 3.705603412694843e-10, ""objective"": 32799.20824609038, ""original_change"": null, ""penalized_change"": null, ""penalized_objective"": 32799.208246090435, ""phase"": ""lse"", ""solver_time"": 0.0015058517456054688, ""status"": ""optimal"", ""tau"": 0.005}, {""iteration"": 2, ""max_slack"": 0.0, ""objective"": 32799.208246090704, ""original_change"": 3.2741809263825417e-10, ""penalized_change"": 2.6193447411060333e-10, ""penalized_objective"": 32799.2082460907, ""phase"": ""lse"", ""solver_time"": 0.0013492107391357422, ""status"": ""optimal"", ""tau"": 0.01}, {""converged"": true, ""phase"": ""lse"", ""summary"": true}, {""iteration"": 1, ""max_slack"": 0.0, ""objective"": 32799.208246090704, ""original_change"": null, ""penalized_change"": null, ""penalized_objective"": 32799.2082460907, ""phase"": ""mellowmin"", ""solver_time"": 0.0014460086822509766, ""status"": ""optimal"", ""tau"": 0.005}, {""iteration"": 2, ""max_slack"": 0.0, ""objective"": 32799.208246090704, ""original_change"": 0.0, ""penalized_change"": 0.0, ""penalized_objective"": 32799.2082460907, ""phase"": ""mellowmin"", ""solver_time"": 0.0013501644134521484, ""status"": ""optimal"", ""tau"": 0.01}, {""converged"": true, ""phase"": ""mellowmin"", ""summary"": true}]",
DEU_MONAMerge-2_10005000_T-5019,scenarios/experiment_scenarios/mona/DEU_MONAMerge-2_10005000_T-5019.xml,14067,R_G1,0,lin2025,20,lse_mellowmin,trajectory,20260922,True,True,True,True,0.004644030001145438,0.0010331680005037924,0.042958861999068176,0.042958861999068176,0.18427758800135052,0.23291364800206793,0.14574490599989076,0.005733013153076172,0.005733013153076172,229,0,527,160,367,15,14,262,4,True,6.961647630598026e-10,optimal,34212.27776672156,0.010000000002095827,14074,inf,,,,"[{""iteration"": 1, ""max_slack"": 0.0, ""objective"": 34212.2777667211, ""original_change"": null, ""penalized_change"": null, ""penalized_objective"": 34212.2777667211, ""phase"": ""lse"", ""solver_time"": 0.001477956771850586, ""status"": ""optimal"", ""tau"": 0.005}, {""iteration"": 2, ""max_slack"": 5.2540262938328345e-09, ""objective"": 34212.277766737934, ""original_change"": 1.6836565919220448e-08, ""penalized_change"": 1.7615093383938074e-08, ""penalized_objective"": 34212.27776673871, ""phase"": ""lse"", ""solver_time"": 0.0013921260833740234, ""status"": ""optimal"", ""tau"": 0.01}, {""converged"": true, ""phase"": ""lse"", ""summary"": true}, {""iteration"": 1, ""max_slack"": 1.519787222331747e-09, ""objective"": 34212.27776672148, ""original_change"": null, ""penalized_change"": null, ""penalized_objective"": 34212.2777667216, ""phase"": ""mellowmin"", ""solver_time"": 0.001416921615600586, ""status"": ""optimal"", ""tau"": 0.005}, {""iteration"": 2, ""max_slack"": 6.961647630598026e-10, ""objective"": 34212.27776672146, ""original_change"": 2.1827872842550278e-11, ""penalized_change"": 3.637978807091713e-11, ""penalized_objective"": 34212.27776672156, ""phase"": ""mellowmin"", ""solver_time"": 0.0014460086822509766, ""status"": ""optimal"", ""tau"": 0.01}, {""converged"": true, ""phase"": ""mellowmin"", ""summary"": true}]",
DEU_MONAMerge-2_10005080_T-5099,scenarios/experiment_scenarios/mona/DEU_MONAMerge-2_10005080_T-5099.xml,14116,R_G1,0,lin2025,20,lse_mellowmin,trajectory,20260922,True,True,True,True,0.003730006999830948,0.0012835510005970718,0.05377484100063157,0.05377484100063157,0.4435129879984743,0.5023013869995339,0.1411503969993646,0.026650190353393555,0.026650190353393555,241,0,581,160,421,21,20,340,4,True,3.594796533871596e-08,optimal,26298.074115741907,0.010000000008957123,14111,inf,,,,"[{""iteration"": 1, ""max_slack"": 1.6644828505403343e-09, ""objective"": 26298.074115720912, ""original_change"": null, ""penalized_change"": null, ""penalized_objective"": 26298.07411572179, ""phase"": ""lse"", ""solver_time"": 0.005194187164306641, ""status"": ""optimal"", ""tau"": 0.005}, {""iteration"": 2, ""max_slack"": 2.3506887550994046e-09, ""objective"": 26298.074115720938, ""original_change"": 2.546585164964199e-11, ""penalized_change"": 1.2478267308324575e-09, ""penalized_objective"": 26298.074115723037, ""phase"": ""lse"", ""solver_time"": 0.002599000930786133, ""status"": ""optimal"", ""tau"": 0.01}, {""converged"": true, ""phase"": ""lse"", ""summary"": true}, {""iteration"": 1, ""max_slack"": 9.011523892886713e-07, ""objective"": 26298.074115744417, ""original_change"": null, ""penalized_change"": null, ""penalized_objective"": 26298.07411617876, ""phase"": ""mellowmin"", ""solver_time"": 0.009356975555419922, ""status"": ""optimal"", ""tau"": 0.005}, {""iteration"": 2, ""max_slack"": 3.594796533871596e-08, ""objective"": 26298.07411572243, ""original_change"": 2.1987943910062313e-08, ""penalized_change"": 4.3685213313438e-07, ""penalized_objective"": 26298.074115741907, ""phase"": ""mellowmin"", ""solver_time"": 0.00950002670288086, ""status"": ""optimal"", ""tau"": 0.01}, {""converged"": true, ""phase"": ""mellowmin"", ""summary"": true}]",
DEU_MONAMerge-2_10005280_T-5299,scenarios/experiment_scenarios/mona/DEU_MONAMerge-2_10005280_T-5299.xml,14224,R_G1,0,lin2025,20,lse_mellowmin,trajectory,20260922,True,True,True,True,0.007784781999362167,0.0013235290007287404,0.052903223999237525,0.052903223999237525,0.23236825399908412,0.29437978899841255,0.15291647100093542,0.0057830810546875,0.0057830810546875,241,0,594,160,434,21,20,353,4,True,0.0,optimal,51116.776773239886,0.01000000000837531,14238,inf,,,,"[{""iteration"": 1, ""max_slack"": 0.0, ""objective"": 51116.776773239886, ""original_change"": null, ""penalized_change"": null, ""penalized_objective"": 51116.776773239886, ""phase"": ""lse"", ""solver_time"": 0.001619100570678711, ""status"": ""optimal"", ""tau"": 0.005}, {""iteration"": 2, ""max_slack"": 0.0, ""objective"": 51116.776773239886, ""original_change"": 0.0, ""penalized_change"": 0.0, ""penalized_objective"": 51116.776773239886, ""phase"": ""lse"", ""solver_time"": 0.0014231204986572266, ""status"": ""optimal"", ""tau"": 0.01}, {""converged"": true, ""phase"": ""lse"", ""summary"": true}, {""iteration"": 1, ""max_slack"": 0.0, ""objective"": 51116.776773239886, ""original_change"": null, ""penalized_change"": null, ""penalized_objective"": 51116.776773239886, ""phase"": ""mellowmin"", ""solver_time"": 0.0013709068298339844, ""status"": ""optimal"", ""tau"": 0.005}, {""iteration"": 2, ""max_slack"": 0.0, ""objective"": 51116.776773239886, ""original_change"": 0.0, ""penalized_change"": 0.0, ""penalized_objective"": 51116.776773239886, ""phase"": ""mellowmin"", ""solver_time"": 0.0013699531555175781, ""status"": ""optimal"", ""tau"": 0.01}, {""converged"": true, ""phase"": ""mellowmin"", ""summary"": true}]",
DEU_MONAMerge-2_10005280_T-5299,scenarios/experiment_scenarios/mona/DEU_MONAMerge-2_10005280_T-5299.xml,14238,R_G1,0,lin2025,20,lse_mellowmin,trajectory,20260922,True,True,True,True,0.004032871000163141,0.0014768750006624032,0.2479881250001199,0.2479881250001199,0.218998972000918,0.47249684300186345,0.15028003200131934,0.005276203155517578,0.005276203155517578,241,0,563,160,403,21,20,322,4,True,3.3675250203958965e-10,optimal,34897.93441106138,0.010000000001849281,14224,inf,,,,"[{""iteration"": 1, ""max_slack"": 1.233249281092223e-09, ""objective"": 34897.93441106124, ""original_change"": null, ""penalized_change"": null, ""penalized_objective"": 34897.93441106251, ""phase"": ""lse"", ""solver_time"": 0.0012810230255126953, ""status"": ""optimal"", ""tau"": 0.005}, {""iteration"": 2, ""max_slack"": 3.3675552517249384e-10, ""objective"": 34897.93441106069, ""original_change"": 5.456968210637569e-10, ""penalized_change"": 1.1350493878126144e-09, ""penalized_objective"": 34897.934411061375, ""phase"": ""lse"", ""solver_time"": 0.0012340545654296875, ""status"": ""optimal"", ""tau"": 0.01}, {""converged"": true, ""phase"": ""lse"", ""summary"": true}, {""iteration"": 1, ""max_slack"": 1.2510438019460845e-09, ""objective"": 34897.93441106123, ""original_change"": null, ""penalized_change"": null, ""penalized_objective"": 34897.93441106253, ""phase"": ""mellowmin"", ""solver_time"": 0.0014710426330566406, ""status"": ""optimal"", ""tau"": 0.005}, {""iteration"": 2, ""max_slack"": 3.3675250203958965e-10, ""objective"": 34897.9344110607, ""original_change"": 5.311449058353901e-10, ""penalized_change"": 1.1496013030409813e-09, ""penalized_objective"": 34897.93441106138, ""phase"": ""mellowmin"", ""solver_time"": 0.0012900829315185547, ""status"": ""optimal"", ""tau"": 0.01}, {""converged"": true, ""phase"": ""mellowmin"", ""summary"": true}]",
DEU_MONAMerge-2_10005380_T-5399,scenarios/experiment_scenarios/mona/DEU_MONAMerge-2_10005380_T-5399.xml,14301,R_G1,0,lin2025,20,lse_mellowmin,trajectory,20260922,True,True,True,True,0.005697871998563642,0.0013618739994853968,0.05322392900052364,0.05322392900052364,0.23156619099972886,0.29184986599830154,0.14718772699961846,0.00582575798034668,0.00582575798034668,241,0,581,160,421,21,20,340,4,True,5.630136665429555e-10,optimal,38185.38272579007,0.010000000000445652,14298,inf,,,,"[{""iteration"": 1, ""max_slack"": 1.3835120284308835e-09, ""objective"": 38185.38272578978, ""original_change"": null, ""penalized_change"": null, ""penalized_objective"": 38185.38272579008, ""phase"": ""lse"", ""solver_time"": 0.0014770030975341797, ""status"": ""optimal"", ""tau"": 0.005}, {""iteration"": 2, ""max_slack"": 5.629910318565355e-10, ""objective"": 38185.38272578976, ""original_change"": 2.1827872842550278e-11, ""penalized_change"": 1.4551915228366852e-11, ""penalized_objective"": 38185.38272579006, ""phase"": ""lse"", ""solver_time"": 0.0015139579772949219, ""status"": ""optimal"", ""tau"": 0.01}, {""converged"": true, ""phase"": ""lse"", ""summary"": true}, {""iteration"": 1, ""max_slack"": 1.3586998174896019e-09, ""objective"": 38185.38272578976, ""original_change"": null, ""penalized_change"": null, ""penalized_objective"": 38185.38272579016, ""phase"": ""mellowmin"", ""solver_time"": 0.0013818740844726562, ""status"": ""optimal"", ""tau"": 0.005}, {""iteration"": 2, ""max_slack"": 5.630136665429555e-10, ""objective"": 38185.382725789765, ""original_change"": 7.275957614183426e-12, ""penalized_change"": 8.731149137020111e-11, ""penalized_objective"": 38185.38272579007, ""phase"": ""mellowmin"", ""solver_time"": 0.0014529228210449219, ""status"": ""optimal"", ""tau"": 0.01}, {""converged"": true, ""phase"": ""mellowmin"", ""summary"": true}]",
DEU_MONAMerge-2_10005380_T-5399,scenarios/experiment_scenarios/mona/DEU_MONAMerge-2_10005380_T-5399.xml,14303,R_G1,0,lin2025,20,lse_mellowmin,trajectory,20260922,True,True,True,True,0.00564098799986823,0.0012905889998364728,0.2788486270001158,0.2788486270001158,0.24013610499969218,0.5259163089995127,0.14837408799940022,0.005778074264526367,0.005778074264526367,241,0,597,160,437,21,20,356,4,True,0.0,optimal,28039.53816628935,0.010000000032306389,14298,inf,,,,"[{""iteration"": 1, ""max_slack"": 0.0, ""objective"": 28039.53816628935, ""original_change"": null, ""penalized_change"": null, ""penalized_objective"": 28039.53816628935, ""phase"": ""lse"", ""solver_time"": 0.001374959945678711, ""status"": ""optimal"", ""tau"": 0.005}, {""iteration"": 2, ""max_slack"": 0.0, ""objective"": 28039.53816628935, ""original_change"": 0.0, ""penalized_change"": 0.0, ""penalized_objective"": 28039.53816628935, ""phase"": ""lse"", ""solver_time"": 0.001497030258178711, ""status"": ""optimal"", ""tau"": 0.01}, {""converged"": true, ""phase"": ""lse"", ""summary"": true}, {""iteration"": 1, ""max_slack"": 0.0, ""objective"": 28039.53816628935, ""original_change"": null, ""penalized_change"": null, ""penalized_objective"": 28039.53816628935, ""phase"": ""mellowmin"", ""solver_time"": 0.0014190673828125, ""status"": ""optimal"", ""tau"": 0.005}, {""iteration"": 2, ""max_slack"": 0.0, ""objective"": 28039.53816628935, ""original_change"": 0.0, ""penalized_change"": 0.0, ""penalized_objective"": 28039.53816628935, ""phase"": ""mellowmin"", ""solver_time"": 0.0014870166778564453, ""status"": ""optimal"", ""tau"": 0.01}, {""converged"": true, ""phase"": ""mellowmin"", ""summary"": true}]",
DEU_MONAMerge-2_1000540_T-559,scenarios/experiment_scenarios/mona/DEU_MONAMerge-2_1000540_T-559.xml,10565,R_G1,0,lin2025,20,lse_mellowmin,trajectory,20260922,True,True,True,True,0.005170393998923828,0.0012404819990479155,0.05058571299923642,0.05058571299923642,0.42996498299908126,0.4869615719962894,0.19585653699869,0.005593061447143555,0.005593061447143555,241,0,584,160,424,21,20,343,4,True,0.0,optimal,41689.94493777146,0.010000000021648248,10567,inf,,,,"[{""iteration"": 1, ""max_slack"": 0.0, ""objective"": 41689.94493777146, ""original_change"": null, ""penalized_change"": null, ""penalized_objective"": 41689.94493777146, ""phase"": ""lse"", ""solver_time"": 0.0014328956604003906, ""status"": ""optimal"", ""tau"": 0.005}, {""iteration"": 2, ""max_slack"": 0.0, ""objective"": 41689.94493777146, ""original_change"": 0.0, ""penalized_change"": 0.0, ""penalized_objective"": 41689.94493777146, ""phase"": ""lse"", ""solver_time"": 0.001516103744506836, ""status"": ""optimal"", ""tau"": 0.01}, {""converged"": true, ""phase"": ""lse"", ""summary"": true}, {""iteration"": 1, ""max_slack"": 0.0, ""objective"": 41689.94493777146, ""original_change"": null, ""penalized_change"": null, ""penalized_objective"": 41689.94493777146, ""phase"": ""mellowmin"", ""solver_time"": 0.0013210773468017578, ""status"": ""optimal"", ""tau"": 0.005}, {""iteration"": 2, ""max_slack"": 0.0, ""objective"": 41689.94493777146, ""original_change"": 0.0, ""penalized_change"": 0.0, ""penalized_objective"": 41689.94493777146, ""phase"": ""mellowmin"", ""solver_time"": 0.0013229846954345703, ""status"": ""optimal"", ""tau"": 0.01}, {""converged"": true, ""phase"": ""mellowmin"", ""summary"": true}]",
DEU_MONAMerge-2_1000540_T-559,scenarios/experiment_scenarios/mona/DEU_MONAMerge-2_1000540_T-559.xml,10567,R_G1,0,lin2025,20,lse_mellowmin,trajectory,20260922,True,True,True,True,0.003920113000276615,0.0012928749983984744,0.0499508170014451,0.0499508170014451,0.22135897999942244,0.27652278499954264,0.1493150379992585,0.005609989166259766,0.005609989166259766,241,0,572,160,412,21,20,331,4,True,2.6220065405147826e-09,optimal,34833.78867172268,0.010000000013191245,10565,inf,,,,"[{""iteration"": 1, ""max_slack"": 6.223325690035235e-09, ""objective"": 34833.788671718394, ""original_change"": null, ""penalized_change"": null, ""penalized_objective"": 34833.78867172343, ""phase"": ""lse"", ""solver_time"": 0.0013909339904785156, ""status"": ""optimal"", ""tau"": 0.005}, {""iteration"": 2, ""max_slack"": 2.621997350929824e-09, ""objective"": 34833.78867171839, ""original_change"": 7.275957614183426e-12, ""penalized_change"": 7.34871719032526e-10, ""penalized_objective"": 34833.788671722694, ""phase"": ""lse"", ""solver_time"": 0.0013959407806396484, ""status"": ""optimal"", ""tau"": 0.01}, {""converged"": true, ""phase"": ""lse"", ""summary"": true}, {""iteration"": 1, ""max_slack"": 6.288241320575141e-09, ""objective"": 34833.78867171835, ""original_change"": null, ""penalized_change"": null, ""penalized_objective"": 34833.78867172349, ""phase"": ""mellowmin"", ""solver_time"": 0.0015070438385009766, ""status"": ""optimal"", ""tau"": 0.005}, {""iteration"": 2, ""max_slack"": 2.6220065405147826e-09, ""objective"": 34833.78867171837, ""original_change"": 2.1827872842550278e-11, ""penalized_change"": 8.076312951743603e-10, ""penalized_objective"": 34833.78867172268, ""phase"": ""mellowmin"", ""solver_time"": 0.001316070556640625, ""status"": ""optimal"", ""tau"": 0.01}, {""converged"": true, ""phase"": ""mellowmin"", ""summary"": true}]",
DEU_MONAMerge-2_10005460_T-5479,scenarios/experiment_scenarios/mona/DEU_MONAMerge-2_10005460_T-5479.xml,14384,R_G1,0,lin2025,20,lse_mellowmin,trajectory,20260922,True,True,True,True,0.0054216249991441146,0.0014706639994983561,0.06604812699879403,0.06604812699879403,0.5238604500009387,0.5968008659983752,0.1599904049999168,0.007977724075317383,0.007977724075317383,241,0,583,160,423,21,20,342,4,True,1.7292178440211524e-08,optimal,36296.95646196856,0.010000000075679374,14367,inf,,,,"[{""iteration"": 1, ""max_slack"": 1.7891351836843075e-08, ""objective"": 36296.95646197505, ""original_change"": null, ""penalized_change"": null, ""penalized_objective"": 36296.95646198024, ""phase"": ""lse"", ""solver_time"": 0.0026018619537353516, ""status"": ""optimal"", ""tau"": 0.005}, {""iteration"": 2, ""max_slack"": 1.729211918913878e-08, ""objective"": 36296.95646196079, ""original_change"": 1.4260876923799515e-08, ""penalized_change"": 1.1677911970764399e-08, ""penalized_objective"": 36296.95646196856, ""phase"": ""lse"", ""solver_time"": 0.0023698806762695312, ""status"": ""optimal"", ""tau"": 0.01}, {""converged"": true, ""phase"": ""lse"", ""summary"": true}, {""iteration"": 1, ""max_slack"": 4.6106773256474986e-08, ""objective"": 36296.95646196205, ""original_change"": null, ""penalized_change"": null, ""penalized_objective"": 36296.95646197236, ""phase"": ""mellowmin"", ""solver_time"": 0.0015211105346679688, ""status"": ""optimal"", ""tau"": 0.005}, {""iteration"": 2, ""max_slack"": 1.7292178440211524e-08, ""objective"": 36296.9564619608, ""original_change"": 1.2514647096395493e-09, ""penalized_change"": 3.798049874603748e-09, ""penalized_objective"": 36296.95646196856, ""phase"": ""mellowmin"", ""solver_time"": 0.0014848709106445312, ""status"": ""optimal"", ""tau"": 0.01}, {""converged"": true, ""phase"": ""mellowmin"", ""summary"": true}]",
DEU_MONAMerge-2_10005480_T-5499,scenarios/experiment_scenarios/mona/DEU_MONAMerge-2_10005480_T-5499.xml,14400,R_G1,0,lin2025,20,lse_mellowmin,trajectory,20260922,True,True,True,True,0.004015043999970658,0.0005467709997901693,0.028171136998935253,0.028171136998935253,0.12893318500027817,0.16166613699897425,0.16198499700112734,0.006579875946044922,0.006579875946044922,211,0,445,160,285,6,5,144,4,True,4.929941346348371e-08,optimal,53681.96809478103,0.010000000057146963,14367,inf,,,,"[{""iteration"": 1, ""max_slack"": 1.4249077678649244e-07, ""objective"": 53681.968094756136, ""original_change"": null, ""penalized_change"": null, ""penalized_objective"": 53681.96809477653, ""phase"": ""lse"", ""solver_time"": 0.0018088817596435547, ""status"": ""optimal"", ""tau"": 0.005}, {""iteration"": 2, ""max_slack"": 4.968976296289144e-08, ""objective"": 53681.968094767566, ""original_change"": 1.1430529411882162e-08, ""penalized_change"": 5.944457370787859e-09, ""penalized_objective"": 53681.968094782475, ""phase"": ""lse"", ""solver_time"": 0.0014569759368896484, ""status"": ""optimal"", ""tau"": 0.01}, {""converged"": true, ""phase"": ""lse"", ""summary"": true}, {""iteration"": 1, ""max_slack"": 1.424487907750638e-07, ""objective"": 53681.96809475615, ""original_change"": null, ""penalized_change"": null, ""penalized_objective"": 53681.96809477655, ""phase"": ""mellowmin"", ""solver_time"": 0.0017809867858886719, ""status"": ""optimal"", ""tau"": 0.005}, {""iteration"": 2, ""max_slack"": 4.929941346348371e-08, ""objective"": 53681.96809476624, ""original_change"": 1.0091753210872412e-08, ""penalized_change"": 4.474713932722807e-09, ""penalized_objective"": 53681.96809478103, ""phase"": ""mellowmin"", ""solver_time"": 0.0015330314636230469, ""status"": ""optimal"", ""tau"": 0.01}, {""converged"": true, ""phase"": ""mellowmin"", ""summary"": true}]",
DEU_MONAMerge-2_10005480_T-5499,scenarios/experiment_scenarios/mona/DEU_MONAMerge-2_10005480_T-5499.xml,14412,R_G1,0,lin2025,20,lse_mellowmin,trajectory,20260922,True,True,True,True,0.005722588999560685,0.0014420830011658836,0.05580350099990028,0.05580350099990028,0.24337626600026852,0.30634443900089536,0.16758486999970046,0.006716012954711914,0.006716012954711914,241,0,600,160,440,21,20,359,4,True,0.0,optimal,43318.19780685379,0.010000000008951964,14417,inf,,,,"[{""iteration"": 1, ""max_slack"": 0.0, ""objective"": 43318.19780685379, ""original_change"": null, ""penalized_change"": null, ""penalized_objective"": 43318.19780685379, ""phase"": ""lse"", ""solver_time"": 0.0016739368438720703, ""status"": ""optimal"", ""tau"": 0.005}, {""iteration"": 2, ""max_slack"": 0.0, ""objective"": 43318.19780685379, ""original_change"": 0.0, ""penalized_change"": 0.0, ""penalized_objective"": 43318.19780685379, ""phase"": ""lse"", ""solver_time"": 0.0016961097717285156, ""status"": ""optimal"", ""tau"": 0.01}, {""converged"": true, ""phase"": ""lse"", ""summary"": true}, {""iteration"": 1, ""max_slack"": 0.0, ""objective"": 43318.19780685379, ""original_change"": null, ""penalized_change"": null, ""penalized_objective"": 43318.19780685379, ""phase"": ""mellowmin"", ""solver_time"": 0.00167083740234375, ""status"": ""optimal"", ""tau"": 0.005}, {""iteration"": 2, ""max_slack"": 0.0, ""objective"": 43318.19780685379, ""original_change"": 0.0, ""penalized_change"": 0.0, ""penalized_objective"": 43318.19780685379, ""phase"": ""mellowmin"", ""solver_time"": 0.0016751289367675781, ""status"": ""optimal"", ""tau"": 0.01}, {""converged"": true, ""phase"": ""mellowmin"", ""summary"": true}]",
DEU_MONAMerge-2_10005520_T-5539,scenarios/experiment_scenarios/mona/DEU_MONAMerge-2_10005520_T-5539.xml,14429,R_G1,0,lin2025,20,lse_mellowmin,trajectory,20260922,True,True,True,True,0.007761812999888207,0.0023711270005151164,0.3364306699986628,0.3364306699986628,0.22192594300031487,0.568489552999381,0.16293926400066994,0.005556821823120117,0.005556821823120117,237,0,541,160,381,19,18,292,4,True,7.359087984998366e-10,optimal,35773.18148005611,0.010000000002233703,14428,inf,,,,"[{""iteration"": 1, ""max_slack"": 1.7316225689878812e-09, ""objective"": 35773.18148005479, ""original_change"": null, ""penalized_change"": null, ""penalized_objective"": 35773.18148005633, ""phase"": ""lse"", ""solver_time"": 0.0014328956604003906, ""status"": ""optimal"", ""tau"": 0.005}, {""iteration"": 2, ""max_slack"": 7.062561269109287e-10, ""objective"": 35773.18148005477, ""original_change"": 1.4551915228366852e-11, ""penalized_change"": 2.9103830456733704e-10, ""penalized_objective"": 35773.18148005604, ""phase"": ""lse"", ""solver_time"": 0.0014328956604003906, ""status"": ""optimal"", ""tau"": 0.01}, {""converged"": true, ""phase"": ""lse"", ""summary"": true}, {""iteration"": 1, ""max_slack"": 1.7656619191804395e-09, ""objective"": 35773.18148005483, ""original_change"": null, ""penalized_change"": null, ""penalized_objective"": 35773.18148005642, ""phase"": ""mellowmin"", ""solver_time"": 0.0013279914855957031, ""status"": ""optimal"", ""tau"": 0.005}, {""iteration"": 2, ""max_slack"": 7.359087984998366e-10, ""objective"": 35773.18148005479, ""original_change"": 4.3655745685100555e-11, ""penalized_change"": 3.055902197957039e-10, ""penalized_objective"": 35773.18148005611, ""phase"": ""mellowmin"", ""solver_time"": 0.0013630390167236328, ""status"": ""optimal"", ""tau"": 0.01}, {""converged"": true, ""phase"": ""mellowmin"", ""summary"": true}]",
DEU_MONAMerge-2_10005540_T-5559,scenarios/experiment_scenarios/mona/DEU_MONAMerge-2_10005540_T-5559.xml,14437,R_G1,0,lin2025,20,lse_mellowmin,trajectory,20260922,True,True,True,True,0.005765960999269737,0.0010924680009338772,0.04598328300016874,0.04598328300016874,0.1962958210006036,0.24913753300097596,0.16155544399953214,0.005419015884399414,0.005419015884399414,231,0,531,160,371,16,15,270,4,True,0.0,optimal,48821.73022151034,0.01000000002383672,14448,inf,,,,"[{""iteration"": 1, ""max_slack"": 0.0, ""objective"": 48821.73022151034, ""original_change"": null, ""penalized_change"": null, ""penalized_objective"": 48821.73022151034, ""phase"": ""lse"", ""solver_time"": 0.0013120174407958984, ""status"": ""optimal"", ""tau"": 0.005}, {""iteration"": 2, ""max_slack"": 0.0, ""objective"": 48821.73022151034, ""original_change"": 0.0, ""penalized_change"": 0.0, ""penalized_objective"": 48821.73022151034, ""phase"": ""lse"", ""solver_time"": 0.001313924789428711, ""status"": ""optimal"", ""tau"": 0.01}, {""converged"": true, ""phase"": ""lse"", ""summary"": true}, {""iteration"": 1, ""max_slack"": 0.0, ""objective"": 48821.73022151034, ""original_change"": null, ""penalized_change"": null, ""penalized_objective"": 48821.73022151034, ""phase"": ""mellowmin"", ""solver_time"": 0.0014851093292236328, ""status"": ""optimal"", ""tau"": 0.005}, {""iteration"": 2, ""max_slack"": 0.0, ""objective"": 48821.73022151034, ""original_change"": 0.0, ""penalized_change"": 0.0, ""penalized_objective"": 48821.73022151034, ""phase"": ""mellowmin"", ""solver_time"": 0.0013079643249511719, ""status"": ""optimal"", ""tau"": 0.01}, {""converged"": true, ""phase"": ""mellowmin"", ""summary"": true}]",
DEU_MONAMerge-2_10005540_T-5559,scenarios/experiment_scenarios/mona/DEU_MONAMerge-2_10005540_T-5559.xml,14440,R_G1,0,lin2025,20,lse_mellowmin,trajectory,20260922,True,True,True,True,0.0063608620002924,0.0011397870002838317,0.047791148999749566,0.047791148999749566,0.42058914200060826,0.47588094000093406,0.16392655599884165,0.00632786750793457,0.00632786750793457,231,0,549,160,389,16,15,288,4,True,0.0,optimal,37603.89150196433,0.010000000060159664,14448,inf,,,,"[{""iteration"": 1, ""max_slack"": 0.0, ""objective"": 37603.89150196433, ""original_change"": null, ""penalized_change"": null, ""penalized_objective"": 37603.89150196433, ""phase"": ""lse"", ""solver_time"": 0.0016570091247558594, ""status"": ""optimal"", ""tau"": 0.005}, {""iteration"": 2, ""max_slack"": 0.0, ""objective"": 37603.89150196433, ""original_change"": 0.0, ""penalized_change"": 0.0, ""penalized_objective"": 37603.89150196433, ""phase"": ""lse"", ""solver_time"": 0.0015568733215332031, ""status"": ""optimal"", ""tau"": 0.01}, {""converged"": true, ""phase"": ""lse"", ""summary"": true}, {""iteration"": 1, ""max_slack"": 0.0, ""objective"": 37603.89150196433, ""original_change"": null, ""penalized_change"": null, ""penalized_objective"": 37603.89150196433, ""phase"": ""mellowmin"", ""solver_time"": 0.0015380382537841797, ""status"": ""optimal"", ""tau"": 0.005}, {""iteration"": 2, ""max_slack"": 0.0, ""objective"": 37603.89150196433, ""original_change"": 0.0, ""penalized_change"": 0.0, ""penalized_objective"": 37603.89150196433, ""phase"": ""mellowmin"", ""solver_time"": 0.0015759468078613281, ""status"": ""optimal"", ""tau"": 0.01}, {""converged"": true, ""phase"": ""mellowmin"", ""summary"": true}]",
DEU_MONAMerge-2_10005840_T-5859,scenarios/experiment_scenarios/mona/DEU_MONAMerge-2_10005840_T-5859.xml,14623,R_G1,0,lin2025,20,lse_mellowmin,trajectory,20260922,True,True,True,True,0.005643589000101201,0.0011896069991053082,0.0514314629999717,0.0514314629999717,0.2527186859988433,0.3109833449980215,0.1782974470006593,0.026486873626708984,0.026486873626708984,233,0,557,160,397,17,16,300,5,True,7.173434026060339e-08,optimal,40379.26734122314,0.010000000021105406,14624,inf,,,,"[{""iteration"": 1, ""max_slack"": 1.7010830612238357, ""objective"": 40379.26736586101, ""original_change"": null, ""penalized_change"": null, ""penalized_objective"": 40379.39494709133, ""phase"": ""lse"", ""solver_time"": 0.004174947738647461, ""status"": ""optimal"", ""tau"": 0.005}, {""iteration"": 2, ""max_slack"": 2.302279468665258e-10, ""objective"": 40379.26734116311, ""original_change"": 2.4697896151337773e-05, ""penalized_change"": 0.12760592796257697, ""penalized_objective"": 40379.267341163366, ""phase"": ""lse"", ""solver_time"": 0.0030651092529296875, ""status"": ""optimal"", ""tau"": 0.01}, {""iteration"": 3, ""max_slack"": 2.3135443634135207e-08, ""objective"": 40379.26734116677, ""original_change"": 3.6598066799342632e-09, ""penalized_change"": 6.234040483832359e-08, ""penalized_objective"": 40379.267341225706, ""phase"": ""lse"", ""solver_time"": 0.002911806106567383, ""status"": ""optimal"", ""tau"": 0.02}, {""converged"": true, ""phase"": ""lse"", ""summary"": true}, {""iteration"": 1, ""max_slack"": 9.885774008039794e-07, ""objective"": 40379.267341178114, ""original_change"": null, ""penalized_change"": null, ""penalized_objective"": 40379.26734166043, ""phase"": ""mellowmin"", ""solver_time"": 0.008212089538574219, ""status"": ""optimal"", ""tau"": 0.005}, {""iteration"": 2, ""max_slack"": 7.173434026060339e-08, ""objective"": 40379.267341167215, ""original_change"": 1.0899384506046772e-08, ""penalized_change"": 4.372923285700381e-07, ""penalized_objective"": 40379.26734122314, ""phase"": ""mellowmin"", ""solver_time"": 0.008122920989990234, ""status"": ""optimal"", ""tau"": 0.01}, {""converged"": true, ""phase"": ""mellowmin"", ""summary"": true}]",
DEU_MONAMerge-2_10005860_T-5879,scenarios/experiment_scenarios/mona/DEU_MONAMerge-2_10005860_T-5879.xml,14647,R_G1,0,lin2025,20,lse_mellowmin,trajectory,20260922,True,True,True,True,0.010400873999969917,0.0025470640011917567,0.08052607299941883,0.08052607299941883,0.503642645000582,0.5971166560011625,0.17948698600048374,0.0060231685638427734,0.0060231685638427734,241,0,592,160,432,21,20,351,4,True,0.0,optimal,38915.45882784774,0.010000000007806875,14652,inf,,,,"[{""iteration"": 1, ""max_slack"": 0.0, ""objective"": 38915.45882784774, ""original_change"": null, ""penalized_change"": null, ""penalized_objective"": 38915.45882784774, ""phase"": ""lse"", ""solver_time"": 0.0015230178833007812, ""status"": ""optimal"", ""tau"": 0.005}, {""iteration"": 2, ""max_slack"": 0.0, ""objective"": 38915.45882784774, ""original_change"": 0.0, ""penalized_change"": 0.0, ""penalized_objective"": 38915.45882784774, ""phase"": ""lse"", ""solver_time"": 0.0014832019805908203, ""status"": ""optimal"", ""tau"": 0.01}, {""converged"": true, ""phase"": ""lse"", ""summary"": true}, {""iteration"": 1, ""max_slack"": 0.0, ""objective"": 38915.45882784774, ""original_change"": null, ""penalized_change"": null, ""penalized_objective"": 38915.45882784774, ""phase"": ""mellowmin"", ""solver_time"": 0.001466989517211914, ""status"": ""optimal"", ""tau"": 0.005}, {""iteration"": 2, ""max_slack"": 0.0, ""objective"": 38915.45882784774, ""original_change"": 0.0, ""penalized_change"": 0.0, ""penalized_objective"": 38915.45882784774, ""phase"": ""mellowmin"", ""solver_time"": 0.0015499591827392578, ""status"": ""optimal"", ""tau"": 0.01}, {""converged"": true, ""phase"": ""mellowmin"", ""summary"": true}]",
DEU_MONAMerge-2_10006000_T-6019,scenarios/experiment_scenarios/mona/DEU_MONAMerge-2_10006000_T-6019.xml,14754,R_G1,0,lin2025,20,lse_mellowmin,trajectory,20260922,True,True,True,True,0.004545711999526247,0.002120158000252559,0.053827137000553194,0.053827137000553194,0.23651200399945083,0.2970050109997828,0.1760541750008997,0.005584716796875,0.005584716796875,241,0,565,160,405,21,20,324,4,True,2.4218684683285522e-08,optimal,36431.635744313055,0.010000000048111935,14755,inf,,,,"[{""iteration"": 1, ""max_slack"": 6.681847222631791e-09, ""objective"": 36431.63574426784, ""original_change"": null, ""penalized_change"": null, ""penalized_objective"": 36431.63574427282, ""phase"": ""lse"", ""solver_time"": 0.0013988018035888672, ""status"": ""optimal"", ""tau"": 0.005}, {""iteration"": 2, ""max_slack"": 2.4218734343675255e-08, ""objective"": 36431.63574427675, ""original_change"": 8.905772119760513e-09, ""penalized_change"": 4.0236045606434345e-08, ""penalized_objective"": 36431.635744313055, ""phase"": ""lse"", ""solver_time"": 0.0014460086822509766, ""status"": ""optimal"", ""tau"": 0.01}, {""converged"": true, ""phase"": ""lse"", ""summary"": true}, {""iteration"": 1, ""max_slack"": 2.2895057977578078e-08, ""objective"": 36431.635744296196, ""original_change"": null, ""penalized_change"": null, ""penalized_objective"": 36431.6357443128, ""phase"": ""mellowmin"", ""solver_time"": 0.0013878345489501953, ""status"": ""optimal"", ""tau"": 0.005}, {""iteration"": 2, ""max_slack"": 2.4218684683285522e-08, ""objective"": 36431.63574427675, ""original_change"": 1.9448634702712297e-08, ""penalized_change"": 2.546585164964199e-10, ""penalized_objective"": 36431.635744313055, ""phase"": ""mellowmin"", ""solver_time"": 0.001352071762084961, ""status"": ""optimal"", ""tau"": 0.01}, {""converged"": true, ""phase"": ""mellowmin"", ""summary"": true}]",
DEU_MONAMerge-2_10006080_T-6099,scenarios/experiment_scenarios/mona/DEU_MONAMerge-2_10006080_T-6099.xml,14780,R_G1,0,lin2025,20,lse_mellowmin,trajectory,20260922,True,True,True,True,0.007043002999125747,0.0019791849990724586,0.0650262239996664,0.0650262239996664,0.6363279729994247,0.7103763849972893,0.1863143199989281,0.0065174102783203125,0.0065174102783203125,241,0,596,160,436,21,20,355,4,True,0.0,optimal,44847.09410705135,0.010000000003628884,14789,inf,,,,"[{""iteration"": 1, ""max_slack"": 0.0, ""objective"": 44847.09410705135, ""original_change"": null, ""penalized_change"": null, ""penalized_objective"": 44847.09410705135, ""phase"": ""lse"", ""solver_time"": 0.0017561912536621094, ""status"": ""optimal"", ""tau"": 0.005}, {""iteration"": 2, ""max_slack"": 0.0, ""objective"": 44847.09410705135, ""original_change"": 0.0, ""penalized_change"": 0.0, ""penalized_objective"": 44847.09410705135, ""phase"": ""lse"", ""solver_time"": 0.0015590190887451172, ""status"": ""optimal"", ""tau"": 0.01}, {""converged"": true, ""phase"": ""lse"", ""summary"": true}, {""iteration"": 1, ""max_slack"": 0.0, ""objective"": 44847.09410705135, ""original_change"": null, ""penalized_change"": null, ""penalized_objective"": 44847.09410705135, ""phase"": ""mellowmin"", ""solver_time"": 0.0014910697937011719, ""status"": ""optimal"", ""tau"": 0.005}, {""iteration"": 2, ""max_slack"": 0.0, ""objective"": 44847.09410705135, ""original_change"": 0.0, ""penalized_change"": 0.0, ""penalized_objective"": 44847.09410705135, ""phase"": ""mellowmin"", ""solver_time"": 0.001711130142211914, ""status"": ""optimal"", ""tau"": 0.01}, {""converged"": true, ""phase"": ""mellowmin"", ""summary"": true}]",
DEU_MONAMerge-2_10006080_T-6099,scenarios/experiment_scenarios/mona/DEU_MONAMerge-2_10006080_T-6099.xml,14789,R_G1,0,lin2025,20,lse_mellowmin,trajectory,20260922,True,True,True,True,0.0052504970008158125,0.0018387689997325651,0.05696860500029288,0.05696860500029288,0.5473966959998506,0.6114545670006919,0.23796734899951844,0.09097504615783691,0.09097504615783691,231,0,514,160,354,16,15,253,19,True,4.546592382604938e-09,optimal,28324.158959600438,0.010000000002276426,14799,inf,,,,"[{""iteration"": 1, ""max_slack"": 2.0337313957283016, ""objective"": 28324.15936644846, ""original_change"": null, ""penalized_change"": null, ""penalized_objective"": 28324.311896304873, ""phase"": ""lse"", ""solver_time"": 0.0015101432800292969, ""status"": ""optimal"", ""tau"": 0.005}, {""iteration"": 2, ""max_slack"": 4.5448523436804266e-09, ""objective"": 28324.15895959704, ""original_change"": 0.00040685142084839754, ""penalized_change"": 0.15293670444225427, ""penalized_objective"": 28324.15895960043, ""phase"": ""lse"", ""solver_time"": 0.0064239501953125, ""status"": ""optimal"", ""tau"": 0.01}, {""iteration"": 3, ""max_slack"": 17.457609061838024, ""objective"": 33944.593942842934, ""original_change"": 5620.434983245894, ""penalized_change"": 5656.625247375185, ""penalized_objective"": 33980.784206975615, ""phase"": ""lse"", ""solver_time"": 0.002729177474975586, ""status"": ""optimal"", ""tau"": 0.02}, {""iteration"": 4, ""max_slack"": 6.422850029680488, ""objective"": 28324.9673924993, ""original_change"": 5619.626550343633, ""penalized_change"": 5614.713078603476, ""penalized_objective"": 28366.07112837214, ""phase"": ""lse"", ""solver_time"": 0.0015728473663330078, ""status"": ""optimal"", ""tau"": 0.04}, {""iteration"": 5, ""max_slack"": 1.8012412310444141e-09, ""objective"": 28324.15895959793, ""original_change"": 0.8084329013690876, ""penalized_change"": 41.91216876046019, ""penalized_objective"": 28324.15895961168, ""phase"": ""lse"", ""solver_time"": 0.007617950439453125, ""status"": ""optimal"", ""tau"": 0.08}, {""iteration"": 6, ""max_slack"": 16.754008929443053, ""objective"": 33957.92464723015, ""original_change"": 5633.765687632222, ""penalized_change"": 5915.487056125279, ""penalized_objective"": 34239.64601573696, ""phase"": ""lse"", ""solver_time"": 0.004375934600830078, ""status"": ""optimal"", ""tau"": 0.16}, {""iteration"": 7, ""max_slack"": 6.034169969037104, ""objective"": 28359.450238364843, ""original_change"": 5598.47440886531, ""penalized_change"": 5624.743931865851, ""penalized_objective"": 28614.902083871108, ""phase"": ""lse"", ""solver_time"": 0.002310037612915039, ""status"": ""optimal"", ""tau"": 0.32}, {""iteration"": 8, ""max_slack"": 1.006916796682394e-12, ""objective"": 28324.15895959681, ""original_change"": 35.2912787680325, ""penalized_change"": 290.7431242741768, ""penalized_objective"": 28324.15895959693, ""phase"": ""lse"", ""solver_time"": 0.021595001220703125, ""status"": ""optimal"", ""tau"": 0.64}, {""iteration"": 9, ""max_slack"": 10.912757856130911, ""objective"": 34190.081583857915, ""original_change"": 5865.922624261104, ""penalized_change"": 7590.120502672264, ""penalized_objective"": 35914.279462269194, ""phase"": ""lse"", ""solver_time"": 0.00466609001159668, ""status"": ""optimal"", ""tau"": 1.28}, {""iteration"": 10, ""max_slack"": 4.677497490393803, ""objective"": 28805.1308395255, ""original_change"": 5384.950744332415, ""penalized_change"": 6444.568403884459, ""penalized_objective"": 29469.711058384735, ""phase"": ""lse"", ""solver_time"": 0.002110004425048828, ""status"": ""optimal"", ""tau"": 2.56}, {""iteration"": 11, ""max_slack"": 2.370086728945472e-10, ""objective"": 28324.158959934164, ""original_change"": 480.9718795913359, ""penalized_change"": 1145.5520982654452, ""penalized_objective"": 28324.15896011929, ""phase"": ""lse"", ""solver_time"": 0.008439779281616211, ""status"": ""optimal"", ""tau"": 5.12}, {""iteration"": 12, ""max_slack"": 3.843930148017596, ""objective"": 37381.44810004236, ""original_change"": 9057.289140108198, ""penalized_change"": 13900.62181172178, ""penalized_objective"": 42224.78077184107, ""phase"": ""lse"", ""solver_time"": 0.0030090808868408203, ""status"": ""optimal"", ""tau"": 10.24}, {""iteration"": 13, ""max_slack"": 3.7757404149704232, ""objective"": 29598.949130841447, ""original_change"": 7782.498969200915, ""penalized_change"": 7187.389205140753, ""penalized_objective"": 35037.39156670032, ""phase"": ""lse"", ""solver_time"": 0.0015289783477783203, ""status"": ""optimal"", ""tau"": 20.48}, {""iteration"": 14, ""max_slack"": 7.255184557185764e-11, ""objective"": 28324.158959803855, ""original_change"": 1274.7901710375918, ""penalized_change"": 6713.232606232108, ""penalized_objective"": 28324.15896046821, ""phase"": ""lse"", ""solver_time"": 0.005158901214599609, ""status"": ""optimal"", ""tau"": 40.96}, {""iteration"": 15, ""max_slack"": 1.3167095821888157, ""objective"": 45834.241020151545, ""original_change"": 17510.08206034769, ""penalized_change"": 27390.696844479775, ""penalized_objective"": 55714.85580494798, ""phase"": ""lse"", ""solver_time"": 0.0024590492248535156, ""status"": ""optimal"", ""tau"": 81.92}, {""iteration"": 16, ""max_slack"": 4.450658686228881e-14, ""objective"": 28324.158959600398, ""original_change"": 17510.082060551147, ""penalized_change"": 27390.69684534597, ""penalized_objective"": 28324.158959602013, ""phase"": ""lse"", ""solver_time"": 0.0016639232635498047, ""status"": ""optimal"", ""tau"": 163.84}, {""iteration"": 17, ""max_slack"": 1.2442784774893042e-11, ""objective"": 28324.158960119104, ""original_change"": 5.187066562939435e-07, ""penalized_change"": 1.4335346349980682e-06, ""penalized_objective"": 28324.158961035548, ""phase"": ""lse"", ""solver_time"": 0.00551295280456543, ""status"": ""optimal"", ""tau"": 327.68}, {""converged"": true, ""phase"": ""lse"", ""summary"": true}, {""iteration"": 1, ""max_slack"": 5.711616446031246e-10, ""objective"": 28324.15895959675, ""original_change"": null, ""penalized_change"": null, ""penalized_objective"": 28324.158959597185, ""phase"": ""mellowmin"", ""solver_time"": 0.0017061233520507812, ""status"": ""optimal"", ""tau"": 0.005}, {""iteration"": 2, ""max_slack"": 4.546592382604938e-09, ""objective"": 28324.158959597047, ""original_change"": 2.9831426218152046e-10, ""penalized_change"": 3.2523530535399914e-09, ""penalized_objective"": 28324.158959600438, ""phase"": ""mellowmin"", ""solver_time"": 0.006585121154785156, ""status"": ""optimal"", ""tau"": 0.01}, {""converged"": true, ""phase"": ""mellowmin"", ""summary"": true}]",
DEU_MONAMerge-2_10006100_T-6119,scenarios/experiment_scenarios/mona/DEU_MONAMerge-2_10006100_T-6119.xml,14801,R_G1,0,lin2025,20,lse_mellowmin,trajectory,20260922,True,True,True,True,0.0039699270000710385,0.0011799370004155207,0.05292475900023419,0.05292475900023419,0.4730246429990075,0.5310992659997282,0.18928336800127,0.005647897720336914,0.005647897720336914,237,0,549,160,389,19,18,300,4,True,3.6298945554529454e-09,optimal,40289.416000040495,0.010000000019859352,14814,inf,,,,"[{""iteration"": 1, ""max_slack"": 1.2295849274224747e-08, ""objective"": 40289.41600003303, ""original_change"": null, ""penalized_change"": null, ""penalized_objective"": 40289.41600004319, ""phase"": ""lse"", ""solver_time"": 0.0013928413391113281, ""status"": ""optimal"", ""tau"": 0.005}, {""iteration"": 2, ""max_slack"": 3.629881536878842e-09, ""objective"": 40289.416000033, ""original_change"": 2.9103830456733704e-11, ""penalized_change"": 2.684828359633684e-09, ""penalized_objective"": 40289.4160000405, ""phase"": ""lse"", ""solver_time"": 0.0014328956604003906, ""status"": ""optimal"", ""tau"": 0.01}, {""converged"": true, ""phase"": ""lse"", ""summary"": true}, {""iteration"": 1, ""max_slack"": 1.2296494959718887e-08, ""objective"": 40289.41600003303, ""original_change"": null, ""penalized_change"": null, ""penalized_objective"": 40289.41600004319, ""phase"": ""mellowmin"", ""solver_time"": 0.0013990402221679688, ""status"": ""optimal"", ""tau"": 0.005}, {""iteration"": 2, ""max_slack"": 3.6298945554529454e-09, ""objective"": 40289.416000033, ""original_change"": 2.9103830456733704e-11, ""penalized_change"": 2.6921043172478676e-09, ""penalized_objective"": 40289.416000040495, ""phase"": ""mellowmin"", ""solver_time"": 0.0014231204986572266, ""status"": ""optimal"", ""tau"": 0.01}, {""converged"": true, ""phase"": ""mellowmin"", ""summary"": true}]",
DEU_MONAMerge-2_10006120_T-6139,scenarios/experiment_scenarios/mona/DEU_MONAMerge-2_10006120_T-6139.xml,14815,R_G1,0,lin2025,20,lse_mellowmin,trajectory,20260922,True,True,True,True,0.004635145998690859,0.001054157999533345,0.043981136001093546,0.043981136001093546,0.20835009799884574,0.2580205379981635,0.20048707299974922,0.015610933303833008,0.015610933303833008,221,0,500,160,340,11,10,219,4,True,2.6499519211100232e-09,optimal,47888.02477101783,0.010000000000330902,14814,inf,,,,"[{""iteration"": 1, ""max_slack"": 6.62305829620961e-09, ""objective"": 47888.024771016, ""original_change"": null, ""penalized_change"": null, ""penalized_objective"": 47888.02477101875, ""phase"": ""lse"", ""solver_time"": 0.004274129867553711, ""status"": ""optimal"", ""tau"": 0.005}, {""iteration"": 2, ""max_slack"": 5.652961699727719e-09, ""objective"": 47888.02477101606, ""original_change"": 6.548361852765083e-11, ""penalized_change"": 5.602487362921238e-10, ""penalized_objective"": 47888.02477101819, ""phase"": ""lse"", ""solver_time"": 0.002647876739501953, ""status"": ""optimal"", ""tau"": 0.01}, {""converged"": true, ""phase"": ""lse"", ""summary"": true}, {""iteration"": 1, ""max_slack"": 6.627127676556457e-09, ""objective"": 47888.02477101597, ""original_change"": null, ""penalized_change"": null, ""penalized_objective"": 47888.02477101874, ""phase"": ""mellowmin"", ""solver_time"": 0.004549980163574219, ""status"": ""optimal"", ""tau"": 0.005}, {""iteration"": 2, ""max_slack"": 2.6499519211100232e-09, ""objective"": 47888.02477101605, ""original_change"": 8.003553375601768e-11, ""penalized_change"": 9.094947017729282e-10, ""penalized_objective"": 47888.02477101783, ""phase"": ""mellowmin"", ""solver_time"": 0.004138946533203125, ""status"": ""optimal"", ""tau"": 0.01}, {""converged"": true, ""phase"": ""mellowmin"", ""summary"": true}]",
DEU_MONAMerge-2_10006160_T-6179,scenarios/experiment_scenarios/mona/DEU_MONAMerge-2_10006160_T-6179.xml,14836,R_G1,0,lin2025,20,lse_mellowmin,trajectory,20260922,True,True,True,True,0.003823203998763347,0.002982765001434018,0.05783408299976145,0.05783408299976145,0.2514633890004916,0.3161034410004504,0.18852923899976304,0.005768299102783203,0.005768299102783203,241,0,561,160,401,21,20,320,4,True,2.9756305873819848e-08,optimal,41985.58664672506,0.010000000126524107,14844,inf,,,,"[{""iteration"": 1, ""max_slack"": 5.440388786341041e-08, ""objective"": 41985.586646660566, ""original_change"": null, ""penalized_change"": null, ""penalized_objective"": 41985.586646717595, ""phase"": ""lse"", ""solver_time"": 0.001497030258178711, ""status"": ""optimal"", ""tau"": 0.005}, {""iteration"": 2, ""max_slack"": 2.9756633031550957e-08, ""objective"": 41985.58664666263, ""original_change"": 2.066371962428093e-09, ""penalized_change"": 7.436028681695461e-09, ""penalized_objective"": 41985.58664672503, ""phase"": ""lse"", ""solver_time"": 0.001394033432006836, ""status"": ""optimal"", ""tau"": 0.01}, {""converged"": true, ""phase"": ""lse"", ""summary"": true}, {""iteration"": 1, ""max_slack"": 5.440343155493037e-08, ""objective"": 41985.58664666056, ""original_change"": null, ""penalized_change"": null, ""penalized_objective"": 41985.5866467176, ""phase"": ""mellowmin"", ""solver_time"": 0.0014061927795410156, ""status"": ""optimal"", ""tau"": 0.005}, {""iteration"": 2, ""max_slack"": 2.9756305873819848e-08, ""objective"": 41985.58664666266, ""original_change"": 2.10275175049901e-09, ""penalized_change"": 7.457856554538012e-09, ""penalized_objective"": 41985.58664672506, ""phase"": ""mellowmin"", ""solver_time"": 0.0014710426330566406, ""status"": ""optimal"", ""tau"": 0.01}, {""converged"": true, ""phase"": ""mellowmin"", ""summary"": true}]",
DEU_MONAMerge-2_10006160_T-6179,scenarios/experiment_scenarios/mona/DEU_MONAMerge-2_10006160_T-6179.xml,14844,R_G1,0,lin2025,20,lse_mellowmin,trajectory,20260922,True,True,True,True,0.004299976000766037,0.0012993910004297504,0.05494024599829572,0.05494024599829572,0.27228068499971414,0.33282029799920565,0.18903290799971728,0.006300210952758789,0.006300210952758789,241,0,570,160,410,21,20,329,4,True,2.0822437436523243e-10,optimal,32385.79927042656,0.01000000000069538,14836,inf,,,,"[{""iteration"": 1, ""max_slack"": 4.0118178105228305e-10, ""objective"": 32385.7992704261, ""original_change"": null, ""penalized_change"": null, ""penalized_objective"": 32385.799270426505, ""phase"": ""lse"", ""solver_time"": 0.001547098159790039, ""status"": ""optimal"", ""tau"": 0.005}, {""iteration"": 2, ""max_slack"": 1.2574546169413987e-10, ""objective"": 32385.799270426054, ""original_change"": 4.729372449219227e-11, ""penalized_change"": 2.6921043172478676e-10, ""penalized_objective"": 32385.799270426236, ""phase"": ""lse"", ""solver_time"": 0.0014560222625732422, ""status"": ""optimal"", ""tau"": 0.01}, {""converged"": true, ""phase"": ""lse"", ""summary"": true}, {""iteration"": 1, ""max_slack"": 2.6641461192180167e-08, ""objective"": 32385.799270432624, ""original_change"": null, ""penalized_change"": null, ""penalized_objective"": 32385.79927045127, ""phase"": ""mellowmin"", ""solver_time"": 0.0016160011291503906, ""status"": ""optimal"", ""tau"": 0.005}, {""iteration"": 2, ""max_slack"": 2.0822437436523243e-10, ""objective"": 32385.79927042626, ""original_change"": 6.362824933603406e-09, ""penalized_change"": 2.4709152057766914e-08, ""penalized_objective"": 32385.79927042656, ""phase"": ""mellowmin"", ""solver_time"": 0.0016810894012451172, ""status"": ""optimal"", ""tau"": 0.01}, {""converged"": true, ""phase"": ""mellowmin"", ""summary"": true}]",
DEU_MONAMerge-2_10006200_T-6219,scenarios/experiment_scenarios/mona/DEU_MONAMerge-2_10006200_T-6219.xml,14857,R_G1,0,lin2025,20,lse_mellowmin,trajectory,20260922,True,True,True,True,0.005752731000029598,0.0015340840000135358,0.05718862899993837,0.05718862899993837,0.25436031200115394,0.31883575600113545,0.18926027300040005,0.0058367252349853516,0.0058367252349853516,239,0,570,160,410,20,19,325,4,True,0.0,optimal,40518.82706660875,0.010000000034551704,14866,inf,,,,"[{""iteration"": 1, ""max_slack"": 0.0, ""objective"": 40518.82706660875, ""original_change"": null, ""penalized_change"": null, ""penalized_objective"": 40518.82706660875, ""phase"": ""lse"", ""solver_time"": 0.0015149116516113281, ""status"": ""optimal"", ""tau"": 0.005}, {""iteration"": 2, ""max_slack"": 0.0, ""objective"": 40518.82706660875, ""original_change"": 0.0, ""penalized_change"": 0.0, ""penalized_objective"": 40518.82706660875, ""phase"": ""lse"", ""solver_time"": 0.001466989517211914, ""status"": ""optimal"", ""tau"": 0.01}, {""converged"": true, ""phase"": ""lse"", ""summary"": true}, {""iteration"": 1, ""max_slack"": 0.0, ""objective"": 40518.82706660875, ""original_change"": null, ""penalized_change"": null, ""penalized_objective"": 40518.82706660875, ""phase"": ""mellowmin"", ""solver_time"": 0.0014629364013671875, ""status"": ""optimal"", ""tau"": 0.005}, {""iteration"": 2, ""max_slack"": 0.0, ""objective"": 40518.82706660875, ""original_change"": 0.0, ""penalized_change"": 0.0, ""penalized_objective"": 40518.82706660875, ""phase"": ""mellowmin"", ""solver_time"": 0.0013918876647949219, ""status"": ""optimal"", ""tau"": 0.01}, {""converged"": true, ""phase"": ""mellowmin"", ""summary"": true}]",
DEU_MONAMerge-2_1000640_T-659,scenarios/experiment_scenarios/mona/DEU_MONAMerge-2_1000640_T-659.xml,10665,R_G1,0,lin2025,20,lse_mellowmin,trajectory,20260922,True,True,True,True,0.005533918998480658,0.0018695380003919126,0.4995450490005169,0.4995450490005169,0.32400879799934046,0.8309573039987299,0.20745376600098098,0.04331398010253906,0.04331398010253906,241,0,598,160,438,21,20,357,6,True,3.420210865952362e-09,optimal,34110.31093003086,0.010000000000502496,10666,inf,,,,"[{""iteration"": 1, ""max_slack"": 2.2556072533859384, ""objective"": 34110.32093587499, ""original_change"": null, ""penalized_change"": null, ""penalized_objective"": 34111.66242252433, ""phase"": ""lse"", ""solver_time"": 0.006929874420166016, ""status"": ""optimal"", ""tau"": 0.005}, {""iteration"": 2, ""max_slack"": 1.986249676604396, ""objective"": 34110.31111290418, ""original_change"": 0.009822970809182152, ""penalized_change"": 1.0533715553101501, ""penalized_objective"": 34110.60905096902, ""phase"": ""lse"", ""solver_time"": 0.005151987075805664, ""status"": ""optimal"", ""tau"": 0.01}, {""iteration"": 3, ""max_slack"": 4.201795318071447e-08, ""objective"": 34110.310930025946, ""original_change"": 0.00018287823331775144, ""penalized_change"": 0.2981208503479138, ""penalized_objective"": 34110.31093011867, ""phase"": ""lse"", ""solver_time"": 0.003498077392578125, ""status"": ""optimal"", ""tau"": 0.02}, {""iteration"": 4, ""max_slack"": 1.0284292775156182e-08, ""objective"": 34110.310930024614, ""original_change"": 1.331500243395567e-09, ""penalized_change"": 4.0890881791710854e-08, ""penalized_objective"": 34110.31093007778, ""phase"": ""lse"", ""solver_time"": 0.003309965133666992, ""status"": ""optimal"", ""tau"": 0.04}, {""converged"": true, ""phase"": ""lse"", ""summary"": true}, {""iteration"": 1, ""max_slack"": 4.274035713549922e-09, ""objective"": 34110.31093002339, ""original_change"": null, ""penalized_change"": null, ""penalized_objective"": 34110.31093002843, ""phase"": ""mellowmin"", ""solver_time"": 0.012330055236816406, ""status"": ""optimal"", ""tau"": 0.005}, {""iteration"": 2, ""max_slack"": 3.420210865952362e-09, ""objective"": 34110.310930023436, ""original_change"": 4.3655745685100555e-11, ""penalized_change"": 2.4301698431372643e-09, ""penalized_objective"": 34110.31093003086, ""phase"": ""mellowmin"", ""solver_time"": 0.01209402084350586, ""status"": ""optimal"", ""tau"": 0.01}, {""converged"": true, ""phase"": ""mellowmin"", ""summary"": true}]",
DEU_MONAMerge-2_10006480_T-6499,scenarios/experiment_scenarios/mona/DEU_MONAMerge-2_10006480_T-6499.xml,15037,R_G1,0,lin2025,20,lse_mellowmin,trajectory,20260922,True,True,True,True,0.004558222999548889,0.0030668450017401483,0.056388406999758445,0.056388406999758445,0.4695735079985752,0.5335869829996227,0.41489173699847015,0.017032146453857422,0.017032146453857422,241,0,567,160,407,21,20,326,4,True,9.801570017554625e-10,optimal,34672.66452446013,0.010000000003261055,15038,inf,,,,"[{""iteration"": 1, ""max_slack"": 2.0114829337772526e-09, ""objective"": 34672.66452445896, ""original_change"": null, ""penalized_change"": null, ""penalized_objective"": 34672.66452446017, ""phase"": ""lse"", ""solver_time"": 0.0041730403900146484, ""status"": ""optimal"", ""tau"": 0.005}, {""iteration"": 2, ""max_slack"": 5.463486233109281e-10, ""objective"": 34672.664524458574, ""original_change"": 3.8562575355172157e-10, ""penalized_change"": 1.0186340659856796e-09, ""penalized_objective"": 34672.66452445915, ""phase"": ""lse"", ""solver_time"": 0.0053141117095947266, ""status"": ""optimal"", ""tau"": 0.01}, {""converged"": true, ""phase"": ""lse"", ""summary"": true}, {""iteration"": 1, ""max_slack"": 2.050841666737566e-09, ""objective"": 34672.66452445893, ""original_change"": null, ""penalized_change"": null, ""penalized_objective"": 34672.66452446017, ""phase"": ""mellowmin"", ""solver_time"": 0.0022759437561035156, ""status"": ""optimal"", ""tau"": 0.005}, {""iteration"": 2, ""max_slack"": 9.801570017554625e-10, ""objective"": 34672.66452445896, ""original_change"": 2.9103830456733704e-11, ""penalized_change"": 3.637978807091713e-11, ""penalized_objective"": 34672.66452446013, ""phase"": ""mellowmin"", ""solver_time"": 0.005269050598144531, ""status"": ""optimal"", ""tau"": 0.01}, {""converged"": true, ""phase"": ""mellowmin"", ""summary"": true}]",
DEU_MONAMerge-2_10006480_T-6499,scenarios/experiment_scenarios/mona/DEU_MONAMerge-2_10006480_T-6499.xml,15038,R_G1,0,lin2025,20,lse_mellowmin,trajectory,20260922,True,True,True,True,0.004223407000608859,0.001394828999764286,0.2566837480007962,0.2566837480007962,0.25056138499894587,0.5128633690001152,0.2236308960000315,0.006186008453369141,0.006186008453369141,241,0,561,160,401,21,20,320,4,True,1.6207200071814648e-10,optimal,29167.22336497716,0.010000000000763197,15037,inf,,,,"[{""iteration"": 1, ""max_slack"": 1.000945730423794e-07, ""objective"": 29167.223365057027, ""original_change"": null, ""penalized_change"": null, ""penalized_objective"": 29167.22336516181, ""phase"": ""lse"", ""solver_time"": 0.0014910697937011719, ""status"": ""optimal"", ""tau"": 0.005}, {""iteration"": 2, ""max_slack"": 1.620646828458995e-10, ""objective"": 29167.223364976824, ""original_change"": 8.02028807811439e-08, ""penalized_change"": 1.8464925233274698e-07, ""penalized_objective"": 29167.223364977162, ""phase"": ""lse"", ""solver_time"": 0.0015411376953125, ""status"": ""optimal"", ""tau"": 0.01}, {""converged"": true, ""phase"": ""lse"", ""summary"": true}, {""iteration"": 1, ""max_slack"": 4.0464622443556284e-10, ""objective"": 29167.22336497681, ""original_change"": null, ""penalized_change"": null, ""penalized_objective"": 29167.22336497724, ""phase"": ""mellowmin"", ""solver_time"": 0.001592874526977539, ""status"": ""optimal"", ""tau"": 0.005}, {""iteration"": 2, ""max_slack"": 1.6207200071814648e-10, ""objective"": 29167.22336497682, ""original_change"": 1.0913936421275139e-11, ""penalized_change"": 8.003553375601768e-11, ""penalized_objective"": 29167.22336497716, ""phase"": ""mellowmin"", ""solver_time"": 0.0015609264373779297, ""status"": ""optimal"", ""tau"": 0.01}, {""converged"": true, ""phase"": ""mellowmin"", ""summary"": true}]",
DEU_MONAMerge-2_10006660_T-6679,scenarios/experiment_scenarios/mona/DEU_MONAMerge-2_10006660_T-6679.xml,15184,R_G1,0,lin2025,20,lse_mellowmin,trajectory,20260922,True,True,True,True,0.00832053299927793,0.0015008270001999335,0.05907029700028943,0.05907029700028943,0.2775138519991742,0.3464055089989415,0.2240631200002099,0.006381034851074219,0.006381034851074219,241,0,581,160,421,21,20,340,4,True,0.0,optimal,48948.824242275594,0.010000000005845777,15200,inf,,,,"[{""iteration"": 1, ""max_slack"": 0.0, ""objective"": 48948.82424227559, ""original_change"": null, ""penalized_change"": null, ""penalized_objective"": 48948.824242275594, ""phase"": ""lse"", ""solver_time"": 0.0015799999237060547, ""status"": ""optimal"", ""tau"": 0.005}, {""iteration"": 2, ""max_slack"": 0.0, ""objective"": 48948.82424227559, ""original_change"": 0.0, ""penalized_change"": 0.0, ""penalized_objective"": 48948.824242275594, ""phase"": ""lse"", ""solver_time"": 0.0015511512756347656, ""status"": ""optimal"", ""tau"": 0.01}, {""converged"": true, ""phase"": ""lse"", ""summary"": true}, {""iteration"": 1, ""max_slack"": 0.0, ""objective"": 48948.82424227559, ""original_change"": null, ""penalized_change"": null, ""penalized_objective"": 48948.824242275594, ""phase"": ""mellowmin"", ""solver_time"": 0.0015599727630615234, ""status"": ""optimal"", ""tau"": 0.005}, {""iteration"": 2, ""max_slack"": 0.0, ""objective"": 48948.82424227559, ""original_change"": 0.0, ""penalized_change"": 0.0, ""penalized_objective"": 48948.824242275594, ""phase"": ""mellowmin"", ""solver_time"": 0.001689910888671875, ""status"": ""optimal"", ""tau"": 0.01}, {""converged"": true, ""phase"": ""mellowmin"", ""summary"": true}]",
DEU_MONAMerge-2_10006660_T-6679,scenarios/experiment_scenarios/mona/DEU_MONAMerge-2_10006660_T-6679.xml,15192,R_G1,0,lin2025,20,lse_mellowmin,trajectory,20260922,True,True,True,True,0.016351786000086577,0.00209815800008073,0.07179110699871671,0.07179110699871671,0.5175087879997591,0.6077498389986431,0.4945391090004705,0.006544589996337891,0.006544589996337891,225,0,521,160,361,13,12,248,4,True,0.0,optimal,39085.8421203907,0.010000000016162858,15216,inf,,,,"[{""iteration"": 1, ""max_slack"": 0.0, ""objective"": 39085.842120390706, ""original_change"": null, ""penalized_change"": null, ""penalized_objective"": 39085.8421203907, ""phase"": ""lse"", ""solver_time"": 0.001653909683227539, ""status"": ""optimal"", ""tau"": 0.005}, {""iteration"": 2, ""max_slack"": 0.0, ""objective"": 39085.842120390706, ""original_change"": 0.0, ""penalized_change"": 0.0, ""penalized_objective"": 39085.8421203907, ""phase"": ""lse"", ""solver_time"": 0.0016758441925048828, ""status"": ""optimal"", ""tau"": 0.01}, {""converged"": true, ""phase"": ""lse"", ""summary"": true}, {""iteration"": 1, ""max_slack"": 0.0, ""objective"": 39085.842120390706, ""original_change"": null, ""penalized_change"": null, ""penalized_objective"": 39085.8421203907, ""phase"": ""mellowmin"", ""solver_time"": 0.0015659332275390625, ""status"": ""optimal"", ""tau"": 0.005}, {""iteration"": 2, ""max_slack"": 0.0, ""objective"": 39085.842120390706, ""original_change"": 0.0, ""penalized_change"": 0.0, ""penalized_objective"": 39085.8421203907, ""phase"": ""mellowmin"", ""solver_time"": 0.0016489028930664062, ""status"": ""optimal"", ""tau"": 0.01}, {""converged"": true, ""phase"": ""mellowmin"", ""summary"": true}]",
DEU_MONAMerge-2_10006660_T-6679,scenarios/experiment_scenarios/mona/DEU_MONAMerge-2_10006660_T-6679.xml,15200,R_G1,0,lin2025,20,lse_mellowmin,trajectory,20260922,True,True,True,True,0.0036835909995716065,0.0010590460005914792,0.046554141999877174,0.046554141999877174,0.21893015599926002,0.2702269349993003,0.2153677919995971,0.006487846374511719,0.006487846374511719,229,0,501,160,341,15,14,236,4,True,1.0491917169149782e-10,optimal,26224.252072877425,0.01000000000047488,15212,inf,,,,"[{""iteration"": 1, ""max_slack"": 8.527622960852616e-09, ""objective"": 26224.25207287813, ""original_change"": null, ""penalized_change"": null, ""penalized_objective"": 26224.252072887055, ""phase"": ""lse"", ""solver_time"": 0.0017251968383789062, ""status"": ""optimal"", ""tau"": 0.005}, {""iteration"": 2, ""max_slack"": 1.0491986556877829e-10, ""objective"": 26224.252072877203, ""original_change"": 9.276845958083868e-10, ""penalized_change"": 9.633367881178856e-09, ""penalized_objective"": 26224.25207287742, ""phase"": ""lse"", ""solver_time"": 0.0016260147094726562, ""status"": ""optimal"", ""tau"": 0.01}, {""converged"": true, ""phase"": ""lse"", ""summary"": true}, {""iteration"": 1, ""max_slack"": 8.360607321415009e-08, ""objective"": 26224.252072886266, ""original_change"": null, ""penalized_change"": null, ""penalized_objective"": 26224.25207297025, ""phase"": ""mellowmin"", ""solver_time"": 0.0015158653259277344, ""status"": ""optimal"", ""tau"": 0.005}, {""iteration"": 2, ""max_slack"": 1.0491917169149782e-10, ""objective"": 26224.25207287721, ""original_change"": 9.054929250851274e-09, ""penalized_change"": 9.282302926294506e-08, ""penalized_objective"": 26224.252072877425, ""phase"": ""mellowmin"", ""solver_time"": 0.0016207695007324219, ""status"": ""optimal"", ""tau"": 0.01}, {""converged"": true, ""phase"": ""mellowmin"", ""summary"": true}]",
DEU_MONAMerge-2_10006820_T-6839,scenarios/experiment_scenarios/mona/DEU_MONAMerge-2_10006820_T-6839.xml,15281,R_G1,0,lin2025,20,lse_mellowmin,trajectory,20260922,True,True,True,True,0.003898713001035503,0.002170543000829639,0.04151030700086267,0.04151030700086267,0.5930581920001714,0.6406377550028992,0.22043505999863555,0.007432222366333008,0.007432222366333008,225,0,508,160,348,13,12,235,4,True,0.0,optimal,35466.35411498302,0.010000000342118658,15295,inf,,,,"[{""iteration"": 1, ""max_slack"": 0.0, ""objective"": 35466.35411498302, ""original_change"": null, ""penalized_change"": null, ""penalized_objective"": 35466.35411498302, ""phase"": ""lse"", ""solver_time"": 0.0017940998077392578, ""status"": ""optimal"", ""tau"": 0.005}, {""iteration"": 2, ""max_slack"": 0.0, ""objective"": 35466.35411498302, ""original_change"": 0.0, ""penalized_change"": 0.0, ""penalized_objective"": 35466.35411498302, ""phase"": ""lse"", ""solver_time"": 0.002110004425048828, ""status"": ""optimal"", ""tau"": 0.01}, {""converged"": true, ""phase"": ""lse"", ""summary"": true}, {""iteration"": 1, ""max_slack"": 0.0, ""objective"": 35466.35411498302, ""original_change"": null, ""penalized_change"": null, ""penalized_objective"": 35466.35411498302, ""phase"": ""mellowmin"", ""solver_time"": 0.0017271041870117188, ""status"": ""optimal"", ""tau"": 0.005}, {""iteration"": 2, ""max_slack"": 0.0, ""objective"": 35466.35411498302, ""original_change"": 0.0, ""penalized_change"": 0.0, ""penalized_objective"": 35466.35411498302, ""phase"": ""mellowmin"", ""solver_time"": 0.0018010139465332031, ""status"": ""optimal"", ""tau"": 0.01}, {""converged"": true, ""phase"": ""mellowmin"", ""summary"": true}]",
DEU_MONAMerge-2_10007040_T-7059,scenarios/experiment_scenarios/mona/DEU_MONAMerge-2_10007040_T-7059.xml,15491,R_G1,0,lin2025,20,lse_mellowmin,trajectory,20260922,True,True,True,True,0.004635506000340683,0.001001650000034715,0.04352393799854326,0.04352393799854326,0.19631436000054237,0.24547545399946102,0.28278964399942197,0.006547689437866211,0.006547689437866211,223,0,496,160,336,12,11,219,4,True,1.3663646532784593e-10,optimal,36912.58491840038,0.010000000000359593,15497,inf,,,,"[{""iteration"": 1, ""max_slack"": 1.1374730495147543e-08, ""objective"": 36912.58491841339, ""original_change"": null, ""penalized_change"": null, ""penalized_objective"": 36912.58491841679, ""phase"": ""lse"", ""solver_time"": 0.001641988754272461, ""status"": ""optimal"", ""tau"": 0.005}, {""iteration"": 2, ""max_slack"": 1.3664581850093938e-10, ""objective"": 36912.5849184003, ""original_change"": 1.3089447747915983e-08, ""penalized_change"": 1.6407284419983625e-08, ""penalized_objective"": 36912.58491840038, ""phase"": ""lse"", ""solver_time"": 0.001708984375, ""status"": ""optimal"", ""tau"": 0.01}, {""converged"": true, ""phase"": ""lse"", ""summary"": true}, {""iteration"": 1, ""max_slack"": 1.1389447048203749e-08, ""objective"": 36912.58491841341, ""original_change"": null, ""penalized_change"": null, ""penalized_objective"": 36912.58491841682, ""phase"": ""mellowmin"", ""solver_time"": 0.0015897750854492188, ""status"": ""optimal"", ""tau"": 0.005}, {""iteration"": 2, ""max_slack"": 1.3663646532784593e-10, ""objective"": 36912.5849184003, ""original_change"": 1.3111275620758533e-08, ""penalized_change"": 1.643638825044036e-08, ""penalized_objective"": 36912.58491840038, ""phase"": ""mellowmin"", ""solver_time"": 0.0016069412231445312, ""status"": ""optimal"", ""tau"": 0.01}, {""converged"": true, ""phase"": ""mellowmin"", ""summary"": true}]",
DEU_MONAMerge-2_10007160_T-7179,scenarios/experiment_scenarios/mona/DEU_MONAMerge-2_10007160_T-7179.xml,15645,R_G1,0,lin2025,20,lse_mellowmin,trajectory,20260922,True,True,True,True,0.004747388999021496,0.001463746999434079,0.05464071400092507,0.05464071400092507,0.32085277199985285,0.3817046219992335,0.2201784310000221,0.03604483604431152,0.03604483604431152,237,0,563,160,403,19,18,314,7,False,1.2200759611880403,"solver_error: Solver 'GUROBI' failed. Try another solver, or solve with verbose=True for more information.",41194.20093588228,0.046107892362925895,15647,inf,,,,"[{""iteration"": 1, ""max_slack"": 22.897996259235462, ""objective"": 86268.29917961803, ""original_change"": null, ""penalized_change"": null, ""penalized_objective"": 86281.89624987387, ""phase"": ""lse"", ""solver_time"": 0.0026040077209472656, ""status"": ""optimal"", ""tau"": 0.005}, {""iteration"": 2, ""max_slack"": 6.842106049800393, ""objective"": 40865.185262060135, ""original_change"": 45403.113917557894, ""penalized_change"": 45410.07677498687, ""penalized_objective"": 40871.819474887, ""phase"": ""lse"", ""solver_time"": 0.0027108192443847656, ""status"": ""optimal"", ""tau"": 0.01}, {""iteration"": 3, ""max_slack"": 7.874562966666252, ""objective"": 51217.67345849836, ""original_change"": 10352.488196438222, ""penalized_change"": 10350.568469953825, ""penalized_objective"": 51222.387944840826, ""phase"": ""lse"", ""solver_time"": 0.0044651031494140625, ""status"": ""optimal"", ""tau"": 0.02}, {""iteration"": 4, ""max_slack"": 6.832356685610833, ""objective"": 40865.482327233534, ""original_change"": 10352.191131264823, ""penalized_change"": 10334.934157298776, ""penalized_objective"": 40887.45378754205, ""phase"": ""lse"", ""solver_time"": 0.002162933349609375, ""status"": ""optimal"", ""tau"": 0.04}, {""iteration"": 5, ""max_slack"": 6.434413255550598, ""objective"": 41283.195599326886, ""original_change"": 417.7132720933514, ""penalized_change"": 403.9914061601521, ""penalized_objective"": 41291.4451937022, ""phase"": ""lse"", ""solver_time"": 0.01712799072265625, ""status"": ""optimal"", ""tau"": 0.08}, {""iteration"": 6, ""max_slack"": 2.1428663279101414, ""objective"": 40866.769427505766, ""original_change"": 416.4261718211201, ""penalized_change"": 409.52822856083367, ""penalized_objective"": 40881.91696514137, ""phase"": ""lse"", ""solver_time"": 0.0029599666595458984, ""status"": ""optimal"", ""tau"": 0.16}, {""iteration"": 7, ""max_slack"": 1.2200759611880403, ""objective"": 41185.48481884175, ""original_change"": 318.7153913359871, ""penalized_change"": 312.2839707409148, ""penalized_objective"": 41194.20093588228, ""phase"": ""lse"", ""solver_time"": 0.004014015197753906, ""status"": ""optimal"", ""tau"": 0.32}, {""converged"": false, ""phase"": ""lse"", ""summary"": true}]",
DEU_MONAMerge-2_10007240_T-7259,scenarios/experiment_scenarios/mona/DEU_MONAMerge-2_10007240_T-7259.xml,15774,R_G1,0,lin2025,20,lse_mellowmin,trajectory,20260922,True,True,True,True,0.005202577000090969,0.0013066119990980951,0.05137769000066328,0.05137769000066328,0.5785672809997777,0.6364541599996301,0.2432291589993838,0.006072044372558594,0.006072044372558594,235,0,557,160,397,18,17,304,4,True,0.0,optimal,38731.46741511301,0.010000000018749233,15764,inf,,,,"[{""iteration"": 1, ""max_slack"": 0.0, ""objective"": 38731.46741511301, ""original_change"": null, ""penalized_change"": null, ""penalized_objective"": 38731.46741511301, ""phase"": ""lse"", ""solver_time"": 0.0015170574188232422, ""status"": ""optimal"", ""tau"": 0.005}, {""iteration"": 2, ""max_slack"": 0.0, ""objective"": 38731.46741511301, ""original_change"": 0.0, ""penalized_change"": 0.0, ""penalized_objective"": 38731.46741511301, ""phase"": ""lse"", ""solver_time"": 0.0015439987182617188, ""status"": ""optimal"", ""tau"": 0.01}, {""converged"": true, ""phase"": ""lse"", ""summary"": true}, {""iteration"": 1, ""max_slack"": 0.0, ""objective"": 38731.46741511301, ""original_change"": null, ""penalized_change"": null, ""penalized_objective"": 38731.46741511301, ""phase"": ""mellowmin"", ""solver_time"": 0.00152587890625, ""status"": ""optimal"", ""tau"": 0.005}, {""iteration"": 2, ""max_slack"": 0.0, ""objective"": 38731.46741511301, ""original_change"": 0.0, ""penalized_change"": 0.0, ""penalized_objective"": 38731.46741511301, ""phase"": ""mellowmin"", ""solver_time"": 0.0014851093292236328, ""status"": ""optimal"", ""tau"": 0.01}, {""converged"": true, ""phase"": ""mellowmin"", ""summary"": true}]",
DEU_MONAMerge-2_1000840_T-859,scenarios/experiment_scenarios/mona/DEU_MONAMerge-2_1000840_T-859.xml,10847,R_G1,0,lin2025,20,lse_mellowmin,trajectory,20260922,True,True,True,True,0.006552089000251726,0.0014732500003447058,0.060263891999056796,0.060263891999056796,0.2656586270004482,0.3339478580001014,0.28457703899948683,0.006433248519897461,0.006433248519897461,241,0,601,160,441,21,20,360,4,True,0.0,optimal,31618.863785566446,0.010000000014429133,10841,inf,,,,"[{""iteration"": 1, ""max_slack"": 0.0, ""objective"": 31618.863785566446, ""original_change"": null, ""penalized_change"": null, ""penalized_objective"": 31618.863785566446, ""phase"": ""lse"", ""solver_time"": 0.0016160011291503906, ""status"": ""optimal"", ""tau"": 0.005}, {""iteration"": 2, ""max_slack"": 0.0, ""objective"": 31618.863785566446, ""original_change"": 0.0, ""penalized_change"": 0.0, ""penalized_objective"": 31618.863785566446, ""phase"": ""lse"", ""solver_time"": 0.0015761852264404297, ""status"": ""optimal"", ""tau"": 0.01}, {""converged"": true, ""phase"": ""lse"", ""summary"": true}, {""iteration"": 1, ""max_slack"": 0.0, ""objective"": 31618.863785566446, ""original_change"": null, ""penalized_change"": null, ""penalized_objective"": 31618.863785566446, ""phase"": ""mellowmin"", ""solver_time"": 0.0016269683837890625, ""status"": ""optimal"", ""tau"": 0.005}, {""iteration"": 2, ""max_slack"": 0.0, ""objective"": 31618.863785566446, ""original_change"": 0.0, ""penalized_change"": 0.0, ""penalized_objective"": 31618.863785566446, ""phase"": ""mellowmin"", ""solver_time"": 0.0016140937805175781, ""status"": ""optimal"", ""tau"": 0.01}, {""converged"": true, ""phase"": ""mellowmin"", ""summary"": true}]",
DEU_MONAMerge-2_1000980_T-999,scenarios/experiment_scenarios/mona/DEU_MONAMerge-2_1000980_T-999.xml,10963,R_G1,0,lin2025,20,lse_mellowmin,trajectory,20260922,True,True,True,True,0.005799402999400627,0.0015490670011786278,0.057177994000085164,0.057177994000085164,0.5733676720010408,0.6378941360017052,0.24337906399887288,0.006618022918701172,0.006618022918701172,241,0,581,160,421,21,20,340,4,True,2.6509809880983522e-11,optimal,35911.85378993054,0.010000000000144756,10958,inf,,,,"[{""iteration"": 1, ""max_slack"": 1.923185993400313e-09, ""objective"": 35911.8537899309, ""original_change"": null, ""penalized_change"": null, ""penalized_objective"": 35911.85378993148, ""phase"": ""lse"", ""solver_time"": 0.0017518997192382812, ""status"": ""optimal"", ""tau"": 0.005}, {""iteration"": 2, ""max_slack"": 2.6510634432882263e-11, ""objective"": 35911.85378993051, ""original_change"": 3.92901711165905e-10, ""penalized_change"": 9.677023626863956e-10, ""penalized_objective"": 35911.853789930516, ""phase"": ""lse"", ""solver_time"": 0.0016930103302001953, ""status"": ""optimal"", ""tau"": 0.01}, {""converged"": true, ""phase"": ""lse"", ""summary"": true}, {""iteration"": 1, ""max_slack"": 3.8585486347353985e-11, ""objective"": 35911.85378993051, ""original_change"": null, ""penalized_change"": null, ""penalized_objective"": 35911.853789930516, ""phase"": ""mellowmin"", ""solver_time"": 0.0016210079193115234, ""status"": ""optimal"", ""tau"": 0.005}, {""iteration"": 2, ""max_slack"": 2.6509809880983522e-11, ""objective"": 35911.85378993052, ""original_change"": 1.4551915228366852e-11, ""penalized_change"": 2.1827872842550278e-11, ""penalized_objective"": 35911.85378993054, ""phase"": ""mellowmin"", ""solver_time"": 0.0015521049499511719, ""status"": ""optimal"", ""tau"": 0.01}, {""converged"": true, ""phase"": ""mellowmin"", ""summary"": true}]",
DEU_MONAMerge-2_1001100_T-119,scenarios/experiment_scenarios/mona/DEU_MONAMerge-2_1001100_T-119.xml,10081,R_G1,0,lin2025,20,lse_mellowmin,trajectory,20260922,True,True,True,True,0.00700947199948132,0.0015177349996520206,0.05686914000034449,0.05686914000034449,0.2590398569991521,0.32443620399862994,0.24699950300055207,0.00640416145324707,0.00640416145324707,237,0,578,160,418,19,18,329,4,True,0.0,optimal,51923.72954925156,0.010000000272277031,10093,inf,,,,"[{""iteration"": 1, ""max_slack"": 0.0, ""objective"": 51923.72954925156, ""original_change"": null, ""penalized_change"": null, ""penalized_objective"": 51923.72954925156, ""phase"": ""lse"", ""solver_time"": 0.0016360282897949219, ""status"": ""optimal"", ""tau"": 0.005}, {""iteration"": 2, ""max_slack"": 0.0, ""objective"": 51923.72954925156, ""original_change"": 0.0, ""penalized_change"": 0.0, ""penalized_objective"": 51923.72954925156, ""phase"": ""lse"", ""solver_time"": 0.0015659332275390625, ""status"": ""optimal"", ""tau"": 0.01}, {""converged"": true, ""phase"": ""lse"", ""summary"": true}, {""iteration"": 1, ""max_slack"": 0.0, ""objective"": 51923.72954925156, ""original_change"": null, ""penalized_change"": null, ""penalized_objective"": 51923.72954925156, ""phase"": ""mellowmin"", ""solver_time"": 0.0015940666198730469, ""status"": ""optimal"", ""tau"": 0.005}, {""iteration"": 2, ""max_slack"": 0.0, ""objective"": 51923.72954925156, ""original_change"": 0.0, ""penalized_change"": 0.0, ""penalized_objective"": 51923.72954925156, ""phase"": ""mellowmin"", ""solver_time"": 0.001608133316040039, ""status"": ""optimal"", ""tau"": 0.01}, {""converged"": true, ""phase"": ""mellowmin"", ""summary"": true}]",
DEU_MONAMerge-2_1001100_T-119,scenarios/experiment_scenarios/mona/DEU_MONAMerge-2_1001100_T-119.xml,10090,R_G1,0,lin2025,20,lse_mellowmin,trajectory,20260922,True,True,True,True,0.006495522999102832,0.0035277919996588025,0.05791077699905145,0.05791077699905145,0.6154016119999142,0.6833357039977273,0.3611611799988168,0.008870124816894531,0.008870124816894531,237,0,575,160,415,19,18,326,4,True,0.0,optimal,30418.63236086371,0.010000000000447175,10093,inf,,,,"[{""iteration"": 1, ""max_slack"": 0.0, ""objective"": 30418.632360863707, ""original_change"": null, ""penalized_change"": null, ""penalized_objective"": 30418.63236086371, ""phase"": ""lse"", ""solver_time"": 0.0016238689422607422, ""status"": ""optimal"", ""tau"": 0.005}, {""iteration"": 2, ""max_slack"": 0.0, ""objective"": 30418.632360863707, ""original_change"": 0.0, ""penalized_change"": 0.0, ""penalized_objective"": 30418.63236086371, ""phase"": ""lse"", ""solver_time"": 0.0017781257629394531, ""status"": ""optimal"", ""tau"": 0.01}, {""converged"": true, ""phase"": ""lse"", ""summary"": true}, {""iteration"": 1, ""max_slack"": 0.0, ""objective"": 30418.632360863707, ""original_change"": null, ""penalized_change"": null, ""penalized_objective"": 30418.63236086371, ""phase"": ""mellowmin"", ""solver_time"": 0.002730131149291992, ""status"": ""optimal"", ""tau"": 0.005}, {""iteration"": 2, ""max_slack"": 0.0, ""objective"": 30418.632360863707, ""original_change"": 0.0, ""penalized_change"": 0.0, ""penalized_objective"": 30418.63236086371, ""phase"": ""mellowmin"", ""solver_time"": 0.0027379989624023438, ""status"": ""optimal"", ""tau"": 0.01}, {""converged"": true, ""phase"": ""mellowmin"", ""summary"": true}]",
DEU_MONAMerge-2_10011100_T-1119,scenarios/experiment_scenarios/mona/DEU_MONAMerge-2_10011100_T-1119.xml,10920,R_G1,0,lin2025,20,lse_mellowmin,trajectory,20260922,True,True,True,True,0.009091619000173523,0.0021842200003447942,0.06545266300054209,0.06545266300054209,0.28615548699963256,0.36288398900069296,0.2384020400004374,0.006592988967895508,0.006592988967895508,241,0,595,160,435,21,20,354,4,True,0.0,optimal,40610.91310527873,0.010000000010336407,10914,inf,,,,"[{""iteration"": 1, ""max_slack"": 0.0, ""objective"": 40610.91310527873, ""original_change"": null, ""penalized_change"": null, ""penalized_objective"": 40610.91310527873, ""phase"": ""lse"", ""solver_time"": 0.001692056655883789, ""status"": ""optimal"", ""tau"": 0.005}, {""iteration"": 2, ""max_slack"": 0.0, ""objective"": 40610.91310527873, ""original_change"": 0.0, ""penalized_change"": 0.0, ""penalized_objective"": 40610.91310527873, ""phase"": ""lse"", ""solver_time"": 0.0015780925750732422, ""status"": ""optimal"", ""tau"": 0.01}, {""converged"": true, ""phase"": ""lse"", ""summary"": true}, {""iteration"": 1, ""max_slack"": 0.0, ""objective"": 40610.91310527873, ""original_change"": null, ""penalized_change"": null, ""penalized_objective"": 40610.91310527873, ""phase"": ""mellowmin"", ""solver_time"": 0.0018079280853271484, ""status"": ""optimal"", ""tau"": 0.005}, {""iteration"": 2, ""max_slack"": 0.0, ""objective"": 40610.91310527873, ""original_change"": 0.0, ""penalized_change"": 0.0, ""penalized_objective"": 40610.91310527873, ""phase"": ""mellowmin"", ""solver_time"": 0.0015149116516113281, ""status"": ""optimal"", ""tau"": 0.01}, {""converged"": true, ""phase"": ""mellowmin"", ""summary"": true}]",
DEU_MONAMerge-2_10011100_T-1119,scenarios/experiment_scenarios/mona/DEU_MONAMerge-2_10011100_T-1119.xml,10932,R_G1,0,lin2025,20,lse_mellowmin,trajectory,20260922,True,True,True,True,0.005832591999933356,0.0015944770002533915,0.061443364998922334,0.061443364998922334,0.2877068540001346,0.3565772879992437,0.24841679999917687,0.006525993347167969,0.006525993347167969,241,0,588,160,428,21,20,347,4,True,0.0,optimal,27770.996401423658,0.010000000001032995,10914,inf,,,,"[{""iteration"": 1, ""max_slack"": 2.33297454693154e-10, ""objective"": 27770.99640142382, ""original_change"": null, ""penalized_change"": null, ""penalized_objective"": 27770.99640142384, ""phase"": ""lse"", ""solver_time"": 0.0016291141510009766, ""status"": ""optimal"", ""tau"": 0.005}, {""iteration"": 2, ""max_slack"": 0.0, ""objective"": 27770.996401423654, ""original_change"": 1.673470251262188e-10, ""penalized_change"": 1.8189894035458565e-10, ""penalized_objective"": 27770.996401423658, ""phase"": ""lse"", ""solver_time"": 0.0016160011291503906, ""status"": ""optimal"", ""tau"": 0.01}, {""converged"": true, ""phase"": ""lse"", ""summary"": true}, {""iteration"": 1, ""max_slack"": 0.0, ""objective"": 27770.996401423654, ""original_change"": null, ""penalized_change"": null, ""penalized_objective"": 27770.996401423658, ""phase"": ""mellowmin"", ""solver_time"": 0.0016300678253173828, ""status"": ""optimal"", ""tau"": 0.005}, {""iteration"": 2, ""max_slack"": 0.0, ""objective"": 27770.996401423654, ""original_change"": 0.0, ""penalized_change"": 0.0, ""penalized_objective"": 27770.996401423658, ""phase"": ""mellowmin"", ""solver_time"": 0.0016508102416992188, ""status"": ""optimal"", ""tau"": 0.01}, {""converged"": true, ""phase"": ""mellowmin"", ""summary"": true}]",
DEU_MONAMerge-2_10011120_T-1139,scenarios/experiment_scenarios/mona/DEU_MONAMerge-2_10011120_T-1139.xml,10951,R_G1,0,lin2025,20,lse_mellowmin,trajectory,20260922,True,True,True,True,0.004926658000840689,0.0027791789998445893,0.06213034699976561,0.06213034699976561,0.2788090739995823,0.3486452580000332,0.24676944600105344,0.006292581558227539,0.006292581558227539,241,0,570,160,410,21,20,329,4,True,7.601808568377249e-09,optimal,35957.877153706024,0.010000000037330804,10939,inf,,,,"[{""iteration"": 1, ""max_slack"": 1.4656582834323101e-09, ""objective"": 35957.87715368788, ""original_change"": null, ""penalized_change"": null, ""penalized_objective"": 35957.877153689085, ""phase"": ""lse"", ""solver_time"": 0.001645803451538086, ""status"": ""optimal"", ""tau"": 0.005}, {""iteration"": 2, ""max_slack"": 7.600892188934082e-09, ""objective"": 35957.877153693546, ""original_change"": 5.667970981448889e-09, ""penalized_change"": 1.688749762251973e-08, ""penalized_objective"": 35957.87715370597, ""phase"": ""lse"", ""solver_time"": 0.0015368461608886719, ""status"": ""optimal"", ""tau"": 0.01}, {""converged"": true, ""phase"": ""lse"", ""summary"": true}, {""iteration"": 1, ""max_slack"": 1.0249862061511696e-09, ""objective"": 35957.877153687674, ""original_change"": null, ""penalized_change"": null, ""penalized_objective"": 35957.877153688525, ""phase"": ""mellowmin"", ""solver_time"": 0.0015990734100341797, ""status"": ""optimal"", ""tau"": 0.005}, {""iteration"": 2, ""max_slack"": 7.601808568377249e-09, ""objective"": 35957.8771536936, ""original_change"": 5.922629497945309e-09, ""penalized_change"": 1.749867806211114e-08, ""penalized_objective"": 35957.877153706024, ""phase"": ""mellowmin"", ""solver_time"": 0.0015108585357666016, ""status"": ""optimal"", ""tau"": 0.01}, {""converged"": true, ""phase"": ""mellowmin"", ""summary"": true}]",
DEU_MONAMerge-2_10011180_T-1199,scenarios/experiment_scenarios/mona/DEU_MONAMerge-2_10011180_T-1199.xml,11007,R_G1,0,lin2025,20,lse_mellowmin,trajectory,20260922,True,True,True,True,0.007330443999308045,0.002497068000593572,0.059075977000247804,0.059075977000247804,0.281103642000744,0.3500071310008934,0.27550030299971695,0.006373882293701172,0.006373882293701172,241,0,576,160,416,21,20,335,4,True,1.3492558417158497e-09,optimal,39176.733020839274,0.01000000000566674,10992,inf,,,,"[{""iteration"": 1, ""max_slack"": 0.0, ""objective"": 39176.73302083955, ""original_change"": null, ""penalized_change"": null, ""penalized_objective"": 39176.73302083955, ""phase"": ""lse"", ""solver_time"": 0.0015709400177001953, ""status"": ""optimal"", ""tau"": 0.005}, {""iteration"": 2, ""max_slack"": 0.0, ""objective"": 39176.73302083955, ""original_change"": 0.0, ""penalized_change"": 0.0, ""penalized_objective"": 39176.73302083955, ""phase"": ""lse"", ""solver_time"": 0.0015938282012939453, ""status"": ""optimal"", ""tau"": 0.01}, {""converged"": true, ""phase"": ""lse"", ""summary"": true}, {""iteration"": 1, ""max_slack"": 2.4670449197632913e-09, ""objective"": 39176.73302083909, ""original_change"": null, ""penalized_change"": null, ""penalized_objective"": 39176.733020839274, ""phase"": ""mellowmin"", ""solver_time"": 0.0016150474548339844, ""status"": ""optimal"", ""tau"": 0.005}, {""iteration"": 2, ""max_slack"": 1.3492558417158497e-09, ""objective"": 39176.73302083907, ""original_change"": 2.1827872842550278e-11, ""penalized_change"": 0.0, ""penalized_objective"": 39176.733020839274, ""phase"": ""mellowmin"", ""solver_time"": 0.0015940666198730469, ""status"": ""optimal"", ""tau"": 0.01}, {""converged"": true, ""phase"": ""mellowmin"", ""summary"": true}]",
DEU_MONAMerge-2_1001120_T-139,scenarios/experiment_scenarios/mona/DEU_MONAMerge-2_1001120_T-139.xml,10100,R_G1,0,lin2025,20,lse_mellowmin,trajectory,20260922,True,True,True,True,0.004967034999936004,0.0026884469989454374,0.06259352899905934,0.06259352899905934,0.27342145500006154,0.34367046599800233,0.2608970330002194,0.006558895111083984,0.006558895111083984,241,0,576,160,416,21,20,335,4,True,3.1374063988224727e-10,optimal,35526.6423352823,0.010000000001099352,10096,inf,,,,"[{""iteration"": 1, ""max_slack"": 1.3548852767521677e-09, ""objective"": 35526.642335281846, ""original_change"": null, ""penalized_change"": null, ""penalized_objective"": 35526.642335282755, ""phase"": ""lse"", ""solver_time"": 0.0015099048614501953, ""status"": ""optimal"", ""tau"": 0.005}, {""iteration"": 2, ""max_slack"": 3.136704939882444e-10, ""objective"": 35526.642335281846, ""original_change"": 0.0, ""penalized_change"": 4.874891601502895e-10, ""penalized_objective"": 35526.64233528227, ""phase"": ""lse"", ""solver_time"": 0.0017390251159667969, ""status"": ""optimal"", ""tau"": 0.01}, {""converged"": true, ""phase"": ""lse"", ""summary"": true}, {""iteration"": 1, ""max_slack"": 1.303826768314576e-09, ""objective"": 35526.64233528185, ""original_change"": null, ""penalized_change"": null, ""penalized_objective"": 35526.64233528278, ""phase"": ""mellowmin"", ""solver_time"": 0.0016810894012451172, ""status"": ""optimal"", ""tau"": 0.005}, {""iteration"": 2, ""max_slack"": 3.1374063988224727e-10, ""objective"": 35526.64233528187, ""original_change"": 1.4551915228366852e-11, ""penalized_change"": 4.802132025361061e-10, ""penalized_objective"": 35526.6423352823, ""phase"": ""mellowmin"", ""solver_time"": 0.001628875732421875, ""status"": ""optimal"", ""tau"": 0.01}, {""converged"": true, ""phase"": ""mellowmin"", ""summary"": true}]",
