scenario_id,scenario_path,ego_id,rule,repeat,rule_semantics,num_steps,smoothing,initialization,seed,solver_feasible,encoded_compliant,monitor_compliant,success,specification_time,decomposition_time,model_setup_time,solver_setup_time,solve_time,core_total_time,validation_time,qp_solver_time,gurobi_runtime,num_variables,num_binary_variables,num_constraints,num_equalities,num_inequalities,num_auxiliary_variables,num_disjunctive_constraints,num_predicate_occurrences,ccp_iterations,ccp_converged,max_final_slack,solver_status,objective,robustness,fixed_other_id,updated_tv,updated_other_id,updated_diagnostics,candidate_sd_at_tv,phase_history,error
DEU_LocationALower-11_102_T-1,scenarios/experiment_scenarios/highd/DEU_LocationALower-11_102_T-1.xml,16,R_G1_R_G3,0,lin2025,21,lse_mellowmin,trajectory,20260922,True,True,True,True,0.008735953999348567,0.0027953689987043617,0.09753253900089476,0.09753253900089476,0.6128264489998401,0.7218903109987878,0.028761495999788167,0.08762478828430176,0.08762478828430176,253,0,988,168,820,22,21,735,4,True,1.0522291367529095e-08,optimal,136513.92761908704,0.010000000001184617,15,inf,,,,"[{""iteration"": 1, ""max_slack"": 2.1293157268292357e-08, ""objective"": 136513.92761907956, ""original_change"": null, ""penalized_change"": null, ""penalized_objective"": 136513.92761908882, ""phase"": ""lse"", ""solver_time"": 0.028170108795166016, ""status"": ""optimal"", ""tau"": 0.005}, {""iteration"": 2, ""max_slack"": 8.8435179069165e-09, ""objective"": 136513.92761908012, ""original_change"": 5.529727786779404e-10, ""penalized_change"": 5.209585651755333e-09, ""penalized_objective"": 136513.92761909403, ""phase"": ""lse"", ""solver_time"": 0.01590585708618164, ""status"": ""optimal"", ""tau"": 0.01}, {""converged"": true, ""phase"": ""lse"", ""summary"": true}, {""iteration"": 1, ""max_slack"": 2.129535471968069e-08, ""objective"": 136513.92761907954, ""original_change"": null, ""penalized_change"": null, ""penalized_objective"": 136513.9276190888, ""phase"": ""mellowmin"", ""solver_time"": 0.02277994155883789, ""status"": ""optimal"", ""tau"": 0.005}, {""iteration"": 2, ""max_slack"": 1.0522291367529095e-08, ""objective"": 136513.9276190795, ""original_change"": 2.9103830456733704e-11, ""penalized_change"": 1.7462298274040222e-09, ""penalized_objective"": 136513.92761908704, ""phase"": ""mellowmin"", ""solver_time"": 0.02076888084411621, ""status"": ""optimal"", ""tau"": 0.01}, {""converged"": true, ""phase"": ""mellowmin"", ""summary"": true}]",
DEU_LocationALower-11_110_T-1,scenarios/experiment_scenarios/highd/DEU_LocationALower-11_110_T-1.xml,16,R_G1_R_G3,0,lin2025,21,lse_mellowmin,trajectory,20260922,True,True,True,True,0.012219981999805896,0.0025025979994097725,0.0963720870004181,0.0963720870004181,0.5857158279995929,0.6968104949992266,0.03549858899896208,0.08267784118652344,0.08267784118652344,253,0,988,168,820,22,21,735,4,True,1.8124099975017242e-09,optimal,231902.265635976,0.010000000000218279,15,inf,,,,"[{""iteration"": 1, ""max_slack"": 5.321761625298177e-10, ""objective"": 231902.2656359737, ""original_change"": null, ""penalized_change"": null, ""penalized_objective"": 231902.26563597424, ""phase"": ""lse"", ""solver_time"": 0.022619009017944336, ""status"": ""optimal"", ""tau"": 0.005}, {""iteration"": 2, ""max_slack"": 7.854544116650228e-10, ""objective"": 231902.2656359739, ""original_change"": 2.0372681319713593e-10, ""penalized_change"": 7.275957614183426e-10, ""penalized_objective"": 231902.26563597497, ""phase"": ""lse"", ""solver_time"": 0.016561031341552734, ""status"": ""optimal"", ""tau"": 0.01}, {""converged"": true, ""phase"": ""lse"", ""summary"": true}, {""iteration"": 1, ""max_slack"": 8.153869310769013e-10, ""objective"": 231902.26563597357, ""original_change"": null, ""penalized_change"": null, ""penalized_objective"": 231902.26563597404, ""phase"": ""mellowmin"", ""solver_time"": 0.02212381362915039, ""status"": ""optimal"", ""tau"": 0.005}, {""iteration"": 2, ""max_slack"": 1.8124099975017242e-09, ""objective"": 231902.26563597374, ""original_change"": 1.7462298274040222e-10, ""penalized_change"": 1.949956640601158e-09, ""penalized_objective"": 231902.265635976, ""phase"": ""mellowmin"", ""solver_time"": 0.021373987197875977, ""status"": ""optimal"", ""tau"": 0.01}, {""converged"": true, ""phase"": ""mellowmin"", ""summary"": true}]",
DEU_LocationALower-11_131_T-1,scenarios/experiment_scenarios/highd/DEU_LocationALower-11_131_T-1.xml,18,R_G1_R_G3,0,lin2025,21,lse_mellowmin,trajectory,20260922,True,True,True,True,0.013991268000609125,0.00251175800076453,0.2748221639994881,0.2748221639994881,0.7134458489999815,1.0047710390008433,0.0389167039993481,0.1264967918395996,0.1264967918395996,253,0,988,168,820,22,21,735,6,True,4.255467837817686e-10,optimal,198783.0620139362,0.010000000000104592,16,inf,,,,"[{""iteration"": 1, ""max_slack"": 1.9189070506119958, ""objective"": 198783.07385082357, ""original_change"": null, ""penalized_change"": null, ""penalized_objective"": 198784.0146832824, ""phase"": ""lse"", ""solver_time"": 0.019897937774658203, ""status"": ""optimal"", ""tau"": 0.005}, {""iteration"": 2, ""max_slack"": 1.536627782342754, ""objective"": 198783.06318248523, ""original_change"": 0.010668338334653527, ""penalized_change"": 0.49095590360229835, ""penalized_objective"": 198783.5237273788, ""phase"": ""lse"", ""solver_time"": 0.0203859806060791, ""status"": ""optimal"", ""tau"": 0.01}, {""iteration"": 3, ""max_slack"": 3.549557065255878e-10, ""objective"": 198783.06201393568, ""original_change"": 0.001168549555586651, ""penalized_change"": 0.46171344237518497, ""penalized_objective"": 198783.06201393643, ""phase"": ""lse"", ""solver_time"": 0.017831087112426758, ""status"": ""optimal"", ""tau"": 0.02}, {""iteration"": 4, ""max_slack"": 2.839156312228891e-10, ""objective"": 198783.06201393556, ""original_change"": 1.1641532182693481e-10, ""penalized_change"": 3.7834979593753815e-10, ""penalized_objective"": 198783.0620139368, ""phase"": ""lse"", ""solver_time"": 0.017644882202148438, ""status"": ""optimal"", ""tau"": 0.04}, {""converged"": true, ""phase"": ""lse"", ""summary"": true}, {""iteration"": 1, ""max_slack"": 3.219602701763816e-09, ""objective"": 198783.0620139357, ""original_change"": null, ""penalized_change"": null, ""penalized_objective"": 198783.0620139381, ""phase"": ""mellowmin"", ""solver_time"": 0.025548934936523438, ""status"": ""optimal"", ""tau"": 0.005}, {""iteration"": 2, ""max_slack"": 4.255467837817686e-10, ""objective"": 198783.06201393562, ""original_change"": 8.731149137020111e-11, ""penalized_change"": 1.8917489796876907e-09, ""penalized_objective"": 198783.0620139362, ""phase"": ""mellowmin"", ""solver_time"": 0.025187969207763672, ""status"": ""optimal"", ""tau"": 0.01}, {""converged"": true, ""phase"": ""mellowmin"", ""summary"": true}]",
DEU_LocationALower-11_4_T-1,scenarios/experiment_scenarios/highd/DEU_LocationALower-11_4_T-1.xml,18,R_G1_R_G3,0,lin2025,21,lse_mellowmin,trajectory,20260922,True,True,True,True,0.009100409000893706,0.0024747520001255907,0.09370611200029089,0.09370611200029089,0.7110774720003974,0.8163587450017076,0.04052616099943407,0.1272718906402588,0.1272718906402588,253,0,967,168,799,22,21,714,6,True,1.988041495739701e-07,optimal,106211.82380074145,0.010000000033623268,16,inf,,,,"[{""iteration"": 1, ""max_slack"": 7.0802456951002775, ""objective"": 106211.83896260393, ""original_change"": null, ""penalized_change"": null, ""penalized_objective"": 106213.49876328012, ""phase"": ""lse"", ""solver_time"": 0.01789689064025879, ""status"": ""optimal"", ""tau"": 0.005}, {""iteration"": 2, ""max_slack"": 1.5195585640709306, ""objective"": 106211.82387032162, ""original_change"": 0.015092282308614813, ""penalized_change"": 1.446959170847549, ""penalized_objective"": 106212.05180410927, ""phase"": ""lse"", ""solver_time"": 0.022814035415649414, ""status"": ""optimal"", ""tau"": 0.01}, {""iteration"": 3, ""max_slack"": 2.8325477936202005e-08, ""objective"": 106211.82380052807, ""original_change"": 6.979354657232761e-05, ""penalized_change"": 0.22800350455509033, ""penalized_objective"": 106211.82380060472, ""phase"": ""lse"", ""solver_time"": 0.018770933151245117, ""status"": ""optimal"", ""tau"": 0.02}, {""iteration"": 4, ""max_slack"": 6.505325137502781e-11, ""objective"": 106211.82380052243, ""original_change"": 5.6461431086063385e-09, ""penalized_change"": 8.181086741387844e-08, ""penalized_objective"": 106211.8238005229, ""phase"": ""lse"", ""solver_time"": 0.01693582534790039, ""status"": ""optimal"", ""tau"": 0.04}, {""converged"": true, ""phase"": ""lse"", ""summary"": true}, {""iteration"": 1, ""max_slack"": 1.3363939167055124e-09, ""objective"": 106211.82380052253, ""original_change"": null, ""penalized_change"": null, ""penalized_objective"": 106211.8238005232, ""phase"": ""mellowmin"", ""solver_time"": 0.025585174560546875, ""status"": ""optimal"", ""tau"": 0.005}, {""iteration"": 2, ""max_slack"": 1.988041495739701e-07, ""objective"": 106211.823800534, ""original_change"": 1.146690919995308e-08, ""penalized_change"": 2.1824962459504604e-07, ""penalized_objective"": 106211.82380074145, ""phase"": ""mellowmin"", ""solver_time"": 0.025269031524658203, ""status"": ""optimal"", ""tau"": 0.01}, {""converged"": true, ""phase"": ""mellowmin"", ""summary"": true}]",
DEU_LocationALower-11_43_T-1,scenarios/experiment_scenarios/highd/DEU_LocationALower-11_43_T-1.xml,17,R_G1_R_G3,0,lin2025,21,lse_mellowmin,trajectory,20260922,True,True,True,True,0.011162299000716303,0.0030063569993217243,0.10351589400124794,0.10351589400124794,1.7549007990000973,1.8725853490013833,0.04440809799962153,0.9128971099853516,0.9128971099853516,253,0,988,168,820,22,21,735,28,True,4.89712110619568e-09,optimal,100110.76228651633,0.010000000009142695,16,inf,,,,"[{""iteration"": 1, ""max_slack"": 18.88344268088293, ""objective"": 112198.7308004347, ""original_change"": null, ""penalized_change"": null, ""penalized_objective"": 112212.53500969647, ""phase"": ""lse"", ""solver_time"": 0.018783092498779297, ""status"": ""optimal"", ""tau"": 0.005}, {""iteration"": 2, ""max_slack"": 5.345586803766035e-10, ""objective"": 100110.76228649242, ""original_change"": 12087.96851394228, ""penalized_change"": 12101.77272320322, ""penalized_objective"": 100110.76228649325, ""phase"": ""lse"", ""solver_time"": 0.026690959930419922, ""status"": ""optimal"", ""tau"": 0.01}, {""iteration"": 3, ""max_slack"": 16.013780682086292, ""objective"": 104246.11309476968, ""original_change"": 4135.3508082772605, ""penalized_change"": 4174.208256551035, ""penalized_objective"": 104284.97054304428, ""phase"": ""lse"", ""solver_time"": 0.019264936447143555, ""status"": ""optimal"", ""tau"": 0.02}, {""iteration"": 4, ""max_slack"": 6.142189465971604, ""objective"": 100111.77516834148, ""original_change"": 4134.3379264281975, ""penalized_change"": 4130.700159153872, ""penalized_objective"": 100154.27038389041, ""phase"": ""lse"", ""solver_time"": 0.017568111419677734, ""status"": ""optimal"", ""tau"": 0.04}, {""iteration"": 5, ""max_slack"": 4.8389539555550156e-17, ""objective"": 104834.04216456755, ""original_change"": 4722.26699622607, ""penalized_change"": 4679.771780677154, ""penalized_objective"": 104834.04216456757, ""phase"": ""lse"", ""solver_time"": 0.060411930084228516, ""status"": ""optimal"", ""tau"": 0.08}, {""iteration"": 6, ""max_slack"": 0.48446852896157955, ""objective"": 100110.76497611548, ""original_change"": 4723.277188452077, ""penalized_change"": 4722.11446398258, ""penalized_objective"": 100111.92770058499, ""phase"": ""lse"", ""solver_time"": 0.06834697723388672, ""status"": ""optimal"", ""tau"": 0.16}, {""iteration"": 7, ""max_slack"": 18.97997742759999, ""objective"": 7144320.344443046, ""original_change"": 7044209.57946693, ""penalized_change"": 7044854.121388079, ""penalized_objective"": 7144966.049088663, ""phase"": ""lse"", ""solver_time"": 0.07865500450134277, ""status"": ""optimal"", ""tau"": 0.32}, {""iteration"": 8, ""max_slack"": 6.229105713459233, ""objective"": 100110.77917891888, ""original_change"": 7044209.565264126, ""penalized_change"": 7044675.916550441, ""penalized_objective"": 100290.13253822285, ""phase"": ""lse"", ""solver_time"": 0.02305006980895996, ""status"": ""optimal"", ""tau"": 0.64}, {""iteration"": 9, ""max_slack"": 7.645118140137137, ""objective"": 104769.21864136127, ""original_change"": 4658.439462442388, ""penalized_change"": 5935.062927849314, ""penalized_objective"": 106225.19546607217, ""phase"": ""lse"", ""solver_time"": 0.01931905746459961, ""status"": ""optimal"", ""tau"": 1.28}, {""iteration"": 10, ""max_slack"": 4.348757116433024, ""objective"": 100582.70421696697, ""original_change"": 4186.514424394292, ""penalized_change"": 5020.691355299234, ""penalized_objective"": 101204.50411077293, ""phase"": ""lse"", ""solver_time"": 0.01857900619506836, ""status"": ""optimal"", ""tau"": 2.56}, {""iteration"": 11, ""max_slack"": 1.7196151134098348e-23, ""objective"": 104750.3386408595, ""original_change"": 4167.634423892523, ""penalized_change"": 3545.834530086562, ""penalized_objective"": 104750.3386408595, ""phase"": ""lse"", ""solver_time"": 0.09681987762451172, ""status"": ""optimal"", ""tau"": 5.12}, {""iteration"": 12, ""max_slack"": 1.1970166120681998e-12, ""objective"": 100143.63822938054, ""original_change"": 4606.70041147896, ""penalized_change"": 4606.70041147634, ""penalized_objective"": 100143.63822938316, ""phase"": ""lse"", ""solver_time"": 0.029345035552978516, ""status"": ""optimal"", ""tau"": 10.24}, {""iteration"": 13, ""max_slack"": 18.97997742759999, ""objective"": 9716542.64943265, ""original_change"": 9616399.011203269, ""penalized_change"": 9655498.991004366, ""penalized_objective"": 9755642.62923375, ""phase"": ""lse"", ""solver_time"": 0.029142141342163086, ""status"": ""optimal"", ""tau"": 20.48}, {""iteration"": 14, ""max_slack"": 6.203330235651997, ""objective"": 100186.18574980566, ""original_change"": 9616356.463682843, ""penalized_change"": 9644119.598700367, ""penalized_objective"": 111523.03053338257, ""phase"": ""lse"", ""solver_time"": 0.02507615089416504, ""status"": ""optimal"", ""tau"": 40.96}, {""iteration"": 15, ""max_slack"": 1.1103437056100383, ""objective"": 112246.26445378427, ""original_change"": 12060.078703978608, ""penalized_change"": 5961.510266484576, ""penalized_objective"": 117484.54079986714, ""phase"": ""lse"", ""solver_time"": 0.026657819747924805, ""status"": ""optimal"", ""tau"": 81.92}, {""iteration"": 16, ""max_slack"": 3.9309498256315664e-13, ""objective"": 100110.76232107343, ""original_change"": 12135.50213271084, ""penalized_change"": 17373.77847877491, ""penalized_objective"": 100110.76232109223, ""phase"": ""lse"", ""solver_time"": 0.025526046752929688, ""status"": ""optimal"", ""tau"": 163.84}, {""iteration"": 17, ""max_slack"": 0.06481833526805683, ""objective"": 104081.22831115591, ""original_change"": 3970.465990082477, ""penalized_change"": 4289.061522329386, ""penalized_objective"": 104399.82384342162, ""phase"": ""lse"", ""solver_time"": 0.0971841812133789, ""status"": ""optimal"", ""tau"": 327.68}, {""iteration"": 18, ""max_slack"": 1.644760665165801e-14, ""objective"": 100110.76228649545, ""original_change"": 3970.4660246604617, ""penalized_change"": 4289.061556923101, ""penalized_objective"": 100110.76228649852, ""phase"": ""lse"", ""solver_time"": 0.018165111541748047, ""status"": ""optimal"", ""tau"": 655.36}, {""iteration"": 19, ""max_slack"": 18.979977427600133, ""objective"": 9890997.744650211, ""original_change"": 9790886.982363716, ""penalized_change"": 11072455.54408511, ""penalized_objective"": 11172566.306371609, ""phase"": ""lse"", ""solver_time"": 0.02110004425048828, ""status"": ""optimal"", ""tau"": 1000.0}, {""iteration"": 20, ""max_slack"": 5.703374184290523, ""objective"": 133519.07400886554, ""original_change"": 9757478.670641346, ""penalized_change"": 10826312.068891373, ""penalized_objective"": 346254.23748023674, ""phase"": ""lse"", ""solver_time"": 0.01962900161743164, ""status"": ""optimal"", ""tau"": 1000.0}, {""iteration"": 21, ""max_slack"": 5.1260311037422806e-14, ""objective"": 111225.44319271739, ""original_change"": 22293.630816148157, ""penalized_change"": 235028.79428750888, ""penalized_objective"": 111225.44319272785, ""phase"": ""lse"", ""solver_time"": 0.019784927368164062, ""status"": ""optimal"", ""tau"": 1000.0}, {""iteration"": 22, ""max_slack"": 13.47757209751285, ""objective"": 10681121.535757143, ""original_change"": 10569896.092564426, ""penalized_change"": 11014369.091545757, ""penalized_objective"": 11125594.534738485, ""phase"": ""lse"", ""solver_time"": 0.03168487548828125, ""status"": ""optimal"", ""tau"": 1000.0}, {""iteration"": 23, ""max_slack"": 5.763290034099018, ""objective"": 156690.16166384294, ""original_change"": 10524431.3740933, ""penalized_change"": 10756384.120684864, ""penalized_objective"": 369210.41405362065, ""phase"": ""lse"", ""solver_time"": 0.020303964614868164, ""status"": ""optimal"", ""tau"": 1000.0}, {""iteration"": 24, ""max_slack"": 2.0827358720997668e-12, ""objective"": 100523.48169613749, ""original_change"": 56166.67996770545, ""penalized_change"": 268686.93235690834, ""penalized_objective"": 100523.48169671235, ""phase"": ""lse"", ""solver_time"": 0.021075963973999023, ""status"": ""optimal"", ""tau"": 1000.0}, {""iteration"": 25, ""max_slack"": 18.98002725055438, ""objective"": 9906035.192634374, ""original_change"": 9805511.710938236, ""penalized_change"": 11537683.83835162, ""penalized_objective"": 11638207.320048332, ""phase"": ""lse"", ""solver_time"": 0.027901887893676758, ""status"": ""optimal"", ""tau"": 1000.0}, {""converged"": false, ""phase"": ""lse"", ""summary"": true}, {""iteration"": 1, ""max_slack"": 6.231383652395973, ""objective"": 100110.76259696159, ""original_change"": null, ""penalized_change"": null, ""penalized_objective"": 100114.02715459785, ""phase"": ""mellowmin"", ""solver_time"": 0.013427972793579102, ""status"": ""optimal"", ""tau"": 0.005}, {""iteration"": 2, ""max_slack"": 1.042284467331094e-08, ""objective"": 100110.76228649294, ""original_change"": 0.0003104686475126073, ""penalized_change"": 3.264868096841383, ""penalized_objective"": 100110.762286501, ""phase"": ""mellowmin"", ""solver_time"": 0.02581310272216797, ""status"": ""optimal"", ""tau"": 0.01}, {""iteration"": 3, ""max_slack"": 4.89712110619568e-09, ""objective"": 100110.76228649542, ""original_change"": 2.473825588822365e-09, ""penalized_change"": 1.5323166735470295e-08, ""penalized_objective"": 100110.76228651633, ""phase"": ""mellowmin"", ""solver_time"": 0.013589859008789062, ""status"": ""optimal"", ""tau"": 0.02}, {""converged"": true, ""phase"": ""mellowmin"", ""summary"": true}]",
DEU_LocationALower-11_56_T-1,scenarios/experiment_scenarios/highd/DEU_LocationALower-11_56_T-1.xml,15,R_G1_R_G3,0,lin2025,21,lse_mellowmin,trajectory,20260922,True,True,True,True,0.009036905999892042,0.0027380670017009834,0.09864642999855278,0.09864642999855278,0.8880435430000944,0.9984649460002402,0.04747591100021964,0.26839184761047363,0.26839184761047363,253,0,988,168,820,22,21,735,14,True,1.0272397743697745e-08,optimal,123860.28578053553,0.010000000000019327,13,inf,,,,"[{""iteration"": 1, ""max_slack"": 1.741277170396658, ""objective"": 123860.28595449778, ""original_change"": null, ""penalized_change"": null, ""penalized_objective"": 123860.41655028581, ""phase"": ""lse"", ""solver_time"": 0.022329092025756836, ""status"": ""optimal"", ""tau"": 0.005}, {""iteration"": 2, ""max_slack"": 2.198580866394259, ""objective"": 124061.31335256375, ""original_change"": 201.02739806596946, ""penalized_change"": 201.71328776711016, ""penalized_objective"": 124062.12983805292, ""phase"": ""lse"", ""solver_time"": 0.018759965896606445, ""status"": ""optimal"", ""tau"": 0.01}, {""iteration"": 3, ""max_slack"": 1.3167542384819597e-10, ""objective"": 123860.28578052016, ""original_change"": 201.02757204358932, ""penalized_change"": 201.84405753218743, ""penalized_objective"": 123860.28578052073, ""phase"": ""lse"", ""solver_time"": 0.018543004989624023, ""status"": ""optimal"", ""tau"": 0.02}, {""iteration"": 4, ""max_slack"": 1.2548034800867076, ""objective"": 123929.03131113821, ""original_change"": 68.74553061804909, ""penalized_change"": 70.23678409300919, ""penalized_objective"": 123930.52256461374, ""phase"": ""lse"", ""solver_time"": 0.02111196517944336, ""status"": ""optimal"", ""tau"": 0.04}, {""iteration"": 5, ""max_slack"": 1.2053931824944258e-10, ""objective"": 123860.28578051925, ""original_change"": 68.74553061896586, ""penalized_change"": 70.23678409314016, ""penalized_objective"": 123860.2857805206, ""phase"": ""lse"", ""solver_time"": 0.01795816421508789, ""status"": ""optimal"", ""tau"": 0.08}, {""iteration"": 6, ""max_slack"": 1.426388403613787e-11, ""objective"": 123881.33594475889, ""original_change"": 21.050164239641163, ""penalized_change"": 21.05016423879715, ""penalized_objective"": 123881.3359447594, ""phase"": ""lse"", ""solver_time"": 0.018954038619995117, ""status"": ""optimal"", ""tau"": 0.16}, {""iteration"": 7, ""max_slack"": 2.6326987687020907e-11, ""objective"": 123860.28578051968, ""original_change"": 21.050164239204605, ""penalized_change"": 21.05016423788038, ""penalized_objective"": 123860.28578052152, ""phase"": ""lse"", ""solver_time"": 0.020826101303100586, ""status"": ""optimal"", ""tau"": 0.32}, {""iteration"": 8, ""max_slack"": 2.575087589001979, ""objective"": 124071.07372882175, ""original_change"": 210.78794830206607, ""penalized_change"": 301.51028859772487, ""penalized_objective"": 124161.79606911924, ""phase"": ""lse"", ""solver_time"": 0.01807117462158203, ""status"": ""optimal"", ""tau"": 0.64}, {""iteration"": 9, ""max_slack"": 1.2440448201544563e-09, ""objective"": 123860.28578054195, ""original_change"": 210.78794827980164, ""penalized_change"": 301.5102884811786, ""penalized_objective"": 123860.28578063806, ""phase"": ""lse"", ""solver_time"": 0.018201112747192383, ""status"": ""optimal"", ""tau"": 1.28}, {""iteration"": 10, ""max_slack"": 0.24303203131167267, ""objective"": 123994.41896649405, ""original_change"": 134.13318595210148, ""penalized_change"": 164.52103661219007, ""penalized_objective"": 124024.80681725025, ""phase"": ""lse"", ""solver_time"": 0.018696069717407227, ""status"": ""optimal"", ""tau"": 2.56}, {""iteration"": 11, ""max_slack"": 5.162959956958727e-10, ""objective"": 123860.28578062981, ""original_change"": 134.13318586423702, ""penalized_change"": 164.5210361298232, ""penalized_objective"": 123860.28578112043, ""phase"": ""lse"", ""solver_time"": 0.016387939453125, ""status"": ""optimal"", ""tau"": 5.12}, {""iteration"": 12, ""max_slack"": 1.493469155850389e-10, ""objective"": 123860.2857806116, ""original_change"": 1.82189978659153e-08, ""penalized_change"": 2.0455627236515284e-07, ""penalized_objective"": 123860.28578091587, ""phase"": ""lse"", ""solver_time"": 0.016740083694458008, ""status"": ""optimal"", ""tau"": 10.24}, {""converged"": true, ""phase"": ""lse"", ""summary"": true}, {""iteration"": 1, ""max_slack"": 5.940208542512971e-08, ""objective"": 123860.28578052855, ""original_change"": null, ""penalized_change"": null, ""penalized_objective"": 123860.285780568, ""phase"": ""mellowmin"", ""solver_time"": 0.020228147506713867, ""status"": ""optimal"", ""tau"": 0.005}, {""iteration"": 2, ""max_slack"": 1.0272397743697745e-08, ""objective"": 123860.28578052361, ""original_change"": 4.933099262416363e-09, ""penalized_change"": 3.2465322874486446e-08, ""penalized_objective"": 123860.28578053553, ""phase"": ""mellowmin"", ""solver_time"": 0.02158498764038086, ""status"": ""optimal"", ""tau"": 0.01}, {""converged"": true, ""phase"": ""mellowmin"", ""summary"": true}]",
DEU_LocationALower-11_64_T-1,scenarios/experiment_scenarios/highd/DEU_LocationALower-11_64_T-1.xml,18,R_G1_R_G3,0,lin2025,21,lse_mellowmin,trajectory,20260922,True,True,True,True,0.0097744810009317,0.002963892000479973,0.21242058600000746,0.21242058600000746,0.6115584119997948,0.8367173710012139,0.05025761499928194,0.0889279842376709,0.0889279842376709,253,0,988,168,820,22,21,735,4,True,1.135837986788257e-09,optimal,81080.27640160256,0.010000000000161435,17,inf,,,,"[{""iteration"": 1, ""max_slack"": 4.2713765808499184e-09, ""objective"": 81080.27640160061, ""original_change"": null, ""penalized_change"": null, ""penalized_objective"": 81080.27640160285, ""phase"": ""lse"", ""solver_time"": 0.024410009384155273, ""status"": ""optimal"", ""tau"": 0.005}, {""iteration"": 2, ""max_slack"": 2.3888803041503804e-08, ""objective"": 81080.27640160281, ""original_change"": 2.1973391994833946e-09, ""penalized_change"": 3.729655873030424e-08, ""penalized_objective"": 81080.27640164015, ""phase"": ""lse"", ""solver_time"": 0.016661882400512695, ""status"": ""optimal"", ""tau"": 0.01}, {""converged"": true, ""phase"": ""lse"", ""summary"": true}, {""iteration"": 1, ""max_slack"": 2.210725226818907e-09, ""objective"": 81080.27640160064, ""original_change"": null, ""penalized_change"": null, ""penalized_objective"": 81080.27640160298, ""phase"": ""mellowmin"", ""solver_time"": 0.024626970291137695, ""status"": ""optimal"", ""tau"": 0.005}, {""iteration"": 2, ""max_slack"": 1.135837986788257e-09, ""objective"": 81080.2764016006, ""original_change"": 4.3655745685100555e-11, ""penalized_change"": 4.220055416226387e-10, ""penalized_objective"": 81080.27640160256, ""phase"": ""mellowmin"", ""solver_time"": 0.023229122161865234, ""status"": ""optimal"", ""tau"": 0.01}, {""converged"": true, ""phase"": ""mellowmin"", ""summary"": true}]",
DEU_LocationALower-12_109_T-1,scenarios/experiment_scenarios/highd/DEU_LocationALower-12_109_T-1.xml,20,R_G1_R_G3,0,lin2025,21,lse_mellowmin,trajectory,20260922,True,True,True,True,0.013165623999157106,0.00262995699995372,0.10935998300010397,0.10935998300010397,0.7328097400004481,0.8579653039996629,0.05485771100029524,0.08924603462219238,0.08924603462219238,253,0,988,168,820,22,21,735,4,True,2.8380048960075485e-09,optimal,117069.58128669045,0.010000000000502496,19,inf,,,,"[{""iteration"": 1, ""max_slack"": 5.044758854323185e-07, ""objective"": 117069.58128670054, ""original_change"": null, ""penalized_change"": null, ""penalized_objective"": 117069.58128699573, ""phase"": ""lse"", ""solver_time"": 0.023365020751953125, ""status"": ""optimal"", ""tau"": 0.005}, {""iteration"": 2, ""max_slack"": 6.349900137706813e-09, ""objective"": 117069.58128668772, ""original_change"": 1.2820237316191196e-08, ""penalized_change"": 2.9578222893178463e-07, ""penalized_objective"": 117069.58128669995, ""phase"": ""lse"", ""solver_time"": 0.020150184631347656, ""status"": ""optimal"", ""tau"": 0.01}, {""converged"": true, ""phase"": ""lse"", ""summary"": true}, {""iteration"": 1, ""max_slack"": 5.04591760723018e-07, ""objective"": 117069.58128670052, ""original_change"": null, ""penalized_change"": null, ""penalized_objective"": 117069.5812869958, ""phase"": ""mellowmin"", ""solver_time"": 0.022754907608032227, ""status"": ""optimal"", ""tau"": 0.005}, {""iteration"": 2, ""max_slack"": 2.8380048960075485e-09, ""objective"": 117069.58128668698, ""original_change"": 1.3533281162381172e-08, ""penalized_change"": 3.0535738915205e-07, ""penalized_objective"": 117069.58128669045, ""phase"": ""mellowmin"", ""solver_time"": 0.022975921630859375, ""status"": ""optimal"", ""tau"": 0.01}, {""converged"": true, ""phase"": ""mellowmin"", ""summary"": true}]",
DEU_LocationALower-12_167_T-1,scenarios/experiment_scenarios/highd/DEU_LocationALower-12_167_T-1.xml,12,R_G1_R_G3,0,lin2025,21,lse_mellowmin,trajectory,20260922,True,True,True,True,0.010587660999590298,0.0029069150004943367,0.26142704699850583,0.26142704699850583,0.7953695609994611,1.0702911839980516,0.05637449099958758,0.15989351272583008,0.15989351272583008,253,0,988,168,820,22,21,735,7,True,9.125424325430429e-09,optimal,123350.13359270772,0.01000000000435867,10,inf,,,,"[{""iteration"": 1, ""max_slack"": 3.6029576636895086, ""objective"": 123350.14225740133, ""original_change"": null, ""penalized_change"": null, ""penalized_objective"": 123352.24488561922, ""phase"": ""lse"", ""solver_time"": 0.015127897262573242, ""status"": ""optimal"", ""tau"": 0.005}, {""iteration"": 2, ""max_slack"": 1.708884533609336, ""objective"": 123350.1335957224, ""original_change"": 0.008661678934004158, ""penalized_change"": 1.5986818923120154, ""penalized_objective"": 123350.64620372691, ""phase"": ""lse"", ""solver_time"": 0.027856111526489258, ""status"": ""optimal"", ""tau"": 0.01}, {""iteration"": 3, ""max_slack"": 0.2681093008631442, ""objective"": 123366.81450725635, ""original_change"": 16.680911533956532, ""penalized_change"": 16.248736319990712, ""penalized_objective"": 123366.8949400469, ""phase"": ""lse"", ""solver_time"": 0.02220296859741211, ""status"": ""optimal"", ""tau"": 0.02}, {""iteration"": 4, ""max_slack"": 1.0899150518653373e-09, ""objective"": 123350.13359269766, ""original_change"": 16.680914558688528, ""penalized_change"": 16.761347340550856, ""penalized_objective"": 123350.13359270635, ""phase"": ""lse"", ""solver_time"": 0.01705789566040039, ""status"": ""optimal"", ""tau"": 0.04}, {""iteration"": 5, ""max_slack"": 2.8590264704166095e-10, ""objective"": 123350.13359269661, ""original_change"": 1.0477378964424133e-09, ""penalized_change"": 6.999471224844456e-09, ""penalized_objective"": 123350.13359269935, ""phase"": ""lse"", ""solver_time"": 0.019733905792236328, ""status"": ""optimal"", ""tau"": 0.08}, {""converged"": true, ""phase"": ""lse"", ""summary"": true}, {""iteration"": 1, ""max_slack"": 3.9474076278170475e-07, ""objective"": 123350.13359271707, ""original_change"": null, ""penalized_change"": null, ""penalized_objective"": 123350.13359293422, ""phase"": ""mellowmin"", ""solver_time"": 0.027238845825195312, ""status"": ""optimal"", ""tau"": 0.005}, {""iteration"": 2, ""max_slack"": 9.125424325430429e-09, ""objective"": 123350.13359269808, ""original_change"": 1.899024937301874e-08, ""penalized_change"": 2.2650056052953005e-07, ""penalized_objective"": 123350.13359270772, ""phase"": ""mellowmin"", ""solver_time"": 0.030675888061523438, ""status"": ""optimal"", ""tau"": 0.01}, {""converged"": true, ""phase"": ""mellowmin"", ""summary"": true}]",
DEU_LocationALower-12_217_T-1,scenarios/experiment_scenarios/highd/DEU_LocationALower-12_217_T-1.xml,14,R_G1_R_G3,0,lin2025,21,lse_mellowmin,trajectory,20260922,True,True,True,True,0.01033832800021628,0.0029743470004177652,0.10373486199932813,0.10373486199932813,0.7119180339996092,0.8289655709995714,0.05845784499979345,0.13008356094360352,0.13008356094360352,253,0,988,168,820,22,21,735,6,True,5.07481861282017e-10,optimal,101380.80137233894,0.010000000000086598,11,inf,,,,"[{""iteration"": 1, ""max_slack"": 4.43906409531796, ""objective"": 101380.80181645235, ""original_change"": null, ""penalized_change"": null, ""penalized_objective"": 101381.13474626004, ""phase"": ""lse"", ""solver_time"": 0.025452852249145508, ""status"": ""optimal"", ""tau"": 0.005}, {""iteration"": 2, ""max_slack"": 1.7140965128428587, ""objective"": 101380.8029758188, ""original_change"": 0.0011593664530664682, ""penalized_change"": 0.07465595449320972, ""penalized_objective"": 101381.06009030555, ""phase"": ""lse"", ""solver_time"": 0.018527984619140625, ""status"": ""optimal"", ""tau"": 0.01}, {""iteration"": 3, ""max_slack"": 1.9057930122179019e-10, ""objective"": 101380.80137233832, ""original_change"": 0.001603480486664921, ""penalized_change"": 0.25871796668798197, ""penalized_objective"": 101380.80137233886, ""phase"": ""lse"", ""solver_time"": 0.01842498779296875, ""status"": ""optimal"", ""tau"": 0.02}, {""iteration"": 4, ""max_slack"": 3.104738317712119e-08, ""objective"": 101380.80137235377, ""original_change"": 1.5454133972525597e-08, ""penalized_change"": 2.5068584363907576e-07, ""penalized_objective"": 101380.80137258954, ""phase"": ""lse"", ""solver_time"": 0.01687788963317871, ""status"": ""optimal"", ""tau"": 0.04}, {""converged"": true, ""phase"": ""lse"", ""summary"": true}, {""iteration"": 1, ""max_slack"": 2.157271301190372e-09, ""objective"": 101380.8013723384, ""original_change"": null, ""penalized_change"": null, ""penalized_objective"": 101380.80137233988, ""phase"": ""mellowmin"", ""solver_time"": 0.02498793601989746, ""status"": ""optimal"", ""tau"": 0.005}, {""iteration"": 2, ""max_slack"": 5.07481861282017e-10, ""objective"": 101380.80137233839, ""original_change"": 1.4551915228366852e-11, ""penalized_change"": 9.313225746154785e-10, ""penalized_objective"": 101380.80137233894, ""phase"": ""mellowmin"", ""solver_time"": 0.02581191062927246, ""status"": ""optimal"", ""tau"": 0.01}, {""converged"": true, ""phase"": ""mellowmin"", ""summary"": true}]",
DEU_LocationALower-12_52_T-1,scenarios/experiment_scenarios/highd/DEU_LocationALower-12_52_T-1.xml,26,R_G1_R_G3,0,lin2025,21,lse_mellowmin,trajectory,20260922,True,True,True,True,0.019213998999475734,0.002614791999803856,0.09685221800100408,0.09685221800100408,0.9011368930005119,1.0198179020007956,0.0636752090013033,0.2858593463897705,0.2858593463897705,253,0,967,168,799,22,21,714,14,True,8.071574498354784e-09,optimal,34326.63944441682,0.010000000013597425,23,inf,,,,"[{""iteration"": 1, ""max_slack"": 20.383865020078908, ""objective"": 34560.53882948556, ""original_change"": null, ""penalized_change"": null, ""penalized_objective"": 34565.949918020924, ""phase"": ""lse"", ""solver_time"": 0.020160913467407227, ""status"": ""optimal"", ""tau"": 0.005}, {""iteration"": 2, ""max_slack"": 1.719180475024527, ""objective"": 34326.63961543433, ""original_change"": 233.89921405122732, ""penalized_change"": 239.05242532098055, ""penalized_objective"": 34326.89749269994, ""phase"": ""lse"", ""solver_time"": 0.02189803123474121, ""status"": ""optimal"", ""tau"": 0.01}, {""iteration"": 3, ""max_slack"": 1.3546513963720645e-09, ""objective"": 34326.639444396336, ""original_change"": 0.0001710379947326146, ""penalized_change"": 0.2580483003112022, ""penalized_objective"": 34326.63944439963, ""phase"": ""lse"", ""solver_time"": 0.01840806007385254, ""status"": ""optimal"", ""tau"": 0.02}, {""iteration"": 4, ""max_slack"": 1.367423092706471, ""objective"": 34326.64270374425, ""original_change"": 0.0032593479118077084, ""penalized_change"": 2.020498276098806, ""penalized_objective"": 34328.65994267573, ""phase"": ""lse"", ""solver_time"": 0.019110918045043945, ""status"": ""optimal"", ""tau"": 0.04}, {""iteration"": 5, ""max_slack"": 1.2159339582518724, ""objective"": 34326.64054107884, ""original_change"": 0.002162665405194275, ""penalized_change"": 1.4286286476562964, ""penalized_objective"": 34330.08857132339, ""phase"": ""lse"", ""solver_time"": 0.019747018814086914, ""status"": ""optimal"", ""tau"": 0.08}, {""iteration"": 6, ""max_slack"": 3.930925405807268e-10, ""objective"": 34326.6394443967, ""original_change"": 0.0010966821428155527, ""penalized_change"": 3.4491269194259075, ""penalized_objective"": 34326.63944440396, ""phase"": ""lse"", ""solver_time"": 0.01713109016418457, ""status"": ""optimal"", ""tau"": 0.16}, {""iteration"": 7, ""max_slack"": 1.007941213071879, ""objective"": 34326.84804250937, ""original_change"": 0.2085981126729166, ""penalized_change"": 13.26792163742357, ""penalized_objective"": 34339.907366041385, ""phase"": ""lse"", ""solver_time"": 0.021336078643798828, ""status"": ""optimal"", ""tau"": 0.32}, {""iteration"": 8, ""max_slack"": 0.3678394687572497, ""objective"": 34326.64539029943, ""original_change"": 0.20265220994042465, ""penalized_change"": 9.73071684189199, ""penalized_objective"": 34330.17664919949, ""phase"": ""lse"", ""solver_time"": 0.03243398666381836, ""status"": ""optimal"", ""tau"": 0.64}, {""iteration"": 9, ""max_slack"": 1.1835378183270343e-10, ""objective"": 34326.63944443622, ""original_change"": 0.005945863209490199, ""penalized_change"": 3.5372047408891376, ""penalized_objective"": 34326.639444458604, ""phase"": ""lse"", ""solver_time"": 0.015268087387084961, ""status"": ""optimal"", ""tau"": 1.28}, {""iteration"": 10, ""max_slack"": 8.126866647142483e-10, ""objective"": 34327.31078007183, ""original_change"": 0.6713356356049189, ""penalized_change"": 0.6713356826439849, ""penalized_objective"": 34327.31078014125, ""phase"": ""lse"", ""solver_time"": 0.019164085388183594, ""status"": ""optimal"", ""tau"": 2.56}, {""iteration"": 11, ""max_slack"": 6.581695686115293e-12, ""objective"": 34326.6394480538, ""original_change"": 0.671332018027897, ""penalized_change"": 0.6713320847848081, ""penalized_objective"": 34326.63944805646, ""phase"": ""lse"", ""solver_time"": 0.022294998168945312, ""status"": ""optimal"", ""tau"": 5.12}, {""iteration"": 12, ""max_slack"": 1.5639576997157887e-10, ""objective"": 34326.63944645485, ""original_change"": 1.5989498933777213e-06, ""penalized_change"": 1.1472729966044426e-06, ""penalized_objective"": 34326.63944690919, ""phase"": ""lse"", ""solver_time"": 0.015253067016601562, ""status"": ""optimal"", ""tau"": 10.24}, {""converged"": true, ""phase"": ""lse"", ""summary"": true}, {""iteration"": 1, ""max_slack"": 1.0799519699924943e-08, ""objective"": 34326.63944439711, ""original_change"": null, ""penalized_change"": null, ""penalized_objective"": 34326.639444405155, ""phase"": ""mellowmin"", ""solver_time"": 0.0227811336517334, ""status"": ""optimal"", ""tau"": 0.005}, {""iteration"": 2, ""max_slack"": 8.071574498354784e-09, ""objective"": 34326.63944439837, ""original_change"": 1.2660166248679161e-09, ""penalized_change"": 1.1663360055536032e-08, ""penalized_objective"": 34326.63944441682, ""phase"": ""mellowmin"", ""solver_time"": 0.020871877670288086, ""status"": ""optimal"", ""tau"": 0.01}, {""converged"": true, ""phase"": ""mellowmin"", ""summary"": true}]",
DEU_LocationALower-13_162_T-1,scenarios/experiment_scenarios/highd/DEU_LocationALower-13_162_T-1.xml,21,R_G1_R_G3,0,lin2025,21,lse_mellowmin,trajectory,20260922,True,True,True,True,0.01081542399879254,0.00241274400104885,0.10892407599931175,0.10892407599931175,0.7039419550001185,0.8260941989992716,0.06802562099983334,0.08248519897460938,0.08248519897460938,253,0,967,168,799,22,21,714,4,True,7.574585762592832e-10,optimal,36170.54633734676,0.010000000000592027,19,inf,,,,"[{""iteration"": 1, ""max_slack"": 1.0242675172275227e-07, ""objective"": 36170.54633735094, ""original_change"": null, ""penalized_change"": null, ""penalized_objective"": 36170.54633740886, ""phase"": ""lse"", ""solver_time"": 0.02311396598815918, ""status"": ""optimal"", ""tau"": 0.005}, {""iteration"": 2, ""max_slack"": 4.92301211641141e-08, ""objective"": 36170.54633735518, ""original_change"": 4.241883289068937e-09, ""penalized_change"": 3.763125278055668e-08, ""penalized_objective"": 36170.54633744649, ""phase"": ""lse"", ""solver_time"": 0.016477108001708984, ""status"": ""optimal"", ""tau"": 0.01}, {""converged"": true, ""phase"": ""lse"", ""summary"": true}, {""iteration"": 1, ""max_slack"": 1.3998969158982326e-07, ""objective"": 36170.54633735415, ""original_change"": null, ""penalized_change"": null, ""penalized_objective"": 36170.54633744483, ""phase"": ""mellowmin"", ""solver_time"": 0.021842002868652344, ""status"": ""optimal"", ""tau"": 0.005}, {""iteration"": 2, ""max_slack"": 7.574585762592832e-10, ""objective"": 36170.54633734557, ""original_change"": 8.578354027122259e-09, ""penalized_change"": 9.80726326815784e-08, ""penalized_objective"": 36170.54633734676, ""phase"": ""mellowmin"", ""solver_time"": 0.021052122116088867, ""status"": ""optimal"", ""tau"": 0.01}, {""converged"": true, ""phase"": ""mellowmin"", ""summary"": true}]",
DEU_LocationALower-13_167_T-1,scenarios/experiment_scenarios/highd/DEU_LocationALower-13_167_T-1.xml,17,R_G1_R_G3,0,lin2025,21,lse_mellowmin,trajectory,20260922,True,True,True,True,0.010837628000444965,0.0026633870002115145,0.105447534000632,0.105447534000632,0.7547251870000764,0.8736737360013649,0.07247903600000427,0.12676596641540527,0.12676596641540527,253,0,986,168,818,22,21,733,6,True,1.627815820675304e-09,optimal,79604.5196060272,0.010000000000331966,16,inf,,,,"[{""iteration"": 1, ""max_slack"": 2.2460473638751264, ""objective"": 79604.53277404011, ""original_change"": null, ""penalized_change"": null, ""penalized_objective"": 79605.99066916887, ""phase"": ""lse"", ""solver_time"": 0.019479990005493164, ""status"": ""optimal"", ""tau"": 0.005}, {""iteration"": 2, ""max_slack"": 1.455933886782286, ""objective"": 79604.51985347047, ""original_change"": 0.012920569643029012, ""penalized_change"": 1.2524256141041405, ""penalized_objective"": 79604.73824355476, ""phase"": ""lse"", ""solver_time"": 0.02120494842529297, ""status"": ""optimal"", ""tau"": 0.01}, {""iteration"": 3, ""max_slack"": 7.167458341400038e-09, ""objective"": 79604.5196068152, ""original_change"": 0.00024665526871103793, ""penalized_change"": 0.21863671812752727, ""penalized_objective"": 79604.51960683663, ""phase"": ""lse"", ""solver_time"": 0.020281076431274414, ""status"": ""optimal"", ""tau"": 0.02}, {""iteration"": 4, ""max_slack"": 4.810528499432659e-10, ""objective"": 79604.51960700222, ""original_change"": 1.8702121451497078e-07, ""penalized_change"": 1.6931153368204832e-07, ""penalized_objective"": 79604.51960700595, ""phase"": ""lse"", ""solver_time"": 0.017396926879882812, ""status"": ""optimal"", ""tau"": 0.04}, {""converged"": true, ""phase"": ""lse"", ""summary"": true}, {""iteration"": 1, ""max_slack"": 1.0500412625256488e-10, ""objective"": 79604.51960549084, ""original_change"": null, ""penalized_change"": null, ""penalized_objective"": 79604.51960549099, ""phase"": ""mellowmin"", ""solver_time"": 0.02473306655883789, ""status"": ""optimal"", ""tau"": 0.005}, {""iteration"": 2, ""max_slack"": 1.627815820675304e-09, ""objective"": 79604.51960602477, ""original_change"": 5.339243216440082e-07, ""penalized_change"": 5.362089723348618e-07, ""penalized_objective"": 79604.5196060272, ""phase"": ""mellowmin"", ""solver_time"": 0.023669958114624023, ""status"": ""optimal"", ""tau"": 0.01}, {""converged"": true, ""phase"": ""mellowmin"", ""summary"": true}]",
DEU_LocationALower-13_168_T-1,scenarios/experiment_scenarios/highd/DEU_LocationALower-13_168_T-1.xml,12,R_G1_R_G3,0,lin2025,21,lse_mellowmin,trajectory,20260922,True,True,False,False,0.010441728001751471,0.002697014000659692,0.10502942799939774,0.10502942799939774,1.1952136870004324,1.3133818570022413,,0.40277099609375,0.40277099609375,253,0,988,168,820,22,21,735,17,False,1.6747606138156041,"solver_error: Solver 'GUROBI' failed. Try another solver, or solve with verbose=True for more information.",155189.75221744302,0.01000000009884161,13,,,,,"[{""iteration"": 1, ""max_slack"": 0.6534146092810255, ""objective"": 137854.13371654533, ""original_change"": null, ""penalized_change"": null, ""penalized_objective"": 137854.20829789425, ""phase"": ""lse"", ""solver_time"": 0.019125938415527344, ""status"": ""optimal"", ""tau"": 0.005}, {""iteration"": 2, ""max_slack"": 18.426848096128325, ""objective"": 179433.43593747154, ""original_change"": 41579.30222092621, ""penalized_change"": 41587.29190196621, ""penalized_objective"": 179441.50019986046, ""phase"": ""lse"", ""solver_time"": 0.024179935455322266, ""status"": ""optimal"", ""tau"": 0.01}, {""iteration"": 3, ""max_slack"": 5.686082001331521, ""objective"": 137782.20995980065, ""original_change"": 41651.225977670896, ""penalized_change"": 41640.797998594935, ""penalized_objective"": 137800.70220126552, ""phase"": ""lse"", ""solver_time"": 0.02010202407836914, ""status"": ""optimal"", ""tau"": 0.02}, {""iteration"": 4, ""max_slack"": 19.543187834456123, ""objective"": 179435.85430669374, ""original_change"": 41653.644346893096, ""penalized_change"": 41672.3275747787, ""penalized_objective"": 179473.02977604422, ""phase"": ""lse"", ""solver_time"": 0.025535106658935547, ""status"": ""optimal"", ""tau"": 0.04}, {""iteration"": 5, ""max_slack"": 5.65870518755875, ""objective"": 137786.35055006226, ""original_change"": 41649.503756631486, ""penalized_change"": 41592.62717709533, ""penalized_objective"": 137880.4025989489, ""phase"": ""lse"", ""solver_time"": 0.014322996139526367, ""status"": ""optimal"", ""tau"": 0.08}, {""iteration"": 6, ""max_slack"": 2.0428225489289692e-11, ""objective"": 179431.2290749162, ""original_change"": 41644.878524853935, ""penalized_change"": 41550.82647596786, ""penalized_objective"": 179431.22907491674, ""phase"": ""lse"", ""solver_time"": 0.02886795997619629, ""status"": ""optimal"", ""tau"": 0.16}, {""iteration"": 7, ""max_slack"": 5.425525296585881, ""objective"": 137850.1401446813, ""original_change"": 41581.088930234895, ""penalized_change"": 41333.98781194366, ""penalized_objective"": 138097.24126297308, ""phase"": ""lse"", ""solver_time"": 0.015662193298339844, ""status"": ""optimal"", ""tau"": 0.32}, {""iteration"": 8, ""max_slack"": 3.2423388692665074, ""objective"": 179430.95301114887, ""original_change"": 41580.812866467575, ""penalized_change"": 41378.36735088023, ""penalized_objective"": 179475.6086138533, ""phase"": ""lse"", ""solver_time"": 0.06654882431030273, ""status"": ""optimal"", ""tau"": 0.64}, {""iteration"": 9, ""max_slack"": 5.092534925457976, ""objective"": 138037.8093156366, ""original_change"": 41393.14369551226, ""penalized_change"": 40854.46799396843, ""penalized_objective"": 138621.14061988489, ""phase"": ""lse"", ""solver_time"": 0.015919208526611328, ""status"": ""optimal"", ""tau"": 1.28}, {""iteration"": 10, ""max_slack"": 3.241787897571749, ""objective"": 179431.24979118214, ""original_change"": 41393.44047554553, ""penalized_change"": 40988.70316613815, ""penalized_objective"": 179609.84378602303, ""phase"": ""lse"", ""solver_time"": 0.030607938766479492, ""status"": ""optimal"", ""tau"": 2.56}, {""iteration"": 11, ""max_slack"": 4.567245972522539, ""objective"": 138547.44373938855, ""original_change"": 40883.806051793596, ""penalized_change"": 39736.77307312898, ""penalized_objective"": 139873.07071289406, ""phase"": ""lse"", ""solver_time"": 0.015022039413452148, ""status"": ""optimal"", ""tau"": 5.12}, {""iteration"": 12, ""max_slack"": 3.239120603213347, ""objective"": 179428.57233886537, ""original_change"": 40881.128599476826, ""penalized_change"": 40269.33276076548, ""penalized_objective"": 180142.40347365953, ""phase"": ""lse"", ""solver_time"": 0.02864694595336914, ""status"": ""optimal"", ""tau"": 10.24}, {""iteration"": 13, ""max_slack"": 3.735415425419297, ""objective"": 139922.7050887674, ""original_change"": 39505.867250097974, ""penalized_change"": 37496.07275092829, ""penalized_objective"": 142646.33072273125, ""phase"": ""lse"", ""solver_time"": 0.015151023864746094, ""status"": ""optimal"", ""tau"": 20.48}, {""iteration"": 14, ""max_slack"": 3.164128407648114, ""objective"": 179416.3481881667, ""original_change"": 39493.64309939931, ""penalized_change"": 39576.847109805734, ""penalized_objective"": 182223.17783253698, ""phase"": ""lse"", ""solver_time"": 0.02764892578125, ""status"": ""optimal"", ""tau"": 40.96}, {""iteration"": 15, ""max_slack"": 2.775937178951728, ""objective"": 142401.05859054864, ""original_change"": 37015.28959761807, ""penalized_change"": 34588.807611918746, ""penalized_objective"": 147634.37022061824, ""phase"": ""lse"", ""solver_time"": 0.013694047927856445, ""status"": ""optimal"", ""tau"": 81.92}, {""iteration"": 16, ""max_slack"": 1.393360477567036, ""objective"": 179249.6257973992, ""original_change"": 36848.56720685057, ""penalized_change"": 35039.57828645353, ""penalized_objective"": 182673.94850707176, ""phase"": ""lse"", ""solver_time"": 0.027189970016479492, ""status"": ""optimal"", ""tau"": 163.84}, {""iteration"": 17, ""max_slack"": 1.6747606138156041, ""objective"": 146957.96884775945, ""original_change"": 32291.656949639757, ""penalized_change"": 27484.196289628744, ""penalized_objective"": 155189.75221744302, ""phase"": ""lse"", ""solver_time"": 0.014545917510986328, ""status"": ""optimal"", ""tau"": 327.68}, {""converged"": false, ""phase"": ""lse"", ""summary"": true}]","AttributeError: 'NoneType' object has no attribute 'lane_id'
Traceback (most recent call last):
  File ""/data_linux/Lab/commonroad-repairer-vp/stlccp_comparison/runner.py"", line 283, in evaluate
    ) = validate_states(
  File ""/data_linux/Lab/commonroad-repairer-vp/micp_comparison/common.py"", line 254, in validate_states
    robustness, other_ids = monitor.evaluate_consecutively(
  File ""/data_linux/Lab/commonroad-repairer-vp/crrepairer/smt/monitor_wrapper.py"", line 1192, in evaluate_consecutively
    rule_rob.append(evaluator.update())
  File ""/data_linux/Lab/commonroad-stl-monitor/crmonitor/evaluation/evaluation.py"", line 157, in update
    rule_value = self._eval_visitor.walk(
  File ""/data_linux/Lab/commonroad-stl-monitor/crmonitor/evaluation/visitor.py"", line 70, in walk
    return node.visit(self, world, mpr_world, time_step, (ego_vehicle.id,), *ctx)
  File ""/data_linux/Lab/commonroad-stl-monitor/crmonitor/monitor/monitor_node.py"", line 57, in visit
    return visitor.visit_all_node(self, *ctx)
  File ""/data_linux/Lab/commonroad-stl-monitor/crmonitor/evaluation/visitor.py"", line 101, in visit_all_node
    values, selected_ids = self._visit_quant_node(all_node, *ctx)
  File ""/data_linux/Lab/commonroad-repairer-vp/micp_comparison/common.py"", line 63, in _visit_quant_node
    value = node.monitors[vehicle_id].visit(
  File ""/data_linux/Lab/commonroad-stl-monitor/crmonitor/monitor/monitor_node.py"", line 35, in visit
    return visitor.visit_rule_node(self, *ctx)
  File ""/data_linux/Lab/commonroad-stl-monitor/crmonitor/evaluation/visitor.py"", line 81, in visit_rule_node
    child_values = {c.name: c.visit(self, *ctx) for c in rule_node.children}
  File ""/data_linux/Lab/commonroad-stl-monitor/crmonitor/evaluation/visitor.py"", line 81, in <dictcomp>
    child_values = {c.name: c.visit(self, *ctx) for c in rule_node.children}
  File ""/data_linux/Lab/commonroad-stl-monitor/crmonitor/rule/rule_node.py"", line 83, in visit
    return visitor.visit_predicate_node(self, *ctx)
  File ""/data_linux/Lab/commonroad-stl-monitor/crmonitor/evaluation/visitor.py"", line 165, in visit_predicate_node
    value = predicate_node.evaluate_boolean(world, time_step, predicate_ids)
  File ""/data_linux/Lab/commonroad-stl-monitor/crmonitor/rule/rule_node.py"", line 67, in evaluate_boolean
    value = self.evaluator.evaluate_boolean(world, time_step, vehicle_ids)
  File ""/data_linux/Lab/commonroad-stl-monitor/crmonitor/predicates/base.py"", line 63, in evaluate_boolean
    return self.evaluate_robustness(world, time_step, vehicle_ids) >= 0.0
  File ""/data_linux/Lab/commonroad-stl-monitor/crmonitor/predicates/position.py"", line 125, in evaluate_robustness
    front.rear_s(time_step, rear.get_lane(time_step)) - rear.front_s(time_step)
  File ""/data_linux/Lab/commonroad-stl-monitor/crmonitor/common/vehicle.py"", line 377, in front_s
    curvi_state = self.ccosy_cache.get_curvilinear_state(
  File ""/data_linux/Lab/commonroad-stl-monitor/crmonitor/common/vehicle.py"", line 229, in get_curvilinear_state
    key = (state.time_step, lane.lane_id)
AttributeError: 'NoneType' object has no attribute 'lane_id'
"
DEU_LocationALower-13_214_T-1,scenarios/experiment_scenarios/highd/DEU_LocationALower-13_214_T-1.xml,21,R_G1_R_G3,0,lin2025,21,lse_mellowmin,trajectory,20260922,True,True,True,True,0.010003237999626435,0.0024927199992816895,0.21689849799986405,0.21689849799986405,0.5470767240003624,0.7764711799991346,0.24027237399968726,0.11270976066589355,0.11270976066589355,253,0,988,168,820,22,21,735,5,True,5.6515354556082014e-08,optimal,86415.3908003962,0.0100000000088869,18,inf,,,,"[{""iteration"": 1, ""max_slack"": 3.731160897314876e-06, ""objective"": 86424.42667830671, ""original_change"": null, ""penalized_change"": null, ""penalized_objective"": 86424.42667858879, ""phase"": ""lse"", ""solver_time"": 0.027553081512451172, ""status"": ""optimal"", ""tau"": 0.005}, {""iteration"": 2, ""max_slack"": 1.5156701778097841e-09, ""objective"": 86415.39080033389, ""original_change"": 9.035877972826711, ""penalized_change"": 9.035878253140254, ""penalized_objective"": 86415.39080033565, ""phase"": ""lse"", ""solver_time"": 0.01654982566833496, ""status"": ""optimal"", ""tau"": 0.01}, {""iteration"": 3, ""max_slack"": 1.1921012108357784e-08, ""objective"": 86415.39080033638, ""original_change"": 2.4883775040507317e-09, ""penalized_change"": 3.440072759985924e-08, ""penalized_objective"": 86415.39080037005, ""phase"": ""lse"", ""solver_time"": 0.019559860229492188, ""status"": ""optimal"", ""tau"": 0.02}, {""converged"": true, ""phase"": ""lse"", ""summary"": true}, {""iteration"": 1, ""max_slack"": 1.361476994869624e-08, ""objective"": 86415.3908003352, ""original_change"": null, ""penalized_change"": null, ""penalized_objective"": 86415.39080034841, ""phase"": ""mellowmin"", ""solver_time"": 0.022921085357666016, ""status"": ""optimal"", ""tau"": 0.005}, {""iteration"": 2, ""max_slack"": 5.6515354556082014e-08, ""objective"": 86415.39080033622, ""original_change"": 1.0186340659856796e-09, ""penalized_change"": 4.778848960995674e-08, ""penalized_objective"": 86415.3908003962, ""phase"": ""mellowmin"", ""solver_time"": 0.02612590789794922, ""status"": ""optimal"", ""tau"": 0.01}, {""converged"": true, ""phase"": ""mellowmin"", ""summary"": true}]",
DEU_LocationALower-13_239_T-1,scenarios/experiment_scenarios/highd/DEU_LocationALower-13_239_T-1.xml,18,R_G1_R_G3,0,lin2025,21,lse_mellowmin,trajectory,20260922,True,True,True,True,0.009153732000413584,0.002638930000102846,0.09872577999885834,0.09872577999885834,0.6710932969999703,0.7816117389993451,0.07721194999976433,0.12472224235534668,0.12472224235534668,253,0,967,168,799,22,21,714,6,True,5.490840770796873e-07,optimal,57784.462397896066,0.010000000087199163,17,inf,,,,"[{""iteration"": 1, ""max_slack"": 1.8780629933055286, ""objective"": 57784.46396484163, ""original_change"": null, ""penalized_change"": null, ""penalized_objective"": 57784.745509541855, ""phase"": ""lse"", ""solver_time"": 0.02731490135192871, ""status"": ""optimal"", ""tau"": 0.005}, {""iteration"": 2, ""max_slack"": 1.7622484065205555, ""objective"": 57784.46255614771, ""original_change"": 0.0014086939190747216, ""penalized_change"": 0.01861613293294795, ""penalized_objective"": 57784.72689340892, ""phase"": ""lse"", ""solver_time"": 0.01662302017211914, ""status"": ""optimal"", ""tau"": 0.01}, {""iteration"": 3, ""max_slack"": 6.39399034931188e-08, ""objective"": 57784.4623974698, ""original_change"": 0.0001586779108038172, ""penalized_change"": 0.2644957472002716, ""penalized_objective"": 57784.46239766172, ""phase"": ""lse"", ""solver_time"": 0.01532602310180664, ""status"": ""optimal"", ""tau"": 0.02}, {""iteration"": 4, ""max_slack"": 1.5683912913464254e-09, ""objective"": 57784.46239746543, ""original_change"": 4.3655745685100555e-09, ""penalized_change"": 1.8737773643806577e-07, ""penalized_objective"": 57784.462397474344, ""phase"": ""lse"", ""solver_time"": 0.016909122467041016, ""status"": ""optimal"", ""tau"": 0.04}, {""converged"": true, ""phase"": ""lse"", ""summary"": true}, {""iteration"": 1, ""max_slack"": 5.647368650571579e-09, ""objective"": 57784.462397464384, ""original_change"": null, ""penalized_change"": null, ""penalized_objective"": 57784.46239746748, ""phase"": ""mellowmin"", ""solver_time"": 0.025300025939941406, ""status"": ""optimal"", ""tau"": 0.005}, {""iteration"": 2, ""max_slack"": 5.490840770796873e-07, ""objective"": 57784.462397499454, ""original_change"": 3.507011570036411e-08, ""penalized_change"": 4.285830073058605e-07, ""penalized_objective"": 57784.462397896066, ""phase"": ""mellowmin"", ""solver_time"": 0.023249149322509766, ""status"": ""optimal"", ""tau"": 0.01}, {""converged"": true, ""phase"": ""mellowmin"", ""summary"": true}]",
DEU_LocationALower-13_241_T-1,scenarios/experiment_scenarios/highd/DEU_LocationALower-13_241_T-1.xml,20,R_G1_R_G3,0,lin2025,21,lse_mellowmin,trajectory,20260922,True,True,True,True,0.008478366000417736,0.0025897739997162716,0.09774199800085626,0.09774199800085626,0.7176158940001187,0.826426032001109,0.08469757400052913,0.13099026679992676,0.13099026679992676,253,0,967,168,799,22,21,714,6,True,2.8887514151252395e-11,optimal,70198.21553930893,0.010000000000030764,18,inf,,,,"[{""iteration"": 1, ""max_slack"": 1.7770238755969437e-11, ""objective"": 70198.2155391901, ""original_change"": null, ""penalized_change"": null, ""penalized_objective"": 70198.21553919013, ""phase"": ""lse"", ""solver_time"": 0.026054859161376953, ""status"": ""optimal"", ""tau"": 0.005}, {""iteration"": 2, ""max_slack"": 1.2518805401147196e-09, ""objective"": 70215.91649844422, ""original_change"": 17.700959254114423, ""penalized_change"": 17.700959257635986, ""penalized_objective"": 70215.91649844777, ""phase"": ""lse"", ""solver_time"": 0.018026113510131836, ""status"": ""optimal"", ""tau"": 0.01}, {""iteration"": 3, ""max_slack"": 1.840302481551514e-12, ""objective"": 70198.2155391831, ""original_change"": 17.700959261113894, ""penalized_change"": 17.700959264635458, ""penalized_objective"": 70198.21553918313, ""phase"": ""lse"", ""solver_time"": 0.01877593994140625, ""status"": ""optimal"", ""tau"": 0.02}, {""iteration"": 4, ""max_slack"": 4.578896662603809e-12, ""objective"": 70198.21553922714, ""original_change"": 4.4034095481038094e-08, ""penalized_change"": 4.406319931149483e-08, ""penalized_objective"": 70198.2155392272, ""phase"": ""lse"", ""solver_time"": 0.017503023147583008, ""status"": ""optimal"", ""tau"": 0.04}, {""converged"": true, ""phase"": ""lse"", ""summary"": true}, {""iteration"": 1, ""max_slack"": 7.674744649485295e-12, ""objective"": 70198.21553918386, ""original_change"": null, ""penalized_change"": null, ""penalized_objective"": 70198.21553918388, ""phase"": ""mellowmin"", ""solver_time"": 0.02579021453857422, ""status"": ""optimal"", ""tau"": 0.005}, {""iteration"": 2, ""max_slack"": 2.8887514151252395e-11, ""objective"": 70198.21553930885, ""original_change"": 1.249863998964429e-07, ""penalized_change"": 1.2505915947258472e-07, ""penalized_objective"": 70198.21553930893, ""phase"": ""mellowmin"", ""solver_time"": 0.024840116500854492, ""status"": ""optimal"", ""tau"": 0.01}, {""converged"": true, ""phase"": ""mellowmin"", ""summary"": true}]",
DEU_LocationALower-13_247_T-1,scenarios/experiment_scenarios/highd/DEU_LocationALower-13_247_T-1.xml,15,R_G1_R_G3,0,lin2025,21,lse_mellowmin,trajectory,20260922,True,True,True,True,0.008260558999609202,0.0025619730004109442,0.0980355640003836,0.0980355640003836,0.6275561309994373,0.736414226999841,0.09208376699825749,0.10317015647888184,0.10317015647888184,253,0,967,168,799,22,21,714,5,True,2.4869377165275345e-09,optimal,42225.374703098045,0.010000000002434742,12,inf,,,,"[{""iteration"": 1, ""max_slack"": 28.140337396454118, ""objective"": 42227.79884477034, ""original_change"": null, ""penalized_change"": null, ""penalized_objective"": 42230.14160853889, ""phase"": ""lse"", ""solver_time"": 0.020577192306518555, ""status"": ""optimal"", ""tau"": 0.005}, {""iteration"": 2, ""max_slack"": 1.230149651357238e-07, ""objective"": 42225.37470309783, ""original_change"": 2.424141672512633, ""penalized_change"": 4.766905315613258, ""penalized_objective"": 42225.37470322328, ""phase"": ""lse"", ""solver_time"": 0.023758888244628906, ""status"": ""optimal"", ""tau"": 0.01}, {""iteration"": 3, ""max_slack"": 8.311487401648713e-08, ""objective"": 42225.374703108624, ""original_change"": 1.0797521099448204e-08, ""penalized_change"": 1.1612428352236748e-07, ""penalized_objective"": 42225.3747033394, ""phase"": ""lse"", ""solver_time"": 0.017560958862304688, ""status"": ""optimal"", ""tau"": 0.02}, {""converged"": true, ""phase"": ""lse"", ""summary"": true}, {""iteration"": 1, ""max_slack"": 0.0024760044758811114, ""objective"": 42225.37514718868, ""original_change"": null, ""penalized_change"": null, ""penalized_objective"": 42225.375332889605, ""phase"": ""mellowmin"", ""solver_time"": 0.0193939208984375, ""status"": ""optimal"", ""tau"": 0.005}, {""iteration"": 2, ""max_slack"": 2.4869377165275345e-09, ""objective"": 42225.374703092464, ""original_change"": 0.00044409621477825567, ""penalized_change"": 0.0006297915606410243, ""penalized_objective"": 42225.374703098045, ""phase"": ""mellowmin"", ""solver_time"": 0.021879196166992188, ""status"": ""optimal"", ""tau"": 0.01}, {""converged"": true, ""phase"": ""mellowmin"", ""summary"": true}]",
DEU_LocationALower-13_29_T-1,scenarios/experiment_scenarios/highd/DEU_LocationALower-13_29_T-1.xml,18,R_G1_R_G3,0,lin2025,21,lse_mellowmin,trajectory,20260922,True,True,True,True,0.00950490700051887,0.0025222860003850656,0.2199021590004122,0.2199021590004122,0.6024534779990063,0.8343828300003224,0.09543536900127947,0.08799195289611816,0.08799195289611816,253,0,988,168,820,22,21,735,4,True,1.2341284032160692e-09,optimal,96326.39272253621,0.0100000000002467,17,inf,,,,"[{""iteration"": 1, ""max_slack"": 1.6153628287757628e-07, ""objective"": 96326.39272254251, ""original_change"": null, ""penalized_change"": null, ""penalized_objective"": 96326.39272267043, ""phase"": ""lse"", ""solver_time"": 0.02249002456665039, ""status"": ""optimal"", ""tau"": 0.005}, {""iteration"": 2, ""max_slack"": 1.2497277815473831e-08, ""objective"": 96326.39272253617, ""original_change"": 6.344635039567947e-09, ""penalized_change"": 1.1440715752542019e-07, ""penalized_objective"": 96326.39272255602, ""phase"": ""lse"", ""solver_time"": 0.019196033477783203, ""status"": ""optimal"", ""tau"": 0.01}, {""converged"": true, ""phase"": ""lse"", ""summary"": true}, {""iteration"": 1, ""max_slack"": 1.6161542342097877e-07, ""objective"": 96326.39272254259, ""original_change"": null, ""penalized_change"": null, ""penalized_objective"": 96326.39272267056, ""phase"": ""mellowmin"", ""solver_time"": 0.02369093894958496, ""status"": ""optimal"", ""tau"": 0.005}, {""iteration"": 2, ""max_slack"": 1.2341284032160692e-09, ""objective"": 96326.39272253473, ""original_change"": 7.8580342233181e-09, ""penalized_change"": 1.3434328138828278e-07, ""penalized_objective"": 96326.39272253621, ""phase"": ""mellowmin"", ""solver_time"": 0.02261495590209961, ""status"": ""optimal"", ""tau"": 0.01}, {""converged"": true, ""phase"": ""mellowmin"", ""summary"": true}]",
DEU_LocationALower-13_56_T-1,scenarios/experiment_scenarios/highd/DEU_LocationALower-13_56_T-1.xml,10,R_G1_R_G3,0,lin2025,21,lse_mellowmin,trajectory,20260922,True,True,True,True,0.012731803999486146,0.0025525009987177327,0.10090839700023935,0.10090839700023935,0.6705002059989056,0.7866929079973488,0.09470275599960587,0.08702373504638672,0.08702373504638672,253,0,988,168,820,22,21,735,4,True,3.993006625550478e-09,optimal,242757.9665074184,0.010000000000005116,7,inf,,,,"[{""iteration"": 1, ""max_slack"": 1.4024948164113128e-08, ""objective"": 242757.96650741092, ""original_change"": null, ""penalized_change"": null, ""penalized_objective"": 242757.966507418, ""phase"": ""lse"", ""solver_time"": 0.02344799041748047, ""status"": ""optimal"", ""tau"": 0.005}, {""iteration"": 2, ""max_slack"": 6.568255289879713e-08, ""objective"": 242757.96650742198, ""original_change"": 1.1059455573558807e-08, ""penalized_change"": 8.242204785346985e-08, ""penalized_objective"": 242757.96650750042, ""phase"": ""lse"", ""solver_time"": 0.017247915267944336, ""status"": ""optimal"", ""tau"": 0.01}, {""converged"": true, ""phase"": ""lse"", ""summary"": true}, {""iteration"": 1, ""max_slack"": 1.4883239550203309e-08, ""objective"": 242757.9665074112, ""original_change"": null, ""penalized_change"": null, ""penalized_objective"": 242757.9665074183, ""phase"": ""mellowmin"", ""solver_time"": 0.022823810577392578, ""status"": ""optimal"", ""tau"": 0.005}, {""iteration"": 2, ""max_slack"": 3.993006625550478e-09, ""objective"": 242757.9665074103, ""original_change"": 9.022187441587448e-10, ""penalized_change"": 8.731149137020111e-11, ""penalized_objective"": 242757.9665074184, ""phase"": ""mellowmin"", ""solver_time"": 0.023504018783569336, ""status"": ""optimal"", ""tau"": 0.01}, {""converged"": true, ""phase"": ""mellowmin"", ""summary"": true}]",
DEU_LocationALower-13_82_T-1,scenarios/experiment_scenarios/highd/DEU_LocationALower-13_82_T-1.xml,17,R_G1_R_G3,0,lin2025,21,lse_mellowmin,trajectory,20260922,True,True,True,True,0.012271986999621731,0.0028092020002077334,0.10507929800041893,0.10507929800041893,0.6312675829994987,0.7514280699997471,0.09635915200124145,0.08622384071350098,0.08622384071350098,253,0,988,168,820,22,21,735,4,True,4.537952748413733e-08,optimal,201627.9535400286,0.010000000009824817,15,inf,,,,"[{""iteration"": 1, ""max_slack"": 1.249345737063554e-09, ""objective"": 201627.9535399755, ""original_change"": null, ""penalized_change"": null, ""penalized_objective"": 201627.95353997624, ""phase"": ""lse"", ""solver_time"": 0.02309107780456543, ""status"": ""optimal"", ""tau"": 0.005}, {""iteration"": 2, ""max_slack"": 8.06340931192106e-10, ""objective"": 201627.95353997566, ""original_change"": 1.4551915228366852e-10, ""penalized_change"": 6.693881005048752e-10, ""penalized_objective"": 201627.9535399769, ""phase"": ""lse"", ""solver_time"": 0.01738286018371582, ""status"": ""optimal"", ""tau"": 0.01}, {""converged"": true, ""phase"": ""lse"", ""summary"": true}, {""iteration"": 1, ""max_slack"": 1.2501547055334637e-09, ""objective"": 201627.9535399755, ""original_change"": null, ""penalized_change"": null, ""penalized_objective"": 201627.95353997624, ""phase"": ""mellowmin"", ""solver_time"": 0.022738933563232422, ""status"": ""optimal"", ""tau"": 0.005}, {""iteration"": 2, ""max_slack"": 4.537952748413733e-08, ""objective"": 201627.9535399799, ""original_change"": 4.394678398966789e-09, ""penalized_change"": 5.235779099166393e-08, ""penalized_objective"": 201627.9535400286, ""phase"": ""mellowmin"", ""solver_time"": 0.023010969161987305, ""status"": ""optimal"", ""tau"": 0.01}, {""converged"": true, ""phase"": ""mellowmin"", ""summary"": true}]",
DEU_LocationALower-14_14_T-1,scenarios/experiment_scenarios/highd/DEU_LocationALower-14_14_T-1.xml,13,R_G1_R_G3,0,lin2025,21,lse_mellowmin,trajectory,20260922,True,True,True,True,0.009864251000180957,0.0027938329985772725,0.09490698199988401,0.09490698199988401,1.251006664999295,1.3585717309979373,0.10040218799986178,0.4823155403137207,0.4823155403137207,249,0,961,168,793,20,19,700,22,True,6.600003855555347e-10,optimal,287325.4353266133,0.010000000000136044,11,inf,,,,"[{""iteration"": 1, ""max_slack"": 4.098676870815167, ""objective"": 287651.2615719874, ""original_change"": null, ""penalized_change"": null, ""penalized_objective"": 287652.5434054951, ""phase"": ""lse"", ""solver_time"": 0.021520137786865234, ""status"": ""optimal"", ""tau"": 0.005}, {""iteration"": 2, ""max_slack"": 4.86517243060193e-09, ""objective"": 287325.4353266144, ""original_change"": 325.8262453729985, ""penalized_change"": 327.1080788701656, ""penalized_objective"": 287325.43532662495, ""phase"": ""lse"", ""solver_time"": 0.01884603500366211, ""status"": ""optimal"", ""tau"": 0.01}, {""iteration"": 3, ""max_slack"": 3.068745477731378, ""objective"": 287539.3652106073, ""original_change"": 213.9298839928815, ""penalized_change"": 217.1973664254183, ""penalized_objective"": 287542.6326930504, ""phase"": ""lse"", ""solver_time"": 0.021926164627075195, ""status"": ""optimal"", ""tau"": 0.02}, {""iteration"": 4, ""max_slack"": 18.021936694212386, ""objective"": 1382937.486228281, ""original_change"": 1095398.1210176735, ""penalized_change"": 1095499.0298707231, ""penalized_objective"": 1383041.6625637736, ""phase"": ""lse"", ""solver_time"": 0.024935007095336914, ""status"": ""optimal"", ""tau"": 0.04}, {""iteration"": 5, ""max_slack"": 6.228510388359862, ""objective"": 287325.44407676155, ""original_change"": 1095612.0421515193, ""penalized_change"": 1095678.881274917, ""penalized_objective"": 287362.78128885664, ""phase"": ""lse"", ""solver_time"": 0.019815921783447266, ""status"": ""optimal"", ""tau"": 0.08}, {""iteration"": 6, ""max_slack"": 7.043085890727553, ""objective"": 288231.39546254056, ""original_change"": 905.9513857790153, ""penalized_change"": 956.4006224132027, ""penalized_objective"": 288319.18191126984, ""phase"": ""lse"", ""solver_time"": 0.020582914352416992, ""status"": ""optimal"", ""tau"": 0.16}, {""iteration"": 7, ""max_slack"": 18.02207852804192, ""objective"": 1368087.0709386014, ""original_change"": 1079855.6754760607, ""penalized_change"": 1080436.4982641465, ""penalized_objective"": 1368755.6801754164, ""phase"": ""lse"", ""solver_time"": 0.023646116256713867, ""status"": ""optimal"", ""tau"": 0.32}, {""iteration"": 8, ""max_slack"": 6.2272672451240245, ""objective"": 287325.4965348321, ""original_change"": 1080761.5744037693, ""penalized_change"": 1081250.9409377158, ""penalized_objective"": 287504.73923770065, ""phase"": ""lse"", ""solver_time"": 0.023050785064697266, ""status"": ""optimal"", ""tau"": 0.64}, {""iteration"": 9, ""max_slack"": 10.56683210852502, ""objective"": 291048.53172025975, ""original_change"": 3723.0351854276378, ""penalized_change"": 4933.059935590718, ""penalized_objective"": 292437.79917329137, ""phase"": ""lse"", ""solver_time"": 0.019397974014282227, ""status"": ""optimal"", ""tau"": 1.28}, {""iteration"": 10, ""max_slack"": 16.73180623952346, ""objective"": 1342720.5051151377, ""original_change"": 1051671.973394878, ""penalized_change"": 1053617.8851080097, ""penalized_objective"": 1346055.684281301, ""phase"": ""lse"", ""solver_time"": 0.029175996780395508, ""status"": ""optimal"", ""tau"": 2.56}, {""iteration"": 11, ""max_slack"": 6.226748178651507, ""objective"": 287325.5301592198, ""original_change"": 1055394.9749559178, ""penalized_change"": 1058251.9398618925, ""penalized_objective"": 287803.74441940844, ""phase"": ""lse"", ""solver_time"": 0.021574974060058594, ""status"": ""optimal"", ""tau"": 5.12}, {""iteration"": 12, ""max_slack"": 9.622810169652878, ""objective"": 324607.17756198504, ""original_change"": 37281.64740276523, ""penalized_change"": 48895.03397332376, ""penalized_objective"": 336698.7783927322, ""phase"": ""lse"", ""solver_time"": 0.01799297332763672, ""status"": ""optimal"", ""tau"": 10.24}, {""iteration"": 13, ""max_slack"": 4.23150182756888, ""objective"": 290296.96197950916, ""original_change"": 34310.21558247588, ""penalized_change"": 41762.676132508845, ""penalized_objective"": 294936.10226022336, ""phase"": ""lse"", ""solver_time"": 0.04180598258972168, ""status"": ""optimal"", ""tau"": 20.48}, {""iteration"": 14, ""max_slack"": 1.0118556513357368e-12, ""objective"": 287325.43532661704, ""original_change"": 2971.52665289212, ""penalized_change"": 7610.666933595785, ""penalized_objective"": 287325.4353266276, ""phase"": ""lse"", ""solver_time"": 0.021653175354003906, ""status"": ""optimal"", ""tau"": 40.96}, {""iteration"": 15, ""max_slack"": 3.6350353585209567, ""objective"": 352876.2982575339, ""original_change"": 65550.86293091689, ""penalized_change"": 95228.91554485931, ""penalized_objective"": 382554.3508714869, ""phase"": ""lse"", ""solver_time"": 0.01948714256286621, ""status"": ""optimal"", ""tau"": 81.92}, {""iteration"": 16, ""max_slack"": 2.5166796913300256, ""objective"": 305201.39869198395, ""original_change"": 47674.899565549975, ""penalized_change"": 61434.27638839296, ""penalized_objective"": 321120.0744830939, ""phase"": ""lse"", ""solver_time"": 0.02711200714111328, ""status"": ""optimal"", ""tau"": 163.84}, {""iteration"": 17, ""max_slack"": 5.504050055413574e-11, ""objective"": 287325.4353282739, ""original_change"": 17875.963363710034, ""penalized_change"": 33794.63915026712, ""penalized_objective"": 287325.4353328268, ""phase"": ""lse"", ""solver_time"": 0.02073502540588379, ""status"": ""optimal"", ""tau"": 327.68}, {""iteration"": 18, ""max_slack"": 1.467734185522361, ""objective"": 412663.6670040449, ""original_change"": 125338.231675771, ""penalized_change"": 191177.88178357837, ""penalized_objective"": 478503.3171164052, ""phase"": ""lse"", ""solver_time"": 0.018371105194091797, ""status"": ""optimal"", ""tau"": 655.36}, {""iteration"": 19, ""max_slack"": 3.8814596883957705e-13, ""objective"": 287325.435333636, ""original_change"": 125338.23167040892, ""penalized_change"": 191177.88178269094, ""penalized_objective"": 287325.43533371424, ""phase"": ""lse"", ""solver_time"": 0.01515507698059082, ""status"": ""optimal"", ""tau"": 1000.0}, {""iteration"": 20, ""max_slack"": 2.851367331634404e-12, ""objective"": 287325.4353279702, ""original_change"": 5.6658172979950905e-06, ""penalized_change"": 5.016976501792669e-06, ""penalized_objective"": 287325.43532869726, ""phase"": ""lse"", ""solver_time"": 0.02028203010559082, ""status"": ""optimal"", ""tau"": 1000.0}, {""converged"": true, ""phase"": ""lse"", ""summary"": true}, {""iteration"": 1, ""max_slack"": 1.7817926264160014e-08, ""objective"": 287325.43532661354, ""original_change"": null, ""penalized_change"": null, ""penalized_objective"": 287325.4353266339, ""phase"": ""mellowmin"", ""solver_time"": 0.013365030288696289, ""status"": ""optimal"", ""tau"": 0.005}, {""iteration"": 2, ""max_slack"": 6.600003855555347e-10, ""objective"": 287325.4353266125, ""original_change"": 1.0477378964424133e-09, ""penalized_change"": 2.0605511963367462e-08, ""penalized_objective"": 287325.4353266133, ""phase"": ""mellowmin"", ""solver_time"": 0.02188396453857422, ""status"": ""optimal"", ""tau"": 0.01}, {""converged"": true, ""phase"": ""mellowmin"", ""summary"": true}]",
DEU_LocationALower-14_161_T-1,scenarios/experiment_scenarios/highd/DEU_LocationALower-14_161_T-1.xml,21,R_G1_R_G3,0,lin2025,21,lse_mellowmin,trajectory,20260922,True,True,True,True,0.00775806899946474,0.0026421399998071138,0.09746815899961803,0.09746815899961803,0.6306408060008835,0.7385091739997733,0.10337185199932719,0.08129119873046875,0.08129119873046875,253,0,967,168,799,22,21,714,4,True,1.5399398194097632e-09,optimal,49777.369150001934,0.010000000000429906,19,inf,,,,"[{""iteration"": 1, ""max_slack"": 1.416908507535183e-09, ""objective"": 49777.36915000042, ""original_change"": null, ""penalized_change"": null, ""penalized_objective"": 49777.36915000134, ""phase"": ""lse"", ""solver_time"": 0.022840023040771484, ""status"": ""optimal"", ""tau"": 0.005}, {""iteration"": 2, ""max_slack"": 2.3251352525574607e-08, ""objective"": 49777.36915000196, ""original_change"": 1.5425030142068863e-09, ""penalized_change"": 2.6411726139485836e-08, ""penalized_objective"": 49777.36915002775, ""phase"": ""lse"", ""solver_time"": 0.0160520076751709, ""status"": ""optimal"", ""tau"": 0.01}, {""converged"": true, ""phase"": ""lse"", ""summary"": true}, {""iteration"": 1, ""max_slack"": 3.053024954496734e-08, ""objective"": 49777.369150001534, ""original_change"": null, ""penalized_change"": null, ""penalized_objective"": 49777.36915001159, ""phase"": ""mellowmin"", ""solver_time"": 0.021084070205688477, ""status"": ""optimal"", ""tau"": 0.005}, {""iteration"": 2, ""max_slack"": 1.5399398194097632e-09, ""objective"": 49777.36915000041, ""original_change"": 1.1204974725842476e-09, ""penalized_change"": 9.655195754021406e-09, ""penalized_objective"": 49777.369150001934, ""phase"": ""mellowmin"", ""solver_time"": 0.02131509780883789, ""status"": ""optimal"", ""tau"": 0.01}, {""converged"": true, ""phase"": ""mellowmin"", ""summary"": true}]",
DEU_LocationALower-14_219_T-1,scenarios/experiment_scenarios/highd/DEU_LocationALower-14_219_T-1.xml,12,R_G1_R_G3,0,lin2025,21,lse_mellowmin,trajectory,20260922,True,True,True,True,0.010152078000828624,0.0024766599999566097,0.2361986900014017,0.2361986900014017,0.4984767780006223,0.7473042060028092,0.09948210100083088,0.0923771858215332,0.0923771858215332,253,0,988,168,820,22,21,735,4,True,9.459849444747793e-10,optimal,171697.45415035682,0.010000000000161435,11,inf,,,,"[{""iteration"": 1, ""max_slack"": 2.904925609102641e-09, ""objective"": 171697.45415035606, ""original_change"": null, ""penalized_change"": null, ""penalized_objective"": 171697.45415035842, ""phase"": ""lse"", ""solver_time"": 0.024593114852905273, ""status"": ""optimal"", ""tau"": 0.005}, {""iteration"": 2, ""max_slack"": 2.738615742398956e-09, ""objective"": 171697.45415035603, ""original_change"": 2.9103830456733704e-11, ""penalized_change"": 6.984919309616089e-10, ""penalized_objective"": 171697.45415035912, ""phase"": ""lse"", ""solver_time"": 0.019181013107299805, ""status"": ""optimal"", ""tau"": 0.01}, {""converged"": true, ""phase"": ""lse"", ""summary"": true}, {""iteration"": 1, ""max_slack"": 9.626997367143334e-09, ""objective"": 171697.45415035618, ""original_change"": null, ""penalized_change"": null, ""penalized_objective"": 171697.45415036107, ""phase"": ""mellowmin"", ""solver_time"": 0.024296045303344727, ""status"": ""optimal"", ""tau"": 0.005}, {""iteration"": 2, ""max_slack"": 9.459849444747793e-10, ""objective"": 171697.4541503559, ""original_change"": 2.9103830456733704e-10, ""penalized_change"": 4.249159246683121e-09, ""penalized_objective"": 171697.45415035682, ""phase"": ""mellowmin"", ""solver_time"": 0.0243070125579834, ""status"": ""optimal"", ""tau"": 0.01}, {""converged"": true, ""phase"": ""mellowmin"", ""summary"": true}]",
DEU_LocationALower-14_247_T-1,scenarios/experiment_scenarios/highd/DEU_LocationALower-14_247_T-1.xml,16,R_G1_R_G3,0,lin2025,21,lse_mellowmin,trajectory,20260922,True,True,True,True,0.009733340999446227,0.0026882940001087263,0.10043431499980215,0.10043431499980215,0.6614744280013838,0.7743303780007409,0.10503011199944012,0.08740878105163574,0.08740878105163574,253,0,988,168,820,22,21,735,4,True,3.522366973836401e-09,optimal,113646.89904496644,0.010000000000445652,15,inf,,,,"[{""iteration"": 1, ""max_slack"": 1.5337094631971888e-08, ""objective"": 113646.8990449633, ""original_change"": null, ""penalized_change"": null, ""penalized_objective"": 113646.89904497382, ""phase"": ""lse"", ""solver_time"": 0.023814916610717773, ""status"": ""optimal"", ""tau"": 0.005}, {""iteration"": 2, ""max_slack"": 1.0426361571446704e-09, ""objective"": 113646.89904496237, ""original_change"": 9.313225746154785e-10, ""penalized_change"": 9.094947017729282e-09, ""penalized_objective"": 113646.89904496472, ""phase"": ""lse"", ""solver_time"": 0.01777195930480957, ""status"": ""optimal"", ""tau"": 0.01}, {""converged"": true, ""phase"": ""lse"", ""summary"": true}, {""iteration"": 1, ""max_slack"": 7.284568247704459e-09, ""objective"": 113646.89904496231, ""original_change"": null, ""penalized_change"": null, ""penalized_objective"": 113646.89904496577, ""phase"": ""mellowmin"", ""solver_time"": 0.022903919219970703, ""status"": ""optimal"", ""tau"": 0.005}, {""iteration"": 2, ""max_slack"": 3.522366973836401e-09, ""objective"": 113646.89904496232, ""original_change"": 1.4551915228366852e-11, ""penalized_change"": 6.693881005048752e-10, ""penalized_objective"": 113646.89904496644, ""phase"": ""mellowmin"", ""solver_time"": 0.022917985916137695, ""status"": ""optimal"", ""tau"": 0.01}, {""converged"": true, ""phase"": ""mellowmin"", ""summary"": true}]",
DEU_LocationALower-14_252_T-1,scenarios/experiment_scenarios/highd/DEU_LocationALower-14_252_T-1.xml,12,R_G1_R_G3,0,lin2025,21,lse_mellowmin,trajectory,20260922,True,True,True,True,0.00898893399971712,0.002806831000270904,0.10267506899981527,0.10267506899981527,0.6398777140002494,0.7543485480000527,0.15825976700034516,0.08904337882995605,0.08904337882995605,253,0,988,168,820,22,21,735,4,True,4.2341158967293e-09,optimal,187530.55681561568,0.010000000000502496,10,inf,,,,"[{""iteration"": 1, ""max_slack"": 2.4958002273740387e-08, ""objective"": 187530.5568156068, ""original_change"": null, ""penalized_change"": null, ""penalized_objective"": 187530.55681561958, ""phase"": ""lse"", ""solver_time"": 0.024656057357788086, ""status"": ""optimal"", ""tau"": 0.005}, {""iteration"": 2, ""max_slack"": 5.077236350989458e-09, ""objective"": 187530.55681560616, ""original_change"": 6.402842700481415e-10, ""penalized_change"": 1.076841726899147e-08, ""penalized_objective"": 187530.5568156088, ""phase"": ""lse"", ""solver_time"": 0.017332077026367188, ""status"": ""optimal"", ""tau"": 0.01}, {""converged"": true, ""phase"": ""lse"", ""summary"": true}, {""iteration"": 1, ""max_slack"": 2.500985259565848e-08, ""objective"": 187530.55681560666, ""original_change"": null, ""penalized_change"": null, ""penalized_objective"": 187530.55681561946, ""phase"": ""mellowmin"", ""solver_time"": 0.023478031158447266, ""status"": ""optimal"", ""tau"": 0.005}, {""iteration"": 2, ""max_slack"": 4.2341158967293e-09, ""objective"": 187530.55681560613, ""original_change"": 5.238689482212067e-10, ""penalized_change"": 3.7834979593753815e-09, ""penalized_objective"": 187530.55681561568, ""phase"": ""mellowmin"", ""solver_time"": 0.023577213287353516, ""status"": ""optimal"", ""tau"": 0.01}, {""converged"": true, ""phase"": ""mellowmin"", ""summary"": true}]",
DEU_LocationALower-14_39_T-1,scenarios/experiment_scenarios/highd/DEU_LocationALower-14_39_T-1.xml,15,R_G1_R_G3,0,lin2025,21,lse_mellowmin,trajectory,20260922,True,True,True,True,0.01223012799891876,0.0031216290008160286,0.253577850999136,0.253577850999136,0.9240205139994941,1.192950121998365,0.11918574999981502,0.22271108627319336,0.22271108627319336,253,0,988,168,820,22,21,735,6,True,2.6009446922613705e-08,optimal,181889.14937399246,0.010000000004149646,11,inf,,,,"[{""iteration"": 1, ""max_slack"": 3.9923420887558496, ""objective"": 181889.15426438017, ""original_change"": null, ""penalized_change"": null, ""penalized_objective"": 181889.70130074126, ""phase"": ""lse"", ""solver_time"": 0.10650181770324707, ""status"": ""optimal"", ""tau"": 0.005}, {""iteration"": 2, ""max_slack"": 1.134419668518773, ""objective"": 181889.15044227082, ""original_change"": 0.0038221093418542296, ""penalized_change"": 0.380695511266822, ""penalized_objective"": 181889.32060523, ""phase"": ""lse"", ""solver_time"": 0.023021936416625977, ""status"": ""optimal"", ""tau"": 0.01}, {""iteration"": 3, ""max_slack"": 2.911477385198849e-08, ""objective"": 181889.14937398565, ""original_change"": 0.0010682851716410369, ""penalized_change"": 0.17123115572030656, ""penalized_objective"": 181889.14937407427, ""phase"": ""lse"", ""solver_time"": 0.019334077835083008, ""status"": ""optimal"", ""tau"": 0.02}, {""iteration"": 4, ""max_slack"": 9.987070585070867e-09, ""objective"": 181889.14937398114, ""original_change"": 4.511093720793724e-09, ""penalized_change"": 6.300979293882847e-08, ""penalized_objective"": 181889.14937401126, ""phase"": ""lse"", ""solver_time"": 0.018572092056274414, ""status"": ""optimal"", ""tau"": 0.04}, {""converged"": true, ""phase"": ""lse"", ""summary"": true}, {""iteration"": 1, ""max_slack"": 3.475420180877901e-07, ""objective"": 181889.14937399895, ""original_change"": null, ""penalized_change"": null, ""penalized_objective"": 181889.14937419316, ""phase"": ""mellowmin"", ""solver_time"": 0.02798008918762207, ""status"": ""optimal"", ""tau"": 0.005}, {""iteration"": 2, ""max_slack"": 2.6009446922613705e-08, ""objective"": 181889.14937398018, ""original_change"": 1.877197064459324e-08, ""penalized_change"": 2.0070001482963562e-07, ""penalized_objective"": 181889.14937399246, ""phase"": ""mellowmin"", ""solver_time"": 0.02730107307434082, ""status"": ""optimal"", ""tau"": 0.01}, {""converged"": true, ""phase"": ""mellowmin"", ""summary"": true}]",
DEU_LocationALower-14_96_T-1,scenarios/experiment_scenarios/highd/DEU_LocationALower-14_96_T-1.xml,15,R_G1_R_G3,0,lin2025,21,lse_mellowmin,trajectory,20260922,True,True,True,True,0.006891674000144121,0.002647826999236713,0.10175132100084738,0.10175132100084738,0.8598090650011727,0.9710998870014009,0.12144546300078218,0.09692597389221191,0.09692597389221191,253,0,967,168,799,22,21,714,4,True,1.6368484120833896e-09,optimal,63617.44814158102,0.010000000000263028,11,inf,,,,"[{""iteration"": 1, ""max_slack"": 6.082101899073815e-08, ""objective"": 63617.44814158244, ""original_change"": null, ""penalized_change"": null, ""penalized_objective"": 63617.44814161733, ""phase"": ""lse"", ""solver_time"": 0.027157068252563477, ""status"": ""optimal"", ""tau"": 0.005}, {""iteration"": 2, ""max_slack"": 8.517544471098835e-08, ""objective"": 63617.448141587214, ""original_change"": 4.773028194904327e-09, ""penalized_change"": 4.693720256909728e-08, ""penalized_objective"": 63617.44814166427, ""phase"": ""lse"", ""solver_time"": 0.01749110221862793, ""status"": ""optimal"", ""tau"": 0.01}, {""converged"": true, ""phase"": ""lse"", ""summary"": true}, {""iteration"": 1, ""max_slack"": 6.082890221054479e-08, ""objective"": 63617.448141582456, ""original_change"": null, ""penalized_change"": null, ""penalized_objective"": 63617.448141617344, ""phase"": ""mellowmin"", ""solver_time"": 0.025935888290405273, ""status"": ""optimal"", ""tau"": 0.005}, {""iteration"": 2, ""max_slack"": 1.6368484120833896e-09, ""objective"": 63617.44814157976, ""original_change"": 2.6921043172478676e-09, ""penalized_change"": 3.632158041000366e-08, ""penalized_objective"": 63617.44814158102, ""phase"": ""mellowmin"", ""solver_time"": 0.026341915130615234, ""status"": ""optimal"", ""tau"": 0.01}, {""converged"": true, ""phase"": ""mellowmin"", ""summary"": true}]",
DEU_LocationALower-25_155_T-1,scenarios/experiment_scenarios/highd/DEU_LocationALower-25_155_T-1.xml,15,R_G1_R_G3,0,lin2025,21,lse_mellowmin,trajectory,20260922,True,True,True,True,0.010433121000460233,0.003100006999375182,0.10710538500097755,0.10710538500097755,0.7054168089998711,0.8260553220006841,0.1283095359995059,0.09298205375671387,0.09298205375671387,253,0,988,168,820,22,21,735,4,True,7.44599446753498e-08,optimal,150176.77604548453,0.010000000011527545,14,inf,,,,"[{""iteration"": 1, ""max_slack"": 3.7408101999890364e-07, ""objective"": 150176.77604545042, ""original_change"": null, ""penalized_change"": null, ""penalized_objective"": 150176.77604575508, ""phase"": ""lse"", ""solver_time"": 0.024389982223510742, ""status"": ""optimal"", ""tau"": 0.005}, {""iteration"": 2, ""max_slack"": 9.121231802290215e-10, ""objective"": 150176.7760454232, ""original_change"": 2.7212081477046013e-08, ""penalized_change"": 3.3024116419255733e-07, ""penalized_objective"": 150176.77604542483, ""phase"": ""lse"", ""solver_time"": 0.018641948699951172, ""status"": ""optimal"", ""tau"": 0.01}, {""converged"": true, ""phase"": ""lse"", ""summary"": true}, {""iteration"": 1, ""max_slack"": 5.1293774853663e-10, ""objective"": 150176.77604542306, ""original_change"": null, ""penalized_change"": null, ""penalized_objective"": 150176.77604542347, ""phase"": ""mellowmin"", ""solver_time"": 0.025370121002197266, ""status"": ""optimal"", ""tau"": 0.005}, {""iteration"": 2, ""max_slack"": 7.44599446753498e-08, ""objective"": 150176.7760454348, ""original_change"": 1.1728843674063683e-08, ""penalized_change"": 6.105983629822731e-08, ""penalized_objective"": 150176.77604548453, ""phase"": ""mellowmin"", ""solver_time"": 0.024580001831054688, ""status"": ""optimal"", ""tau"": 0.01}, {""converged"": true, ""phase"": ""mellowmin"", ""summary"": true}]",
DEU_LocationALower-27_140_T-1,scenarios/experiment_scenarios/highd/DEU_LocationALower-27_140_T-1.xml,14,R_G1_R_G3,0,lin2025,21,lse_mellowmin,trajectory,20260922,True,True,True,True,0.01237434499853407,0.0029236440004751785,0.10743052500038175,0.10743052500038175,0.9168849109992152,1.0396134249986062,0.1302507999989757,0.13422751426696777,0.13422751426696777,253,0,988,168,820,22,21,735,6,True,5.7964533142127155e-08,optimal,182666.6005097678,0.0100000000082332,13,inf,,,,"[{""iteration"": 1, ""max_slack"": 1.6111485333796511, ""objective"": 182666.60357618777, ""original_change"": null, ""penalized_change"": null, ""penalized_objective"": 182666.92221440832, ""phase"": ""lse"", ""solver_time"": 0.027649879455566406, ""status"": ""optimal"", ""tau"": 0.005}, {""iteration"": 2, ""max_slack"": 1.45290935995659, ""objective"": 182666.60228588688, ""original_change"": 0.0012903008901048452, ""penalized_change"": 0.10199211165308952, ""penalized_objective"": 182666.82022229666, ""phase"": ""lse"", ""solver_time"": 0.01843714714050293, ""status"": ""optimal"", ""tau"": 0.01}, {""iteration"": 3, ""max_slack"": 4.385574530027254e-10, ""objective"": 182666.60050972574, ""original_change"": 0.0017761611379683018, ""penalized_change"": 0.2197125696693547, ""penalized_objective"": 182666.600509727, ""phase"": ""lse"", ""solver_time"": 0.018624067306518555, ""status"": ""optimal"", ""tau"": 0.02}, {""iteration"": 4, ""max_slack"": 3.496541846503994e-08, ""objective"": 182666.60050973992, ""original_change"": 1.4173565432429314e-08, ""penalized_change"": 2.0657898858189583e-07, ""penalized_objective"": 182666.60050993357, ""phase"": ""lse"", ""solver_time"": 0.0185091495513916, ""status"": ""optimal"", ""tau"": 0.04}, {""converged"": true, ""phase"": ""lse"", ""summary"": true}, {""iteration"": 1, ""max_slack"": 1.6312826730645432e-09, ""objective"": 182666.60050972586, ""original_change"": null, ""penalized_change"": null, ""penalized_objective"": 182666.60050972676, ""phase"": ""mellowmin"", ""solver_time"": 0.02643609046936035, ""status"": ""optimal"", ""tau"": 0.005}, {""iteration"": 2, ""max_slack"": 5.7964533142127155e-08, ""objective"": 182666.60050972938, ""original_change"": 3.521563485264778e-09, ""penalized_change"": 4.103640094399452e-08, ""penalized_objective"": 182666.6005097678, ""phase"": ""mellowmin"", ""solver_time"": 0.02457118034362793, ""status"": ""optimal"", ""tau"": 0.01}, {""converged"": true, ""phase"": ""mellowmin"", ""summary"": true}]",
DEU_LocationALower-27_184_T-1,scenarios/experiment_scenarios/highd/DEU_LocationALower-27_184_T-1.xml,13,R_G1_R_G3,0,lin2025,21,lse_mellowmin,trajectory,20260922,True,True,True,True,0.007578729999295319,0.002888851000534487,0.10574896199977957,0.10574896199977957,0.6965312059983262,0.8127477489979356,0.13876226800130098,0.1010589599609375,0.1010589599609375,253,0,967,168,799,22,21,714,4,True,9.602558384803558e-08,optimal,88332.03315253317,0.010000000030165998,11,inf,,,,"[{""iteration"": 1, ""max_slack"": 4.2200818752931395e-10, ""objective"": 88332.0331524154, ""original_change"": null, ""penalized_change"": null, ""penalized_objective"": 88332.03315241568, ""phase"": ""lse"", ""solver_time"": 0.025948047637939453, ""status"": ""optimal"", ""tau"": 0.005}, {""iteration"": 2, ""max_slack"": 5.8709227313174844e-08, ""objective"": 88332.0331524207, ""original_change"": 5.296897143125534e-09, ""penalized_change"": 7.716880645602942e-08, ""penalized_objective"": 88332.03315249285, ""phase"": ""lse"", ""solver_time"": 0.02569890022277832, ""status"": ""optimal"", ""tau"": 0.01}, {""converged"": true, ""phase"": ""lse"", ""summary"": true}, {""iteration"": 1, ""max_slack"": 4.2218025476741323e-10, ""objective"": 88332.03315241536, ""original_change"": null, ""penalized_change"": null, ""penalized_objective"": 88332.03315241564, ""phase"": ""mellowmin"", ""solver_time"": 0.025079965591430664, ""status"": ""optimal"", ""tau"": 0.005}, {""iteration"": 2, ""max_slack"": 9.602558384803558e-08, ""objective"": 88332.03315242482, ""original_change"": 9.458744898438454e-09, ""penalized_change"": 1.1753581929951906e-07, ""penalized_objective"": 88332.03315253317, ""phase"": ""mellowmin"", ""solver_time"": 0.024332046508789062, ""status"": ""optimal"", ""tau"": 0.01}, {""converged"": true, ""phase"": ""mellowmin"", ""summary"": true}]",
DEU_LocationALower-28_109_T-1,scenarios/experiment_scenarios/highd/DEU_LocationALower-28_109_T-1.xml,13,R_G1_R_G3,0,lin2025,21,lse_mellowmin,trajectory,20260922,True,True,True,True,0.012344770999334287,0.002717564000704442,0.1813833579999482,0.1813833579999482,0.894279436000943,1.0907251290009299,0.14927959399938118,0.09424805641174316,0.09424805641174316,253,0,988,168,820,22,21,735,4,True,2.5778843797066733e-09,optimal,150652.15924526492,0.010000000000331966,12,inf,,,,"[{""iteration"": 1, ""max_slack"": 1.9650079487197115e-08, ""objective"": 150652.15924526204, ""original_change"": null, ""penalized_change"": null, ""penalized_objective"": 150652.15924528218, ""phase"": ""lse"", ""solver_time"": 0.02523493766784668, ""status"": ""optimal"", ""tau"": 0.005}, {""iteration"": 2, ""max_slack"": 3.993081128239178e-09, ""objective"": 150652.15924526076, ""original_change"": 1.280568540096283e-09, ""penalized_change"": 1.3795215636491776e-08, ""penalized_objective"": 150652.15924526838, ""phase"": ""lse"", ""solver_time"": 0.01944708824157715, ""status"": ""optimal"", ""tau"": 0.01}, {""converged"": true, ""phase"": ""lse"", ""summary"": true}, {""iteration"": 1, ""max_slack"": 3.413361550996115e-09, ""objective"": 150652.15924526015, ""original_change"": null, ""penalized_change"": null, ""penalized_objective"": 150652.15924526146, ""phase"": ""mellowmin"", ""solver_time"": 0.02490401268005371, ""status"": ""optimal"", ""tau"": 0.005}, {""iteration"": 2, ""max_slack"": 2.5778843797066733e-09, ""objective"": 150652.15924526023, ""original_change"": 8.731149137020111e-11, ""penalized_change"": 3.4633558243513107e-09, ""penalized_objective"": 150652.15924526492, ""phase"": ""mellowmin"", ""solver_time"": 0.024662017822265625, ""status"": ""optimal"", ""tau"": 0.01}, {""converged"": true, ""phase"": ""mellowmin"", ""summary"": true}]",
DEU_LocationALower-28_109_T-1,scenarios/experiment_scenarios/highd/DEU_LocationALower-28_109_T-1.xml,18,R_G1_R_G3,0,lin2025,21,lse_mellowmin,trajectory,20260922,True,True,True,True,0.011271526000200538,0.0032235689996014116,0.12108043000080215,0.12108043000080215,0.9886891419992025,1.1242646669998066,0.1465743750013644,0.10165691375732422,0.10165691375732422,253,0,988,168,820,22,21,735,4,True,3.195780390568977e-10,optimal,87486.44686410009,0.010000000000131943,16,inf,,,,"[{""iteration"": 1, ""max_slack"": 6.744903869403316e-09, ""objective"": 87486.4468641002, ""original_change"": null, ""penalized_change"": null, ""penalized_objective"": 87486.44686410314, ""phase"": ""lse"", ""solver_time"": 0.02688288688659668, ""status"": ""optimal"", ""tau"": 0.005}, {""iteration"": 2, ""max_slack"": 5.882801875590233e-10, ""objective"": 87486.44686409981, ""original_change"": 3.92901711165905e-10, ""penalized_change"": 1.862645149230957e-09, ""penalized_objective"": 87486.44686410128, ""phase"": ""lse"", ""solver_time"": 0.019335031509399414, ""status"": ""optimal"", ""tau"": 0.01}, {""converged"": true, ""phase"": ""lse"", ""summary"": true}, {""iteration"": 1, ""max_slack"": 6.7537305390341474e-09, ""objective"": 87486.44686410019, ""original_change"": null, ""penalized_change"": null, ""penalized_objective"": 87486.44686410313, ""phase"": ""mellowmin"", ""solver_time"": 0.027332067489624023, ""status"": ""optimal"", ""tau"": 0.005}, {""iteration"": 2, ""max_slack"": 3.195780390568977e-10, ""objective"": 87486.4468640997, ""original_change"": 4.94765117764473e-10, ""penalized_change"": 3.041350282728672e-09, ""penalized_objective"": 87486.44686410009, ""phase"": ""mellowmin"", ""solver_time"": 0.0281069278717041, ""status"": ""optimal"", ""tau"": 0.01}, {""converged"": true, ""phase"": ""mellowmin"", ""summary"": true}]",
DEU_LocationALower-28_228_T-1,scenarios/experiment_scenarios/highd/DEU_LocationALower-28_228_T-1.xml,11,R_G1_R_G3,0,lin2025,21,lse_mellowmin,trajectory,20260922,True,True,True,True,0.017085052999391337,0.0031424300013895845,0.16996380199998384,0.16996380199998384,1.0066119599996455,1.1968032450004102,0.14272376700137102,0.10485982894897461,0.10485982894897461,253,0,988,168,820,22,21,735,4,True,2.0696854815291203e-07,optimal,129418.32437472991,0.010000000048023594,9,inf,,,,"[{""iteration"": 1, ""max_slack"": 6.3105322077313685e-09, ""objective"": 129418.32437447457, ""original_change"": null, ""penalized_change"": null, ""penalized_objective"": 129418.32437448106, ""phase"": ""lse"", ""solver_time"": 0.02841496467590332, ""status"": ""optimal"", ""tau"": 0.005}, {""iteration"": 2, ""max_slack"": 7.582589210870534e-08, ""objective"": 129418.32437447934, ""original_change"": 4.773028194904327e-09, ""penalized_change"": 1.255539245903492e-07, ""penalized_objective"": 129418.32437460661, ""phase"": ""lse"", ""solver_time"": 0.01993393898010254, ""status"": ""optimal"", ""tau"": 0.01}, {""converged"": true, ""phase"": ""lse"", ""summary"": true}, {""iteration"": 1, ""max_slack"": 7.421728418269069e-10, ""objective"": 129418.32437447405, ""original_change"": null, ""penalized_change"": null, ""penalized_objective"": 129418.32437447463, ""phase"": ""mellowmin"", ""solver_time"": 0.029100894927978516, ""status"": ""optimal"", ""tau"": 0.005}, {""iteration"": 2, ""max_slack"": 2.0696854815291203e-07, ""objective"": 129418.32437448761, ""original_change"": 1.3562384992837906e-08, ""penalized_change"": 2.552842488512397e-07, ""penalized_objective"": 129418.32437472991, ""phase"": ""mellowmin"", ""solver_time"": 0.027410030364990234, ""status"": ""optimal"", ""tau"": 0.01}, {""converged"": true, ""phase"": ""mellowmin"", ""summary"": true}]",
DEU_LocationALower-28_252_T-1,scenarios/experiment_scenarios/highd/DEU_LocationALower-28_252_T-1.xml,12,R_G1_R_G3,0,lin2025,21,lse_mellowmin,trajectory,20260922,True,True,True,True,0.01148887900126283,0.0028974889992241515,0.12133528699996532,0.12133528699996532,0.8553090120003617,0.991030667000814,0.14443059400036873,0.09144091606140137,0.09144091606140137,253,0,988,168,820,22,21,735,4,True,3.04260083203979e-08,optimal,188877.24165424064,0.010000000005959464,10,inf,,,,"[{""iteration"": 1, ""max_slack"": 3.4490699153433583e-07, ""objective"": 188877.24165423473, ""original_change"": null, ""penalized_change"": null, ""penalized_objective"": 188877.24165451742, ""phase"": ""lse"", ""solver_time"": 0.02473306655883789, ""status"": ""optimal"", ""tau"": 0.005}, {""iteration"": 2, ""max_slack"": 1.2012880609902875e-08, ""objective"": 188877.24165421913, ""original_change"": 1.5599653124809265e-08, ""penalized_change"": 2.758752088993788e-07, ""penalized_objective"": 188877.24165424154, ""phase"": ""lse"", ""solver_time"": 0.018352985382080078, ""status"": ""optimal"", ""tau"": 0.01}, {""converged"": true, ""phase"": ""lse"", ""summary"": true}, {""iteration"": 1, ""max_slack"": 4.4341590425150436e-07, ""objective"": 188877.24165423695, ""original_change"": null, ""penalized_change"": null, ""penalized_objective"": 188877.24165456783, ""phase"": ""mellowmin"", ""solver_time"": 0.02427387237548828, ""status"": ""optimal"", ""tau"": 0.005}, {""iteration"": 2, ""max_slack"": 3.04260083203979e-08, ""objective"": 188877.24165421998, ""original_change"": 1.696753315627575e-08, ""penalized_change"": 3.271852619946003e-07, ""penalized_objective"": 188877.24165424064, ""phase"": ""mellowmin"", ""solver_time"": 0.024080991744995117, ""status"": ""optimal"", ""tau"": 0.01}, {""converged"": true, ""phase"": ""mellowmin"", ""summary"": true}]",
DEU_LocationALower-28_252_T-1,scenarios/experiment_scenarios/highd/DEU_LocationALower-28_252_T-1.xml,18,R_G1_R_G3,0,lin2025,21,lse_mellowmin,trajectory,20260922,True,True,True,True,0.011083792998761055,0.0029510229996958515,0.3535699320000276,0.3535699320000276,0.815052307998485,1.1826570559969696,0.1474584160005179,0.09009170532226562,0.09009170532226562,253,0,967,168,799,22,21,714,4,True,1.791131248216231e-08,optimal,34636.45753860197,0.010000000006213131,17,inf,,,,"[{""iteration"": 1, ""max_slack"": 3.558599347739755e-09, ""objective"": 34636.45753859082, ""original_change"": null, ""penalized_change"": null, ""penalized_objective"": 34636.45753859333, ""phase"": ""lse"", ""solver_time"": 0.023144960403442383, ""status"": ""optimal"", ""tau"": 0.005}, {""iteration"": 2, ""max_slack"": 1.3195641530461903e-08, ""objective"": 34636.45753859121, ""original_change"": 3.92901711165905e-10, ""penalized_change"": 1.664739102125168e-08, ""penalized_objective"": 34636.457538609975, ""phase"": ""lse"", ""solver_time"": 0.01776909828186035, ""status"": ""optimal"", ""tau"": 0.01}, {""converged"": true, ""phase"": ""lse"", ""summary"": true}, {""iteration"": 1, ""max_slack"": 7.318818266403921e-09, ""objective"": 34636.45753859064, ""original_change"": null, ""penalized_change"": null, ""penalized_objective"": 34636.45753859422, ""phase"": ""mellowmin"", ""solver_time"": 0.02405381202697754, ""status"": ""optimal"", ""tau"": 0.005}, {""iteration"": 2, ""max_slack"": 1.791131248216231e-08, ""objective"": 34636.45753859219, ""original_change"": 1.5497789718210697e-09, ""penalized_change"": 7.748894859105349e-09, ""penalized_objective"": 34636.45753860197, ""phase"": ""mellowmin"", ""solver_time"": 0.02512383460998535, ""status"": ""optimal"", ""tau"": 0.01}, {""converged"": true, ""phase"": ""mellowmin"", ""summary"": true}]",
DEU_LocationALower-29_123_T-1,scenarios/experiment_scenarios/highd/DEU_LocationALower-29_123_T-1.xml,16,R_G1_R_G3,0,lin2025,21,lse_mellowmin,trajectory,20260922,True,True,True,True,0.016609606000201893,0.006534838999868953,0.1859940499998629,0.1859940499998629,1.4444038349993207,1.6535423299992544,0.16918055200039817,0.18412518501281738,0.18412518501281738,253,0,967,168,799,22,21,714,6,True,3.15746917360399e-08,optimal,55294.24641922849,0.01000000000797764,14,inf,,,,"[{""iteration"": 1, ""max_slack"": 9.075237544024434, ""objective"": 55294.25126582249, ""original_change"": null, ""penalized_change"": null, ""penalized_objective"": 55295.32385735732, ""phase"": ""lse"", ""solver_time"": 0.04645109176635742, ""status"": ""optimal"", ""tau"": 0.005}, {""iteration"": 2, ""max_slack"": 1.7449612918201924, ""objective"": 55294.251752002965, ""original_change"": 0.00048618047730997205, ""penalized_change"": 0.5489350611169357, ""penalized_objective"": 55294.7749222962, ""phase"": ""lse"", ""solver_time"": 0.01821303367614746, ""status"": ""optimal"", ""tau"": 0.01}, {""iteration"": 3, ""max_slack"": 4.1385357011510193e-10, ""objective"": 55294.246419197654, ""original_change"": 0.005332805310899857, ""penalized_change"": 0.5285030972881941, ""penalized_objective"": 55294.24641919891, ""phase"": ""lse"", ""solver_time"": 0.03843212127685547, ""status"": ""optimal"", ""tau"": 0.02}, {""iteration"": 4, ""max_slack"": 7.406769431728052e-09, ""objective"": 55294.24641920529, ""original_change"": 7.632479537278414e-09, ""penalized_change"": 4.0738086681813e-08, ""penalized_objective"": 55294.24641923965, ""phase"": ""lse"", ""solver_time"": 0.029703140258789062, ""status"": ""optimal"", ""tau"": 0.04}, {""converged"": true, ""phase"": ""lse"", ""summary"": true}, {""iteration"": 1, ""max_slack"": 7.693535546618576e-07, ""objective"": 55294.24641922339, ""original_change"": null, ""penalized_change"": null, ""penalized_objective"": 55294.24641964649, ""phase"": ""mellowmin"", ""solver_time"": 0.025549888610839844, ""status"": ""optimal"", ""tau"": 0.005}, {""iteration"": 2, ""max_slack"": 3.15746917360399e-08, ""objective"": 55294.246419199815, ""original_change"": 2.35741026699543e-08, ""penalized_change"": 4.180037649348378e-07, ""penalized_objective"": 55294.24641922849, ""phase"": ""mellowmin"", ""solver_time"": 0.025775909423828125, ""status"": ""optimal"", ""tau"": 0.01}, {""converged"": true, ""phase"": ""mellowmin"", ""summary"": true}]",
DEU_LocationALower-29_134_T-1,scenarios/experiment_scenarios/highd/DEU_LocationALower-29_134_T-1.xml,9,R_G1_R_G3,0,lin2025,15,lse_mellowmin,trajectory,20260922,True,True,True,True,0.026910208000117564,0.0034442090000084136,0.09712643100101559,0.09712643100101559,0.534010624000075,0.6614914720012166,0.1875661529993522,0.07086920738220215,0.07086920738220215,171,0,653,120,533,11,10,452,5,True,1.5171981833187117e-09,optimal,260124.1918492256,0.010000000000388809,6,inf,,,,"[{""iteration"": 1, ""max_slack"": 0.426906061080738, ""objective"": 260124.19186364775, ""original_change"": null, ""penalized_change"": null, ""penalized_objective"": 260124.22388160974, ""phase"": ""lse"", ""solver_time"": 0.016123056411743164, ""status"": ""optimal"", ""tau"": 0.005}, {""iteration"": 2, ""max_slack"": 4.277410659458465e-08, ""objective"": 260124.19184922686, ""original_change"": 1.4420889783650637e-05, ""penalized_change"": 0.03203235333785415, ""penalized_objective"": 260124.1918492564, ""phase"": ""lse"", ""solver_time"": 0.011920928955078125, ""status"": ""optimal"", ""tau"": 0.01}, {""iteration"": 3, ""max_slack"": 2.4907570577320824e-10, ""objective"": 260124.19184922447, ""original_change"": 2.3865140974521637e-09, ""penalized_change"": 3.157765604555607e-08, ""penalized_objective"": 260124.19184922482, ""phase"": ""lse"", ""solver_time"": 0.012571096420288086, ""status"": ""optimal"", ""tau"": 0.02}, {""converged"": true, ""phase"": ""lse"", ""summary"": true}, {""iteration"": 1, ""max_slack"": 2.0775080252306655e-09, ""objective"": 260124.19184922453, ""original_change"": null, ""penalized_change"": null, ""penalized_objective"": 260124.19184922546, ""phase"": ""mellowmin"", ""solver_time"": 0.014893054962158203, ""status"": ""optimal"", ""tau"": 0.005}, {""iteration"": 2, ""max_slack"": 1.5171981833187117e-09, ""objective"": 260124.1918492246, ""original_change"": 5.820766091346741e-11, ""penalized_change"": 1.4551915228366852e-10, ""penalized_objective"": 260124.1918492256, ""phase"": ""mellowmin"", ""solver_time"": 0.01536107063293457, ""status"": ""optimal"", ""tau"": 0.01}, {""converged"": true, ""phase"": ""mellowmin"", ""summary"": true}]",
DEU_LocationALower-29_245_T-1,scenarios/experiment_scenarios/highd/DEU_LocationALower-29_245_T-1.xml,12,R_G1_R_G3,0,lin2025,21,lse_mellowmin,trajectory,20260922,True,True,True,True,0.01064240800042171,0.003563611000572564,0.2984866670012707,0.2984866670012707,0.5566106969999964,0.8693033830022614,0.16012214600050356,0.10174989700317383,0.10174989700317383,253,0,988,168,820,22,21,735,4,True,2.822019302966043e-09,optimal,197554.3944778228,0.010000000000275122,8,inf,,,,"[{""iteration"": 1, ""max_slack"": 6.981553081109753e-09, ""objective"": 197554.3944778185, ""original_change"": null, ""penalized_change"": null, ""penalized_objective"": 197554.39447782535, ""phase"": ""lse"", ""solver_time"": 0.029671907424926758, ""status"": ""optimal"", ""tau"": 0.005}, {""iteration"": 2, ""max_slack"": 3.627503795275722e-10, ""objective"": 197554.39447781793, ""original_change"": 5.820766091346741e-10, ""penalized_change"": 6.810296326875687e-09, ""penalized_objective"": 197554.39447781854, ""phase"": ""lse"", ""solver_time"": 0.020039081573486328, ""status"": ""optimal"", ""tau"": 0.01}, {""converged"": true, ""phase"": ""lse"", ""summary"": true}, {""iteration"": 1, ""max_slack"": 2.891343413053548e-09, ""objective"": 197554.3944778179, ""original_change"": null, ""penalized_change"": null, ""penalized_objective"": 197554.39447781962, ""phase"": ""mellowmin"", ""solver_time"": 0.02637195587158203, ""status"": ""optimal"", ""tau"": 0.005}, {""iteration"": 2, ""max_slack"": 2.822019302966043e-09, ""objective"": 197554.3944778179, ""original_change"": 0.0, ""penalized_change"": 3.1723175197839737e-09, ""penalized_objective"": 197554.3944778228, ""phase"": ""mellowmin"", ""solver_time"": 0.02566695213317871, ""status"": ""optimal"", ""tau"": 0.01}, {""converged"": true, ""phase"": ""mellowmin"", ""summary"": true}]",
DEU_LocationALower-29_249_T-1,scenarios/experiment_scenarios/highd/DEU_LocationALower-29_249_T-1.xml,23,R_G1_R_G3,0,lin2025,21,lse_mellowmin,trajectory,20260922,True,True,True,True,0.01088775700009137,0.0029405359982774826,0.14969017600014922,0.14969017600014922,0.8857775350006705,1.0492960039991885,0.16937708399927942,0.09908390045166016,0.09908390045166016,253,0,967,168,799,22,21,714,4,True,6.214307603585553e-08,optimal,42444.0115587608,0.010000000017726966,21,inf,,,,"[{""iteration"": 1, ""max_slack"": 1.77226155411984e-09, ""objective"": 42444.01155847097, ""original_change"": null, ""penalized_change"": null, ""penalized_objective"": 42444.01155847226, ""phase"": ""lse"", ""solver_time"": 0.02661299705505371, ""status"": ""optimal"", ""tau"": 0.005}, {""iteration"": 2, ""max_slack"": 1.493530299007437e-09, ""objective"": 42444.01155847072, ""original_change"": 2.546585164964199e-10, ""penalized_change"": 1.7462298274040222e-09, ""penalized_objective"": 42444.011558474005, ""phase"": ""lse"", ""solver_time"": 0.019921064376831055, ""status"": ""optimal"", ""tau"": 0.01}, {""converged"": true, ""phase"": ""lse"", ""summary"": true}, {""iteration"": 1, ""max_slack"": 1.7728707081146506e-09, ""objective"": 42444.01155847102, ""original_change"": null, ""penalized_change"": null, ""penalized_objective"": 42444.01155847232, ""phase"": ""mellowmin"", ""solver_time"": 0.02675604820251465, ""status"": ""optimal"", ""tau"": 0.005}, {""iteration"": 2, ""max_slack"": 6.214307603585553e-08, ""objective"": 42444.01155870252, ""original_change"": 2.3149914341047406e-07, ""penalized_change"": 2.8848444344475865e-07, ""penalized_objective"": 42444.0115587608, ""phase"": ""mellowmin"", ""solver_time"": 0.025793790817260742, ""status"": ""optimal"", ""tau"": 0.01}, {""converged"": true, ""phase"": ""mellowmin"", ""summary"": true}]",
DEU_LocationALower-29_250_T-1,scenarios/experiment_scenarios/highd/DEU_LocationALower-29_250_T-1.xml,12,R_G1_R_G3,0,lin2025,21,lse_mellowmin,trajectory,20260922,True,True,True,True,0.014141174000542378,0.0032698889990570024,0.11679873999855772,0.11679873999855772,1.1058829230005358,1.240092725998693,0.17500527199990756,0.1449601650238037,0.1449601650238037,253,0,988,168,820,22,21,735,6,True,5.126940920264515e-10,optimal,266113.01653040986,0.010000000000047748,9,inf,,,,"[{""iteration"": 1, ""max_slack"": 5.312918620055909, ""objective"": 266113.0251052684, ""original_change"": null, ""penalized_change"": null, ""penalized_objective"": 266114.12224460137, ""phase"": ""lse"", ""solver_time"": 0.023419857025146484, ""status"": ""optimal"", ""tau"": 0.005}, {""iteration"": 2, ""max_slack"": 1.8443278990555565, ""objective"": 266113.01682381704, ""original_change"": 0.008281451358925551, ""penalized_change"": 0.5522564055863768, ""penalized_objective"": 266113.5699881958, ""phase"": ""lse"", ""solver_time"": 0.02136707305908203, ""status"": ""optimal"", ""tau"": 0.01}, {""iteration"": 3, ""max_slack"": 4.724137430490359e-08, ""objective"": 266113.0165304205, ""original_change"": 0.00029339652974158525, ""penalized_change"": 0.5534576229401864, ""penalized_objective"": 266113.01653057284, ""phase"": ""lse"", ""solver_time"": 0.024253129959106445, ""status"": ""optimal"", ""tau"": 0.02}, {""iteration"": 4, ""max_slack"": 2.371971037281055e-08, ""objective"": 266113.016530423, ""original_change"": 2.5029294192790985e-09, ""penalized_change"": 3.818422555923462e-08, ""penalized_objective"": 266113.01653053466, ""phase"": ""lse"", ""solver_time"": 0.024105072021484375, ""status"": ""optimal"", ""tau"": 0.04}, {""converged"": true, ""phase"": ""lse"", ""summary"": true}, {""iteration"": 1, ""max_slack"": 4.184158696992307e-09, ""objective"": 266113.01653040963, ""original_change"": null, ""penalized_change"": null, ""penalized_objective"": 266113.0165304132, ""phase"": ""mellowmin"", ""solver_time"": 0.0260770320892334, ""status"": ""optimal"", ""tau"": 0.005}, {""iteration"": 2, ""max_slack"": 5.126940920264515e-10, ""objective"": 266113.0165304094, ""original_change"": 2.3283064365386963e-10, ""penalized_change"": 3.3178366720676422e-09, ""penalized_objective"": 266113.01653040986, ""phase"": ""mellowmin"", ""solver_time"": 0.025738000869750977, ""status"": ""optimal"", ""tau"": 0.01}, {""converged"": true, ""phase"": ""mellowmin"", ""summary"": true}]",
DEU_LocationALower-29_65_T-1,scenarios/experiment_scenarios/highd/DEU_LocationALower-29_65_T-1.xml,8,R_G1_R_G3,0,lin2025,21,lse_mellowmin,trajectory,20260922,True,True,True,True,0.014398233999600052,0.0030242590000852942,0.11688153599970974,0.11688153599970974,0.8571115089998784,0.9914155379992735,0.171906253999623,0.10394501686096191,0.10394501686096191,253,0,988,168,820,22,21,735,4,True,1.1337381398635063e-08,optimal,244952.9556035248,0.010000000001525677,6,inf,,,,"[{""iteration"": 1, ""max_slack"": 1.253324506706096e-09, ""objective"": 244952.95560351695, ""original_change"": null, ""penalized_change"": null, ""penalized_objective"": 244952.95560351785, ""phase"": ""lse"", ""solver_time"": 0.028403043746948242, ""status"": ""optimal"", ""tau"": 0.005}, {""iteration"": 2, ""max_slack"": 3.384828854167782e-09, ""objective"": 244952.955603517, ""original_change"": 5.820766091346741e-11, ""penalized_change"": 6.082700565457344e-09, ""penalized_objective"": 244952.95560352394, ""phase"": ""lse"", ""solver_time"": 0.020313024520874023, ""status"": ""optimal"", ""tau"": 0.01}, {""converged"": true, ""phase"": ""lse"", ""summary"": true}, {""iteration"": 1, ""max_slack"": 3.126302314715867e-09, ""objective"": 244952.95560351684, ""original_change"": null, ""penalized_change"": null, ""penalized_objective"": 244952.95560351803, ""phase"": ""mellowmin"", ""solver_time"": 0.02759695053100586, ""status"": ""optimal"", ""tau"": 0.005}, {""iteration"": 2, ""max_slack"": 1.1337381398635063e-08, ""objective"": 244952.9556035176, ""original_change"": 7.566995918750763e-10, ""penalized_change"": 6.781192496418953e-09, ""penalized_objective"": 244952.9556035248, ""phase"": ""mellowmin"", ""solver_time"": 0.02763199806213379, ""status"": ""optimal"", ""tau"": 0.01}, {""converged"": true, ""phase"": ""mellowmin"", ""summary"": true}]",
DEU_LocationALower-29_70_T-1,scenarios/experiment_scenarios/highd/DEU_LocationALower-29_70_T-1.xml,11,R_G1_R_G3,0,lin2025,21,lse_mellowmin,trajectory,20260922,True,True,True,True,0.010611615998641355,0.0030189570006768918,0.11633116700068058,0.11633116700068058,1.2019937389995903,1.331955478999589,0.3533651230009127,0.19461417198181152,0.19461417198181152,249,0,966,168,798,20,19,705,4,True,7.60384781406708e-09,optimal,303505.80457058904,0.010000000001696208,9,inf,,,,"[{""iteration"": 1, ""max_slack"": 2.828011844772922e-09, ""objective"": 303505.8045705821, ""original_change"": null, ""penalized_change"": null, ""penalized_objective"": 303505.80457058334, ""phase"": ""lse"", ""solver_time"": 0.05226707458496094, ""status"": ""optimal"", ""tau"": 0.005}, {""iteration"": 2, ""max_slack"": 3.0594955122386718e-09, ""objective"": 303505.8045705821, ""original_change"": 0.0, ""penalized_change"": 2.9685907065868378e-09, ""penalized_objective"": 303505.8045705863, ""phase"": ""lse"", ""solver_time"": 0.0400998592376709, ""status"": ""optimal"", ""tau"": 0.01}, {""converged"": true, ""phase"": ""lse"", ""summary"": true}, {""iteration"": 1, ""max_slack"": 5.541969967476246e-10, ""objective"": 303505.80457058206, ""original_change"": null, ""penalized_change"": null, ""penalized_objective"": 303505.8045705824, ""phase"": ""mellowmin"", ""solver_time"": 0.05335807800292969, ""status"": ""optimal"", ""tau"": 0.005}, {""iteration"": 2, ""max_slack"": 7.60384781406708e-09, ""objective"": 303505.8045705827, ""original_change"": 6.402842700481415e-10, ""penalized_change"": 6.6356733441352844e-09, ""penalized_objective"": 303505.80457058904, ""phase"": ""mellowmin"", ""solver_time"": 0.04888916015625, ""status"": ""optimal"", ""tau"": 0.01}, {""converged"": true, ""phase"": ""mellowmin"", ""summary"": true}]",
DEU_LocationALower-30_218_T-1,scenarios/experiment_scenarios/highd/DEU_LocationALower-30_218_T-1.xml,16,R_G1_R_G3,0,lin2025,21,lse_mellowmin,trajectory,20260922,True,True,True,True,0.00972566999917035,0.0034382829999231035,0.3832739600002242,0.3832739600002242,0.6253069949998462,1.0217449079991638,0.18870485099978396,0.09610986709594727,0.09610986709594727,253,0,988,168,820,22,21,735,4,True,2.840473001568665e-09,optimal,76114.03835926835,0.01000000000172463,14,inf,,,,"[{""iteration"": 1, ""max_slack"": 9.972663475624449e-08, ""objective"": 76114.03835926598, ""original_change"": null, ""penalized_change"": null, ""penalized_objective"": 76114.03835931991, ""phase"": ""lse"", ""solver_time"": 0.026296138763427734, ""status"": ""optimal"", ""tau"": 0.005}, {""iteration"": 2, ""max_slack"": 4.5284948629731986e-08, ""objective"": 76114.0383592649, ""original_change"": 1.076841726899147e-09, ""penalized_change"": 9.356881491839886e-09, ""penalized_objective"": 76114.03835931055, ""phase"": ""lse"", ""solver_time"": 0.018663883209228516, ""status"": ""optimal"", ""tau"": 0.01}, {""converged"": true, ""phase"": ""lse"", ""summary"": true}, {""iteration"": 1, ""max_slack"": 2.1370470916203e-07, ""objective"": 76114.03835926995, ""original_change"": null, ""penalized_change"": null, ""penalized_objective"": 76114.03835933557, ""phase"": ""mellowmin"", ""solver_time"": 0.02527904510498047, ""status"": ""optimal"", ""tau"": 0.005}, {""iteration"": 2, ""max_slack"": 2.840473001568665e-09, ""objective"": 76114.03835926355, ""original_change"": 6.402842700481415e-09, ""penalized_change"": 6.721529643982649e-08, ""penalized_objective"": 76114.03835926835, ""phase"": ""mellowmin"", ""solver_time"": 0.025870800018310547, ""status"": ""optimal"", ""tau"": 0.01}, {""converged"": true, ""phase"": ""mellowmin"", ""summary"": true}]",
DEU_LocationALower-30_46_T-1,scenarios/experiment_scenarios/highd/DEU_LocationALower-30_46_T-1.xml,16,R_G1_R_G3,0,lin2025,21,lse_mellowmin,trajectory,20260922,True,True,True,True,0.013967327000500518,0.0033618639990891097,0.12238241699924401,0.12238241699924401,1.107238292999682,1.2469499009985157,0.18973764300062612,0.1207418441772461,0.1207418441772461,253,0,988,168,820,22,21,735,5,True,6.79000287893478e-10,optimal,217522.40863371614,0.010000000000104592,14,inf,,,,"[{""iteration"": 1, ""max_slack"": 1.8293377953712289, ""objective"": 217522.413517765, ""original_change"": null, ""penalized_change"": null, ""penalized_objective"": 217522.94068031627, ""phase"": ""lse"", ""solver_time"": 0.029578208923339844, ""status"": ""optimal"", ""tau"": 0.005}, {""iteration"": 2, ""max_slack"": 1.626326656120306e-09, ""objective"": 217522.4086337153, ""original_change"": 0.004884049703832716, ""penalized_change"": 0.5320465979166329, ""penalized_objective"": 217522.40863371835, ""phase"": ""lse"", ""solver_time"": 0.021503925323486328, ""status"": ""optimal"", ""tau"": 0.01}, {""iteration"": 3, ""max_slack"": 2.997885706543371e-08, ""objective"": 217522.40863371993, ""original_change"": 4.627509042620659e-09, ""penalized_change"": 1.2601958587765694e-07, ""penalized_objective"": 217522.40863384437, ""phase"": ""lse"", ""solver_time"": 0.01894688606262207, ""status"": ""optimal"", ""tau"": 0.02}, {""converged"": true, ""phase"": ""lse"", ""summary"": true}, {""iteration"": 1, ""max_slack"": 4.632852480546545e-10, ""objective"": 217522.40863371495, ""original_change"": null, ""penalized_change"": null, ""penalized_objective"": 217522.4086337153, ""phase"": ""mellowmin"", ""solver_time"": 0.025282859802246094, ""status"": ""optimal"", ""tau"": 0.005}, {""iteration"": 2, ""max_slack"": 6.79000287893478e-10, ""objective"": 217522.40863371515, ""original_change"": 2.0372681319713593e-10, ""penalized_change"": 8.440110832452774e-10, ""penalized_objective"": 217522.40863371614, ""phase"": ""mellowmin"", ""solver_time"": 0.025429964065551758, ""status"": ""optimal"", ""tau"": 0.01}, {""converged"": true, ""phase"": ""mellowmin"", ""summary"": true}]",
DEU_LocationALower-31_154_T-1,scenarios/experiment_scenarios/highd/DEU_LocationALower-31_154_T-1.xml,9,R_G1_R_G3,0,lin2025,16,lse_mellowmin,trajectory,20260922,True,True,True,True,0.010268617001202074,0.0021212379997450626,0.07632148199991207,0.07632148199991207,0.35950742099885247,0.44821875799971167,0.18899203599903558,0.04138898849487305,0.04138898849487305,183,0,698,128,570,12,11,485,4,True,3.2703208583670405e-09,optimal,262281.3967610814,0.010000000000723312,6,inf,,,,"[{""iteration"": 1, ""max_slack"": 4.7748511145210973e-08, ""objective"": 262281.3967610818, ""original_change"": null, ""penalized_change"": null, ""penalized_objective"": 262281.3967611012, ""phase"": ""lse"", ""solver_time"": 0.01077890396118164, ""status"": ""optimal"", ""tau"": 0.005}, {""iteration"": 2, ""max_slack"": 7.039883193922644e-08, ""objective"": 262281.3967610844, ""original_change"": 2.561137080192566e-09, ""penalized_change"": 3.480818122625351e-08, ""penalized_objective"": 262281.396761136, ""phase"": ""lse"", ""solver_time"": 0.008485078811645508, ""status"": ""optimal"", ""tau"": 0.01}, {""converged"": true, ""phase"": ""lse"", ""summary"": true}, {""iteration"": 1, ""max_slack"": 1.613693435698551e-08, ""objective"": 262281.39676107897, ""original_change"": null, ""penalized_change"": null, ""penalized_objective"": 262281.3967610854, ""phase"": ""mellowmin"", ""solver_time"": 0.011163949966430664, ""status"": ""optimal"", ""tau"": 0.005}, {""iteration"": 2, ""max_slack"": 3.2703208583670405e-09, ""objective"": 262281.3967610789, ""original_change"": 5.820766091346741e-11, ""penalized_change"": 3.958120942115784e-09, ""penalized_objective"": 262281.3967610814, ""phase"": ""mellowmin"", ""solver_time"": 0.010961055755615234, ""status"": ""optimal"", ""tau"": 0.01}, {""converged"": true, ""phase"": ""mellowmin"", ""summary"": true}]",
DEU_LocationALower-31_239_T-1,scenarios/experiment_scenarios/highd/DEU_LocationALower-31_239_T-1.xml,16,R_G1_R_G3,0,lin2025,21,lse_mellowmin,trajectory,20260922,True,True,True,True,0.011364565001713345,0.0031110979998629773,0.1168359480016079,0.1168359480016079,1.6067430639996019,1.738054675002786,0.20563926800059562,0.5582973957061768,0.5582973957061768,253,0,986,168,818,22,21,733,16,False,5.0943673790704715e-11,"solver_error: Solver 'GUROBI' failed. Try another solver, or solve with verbose=True for more information.",164583.67949832053,0.010000030720732411,15,inf,,,,"[{""iteration"": 1, ""max_slack"": 4.916766446113734e-08, ""objective"": 164583.67948369987, ""original_change"": null, ""penalized_change"": null, ""penalized_objective"": 164583.67948372598, ""phase"": ""lse"", ""solver_time"": 0.036273956298828125, ""status"": ""optimal"", ""tau"": 0.005}, {""iteration"": 2, ""max_slack"": 13.2528811092329, ""objective"": 167615.40520332122, ""original_change"": 3031.725719621347, ""penalized_change"": 3047.6357781478728, ""penalized_objective"": 167631.31526187385, ""phase"": ""lse"", ""solver_time"": 0.07446813583374023, ""status"": ""optimal"", ""tau"": 0.01}, {""iteration"": 3, ""max_slack"": 5.69717300021934, ""objective"": 164583.93275407556, ""original_change"": 3031.472449245659, ""penalized_change"": 3027.2988953400345, ""penalized_objective"": 164604.01636653382, ""phase"": ""lse"", ""solver_time"": 0.015529870986938477, ""status"": ""optimal"", ""tau"": 0.02}, {""iteration"": 4, ""max_slack"": 3.464015393077986e-09, ""objective"": 164583.67948369996, ""original_change"": 0.2532703756005503, ""penalized_change"": 20.336882807780057, ""penalized_objective"": 164583.67948372604, ""phase"": ""lse"", ""solver_time"": 0.025434017181396484, ""status"": ""optimal"", ""tau"": 0.04}, {""iteration"": 5, ""max_slack"": 14.25549045206923, ""objective"": 168260.80477835692, ""original_change"": 3677.1252946569584, ""penalized_change"": 3816.9789662282274, ""penalized_objective"": 168400.65844995427, ""phase"": ""lse"", ""solver_time"": 0.11204385757446289, ""status"": ""optimal"", ""tau"": 0.08}, {""iteration"": 6, ""max_slack"": 5.445478680949808, ""objective"": 164599.88900078632, ""original_change"": 3660.915777570597, ""penalized_change"": 3668.4640153844375, ""penalized_objective"": 164732.19443456983, ""phase"": ""lse"", ""solver_time"": 0.014245033264160156, ""status"": ""optimal"", ""tau"": 0.16}, {""iteration"": 7, ""max_slack"": 2.39180231695537e-10, ""objective"": 164583.6794836994, ""original_change"": 16.209517086914275, ""penalized_change"": 148.51495085304487, ""penalized_objective"": 164583.67948371678, ""phase"": ""lse"", ""solver_time"": 0.025536060333251953, ""status"": ""optimal"", ""tau"": 0.32}, {""iteration"": 8, ""max_slack"": 9.835001518975073, ""objective"": 168402.319421616, ""original_change"": 3818.639937916596, ""penalized_change"": 4702.7310132157, ""penalized_objective"": 169286.41049693248, ""phase"": ""lse"", ""solver_time"": 0.06523704528808594, ""status"": ""optimal"", ""tau"": 0.64}, {""iteration"": 9, ""max_slack"": 4.4956955988372735, ""objective"": 164825.60040528935, ""original_change"": 3576.7190163266496, ""penalized_change"": 4050.5711730971234, ""penalized_objective"": 165235.83932383536, ""phase"": ""lse"", ""solver_time"": 0.015386104583740234, ""status"": ""optimal"", ""tau"": 1.28}, {""iteration"": 10, ""max_slack"": 2.742745595782158e-09, ""objective"": 164583.67948412918, ""original_change"": 241.9209211601701, ""penalized_change"": 652.159839047119, ""penalized_objective"": 164583.67948478824, ""phase"": ""lse"", ""solver_time"": 0.02455615997314453, ""status"": ""optimal"", ""tau"": 2.56}, {""iteration"": 11, ""max_slack"": 7.055614909144734, ""objective"": 177712.67549823027, ""original_change"": 13128.996014101082, ""penalized_change"": 18195.373861856293, ""penalized_objective"": 182779.05334664453, ""phase"": ""lse"", ""solver_time"": 0.04575395584106445, ""status"": ""optimal"", ""tau"": 5.12}, {""iteration"": 12, ""max_slack"": 3.5603770323584083, ""objective"": 166372.41717478185, ""original_change"": 11340.25832344842, ""penalized_change"": 14397.247220301011, ""penalized_objective"": 168381.80612634352, ""phase"": ""lse"", ""solver_time"": 0.01500701904296875, ""status"": ""optimal"", ""tau"": 10.24}, {""iteration"": 13, ""max_slack"": 3.7116149056768e-10, ""objective"": 164583.67948483187, ""original_change"": 1788.7376899499795, ""penalized_change"": 3798.126640241593, ""penalized_objective"": 164583.67948610193, ""phase"": ""lse"", ""solver_time"": 0.025117874145507812, ""status"": ""optimal"", ""tau"": 20.48}, {""iteration"": 14, ""max_slack"": 2.7528680237769954, ""objective"": 190333.1112824383, ""original_change"": 25749.431797606434, ""penalized_change"": 38043.24468788065, ""penalized_objective"": 202626.92417398258, ""phase"": ""lse"", ""solver_time"": 0.023920059204101562, ""status"": ""optimal"", ""tau"": 40.96}, {""iteration"": 15, ""max_slack"": 2.5024958486010607, ""objective"": 170173.5469091496, ""original_change"": 20159.56437328871, ""penalized_change"": 17360.74635680433, ""penalized_objective"": 185266.17781717825, ""phase"": ""lse"", ""solver_time"": 0.015072107315063477, ""status"": ""optimal"", ""tau"": 81.92}, {""iteration"": 16, ""max_slack"": 5.0943673790704715e-11, ""objective"": 164583.67949678586, ""original_change"": 5589.867412363732, ""penalized_change"": 20682.498318857717, ""penalized_objective"": 164583.67949832053, ""phase"": ""lse"", ""solver_time"": 0.02471613883972168, ""status"": ""optimal"", ""tau"": 163.84}, {""converged"": false, ""phase"": ""lse"", ""summary"": true}]",
DEU_LocationALower-31_24_T-1,scenarios/experiment_scenarios/highd/DEU_LocationALower-31_24_T-1.xml,13,R_G1_R_G3,0,lin2025,21,lse_mellowmin,trajectory,20260922,True,True,True,True,0.013667046001501149,0.0032315680000465363,0.11522057699949073,0.11522057699949073,1.0538891100004548,1.1860083010014932,0.20719532099974458,0.0943291187286377,0.0943291187286377,251,0,977,168,809,21,20,720,4,True,3.0319547678039095e-09,optimal,289895.34631708456,0.010000000000331966,12,inf,,,,"[{""iteration"": 1, ""max_slack"": 9.120156898019568e-09, ""objective"": 289895.3463170809, ""original_change"": null, ""penalized_change"": null, ""penalized_objective"": 289895.34631708503, ""phase"": ""lse"", ""solver_time"": 0.025196075439453125, ""status"": ""optimal"", ""tau"": 0.005}, {""iteration"": 2, ""max_slack"": 2.3792680242859074e-10, ""objective"": 289895.34631708084, ""original_change"": 5.820766091346741e-11, ""penalized_change"": 3.958120942115784e-09, ""penalized_objective"": 289895.3463170811, ""phase"": ""lse"", ""solver_time"": 0.018107891082763672, ""status"": ""optimal"", ""tau"": 0.01}, {""converged"": true, ""phase"": ""lse"", ""summary"": true}, {""iteration"": 1, ""max_slack"": 9.180701847497156e-09, ""objective"": 289895.34631708084, ""original_change"": null, ""penalized_change"": null, ""penalized_objective"": 289895.3463170849, ""phase"": ""mellowmin"", ""solver_time"": 0.02508997917175293, ""status"": ""optimal"", ""tau"": 0.005}, {""iteration"": 2, ""max_slack"": 3.0319547678039095e-09, ""objective"": 289895.3463170811, ""original_change"": 2.3283064365386963e-10, ""penalized_change"": 3.4924596548080444e-10, ""penalized_objective"": 289895.34631708456, ""phase"": ""mellowmin"", ""solver_time"": 0.02593517303466797, ""status"": ""optimal"", ""tau"": 0.01}, {""converged"": true, ""phase"": ""mellowmin"", ""summary"": true}]",
DEU_LocationALower-31_31_T-1,scenarios/experiment_scenarios/highd/DEU_LocationALower-31_31_T-1.xml,15,R_G1_R_G3,0,lin2025,21,lse_mellowmin,trajectory,20260922,True,True,True,True,0.007223979999253061,0.0034358110005996423,0.1181731150009,0.1181731150009,0.9869073570007458,1.1157402630014985,0.21444073199927516,0.09601807594299316,0.09601807594299316,253,0,967,168,799,22,21,714,4,True,1.0093196146187644e-07,optimal,61123.66329315157,0.01000000002916916,13,inf,,,,"[{""iteration"": 1, ""max_slack"": 1.1122128277621401e-07, ""objective"": 61123.66329299183, ""original_change"": null, ""penalized_change"": null, ""penalized_objective"": 61123.6632930689, ""phase"": ""lse"", ""solver_time"": 0.02648305892944336, ""status"": ""optimal"", ""tau"": 0.005}, {""iteration"": 2, ""max_slack"": 9.177036120958821e-10, ""objective"": 61123.66329298445, ""original_change"": 7.377821020781994e-09, ""penalized_change"": 8.210190571844578e-08, ""penalized_objective"": 61123.6632929868, ""phase"": ""lse"", ""solver_time"": 0.019423961639404297, ""status"": ""optimal"", ""tau"": 0.01}, {""converged"": true, ""phase"": ""lse"", ""summary"": true}, {""iteration"": 1, ""max_slack"": 1.112980987550712e-07, ""objective"": 61123.6632929918, ""original_change"": null, ""penalized_change"": null, ""penalized_objective"": 61123.663293068916, ""phase"": ""mellowmin"", ""solver_time"": 0.025075912475585938, ""status"": ""optimal"", ""tau"": 0.005}, {""iteration"": 2, ""max_slack"": 1.0093196146187644e-07, ""objective"": 61123.6632929999, ""original_change"": 8.105416782200336e-09, ""penalized_change"": 8.265487849712372e-08, ""penalized_objective"": 61123.66329315157, ""phase"": ""mellowmin"", ""solver_time"": 0.02503514289855957, ""status"": ""optimal"", ""tau"": 0.01}, {""converged"": true, ""phase"": ""mellowmin"", ""summary"": true}]",
DEU_LocationALower-31_47_T-1,scenarios/experiment_scenarios/highd/DEU_LocationALower-31_47_T-1.xml,13,R_G1_R_G3,0,lin2025,21,lse_mellowmin,trajectory,20260922,True,True,True,True,0.024837061000653193,0.006902932998855249,0.19513268199989398,0.19513268199989398,1.2280074959999183,1.4548801719993207,0.20624840300115466,0.1976642608642578,0.1976642608642578,253,0,988,168,820,22,21,735,7,True,4.682807206532604e-10,optimal,149075.9648535219,0.010000000000319852,12,inf,,,,"[{""iteration"": 1, ""max_slack"": 11.379163968740412, ""objective"": 149075.97913393157, ""original_change"": null, ""penalized_change"": null, ""penalized_objective"": 149076.96186868314, ""phase"": ""lse"", ""solver_time"": 0.02211308479309082, ""status"": ""optimal"", ""tau"": 0.005}, {""iteration"": 2, ""max_slack"": 0.11902185988792725, ""objective"": 149075.96541410143, ""original_change"": 0.013719830138143152, ""penalized_change"": 0.9638754594489001, ""penalized_objective"": 149075.9979932237, ""phase"": ""lse"", ""solver_time"": 0.03138303756713867, ""status"": ""optimal"", ""tau"": 0.01}, {""iteration"": 3, ""max_slack"": 6.600238832390928e-08, ""objective"": 149075.9648535314, ""original_change"": 0.0005605700425803661, ""penalized_change"": 0.033139567385660484, ""penalized_objective"": 149075.9648536563, ""phase"": ""lse"", ""solver_time"": 0.025671958923339844, ""status"": ""optimal"", ""tau"": 0.02}, {""iteration"": 4, ""max_slack"": 4.921810439376605e-10, ""objective"": 149075.96485352103, ""original_change"": 1.0360963642597198e-08, ""penalized_change"": 1.334992703050375e-07, ""penalized_objective"": 149075.9648535228, ""phase"": ""lse"", ""solver_time"": 0.0213930606842041, ""status"": ""optimal"", ""tau"": 0.04}, {""converged"": true, ""phase"": ""lse"", ""summary"": true}, {""iteration"": 1, ""max_slack"": 0.05318630815716343, ""objective"": 149075.9649367859, ""original_change"": null, ""penalized_change"": null, ""penalized_objective"": 149075.9853270206, ""phase"": ""mellowmin"", ""solver_time"": 0.029332876205444336, ""status"": ""optimal"", ""tau"": 0.005}, {""iteration"": 2, ""max_slack"": 8.321954222329425e-09, ""objective"": 149075.96485352126, ""original_change"": 8.326463284902275e-05, ""penalized_change"": 0.02047348816995509, ""penalized_objective"": 149075.96485353244, ""phase"": ""mellowmin"", ""solver_time"": 0.0323941707611084, ""status"": ""optimal"", ""tau"": 0.01}, {""iteration"": 3, ""max_slack"": 4.682807206532604e-10, ""objective"": 149075.9648535205, ""original_change"": 7.566995918750763e-10, ""penalized_change"": 1.05355866253376e-08, ""penalized_objective"": 149075.9648535219, ""phase"": ""mellowmin"", ""solver_time"": 0.03537607192993164, ""status"": ""optimal"", ""tau"": 0.02}, {""converged"": true, ""phase"": ""mellowmin"", ""summary"": true}]",
DEU_LocationALower-32_117_T-1,scenarios/experiment_scenarios/highd/DEU_LocationALower-32_117_T-1.xml,17,R_G1_R_G3,0,lin2025,21,lse_mellowmin,trajectory,20260922,True,True,True,True,0.01090426600057981,0.0031868070000200532,0.11719297400122741,0.11719297400122741,1.1494542290001846,1.2807382760020118,0.25961166199886065,0.14320993423461914,0.14320993423461914,253,0,967,168,799,22,21,714,6,True,1.2994995255176113e-11,optimal,43670.550792374,0.010000000000019589,15,inf,,,,"[{""iteration"": 1, ""max_slack"": 1.291046385706861, ""objective"": 43670.561085783316, ""original_change"": null, ""penalized_change"": null, ""penalized_objective"": 43671.231028994785, ""phase"": ""lse"", ""solver_time"": 0.023186922073364258, ""status"": ""optimal"", ""tau"": 0.005}, {""iteration"": 2, ""max_slack"": 1.2916953186332547, ""objective"": 43670.55126454451, ""original_change"": 0.009821238803851884, ""penalized_change"": 0.48601014800806297, ""penalized_objective"": 43670.74501884678, ""phase"": ""lse"", ""solver_time"": 0.022886037826538086, ""status"": ""optimal"", ""tau"": 0.01}, {""iteration"": 3, ""max_slack"": 7.891723264170204e-11, ""objective"": 43670.55079237398, ""original_change"": 0.0004721705336123705, ""penalized_change"": 0.19422647258033976, ""penalized_objective"": 43670.5507923742, ""phase"": ""lse"", ""solver_time"": 0.020390987396240234, ""status"": ""optimal"", ""tau"": 0.02}, {""iteration"": 4, ""max_slack"": 1.997349069719927e-10, ""objective"": 43670.55079237432, ""original_change"": 3.41970007866621e-10, ""penalized_change"": 1.4770193956792355e-09, ""penalized_objective"": 43670.550792375674, ""phase"": ""lse"", ""solver_time"": 0.0189669132232666, ""status"": ""optimal"", ""tau"": 0.04}, {""converged"": true, ""phase"": ""lse"", ""summary"": true}, {""iteration"": 1, ""max_slack"": 6.2840972831576744e-09, ""objective"": 43670.55079237411, ""original_change"": null, ""penalized_change"": null, ""penalized_objective"": 43670.55079237776, ""phase"": ""mellowmin"", ""solver_time"": 0.027899980545043945, ""status"": ""optimal"", ""tau"": 0.005}, {""iteration"": 2, ""max_slack"": 1.2994995255176113e-11, ""objective"": 43670.55079237396, ""original_change"": 1.5279510989785194e-10, ""penalized_change"": 3.761670086532831e-09, ""penalized_objective"": 43670.550792374, ""phase"": ""mellowmin"", ""solver_time"": 0.029879093170166016, ""status"": ""optimal"", ""tau"": 0.01}, {""converged"": true, ""phase"": ""mellowmin"", ""summary"": true}]",
DEU_LocationALower-32_136_T-1,scenarios/experiment_scenarios/highd/DEU_LocationALower-32_136_T-1.xml,16,R_G1_R_G3,0,lin2025,21,lse_mellowmin,trajectory,20260922,True,True,True,True,0.011993896001513349,0.00370236299932003,0.11890456800028915,0.11890456800028915,0.9338571520002006,1.068457979001323,0.3173262820000673,0.09344887733459473,0.09344887733459473,253,0,988,168,820,22,21,735,4,True,6.315083637790422e-09,optimal,87660.51285668342,0.010000000001156195,15,inf,,,,"[{""iteration"": 1, ""max_slack"": 1.1083738996727421e-07, ""objective"": 87660.51285668135, ""original_change"": null, ""penalized_change"": null, ""penalized_objective"": 87660.51285674427, ""phase"": ""lse"", ""solver_time"": 0.023866891860961914, ""status"": ""optimal"", ""tau"": 0.005}, {""iteration"": 2, ""max_slack"": 2.6723868117901764e-07, ""objective"": 87660.51285669598, ""original_change"": 1.4624674804508686e-08, ""penalized_change"": 2.8000795282423496e-07, ""penalized_objective"": 87660.51285702428, ""phase"": ""lse"", ""solver_time"": 0.01920294761657715, ""status"": ""optimal"", ""tau"": 0.01}, {""converged"": true, ""phase"": ""lse"", ""summary"": true}, {""iteration"": 1, ""max_slack"": 9.447268448225071e-10, ""objective"": 87660.51285667745, ""original_change"": null, ""penalized_change"": null, ""penalized_objective"": 87660.51285667803, ""phase"": ""mellowmin"", ""solver_time"": 0.025387048721313477, ""status"": ""optimal"", ""tau"": 0.005}, {""iteration"": 2, ""max_slack"": 6.315083637790422e-09, ""objective"": 87660.51285667776, ""original_change"": 3.055902197957039e-10, ""penalized_change"": 5.384208634495735e-09, ""penalized_objective"": 87660.51285668342, ""phase"": ""mellowmin"", ""solver_time"": 0.024991989135742188, ""status"": ""optimal"", ""tau"": 0.01}, {""converged"": true, ""phase"": ""mellowmin"", ""summary"": true}]",
DEU_LocationALower-32_186_T-1,scenarios/experiment_scenarios/highd/DEU_LocationALower-32_186_T-1.xml,12,R_G1_R_G3,0,lin2025,21,lse_mellowmin,trajectory,20260922,True,True,True,True,0.008747101001063129,0.003604297999117989,0.501493574000051,0.501493574000051,0.7643947579999804,1.2782397310002125,0.227834499999517,0.10554814338684082,0.10554814338684082,253,0,988,168,820,22,21,735,4,True,2.4586163364494836e-08,optimal,167290.23635669315,0.010000000005447292,11,inf,,,,"[{""iteration"": 1, ""max_slack"": 1.8050365930275588e-07, ""objective"": 167290.23635667237, ""original_change"": null, ""penalized_change"": null, ""penalized_objective"": 167290.2363567295, ""phase"": ""lse"", ""solver_time"": 0.027517080307006836, ""status"": ""optimal"", ""tau"": 0.005}, {""iteration"": 2, ""max_slack"": 1.815028092557762e-08, ""objective"": 167290.23635667493, ""original_change"": 2.561137080192566e-09, ""penalized_change"": 1.9150320440530777e-08, ""penalized_objective"": 167290.23635671035, ""phase"": ""lse"", ""solver_time"": 0.02101898193359375, ""status"": ""optimal"", ""tau"": 0.01}, {""converged"": true, ""phase"": ""lse"", ""summary"": true}, {""iteration"": 1, ""max_slack"": 8.811980877391104e-10, ""objective"": 167290.23635666864, ""original_change"": null, ""penalized_change"": null, ""penalized_objective"": 167290.2363566691, ""phase"": ""mellowmin"", ""solver_time"": 0.02960801124572754, ""status"": ""optimal"", ""tau"": 0.005}, {""iteration"": 2, ""max_slack"": 2.4586163364494836e-08, ""objective"": 167290.23635667106, ""original_change"": 2.4156179279088974e-09, ""penalized_change"": 2.403976395726204e-08, ""penalized_objective"": 167290.23635669315, ""phase"": ""mellowmin"", ""solver_time"": 0.027404069900512695, ""status"": ""optimal"", ""tau"": 0.01}, {""converged"": true, ""phase"": ""mellowmin"", ""summary"": true}]",
DEU_LocationALower-32_70_T-1,scenarios/experiment_scenarios/highd/DEU_LocationALower-32_70_T-1.xml,14,R_G1_R_G3,0,lin2025,21,lse_mellowmin,trajectory,20260922,True,True,True,True,0.009604095999748097,0.004296574999898439,0.4270701130008092,0.4270701130008092,0.662736741000117,1.1037075250005728,0.24810956100009207,0.11910772323608398,0.11910772323608398,253,0,988,168,820,22,21,735,4,True,6.639164027050259e-08,optimal,190633.53129743153,0.0100000000095406,12,inf,,,,"[{""iteration"": 1, ""max_slack"": 9.75655693136949e-08, ""objective"": 190633.53129738985, ""original_change"": null, ""penalized_change"": null, ""penalized_objective"": 190633.53129749963, ""phase"": ""lse"", ""solver_time"": 0.04864192008972168, ""status"": ""optimal"", ""tau"": 0.005}, {""iteration"": 2, ""max_slack"": 3.597751104914613e-09, ""objective"": 190633.5312973784, ""original_change"": 1.146690919995308e-08, ""penalized_change"": 1.1478550732135773e-07, ""penalized_objective"": 190633.53129738485, ""phase"": ""lse"", ""solver_time"": 0.02152395248413086, ""status"": ""optimal"", ""tau"": 0.01}, {""converged"": true, ""phase"": ""lse"", ""summary"": true}, {""iteration"": 1, ""max_slack"": 6.753194576532893e-09, ""objective"": 190633.53129737862, ""original_change"": null, ""penalized_change"": null, ""penalized_objective"": 190633.53129738162, ""phase"": ""mellowmin"", ""solver_time"": 0.025030851364135742, ""status"": ""optimal"", ""tau"": 0.005}, {""iteration"": 2, ""max_slack"": 6.639164027050259e-08, ""objective"": 190633.5312973826, ""original_change"": 3.987224772572517e-09, ""penalized_change"": 4.99130692332983e-08, ""penalized_objective"": 190633.53129743153, ""phase"": ""mellowmin"", ""solver_time"": 0.023910999298095703, ""status"": ""optimal"", ""tau"": 0.01}, {""converged"": true, ""phase"": ""mellowmin"", ""summary"": true}]",
DEU_LocationALower-32_84_T-1,scenarios/experiment_scenarios/highd/DEU_LocationALower-32_84_T-1.xml,13,R_G1_R_G3,0,lin2025,21,lse_mellowmin,trajectory,20260922,True,True,True,True,0.010547845000473899,0.0034269250008946983,0.12345295700106362,0.12345295700106362,1.0082590309993975,1.1456867580018297,0.2751679189987044,0.09484052658081055,0.09484052658081055,253,0,988,168,820,22,21,735,4,True,5.947352286267204e-08,optimal,162279.8072939791,0.010000000010734311,10,inf,,,,"[{""iteration"": 1, ""max_slack"": 3.1060988231591247e-10, ""objective"": 162279.80729391065, ""original_change"": null, ""penalized_change"": null, ""penalized_objective"": 162279.80729391094, ""phase"": ""lse"", ""solver_time"": 0.025054216384887695, ""status"": ""optimal"", ""tau"": 0.005}, {""iteration"": 2, ""max_slack"": 2.446064866803955e-08, ""objective"": 162279.8072939143, ""original_change"": 3.637978807091713e-09, ""penalized_change"": 2.9365764930844307e-08, ""penalized_objective"": 162279.8072939403, ""phase"": ""lse"", ""solver_time"": 0.018450021743774414, ""status"": ""optimal"", ""tau"": 0.01}, {""converged"": true, ""phase"": ""lse"", ""summary"": true}, {""iteration"": 1, ""max_slack"": 2.342435945432977e-07, ""objective"": 162279.80729392104, ""original_change"": null, ""penalized_change"": null, ""penalized_objective"": 162279.80729410544, ""phase"": ""mellowmin"", ""solver_time"": 0.025463104248046875, ""status"": ""optimal"", ""tau"": 0.005}, {""iteration"": 2, ""max_slack"": 5.947352286267204e-08, ""objective"": 162279.80729391513, ""original_change"": 5.908077582716942e-09, ""penalized_change"": 1.26339728012681e-07, ""penalized_objective"": 162279.8072939791, ""phase"": ""mellowmin"", ""solver_time"": 0.025873184204101562, ""status"": ""optimal"", ""tau"": 0.01}, {""converged"": true, ""phase"": ""mellowmin"", ""summary"": true}]",
DEU_LocationALower-33_142_T-1,scenarios/experiment_scenarios/highd/DEU_LocationALower-33_142_T-1.xml,10,R_G1_R_G3,0,lin2025,16,lse_mellowmin,trajectory,20260922,True,True,True,True,0.014478948000032688,0.002115117998982896,0.08136109099905298,0.08136109099905298,0.5464717510003538,0.6444269079984224,0.3683225320000929,0.09970951080322266,0.09970951080322266,183,0,698,128,570,12,11,485,6,True,4.990528836734618e-10,optimal,274905.44901998463,0.010000000000137045,8,inf,,,,"[{""iteration"": 1, ""max_slack"": 6.6637517734353695, ""objective"": 274905.44914333144, ""original_change"": null, ""penalized_change"": null, ""penalized_objective"": 274906.03804810345, ""phase"": ""lse"", ""solver_time"": 0.011371850967407227, ""status"": ""optimal"", ""tau"": 0.005}, {""iteration"": 2, ""max_slack"": 0.5901670637139825, ""objective"": 274905.4491749845, ""original_change"": 3.165303496643901e-05, ""penalized_change"": 0.41276080504758283, ""penalized_objective"": 274905.6252872984, ""phase"": ""lse"", ""solver_time"": 0.015108823776245117, ""status"": ""optimal"", ""tau"": 0.01}, {""iteration"": 3, ""max_slack"": 1.1028462489874828e-09, ""objective"": 274905.44901998417, ""original_change"": 0.00015500030713155866, ""penalized_change"": 0.1762673135381192, ""penalized_objective"": 274905.44901998487, ""phase"": ""lse"", ""solver_time"": 0.03075885772705078, ""status"": ""optimal"", ""tau"": 0.02}, {""iteration"": 4, ""max_slack"": 2.488453211679057e-10, ""objective"": 274905.44901998405, ""original_change"": 1.1641532182693481e-10, ""penalized_change"": 0.0, ""penalized_objective"": 274905.44901998487, ""phase"": ""lse"", ""solver_time"": 0.014455080032348633, ""status"": ""optimal"", ""tau"": 0.04}, {""converged"": true, ""phase"": ""lse"", ""summary"": true}, {""iteration"": 1, ""max_slack"": 1.7967672425716344e-08, ""objective"": 274905.4490199845, ""original_change"": null, ""penalized_change"": null, ""penalized_objective"": 274905.4490199909, ""phase"": ""mellowmin"", ""solver_time"": 0.015244007110595703, ""status"": ""optimal"", ""tau"": 0.005}, {""iteration"": 2, ""max_slack"": 4.990528836734618e-10, ""objective"": 274905.44901998417, ""original_change"": 3.4924596548080444e-10, ""penalized_change"": 6.28642737865448e-09, ""penalized_objective"": 274905.44901998463, ""phase"": ""mellowmin"", ""solver_time"": 0.012770891189575195, ""status"": ""optimal"", ""tau"": 0.01}, {""converged"": true, ""phase"": ""mellowmin"", ""summary"": true}]",
DEU_LocationALower-33_16_T-1,scenarios/experiment_scenarios/highd/DEU_LocationALower-33_16_T-1.xml,12,R_G1_R_G3,0,lin2025,21,lse_mellowmin,trajectory,20260922,True,True,True,True,0.02174032699986128,0.005287567000777926,0.12233606499830785,0.12233606499830785,0.5989601300007052,0.7483240889996523,0.24036326200075564,0.08483409881591797,0.08483409881591797,243,0,933,168,765,17,16,660,4,True,1.4404863155295807e-07,optimal,312640.51576775697,0.010000000013953944,10,inf,,,,"[{""iteration"": 1, ""max_slack"": 8.257963169367951e-08, ""objective"": 312640.5157676114, ""original_change"": null, ""penalized_change"": null, ""penalized_objective"": 312640.51576763403, ""phase"": ""lse"", ""solver_time"": 0.021715164184570312, ""status"": ""optimal"", ""tau"": 0.005}, {""iteration"": 2, ""max_slack"": 4.102619225736275e-08, ""objective"": 312640.5157676057, ""original_change"": 5.704350769519806e-09, ""penalized_change"": 2.6193447411060333e-09, ""penalized_objective"": 312640.51576763665, ""phase"": ""lse"", ""solver_time"": 0.01925802230834961, ""status"": ""optimal"", ""tau"": 0.01}, {""converged"": true, ""phase"": ""lse"", ""summary"": true}, {""iteration"": 1, ""max_slack"": 8.261093678623094e-08, ""objective"": 312640.5157676115, ""original_change"": null, ""penalized_change"": null, ""penalized_objective"": 312640.51576763426, ""phase"": ""mellowmin"", ""solver_time"": 0.022305011749267578, ""status"": ""optimal"", ""tau"": 0.005}, {""iteration"": 2, ""max_slack"": 1.4404863155295807e-07, ""objective"": 312640.51576763066, ""original_change"": 1.9150320440530777e-08, ""penalized_change"": 1.227017492055893e-07, ""penalized_objective"": 312640.51576775697, ""phase"": ""mellowmin"", ""solver_time"": 0.02155590057373047, ""status"": ""optimal"", ""tau"": 0.01}, {""converged"": true, ""phase"": ""mellowmin"", ""summary"": true}]",
DEU_LocationALower-33_219_T-1,scenarios/experiment_scenarios/highd/DEU_LocationALower-33_219_T-1.xml,8,R_G1_R_G3,0,lin2025,18,lse_mellowmin,trajectory,20260922,True,True,True,True,0.009923891999278567,0.0031300419996114215,0.1021706310002628,0.1021706310002628,0.6174553670007299,0.7326799319998827,0.3741933710007288,0.11812806129455566,0.11812806129455566,213,0,825,144,681,17,16,600,6,True,2.3239801687460312e-09,optimal,275664.5293101494,0.01000000000035523,7,inf,,,,"[{""iteration"": 1, ""max_slack"": 1.9681383411453235, ""objective"": 275664.5317542035, ""original_change"": null, ""penalized_change"": null, ""penalized_objective"": 275665.2725942199, ""phase"": ""lse"", ""solver_time"": 0.01692795753479004, ""status"": ""optimal"", ""tau"": 0.005}, {""iteration"": 2, ""max_slack"": 1.5845401647869926, ""objective"": 275664.52938757144, ""original_change"": 0.0023666320485062897, ""penalized_change"": 0.505525616928935, ""penalized_objective"": 275664.76706860296, ""phase"": ""lse"", ""solver_time"": 0.01667308807373047, ""status"": ""optimal"", ""tau"": 0.01}, {""iteration"": 3, ""max_slack"": 5.782293542982896e-09, ""objective"": 275664.5293101482, ""original_change"": 7.742323214188218e-05, ""penalized_change"": 0.23775844502961263, ""penalized_objective"": 275664.52931015793, ""phase"": ""lse"", ""solver_time"": 0.015460014343261719, ""status"": ""optimal"", ""tau"": 0.02}, {""iteration"": 4, ""max_slack"": 4.7658457430943264e-11, ""objective"": 275664.52931014664, ""original_change"": 1.57160684466362e-09, ""penalized_change"": 1.100124791264534e-08, ""penalized_objective"": 275664.5293101469, ""phase"": ""lse"", ""solver_time"": 0.015094995498657227, ""status"": ""optimal"", ""tau"": 0.04}, {""converged"": true, ""phase"": ""lse"", ""summary"": true}, {""iteration"": 1, ""max_slack"": 1.664155355095707e-08, ""objective"": 275664.5293101473, ""original_change"": null, ""penalized_change"": null, ""penalized_objective"": 275664.5293101532, ""phase"": ""mellowmin"", ""solver_time"": 0.023949861526489258, ""status"": ""optimal"", ""tau"": 0.005}, {""iteration"": 2, ""max_slack"": 2.3239801687460312e-09, ""objective"": 275664.5293101468, ""original_change"": 4.656612873077393e-10, ""penalized_change"": 3.841705620288849e-09, ""penalized_objective"": 275664.5293101494, ""phase"": ""mellowmin"", ""solver_time"": 0.030022144317626953, ""status"": ""optimal"", ""tau"": 0.01}, {""converged"": true, ""phase"": ""mellowmin"", ""summary"": true}]",
DEU_LocationALower-33_228_T-1,scenarios/experiment_scenarios/highd/DEU_LocationALower-33_228_T-1.xml,14,R_G1_R_G3,0,lin2025,21,lse_mellowmin,trajectory,20260922,True,True,True,True,0.03180523099945276,0.008006518999536638,0.5508457249998173,0.5508457249998173,0.7853396699993027,1.3759971449981094,0.2433447769999475,0.1765577793121338,0.1765577793121338,253,0,988,168,820,22,21,735,8,True,4.701764779108716e-08,optimal,212340.3521052097,0.010000000009938503,13,inf,,,,"[{""iteration"": 1, ""max_slack"": 1.6202558983872934e-09, ""objective"": 212340.35210515742, ""original_change"": null, ""penalized_change"": null, ""penalized_objective"": 212340.35210515824, ""phase"": ""lse"", ""solver_time"": 0.02685403823852539, ""status"": ""optimal"", ""tau"": 0.005}, {""iteration"": 2, ""max_slack"": 1.891796600151378, ""objective"": 212413.58183385222, ""original_change"": 73.22972869480145, ""penalized_change"": 74.08597175206523, ""penalized_objective"": 212414.4380769103, ""phase"": ""lse"", ""solver_time"": 0.018880844116210938, ""status"": ""optimal"", ""tau"": 0.01}, {""iteration"": 3, ""max_slack"": 1.6104826593331202e-10, ""objective"": 212340.3521051574, ""original_change"": 73.22972869483056, ""penalized_change"": 74.08597175241448, ""penalized_objective"": 212340.3521051579, ""phase"": ""lse"", ""solver_time"": 0.020768165588378906, ""status"": ""optimal"", ""tau"": 0.02}, {""iteration"": 4, ""max_slack"": 0.6691024073089685, ""objective"": 212371.81652967486, ""original_change"": 31.464424517471343, ""penalized_change"": 32.063632473844336, ""penalized_objective"": 212372.41573763173, ""phase"": ""lse"", ""solver_time"": 0.019115924835205078, ""status"": ""optimal"", ""tau"": 0.04}, {""iteration"": 5, ""max_slack"": 8.955723874482154e-10, ""objective"": 212340.3521051574, ""original_change"": 31.464424517471343, ""penalized_change"": 32.06363246808178, ""penalized_objective"": 212340.35210516365, ""phase"": ""lse"", ""solver_time"": 0.02007293701171875, ""status"": ""optimal"", ""tau"": 0.08}, {""iteration"": 6, ""max_slack"": 9.552742204075142e-11, ""objective"": 212340.35210515757, ""original_change"": 1.7462298274040222e-10, ""penalized_change"": 3.812601789832115e-09, ""penalized_objective"": 212340.35210515984, ""phase"": ""lse"", ""solver_time"": 0.02004098892211914, ""status"": ""optimal"", ""tau"": 0.16}, {""converged"": true, ""phase"": ""lse"", ""summary"": true}, {""iteration"": 1, ""max_slack"": 5.30608109492964e-09, ""objective"": 212340.35210515736, ""original_change"": null, ""penalized_change"": null, ""penalized_objective"": 212340.35210516068, ""phase"": ""mellowmin"", ""solver_time"": 0.026165008544921875, ""status"": ""optimal"", ""tau"": 0.005}, {""iteration"": 2, ""max_slack"": 4.701764779108716e-08, ""objective"": 212340.35210516144, ""original_change"": 4.0745362639427185e-09, ""penalized_change"": 4.901085048913956e-08, ""penalized_objective"": 212340.3521052097, ""phase"": ""mellowmin"", ""solver_time"": 0.02465987205505371, ""status"": ""optimal"", ""tau"": 0.01}, {""converged"": true, ""phase"": ""mellowmin"", ""summary"": true}]",
DEU_LocationALower-33_233_T-1,scenarios/experiment_scenarios/highd/DEU_LocationALower-33_233_T-1.xml,14,R_G1_R_G3,0,lin2025,21,lse_mellowmin,trajectory,20260922,True,True,True,True,0.011867578999954276,0.004654926000512205,0.14788039800077968,0.14788039800077968,1.353441630000816,1.5178445330020622,0.3567472889990313,0.18467926979064941,0.18467926979064941,253,0,988,168,820,22,21,735,6,True,1.8305210891834413e-07,optimal,105393.46979048132,0.01000000005175815,11,inf,,,,"[{""iteration"": 1, ""max_slack"": 1.5558794738881, ""objective"": 105393.48296187373, ""original_change"": null, ""penalized_change"": null, ""penalized_objective"": 105394.53025146229, ""phase"": ""lse"", ""solver_time"": 0.031401872634887695, ""status"": ""optimal"", ""tau"": 0.005}, {""iteration"": 2, ""max_slack"": 1.574364363954829, ""objective"": 105393.47003332095, ""original_change"": 0.012928552780067548, ""penalized_change"": 0.8240633699315367, ""penalized_objective"": 105393.70618809236, ""phase"": ""lse"", ""solver_time"": 0.02576303482055664, ""status"": ""optimal"", ""tau"": 0.01}, {""iteration"": 3, ""max_slack"": 1.4265221917294287e-07, ""objective"": 105393.4697902233, ""original_change"": 0.00024309764557983726, ""penalized_change"": 0.23639754914620426, ""penalized_objective"": 105393.46979054321, ""phase"": ""lse"", ""solver_time"": 0.021790027618408203, ""status"": ""optimal"", ""tau"": 0.02}, {""iteration"": 4, ""max_slack"": 1.5089216743524383e-10, ""objective"": 105393.46979019899, ""original_change"": 2.431625034660101e-08, ""penalized_change"": 3.433815436437726e-07, ""penalized_objective"": 105393.46979019983, ""phase"": ""lse"", ""solver_time"": 0.02907419204711914, ""status"": ""optimal"", ""tau"": 0.04}, {""converged"": true, ""phase"": ""lse"", ""summary"": true}, {""iteration"": 1, ""max_slack"": 2.1276936718173288e-09, ""objective"": 105393.46979019904, ""original_change"": null, ""penalized_change"": null, ""penalized_objective"": 105393.4697902003, ""phase"": ""mellowmin"", ""solver_time"": 0.04427599906921387, ""status"": ""optimal"", ""tau"": 0.005}, {""iteration"": 2, ""max_slack"": 1.8305210891834413e-07, ""objective"": 105393.46979022246, ""original_change"": 2.3414031602442265e-08, ""penalized_change"": 2.8102658689022064e-07, ""penalized_objective"": 105393.46979048132, ""phase"": ""mellowmin"", ""solver_time"": 0.03237414360046387, ""status"": ""optimal"", ""tau"": 0.01}, {""converged"": true, ""phase"": ""mellowmin"", ""summary"": true}]",
DEU_LocationALower-33_261_T-1,scenarios/experiment_scenarios/highd/DEU_LocationALower-33_261_T-1.xml,13,R_G1_R_G3,0,lin2025,21,lse_mellowmin,trajectory,20260922,True,True,True,True,0.012349992999588721,0.0030893200000718934,0.11988648200167518,0.11988648200167518,1.1331568890000199,1.2684826840013557,0.33947852199889894,0.16763615608215332,0.16763615608215332,253,0,988,168,820,22,21,735,6,True,1.4045288044212741e-09,optimal,238594.78970762994,0.010000000000161435,11,inf,,,,"[{""iteration"": 1, ""max_slack"": 1.9455127242101804, ""objective"": 238594.79827029453, ""original_change"": null, ""penalized_change"": null, ""penalized_objective"": 238595.6237029251, ""phase"": ""lse"", ""solver_time"": 0.0431370735168457, ""status"": ""optimal"", ""tau"": 0.005}, {""iteration"": 2, ""max_slack"": 1.6634258107068665, ""objective"": 238594.79737843206, ""original_change"": 0.0008918624662328511, ""penalized_change"": 0.17044358397834003, ""penalized_objective"": 238595.79414650908, ""phase"": ""lse"", ""solver_time"": 0.02062511444091797, ""status"": ""optimal"", ""tau"": 0.01}, {""iteration"": 3, ""max_slack"": 5.876011378668335e-09, ""objective"": 238594.78970762988, ""original_change"": 0.007670802180655301, ""penalized_change"": 1.0044388605747372, ""penalized_objective"": 238594.7897076485, ""phase"": ""lse"", ""solver_time"": 0.019498825073242188, ""status"": ""optimal"", ""tau"": 0.02}, {""iteration"": 4, ""max_slack"": 5.586892768373353e-11, ""objective"": 238594.78970762788, ""original_change"": 2.0081643015146255e-09, ""penalized_change"": 2.0489096641540527e-08, ""penalized_objective"": 238594.78970762802, ""phase"": ""lse"", ""solver_time"": 0.019311904907226562, ""status"": ""optimal"", ""tau"": 0.04}, {""converged"": true, ""phase"": ""lse"", ""summary"": true}, {""iteration"": 1, ""max_slack"": 2.6008917544015693e-09, ""objective"": 238594.78970762767, ""original_change"": null, ""penalized_change"": null, ""penalized_objective"": 238594.78970762965, ""phase"": ""mellowmin"", ""solver_time"": 0.029343128204345703, ""status"": ""optimal"", ""tau"": 0.005}, {""iteration"": 2, ""max_slack"": 1.4045288044212741e-09, ""objective"": 238594.7897076278, ""original_change"": 1.1641532182693481e-10, ""penalized_change"": 2.9103830456733704e-10, ""penalized_objective"": 238594.78970762994, ""phase"": ""mellowmin"", ""solver_time"": 0.035720109939575195, ""status"": ""optimal"", ""tau"": 0.01}, {""converged"": true, ""phase"": ""mellowmin"", ""summary"": true}]",
DEU_LocationALower-33_265_T-1,scenarios/experiment_scenarios/highd/DEU_LocationALower-33_265_T-1.xml,22,R_G1_R_G3,0,lin2025,21,lse_mellowmin,trajectory,20260922,True,True,True,True,0.013030709998929524,0.0027826700006698957,0.13095879200045601,0.13095879200045601,0.7401535259996308,0.8869256979996862,0.2635848009995243,0.1409468650817871,0.1409468650817871,253,0,974,168,806,22,21,721,6,True,2.4688748266306695e-07,optimal,42415.217322762095,0.010000000062007075,20,inf,,,,"[{""iteration"": 1, ""max_slack"": 1.8512454799380191, ""objective"": 42415.22221077857, ""original_change"": null, ""penalized_change"": null, ""penalized_objective"": 42415.74044885699, ""phase"": ""lse"", ""solver_time"": 0.030224084854125977, ""status"": ""optimal"", ""tau"": 0.005}, {""iteration"": 2, ""max_slack"": 1.716742225519906, ""objective"": 42415.22073712322, ""original_change"": 0.0014736553494003601, ""penalized_change"": 0.0049751143815228716, ""penalized_objective"": 42415.73547374261, ""phase"": ""lse"", ""solver_time"": 0.019711971282958984, ""status"": ""optimal"", ""tau"": 0.01}, {""iteration"": 3, ""max_slack"": 7.742219883710206e-09, ""objective"": 42415.217322569064, ""original_change"": 0.003414554157643579, ""penalized_change"": 0.5181511511327699, ""penalized_objective"": 42415.217322591474, ""phase"": ""lse"", ""solver_time"": 0.018306970596313477, ""status"": ""optimal"", ""tau"": 0.02}, {""iteration"": 4, ""max_slack"": 8.249651038176399e-10, ""objective"": 42415.21732256736, ""original_change"": 1.7025740817189217e-09, ""penalized_change"": 1.9972503650933504e-08, ""penalized_objective"": 42415.2173225715, ""phase"": ""lse"", ""solver_time"": 0.017683982849121094, ""status"": ""optimal"", ""tau"": 0.04}, {""converged"": true, ""phase"": ""lse"", ""summary"": true}, {""iteration"": 1, ""max_slack"": 4.632558658549135e-09, ""objective"": 42415.217322567245, ""original_change"": null, ""penalized_change"": null, ""penalized_objective"": 42415.21732257149, ""phase"": ""mellowmin"", ""solver_time"": 0.027719974517822266, ""status"": ""optimal"", ""tau"": 0.005}, {""iteration"": 2, ""max_slack"": 2.4688748266306695e-07, ""objective"": 42415.21732258197, ""original_change"": 1.4726538211107254e-08, ""penalized_change"": 1.906082616187632e-07, ""penalized_objective"": 42415.217322762095, ""phase"": ""mellowmin"", ""solver_time"": 0.027299880981445312, ""status"": ""optimal"", ""tau"": 0.01}, {""converged"": true, ""phase"": ""mellowmin"", ""summary"": true}]",
DEU_LocationALower-33_96_T-1,scenarios/experiment_scenarios/highd/DEU_LocationALower-33_96_T-1.xml,9,R_G1_R_G3,0,lin2025,21,lse_mellowmin,trajectory,20260922,True,True,True,True,0.029390067000349518,0.005806999999549589,0.17554029999882914,0.17554029999882914,1.1466394740000396,1.3573768409987679,0.24820095600080094,0.1485154628753662,0.1485154628753662,253,0,988,168,820,22,21,735,6,True,1.0326779921725983e-09,optimal,213667.22700796265,0.010000000000104592,7,inf,,,,"[{""iteration"": 1, ""max_slack"": 1.7833870084089836, ""objective"": 213667.2355866578, ""original_change"": null, ""penalized_change"": null, ""penalized_objective"": 213668.0335088174, ""phase"": ""lse"", ""solver_time"": 0.026815176010131836, ""status"": ""optimal"", ""tau"": 0.005}, {""iteration"": 2, ""max_slack"": 1.752552998117096, ""objective"": 213667.22745867583, ""original_change"": 0.008127981971483678, ""penalized_change"": 0.28038203946198337, ""penalized_objective"": 213667.75312677794, ""phase"": ""lse"", ""solver_time"": 0.021111011505126953, ""status"": ""optimal"", ""tau"": 0.01}, {""iteration"": 3, ""max_slack"": 5.256066920219617e-10, ""objective"": 213667.2270079615, ""original_change"": 0.0004507143166847527, ""penalized_change"": 0.5261188145668712, ""penalized_objective"": 213667.22700796337, ""phase"": ""lse"", ""solver_time"": 0.021839141845703125, ""status"": ""optimal"", ""tau"": 0.02}, {""iteration"": 4, ""max_slack"": 2.2177433857585452e-09, ""objective"": 213667.22700796265, ""original_change"": 1.1350493878126144e-09, ""penalized_change"": 1.548323780298233e-08, ""penalized_objective"": 213667.22700797886, ""phase"": ""lse"", ""solver_time"": 0.02013421058654785, ""status"": ""optimal"", ""tau"": 0.04}, {""converged"": true, ""phase"": ""lse"", ""summary"": true}, {""iteration"": 1, ""max_slack"": 1.860367155450478e-07, ""objective"": 213667.22700796963, ""original_change"": null, ""penalized_change"": null, ""penalized_objective"": 213667.22700809743, ""phase"": ""mellowmin"", ""solver_time"": 0.029697895050048828, ""status"": ""optimal"", ""tau"": 0.005}, {""iteration"": 2, ""max_slack"": 1.0326779921725983e-09, ""objective"": 213667.2270079615, ""original_change"": 8.119968697428703e-09, ""penalized_change"": 1.3477983884513378e-07, ""penalized_objective"": 213667.22700796265, ""phase"": ""mellowmin"", ""solver_time"": 0.028918027877807617, ""status"": ""optimal"", ""tau"": 0.01}, {""converged"": true, ""phase"": ""mellowmin"", ""summary"": true}]",
DEU_LocationALower-34_120_T-1,scenarios/experiment_scenarios/highd/DEU_LocationALower-34_120_T-1.xml,17,R_G1_R_G3,0,lin2025,21,lse_mellowmin,trajectory,20260922,True,True,True,True,0.010998706000464153,0.003253689999837661,0.11462770300022385,0.11462770300022385,0.6661678939999547,0.7950479930004803,0.3848850300000777,0.11137509346008301,0.11137509346008301,253,0,988,168,820,22,21,735,4,True,9.681229142500755e-08,optimal,150881.33023317144,0.010000000008176357,15,inf,,,,"[{""iteration"": 1, ""max_slack"": 4.259127049636736e-09, ""objective"": 150881.33023310342, ""original_change"": null, ""penalized_change"": null, ""penalized_objective"": 150881.33023310654, ""phase"": ""lse"", ""solver_time"": 0.028070926666259766, ""status"": ""optimal"", ""tau"": 0.005}, {""iteration"": 2, ""max_slack"": 1.3686691415415106e-08, ""objective"": 150881.33023310514, ""original_change"": 1.7171259969472885e-09, ""penalized_change"": 1.3096723705530167e-08, ""penalized_objective"": 150881.33023311963, ""phase"": ""lse"", ""solver_time"": 0.021155118942260742, ""status"": ""optimal"", ""tau"": 0.01}, {""converged"": true, ""phase"": ""lse"", ""summary"": true}, {""iteration"": 1, ""max_slack"": 4.259575748006861e-09, ""objective"": 150881.33023310345, ""original_change"": null, ""penalized_change"": null, ""penalized_objective"": 150881.33023310656, ""phase"": ""mellowmin"", ""solver_time"": 0.02820587158203125, ""status"": ""optimal"", ""tau"": 0.005}, {""iteration"": 2, ""max_slack"": 9.681229142500755e-08, ""objective"": 150881.33023310636, ""original_change"": 2.9103830456733704e-09, ""penalized_change"": 6.487243808805943e-08, ""penalized_objective"": 150881.33023317144, ""phase"": ""mellowmin"", ""solver_time"": 0.03394317626953125, ""status"": ""optimal"", ""tau"": 0.01}, {""converged"": true, ""phase"": ""mellowmin"", ""summary"": true}]",
DEU_LocationALower-34_146_T-1,scenarios/experiment_scenarios/highd/DEU_LocationALower-34_146_T-1.xml,14,R_G1_R_G3,0,lin2025,21,lse_mellowmin,trajectory,20260922,True,True,True,True,0.007646201000170549,0.0033836839993455214,0.11937312800000655,0.11937312800000655,0.9440565069999138,1.0744595199994365,0.33892696799921396,0.19024085998535156,0.19024085998535156,253,0,967,168,799,22,21,714,4,True,5.915338262718373e-08,optimal,58903.348987791636,0.010000000023313176,11,inf,,,,"[{""iteration"": 1, ""max_slack"": 3.3766596703321053e-09, ""objective"": 58903.34898773656, ""original_change"": null, ""penalized_change"": null, ""penalized_objective"": 58903.34898773826, ""phase"": ""lse"", ""solver_time"": 0.052481889724731445, ""status"": ""optimal"", ""tau"": 0.005}, {""iteration"": 2, ""max_slack"": 2.6201390328312534e-08, ""objective"": 58903.348987742764, ""original_change"": 6.206391844898462e-09, ""penalized_change"": 3.8875441532582045e-08, ""penalized_objective"": 58903.348987777135, ""phase"": ""lse"", ""solver_time"": 0.03613996505737305, ""status"": ""optimal"", ""tau"": 0.01}, {""converged"": true, ""phase"": ""lse"", ""summary"": true}, {""iteration"": 1, ""max_slack"": 3.3779348470084273e-09, ""objective"": 58903.34898773655, ""original_change"": null, ""penalized_change"": null, ""penalized_objective"": 58903.34898773827, ""phase"": ""mellowmin"", ""solver_time"": 0.05055713653564453, ""status"": ""optimal"", ""tau"": 0.005}, {""iteration"": 2, ""max_slack"": 5.915338262718373e-08, ""objective"": 58903.34898774731, ""original_change"": 1.0761141311377287e-08, ""penalized_change"": 5.336914910003543e-08, ""penalized_objective"": 58903.348987791636, ""phase"": ""mellowmin"", ""solver_time"": 0.05106186866760254, ""status"": ""optimal"", ""tau"": 0.01}, {""converged"": true, ""phase"": ""mellowmin"", ""summary"": true}]",
DEU_LocationALower-34_147_T-1,scenarios/experiment_scenarios/highd/DEU_LocationALower-34_147_T-1.xml,16,R_G1_R_G3,0,lin2025,21,lse_mellowmin,trajectory,20260922,True,True,True,True,0.012437270999726024,0.006041287999323686,0.16460204099894327,0.16460204099894327,1.0808190439984173,1.2638996439964103,0.25527149099980306,0.09665679931640625,0.09665679931640625,253,0,967,168,799,22,21,714,4,True,9.955371567738134e-08,optimal,41777.82997148341,0.01000000002371955,15,inf,,,,"[{""iteration"": 1, ""max_slack"": 3.4191564330792205e-07, ""objective"": 41777.82997149485, ""original_change"": null, ""penalized_change"": null, ""penalized_objective"": 41777.829971740415, ""phase"": ""lse"", ""solver_time"": 0.02582693099975586, ""status"": ""optimal"", ""tau"": 0.005}, {""iteration"": 2, ""max_slack"": 3.915215193033625e-09, ""objective"": 41777.829971305495, ""original_change"": 1.8935679690912366e-07, ""penalized_change"": 4.3203908717259765e-07, ""penalized_objective"": 41777.829971308376, ""phase"": ""lse"", ""solver_time"": 0.020424842834472656, ""status"": ""optimal"", ""tau"": 0.01}, {""converged"": true, ""phase"": ""lse"", ""summary"": true}, {""iteration"": 1, ""max_slack"": 3.420934887121783e-07, ""objective"": 41777.82997149489, ""original_change"": null, ""penalized_change"": null, ""penalized_objective"": 41777.82997174061, ""phase"": ""mellowmin"", ""solver_time"": 0.02507495880126953, ""status"": ""optimal"", ""tau"": 0.005}, {""iteration"": 2, ""max_slack"": 9.955371567738134e-08, ""objective"": 41777.82997136944, ""original_change"": 1.2544478522613645e-07, ""penalized_change"": 2.572051016613841e-07, ""penalized_objective"": 41777.82997148341, ""phase"": ""mellowmin"", ""solver_time"": 0.025330066680908203, ""status"": ""optimal"", ""tau"": 0.01}, {""converged"": true, ""phase"": ""mellowmin"", ""summary"": true}]",
DEU_LocationALower-34_163_T-1,scenarios/experiment_scenarios/highd/DEU_LocationALower-34_163_T-1.xml,15,R_G1_R_G3,0,lin2025,21,lse_mellowmin,trajectory,20260922,True,True,True,True,0.014910526000676327,0.0029772029993182514,0.1186064899993653,0.1186064899993653,1.5231302760003018,1.6596244949996617,0.2735918070011394,0.41966867446899414,0.41966867446899414,253,0,988,168,820,22,21,735,17,True,3.972336506330784e-08,optimal,193170.89524920098,0.010000000009995347,13,inf,,,,"[{""iteration"": 1, ""max_slack"": 3.7860851352262284, ""objective"": 193182.73201072816, ""original_change"": null, ""penalized_change"": null, ""penalized_objective"": 193183.04787053814, ""phase"": ""lse"", ""solver_time"": 0.028815031051635742, ""status"": ""optimal"", ""tau"": 0.005}, {""iteration"": 2, ""max_slack"": 1.953593105357688, ""objective"": 193170.8952534561, ""original_change"": 11.83675727204536, ""penalized_change"": 11.859578099596547, ""penalized_objective"": 193171.18829243854, ""phase"": ""lse"", ""solver_time"": 0.028606891632080078, ""status"": ""optimal"", ""tau"": 0.01}, {""iteration"": 3, ""max_slack"": 2.0197201859420533e-09, ""objective"": 193170.89524913888, ""original_change"": 4.317233106121421e-06, ""penalized_change"": 0.293043290526839, ""penalized_objective"": 193170.89524914802, ""phase"": ""lse"", ""solver_time"": 0.02030491828918457, ""status"": ""optimal"", ""tau"": 0.02}, {""iteration"": 4, ""max_slack"": 6.212157105992361, ""objective"": 193171.5540434652, ""original_change"": 0.658794326329371, ""penalized_change"": 9.842311094107572, ""penalized_objective"": 193180.73756024212, ""phase"": ""lse"", ""solver_time"": 0.029832839965820312, ""status"": ""optimal"", ""tau"": 0.04}, {""iteration"": 5, ""max_slack"": 2.768042577925158e-11, ""objective"": 193171.13919736762, ""original_change"": 0.41484609758481383, ""penalized_change"": 9.598362874472514, ""penalized_objective"": 193171.13919736765, ""phase"": ""lse"", ""solver_time"": 0.027302026748657227, ""status"": ""optimal"", ""tau"": 0.08}, {""iteration"": 6, ""max_slack"": 1.1911780208980608e-08, ""objective"": 193170.89524924415, ""original_change"": 0.24394812347600237, ""penalized_change"": 0.24394789471989498, ""penalized_objective"": 193170.89524947293, ""phase"": ""lse"", ""solver_time"": 0.01905202865600586, ""status"": ""optimal"", ""tau"": 0.16}, {""iteration"": 7, ""max_slack"": 3.5758730574897086e-09, ""objective"": 193171.410830558, ""original_change"": 0.5155813138408121, ""penalized_change"": 0.5155811022559647, ""penalized_objective"": 193171.4108305752, ""phase"": ""lse"", ""solver_time"": 0.03959298133850098, ""status"": ""optimal"", ""tau"": 0.32}, {""iteration"": 8, ""max_slack"": 2.383933621093392e-10, ""objective"": 193171.09168518896, ""original_change"": 0.31914536902331747, ""penalized_change"": 0.3191453808976803, ""penalized_objective"": 193171.0916851943, ""phase"": ""lse"", ""solver_time"": 0.022742033004760742, ""status"": ""optimal"", ""tau"": 0.64}, {""iteration"": 9, ""max_slack"": 1.7996396226814385e-10, ""objective"": 193170.89524926626, ""original_change"": 0.19643592269858345, ""penalized_change"": 0.19643589458428323, ""penalized_objective"": 193170.8952492997, ""phase"": ""lse"", ""solver_time"": 0.019745826721191406, ""status"": ""optimal"", ""tau"": 1.28}, {""iteration"": 10, ""max_slack"": 7.086254215931789e-10, ""objective"": 193180.45091989404, ""original_change"": 9.555670627771178, ""penalized_change"": 9.555670646310318, ""penalized_objective"": 193180.45091994602, ""phase"": ""lse"", ""solver_time"": 0.026604175567626953, ""status"": ""optimal"", ""tau"": 2.56}, {""iteration"": 11, ""max_slack"": 0.1980942503922589, ""objective"": 193341.03969377337, ""original_change"": 160.588773879339, ""penalized_change"": 209.33192434257944, ""penalized_objective"": 193389.7828442886, ""phase"": ""lse"", ""solver_time"": 0.029008865356445312, ""status"": ""optimal"", ""tau"": 5.12}, {""iteration"": 12, ""max_slack"": 8.968054756168271e-11, ""objective"": 193170.89525085714, ""original_change"": 170.14444291623659, ""penalized_change"": 218.88759322627448, ""penalized_objective"": 193170.89525106232, ""phase"": ""lse"", ""solver_time"": 0.01929306983947754, ""status"": ""optimal"", ""tau"": 10.24}, {""iteration"": 13, ""max_slack"": 3.9698940157531596e-11, ""objective"": 193177.08776455023, ""original_change"": 6.192513693094952, ""penalized_change"": 6.192513635964133, ""penalized_objective"": 193177.08776469828, ""phase"": ""lse"", ""solver_time"": 0.02608203887939453, ""status"": ""optimal"", ""tau"": 20.48}, {""iteration"": 14, ""max_slack"": 7.655805246160037e-12, ""objective"": 193170.89525082315, ""original_change"": 6.192513727088226, ""penalized_change"": 6.192513793415856, ""penalized_objective"": 193170.89525090487, ""phase"": ""lse"", ""solver_time"": 0.019295930862426758, ""status"": ""optimal"", ""tau"": 40.96}, {""iteration"": 15, ""max_slack"": 8.007229585528873e-11, ""objective"": 193170.8952582257, ""original_change"": 7.4025592766702175e-06, ""penalized_change"": 9.167270036414266e-06, ""penalized_objective"": 193170.89526007214, ""phase"": ""lse"", ""solver_time"": 0.019346952438354492, ""status"": ""optimal"", ""tau"": 81.92}, {""converged"": true, ""phase"": ""lse"", ""summary"": true}, {""iteration"": 1, ""max_slack"": 2.335299319638259e-08, ""objective"": 193170.89524914, ""original_change"": null, ""penalized_change"": null, ""penalized_objective"": 193170.89524915934, ""phase"": ""mellowmin"", ""solver_time"": 0.02330303192138672, ""status"": ""optimal"", ""tau"": 0.005}, {""iteration"": 2, ""max_slack"": 3.972336506330784e-08, ""objective"": 193170.8952491423, ""original_change"": 2.2992026060819626e-09, ""penalized_change"": 4.164758138358593e-08, ""penalized_objective"": 193170.89524920098, ""phase"": ""mellowmin"", ""solver_time"": 0.020740032196044922, ""status"": ""optimal"", ""tau"": 0.01}, {""converged"": true, ""phase"": ""mellowmin"", ""summary"": true}]",
DEU_LocationALower-34_179_T-1,scenarios/experiment_scenarios/highd/DEU_LocationALower-34_179_T-1.xml,15,R_G1_R_G3,0,lin2025,21,lse_mellowmin,trajectory,20260922,True,True,True,True,0.011362561999703757,0.0032439460010209586,0.15735307599970838,0.15735307599970838,1.9007171750017733,2.0726767590022064,0.28265828500116186,0.5974628925323486,0.5974628925323486,253,0,988,168,820,22,21,735,27,True,2.573637369522531e-09,optimal,100211.38155111959,0.010000000000786713,13,inf,,,,"[{""iteration"": 1, ""max_slack"": 1.0771321646603787e-09, ""objective"": 100211.38155111604, ""original_change"": null, ""penalized_change"": null, ""penalized_objective"": 100211.38155111656, ""phase"": ""lse"", ""solver_time"": 0.024481773376464844, ""status"": ""optimal"", ""tau"": 0.005}, {""iteration"": 2, ""max_slack"": 3.2001678406917966, ""objective"": 100386.58056975825, ""original_change"": 175.19901864221902, ""penalized_change"": 177.7989482377161, ""penalized_objective"": 100389.18049935428, ""phase"": ""lse"", ""solver_time"": 0.026612043380737305, ""status"": ""optimal"", ""tau"": 0.01}, {""iteration"": 3, ""max_slack"": 5.463378689161008, ""objective"": 100211.4401088001, ""original_change"": 175.14046095815138, ""penalized_change"": 171.28340164422116, ""penalized_objective"": 100217.89709771005, ""phase"": ""lse"", ""solver_time"": 0.017091035842895508, ""status"": ""optimal"", ""tau"": 0.02}, {""iteration"": 4, ""max_slack"": 1.3226019833459183e-18, ""objective"": 100216.21268877732, ""original_change"": 4.772579977216083, ""penalized_change"": 1.6844089327350957, ""penalized_objective"": 100216.21268877732, ""phase"": ""lse"", ""solver_time"": 0.028136014938354492, ""status"": ""optimal"", ""tau"": 0.04}, {""iteration"": 5, ""max_slack"": 2.0225482733449036, ""objective"": 100211.526793749, ""original_change"": 4.685895028320374, ""penalized_change"": 0.33347418645280413, ""penalized_objective"": 100216.54616296377, ""phase"": ""lse"", ""solver_time"": 0.026420116424560547, ""status"": ""optimal"", ""tau"": 0.08}, {""iteration"": 6, ""max_slack"": 4.6345798619467585e-09, ""objective"": 100211.38155112468, ""original_change"": 0.14524262431950774, ""penalized_change"": 5.164611729211174, ""penalized_objective"": 100211.38155123456, ""phase"": ""lse"", ""solver_time"": 0.01673412322998047, ""status"": ""optimal"", ""tau"": 0.16}, {""iteration"": 7, ""max_slack"": 2.5774731196549503e-09, ""objective"": 100220.90588996037, ""original_change"": 9.524338835690287, ""penalized_change"": 9.524338851784705, ""penalized_objective"": 100220.90589008635, ""phase"": ""lse"", ""solver_time"": 0.022970199584960938, ""status"": ""optimal"", ""tau"": 0.32}, {""iteration"": 8, ""max_slack"": 2.1571903644620183, ""objective"": 100211.66971990986, ""original_change"": 9.236170050513465, ""penalized_change"": 11.47285732232558, ""penalized_objective"": 100232.37874740867, ""phase"": ""lse"", ""solver_time"": 0.04062485694885254, ""status"": ""optimal"", ""tau"": 0.64}, {""iteration"": 9, ""max_slack"": 3.646041151669734e-12, ""objective"": 100211.38155111633, ""original_change"": 0.2881687935296213, ""penalized_change"": 20.997196291777072, ""penalized_objective"": 100211.3815511169, ""phase"": ""lse"", ""solver_time"": 0.016742944717407227, ""status"": ""optimal"", ""tau"": 1.28}, {""iteration"": 10, ""max_slack"": 4.732864585515187e-12, ""objective"": 100222.17709829449, ""original_change"": 10.795547178160632, ""penalized_change"": 10.795547179004643, ""penalized_objective"": 100222.1770982959, ""phase"": ""lse"", ""solver_time"": 0.024116039276123047, ""status"": ""optimal"", ""tau"": 2.56}, {""iteration"": 11, ""max_slack"": 2.727357526958613e-07, ""objective"": 100212.29735869385, ""original_change"": 9.879739600641187, ""penalized_change"": 9.879718562428025, ""penalized_objective"": 100212.29737973347, ""phase"": ""lse"", ""solver_time"": 0.023552894592285156, ""status"": ""optimal"", ""tau"": 5.12}, {""iteration"": 12, ""max_slack"": 2.2370730700059187e-10, ""objective"": 100211.38155301221, ""original_change"": 0.9158056816377211, ""penalized_change"": 0.9158265761798248, ""penalized_objective"": 100211.38155315729, ""phase"": ""lse"", ""solver_time"": 0.016541004180908203, ""status"": ""optimal"", ""tau"": 10.24}, {""iteration"": 13, ""max_slack"": 4.01909416077956e-11, ""objective"": 100222.66617493513, ""original_change"": 11.284621922924998, ""penalized_change"": 11.2846219149651, ""penalized_objective"": 100222.66617507226, ""phase"": ""lse"", ""solver_time"": 0.022912979125976562, ""status"": ""optimal"", ""tau"": 20.48}, {""iteration"": 14, ""max_slack"": 3.9347778795787475e-13, ""objective"": 100211.9226303295, ""original_change"": 10.74354460563336, ""penalized_change"": 10.743544741213555, ""penalized_objective"": 100211.92263033104, ""phase"": ""lse"", ""solver_time"": 0.019981861114501953, ""status"": ""optimal"", ""tau"": 40.96}, {""iteration"": 15, ""max_slack"": 3.614411684804419e-13, ""objective"": 100211.38155134235, ""original_change"": 0.5410789871530142, ""penalized_change"": 0.5410789803572698, ""penalized_objective"": 100211.38155135069, ""phase"": ""lse"", ""solver_time"": 0.016104936599731445, ""status"": ""optimal"", ""tau"": 81.92}, {""iteration"": 16, ""max_slack"": 2.3041158021939998e-11, ""objective"": 100222.71148159148, ""original_change"": 11.329930249135941, ""penalized_change"": 11.329931222848245, ""penalized_objective"": 100222.71148257353, ""phase"": ""lse"", ""solver_time"": 0.023286819458007812, ""status"": ""optimal"", ""tau"": 163.84}, {""iteration"": 17, ""max_slack"": 9.519148385585728e-13, ""objective"": 100211.7697654828, ""original_change"": 10.941716108689434, ""penalized_change"": 10.941717010704451, ""penalized_objective"": 100211.76976556283, ""phase"": ""lse"", ""solver_time"": 0.021764039993286133, ""status"": ""optimal"", ""tau"": 327.68}, {""iteration"": 18, ""max_slack"": 9.897541855260598e-15, ""objective"": 100211.38155112926, ""original_change"": 0.38821435353020206, ""penalized_change"": 0.3882144317467464, ""penalized_objective"": 100211.38155113108, ""phase"": ""lse"", ""solver_time"": 0.01719212532043457, ""status"": ""optimal"", ""tau"": 655.36}, {""iteration"": 19, ""max_slack"": 2.073388739828986e-13, ""objective"": 100222.50020132396, ""original_change"": 11.118650194694055, ""penalized_change"": 11.11865025156294, ""penalized_objective"": 100222.50020138265, ""phase"": ""lse"", ""solver_time"": 0.022606849670410156, ""status"": ""optimal"", ""tau"": 1000.0}, {""iteration"": 20, ""max_slack"": 1.1067162401018916e-11, ""objective"": 100270.23024316721, ""original_change"": 47.73004184325691, ""penalized_change"": 47.73004491264874, ""penalized_objective"": 100270.2302462953, ""phase"": ""lse"", ""solver_time"": 0.022533893585205078, ""status"": ""optimal"", ""tau"": 1000.0}, {""iteration"": 21, ""max_slack"": 4.968256642293091e-13, ""objective"": 100211.38155245053, ""original_change"": 58.84869071668072, ""penalized_change"": 58.84869370324304, ""penalized_objective"": 100211.38155259205, ""phase"": ""lse"", ""solver_time"": 0.016505002975463867, ""status"": ""optimal"", ""tau"": 1000.0}, {""iteration"": 22, ""max_slack"": 2.0733855344679232e-13, ""objective"": 100222.50023390522, ""original_change"": 11.118681454681791, ""penalized_change"": 11.118681371837738, ""penalized_objective"": 100222.50023396389, ""phase"": ""lse"", ""solver_time"": 0.02334308624267578, ""status"": ""optimal"", ""tau"": 1000.0}, {""iteration"": 23, ""max_slack"": 1.0020874317853516e-11, ""objective"": 100270.32632914817, ""original_change"": 47.82609524295549, ""penalized_change"": 47.82609801662329, ""penalized_objective"": 100270.32633198051, ""phase"": ""lse"", ""solver_time"": 0.023153066635131836, ""status"": ""optimal"", ""tau"": 1000.0}, {""iteration"": 24, ""max_slack"": 4.968255004752583e-13, ""objective"": 100211.38155245053, ""original_change"": 58.94477669763728, ""penalized_change"": 58.94477938846103, ""penalized_objective"": 100211.38155259205, ""phase"": ""lse"", ""solver_time"": 0.0164182186126709, ""status"": ""optimal"", ""tau"": 1000.0}, {""iteration"": 25, ""max_slack"": 2.0733855344718006e-13, ""objective"": 100222.50023390523, ""original_change"": 11.118681454696343, ""penalized_change"": 11.11868137185229, ""penalized_objective"": 100222.5002339639, ""phase"": ""lse"", ""solver_time"": 0.022983789443969727, ""status"": ""optimal"", ""tau"": 1000.0}, {""converged"": false, ""phase"": ""lse"", ""summary"": true}, {""iteration"": 1, ""max_slack"": 2.965168316679018e-09, ""objective"": 100211.38155111624, ""original_change"": null, ""penalized_change"": null, ""penalized_objective"": 100211.38155111948, ""phase"": ""mellowmin"", ""solver_time"": 0.018342018127441406, ""status"": ""optimal"", ""tau"": 0.005}, {""iteration"": 2, ""max_slack"": 2.573637369522531e-09, ""objective"": 100211.38155111625, ""original_change"": 1.4551915228366852e-11, ""penalized_change"": 1.0186340659856796e-10, ""penalized_objective"": 100211.38155111959, ""phase"": ""mellowmin"", ""solver_time"": 0.026311159133911133, ""status"": ""optimal"", ""tau"": 0.01}, {""converged"": true, ""phase"": ""mellowmin"", ""summary"": true}]",
DEU_LocationALower-34_37_T-1,scenarios/experiment_scenarios/highd/DEU_LocationALower-34_37_T-1.xml,9,R_G1_R_G3,0,lin2025,20,lse_mellowmin,trajectory,20260922,True,True,True,True,0.022652744999504648,0.0030906529991625575,0.11096645900033764,0.11096645900033764,0.8208763279999403,0.9575861849989451,0.41157504500006326,0.15614724159240723,0.15614724159240723,237,0,919,160,759,19,18,670,6,True,1.4743311840928518e-08,optimal,308227.3756102719,0.010000000001866738,8,inf,,,,"[{""iteration"": 1, ""max_slack"": 0.9748640718219548, ""objective"": 308227.37963967555, ""original_change"": null, ""penalized_change"": null, ""penalized_objective"": 308227.5955897254, ""phase"": ""lse"", ""solver_time"": 0.04288506507873535, ""status"": ""optimal"", ""tau"": 0.005}, {""iteration"": 2, ""max_slack"": 0.4337054723545925, ""objective"": 308227.38190366875, ""original_change"": 0.0022639931994490325, ""penalized_change"": 0.03771658835466951, ""penalized_objective"": 308227.55787313706, ""phase"": ""lse"", ""solver_time"": 0.02121901512145996, ""status"": ""optimal"", ""tau"": 0.01}, {""iteration"": 3, ""max_slack"": 2.973495241907427e-09, ""objective"": 308227.37561025907, ""original_change"": 0.006293409678619355, ""penalized_change"": 0.1822628690279089, ""penalized_objective"": 308227.37561026803, ""phase"": ""lse"", ""solver_time"": 0.030259132385253906, ""status"": ""optimal"", ""tau"": 0.02}, {""iteration"": 4, ""max_slack"": 1.7781541997585665e-10, ""objective"": 308227.3756102582, ""original_change"": 8.731149137020111e-10, ""penalized_change"": 8.847564458847046e-09, ""penalized_objective"": 308227.3756102592, ""phase"": ""lse"", ""solver_time"": 0.017624855041503906, ""status"": ""optimal"", ""tau"": 0.04}, {""converged"": true, ""phase"": ""lse"", ""summary"": true}, {""iteration"": 1, ""max_slack"": 6.434407106140465e-09, ""objective"": 308227.3756102581, ""original_change"": null, ""penalized_change"": null, ""penalized_objective"": 308227.37561026186, ""phase"": ""mellowmin"", ""solver_time"": 0.021990060806274414, ""status"": ""optimal"", ""tau"": 0.005}, {""iteration"": 2, ""max_slack"": 1.4743311840928518e-08, ""objective"": 308227.37561025895, ""original_change"": 8.731149137020111e-10, ""penalized_change"": 1.0011717677116394e-08, ""penalized_objective"": 308227.3756102719, ""phase"": ""mellowmin"", ""solver_time"": 0.022169113159179688, ""status"": ""optimal"", ""tau"": 0.01}, {""converged"": true, ""phase"": ""mellowmin"", ""summary"": true}]",
DEU_LocationALower-34_49_T-1,scenarios/experiment_scenarios/highd/DEU_LocationALower-34_49_T-1.xml,10,R_G1_R_G3,0,lin2025,21,lse_mellowmin,trajectory,20260922,True,True,True,True,0.009764180000274791,0.2907750859994849,0.11610581400054798,0.11610581400054798,0.7227536940008576,1.1393987740011653,0.37507722600093985,0.15939688682556152,0.15939688682556152,253,0,988,168,820,22,21,735,6,True,9.34912192422142e-10,optimal,127390.37506653478,0.010000000000218279,9,inf,,,,"[{""iteration"": 1, ""max_slack"": 1.3008592393581677, ""objective"": 127390.38823817045, ""original_change"": null, ""penalized_change"": null, ""penalized_objective"": 127391.2568284601, ""phase"": ""lse"", ""solver_time"": 0.021831989288330078, ""status"": ""optimal"", ""tau"": 0.005}, {""iteration"": 2, ""max_slack"": 1.2961874321199611, ""objective"": 127390.37531458499, ""original_change"": 0.012923585454700515, ""penalized_change"": 0.6870857598842122, ""penalized_objective"": 127390.56974270022, ""phase"": ""lse"", ""solver_time"": 0.02398204803466797, ""status"": ""optimal"", ""tau"": 0.01}, {""iteration"": 3, ""max_slack"": 7.22576976813929e-11, ""objective"": 127390.37506653323, ""original_change"": 0.0002480517578078434, ""penalized_change"": 0.1946761667204555, ""penalized_objective"": 127390.3750665335, ""phase"": ""lse"", ""solver_time"": 0.02110600471496582, ""status"": ""optimal"", ""tau"": 0.02}, {""iteration"": 4, ""max_slack"": 2.9027791133722544e-08, ""objective"": 127390.37506653793, ""original_change"": 4.700268618762493e-09, ""penalized_change"": 8.38917912915349e-08, ""penalized_objective"": 127390.37506661739, ""phase"": ""lse"", ""solver_time"": 0.02019190788269043, ""status"": ""optimal"", ""tau"": 0.04}, {""converged"": true, ""phase"": ""lse"", ""summary"": true}, {""iteration"": 1, ""max_slack"": 2.3419230805901518e-07, ""objective"": 127390.37506653942, ""original_change"": null, ""penalized_change"": null, ""penalized_objective"": 127390.37506663185, ""phase"": ""mellowmin"", ""solver_time"": 0.033110857009887695, ""status"": ""optimal"", ""tau"": 0.005}, {""iteration"": 2, ""max_slack"": 9.34912192422142e-10, ""objective"": 127390.37506653328, ""original_change"": 6.1409082263708115e-09, ""penalized_change"": 9.707582648843527e-08, ""penalized_objective"": 127390.37506653478, ""phase"": ""mellowmin"", ""solver_time"": 0.03917407989501953, ""status"": ""optimal"", ""tau"": 0.01}, {""converged"": true, ""phase"": ""mellowmin"", ""summary"": true}]",
DEU_LocationALower-34_96_T-1,scenarios/experiment_scenarios/highd/DEU_LocationALower-34_96_T-1.xml,14,R_G1_R_G3,0,lin2025,21,lse_mellowmin,trajectory,20260922,True,True,True,True,0.008407813000303577,0.0030468299992207903,0.14851893199920596,0.14851893199920596,0.7480134060006094,0.9079869809993397,0.2709272720003355,0.1395738124847412,0.1395738124847412,253,0,967,168,799,22,21,714,6,True,6.329656155321713e-08,optimal,131628.01344755432,0.010000000014476871,12,inf,,,,"[{""iteration"": 1, ""max_slack"": 55.140677781119315, ""objective"": 131628.02374118756, ""original_change"": null, ""penalized_change"": null, ""penalized_objective"": 131632.8677677937, ""phase"": ""lse"", ""solver_time"": 0.02291107177734375, ""status"": ""optimal"", ""tau"": 0.005}, {""iteration"": 2, ""max_slack"": 1.5767278645808767, ""objective"": 131628.01760321553, ""original_change"": 0.006137972028227523, ""penalized_change"": 4.141141365136718, ""penalized_objective"": 131628.72662642857, ""phase"": ""lse"", ""solver_time"": 0.020492076873779297, ""status"": ""optimal"", ""tau"": 0.01}, {""iteration"": 3, ""max_slack"": 1.8046827669805925e-08, ""objective"": 131628.0134475175, ""original_change"": 0.00415569802862592, ""penalized_change"": 0.7131788410770241, ""penalized_objective"": 131628.0134475875, ""phase"": ""lse"", ""solver_time"": 0.020582914352416992, ""status"": ""optimal"", ""tau"": 0.02}, {""iteration"": 4, ""max_slack"": 6.151291373444607e-09, ""objective"": 131628.0134475184, ""original_change"": 9.022187441587448e-10, ""penalized_change"": 1.7171259969472885e-08, ""penalized_objective"": 131628.01344757032, ""phase"": ""lse"", ""solver_time"": 0.01786184310913086, ""status"": ""optimal"", ""tau"": 0.04}, {""converged"": true, ""phase"": ""lse"", ""summary"": true}, {""iteration"": 1, ""max_slack"": 1.1006848388134046e-08, ""objective"": 131628.0134475116, ""original_change"": null, ""penalized_change"": null, ""penalized_objective"": 131628.01344751864, ""phase"": ""mellowmin"", ""solver_time"": 0.029304981231689453, ""status"": ""optimal"", ""tau"": 0.005}, {""iteration"": 2, ""max_slack"": 6.329656155321713e-08, ""objective"": 131628.013447518, ""original_change"": 6.402842700481415e-09, ""penalized_change"": 3.568129613995552e-08, ""penalized_objective"": 131628.01344755432, ""phase"": ""mellowmin"", ""solver_time"": 0.02842092514038086, ""status"": ""optimal"", ""tau"": 0.01}, {""converged"": true, ""phase"": ""mellowmin"", ""summary"": true}]",
DEU_LocationALower-35_126_T-1,scenarios/experiment_scenarios/highd/DEU_LocationALower-35_126_T-1.xml,20,R_G1_R_G3,0,lin2025,21,lse_mellowmin,trajectory,20260922,True,True,True,True,0.015043759000036516,0.004061486000864534,0.13159303200154682,0.13159303200154682,1.2317457620010828,1.3824440390035306,0.28873851999924227,0.17111420631408691,0.17111420631408691,253,0,988,168,820,22,21,735,6,True,6.239736879347443e-09,optimal,113412.08276003068,0.010000000000677389,18,inf,,,,"[{""iteration"": 1, ""max_slack"": 1.4500076669720487, ""objective"": 113412.09957277708, ""original_change"": null, ""penalized_change"": null, ""penalized_objective"": 113413.66392516939, ""phase"": ""lse"", ""solver_time"": 0.02224588394165039, ""status"": ""optimal"", ""tau"": 0.005}, {""iteration"": 2, ""max_slack"": 1.454099290470675, ""objective"": 113412.08277046101, ""original_change"": 0.016802316065877676, ""penalized_change"": 1.3630398141540354, ""penalized_objective"": 113412.30088535523, ""phase"": ""lse"", ""solver_time"": 0.03234601020812988, ""status"": ""optimal"", ""tau"": 0.01}, {""iteration"": 3, ""max_slack"": 1.729892911683407e-10, ""objective"": 113412.08276002512, ""original_change"": 1.043589145410806e-05, ""penalized_change"": 0.2181253297603689, ""penalized_objective"": 113412.08276002547, ""phase"": ""lse"", ""solver_time"": 0.02477407455444336, ""status"": ""optimal"", ""tau"": 0.02}, {""iteration"": 4, ""max_slack"": 9.410659310627507e-11, ""objective"": 113412.08276002508, ""original_change"": 4.3655745685100555e-11, ""penalized_change"": 3.055902197957039e-10, ""penalized_objective"": 113412.08276002578, ""phase"": ""lse"", ""solver_time"": 0.024033069610595703, ""status"": ""optimal"", ""tau"": 0.04}, {""converged"": true, ""phase"": ""lse"", ""summary"": true}, {""iteration"": 1, ""max_slack"": 2.0662661548581357e-09, ""objective"": 113412.08276002509, ""original_change"": null, ""penalized_change"": null, ""penalized_objective"": 113412.08276002607, ""phase"": ""mellowmin"", ""solver_time"": 0.03465914726257324, ""status"": ""optimal"", ""tau"": 0.005}, {""iteration"": 2, ""max_slack"": 6.239736879347443e-09, ""objective"": 113412.08276002533, ""original_change"": 2.3283064365386963e-10, ""penalized_change"": 4.612957127392292e-09, ""penalized_objective"": 113412.08276003068, ""phase"": ""mellowmin"", ""solver_time"": 0.033056020736694336, ""status"": ""optimal"", ""tau"": 0.01}, {""converged"": true, ""phase"": ""mellowmin"", ""summary"": true}]",
DEU_LocationALower-35_263_T-1,scenarios/experiment_scenarios/highd/DEU_LocationALower-35_263_T-1.xml,12,R_G1_R_G3,0,lin2025,21,lse_mellowmin,trajectory,20260922,True,True,True,True,0.013395743000728544,0.0037390540001069894,0.12343734600108291,0.12343734600108291,0.6317940850003652,0.7723662280022836,0.3051563340013672,0.10239624977111816,0.10239624977111816,253,0,988,168,820,22,21,735,4,True,7.377182672283855e-08,optimal,273337.0549676178,0.010000000005504717,10,inf,,,,"[{""iteration"": 1, ""max_slack"": 2.1136531216351014e-08, ""objective"": 273337.0549675681, ""original_change"": null, ""penalized_change"": null, ""penalized_objective"": 273337.05496759404, ""phase"": ""lse"", ""solver_time"": 0.02643418312072754, ""status"": ""optimal"", ""tau"": 0.005}, {""iteration"": 2, ""max_slack"": 3.687691685386017e-08, ""objective"": 273337.0549675691, ""original_change"": 1.0477378964424133e-09, ""penalized_change"": 3.189779818058014e-08, ""penalized_objective"": 273337.05496762594, ""phase"": ""lse"", ""solver_time"": 0.02115607261657715, ""status"": ""optimal"", ""tau"": 0.01}, {""converged"": true, ""phase"": ""lse"", ""summary"": true}, {""iteration"": 1, ""max_slack"": 7.506587102646629e-10, ""objective"": 273337.05496756546, ""original_change"": null, ""penalized_change"": null, ""penalized_objective"": 273337.05496756587, ""phase"": ""mellowmin"", ""solver_time"": 0.02872300148010254, ""status"": ""optimal"", ""tau"": 0.005}, {""iteration"": 2, ""max_slack"": 7.377182672283855e-08, ""objective"": 273337.05496756785, ""original_change"": 2.3865140974521637e-09, ""penalized_change"": 5.192123353481293e-08, ""penalized_objective"": 273337.0549676178, ""phase"": ""mellowmin"", ""solver_time"": 0.026082992553710938, ""status"": ""optimal"", ""tau"": 0.01}, {""converged"": true, ""phase"": ""mellowmin"", ""summary"": true}]",
DEU_LocationALower-35_34_T-1,scenarios/experiment_scenarios/highd/DEU_LocationALower-35_34_T-1.xml,19,R_G1_R_G3,0,lin2025,21,lse_mellowmin,trajectory,20260922,True,True,False,False,0.027494969999679597,0.008064567000474199,0.17691978899893002,0.17691978899893002,0.8388138430000254,1.0512931689991092,0.286893353000778,0.21970915794372559,0.21970915794372559,253,0,967,168,799,22,21,714,6,True,2.7451440187259695e-08,optimal,50608.883807532504,0.010000000013158046,17,-inf,,,,"[{""iteration"": 1, ""max_slack"": 1.4082995822100672, ""objective"": 50608.900779308125, ""original_change"": null, ""penalized_change"": null, ""penalized_objective"": 50610.68969161798, ""phase"": ""lse"", ""solver_time"": 0.03253293037414551, ""status"": ""optimal"", ""tau"": 0.005}, {""iteration"": 2, ""max_slack"": 1.4015393416098143, ""objective"": 50608.88380894279, ""original_change"": 0.016970365337328985, ""penalized_change"": 1.5956517736049136, ""penalized_objective"": 50609.09403984438, ""phase"": ""lse"", ""solver_time"": 0.04120206832885742, ""status"": ""optimal"", ""tau"": 0.01}, {""iteration"": 3, ""max_slack"": 1.773622487619244e-09, ""objective"": 50608.88380749257, ""original_change"": 1.4502147678285837e-06, ""penalized_change"": 0.2102323491635616, ""penalized_objective"": 50608.883807495215, ""phase"": ""lse"", ""solver_time"": 0.023453950881958008, ""status"": ""optimal"", ""tau"": 0.02}, {""iteration"": 4, ""max_slack"": 9.001847920253246e-11, ""objective"": 50608.88380749249, ""original_change"": 8.003553375601768e-11, ""penalized_change"": 2.168235369026661e-09, ""penalized_objective"": 50608.883807493046, ""phase"": ""lse"", ""solver_time"": 0.02119302749633789, ""status"": ""optimal"", ""tau"": 0.04}, {""converged"": true, ""phase"": ""lse"", ""summary"": true}, {""iteration"": 1, ""max_slack"": 2.0231113099662668e-08, ""objective"": 50608.88380749331, ""original_change"": null, ""penalized_change"": null, ""penalized_objective"": 50608.88380750497, ""phase"": ""mellowmin"", ""solver_time"": 0.06376910209655762, ""status"": ""optimal"", ""tau"": 0.005}, {""iteration"": 2, ""max_slack"": 2.7451440187259695e-08, ""objective"": 50608.88380749523, ""original_change"": 1.9208528101444244e-09, ""penalized_change"": 2.7532223612070084e-08, ""penalized_objective"": 50608.883807532504, ""phase"": ""mellowmin"", ""solver_time"": 0.03755807876586914, ""status"": ""optimal"", ""tau"": 0.01}, {""converged"": true, ""phase"": ""mellowmin"", ""summary"": true}]",
DEU_LocationALower-36_113_T-1,scenarios/experiment_scenarios/highd/DEU_LocationALower-36_113_T-1.xml,14,R_G1_R_G3,0,lin2025,21,lse_mellowmin,trajectory,20260922,True,True,True,True,0.010956910999084357,0.003136254999844823,0.12273088600159099,0.12273088600159099,1.151779677000377,1.2886037290008971,0.29687967900099466,0.10084176063537598,0.10084176063537598,253,0,988,168,820,22,21,735,4,True,1.1658423794712108e-07,optimal,147490.51293570138,0.010000000026082034,11,inf,,,,"[{""iteration"": 1, ""max_slack"": 1.0084103726872083e-07, ""objective"": 147490.5129355723, ""original_change"": null, ""penalized_change"": null, ""penalized_objective"": 147490.51293563223, ""phase"": ""lse"", ""solver_time"": 0.02813100814819336, ""status"": ""optimal"", ""tau"": 0.005}, {""iteration"": 2, ""max_slack"": 2.5459796595629617e-09, ""objective"": 147490.51293556753, ""original_change"": 4.773028194904327e-09, ""penalized_change"": 6.129266694188118e-08, ""penalized_objective"": 147490.51293557094, ""phase"": ""lse"", ""solver_time"": 0.01970195770263672, ""status"": ""optimal"", ""tau"": 0.01}, {""converged"": true, ""phase"": ""lse"", ""summary"": true}, {""iteration"": 1, ""max_slack"": 1.1136481593391763e-08, ""objective"": 147490.51293556736, ""original_change"": null, ""penalized_change"": null, ""penalized_objective"": 147490.51293557158, ""phase"": ""mellowmin"", ""solver_time"": 0.02696394920349121, ""status"": ""optimal"", ""tau"": 0.005}, {""iteration"": 2, ""max_slack"": 1.1658423794712108e-07, ""objective"": 147490.5129355761, ""original_change"": 8.731149137020111e-09, ""penalized_change"": 1.2980308383703232e-07, ""penalized_objective"": 147490.51293570138, ""phase"": ""mellowmin"", ""solver_time"": 0.026044845581054688, ""status"": ""optimal"", ""tau"": 0.01}, {""converged"": true, ""phase"": ""mellowmin"", ""summary"": true}]",
DEU_LocationALower-36_123_T-1,scenarios/experiment_scenarios/highd/DEU_LocationALower-36_123_T-1.xml,15,R_G1_R_G3,0,lin2025,21,lse_mellowmin,trajectory,20260922,True,True,True,True,0.02078174999951443,0.005630379999274737,0.11837885100067069,0.11837885100067069,0.6883465949995298,0.8331375759989896,0.31729702899974654,0.059317827224731445,0.059317827224731445,247,0,958,168,790,19,18,693,4,True,5.608919013825541e-10,optimal,256521.91175230197,0.010000000000331966,11,inf,,,,"[{""iteration"": 1, ""max_slack"": 1.0866119438131386e-09, ""objective"": 256521.91175230156, ""original_change"": null, ""penalized_change"": null, ""penalized_objective"": 256521.9117523018, ""phase"": ""lse"", ""solver_time"": 0.014622926712036133, ""status"": ""optimal"", ""tau"": 0.005}, {""iteration"": 2, ""max_slack"": 1.3405058198118656e-10, ""objective"": 256521.9117523015, ""original_change"": 5.820766091346741e-11, ""penalized_change"": 2.6193447411060333e-10, ""penalized_objective"": 256521.91175230153, ""phase"": ""lse"", ""solver_time"": 0.015353918075561523, ""status"": ""optimal"", ""tau"": 0.01}, {""converged"": true, ""phase"": ""lse"", ""summary"": true}, {""iteration"": 1, ""max_slack"": 1.085852959292983e-09, ""objective"": 256521.91175230156, ""original_change"": null, ""penalized_change"": null, ""penalized_objective"": 256521.9117523018, ""phase"": ""mellowmin"", ""solver_time"": 0.014507055282592773, ""status"": ""optimal"", ""tau"": 0.005}, {""iteration"": 2, ""max_slack"": 5.608919013825541e-10, ""objective"": 256521.9117523017, ""original_change"": 1.4551915228366852e-10, ""penalized_change"": 1.7462298274040222e-10, ""penalized_objective"": 256521.91175230197, ""phase"": ""mellowmin"", ""solver_time"": 0.014833927154541016, ""status"": ""optimal"", ""tau"": 0.01}, {""converged"": true, ""phase"": ""mellowmin"", ""summary"": true}]",
DEU_LocationALower-36_208_T-1,scenarios/experiment_scenarios/highd/DEU_LocationALower-36_208_T-1.xml,8,R_G1_R_G3,0,lin2025,13,lse_mellowmin,trajectory,20260922,True,True,True,True,0.008930277999752434,0.0018284710004081717,0.4447727990009298,0.4447727990009298,0.34448281599907205,0.8000143640001625,0.34336853099921427,0.03270864486694336,0.03270864486694336,149,0,568,104,464,10,9,395,5,True,6.766830650053995e-10,optimal,240372.3581956031,0.010000000002880349,7,inf,,,,"[{""iteration"": 1, ""max_slack"": 0.44710747783054156, ""objective"": 240372.35820432293, ""original_change"": null, ""penalized_change"": null, ""penalized_objective"": 240372.39173741898, ""phase"": ""lse"", ""solver_time"": 0.005972862243652344, ""status"": ""optimal"", ""tau"": 0.005}, {""iteration"": 2, ""max_slack"": 9.241101735851792e-10, ""objective"": 240372.35819560272, ""original_change"": 8.72020609676838e-06, ""penalized_change"": 0.03354181564645842, ""penalized_objective"": 240372.35819560333, ""phase"": ""lse"", ""solver_time"": 0.005897045135498047, ""status"": ""optimal"", ""tau"": 0.01}, {""iteration"": 3, ""max_slack"": 8.867255760718114e-09, ""objective"": 240372.3581956053, ""original_change"": 2.5902409106492996e-09, ""penalized_change"": 1.1379597708582878e-08, ""penalized_objective"": 240372.3581956147, ""phase"": ""lse"", ""solver_time"": 0.00471186637878418, ""status"": ""optimal"", ""tau"": 0.02}, {""converged"": true, ""phase"": ""lse"", ""summary"": true}, {""iteration"": 1, ""max_slack"": 1.244769285461715e-09, ""objective"": 240372.3581956026, ""original_change"": null, ""penalized_change"": null, ""penalized_objective"": 240372.358195603, ""phase"": ""mellowmin"", ""solver_time"": 0.007921934127807617, ""status"": ""optimal"", ""tau"": 0.005}, {""iteration"": 2, ""max_slack"": 6.766830650053995e-10, ""objective"": 240372.3581956026, ""original_change"": 0.0, ""penalized_change"": 8.731149137020111e-11, ""penalized_objective"": 240372.3581956031, ""phase"": ""mellowmin"", ""solver_time"": 0.008204936981201172, ""status"": ""optimal"", ""tau"": 0.01}, {""converged"": true, ""phase"": ""mellowmin"", ""summary"": true}]",
DEU_LocationALower-36_236_T-1,scenarios/experiment_scenarios/highd/DEU_LocationALower-36_236_T-1.xml,6,R_G1_R_G3,0,lin2025,12,lse_mellowmin,trajectory,20260922,True,True,True,True,0.005029015999753028,0.0016884219985513482,0.06401487599941902,0.06401487599941902,0.36508497499926307,0.43581728899698646,0.3943619530000433,0.03280305862426758,0.03280305862426758,139,0,532,96,436,10,9,375,6,True,1.6858042644463163e-09,optimal,217117.33106560074,0.010000000000012221,5,inf,,,,"[{""iteration"": 1, ""max_slack"": 1.412416945309451, ""objective"": 217117.33108458525, ""original_change"": null, ""penalized_change"": null, ""penalized_objective"": 217117.6395826692, ""phase"": ""lse"", ""solver_time"": 0.00530695915222168, ""status"": ""optimal"", ""tau"": 0.005}, {""iteration"": 2, ""max_slack"": 1.410758783980886, ""objective"": 217117.33107308066, ""original_change"": 1.150459866039455e-05, ""penalized_change"": 0.09689576848177239, ""penalized_objective"": 217117.5426869007, ""phase"": ""lse"", ""solver_time"": 0.004862070083618164, ""status"": ""optimal"", ""tau"": 0.01}, {""iteration"": 3, ""max_slack"": 2.841255094400595e-10, ""objective"": 217117.3310655997, ""original_change"": 7.480964995920658e-06, ""penalized_change"": 0.21162130066659302, ""penalized_objective"": 217117.33106560004, ""phase"": ""lse"", ""solver_time"": 0.00469207763671875, ""status"": ""optimal"", ""tau"": 0.02}, {""iteration"": 4, ""max_slack"": 1.6612162233622111e-10, ""objective"": 217117.33106559975, ""original_change"": 5.820766091346741e-11, ""penalized_change"": 1.7462298274040222e-10, ""penalized_objective"": 217117.3310656002, ""phase"": ""lse"", ""solver_time"": 0.004081010818481445, ""status"": ""optimal"", ""tau"": 0.04}, {""converged"": true, ""phase"": ""lse"", ""summary"": true}, {""iteration"": 1, ""max_slack"": 1.5435209102963654e-09, ""objective"": 217117.33106559957, ""original_change"": null, ""penalized_change"": null, ""penalized_objective"": 217117.33106560007, ""phase"": ""mellowmin"", ""solver_time"": 0.00687098503112793, ""status"": ""optimal"", ""tau"": 0.005}, {""iteration"": 2, ""max_slack"": 1.6858042644463163e-09, ""objective"": 217117.3310655997, ""original_change"": 1.1641532182693481e-10, ""penalized_change"": 6.693881005048752e-10, ""penalized_objective"": 217117.33106560074, ""phase"": ""mellowmin"", ""solver_time"": 0.006989955902099609, ""status"": ""optimal"", ""tau"": 0.01}, {""converged"": true, ""phase"": ""mellowmin"", ""summary"": true}]",
DEU_LocationALower-36_269_T-1,scenarios/experiment_scenarios/highd/DEU_LocationALower-36_269_T-1.xml,18,R_G1_R_G3,0,lin2025,21,lse_mellowmin,trajectory,20260922,True,True,True,True,0.012872024999524001,0.0033499940000183415,0.12356423399978667,0.12356423399978667,0.6839876300000469,0.8237738829993759,0.834994322998682,0.11355900764465332,0.11355900764465332,253,0,988,168,820,22,21,735,4,True,8.652751342158788e-08,optimal,123206.62433151598,0.010000000017896582,16,inf,,,,"[{""iteration"": 1, ""max_slack"": 4.438488625937204e-09, ""objective"": 123206.62433142896, ""original_change"": null, ""penalized_change"": null, ""penalized_objective"": 123206.62433143087, ""phase"": ""lse"", ""solver_time"": 0.04086112976074219, ""status"": ""optimal"", ""tau"": 0.005}, {""iteration"": 2, ""max_slack"": 1.2811184953603271e-09, ""objective"": 123206.62433142903, ""original_change"": 7.275957614183426e-11, ""penalized_change"": 7.566995918750763e-10, ""penalized_objective"": 123206.62433143162, ""phase"": ""lse"", ""solver_time"": 0.019780874252319336, ""status"": ""optimal"", ""tau"": 0.01}, {""converged"": true, ""phase"": ""lse"", ""summary"": true}, {""iteration"": 1, ""max_slack"": 4.4467333112485275e-09, ""objective"": 123206.62433142896, ""original_change"": null, ""penalized_change"": null, ""penalized_objective"": 123206.62433143087, ""phase"": ""mellowmin"", ""solver_time"": 0.027025938034057617, ""status"": ""optimal"", ""tau"": 0.005}, {""iteration"": 2, ""max_slack"": 8.652751342158788e-08, ""objective"": 123206.62433143612, ""original_change"": 7.159542292356491e-09, ""penalized_change"": 8.511415217071772e-08, ""penalized_objective"": 123206.62433151598, ""phase"": ""mellowmin"", ""solver_time"": 0.02589106559753418, ""status"": ""optimal"", ""tau"": 0.01}, {""converged"": true, ""phase"": ""mellowmin"", ""summary"": true}]",
DEU_LocationALower-36_291_T-1,scenarios/experiment_scenarios/highd/DEU_LocationALower-36_291_T-1.xml,13,R_G1_R_G3,0,lin2025,21,lse_mellowmin,trajectory,20260922,True,True,True,True,0.010835179000423523,0.0036690489996544784,0.16704879600001732,0.16704879600001732,0.6300659059997997,0.811618929999895,0.3226543060009135,0.10670781135559082,0.10670781135559082,253,0,988,168,820,22,21,735,4,True,8.089477964817434e-08,optimal,175921.40072159082,0.010000000021477717,12,inf,,,,"[{""iteration"": 1, ""max_slack"": 4.261037633357997e-09, ""objective"": 175921.40072145025, ""original_change"": null, ""penalized_change"": null, ""penalized_objective"": 175921.40072145365, ""phase"": ""lse"", ""solver_time"": 0.027469873428344727, ""status"": ""optimal"", ""tau"": 0.005}, {""iteration"": 2, ""max_slack"": 5.527126325189041e-08, ""objective"": 175921.40072145368, ""original_change"": 3.434251993894577e-09, ""penalized_change"": 8.486676961183548e-08, ""penalized_objective"": 175921.40072153852, ""phase"": ""lse"", ""solver_time"": 0.020581960678100586, ""status"": ""optimal"", ""tau"": 0.01}, {""converged"": true, ""phase"": ""lse"", ""summary"": true}, {""iteration"": 1, ""max_slack"": 4.108161766937799e-08, ""objective"": 175921.40072145304, ""original_change"": null, ""penalized_change"": null, ""penalized_objective"": 175921.4007214782, ""phase"": ""mellowmin"", ""solver_time"": 0.02931499481201172, ""status"": ""optimal"", ""tau"": 0.005}, {""iteration"": 2, ""max_slack"": 8.089477964817434e-08, ""objective"": 175921.4007214582, ""original_change"": 5.1513779908418655e-09, ""penalized_change"": 1.1263182386755943e-07, ""penalized_objective"": 175921.40072159082, ""phase"": ""mellowmin"", ""solver_time"": 0.02934098243713379, ""status"": ""optimal"", ""tau"": 0.01}, {""converged"": true, ""phase"": ""mellowmin"", ""summary"": true}]",
DEU_LocationALower-36_61_T-1,scenarios/experiment_scenarios/highd/DEU_LocationALower-36_61_T-1.xml,9,R_G1_R_G3,0,lin2025,21,lse_mellowmin,trajectory,20260922,True,True,True,True,0.01183977900109312,0.003510488999381778,0.5209528199993656,0.5209528199993656,0.6872505489991454,1.223553636998986,0.32050062300004356,0.10682320594787598,0.10682320594787598,249,0,966,168,798,20,19,705,4,True,5.4654768968314e-10,optimal,289607.7053266565,0.010000000000161435,7,inf,,,,"[{""iteration"": 1, ""max_slack"": 8.7989568783315e-09, ""objective"": 289607.70532665565, ""original_change"": null, ""penalized_change"": null, ""penalized_objective"": 289607.7053266602, ""phase"": ""lse"", ""solver_time"": 0.030369997024536133, ""status"": ""optimal"", ""tau"": 0.005}, {""iteration"": 2, ""max_slack"": 2.078580817262859e-07, ""objective"": 289607.70532667276, ""original_change"": 1.7113052308559418e-08, ""penalized_change"": 2.6670750230550766e-07, ""penalized_objective"": 289607.7053269269, ""phase"": ""lse"", ""solver_time"": 0.02065110206604004, ""status"": ""optimal"", ""tau"": 0.01}, {""converged"": true, ""phase"": ""lse"", ""summary"": true}, {""iteration"": 1, ""max_slack"": 8.83595056056809e-09, ""objective"": 289607.7053266557, ""original_change"": null, ""penalized_change"": null, ""penalized_objective"": 289607.7053266603, ""phase"": ""mellowmin"", ""solver_time"": 0.027421951293945312, ""status"": ""optimal"", ""tau"": 0.005}, {""iteration"": 2, ""max_slack"": 5.4654768968314e-10, ""objective"": 289607.70532665576, ""original_change"": 5.820766091346741e-11, ""penalized_change"": 3.7834979593753815e-09, ""penalized_objective"": 289607.7053266565, ""phase"": ""mellowmin"", ""solver_time"": 0.028380155563354492, ""status"": ""optimal"", ""tau"": 0.01}, {""converged"": true, ""phase"": ""mellowmin"", ""summary"": true}]",
DEU_LocationALower-37_1_T-1,scenarios/experiment_scenarios/highd/DEU_LocationALower-37_1_T-1.xml,11,R_G1_R_G3,0,lin2025,21,lse_mellowmin,trajectory,20260922,True,True,True,True,0.010439644000143744,0.0037555979997705435,0.5706207219991484,0.5706207219991484,0.591253921000316,1.1760698849993787,0.35762479699951655,0.09330105781555176,0.09330105781555176,251,0,977,168,809,21,20,720,4,True,3.5870613436671706e-08,optimal,310828.07815392787,0.010000000009426913,8,inf,,,,"[{""iteration"": 1, ""max_slack"": 5.401585678774843e-10, ""objective"": 310828.0781538905, ""original_change"": null, ""penalized_change"": null, ""penalized_objective"": 310828.07815389085, ""phase"": ""lse"", ""solver_time"": 0.026394128799438477, ""status"": ""optimal"", ""tau"": 0.005}, {""iteration"": 2, ""max_slack"": 7.733646800443827e-09, ""objective"": 310828.0781538924, ""original_change"": 1.9208528101444244e-09, ""penalized_change"": 1.3329554349184036e-08, ""penalized_objective"": 310828.0781539042, ""phase"": ""lse"", ""solver_time"": 0.018171072006225586, ""status"": ""optimal"", ""tau"": 0.01}, {""converged"": true, ""phase"": ""lse"", ""summary"": true}, {""iteration"": 1, ""max_slack"": 4.3712412027666113e-07, ""objective"": 310828.07815391786, ""original_change"": null, ""penalized_change"": null, ""penalized_objective"": 310828.07815414265, ""phase"": ""mellowmin"", ""solver_time"": 0.025291919708251953, ""status"": ""optimal"", ""tau"": 0.005}, {""iteration"": 2, ""max_slack"": 3.5870613436671706e-08, ""objective"": 310828.0781538991, ""original_change"": 1.8742866814136505e-08, ""penalized_change"": 2.1478626877069473e-07, ""penalized_objective"": 310828.07815392787, ""phase"": ""mellowmin"", ""solver_time"": 0.023443937301635742, ""status"": ""optimal"", ""tau"": 0.01}, {""converged"": true, ""phase"": ""mellowmin"", ""summary"": true}]",
DEU_LocationALower-37_205_T-1,scenarios/experiment_scenarios/highd/DEU_LocationALower-37_205_T-1.xml,15,R_G1_R_G3,0,lin2025,21,lse_mellowmin,trajectory,20260922,True,True,True,True,0.010759003000202938,0.003176697000526474,0.11896455100031744,0.11896455100031744,1.2410265899998194,1.3739268410008663,0.3530934360005631,0.19884991645812988,0.19884991645812988,253,0,988,168,820,22,21,735,6,True,4.117875642883006e-09,optimal,193228.2360349949,0.01000000000124146,14,inf,,,,"[{""iteration"": 1, ""max_slack"": 1.7079402424297354, ""objective"": 193228.2364790762, ""original_change"": null, ""penalized_change"": null, ""penalized_objective"": 193228.3645745944, ""phase"": ""lse"", ""solver_time"": 0.07210016250610352, ""status"": ""optimal"", ""tau"": 0.005}, {""iteration"": 2, ""max_slack"": 1.5961076606754208, ""objective"": 193228.2378001401, ""original_change"": 0.0013210639008320868, ""penalized_change"": 0.1126417302293703, ""penalized_objective"": 193228.47721632462, ""phase"": ""lse"", ""solver_time"": 0.031311988830566406, ""status"": ""optimal"", ""tau"": 0.01}, {""iteration"": 3, ""max_slack"": 6.679336685320677e-08, ""objective"": 193228.23603499745, ""original_change"": 0.001765142660588026, ""penalized_change"": 0.24118118415935896, ""penalized_objective"": 193228.23603514046, ""phase"": ""lse"", ""solver_time"": 0.02039313316345215, ""status"": ""optimal"", ""tau"": 0.02}, {""iteration"": 4, ""max_slack"": 2.8702930347420383e-10, ""objective"": 193228.2360349886, ""original_change"": 8.847564458847046e-09, ""penalized_change"": 1.5055411495268345e-07, ""penalized_objective"": 193228.2360349899, ""phase"": ""lse"", ""solver_time"": 0.019871950149536133, ""status"": ""optimal"", ""tau"": 0.04}, {""converged"": true, ""phase"": ""lse"", ""summary"": true}, {""iteration"": 1, ""max_slack"": 3.8203579663615874e-10, ""objective"": 193228.2360349883, ""original_change"": null, ""penalized_change"": null, ""penalized_objective"": 193228.2360349886, ""phase"": ""mellowmin"", ""solver_time"": 0.028566837310791016, ""status"": ""optimal"", ""tau"": 0.005}, {""iteration"": 2, ""max_slack"": 4.117875642883006e-09, ""objective"": 193228.23603498936, ""original_change"": 1.0477378964424133e-09, ""penalized_change"": 6.28642737865448e-09, ""penalized_objective"": 193228.2360349949, ""phase"": ""mellowmin"", ""solver_time"": 0.026605844497680664, ""status"": ""optimal"", ""tau"": 0.01}, {""converged"": true, ""phase"": ""mellowmin"", ""summary"": true}]",
DEU_LocationALower-37_231_T-1,scenarios/experiment_scenarios/highd/DEU_LocationALower-37_231_T-1.xml,23,R_G1_R_G3,0,lin2025,21,lse_mellowmin,trajectory,20260922,True,True,True,True,0.012035207000735682,0.003345896999235265,0.1386868979989231,0.1386868979989231,1.0701418339995143,1.2242098359984084,0.33908282599986705,0.09620499610900879,0.09620499610900879,253,0,967,168,799,22,21,714,4,True,8.891590313367693e-09,optimal,42095.06159806053,0.010000000005826256,22,inf,,,,"[{""iteration"": 1, ""max_slack"": 3.2588180040913446e-07, ""objective"": 42095.06159807291, ""original_change"": null, ""penalized_change"": null, ""penalized_objective"": 42095.06159827999, ""phase"": ""lse"", ""solver_time"": 0.025884151458740234, ""status"": ""optimal"", ""tau"": 0.005}, {""iteration"": 2, ""max_slack"": 3.4223628577014914e-10, ""objective"": 42095.061598045766, ""original_change"": 2.7146597858518362e-08, ""penalized_change"": 2.338056219741702e-07, ""penalized_objective"": 42095.06159804619, ""phase"": ""lse"", ""solver_time"": 0.019397974014282227, ""status"": ""optimal"", ""tau"": 0.01}, {""converged"": true, ""phase"": ""lse"", ""summary"": true}, {""iteration"": 1, ""max_slack"": 3.2609575853850565e-07, ""objective"": 42095.06159807291, ""original_change"": null, ""penalized_change"": null, ""penalized_objective"": 42095.06159828014, ""phase"": ""mellowmin"", ""solver_time"": 0.0252230167388916, ""status"": ""optimal"", ""tau"": 0.005}, {""iteration"": 2, ""max_slack"": 8.891590313367693e-09, ""objective"": 42095.06159804715, ""original_change"": 2.576416591182351e-08, ""penalized_change"": 2.1961022866889834e-07, ""penalized_objective"": 42095.06159806053, ""phase"": ""mellowmin"", ""solver_time"": 0.025699853897094727, ""status"": ""optimal"", ""tau"": 0.01}, {""converged"": true, ""phase"": ""mellowmin"", ""summary"": true}]",
DEU_LocationALower-37_240_T-1,scenarios/experiment_scenarios/highd/DEU_LocationALower-37_240_T-1.xml,8,R_G1_R_G3,0,lin2025,21,lse_mellowmin,trajectory,20260922,True,True,True,True,0.008684857999469386,0.002952962000563275,0.11562122600116709,0.11562122600116709,1.0658847489994514,1.1931437950006512,0.30985853699894506,0.13499903678894043,0.13499903678894043,249,0,956,168,788,20,19,695,6,True,6.583900606694663e-10,optimal,300556.99297612504,0.010000000000069524,6,inf,,,,"[{""iteration"": 1, ""max_slack"": 11.885693432476073, ""objective"": 300557.0013996642, ""original_change"": null, ""penalized_change"": null, ""penalized_objective"": 300558.873774905, ""phase"": ""lse"", ""solver_time"": 0.017262935638427734, ""status"": ""optimal"", ""tau"": 0.005}, {""iteration"": 2, ""max_slack"": 1.1633579428303413, ""objective"": 300556.9930385851, ""original_change"": 0.008361079089809209, ""penalized_change"": 1.5324224151554517, ""penalized_objective"": 300557.34135248984, ""phase"": ""lse"", ""solver_time"": 0.023705005645751953, ""status"": ""optimal"", ""tau"": 0.01}, {""iteration"": 3, ""max_slack"": 1.0551010062133582e-08, ""objective"": 300556.9929761286, ""original_change"": 6.245652912184596e-05, ""penalized_change"": 0.34837632556445897, ""penalized_objective"": 300556.99297616427, ""phase"": ""lse"", ""solver_time"": 0.01961994171142578, ""status"": ""optimal"", ""tau"": 0.02}, {""iteration"": 4, ""max_slack"": 2.7158062811733746e-09, ""objective"": 300556.9929761262, ""original_change"": 2.3865140974521637e-09, ""penalized_change"": 2.1478626877069473e-08, ""penalized_objective"": 300556.9929761428, ""phase"": ""lse"", ""solver_time"": 0.01812005043029785, ""status"": ""optimal"", ""tau"": 0.04}, {""converged"": true, ""phase"": ""lse"", ""summary"": true}, {""iteration"": 1, ""max_slack"": 6.746163945947055e-09, ""objective"": 300556.99297612486, ""original_change"": null, ""penalized_change"": null, ""penalized_objective"": 300556.9929761279, ""phase"": ""mellowmin"", ""solver_time"": 0.027785062789916992, ""status"": ""optimal"", ""tau"": 0.005}, {""iteration"": 2, ""max_slack"": 6.583900606694663e-10, ""objective"": 300556.9929761244, ""original_change"": 4.656612873077393e-10, ""penalized_change"": 2.852175384759903e-09, ""penalized_objective"": 300556.99297612504, ""phase"": ""mellowmin"", ""solver_time"": 0.028506040573120117, ""status"": ""optimal"", ""tau"": 0.01}, {""converged"": true, ""phase"": ""mellowmin"", ""summary"": true}]",
DEU_LocationALower-37_4_T-1,scenarios/experiment_scenarios/highd/DEU_LocationALower-37_4_T-1.xml,22,R_G1_R_G3,0,lin2025,21,lse_mellowmin,trajectory,20260922,True,True,True,True,0.011762854999687988,0.004084799998963717,0.12836958600018988,0.12836958600018988,1.246181611000793,1.3903988519996346,0.3955313259994,0.12455892562866211,0.12455892562866211,253,0,988,168,820,22,21,735,4,True,2.0426836667901773e-07,optimal,56605.646016612336,0.010000000059733338,20,inf,,,,"[{""iteration"": 1, ""max_slack"": 2.3159041030187426e-09, ""objective"": 56605.64601622182, ""original_change"": null, ""penalized_change"": null, ""penalized_objective"": 56605.64601622375, ""phase"": ""lse"", ""solver_time"": 0.028316974639892578, ""status"": ""optimal"", ""tau"": 0.005}, {""iteration"": 2, ""max_slack"": 2.1877901445403743e-09, ""objective"": 56605.646016221915, ""original_change"": 9.458744898438454e-11, ""penalized_change"": 5.384208634495735e-10, ""penalized_objective"": 56605.64601622429, ""phase"": ""lse"", ""solver_time"": 0.02144598960876465, ""status"": ""optimal"", ""tau"": 0.01}, {""converged"": true, ""phase"": ""lse"", ""summary"": true}, {""iteration"": 1, ""max_slack"": 2.3160164426543733e-09, ""objective"": 56605.64601622184, ""original_change"": null, ""penalized_change"": null, ""penalized_objective"": 56605.64601622377, ""phase"": ""mellowmin"", ""solver_time"": 0.03828692436218262, ""status"": ""optimal"", ""tau"": 0.005}, {""iteration"": 2, ""max_slack"": 2.0426836667901773e-07, ""objective"": 56605.64601624099, ""original_change"": 1.9150320440530777e-08, ""penalized_change"": 3.885652404278517e-07, ""penalized_objective"": 56605.646016612336, ""phase"": ""mellowmin"", ""solver_time"": 0.036509037017822266, ""status"": ""optimal"", ""tau"": 0.01}, {""converged"": true, ""phase"": ""mellowmin"", ""summary"": true}]",
DEU_LocationALower-29_192_T-1,scenarios/experiment_scenarios/highd/DEU_LocationALower-29_192_T-1.xml,9,R_G1_R_G3,0,lin2025,21,lse_mellowmin,trajectory,20260922,True,True,True,True,0.010016111000368255,0.003638300999227795,0.12730804900093062,0.12730804900093062,2.2128222579995054,2.353784719000032,0.43975286499880895,0.6531727313995361,0.6531727313995361,253,0,988,168,820,22,21,735,23,False,6.04447581995971e-11,"solver_error: Solver 'GUROBI' failed. Try another solver, or solve with verbose=True for more information.",169520.33469406783,0.010000052357213463,10,inf,,,,"[{""iteration"": 1, ""max_slack"": 1.853708717962205, ""objective"": 169452.4960223332, ""original_change"": null, ""penalized_change"": null, ""penalized_objective"": 169452.71389874094, ""phase"": ""lse"", ""solver_time"": 0.021111011505126953, ""status"": ""optimal"", ""tau"": 0.005}, {""iteration"": 2, ""max_slack"": 1.0190945837529662e-09, ""objective"": 169413.22396273422, ""original_change"": 39.272059598966734, ""penalized_change"": 39.48993600503309, ""penalized_objective"": 169413.2239627359, ""phase"": ""lse"", ""solver_time"": 0.02818584442138672, ""status"": ""optimal"", ""tau"": 0.01}, {""iteration"": 3, ""max_slack"": 16.826821356859682, ""objective"": 174006.9979484689, ""original_change"": 4593.773985734675, ""penalized_change"": 4621.408980384411, ""penalized_objective"": 174034.63294312032, ""phase"": ""lse"", ""solver_time"": 0.05836296081542969, ""status"": ""optimal"", ""tau"": 0.02}, {""iteration"": 4, ""max_slack"": 6.6964260203118195, ""objective"": 247175.74620304562, ""original_change"": 73168.74825457673, ""penalized_change"": 73148.86632677636, ""penalized_objective"": 247183.49926989668, ""phase"": ""lse"", ""solver_time"": 0.017381906509399414, ""status"": ""optimal"", ""tau"": 0.04}, {""iteration"": 5, ""max_slack"": 1.0335887814561815e-10, ""objective"": 169413.2239627342, ""original_change"": 77762.52224031143, ""penalized_change"": 77770.2753071617, ""penalized_objective"": 169413.22396273498, ""phase"": ""lse"", ""solver_time"": 0.0286409854888916, ""status"": ""optimal"", ""tau"": 0.08}, {""iteration"": 6, ""max_slack"": 15.381633474724536, ""objective"": 173934.9895697821, ""original_change"": 4521.765607047913, ""penalized_change"": 4828.770562038466, ""penalized_objective"": 174241.99452477344, ""phase"": ""lse"", ""solver_time"": 0.05811715126037598, ""status"": ""optimal"", ""tau"": 0.16}, {""iteration"": 7, ""max_slack"": 6.691505259640163, ""objective"": 247128.24190653945, ""original_change"": 73193.25233675734, ""penalized_change"": 72947.499102453, ""penalized_objective"": 247189.49362722645, ""phase"": ""lse"", ""solver_time"": 0.017147064208984375, ""status"": ""optimal"", ""tau"": 0.32}, {""iteration"": 8, ""max_slack"": 6.081463515129835e-11, ""objective"": 169413.22396273445, ""original_change"": 77715.017943805, ""penalized_change"": 77776.26966448998, ""penalized_objective"": 169413.22396273646, ""phase"": ""lse"", ""solver_time"": 0.02878093719482422, ""status"": ""optimal"", ""tau"": 0.64}, {""iteration"": 9, ""max_slack"": 10.305746875749687, ""objective"": 177317.34760682058, ""original_change"": 7904.123644086125, ""penalized_change"": 9908.075517120335, ""penalized_objective"": 179321.2994798568, ""phase"": ""lse"", ""solver_time"": 0.027846097946166992, ""status"": ""optimal"", ""tau"": 1.28}, {""iteration"": 10, ""max_slack"": 6.936871294500451, ""objective"": 256197.2999528771, ""original_change"": 78879.95234605653, ""penalized_change"": 77383.94430564469, ""penalized_objective"": 256705.2437855015, ""phase"": ""lse"", ""solver_time"": 0.014935016632080078, ""status"": ""optimal"", ""tau"": 2.56}, {""iteration"": 11, ""max_slack"": 5.88057390035445e-11, ""objective"": 169413.2239627462, ""original_change"": 86784.07599013089, ""penalized_change"": 87292.01982268505, ""penalized_objective"": 169413.22396281644, ""phase"": ""lse"", ""solver_time"": 0.0285189151763916, ""status"": ""optimal"", ""tau"": 5.12}, {""iteration"": 12, ""max_slack"": 6.40522311532877, ""objective"": 188478.18355159106, ""original_change"": 19064.959588844853, ""penalized_change"": 28258.41321956212, ""penalized_objective"": 197671.63718237856, ""phase"": ""lse"", ""solver_time"": 0.03155922889709473, ""status"": ""optimal"", ""tau"": 10.24}, {""iteration"": 13, ""max_slack"": 2.3781725761029975, ""objective"": 249572.68608250946, ""original_change"": 61094.5025309184, ""penalized_change"": 53611.726255002955, ""penalized_objective"": 251283.36343738151, ""phase"": ""lse"", ""solver_time"": 0.0171048641204834, ""status"": ""optimal"", ""tau"": 20.48}, {""iteration"": 14, ""max_slack"": 4.023309766847206, ""objective"": 169673.95704477915, ""original_change"": 79898.72903773031, ""penalized_change"": 79137.48487183495, ""penalized_objective"": 172145.87856554656, ""phase"": ""lse"", ""solver_time"": 0.035160064697265625, ""status"": ""optimal"", ""tau"": 40.96}, {""iteration"": 15, ""max_slack"": 2.158187106081166, ""objective"": 205941.67320928603, ""original_change"": 36267.716164506885, ""penalized_change"": 51232.165481340955, ""penalized_objective"": 223378.04404688752, ""phase"": ""lse"", ""solver_time"": 0.028583049774169922, ""status"": ""optimal"", ""tau"": 81.92}, {""iteration"": 16, ""max_slack"": 4.229843076908373, ""objective"": 170013.62598110831, ""original_change"": 35928.04722817772, ""penalized_change"": 32385.93594885076, ""penalized_objective"": 190992.10809803676, ""phase"": ""lse"", ""solver_time"": 0.014868021011352539, ""status"": ""optimal"", ""tau"": 163.84}, {""iteration"": 17, ""max_slack"": 5.177623663022025e-13, ""objective"": 244703.99314503858, ""original_change"": 74690.36716393026, ""penalized_change"": 53711.88504704498, ""penalized_objective"": 244703.99314508174, ""phase"": ""lse"", ""solver_time"": 0.05328512191772461, ""status"": ""optimal"", ""tau"": 327.68}, {""iteration"": 18, ""max_slack"": 0.002797976497869732, ""objective"": 191978.12038089806, ""original_change"": 52725.87276414051, ""penalized_change"": 52698.3675359966, ""penalized_objective"": 192005.62560908514, ""phase"": ""lse"", ""solver_time"": 0.018706083297729492, ""status"": ""optimal"", ""tau"": 655.36}, {""iteration"": 19, ""max_slack"": 2.139175763131253e-11, ""objective"": 220347.44267319705, ""original_change"": 28369.32229229898, ""penalized_change"": 28341.817067547032, ""penalized_objective"": 220347.44267663217, ""phase"": ""lse"", ""solver_time"": 0.0272061824798584, ""status"": ""optimal"", ""tau"": 1000.0}, {""iteration"": 20, ""max_slack"": 2.169383526595881e-11, ""objective"": 187621.9620359949, ""original_change"": 32725.480637202156, ""penalized_change"": 32725.48063616769, ""penalized_objective"": 187621.96204046448, ""phase"": ""lse"", ""solver_time"": 0.017093181610107422, ""status"": ""optimal"", ""tau"": 1000.0}, {""iteration"": 21, ""max_slack"": 1.4348083421423932e-11, ""objective"": 179139.2769057522, ""original_change"": 8482.685130242695, ""penalized_change"": 8482.685131766659, ""penalized_objective"": 179139.27690869782, ""phase"": ""lse"", ""solver_time"": 0.03498196601867676, ""status"": ""optimal"", ""tau"": 1000.0}, {""iteration"": 22, ""max_slack"": 1.599032107465532e-13, ""objective"": 174218.2609213905, ""original_change"": 4921.0159843617, ""penalized_change"": 4921.015987269115, ""penalized_objective"": 174218.2609214287, ""phase"": ""lse"", ""solver_time"": 0.021032094955444336, ""status"": ""optimal"", ""tau"": 1000.0}, {""iteration"": 23, ""max_slack"": 6.04447581995971e-11, ""objective"": 169520.33468182033, ""original_change"": 4697.926239570166, ""penalized_change"": 4697.9262273608765, ""penalized_objective"": 169520.33469406783, ""phase"": ""lse"", ""solver_time"": 0.02456498146057129, ""status"": ""optimal"", ""tau"": 1000.0}, {""converged"": false, ""phase"": ""lse"", ""summary"": true}]",
