scenario_id,relative_path,used_by,source_path,size_bytes,sha256
DEU_AachenFrankenburg-1_223121_T-3140,scenarios/experiment_scenarios/generated_micp/in3/DEU_AachenFrankenburg-1_223121_T-3140.xml,micp,/data_linux/Lab/commonroad-repairer-vp/micp_comparison/results/vp_aligned_2026-09-08/scenarios/in3/DEU_AachenFrankenburg-1_223121_T-3140.xml,446587,223db7f7da1f9cb71777cc03a67b42e8e077beed6b62a639166ddc785d30b033
DEU_AachenFrankenburg-1_223122_T-3141,scenarios/experiment_scenarios/generated_micp/in3/DEU_AachenFrankenburg-1_223122_T-3141.xml,micp,/data_linux/Lab/commonroad-repairer-vp/micp_comparison/results/vp_aligned_2026-09-08/scenarios/in3/DEU_AachenFrankenburg-1_223122_T-3141.xml,445942,948d4f1f73645809a280065fb8e6a12850dea03e19d6c5c0e314d954c9527738
DEU_AachenFrankenburg-1_223123_T-3142,scenarios/experiment_scenarios/generated_micp/in3/DEU_AachenFrankenburg-1_223123_T-3142.xml,micp,/data_linux/Lab/commonroad-repairer-vp/micp_comparison/results/vp_aligned_2026-09-08/scenarios/in3/DEU_AachenFrankenburg-1_223123_T-3142.xml,445295,aa0e06bd7db574151bb8be230049d53ef5908ca30e3ad4945262059373629ff3
DEU_AachenFrankenburg-1_223124_T-3143,scenarios/experiment_scenarios/generated_micp/in3/DEU_AachenFrankenburg-1_223124_T-3143.xml,micp,/data_linux/Lab/commonroad-repairer-vp/micp_comparison/results/vp_aligned_2026-09-08/scenarios/in3/DEU_AachenFrankenburg-1_223124_T-3143.xml,444646,d16d50e6a4c88f9371072669877e5e7fd168cb8f9e25285caab7194cd6c29610
DEU_AachenFrankenburg-1_223125_T-3144,scenarios/experiment_scenarios/generated_micp/in3/DEU_AachenFrankenburg-1_223125_T-3144.xml,micp,/data_linux/Lab/commonroad-repairer-vp/micp_comparison/results/vp_aligned_2026-09-08/scenarios/in3/DEU_AachenFrankenburg-1_223125_T-3144.xml,444000,60dd488332edaef73e278b149fcbc57390be3747c52215ff07e8c4186256cf06
DEU_AachenFrankenburg-1_253058_T-3077,scenarios/experiment_scenarios/generated_micp/in3/DEU_AachenFrankenburg-1_253058_T-3077.xml,micp,/data_linux/Lab/commonroad-repairer-vp/micp_comparison/results/vp_aligned_2026-09-08/scenarios/in3/DEU_AachenFrankenburg-1_253058_T-3077.xml,341278,d7daaef3967d580c009346412e51aac85c01bb89db0ced9cf1ec21e7cdff1a29
DEU_AachenFrankenburg-1_253059_T-3078,scenarios/experiment_scenarios/generated_micp/in3/DEU_AachenFrankenburg-1_253059_T-3078.xml,micp,/data_linux/Lab/commonroad-repairer-vp/micp_comparison/results/vp_aligned_2026-09-08/scenarios/in3/DEU_AachenFrankenburg-1_253059_T-3078.xml,341259,86405d17448eb1c24c7970855f947bf2b85228b4e8bdef0b3bbf615b4c9fec54
DEU_AachenFrankenburg-1_253061_T-3080,scenarios/experiment_scenarios/generated_micp/in3/DEU_AachenFrankenburg-1_253061_T-3080.xml,micp,/data_linux/Lab/commonroad-repairer-vp/micp_comparison/results/vp_aligned_2026-09-08/scenarios/in3/DEU_AachenFrankenburg-1_253061_T-3080.xml,340418,6874a733354accde3afb20c9d7c925fa79f25df0334e3ff7a520d60805291e49
DEU_AachenFrankenburg-1_253062_T-3081,scenarios/experiment_scenarios/generated_micp/in3/DEU_AachenFrankenburg-1_253062_T-3081.xml,micp,/data_linux/Lab/commonroad-repairer-vp/micp_comparison/results/vp_aligned_2026-09-08/scenarios/in3/DEU_AachenFrankenburg-1_253062_T-3081.xml,341029,10e5322a0749abeb81abbcb626178296cf193574c17c06fdbdae7590a9b26a22
DEU_AachenFrankenburg-1_253063_T-3082,scenarios/experiment_scenarios/generated_micp/in3/DEU_AachenFrankenburg-1_253063_T-3082.xml,micp,/data_linux/Lab/commonroad-repairer-vp/micp_comparison/results/vp_aligned_2026-09-08/scenarios/in3/DEU_AachenFrankenburg-1_253063_T-3082.xml,341682,4bac5d825ec16e32fcdf9aaef6dd07c2759aadf861d03deac070a63ea9657258
DEU_AachenFrankenburg-1_253064_T-3083,scenarios/experiment_scenarios/generated_micp/in3/DEU_AachenFrankenburg-1_253064_T-3083.xml,micp,/data_linux/Lab/commonroad-repairer-vp/micp_comparison/results/vp_aligned_2026-09-08/scenarios/in3/DEU_AachenFrankenburg-1_253064_T-3083.xml,341676,7a2fcfe36cefab938769ea380b406b12ee488b2bb8fb40a94beedb83174335bd
DEU_AachenFrankenburg-1_253065_T-3084,scenarios/experiment_scenarios/generated_micp/in3/DEU_AachenFrankenburg-1_253065_T-3084.xml,micp,/data_linux/Lab/commonroad-repairer-vp/micp_comparison/results/vp_aligned_2026-09-08/scenarios/in3/DEU_AachenFrankenburg-1_253065_T-3084.xml,341034,01105daff6a4f08901e41176dcbee36ba1e5c350d3ac08f7f4f35ee54e4fb076
DEU_AachenFrankenburg-1_281717_T-1736,scenarios/experiment_scenarios/generated_micp/in3/DEU_AachenFrankenburg-1_281717_T-1736.xml,micp,/data_linux/Lab/commonroad-repairer-vp/micp_comparison/results/vp_aligned_2026-09-08/scenarios/in3/DEU_AachenFrankenburg-1_281717_T-1736.xml,438317,f68d876a0523fd083b534cc943ddceb4df1ae5fdcc63a930003908ea643670ca
DEU_AachenFrankenburg-1_281718_T-1737,scenarios/experiment_scenarios/generated_micp/in3/DEU_AachenFrankenburg-1_281718_T-1737.xml,micp,/data_linux/Lab/commonroad-repairer-vp/micp_comparison/results/vp_aligned_2026-09-08/scenarios/in3/DEU_AachenFrankenburg-1_281718_T-1737.xml,438934,0ca18f2d7219caa88a5838450a8d158d4a840749388443750fb73daf2fa4e28d
DEU_AachenFrankenburg-1_281719_T-1738,scenarios/experiment_scenarios/generated_micp/in3/DEU_AachenFrankenburg-1_281719_T-1738.xml,micp,/data_linux/Lab/commonroad-repairer-vp/micp_comparison/results/vp_aligned_2026-09-08/scenarios/in3/DEU_AachenFrankenburg-1_281719_T-1738.xml,439573,468a5e7bdc8f03d8f5be0f3c3d3ec48ad169f37b972a6acb1e68c1724967ada0
DEU_AachenFrankenburg-1_281721_T-1740,scenarios/experiment_scenarios/generated_micp/in3/DEU_AachenFrankenburg-1_281721_T-1740.xml,micp,/data_linux/Lab/commonroad-repairer-vp/micp_comparison/results/vp_aligned_2026-09-08/scenarios/in3/DEU_AachenFrankenburg-1_281721_T-1740.xml,440210,c7f1521b7197b845160d08076cda703d1dcbcde216cac519085e0588b7425de8
DEU_AachenFrankenburg-1_281722_T-1741,scenarios/experiment_scenarios/generated_micp/in3/DEU_AachenFrankenburg-1_281722_T-1741.xml,micp,/data_linux/Lab/commonroad-repairer-vp/micp_comparison/results/vp_aligned_2026-09-08/scenarios/in3/DEU_AachenFrankenburg-1_281722_T-1741.xml,440206,ee603568e208d9f7943e91d6ae0ccbf9f34658dad334a7c1ec1c64e17d66951b
DEU_AachenFrankenburg-1_281723_T-1742,scenarios/experiment_scenarios/generated_micp/in3/DEU_AachenFrankenburg-1_281723_T-1742.xml,micp,/data_linux/Lab/commonroad-repairer-vp/micp_comparison/results/vp_aligned_2026-09-08/scenarios/in3/DEU_AachenFrankenburg-1_281723_T-1742.xml,440205,5588cfed2180d41e4d1f219cce34f1667518b6070204e702245b68154b03e641
DEU_AachenFrankenburg-1_281724_T-1743,scenarios/experiment_scenarios/generated_micp/in3/DEU_AachenFrankenburg-1_281724_T-1743.xml,micp,/data_linux/Lab/commonroad-repairer-vp/micp_comparison/results/vp_aligned_2026-09-08/scenarios/in3/DEU_AachenFrankenburg-1_281724_T-1743.xml,440199,917d1384113d03258cd140f01479128da3b4920939531af59563683b4d9d77fd
DEU_AachenBendplatz-1_151155_T-1174,scenarios/experiment_scenarios/generated_micp/in4/DEU_AachenBendplatz-1_151155_T-1174.xml,micp,/data_linux/Lab/commonroad-repairer-vp/micp_comparison/results/vp_aligned_2026-09-08/scenarios/in4/DEU_AachenBendplatz-1_151155_T-1174.xml,251146,99b14b0b9708f158492b585343835996030258c7ac0782cd3679b7ec72279210
DEU_AachenBendplatz-1_151156_T-1175,scenarios/experiment_scenarios/generated_micp/in4/DEU_AachenBendplatz-1_151156_T-1175.xml,micp,/data_linux/Lab/commonroad-repairer-vp/micp_comparison/results/vp_aligned_2026-09-08/scenarios/in4/DEU_AachenBendplatz-1_151156_T-1175.xml,249863,8bfcc6fabedacd765246341e45c24950e21eb46370daac9ab5a10a39dd7092d7
DEU_AachenBendplatz-1_151157_T-1176,scenarios/experiment_scenarios/generated_micp/in4/DEU_AachenBendplatz-1_151157_T-1176.xml,micp,/data_linux/Lab/commonroad-repairer-vp/micp_comparison/results/vp_aligned_2026-09-08/scenarios/in4/DEU_AachenBendplatz-1_151157_T-1176.xml,248338,e7ce4007cf6312a81f5e5c9eb240df97c9c766ad88cac96352a8d9bff6669904
DEU_AachenBendplatz-1_151158_T-1177,scenarios/experiment_scenarios/generated_micp/in4/DEU_AachenBendplatz-1_151158_T-1177.xml,micp,/data_linux/Lab/commonroad-repairer-vp/micp_comparison/results/vp_aligned_2026-09-08/scenarios/in4/DEU_AachenBendplatz-1_151158_T-1177.xml,247057,1748567aa69829c9658ff5e4018a49007e2e69d3f99dbd5060fea26f94b9e903
DEU_AachenBendplatz-1_151159_T-1178,scenarios/experiment_scenarios/generated_micp/in4/DEU_AachenBendplatz-1_151159_T-1178.xml,micp,/data_linux/Lab/commonroad-repairer-vp/micp_comparison/results/vp_aligned_2026-09-08/scenarios/in4/DEU_AachenBendplatz-1_151159_T-1178.xml,245780,0aa266fef471a2e3608bdbdebf1f45730fe37a0fac2742e2dd1d5c0453545bae
DEU_AachenBendplatz-1_151161_T-1180,scenarios/experiment_scenarios/generated_micp/in4/DEU_AachenBendplatz-1_151161_T-1180.xml,micp,/data_linux/Lab/commonroad-repairer-vp/micp_comparison/results/vp_aligned_2026-09-08/scenarios/in4/DEU_AachenBendplatz-1_151161_T-1180.xml,241928,7429b7af7643cb7b646118d873f992641fed83c3f9aab91d7df9f0aee1b8149b
DEU_AachenBendplatz-1_151162_T-1181,scenarios/experiment_scenarios/generated_micp/in4/DEU_AachenBendplatz-1_151162_T-1181.xml,micp,/data_linux/Lab/commonroad-repairer-vp/micp_comparison/results/vp_aligned_2026-09-08/scenarios/in4/DEU_AachenBendplatz-1_151162_T-1181.xml,240676,0ac0729f32e848b600eeb51119f2bbd590cc9a61aee346809cbcfe8bad9dcb37
DEU_AachenBendplatz-1_151163_T-1182,scenarios/experiment_scenarios/generated_micp/in4/DEU_AachenBendplatz-1_151163_T-1182.xml,micp,/data_linux/Lab/commonroad-repairer-vp/micp_comparison/results/vp_aligned_2026-09-08/scenarios/in4/DEU_AachenBendplatz-1_151163_T-1182.xml,240018,2a9e82d52fa712db158afd44fef875ac2448c0ec051d10239f77cd90fbfa0b75
DEU_AachenBendplatz-1_151164_T-1183,scenarios/experiment_scenarios/generated_micp/in4/DEU_AachenBendplatz-1_151164_T-1183.xml,micp,/data_linux/Lab/commonroad-repairer-vp/micp_comparison/results/vp_aligned_2026-09-08/scenarios/in4/DEU_AachenBendplatz-1_151164_T-1183.xml,239379,9b5c194bfa323a65808d9ba9c1a6f89905848452b5712f11d3878bf6fb03c327
DEU_AachenBendplatz-1_151165_T-1184,scenarios/experiment_scenarios/generated_micp/in4/DEU_AachenBendplatz-1_151165_T-1184.xml,micp,/data_linux/Lab/commonroad-repairer-vp/micp_comparison/results/vp_aligned_2026-09-08/scenarios/in4/DEU_AachenBendplatz-1_151165_T-1184.xml,238985,4e2bf864ebcf354eeefb0a26fec94269b0dfdfe1d1319a60054add1bc2d7c45b
DEU_AachenBendplatz-1_162278_T-2297,scenarios/experiment_scenarios/generated_micp/in4/DEU_AachenBendplatz-1_162278_T-2297.xml,micp,/data_linux/Lab/commonroad-repairer-vp/micp_comparison/results/vp_aligned_2026-09-08/scenarios/in4/DEU_AachenBendplatz-1_162278_T-2297.xml,191352,9c6b4966360a5e5e5f2d6afc379fa04d50212782b10e461da7c66a046504829d
DEU_AachenBendplatz-1_162279_T-2298,scenarios/experiment_scenarios/generated_micp/in4/DEU_AachenBendplatz-1_162279_T-2298.xml,micp,/data_linux/Lab/commonroad-repairer-vp/micp_comparison/results/vp_aligned_2026-09-08/scenarios/in4/DEU_AachenBendplatz-1_162279_T-2298.xml,191369,0f5c0a4ecb44703baf1980769d901e2e0ed45c33598ade0bb37eaa0bdf65e06c
DEU_AachenBendplatz-1_162281_T-2300,scenarios/experiment_scenarios/generated_micp/in4/DEU_AachenBendplatz-1_162281_T-2300.xml,micp,/data_linux/Lab/commonroad-repairer-vp/micp_comparison/results/vp_aligned_2026-09-08/scenarios/in4/DEU_AachenBendplatz-1_162281_T-2300.xml,190711,8d8c6a31391ee3dfd72c7c954b44f7efc5d2864652e8dd79c000d56cd176bede
DEU_AachenBendplatz-1_162282_T-2301,scenarios/experiment_scenarios/generated_micp/in4/DEU_AachenBendplatz-1_162282_T-2301.xml,micp,/data_linux/Lab/commonroad-repairer-vp/micp_comparison/results/vp_aligned_2026-09-08/scenarios/in4/DEU_AachenBendplatz-1_162282_T-2301.xml,189848,ea040c253f736cd10df2dc5dc1f7e2aa8f6acd294812295b9c4037f2a608c659
DEU_AachenBendplatz-1_162283_T-2302,scenarios/experiment_scenarios/generated_micp/in4/DEU_AachenBendplatz-1_162283_T-2302.xml,micp,/data_linux/Lab/commonroad-repairer-vp/micp_comparison/results/vp_aligned_2026-09-08/scenarios/in4/DEU_AachenBendplatz-1_162283_T-2302.xml,192218,28d6de7b183276adeab5d72376c7b60cd006ad9573e67f14dff91d1551b9f0cd
DEU_AachenBendplatz-1_162284_T-2303,scenarios/experiment_scenarios/generated_micp/in4/DEU_AachenBendplatz-1_162284_T-2303.xml,micp,/data_linux/Lab/commonroad-repairer-vp/micp_comparison/results/vp_aligned_2026-09-08/scenarios/in4/DEU_AachenBendplatz-1_162284_T-2303.xml,192855,d5e3c21724b37fa5ad71a864985145a63307605e0e801e785bb5f272528c4112
DEU_AachenBendplatz-1_162285_T-2304,scenarios/experiment_scenarios/generated_micp/in4/DEU_AachenBendplatz-1_162285_T-2304.xml,micp,/data_linux/Lab/commonroad-repairer-vp/micp_comparison/results/vp_aligned_2026-09-08/scenarios/in4/DEU_AachenBendplatz-1_162285_T-2304.xml,193488,6c9520ae692013003dd84f6178e4180cb18e5a8a590ec4bac6f7e779d2764a6c
DEU_AachenBendplatz-1_92261_T-2280,scenarios/experiment_scenarios/generated_micp/in4/DEU_AachenBendplatz-1_92261_T-2280.xml,micp,/data_linux/Lab/commonroad-repairer-vp/micp_comparison/results/vp_aligned_2026-09-08/scenarios/in4/DEU_AachenBendplatz-1_92261_T-2280.xml,151879,0e87e1903d99fb72683e3615a78be3a37f2a618f44f2816b38d6ccc8926d4d0c
DEU_AachenBendplatz-1_92262_T-2281,scenarios/experiment_scenarios/generated_micp/in4/DEU_AachenBendplatz-1_92262_T-2281.xml,micp,/data_linux/Lab/commonroad-repairer-vp/micp_comparison/results/vp_aligned_2026-09-08/scenarios/in4/DEU_AachenBendplatz-1_92262_T-2281.xml,149966,a6cf06cddf74b0a8d722136eb71dc823110969aa12c9cdf1db8d8fa259c600a7
DEU_AachenBendplatz-1_92263_T-2282,scenarios/experiment_scenarios/generated_micp/in4/DEU_AachenBendplatz-1_92263_T-2282.xml,micp,/data_linux/Lab/commonroad-repairer-vp/micp_comparison/results/vp_aligned_2026-09-08/scenarios/in4/DEU_AachenBendplatz-1_92263_T-2282.xml,147417,c468a6ab7774ec922a77a25751c2dae3ce7c51b8cb360974c20026ef3156c2f0
DEU_AachenBendplatz-1_92264_T-2283,scenarios/experiment_scenarios/generated_micp/in4/DEU_AachenBendplatz-1_92264_T-2283.xml,micp,/data_linux/Lab/commonroad-repairer-vp/micp_comparison/results/vp_aligned_2026-09-08/scenarios/in4/DEU_AachenBendplatz-1_92264_T-2283.xml,143982,0958f158f6497b9d89d52d50cc28f7e2937ee098d53afcf1941b89d7ee22b03c
DEU_AachenBendplatz-1_92265_T-2284,scenarios/experiment_scenarios/generated_micp/in4/DEU_AachenBendplatz-1_92265_T-2284.xml,micp,/data_linux/Lab/commonroad-repairer-vp/micp_comparison/results/vp_aligned_2026-09-08/scenarios/in4/DEU_AachenBendplatz-1_92265_T-2284.xml,141186,18e543d3f2a81e190b800670b808f752962924b768d6e3edb9164ca66ca5bb72
DEU_AachenBendplatz-1_12961_T-980,scenarios/experiment_scenarios/generated_micp/in5/DEU_AachenBendplatz-1_12961_T-980.xml,micp,/data_linux/Lab/commonroad-repairer-vp/micp_comparison/results/vp_aligned_2026-09-08/scenarios/in5/DEU_AachenBendplatz-1_12961_T-980.xml,207589,9d09decf887efa00c87d4fea126e27dcbee4def74e875c039dc5521b8529a72a
DEU_AachenBendplatz-1_12962_T-981,scenarios/experiment_scenarios/generated_micp/in5/DEU_AachenBendplatz-1_12962_T-981.xml,micp,/data_linux/Lab/commonroad-repairer-vp/micp_comparison/results/vp_aligned_2026-09-08/scenarios/in5/DEU_AachenBendplatz-1_12962_T-981.xml,206316,d0a2b7baef7f4edb93bbabf64ae85e92f9e1388f084b33eaa1dc0d36ea8b8147
DEU_AachenBendplatz-1_12963_T-982,scenarios/experiment_scenarios/generated_micp/in5/DEU_AachenBendplatz-1_12963_T-982.xml,micp,/data_linux/Lab/commonroad-repairer-vp/micp_comparison/results/vp_aligned_2026-09-08/scenarios/in5/DEU_AachenBendplatz-1_12963_T-982.xml,204800,be00e1b9dab45258780d42205df6fab52af2639df5949de83cb9c371162cdb40
DEU_AachenBendplatz-1_12964_T-983,scenarios/experiment_scenarios/generated_micp/in5/DEU_AachenBendplatz-1_12964_T-983.xml,micp,/data_linux/Lab/commonroad-repairer-vp/micp_comparison/results/vp_aligned_2026-09-08/scenarios/in5/DEU_AachenBendplatz-1_12964_T-983.xml,203523,a39e554fcf47b67b5948c02a1df0d1f1a54c187bfec321aa98da510f89dd33b7
DEU_AachenBendplatz-1_13558_T-577,scenarios/experiment_scenarios/generated_micp/in5/DEU_AachenBendplatz-1_13558_T-577.xml,micp,/data_linux/Lab/commonroad-repairer-vp/micp_comparison/results/vp_aligned_2026-09-08/scenarios/in5/DEU_AachenBendplatz-1_13558_T-577.xml,179966,57b8f406413b9e704ff91547d332d28342b9338504fcfe79b22cca025dadbd03
DEU_AachenBendplatz-1_13559_T-578,scenarios/experiment_scenarios/generated_micp/in5/DEU_AachenBendplatz-1_13559_T-578.xml,micp,/data_linux/Lab/commonroad-repairer-vp/micp_comparison/results/vp_aligned_2026-09-08/scenarios/in5/DEU_AachenBendplatz-1_13559_T-578.xml,178076,78eb3ec914ddbaa71fd042f3a1e8ecea2755e67feeca6f2af81017dd92b83db0
DEU_AachenBendplatz-1_13561_T-580,scenarios/experiment_scenarios/generated_micp/in5/DEU_AachenBendplatz-1_13561_T-580.xml,micp,/data_linux/Lab/commonroad-repairer-vp/micp_comparison/results/vp_aligned_2026-09-08/scenarios/in5/DEU_AachenBendplatz-1_13561_T-580.xml,176811,abcab9100db10dc85da527b88959cfe886086e1530140cec2a1beb19c4ea34f2
DEU_AachenBendplatz-1_13562_T-581,scenarios/experiment_scenarios/generated_micp/in5/DEU_AachenBendplatz-1_13562_T-581.xml,micp,/data_linux/Lab/commonroad-repairer-vp/micp_comparison/results/vp_aligned_2026-09-08/scenarios/in5/DEU_AachenBendplatz-1_13562_T-581.xml,176177,480e6e7a3f5433fabfea460e0d0d76e9446d8b2fe967ae78fd2f45d3e08924b8
DEU_AachenBendplatz-1_13563_T-582,scenarios/experiment_scenarios/generated_micp/in5/DEU_AachenBendplatz-1_13563_T-582.xml,micp,/data_linux/Lab/commonroad-repairer-vp/micp_comparison/results/vp_aligned_2026-09-08/scenarios/in5/DEU_AachenBendplatz-1_13563_T-582.xml,175545,fb73f89c58e6d9fe73bb68a042055105027011da0473aa4d41204d35f0b7fe62
DEU_AachenBendplatz-1_13564_T-583,scenarios/experiment_scenarios/generated_micp/in5/DEU_AachenBendplatz-1_13564_T-583.xml,micp,/data_linux/Lab/commonroad-repairer-vp/micp_comparison/results/vp_aligned_2026-09-08/scenarios/in5/DEU_AachenBendplatz-1_13564_T-583.xml,174910,e6a69972ceb56277750d8a902ba4665c43f1a7c7d77d86eac0c14ec640d282be
DEU_AachenBendplatz-1_13565_T-584,scenarios/experiment_scenarios/generated_micp/in5/DEU_AachenBendplatz-1_13565_T-584.xml,micp,/data_linux/Lab/commonroad-repairer-vp/micp_comparison/results/vp_aligned_2026-09-08/scenarios/in5/DEU_AachenBendplatz-1_13565_T-584.xml,174277,e30b73746531a67e92e256a674a927545b57fd7cd4b918841bb83e670d04b2c6
DEU_AachenBendplatz-1_141555_T-1574,scenarios/experiment_scenarios/generated_micp/in5/DEU_AachenBendplatz-1_141555_T-1574.xml,micp,/data_linux/Lab/commonroad-repairer-vp/micp_comparison/results/vp_aligned_2026-09-08/scenarios/in5/DEU_AachenBendplatz-1_141555_T-1574.xml,207129,fee16f33e95d5bda49c84693a4463db8419bab72e1a3dfae8e1449c7453c5872
DEU_AachenBendplatz-1_141556_T-1575,scenarios/experiment_scenarios/generated_micp/in5/DEU_AachenBendplatz-1_141556_T-1575.xml,micp,/data_linux/Lab/commonroad-repairer-vp/micp_comparison/results/vp_aligned_2026-09-08/scenarios/in5/DEU_AachenBendplatz-1_141556_T-1575.xml,207126,06cba7d21c73b36ba418f1557faf386adaaf91725e7564b4eda3742270b810f8
DEU_AachenBendplatz-1_141557_T-1576,scenarios/experiment_scenarios/generated_micp/in5/DEU_AachenBendplatz-1_141557_T-1576.xml,micp,/data_linux/Lab/commonroad-repairer-vp/micp_comparison/results/vp_aligned_2026-09-08/scenarios/in5/DEU_AachenBendplatz-1_141557_T-1576.xml,208005,b4afc67d05597cd32b38e450ab998b52b7edeccadbf7dbc7b44414d01b401d90
DEU_AachenBendplatz-1_141558_T-1577,scenarios/experiment_scenarios/generated_micp/in5/DEU_AachenBendplatz-1_141558_T-1577.xml,micp,/data_linux/Lab/commonroad-repairer-vp/micp_comparison/results/vp_aligned_2026-09-08/scenarios/in5/DEU_AachenBendplatz-1_141558_T-1577.xml,209527,e6d087e924fa869ef5a6f5517d266236c04e4ff690adb289ec47e46c1560a060
DEU_AachenBendplatz-1_124695_T-4714,scenarios/experiment_scenarios/generated_sampling/in1/DEU_AachenBendplatz-1_124695_T-4714.xml,micp;sampling,/data_linux/Lab/commonroad-repairer-vp/sampling_comparison/generated_scenarios/in1/DEU_AachenBendplatz-1_124695_T-4714.xml,145283,e59ff188c5d401977c9698e73a73f74c542e302ce7b9ffcdccff643eaa996656
DEU_AachenBendplatz-1_124696_T-4715,scenarios/experiment_scenarios/generated_sampling/in1/DEU_AachenBendplatz-1_124696_T-4715.xml,micp;sampling,/data_linux/Lab/commonroad-repairer-vp/sampling_comparison/generated_scenarios/in1/DEU_AachenBendplatz-1_124696_T-4715.xml,143127,f382cb100acfe7aa71263006b6740d64ceb31b842f323529ffa408670714af60
DEU_AachenBendplatz-1_124697_T-4716,scenarios/experiment_scenarios/generated_sampling/in1/DEU_AachenBendplatz-1_124697_T-4716.xml,micp;sampling,/data_linux/Lab/commonroad-repairer-vp/sampling_comparison/generated_scenarios/in1/DEU_AachenBendplatz-1_124697_T-4716.xml,142486,4e3a7b5c6a9015a6d37a3e9bd6cbc56a1d05159cec3fa4da76b573b2e2cafcc8
DEU_AachenBendplatz-1_124698_T-4717,scenarios/experiment_scenarios/generated_sampling/in1/DEU_AachenBendplatz-1_124698_T-4717.xml,micp;sampling,/data_linux/Lab/commonroad-repairer-vp/sampling_comparison/generated_scenarios/in1/DEU_AachenBendplatz-1_124698_T-4717.xml,141845,318c0f335be5e14cf3d6505487375c0bb2008ccb98416d9e07e6702fbb0ea1b1
DEU_AachenBendplatz-1_124699_T-4718,scenarios/experiment_scenarios/generated_sampling/in1/DEU_AachenBendplatz-1_124699_T-4718.xml,micp;sampling,/data_linux/Lab/commonroad-repairer-vp/sampling_comparison/generated_scenarios/in1/DEU_AachenBendplatz-1_124699_T-4718.xml,141443,124c70f59e21e3b75b5d1e32e6b032e6511384a8ced7352c27805459aeeff659
DEU_AachenBendplatz-1_124701_T-4720,scenarios/experiment_scenarios/generated_sampling/in1/DEU_AachenBendplatz-1_124701_T-4720.xml,micp;sampling,/data_linux/Lab/commonroad-repairer-vp/sampling_comparison/generated_scenarios/in1/DEU_AachenBendplatz-1_124701_T-4720.xml,140164,57b672434d6d8b5a12bb9a6e339266f604beefea84bd76626f436987e220b789
DEU_AachenBendplatz-1_155315_T-5334,scenarios/experiment_scenarios/generated_sampling/in1/DEU_AachenBendplatz-1_155315_T-5334.xml,micp;sampling,/data_linux/Lab/commonroad-repairer-vp/sampling_comparison/generated_scenarios/in1/DEU_AachenBendplatz-1_155315_T-5334.xml,167326,29a582fe49cca7cfeb53a8fe082c523e31bb779499b05d35c9344c2a491f99da
DEU_AachenBendplatz-1_155316_T-5335,scenarios/experiment_scenarios/generated_sampling/in1/DEU_AachenBendplatz-1_155316_T-5335.xml,micp;sampling,/data_linux/Lab/commonroad-repairer-vp/sampling_comparison/generated_scenarios/in1/DEU_AachenBendplatz-1_155316_T-5335.xml,165407,36fd1b79ba344f090183720d87390bc7d4e8d6be6a863f8aaf514fdd9ed8acc2
DEU_AachenBendplatz-1_155317_T-5336,scenarios/experiment_scenarios/generated_sampling/in1/DEU_AachenBendplatz-1_155317_T-5336.xml,micp;sampling,/data_linux/Lab/commonroad-repairer-vp/sampling_comparison/generated_scenarios/in1/DEU_AachenBendplatz-1_155317_T-5336.xml,163473,3e3900096282388510618b48c91e367126cf103a61179a0377d6fea3f30e182f
DEU_AachenBendplatz-1_155318_T-5337,scenarios/experiment_scenarios/generated_sampling/in1/DEU_AachenBendplatz-1_155318_T-5337.xml,micp;sampling,/data_linux/Lab/commonroad-repairer-vp/sampling_comparison/generated_scenarios/in1/DEU_AachenBendplatz-1_155318_T-5337.xml,161799,ed28bb448ff68096594b1430e1d8cc930bef349bb018e5ccf36d12e500ca1af1
DEU_AachenBendplatz-1_155319_T-5338,scenarios/experiment_scenarios/generated_sampling/in1/DEU_AachenBendplatz-1_155319_T-5338.xml,micp;sampling,/data_linux/Lab/commonroad-repairer-vp/sampling_comparison/generated_scenarios/in1/DEU_AachenBendplatz-1_155319_T-5338.xml,161412,fef015481983f6140af8dad9b2b714c61b85579d35f0e8dad942717f0eec8cf2
DEU_AachenBendplatz-1_155321_T-5340,scenarios/experiment_scenarios/generated_sampling/in1/DEU_AachenBendplatz-1_155321_T-5340.xml,micp;sampling,/data_linux/Lab/commonroad-repairer-vp/sampling_comparison/generated_scenarios/in1/DEU_AachenBendplatz-1_155321_T-5340.xml,157357,aed8d622c19d2bbde78c33b64ec5adf3d5b90fdf9366e893ee9f70a913f6c153
DEU_AachenBendplatz-1_155322_T-5341,scenarios/experiment_scenarios/generated_sampling/in1/DEU_AachenBendplatz-1_155322_T-5341.xml,micp;sampling,/data_linux/Lab/commonroad-repairer-vp/sampling_comparison/generated_scenarios/in1/DEU_AachenBendplatz-1_155322_T-5341.xml,156086,fa2025007c1498f9cabbf6810d9d56593a68a580602f0968a8ff7b55b5a82f5d
DEU_AachenBendplatz-1_155323_T-5342,scenarios/experiment_scenarios/generated_sampling/in1/DEU_AachenBendplatz-1_155323_T-5342.xml,micp;sampling,/data_linux/Lab/commonroad-repairer-vp/sampling_comparison/generated_scenarios/in1/DEU_AachenBendplatz-1_155323_T-5342.xml,154814,6bc385362eb7c6a46ae2bf3f2873f2102ad660686b2fc59b3729e5f024ab92a2
DEU_AachenFrankenburg-1_223121_T-3140,scenarios/experiment_scenarios/generated_sampling/in3/DEU_AachenFrankenburg-1_223121_T-3140.xml,sampling,/data_linux/Lab/commonroad-repairer-vp/sampling_comparison/generated_scenarios/in3/DEU_AachenFrankenburg-1_223121_T-3140.xml,446587,f68532b1f3e25dcd8bc051676bcbe899bc1b0299c0bb740a667ab5c9d9f1817c
DEU_AachenFrankenburg-1_223122_T-3141,scenarios/experiment_scenarios/generated_sampling/in3/DEU_AachenFrankenburg-1_223122_T-3141.xml,sampling,/data_linux/Lab/commonroad-repairer-vp/sampling_comparison/generated_scenarios/in3/DEU_AachenFrankenburg-1_223122_T-3141.xml,445942,ed79325c6cdffa86cc1f79ccbb8c2c42d3fa7112b823dd7fa292e825f90432e5
DEU_AachenFrankenburg-1_223123_T-3142,scenarios/experiment_scenarios/generated_sampling/in3/DEU_AachenFrankenburg-1_223123_T-3142.xml,sampling,/data_linux/Lab/commonroad-repairer-vp/sampling_comparison/generated_scenarios/in3/DEU_AachenFrankenburg-1_223123_T-3142.xml,445295,63abb5e317ea55717f737a636a35e42565bdd7d70068f8c8ce2e59d8d210100b
DEU_AachenFrankenburg-1_223124_T-3143,scenarios/experiment_scenarios/generated_sampling/in3/DEU_AachenFrankenburg-1_223124_T-3143.xml,sampling,/data_linux/Lab/commonroad-repairer-vp/sampling_comparison/generated_scenarios/in3/DEU_AachenFrankenburg-1_223124_T-3143.xml,444646,6821eb278d3db5ca1bd8fa4a64f6687814dd5236edc6445705e3395bd30d53d6
DEU_AachenFrankenburg-1_223125_T-3144,scenarios/experiment_scenarios/generated_sampling/in3/DEU_AachenFrankenburg-1_223125_T-3144.xml,sampling,/data_linux/Lab/commonroad-repairer-vp/sampling_comparison/generated_scenarios/in3/DEU_AachenFrankenburg-1_223125_T-3144.xml,444000,91498d847be3ec39ca49f7c4dadfa58576e4fb67207fa390238925af023b3f27
DEU_AachenFrankenburg-1_253058_T-3077,scenarios/experiment_scenarios/generated_sampling/in3/DEU_AachenFrankenburg-1_253058_T-3077.xml,sampling,/data_linux/Lab/commonroad-repairer-vp/sampling_comparison/generated_scenarios/in3/DEU_AachenFrankenburg-1_253058_T-3077.xml,341278,4afee3d6c274f15a668065e0deab8cb96ce40a4a699c3f5af0177c217e68ebc9
DEU_AachenFrankenburg-1_253059_T-3078,scenarios/experiment_scenarios/generated_sampling/in3/DEU_AachenFrankenburg-1_253059_T-3078.xml,sampling,/data_linux/Lab/commonroad-repairer-vp/sampling_comparison/generated_scenarios/in3/DEU_AachenFrankenburg-1_253059_T-3078.xml,341259,cb79124181f0ed426832e926ccaba537026f2209f89e95fac38f2511025fd6b4
DEU_AachenFrankenburg-1_253061_T-3080,scenarios/experiment_scenarios/generated_sampling/in3/DEU_AachenFrankenburg-1_253061_T-3080.xml,sampling,/data_linux/Lab/commonroad-repairer-vp/sampling_comparison/generated_scenarios/in3/DEU_AachenFrankenburg-1_253061_T-3080.xml,340418,5aa2b23c668439c7edd242eea1243a458f46f4106a3decb7d5bd4602a70417a5
DEU_AachenFrankenburg-1_253062_T-3081,scenarios/experiment_scenarios/generated_sampling/in3/DEU_AachenFrankenburg-1_253062_T-3081.xml,sampling,/data_linux/Lab/commonroad-repairer-vp/sampling_comparison/generated_scenarios/in3/DEU_AachenFrankenburg-1_253062_T-3081.xml,341029,7dc89c90bf1b46a029062bd03fc7ceef109bd22f9f3f8df088a271dba6a6db2c
DEU_AachenFrankenburg-1_253063_T-3082,scenarios/experiment_scenarios/generated_sampling/in3/DEU_AachenFrankenburg-1_253063_T-3082.xml,sampling,/data_linux/Lab/commonroad-repairer-vp/sampling_comparison/generated_scenarios/in3/DEU_AachenFrankenburg-1_253063_T-3082.xml,341682,866ce47e7923e8dcea1c5342504e8ff25144ec753b0a386c7aae35f7c5f417a5
DEU_AachenFrankenburg-1_253064_T-3083,scenarios/experiment_scenarios/generated_sampling/in3/DEU_AachenFrankenburg-1_253064_T-3083.xml,sampling,/data_linux/Lab/commonroad-repairer-vp/sampling_comparison/generated_scenarios/in3/DEU_AachenFrankenburg-1_253064_T-3083.xml,341676,e375855356e149f83822f5d69cff296b80cd51e99a24bf75db821820a252f765
DEU_AachenFrankenburg-1_253065_T-3084,scenarios/experiment_scenarios/generated_sampling/in3/DEU_AachenFrankenburg-1_253065_T-3084.xml,sampling,/data_linux/Lab/commonroad-repairer-vp/sampling_comparison/generated_scenarios/in3/DEU_AachenFrankenburg-1_253065_T-3084.xml,341034,3c0c3fcba361628ecde084c460c64740bb70d7dcfaa50af7a7ee1f7ab73cbfb4
DEU_AachenFrankenburg-1_281717_T-1736,scenarios/experiment_scenarios/generated_sampling/in3/DEU_AachenFrankenburg-1_281717_T-1736.xml,sampling,/data_linux/Lab/commonroad-repairer-vp/sampling_comparison/generated_scenarios/in3/DEU_AachenFrankenburg-1_281717_T-1736.xml,438317,8c6bf0f599406a821f095eefceb2f5f8999f882bfc544572405e7c853a75745d
DEU_AachenFrankenburg-1_281718_T-1737,scenarios/experiment_scenarios/generated_sampling/in3/DEU_AachenFrankenburg-1_281718_T-1737.xml,sampling,/data_linux/Lab/commonroad-repairer-vp/sampling_comparison/generated_scenarios/in3/DEU_AachenFrankenburg-1_281718_T-1737.xml,438934,ad5f249a0ca8aa75303ee04f55cc022aed7096e5058e3ee85168f81937b4386c
DEU_AachenFrankenburg-1_281719_T-1738,scenarios/experiment_scenarios/generated_sampling/in3/DEU_AachenFrankenburg-1_281719_T-1738.xml,sampling,/data_linux/Lab/commonroad-repairer-vp/sampling_comparison/generated_scenarios/in3/DEU_AachenFrankenburg-1_281719_T-1738.xml,439573,34a4c25dbc486261f5a3694f06e9adcf3fc15914974a706c22ca8bdf3f12e530
DEU_AachenFrankenburg-1_281721_T-1740,scenarios/experiment_scenarios/generated_sampling/in3/DEU_AachenFrankenburg-1_281721_T-1740.xml,sampling,/data_linux/Lab/commonroad-repairer-vp/sampling_comparison/generated_scenarios/in3/DEU_AachenFrankenburg-1_281721_T-1740.xml,440210,4697bf7df6e2211daeeb2da7d11dfc66238f503893f4a4037513e9a176edbc43
DEU_AachenFrankenburg-1_281722_T-1741,scenarios/experiment_scenarios/generated_sampling/in3/DEU_AachenFrankenburg-1_281722_T-1741.xml,sampling,/data_linux/Lab/commonroad-repairer-vp/sampling_comparison/generated_scenarios/in3/DEU_AachenFrankenburg-1_281722_T-1741.xml,440206,bc5e417aa0e19b74a3e111d389c83935d74a6b92ae0416d0951488c4e3d7ff96
DEU_AachenFrankenburg-1_281723_T-1742,scenarios/experiment_scenarios/generated_sampling/in3/DEU_AachenFrankenburg-1_281723_T-1742.xml,sampling,/data_linux/Lab/commonroad-repairer-vp/sampling_comparison/generated_scenarios/in3/DEU_AachenFrankenburg-1_281723_T-1742.xml,440205,304ec07edbb5eea970b1df1f3cd6323f16d3f1e3611ff651cca8a1f2ccc0017b
DEU_AachenFrankenburg-1_281724_T-1743,scenarios/experiment_scenarios/generated_sampling/in3/DEU_AachenFrankenburg-1_281724_T-1743.xml,sampling,/data_linux/Lab/commonroad-repairer-vp/sampling_comparison/generated_scenarios/in3/DEU_AachenFrankenburg-1_281724_T-1743.xml,440199,bb20e4b2bb2d3b646e9b90115c1025cd9f2edc56515d0f40b2bf6a9db3e7025c
DEU_AachenBendplatz-1_151155_T-1174,scenarios/experiment_scenarios/generated_sampling/in4/DEU_AachenBendplatz-1_151155_T-1174.xml,sampling,/data_linux/Lab/commonroad-repairer-vp/sampling_comparison/generated_scenarios/in4/DEU_AachenBendplatz-1_151155_T-1174.xml,251146,0e2a2900e8f9bc686274e976e0f5d18e390df62f7775d17cd36b82655454ff52
DEU_AachenBendplatz-1_151156_T-1175,scenarios/experiment_scenarios/generated_sampling/in4/DEU_AachenBendplatz-1_151156_T-1175.xml,sampling,/data_linux/Lab/commonroad-repairer-vp/sampling_comparison/generated_scenarios/in4/DEU_AachenBendplatz-1_151156_T-1175.xml,249863,00d1ac57fa3f3819aae8a1f6ea58b6f350f6d278ed61be1d04e8072c32f8d3aa
DEU_AachenBendplatz-1_151157_T-1176,scenarios/experiment_scenarios/generated_sampling/in4/DEU_AachenBendplatz-1_151157_T-1176.xml,sampling,/data_linux/Lab/commonroad-repairer-vp/sampling_comparison/generated_scenarios/in4/DEU_AachenBendplatz-1_151157_T-1176.xml,248338,51ee97c03c47fe1cfa487b0559dfac600fa6e0c0ee41690675320c1734440663
DEU_AachenBendplatz-1_151158_T-1177,scenarios/experiment_scenarios/generated_sampling/in4/DEU_AachenBendplatz-1_151158_T-1177.xml,sampling,/data_linux/Lab/commonroad-repairer-vp/sampling_comparison/generated_scenarios/in4/DEU_AachenBendplatz-1_151158_T-1177.xml,247057,b78990a1b1dba615700a9478611aaa6c0538923cdf88d95c64848cc1672b2304
DEU_AachenBendplatz-1_151159_T-1178,scenarios/experiment_scenarios/generated_sampling/in4/DEU_AachenBendplatz-1_151159_T-1178.xml,sampling,/data_linux/Lab/commonroad-repairer-vp/sampling_comparison/generated_scenarios/in4/DEU_AachenBendplatz-1_151159_T-1178.xml,245780,7658bce55a2c3ec2c011b37df54ee692784d26fede3db63cad692fd2f7f41e7d
DEU_AachenBendplatz-1_151161_T-1180,scenarios/experiment_scenarios/generated_sampling/in4/DEU_AachenBendplatz-1_151161_T-1180.xml,sampling,/data_linux/Lab/commonroad-repairer-vp/sampling_comparison/generated_scenarios/in4/DEU_AachenBendplatz-1_151161_T-1180.xml,241928,5ef0cc46fca508c27ceff67bc834c90c07e1d7f198b3ffa7845019327eac3b25
DEU_AachenBendplatz-1_151162_T-1181,scenarios/experiment_scenarios/generated_sampling/in4/DEU_AachenBendplatz-1_151162_T-1181.xml,sampling,/data_linux/Lab/commonroad-repairer-vp/sampling_comparison/generated_scenarios/in4/DEU_AachenBendplatz-1_151162_T-1181.xml,240676,79db7412b502e93117d6f323fa3561883052a5e0a77c9280f3205a52bc09f1c8
DEU_AachenBendplatz-1_151163_T-1182,scenarios/experiment_scenarios/generated_sampling/in4/DEU_AachenBendplatz-1_151163_T-1182.xml,sampling,/data_linux/Lab/commonroad-repairer-vp/sampling_comparison/generated_scenarios/in4/DEU_AachenBendplatz-1_151163_T-1182.xml,240018,ee19addaefb269a23645fb01587f1bfd0f74bea78929d8064032123b57389488
DEU_AachenBendplatz-1_151164_T-1183,scenarios/experiment_scenarios/generated_sampling/in4/DEU_AachenBendplatz-1_151164_T-1183.xml,sampling,/data_linux/Lab/commonroad-repairer-vp/sampling_comparison/generated_scenarios/in4/DEU_AachenBendplatz-1_151164_T-1183.xml,239379,8c65350457cbeb976319b63abad6e84edd1dcdee067481dfb06dd8e411f546d0
DEU_AachenBendplatz-1_151165_T-1184,scenarios/experiment_scenarios/generated_sampling/in4/DEU_AachenBendplatz-1_151165_T-1184.xml,sampling,/data_linux/Lab/commonroad-repairer-vp/sampling_comparison/generated_scenarios/in4/DEU_AachenBendplatz-1_151165_T-1184.xml,238985,5c7638f9040547e0d4d3546aaa84de0edb4020c646467da78f558d908bee9c08
DEU_AachenBendplatz-1_162278_T-2297,scenarios/experiment_scenarios/generated_sampling/in4/DEU_AachenBendplatz-1_162278_T-2297.xml,sampling,/data_linux/Lab/commonroad-repairer-vp/sampling_comparison/generated_scenarios/in4/DEU_AachenBendplatz-1_162278_T-2297.xml,191352,cdba5bd03f6b1e3b44d93c99a1b941e7e3c29b498cedbc86fbddb58fb9cb027b
DEU_AachenBendplatz-1_162279_T-2298,scenarios/experiment_scenarios/generated_sampling/in4/DEU_AachenBendplatz-1_162279_T-2298.xml,sampling,/data_linux/Lab/commonroad-repairer-vp/sampling_comparison/generated_scenarios/in4/DEU_AachenBendplatz-1_162279_T-2298.xml,191369,1eea06b00a597cce76dd4f16dec29375ab91da9b9963e78e93952e5b2a4a1ae6
DEU_AachenBendplatz-1_162281_T-2300,scenarios/experiment_scenarios/generated_sampling/in4/DEU_AachenBendplatz-1_162281_T-2300.xml,sampling,/data_linux/Lab/commonroad-repairer-vp/sampling_comparison/generated_scenarios/in4/DEU_AachenBendplatz-1_162281_T-2300.xml,190711,3bb723a5be768a599278ef62164b0e95cbd358af3295ed335038cb5803f71859
DEU_AachenBendplatz-1_162282_T-2301,scenarios/experiment_scenarios/generated_sampling/in4/DEU_AachenBendplatz-1_162282_T-2301.xml,sampling,/data_linux/Lab/commonroad-repairer-vp/sampling_comparison/generated_scenarios/in4/DEU_AachenBendplatz-1_162282_T-2301.xml,189848,5024e353f9adbbf06eca2d8db79465a17d19566ffc731c3c02a615d4e7e2899d
DEU_AachenBendplatz-1_162283_T-2302,scenarios/experiment_scenarios/generated_sampling/in4/DEU_AachenBendplatz-1_162283_T-2302.xml,sampling,/data_linux/Lab/commonroad-repairer-vp/sampling_comparison/generated_scenarios/in4/DEU_AachenBendplatz-1_162283_T-2302.xml,192218,9a13fcc732a07a378b9ac0f623b95db7ea740a0513c8048db640dd2c32135c6e
DEU_AachenBendplatz-1_162284_T-2303,scenarios/experiment_scenarios/generated_sampling/in4/DEU_AachenBendplatz-1_162284_T-2303.xml,sampling,/data_linux/Lab/commonroad-repairer-vp/sampling_comparison/generated_scenarios/in4/DEU_AachenBendplatz-1_162284_T-2303.xml,192855,59cd38564555563e8b9a385ad2e777411bbd05ea917125b1beb514c3a06054af
DEU_AachenBendplatz-1_162285_T-2304,scenarios/experiment_scenarios/generated_sampling/in4/DEU_AachenBendplatz-1_162285_T-2304.xml,sampling,/data_linux/Lab/commonroad-repairer-vp/sampling_comparison/generated_scenarios/in4/DEU_AachenBendplatz-1_162285_T-2304.xml,193488,28e9ff0be80fc5a09b99a8306dc8bee5a55b7a04fc84e6d4a6983ee3011a4ab6
DEU_AachenBendplatz-1_92261_T-2280,scenarios/experiment_scenarios/generated_sampling/in4/DEU_AachenBendplatz-1_92261_T-2280.xml,sampling,/data_linux/Lab/commonroad-repairer-vp/sampling_comparison/generated_scenarios/in4/DEU_AachenBendplatz-1_92261_T-2280.xml,151879,d9051be9e5ce06abc777df34e505947cfee6b4ce252411be77cc083dd87e707b
DEU_AachenBendplatz-1_92262_T-2281,scenarios/experiment_scenarios/generated_sampling/in4/DEU_AachenBendplatz-1_92262_T-2281.xml,sampling,/data_linux/Lab/commonroad-repairer-vp/sampling_comparison/generated_scenarios/in4/DEU_AachenBendplatz-1_92262_T-2281.xml,149966,f5c389feb562b00f8df3fc05962c7cad20188e0d3b4467ad4ecefcef54709804
DEU_AachenBendplatz-1_92263_T-2282,scenarios/experiment_scenarios/generated_sampling/in4/DEU_AachenBendplatz-1_92263_T-2282.xml,sampling,/data_linux/Lab/commonroad-repairer-vp/sampling_comparison/generated_scenarios/in4/DEU_AachenBendplatz-1_92263_T-2282.xml,147417,0d4ef31a19ec6bafac37badb00804a7dcf0bcd1ec68accebe75dbba0be807c65
DEU_AachenBendplatz-1_92264_T-2283,scenarios/experiment_scenarios/generated_sampling/in4/DEU_AachenBendplatz-1_92264_T-2283.xml,sampling,/data_linux/Lab/commonroad-repairer-vp/sampling_comparison/generated_scenarios/in4/DEU_AachenBendplatz-1_92264_T-2283.xml,143982,a235194ce2bd20c02f21040b68c27008ab6230467506c69fd35d63d58069ba99
DEU_AachenBendplatz-1_92265_T-2284,scenarios/experiment_scenarios/generated_sampling/in4/DEU_AachenBendplatz-1_92265_T-2284.xml,sampling,/data_linux/Lab/commonroad-repairer-vp/sampling_comparison/generated_scenarios/in4/DEU_AachenBendplatz-1_92265_T-2284.xml,141186,6025ff128912c010455024e7e51b4f69699873d8a7820173f88e3452dbe8cc0a
DEU_AachenBendplatz-1_12961_T-980,scenarios/experiment_scenarios/generated_sampling/in5/DEU_AachenBendplatz-1_12961_T-980.xml,sampling,/data_linux/Lab/commonroad-repairer-vp/sampling_comparison/generated_scenarios/in5/DEU_AachenBendplatz-1_12961_T-980.xml,207589,ab450272b4f2c1ec391f67aa31d1e63b0f1551d3b3e61013089f747fa0028dec
DEU_AachenBendplatz-1_12962_T-981,scenarios/experiment_scenarios/generated_sampling/in5/DEU_AachenBendplatz-1_12962_T-981.xml,sampling,/data_linux/Lab/commonroad-repairer-vp/sampling_comparison/generated_scenarios/in5/DEU_AachenBendplatz-1_12962_T-981.xml,206316,6bc8f6f7a0589cf9ac8150d80f1dc5053cd95c705f133ad6b92758587dc92632
DEU_AachenBendplatz-1_12963_T-982,scenarios/experiment_scenarios/generated_sampling/in5/DEU_AachenBendplatz-1_12963_T-982.xml,sampling,/data_linux/Lab/commonroad-repairer-vp/sampling_comparison/generated_scenarios/in5/DEU_AachenBendplatz-1_12963_T-982.xml,204800,8f3698759f24da5e308ed03c5823fec8f1179f10561e658d858b74163698986a
DEU_AachenBendplatz-1_12964_T-983,scenarios/experiment_scenarios/generated_sampling/in5/DEU_AachenBendplatz-1_12964_T-983.xml,sampling,/data_linux/Lab/commonroad-repairer-vp/sampling_comparison/generated_scenarios/in5/DEU_AachenBendplatz-1_12964_T-983.xml,203523,bacd6e2fd519925fe2cda9d37d6423f31f3f06f13f34ed3e1bf232314e263f3e
DEU_AachenBendplatz-1_13558_T-577,scenarios/experiment_scenarios/generated_sampling/in5/DEU_AachenBendplatz-1_13558_T-577.xml,sampling,/data_linux/Lab/commonroad-repairer-vp/sampling_comparison/generated_scenarios/in5/DEU_AachenBendplatz-1_13558_T-577.xml,179966,4f315ebbaa286acd1ed57179307a3b4ea9cc1950806256df2b732e3b3a65f53a
DEU_AachenBendplatz-1_13559_T-578,scenarios/experiment_scenarios/generated_sampling/in5/DEU_AachenBendplatz-1_13559_T-578.xml,sampling,/data_linux/Lab/commonroad-repairer-vp/sampling_comparison/generated_scenarios/in5/DEU_AachenBendplatz-1_13559_T-578.xml,178076,b0ccbeb754fe2cabb60bd5669b4078e1fafcd15fff0c94e6b548d1463b2b9e47
DEU_AachenBendplatz-1_13561_T-580,scenarios/experiment_scenarios/generated_sampling/in5/DEU_AachenBendplatz-1_13561_T-580.xml,sampling,/data_linux/Lab/commonroad-repairer-vp/sampling_comparison/generated_scenarios/in5/DEU_AachenBendplatz-1_13561_T-580.xml,176811,427b3daf1a95b4f8af36e2fdfbe4d57e4f89daad21fa36d655bd76a0f7f71825
DEU_AachenBendplatz-1_13562_T-581,scenarios/experiment_scenarios/generated_sampling/in5/DEU_AachenBendplatz-1_13562_T-581.xml,sampling,/data_linux/Lab/commonroad-repairer-vp/sampling_comparison/generated_scenarios/in5/DEU_AachenBendplatz-1_13562_T-581.xml,176177,beed06697beaf045f79d94af55f251fc5bdd03b0226e1636476d1279c1f7b98b
DEU_AachenBendplatz-1_13563_T-582,scenarios/experiment_scenarios/generated_sampling/in5/DEU_AachenBendplatz-1_13563_T-582.xml,sampling,/data_linux/Lab/commonroad-repairer-vp/sampling_comparison/generated_scenarios/in5/DEU_AachenBendplatz-1_13563_T-582.xml,175545,a8701290d421950764d2cd772a0d29d82793cb4062d06a81cbc6fea4634014e5
DEU_AachenBendplatz-1_13564_T-583,scenarios/experiment_scenarios/generated_sampling/in5/DEU_AachenBendplatz-1_13564_T-583.xml,sampling,/data_linux/Lab/commonroad-repairer-vp/sampling_comparison/generated_scenarios/in5/DEU_AachenBendplatz-1_13564_T-583.xml,174910,4da5ed17b51c60b0277ea63ed5df5a14ee349efacac4962d98c115fd9cd70f41
DEU_AachenBendplatz-1_13565_T-584,scenarios/experiment_scenarios/generated_sampling/in5/DEU_AachenBendplatz-1_13565_T-584.xml,sampling,/data_linux/Lab/commonroad-repairer-vp/sampling_comparison/generated_scenarios/in5/DEU_AachenBendplatz-1_13565_T-584.xml,174277,fb00b66559e3da1185ea04a08542dff6b3020329125420e774a16abf612a50d6
DEU_AachenBendplatz-1_141555_T-1574,scenarios/experiment_scenarios/generated_sampling/in5/DEU_AachenBendplatz-1_141555_T-1574.xml,sampling,/data_linux/Lab/commonroad-repairer-vp/sampling_comparison/generated_scenarios/in5/DEU_AachenBendplatz-1_141555_T-1574.xml,207129,85e9276930fe1f6cd50ab4eb608b894cd9f93f8fc409694c0684b1367fbebd2d
DEU_AachenBendplatz-1_141556_T-1575,scenarios/experiment_scenarios/generated_sampling/in5/DEU_AachenBendplatz-1_141556_T-1575.xml,sampling,/data_linux/Lab/commonroad-repairer-vp/sampling_comparison/generated_scenarios/in5/DEU_AachenBendplatz-1_141556_T-1575.xml,207126,035ad19c2fe2f0800916063a8635d5a7fe6761765113a4314586a54a6d146311
DEU_AachenBendplatz-1_141557_T-1576,scenarios/experiment_scenarios/generated_sampling/in5/DEU_AachenBendplatz-1_141557_T-1576.xml,sampling,/data_linux/Lab/commonroad-repairer-vp/sampling_comparison/generated_scenarios/in5/DEU_AachenBendplatz-1_141557_T-1576.xml,208005,188236dcc4e190d8c17058fa2568f812449df3d89d8e73e6aafca4a1ef7f1039
DEU_AachenBendplatz-1_141558_T-1577,scenarios/experiment_scenarios/generated_sampling/in5/DEU_AachenBendplatz-1_141558_T-1577.xml,sampling,/data_linux/Lab/commonroad-repairer-vp/sampling_comparison/generated_scenarios/in5/DEU_AachenBendplatz-1_141558_T-1577.xml,209527,d0b54c3667f120ac939cc62c8c134a58dc238cb2ba42314d078654b8ebf6c851
DEU_LocationALower-11_102_T-1,scenarios/experiment_scenarios/highd/DEU_LocationALower-11_102_T-1.xml,micp;sampling,/data_linux/Lab/highD-cr-scenarios/highD-repair/DEU_LocationALower-11_102_T-1.xml,141243,55abf841fa3779ce3d4c82e5dea30024e0bbdeb57e9cd36fedd5af3c11d5e7d2
DEU_LocationALower-11_110_T-1,scenarios/experiment_scenarios/highd/DEU_LocationALower-11_110_T-1.xml,micp;sampling,/data_linux/Lab/highD-cr-scenarios/highD-repair/DEU_LocationALower-11_110_T-1.xml,213409,bb699551033516f55ccd7dbd6fd8e3bf35d32a017cc440f77b1449a814c6abbe
DEU_LocationALower-11_119_T-1,scenarios/experiment_scenarios/highd/DEU_LocationALower-11_119_T-1.xml,micp;sampling,/data_linux/Lab/highD-cr-scenarios/highD-repair/DEU_LocationALower-11_119_T-1.xml,146924,f1701bdf41f0cc76c44a13dcb7b2c746b9beeb50fbfc42c5492aeeb8c6285aea
DEU_LocationALower-11_131_T-1,scenarios/experiment_scenarios/highd/DEU_LocationALower-11_131_T-1.xml,micp;sampling,/data_linux/Lab/highD-cr-scenarios/highD-repair/DEU_LocationALower-11_131_T-1.xml,204379,450ab4097172a22204b006824e9087bd6e149e8a435c4afb65e0f77da40ba6e5
DEU_LocationALower-11_43_T-1,scenarios/experiment_scenarios/highd/DEU_LocationALower-11_43_T-1.xml,micp;sampling,/data_linux/Lab/highD-cr-scenarios/highD-repair/DEU_LocationALower-11_43_T-1.xml,172869,216d3e7f3f2ea77f01e999be5ebdf9192488352e5e1370744e53770e9705156f
DEU_LocationALower-11_4_T-1,scenarios/experiment_scenarios/highd/DEU_LocationALower-11_4_T-1.xml,micp;sampling,/data_linux/Lab/highD-cr-scenarios/highD-repair/DEU_LocationALower-11_4_T-1.xml,143959,248f1ebd3d2225e6388adc885c2778c86a66d46bca009cebae4331b664c77d61
DEU_LocationALower-11_56_T-1,scenarios/experiment_scenarios/highd/DEU_LocationALower-11_56_T-1.xml,micp;sampling,/data_linux/Lab/highD-cr-scenarios/highD-repair/DEU_LocationALower-11_56_T-1.xml,168600,49b0b6f54483bb9a21ef9687b78021ce99db3c0508aec0e524c352ac92873537
DEU_LocationALower-11_64_T-1,scenarios/experiment_scenarios/highd/DEU_LocationALower-11_64_T-1.xml,micp;sampling,/data_linux/Lab/highD-cr-scenarios/highD-repair/DEU_LocationALower-11_64_T-1.xml,169921,faeb102b20527e33cd5ca69986bfe4f3103c45c3ed371b956fde8f37783b8a53
DEU_LocationALower-12_109_T-1,scenarios/experiment_scenarios/highd/DEU_LocationALower-12_109_T-1.xml,micp;sampling,/data_linux/Lab/highD-cr-scenarios/highD-repair/DEU_LocationALower-12_109_T-1.xml,229105,0f034771896de03cde26f7adbf309f5a16d3345c18c6991f498d7e542be78cff
DEU_LocationALower-12_123_T-1,scenarios/experiment_scenarios/highd/DEU_LocationALower-12_123_T-1.xml,micp;sampling,/data_linux/Lab/highD-cr-scenarios/highD-repair/DEU_LocationALower-12_123_T-1.xml,180096,5729707838ca91febe35f1702a3aa9d8e5b507985a6142b41db245a3b26b5fe4
DEU_LocationALower-12_124_T-1,scenarios/experiment_scenarios/highd/DEU_LocationALower-12_124_T-1.xml,micp;sampling,/data_linux/Lab/highD-cr-scenarios/highD-repair/DEU_LocationALower-12_124_T-1.xml,153857,34b271e81a620b745c11b2f2c90eeea3687b178789dbed20d5ea7f28bfc24e9f
DEU_LocationALower-12_167_T-1,scenarios/experiment_scenarios/highd/DEU_LocationALower-12_167_T-1.xml,micp;sampling,/data_linux/Lab/highD-cr-scenarios/highD-repair/DEU_LocationALower-12_167_T-1.xml,164492,e9fb43665a2e9dae06421fd11fff926cd523630ec83da3ae64ac63cd9a48f510
DEU_LocationALower-12_217_T-1,scenarios/experiment_scenarios/highd/DEU_LocationALower-12_217_T-1.xml,micp;sampling,/data_linux/Lab/highD-cr-scenarios/highD-repair/DEU_LocationALower-12_217_T-1.xml,140498,9e4478b4f3fe0d394cae37ebcc0acbbc1827e9e7036212c321bbb87e9ea89e1c
DEU_LocationALower-12_37_T-1,scenarios/experiment_scenarios/highd/DEU_LocationALower-12_37_T-1.xml,micp;sampling,/data_linux/Lab/highD-cr-scenarios/highD-repair/DEU_LocationALower-12_37_T-1.xml,282360,68414e3502c48d9f06e9a5147c616a37a70bb918f041c368c3d1619a42293e19
DEU_LocationALower-12_52_T-1,scenarios/experiment_scenarios/highd/DEU_LocationALower-12_52_T-1.xml,micp;sampling,/data_linux/Lab/highD-cr-scenarios/highD-repair/DEU_LocationALower-12_52_T-1.xml,200504,2dd718db06a0325aec56facb6f65519841a2bc26c55f3fcaf4511107a13b7f6a
DEU_LocationALower-13_162_T-1,scenarios/experiment_scenarios/highd/DEU_LocationALower-13_162_T-1.xml,micp;sampling,/data_linux/Lab/highD-cr-scenarios/highD-repair/DEU_LocationALower-13_162_T-1.xml,154459,9248eeb72c7a4c976ce961e5f1b0c164b4c4935d711f5e362fe2a46330d134e3
DEU_LocationALower-13_167_T-1,scenarios/experiment_scenarios/highd/DEU_LocationALower-13_167_T-1.xml,micp;sampling,/data_linux/Lab/highD-cr-scenarios/highD-repair/DEU_LocationALower-13_167_T-1.xml,128108,8226d003d0bb1ddd0eb4d58d0a2694996448f5b02b2ae2bd824c692d7ce7cf78
DEU_LocationALower-13_168_T-1,scenarios/experiment_scenarios/highd/DEU_LocationALower-13_168_T-1.xml,micp;sampling,/data_linux/Lab/highD-cr-scenarios/highD-repair/DEU_LocationALower-13_168_T-1.xml,134120,df0e028200fe87c633c3326c468b77a471f19db3d2a47ceaf066147c2dc3204c
DEU_LocationALower-13_214_T-1,scenarios/experiment_scenarios/highd/DEU_LocationALower-13_214_T-1.xml,micp;sampling,/data_linux/Lab/highD-cr-scenarios/highD-repair/DEU_LocationALower-13_214_T-1.xml,168700,f819445815e566b8eabdc2664c257b8a417d415a3d5f442e733ae471c469e8c6
DEU_LocationALower-13_239_T-1,scenarios/experiment_scenarios/highd/DEU_LocationALower-13_239_T-1.xml,micp;sampling,/data_linux/Lab/highD-cr-scenarios/highD-repair/DEU_LocationALower-13_239_T-1.xml,144146,7d0b2386501113adc819b751bab0bf05955f578df706bca42c01654797b8dfed
DEU_LocationALower-13_241_T-1,scenarios/experiment_scenarios/highd/DEU_LocationALower-13_241_T-1.xml,micp;sampling,/data_linux/Lab/highD-cr-scenarios/highD-repair/DEU_LocationALower-13_241_T-1.xml,166534,8e1660b78234951bc106cc48145bc4d9c50f0f81de7b48f25fea33476d4abefc
DEU_LocationALower-13_247_T-1,scenarios/experiment_scenarios/highd/DEU_LocationALower-13_247_T-1.xml,micp;sampling,/data_linux/Lab/highD-cr-scenarios/highD-repair/DEU_LocationALower-13_247_T-1.xml,123047,62cdfeec9e50df31cd1b9d325dc10704fa0700def93537d507cf905917c28bd3
DEU_LocationALower-13_29_T-1,scenarios/experiment_scenarios/highd/DEU_LocationALower-13_29_T-1.xml,micp;sampling,/data_linux/Lab/highD-cr-scenarios/highD-repair/DEU_LocationALower-13_29_T-1.xml,188116,92f198a187b34878d63c0482a0c43131bfdd60bf275816b2d77fcbccaba2a414
DEU_LocationALower-13_56_T-1,scenarios/experiment_scenarios/highd/DEU_LocationALower-13_56_T-1.xml,micp;sampling,/data_linux/Lab/highD-cr-scenarios/highD-repair/DEU_LocationALower-13_56_T-1.xml,171093,db386999a73e98d7aa4616cc50f14a865e1d6eea1a441f96797fb61e5d870bc1
DEU_LocationALower-13_82_T-1,scenarios/experiment_scenarios/highd/DEU_LocationALower-13_82_T-1.xml,micp;sampling,/data_linux/Lab/highD-cr-scenarios/highD-repair/DEU_LocationALower-13_82_T-1.xml,203308,b143ea50c543c40b69411d3e301915c4e5b944c1daae681e24028aff77f4f95b
DEU_LocationALower-14_14_T-1,scenarios/experiment_scenarios/highd/DEU_LocationALower-14_14_T-1.xml,micp;sampling,/data_linux/Lab/highD-cr-scenarios/highD-repair/DEU_LocationALower-14_14_T-1.xml,207725,f2792a49148bc0fe98793d5774c59f6989778cbcc1f1cb3b479b95c3255630ce
DEU_LocationALower-14_161_T-1,scenarios/experiment_scenarios/highd/DEU_LocationALower-14_161_T-1.xml,micp;sampling,/data_linux/Lab/highD-cr-scenarios/highD-repair/DEU_LocationALower-14_161_T-1.xml,173076,3af0996867ab2ad78aee5414b8c57fd86a7efb47b9bc694cdd3c51766d321bf1
DEU_LocationALower-14_219_T-1,scenarios/experiment_scenarios/highd/DEU_LocationALower-14_219_T-1.xml,micp;sampling,/data_linux/Lab/highD-cr-scenarios/highD-repair/DEU_LocationALower-14_219_T-1.xml,158082,2baa17be6ebb753129553a60bcd302bf019467c4b0f8b8abc5fbe8052337fe82
DEU_LocationALower-14_247_T-1,scenarios/experiment_scenarios/highd/DEU_LocationALower-14_247_T-1.xml,micp;sampling,/data_linux/Lab/highD-cr-scenarios/highD-repair/DEU_LocationALower-14_247_T-1.xml,162577,7426a7130f394fc565142a40ecdd79efe6ffa10eddeb1e0a28d2635d0bc162bf
DEU_LocationALower-14_252_T-1,scenarios/experiment_scenarios/highd/DEU_LocationALower-14_252_T-1.xml,micp;sampling,/data_linux/Lab/highD-cr-scenarios/highD-repair/DEU_LocationALower-14_252_T-1.xml,112058,de2897cbbdca74852c335b7aa35a182e52f31811066a3542b5d49f50c2a930c4
DEU_LocationALower-14_255_T-1,scenarios/experiment_scenarios/highd/DEU_LocationALower-14_255_T-1.xml,micp;sampling,/data_linux/Lab/highD-cr-scenarios/highD-repair/DEU_LocationALower-14_255_T-1.xml,217967,e47aec8faafa949ffa494b21a37d547083400a24966108ba0108e5fa6884c8bc
DEU_LocationALower-14_39_T-1,scenarios/experiment_scenarios/highd/DEU_LocationALower-14_39_T-1.xml,micp;sampling,/data_linux/Lab/highD-cr-scenarios/highD-repair/DEU_LocationALower-14_39_T-1.xml,182444,34acbbe5ec8a6fecf8ebbce174a4b598a1257367b7514a74fa3228d46b7a4432
DEU_LocationALower-14_96_T-1,scenarios/experiment_scenarios/highd/DEU_LocationALower-14_96_T-1.xml,micp;sampling,/data_linux/Lab/highD-cr-scenarios/highD-repair/DEU_LocationALower-14_96_T-1.xml,135457,a92abfb0eca9f8289c8bb43c2b6d187005d2f519e90e1b919c58e8b86e0d2140
DEU_LocationALower-25_149_T-1,scenarios/experiment_scenarios/highd/DEU_LocationALower-25_149_T-1.xml,micp;sampling,/data_linux/Lab/highD-cr-scenarios/highD-repair/DEU_LocationALower-25_149_T-1.xml,181842,829942e146ceaf9e255aabd643f0ffe61d0930f75cd745698455d3b02361fefa
DEU_LocationALower-25_155_T-1,scenarios/experiment_scenarios/highd/DEU_LocationALower-25_155_T-1.xml,micp;sampling,/data_linux/Lab/highD-cr-scenarios/highD-repair/DEU_LocationALower-25_155_T-1.xml,161585,5ff3aa7b3d559ce161a12050d606eda3b06bd6df569aa6b656476ad69086400b
DEU_LocationALower-25_167_T-1,scenarios/experiment_scenarios/highd/DEU_LocationALower-25_167_T-1.xml,micp;sampling,/data_linux/Lab/highD-cr-scenarios/highD-repair/DEU_LocationALower-25_167_T-1.xml,212310,21a043c654fcf37b9f4884b9632a93a79ee19b7955b55ae1b09e36ee0a1fff99
DEU_LocationALower-25_257_T-1,scenarios/experiment_scenarios/highd/DEU_LocationALower-25_257_T-1.xml,micp;sampling,/data_linux/Lab/highD-cr-scenarios/highD-repair/DEU_LocationALower-25_257_T-1.xml,227505,262f7dfb3608e64d0652cef6bfb35feb5825485fb057f3af030b0f866efce505
DEU_LocationALower-26_141_T-1,scenarios/experiment_scenarios/highd/DEU_LocationALower-26_141_T-1.xml,micp;sampling,/data_linux/Lab/highD-cr-scenarios/highD-repair/DEU_LocationALower-26_141_T-1.xml,200423,f23d00711829d54fa4b2829e11201f89fb66ecae297aee881fdb0185733837db
DEU_LocationALower-26_236_T-1,scenarios/experiment_scenarios/highd/DEU_LocationALower-26_236_T-1.xml,micp;sampling,/data_linux/Lab/highD-cr-scenarios/highD-repair/DEU_LocationALower-26_236_T-1.xml,274168,057abdb99560fc72fe7a4a67f3c9ae7837d0d4faf3ae91105fcac353bf22ed81
DEU_LocationALower-26_238_T-1,scenarios/experiment_scenarios/highd/DEU_LocationALower-26_238_T-1.xml,micp;sampling,/data_linux/Lab/highD-cr-scenarios/highD-repair/DEU_LocationALower-26_238_T-1.xml,301576,39cb2bf7e731d826f63f8a746e5ab2c722355520a32f2f1e63a565b3f19b67a4
DEU_LocationALower-26_241_T-1,scenarios/experiment_scenarios/highd/DEU_LocationALower-26_241_T-1.xml,micp;sampling,/data_linux/Lab/highD-cr-scenarios/highD-repair/DEU_LocationALower-26_241_T-1.xml,339981,1e0c7d91c92935e19b35a8434c0e179bc28c2ed8d91e9bc44783042de0cd0989
DEU_LocationALower-26_59_T-1,scenarios/experiment_scenarios/highd/DEU_LocationALower-26_59_T-1.xml,micp;sampling,/data_linux/Lab/highD-cr-scenarios/highD-repair/DEU_LocationALower-26_59_T-1.xml,193003,b9980141369a82f1a00cb14c3c315f8cf229f6a015b213a452d343cf3305053c
DEU_LocationALower-27_113_T-1,scenarios/experiment_scenarios/highd/DEU_LocationALower-27_113_T-1.xml,micp;sampling,/data_linux/Lab/highD-cr-scenarios/highD-repair/DEU_LocationALower-27_113_T-1.xml,224352,bbd4360a5013b262028713a1b6b427155d1f30e5797a07849174edea0e4bdcc9
DEU_LocationALower-27_115_T-1,scenarios/experiment_scenarios/highd/DEU_LocationALower-27_115_T-1.xml,micp;sampling,/data_linux/Lab/highD-cr-scenarios/highD-repair/DEU_LocationALower-27_115_T-1.xml,206333,574b39ff539fa4a15ac519a97af93ceaa0f5064fd77a08f68150633012f260a6
DEU_LocationALower-27_116_T-1,scenarios/experiment_scenarios/highd/DEU_LocationALower-27_116_T-1.xml,micp;sampling,/data_linux/Lab/highD-cr-scenarios/highD-repair/DEU_LocationALower-27_116_T-1.xml,199765,f3b485fe9994227dae43b34925eca2fbf0b4eda0d42a3977ff46448d68da46df
DEU_LocationALower-27_119_T-1,scenarios/experiment_scenarios/highd/DEU_LocationALower-27_119_T-1.xml,micp;sampling,/data_linux/Lab/highD-cr-scenarios/highD-repair/DEU_LocationALower-27_119_T-1.xml,200734,7523729a6d982c81fa761073ca92eeaf4d2bd434e117a6ccfb9f1167d39af4c5
DEU_LocationALower-27_131_T-1,scenarios/experiment_scenarios/highd/DEU_LocationALower-27_131_T-1.xml,micp;sampling,/data_linux/Lab/highD-cr-scenarios/highD-repair/DEU_LocationALower-27_131_T-1.xml,87806,b57ca1676903dbf266af4d18e2fc3183b393ee9da5b717629864a82094d20def
DEU_LocationALower-27_140_T-1,scenarios/experiment_scenarios/highd/DEU_LocationALower-27_140_T-1.xml,micp;sampling,/data_linux/Lab/highD-cr-scenarios/highD-repair/DEU_LocationALower-27_140_T-1.xml,177236,e0d0c9237a4125c63b336ae4e9c921fbe2d687d4cc8baf35e687273604c50ca9
DEU_LocationALower-27_184_T-1,scenarios/experiment_scenarios/highd/DEU_LocationALower-27_184_T-1.xml,micp;sampling,/data_linux/Lab/highD-cr-scenarios/highD-repair/DEU_LocationALower-27_184_T-1.xml,121405,e9873d8793f67cba21358f48d71d1bfea5f6502269c5a9bdefef131621fddd8a
DEU_LocationALower-27_226_T-1,scenarios/experiment_scenarios/highd/DEU_LocationALower-27_226_T-1.xml,micp;sampling,/data_linux/Lab/highD-cr-scenarios/highD-repair/DEU_LocationALower-27_226_T-1.xml,210205,a366caa28d3b5d561e6f8be440a61f5f84e2b46151b07ce0828bb3e2f4270045
DEU_LocationALower-27_244_T-1,scenarios/experiment_scenarios/highd/DEU_LocationALower-27_244_T-1.xml,micp;sampling,/data_linux/Lab/highD-cr-scenarios/highD-repair/DEU_LocationALower-27_244_T-1.xml,141501,1fee839c04ec7b2796a05298d2a4db50e8154f6ce4d7179ce2a3c6cb6825220a
DEU_LocationALower-27_270_T-1,scenarios/experiment_scenarios/highd/DEU_LocationALower-27_270_T-1.xml,micp;sampling,/data_linux/Lab/highD-cr-scenarios/highD-repair/DEU_LocationALower-27_270_T-1.xml,215683,ed77e74c5da5118c332d3da990d8fca869b95e6c049ebfd200d59e5c1dfd485e
DEU_LocationALower-27_293_T-1,scenarios/experiment_scenarios/highd/DEU_LocationALower-27_293_T-1.xml,micp;sampling,/data_linux/Lab/highD-cr-scenarios/highD-repair/DEU_LocationALower-27_293_T-1.xml,262237,b9bfa0dae9c775fa0758e9b7bd46730b09e1a519f8951dd88708e4911bb10917
DEU_LocationALower-27_294_T-1,scenarios/experiment_scenarios/highd/DEU_LocationALower-27_294_T-1.xml,micp;sampling,/data_linux/Lab/highD-cr-scenarios/highD-repair/DEU_LocationALower-27_294_T-1.xml,250014,7c27a6640f751c5ab94a7500c8a0b9424b4057048f95ed6a265077f4d7851418
DEU_LocationALower-27_29_T-1,scenarios/experiment_scenarios/highd/DEU_LocationALower-27_29_T-1.xml,micp;sampling,/data_linux/Lab/highD-cr-scenarios/highD-repair/DEU_LocationALower-27_29_T-1.xml,211063,4dfccbba50a321b42cfdee4fa6b2c66362d417e40f88984b5de9b6b3ea2f299e
DEU_LocationALower-28_109_T-1,scenarios/experiment_scenarios/highd/DEU_LocationALower-28_109_T-1.xml,micp;sampling,/data_linux/Lab/highD-cr-scenarios/highD-repair/DEU_LocationALower-28_109_T-1.xml,184521,d9c13eb081075190e22214db99c16bd3f289d823498863fa61da9b8557f8ea10
DEU_LocationALower-28_204_T-1,scenarios/experiment_scenarios/highd/DEU_LocationALower-28_204_T-1.xml,micp;sampling,/data_linux/Lab/highD-cr-scenarios/highD-repair/DEU_LocationALower-28_204_T-1.xml,113726,158c4bf1b56f28866bd28e2c53a4324d0dbbc651be759820b1cb095e19ea1f1b
DEU_LocationALower-28_211_T-1,scenarios/experiment_scenarios/highd/DEU_LocationALower-28_211_T-1.xml,micp;sampling,/data_linux/Lab/highD-cr-scenarios/highD-repair/DEU_LocationALower-28_211_T-1.xml,152839,702989b25091bc0be195f712adc4cb0bda5b4cf786be248c4d6f1a2a48a33c66
DEU_LocationALower-28_228_T-1,scenarios/experiment_scenarios/highd/DEU_LocationALower-28_228_T-1.xml,micp;sampling,/data_linux/Lab/highD-cr-scenarios/highD-repair/DEU_LocationALower-28_228_T-1.xml,100174,a2a91d9a48fb0661355a965bdcf24f352a5cd4af88dd3bb6ce068e6f19f88450
DEU_LocationALower-28_252_T-1,scenarios/experiment_scenarios/highd/DEU_LocationALower-28_252_T-1.xml,micp;sampling,/data_linux/Lab/highD-cr-scenarios/highD-repair/DEU_LocationALower-28_252_T-1.xml,142023,b73b03fb52085605865c272470603c3d97191f848b28b65b95cc997d5be7fc0b
DEU_LocationALower-28_31_T-1,scenarios/experiment_scenarios/highd/DEU_LocationALower-28_31_T-1.xml,micp;sampling,/data_linux/Lab/highD-cr-scenarios/highD-repair/DEU_LocationALower-28_31_T-1.xml,104664,ec838398c6b6741b0666943d3ad57b41144f45cc6d98e696d20f241ca072ad62
DEU_LocationALower-28_46_T-1,scenarios/experiment_scenarios/highd/DEU_LocationALower-28_46_T-1.xml,micp;sampling,/data_linux/Lab/highD-cr-scenarios/highD-repair/DEU_LocationALower-28_46_T-1.xml,116518,7fd04ee3ef90448348f795415f5ee9a7735d8b34df2c57db04bd7dd30c6d499c
DEU_LocationALower-29_123_T-1,scenarios/experiment_scenarios/highd/DEU_LocationALower-29_123_T-1.xml,micp;sampling,/data_linux/Lab/highD-cr-scenarios/highD-repair/DEU_LocationALower-29_123_T-1.xml,123056,f151c31255422e7616ebfaefaae3110e04b312b6afdb10a8f5bb91902f854aff
DEU_LocationALower-29_134_T-1,scenarios/experiment_scenarios/highd/DEU_LocationALower-29_134_T-1.xml,micp;sampling,/data_linux/Lab/highD-cr-scenarios/highD-repair/DEU_LocationALower-29_134_T-1.xml,154777,3e872be66306bebc02c818a2c328ce470071d3b69d934a78baa95d6279b56339
DEU_LocationALower-29_192_T-1,scenarios/experiment_scenarios/highd/DEU_LocationALower-29_192_T-1.xml,micp;sampling,/data_linux/Lab/highD-cr-scenarios/highD-repair/DEU_LocationALower-29_192_T-1.xml,84709,334231cb5f815eaff606cd9c916ff54007cf97542f8e99f3d9777dd02993a4e1
DEU_LocationALower-29_229_T-1,scenarios/experiment_scenarios/highd/DEU_LocationALower-29_229_T-1.xml,micp;sampling,/data_linux/Lab/highD-cr-scenarios/highD-repair/DEU_LocationALower-29_229_T-1.xml,201190,69cfef0e989e78e0a223643472505b2fa63f2e2e2c13bba407a28ee72b6e8d17
DEU_LocationALower-29_245_T-1,scenarios/experiment_scenarios/highd/DEU_LocationALower-29_245_T-1.xml,micp;sampling,/data_linux/Lab/highD-cr-scenarios/highD-repair/DEU_LocationALower-29_245_T-1.xml,135399,3252dc813d3cf9613fa8c8c30887f1cd204ed9ade3e017c1ae1c60e8242d90d4
DEU_LocationALower-29_249_T-1,scenarios/experiment_scenarios/highd/DEU_LocationALower-29_249_T-1.xml,micp;sampling,/data_linux/Lab/highD-cr-scenarios/highD-repair/DEU_LocationALower-29_249_T-1.xml,197956,d202a80a352f6bdcf3137d3686ddf9625b0265a62c579ae9d62269f51e635eb1
DEU_LocationALower-29_250_T-1,scenarios/experiment_scenarios/highd/DEU_LocationALower-29_250_T-1.xml,micp;sampling,/data_linux/Lab/highD-cr-scenarios/highD-repair/DEU_LocationALower-29_250_T-1.xml,189085,3114660b6d0fed3496e4698aa1f5d40f482af662ac4eedd3213f25f3e0b7f077
DEU_LocationALower-29_65_T-1,scenarios/experiment_scenarios/highd/DEU_LocationALower-29_65_T-1.xml,micp;sampling,/data_linux/Lab/highD-cr-scenarios/highD-repair/DEU_LocationALower-29_65_T-1.xml,157844,6643e68a9aa35e58e8b5156a8bf8c5f33b374a447ca8f14cfc82a9688094ac1b
DEU_LocationALower-29_70_T-1,scenarios/experiment_scenarios/highd/DEU_LocationALower-29_70_T-1.xml,micp;sampling,/data_linux/Lab/highD-cr-scenarios/highD-repair/DEU_LocationALower-29_70_T-1.xml,162859,ed0b0fb0e65ea31a48c717767c395d35c3722ee1243fb48f89f5ab854e6def27
DEU_LocationALower-30_218_T-1,scenarios/experiment_scenarios/highd/DEU_LocationALower-30_218_T-1.xml,micp;sampling,/data_linux/Lab/highD-cr-scenarios/highD-repair/DEU_LocationALower-30_218_T-1.xml,140278,acf764b5cc0472ada057fa06368b085279dd3bdf90158ada5d6b4900c76c2edb
DEU_LocationALower-30_258_T-1,scenarios/experiment_scenarios/highd/DEU_LocationALower-30_258_T-1.xml,micp;sampling,/data_linux/Lab/highD-cr-scenarios/highD-repair/DEU_LocationALower-30_258_T-1.xml,181967,548edc991ba822485237fd722785f0ac23617bcb048d81bad11433a913b5d7e8
DEU_LocationALower-30_46_T-1,scenarios/experiment_scenarios/highd/DEU_LocationALower-30_46_T-1.xml,micp;sampling,/data_linux/Lab/highD-cr-scenarios/highD-repair/DEU_LocationALower-30_46_T-1.xml,182805,ba12b0cc49ccd0f7da3570db7998df6263f133ee1ddf50618e2264e82e8aa9ba
DEU_LocationALower-31_154_T-1,scenarios/experiment_scenarios/highd/DEU_LocationALower-31_154_T-1.xml,micp;sampling,/data_linux/Lab/highD-cr-scenarios/highD-repair/DEU_LocationALower-31_154_T-1.xml,124821,e24e4521f39f8b392ca55c324585ff67ba79b53cb14cc922f0561bd31f81bab9
DEU_LocationALower-31_239_T-1,scenarios/experiment_scenarios/highd/DEU_LocationALower-31_239_T-1.xml,micp;sampling,/data_linux/Lab/highD-cr-scenarios/highD-repair/DEU_LocationALower-31_239_T-1.xml,198613,0c7e6acca0cb18c63af70619b17fe1db327c76291f36070ece85a9a91efa3a2d
DEU_LocationALower-31_24_T-1,scenarios/experiment_scenarios/highd/DEU_LocationALower-31_24_T-1.xml,micp;sampling,/data_linux/Lab/highD-cr-scenarios/highD-repair/DEU_LocationALower-31_24_T-1.xml,206189,c8b4ec43597109b42a3e28796ca6283fd62165260ea8dde9e07e0d3156ca59f6
DEU_LocationALower-31_258_T-1,scenarios/experiment_scenarios/highd/DEU_LocationALower-31_258_T-1.xml,micp;sampling,/data_linux/Lab/highD-cr-scenarios/highD-repair/DEU_LocationALower-31_258_T-1.xml,142834,379bbc4c6aa80dc93c7a15e326958cc96d31bf3c8cd8d0b0392a369f22f24402
DEU_LocationALower-31_31_T-1,scenarios/experiment_scenarios/highd/DEU_LocationALower-31_31_T-1.xml,micp;sampling,/data_linux/Lab/highD-cr-scenarios/highD-repair/DEU_LocationALower-31_31_T-1.xml,137170,080899c697ccd12d79f1c4a008d46d7c59a1a1cf5fe6fefba55103fb4aae5909
DEU_LocationALower-31_47_T-1,scenarios/experiment_scenarios/highd/DEU_LocationALower-31_47_T-1.xml,micp;sampling,/data_linux/Lab/highD-cr-scenarios/highD-repair/DEU_LocationALower-31_47_T-1.xml,113012,70997b8e880317f481646da3e9fb1af9541b210683a88692794fbe0e4b1a3d6e
DEU_LocationALower-31_64_T-1,scenarios/experiment_scenarios/highd/DEU_LocationALower-31_64_T-1.xml,micp;sampling,/data_linux/Lab/highD-cr-scenarios/highD-repair/DEU_LocationALower-31_64_T-1.xml,208468,9939c7ad8fd3f753284cff11cfa5c1b3ae5e463493849a6d4981c4b9b9f181e5
DEU_LocationALower-31_81_T-1,scenarios/experiment_scenarios/highd/DEU_LocationALower-31_81_T-1.xml,micp;sampling,/data_linux/Lab/highD-cr-scenarios/highD-repair/DEU_LocationALower-31_81_T-1.xml,145641,1e05f25a44d20f8130a8a06ef21894bfc59ebc0e4b3ba0ffc6c8d0e9f6327d04
DEU_LocationALower-31_94_T-1,scenarios/experiment_scenarios/highd/DEU_LocationALower-31_94_T-1.xml,micp;sampling,/data_linux/Lab/highD-cr-scenarios/highD-repair/DEU_LocationALower-31_94_T-1.xml,257743,898f5ba456d2d80eda1e3869a3c037d72dc1b670914439b50add43dcc6b4b588
DEU_LocationALower-31_95_T-1,scenarios/experiment_scenarios/highd/DEU_LocationALower-31_95_T-1.xml,micp;sampling,/data_linux/Lab/highD-cr-scenarios/highD-repair/DEU_LocationALower-31_95_T-1.xml,227324,a60b0af1135bfbd377c6f0df3350b070972a591cc7a56b5d269069e184b181b2
DEU_LocationALower-32_104_T-1,scenarios/experiment_scenarios/highd/DEU_LocationALower-32_104_T-1.xml,micp;sampling,/data_linux/Lab/highD-cr-scenarios/highD-repair/DEU_LocationALower-32_104_T-1.xml,142797,57b7fac51a2693d1759060b7d1d060e1c8d97d2a0c2ec694c11628dcf0b88096
DEU_LocationALower-32_117_T-1,scenarios/experiment_scenarios/highd/DEU_LocationALower-32_117_T-1.xml,micp;sampling,/data_linux/Lab/highD-cr-scenarios/highD-repair/DEU_LocationALower-32_117_T-1.xml,128873,e3cc5c2d5f2ca168cca4faf9bff10ffc127afa4624ba3e21792bf004151c24b3
DEU_LocationALower-32_136_T-1,scenarios/experiment_scenarios/highd/DEU_LocationALower-32_136_T-1.xml,micp;sampling,/data_linux/Lab/highD-cr-scenarios/highD-repair/DEU_LocationALower-32_136_T-1.xml,184562,5ed9412e7f024d7d068f1489a755d8ce7aa5da0a1a0be03e2c559d232ef5c55e
DEU_LocationALower-32_186_T-1,scenarios/experiment_scenarios/highd/DEU_LocationALower-32_186_T-1.xml,micp;sampling,/data_linux/Lab/highD-cr-scenarios/highD-repair/DEU_LocationALower-32_186_T-1.xml,134551,2c8c7111d2df1facb4d109ecd09ebdbe994691d095cd64caf5132620a749954e
DEU_LocationALower-32_70_T-1,scenarios/experiment_scenarios/highd/DEU_LocationALower-32_70_T-1.xml,micp;sampling,/data_linux/Lab/highD-cr-scenarios/highD-repair/DEU_LocationALower-32_70_T-1.xml,149693,b6a816dc2f35cfda777cefbb4d1a25e1267f95ced56bbd8e622f82a00fc4fa7d
DEU_LocationALower-32_84_T-1,scenarios/experiment_scenarios/highd/DEU_LocationALower-32_84_T-1.xml,micp;sampling,/data_linux/Lab/highD-cr-scenarios/highD-repair/DEU_LocationALower-32_84_T-1.xml,110014,3f4649e9f37e103c5b1f44a89a415d1565ff5959810d31900119a952eeca8ee3
DEU_LocationALower-33_120_T-1,scenarios/experiment_scenarios/highd/DEU_LocationALower-33_120_T-1.xml,micp;sampling,/data_linux/Lab/highD-cr-scenarios/highD-repair/DEU_LocationALower-33_120_T-1.xml,116138,7167026cade1b1e50696f17068b5a3a4072e28707a7d1b5a546a7a79361fd401
DEU_LocationALower-33_124_T-1,scenarios/experiment_scenarios/highd/DEU_LocationALower-33_124_T-1.xml,micp;sampling,/data_linux/Lab/highD-cr-scenarios/highD-repair/DEU_LocationALower-33_124_T-1.xml,212143,3e11afcefde3fa6926fccbd55f87214351dbcafd0b5b6eeaf93135c5de02d1e2
DEU_LocationALower-33_128_T-1,scenarios/experiment_scenarios/highd/DEU_LocationALower-33_128_T-1.xml,micp;sampling,/data_linux/Lab/highD-cr-scenarios/highD-repair/DEU_LocationALower-33_128_T-1.xml,213826,807bd778953465ee0faf28ac2b1db942caabaa61b7e2ec44a629b34a46886a7c
DEU_LocationALower-33_129_T-1,scenarios/experiment_scenarios/highd/DEU_LocationALower-33_129_T-1.xml,micp;sampling,/data_linux/Lab/highD-cr-scenarios/highD-repair/DEU_LocationALower-33_129_T-1.xml,167956,0ad7adc6ba01a1ab352f381774db76115f373a423d48a0786a5b6374aa566ce2
DEU_LocationALower-33_142_T-1,scenarios/experiment_scenarios/highd/DEU_LocationALower-33_142_T-1.xml,micp;sampling,/data_linux/Lab/highD-cr-scenarios/highD-repair/DEU_LocationALower-33_142_T-1.xml,200286,ccdf24f4976bc21f76c9e00d97f8d418c32cff5ebad6a55efe053d2179bc0dce
DEU_LocationALower-33_16_T-1,scenarios/experiment_scenarios/highd/DEU_LocationALower-33_16_T-1.xml,micp;sampling,/data_linux/Lab/highD-cr-scenarios/highD-repair/DEU_LocationALower-33_16_T-1.xml,227763,760e36736dddc4bb935c1993c0c73c0f5346c100f969e60139d140b622088b07
DEU_LocationALower-33_183_T-1,scenarios/experiment_scenarios/highd/DEU_LocationALower-33_183_T-1.xml,micp;sampling,/data_linux/Lab/highD-cr-scenarios/highD-repair/DEU_LocationALower-33_183_T-1.xml,217496,ded8dda7215b59374c4cb74302336443fc9b350912ed3ac292076f5d712b498f
DEU_LocationALower-33_190_T-1,scenarios/experiment_scenarios/highd/DEU_LocationALower-33_190_T-1.xml,micp;sampling,/data_linux/Lab/highD-cr-scenarios/highD-repair/DEU_LocationALower-33_190_T-1.xml,217979,6e3998bc83553c43ae8813ee97bfdcd840c9b68b1f2dec8d709564185c90bc43
DEU_LocationALower-33_219_T-1,scenarios/experiment_scenarios/highd/DEU_LocationALower-33_219_T-1.xml,micp;sampling,/data_linux/Lab/highD-cr-scenarios/highD-repair/DEU_LocationALower-33_219_T-1.xml,107813,c64851cbe5378f5494217956f70b6df7ac9bb89e883432af6c09f5cc76009859
DEU_LocationALower-33_228_T-1,scenarios/experiment_scenarios/highd/DEU_LocationALower-33_228_T-1.xml,micp;sampling,/data_linux/Lab/highD-cr-scenarios/highD-repair/DEU_LocationALower-33_228_T-1.xml,159535,ead12cd765657a429bc918a5bfe38b0b8df1ee60d63eee3f10c4fd5bd754351b
DEU_LocationALower-33_233_T-1,scenarios/experiment_scenarios/highd/DEU_LocationALower-33_233_T-1.xml,micp;sampling,/data_linux/Lab/highD-cr-scenarios/highD-repair/DEU_LocationALower-33_233_T-1.xml,127246,030e16eb370e9c6bf2d4b289a35392b25b83a905a9be8ad9983c50c997088f46
DEU_LocationALower-33_261_T-1,scenarios/experiment_scenarios/highd/DEU_LocationALower-33_261_T-1.xml,micp;sampling,/data_linux/Lab/highD-cr-scenarios/highD-repair/DEU_LocationALower-33_261_T-1.xml,166893,ad1cb5d374773184de65658c81371495367dc531c110e141a81eb2eca0a25505
DEU_LocationALower-33_265_T-1,scenarios/experiment_scenarios/highd/DEU_LocationALower-33_265_T-1.xml,micp;sampling,/data_linux/Lab/highD-cr-scenarios/highD-repair/DEU_LocationALower-33_265_T-1.xml,179433,0e087b0941b8150c8d6987a586006e04004b898430c0a427b65fe5ce9c2b4258
DEU_LocationALower-33_36_T-1,scenarios/experiment_scenarios/highd/DEU_LocationALower-33_36_T-1.xml,micp;sampling,/data_linux/Lab/highD-cr-scenarios/highD-repair/DEU_LocationALower-33_36_T-1.xml,142652,df07e098d8bb5b1cec1d1a8a2c4a2fd8ada3d4310e14412be9e315d53cc94e89
DEU_LocationALower-33_46_T-1,scenarios/experiment_scenarios/highd/DEU_LocationALower-33_46_T-1.xml,micp;sampling,/data_linux/Lab/highD-cr-scenarios/highD-repair/DEU_LocationALower-33_46_T-1.xml,146876,b63a1a2c2fbd01fbed7bd03b690aa8e35f8c7f5adacc1eb62c4a922ef0f792a1
DEU_LocationALower-33_49_T-1,scenarios/experiment_scenarios/highd/DEU_LocationALower-33_49_T-1.xml,micp;sampling,/data_linux/Lab/highD-cr-scenarios/highD-repair/DEU_LocationALower-33_49_T-1.xml,131784,bb0382bee459db0738b4b5b0fe63aedc38fbcf6bebfa1dd764d61a3e21c92b8f
DEU_LocationALower-33_96_T-1,scenarios/experiment_scenarios/highd/DEU_LocationALower-33_96_T-1.xml,micp;sampling,/data_linux/Lab/highD-cr-scenarios/highD-repair/DEU_LocationALower-33_96_T-1.xml,143109,810b35d7a02a98a3e8cb72b57419949d8fe3818f92b3249fefb87fd60526c016
DEU_LocationALower-34_120_T-1,scenarios/experiment_scenarios/highd/DEU_LocationALower-34_120_T-1.xml,micp;sampling,/data_linux/Lab/highD-cr-scenarios/highD-repair/DEU_LocationALower-34_120_T-1.xml,155912,e97c86c569b1808fa9d33da20b7a7c1ebb313c4fdf815c0ed0e38d13134edd9c
DEU_LocationALower-34_124_T-1,scenarios/experiment_scenarios/highd/DEU_LocationALower-34_124_T-1.xml,micp;sampling,/data_linux/Lab/highD-cr-scenarios/highD-repair/DEU_LocationALower-34_124_T-1.xml,84532,4c347af3b53d53c154b8cff1214d370022709d3dd2647e803acc5ec7a4fc7e7f
DEU_LocationALower-34_146_T-1,scenarios/experiment_scenarios/highd/DEU_LocationALower-34_146_T-1.xml,micp;sampling,/data_linux/Lab/highD-cr-scenarios/highD-repair/DEU_LocationALower-34_146_T-1.xml,97067,b69008369bdbbe92946ee64480ed3169a96bafa6b75fc4838653c65bede90a83
DEU_LocationALower-34_147_T-1,scenarios/experiment_scenarios/highd/DEU_LocationALower-34_147_T-1.xml,micp;sampling,/data_linux/Lab/highD-cr-scenarios/highD-repair/DEU_LocationALower-34_147_T-1.xml,138729,3320b05498cc3da415c377af836deb41a6be44e96345e265b1d66c2bfe4b46ba
DEU_LocationALower-34_159_T-1,scenarios/experiment_scenarios/highd/DEU_LocationALower-34_159_T-1.xml,micp;sampling,/data_linux/Lab/highD-cr-scenarios/highD-repair/DEU_LocationALower-34_159_T-1.xml,102234,a41f4d85c600e9f8c9fc82bd6f3a6e7aa4c70f023b18abe7747dc7629dc9c1e7
DEU_LocationALower-34_163_T-1,scenarios/experiment_scenarios/highd/DEU_LocationALower-34_163_T-1.xml,micp;sampling,/data_linux/Lab/highD-cr-scenarios/highD-repair/DEU_LocationALower-34_163_T-1.xml,179022,e866f2cd4c77720419db82e775c13cc0c504b2edc445d9e453ca2f36ec9eb9f5
DEU_LocationALower-34_179_T-1,scenarios/experiment_scenarios/highd/DEU_LocationALower-34_179_T-1.xml,micp;sampling,/data_linux/Lab/highD-cr-scenarios/highD-repair/DEU_LocationALower-34_179_T-1.xml,164964,c54bd8232c195b3e1a6a85dde9191aa1eeaf23528da2c1410608e9394c373325
DEU_LocationALower-34_197_T-1,scenarios/experiment_scenarios/highd/DEU_LocationALower-34_197_T-1.xml,micp;sampling,/data_linux/Lab/highD-cr-scenarios/highD-repair/DEU_LocationALower-34_197_T-1.xml,105189,39e3498bcf0afd05e58d82a36c0c3978f71d2ad96d667448526b142fa7c46b56
DEU_LocationALower-34_206_T-1,scenarios/experiment_scenarios/highd/DEU_LocationALower-34_206_T-1.xml,micp;sampling,/data_linux/Lab/highD-cr-scenarios/highD-repair/DEU_LocationALower-34_206_T-1.xml,193402,3e86d5fcdb721599ec56cf21956855ccb055d807665e683aa3f46e456641fd6a
DEU_LocationALower-34_2_T-1,scenarios/experiment_scenarios/highd/DEU_LocationALower-34_2_T-1.xml,micp;sampling,/data_linux/Lab/highD-cr-scenarios/highD-repair/DEU_LocationALower-34_2_T-1.xml,138557,7dff8e721ee0edc42b51b982a37ae1d7c0c00bdd9b10b8b2ff03d0fedc22406c
DEU_LocationALower-34_37_T-1,scenarios/experiment_scenarios/highd/DEU_LocationALower-34_37_T-1.xml,micp;sampling,/data_linux/Lab/highD-cr-scenarios/highD-repair/DEU_LocationALower-34_37_T-1.xml,162922,5f020f7584f4a8bc72ebaf017e91d24111fa3cf7709e9f9b91bd9337b0745448
DEU_LocationALower-34_49_T-1,scenarios/experiment_scenarios/highd/DEU_LocationALower-34_49_T-1.xml,micp;sampling,/data_linux/Lab/highD-cr-scenarios/highD-repair/DEU_LocationALower-34_49_T-1.xml,113589,7b1619fcf2bbc7a36629454aa31f26d80e2e77c1a349999c6ad8a3e9ad4442ec
DEU_LocationALower-34_51_T-1,scenarios/experiment_scenarios/highd/DEU_LocationALower-34_51_T-1.xml,micp;sampling,/data_linux/Lab/highD-cr-scenarios/highD-repair/DEU_LocationALower-34_51_T-1.xml,154640,67bb322bfc9c65accbac0141bb8481798669a056f4e0eb3abf3a20efac13a2a6
DEU_LocationALower-34_52_T-1,scenarios/experiment_scenarios/highd/DEU_LocationALower-34_52_T-1.xml,micp;sampling,/data_linux/Lab/highD-cr-scenarios/highD-repair/DEU_LocationALower-34_52_T-1.xml,166441,8721a677f5fb066d2cbb8b195e9c266360f22c976fa5ec612d1a799c4cd4e0c7
DEU_LocationALower-34_53_T-1,scenarios/experiment_scenarios/highd/DEU_LocationALower-34_53_T-1.xml,micp;sampling,/data_linux/Lab/highD-cr-scenarios/highD-repair/DEU_LocationALower-34_53_T-1.xml,145991,242939f276feb66ae4d721253b8c885cd317cbb4378cfca2c3217c4185175803
DEU_LocationALower-34_54_T-1,scenarios/experiment_scenarios/highd/DEU_LocationALower-34_54_T-1.xml,micp;sampling,/data_linux/Lab/highD-cr-scenarios/highD-repair/DEU_LocationALower-34_54_T-1.xml,110963,101d3b6bd35d823c0116b4357cbb44793e59fc3bc9ff94465f61d1c170efeccf
DEU_LocationALower-34_62_T-1,scenarios/experiment_scenarios/highd/DEU_LocationALower-34_62_T-1.xml,micp;sampling,/data_linux/Lab/highD-cr-scenarios/highD-repair/DEU_LocationALower-34_62_T-1.xml,99254,115980f7bd4e9551cf637ebbcfd4f3cd69676d92596b2e3a0d2c2b344ac97a71
DEU_LocationALower-34_74_T-1,scenarios/experiment_scenarios/highd/DEU_LocationALower-34_74_T-1.xml,micp;sampling,/data_linux/Lab/highD-cr-scenarios/highD-repair/DEU_LocationALower-34_74_T-1.xml,180400,77df31e00382110f955f49c35c9a4312de7e5bc378e22ac49f4bd4095e823647
DEU_LocationALower-34_80_T-1,scenarios/experiment_scenarios/highd/DEU_LocationALower-34_80_T-1.xml,micp;sampling,/data_linux/Lab/highD-cr-scenarios/highD-repair/DEU_LocationALower-34_80_T-1.xml,141472,60895cdfea7e378379edb1b28306ebd7586234323320cd25e72924198b2490ff
DEU_LocationALower-34_93_T-1,scenarios/experiment_scenarios/highd/DEU_LocationALower-34_93_T-1.xml,micp;sampling,/data_linux/Lab/highD-cr-scenarios/highD-repair/DEU_LocationALower-34_93_T-1.xml,208659,0e42c0646da00a5ca5584f329a8cd9f55fbd1cdf3bd8b9e2baa3d48a56455a8c
DEU_LocationALower-34_96_T-1,scenarios/experiment_scenarios/highd/DEU_LocationALower-34_96_T-1.xml,micp;sampling,/data_linux/Lab/highD-cr-scenarios/highD-repair/DEU_LocationALower-34_96_T-1.xml,103054,3129230a95397685212740b97deced36fe5bf72e13e55da0d7f38544ba0011b9
DEU_LocationALower-35_126_T-1,scenarios/experiment_scenarios/highd/DEU_LocationALower-35_126_T-1.xml,micp;sampling,/data_linux/Lab/highD-cr-scenarios/highD-repair/DEU_LocationALower-35_126_T-1.xml,176294,e16cfb8ceddec9d581a96c1a1c92d19b9577f0028e1b5d282e13c331757c1867
DEU_LocationALower-35_140_T-1,scenarios/experiment_scenarios/highd/DEU_LocationALower-35_140_T-1.xml,micp;sampling,/data_linux/Lab/highD-cr-scenarios/highD-repair/DEU_LocationALower-35_140_T-1.xml,93572,80ecf690e0702cb74b52afa6fcfed0845c330282069afbb62ea4ca93a3221e50
DEU_LocationALower-35_189_T-1,scenarios/experiment_scenarios/highd/DEU_LocationALower-35_189_T-1.xml,micp;sampling,/data_linux/Lab/highD-cr-scenarios/highD-repair/DEU_LocationALower-35_189_T-1.xml,174679,4a094b01cf23beaa726ca09f93041a5dfc7f42c196fd02994e87fe8d1106d173
DEU_LocationALower-35_190_T-1,scenarios/experiment_scenarios/highd/DEU_LocationALower-35_190_T-1.xml,micp;sampling,/data_linux/Lab/highD-cr-scenarios/highD-repair/DEU_LocationALower-35_190_T-1.xml,143807,63f6fd630f3b7da2f1593f2f1235e78a58907bf4c450a2061f7228a807053e3a
DEU_LocationALower-35_263_T-1,scenarios/experiment_scenarios/highd/DEU_LocationALower-35_263_T-1.xml,micp;sampling,/data_linux/Lab/highD-cr-scenarios/highD-repair/DEU_LocationALower-35_263_T-1.xml,169297,e01236262369488830d1341b66df67784729dd3f7a3130b4e8f7133f48f0b6aa
DEU_LocationALower-35_34_T-1,scenarios/experiment_scenarios/highd/DEU_LocationALower-35_34_T-1.xml,micp;sampling,/data_linux/Lab/highD-cr-scenarios/highD-repair/DEU_LocationALower-35_34_T-1.xml,150113,b3611e7387ac80a74f1dddd6d7b89669e11f9a3123340bc1a656d20b1e51a439
DEU_LocationALower-36_113_T-1,scenarios/experiment_scenarios/highd/DEU_LocationALower-36_113_T-1.xml,micp;sampling,/data_linux/Lab/highD-cr-scenarios/highD-repair/DEU_LocationALower-36_113_T-1.xml,134131,3d6e0a7de4f5417561e7d37e360e6a785761d86c0ade65115e318b458ffe00cb
DEU_LocationALower-36_123_T-1,scenarios/experiment_scenarios/highd/DEU_LocationALower-36_123_T-1.xml,micp;sampling,/data_linux/Lab/highD-cr-scenarios/highD-repair/DEU_LocationALower-36_123_T-1.xml,152658,495d5399483983c50a239e9a7cb2fa44fa3d8a4008472cdef308769cb9a36af0
DEU_LocationALower-36_199_T-1,scenarios/experiment_scenarios/highd/DEU_LocationALower-36_199_T-1.xml,micp;sampling,/data_linux/Lab/highD-cr-scenarios/highD-repair/DEU_LocationALower-36_199_T-1.xml,172627,e2cdfa939444042f569bf94a251d8904932a3cc036adbd3d01539bdb48021ce6
DEU_LocationALower-36_208_T-1,scenarios/experiment_scenarios/highd/DEU_LocationALower-36_208_T-1.xml,micp;sampling,/data_linux/Lab/highD-cr-scenarios/highD-repair/DEU_LocationALower-36_208_T-1.xml,179200,37925144d76054c8fa5f60b4cd0029ef0a8b9ed66a0bfd4e04996d18e20d4f23
DEU_LocationALower-36_236_T-1,scenarios/experiment_scenarios/highd/DEU_LocationALower-36_236_T-1.xml,micp;sampling,/data_linux/Lab/highD-cr-scenarios/highD-repair/DEU_LocationALower-36_236_T-1.xml,59219,d3c7447fd1a6dda075b93622d963ee3dde0c60d22959b547cd08f1454b04a678
DEU_LocationALower-36_263_T-1,scenarios/experiment_scenarios/highd/DEU_LocationALower-36_263_T-1.xml,micp;sampling,/data_linux/Lab/highD-cr-scenarios/highD-repair/DEU_LocationALower-36_263_T-1.xml,163263,46f6d2477aee92cf2576bd6d1a7e1257bda5641474012e50fc9416f237c1b6af
DEU_LocationALower-36_269_T-1,scenarios/experiment_scenarios/highd/DEU_LocationALower-36_269_T-1.xml,micp;sampling,/data_linux/Lab/highD-cr-scenarios/highD-repair/DEU_LocationALower-36_269_T-1.xml,174734,826f42e4ba28a03868a308f0d35d481ab316e359410156f148bb40c02f516460
DEU_LocationALower-36_291_T-1,scenarios/experiment_scenarios/highd/DEU_LocationALower-36_291_T-1.xml,micp;sampling,/data_linux/Lab/highD-cr-scenarios/highD-repair/DEU_LocationALower-36_291_T-1.xml,128016,a8305216c7da3527ad196c9bbf15ff05151fbe704dace0b54cb23ffe2880eee8
DEU_LocationALower-36_61_T-1,scenarios/experiment_scenarios/highd/DEU_LocationALower-36_61_T-1.xml,micp;sampling,/data_linux/Lab/highD-cr-scenarios/highD-repair/DEU_LocationALower-36_61_T-1.xml,116871,c0087e4d28766f8843a20678b5ea965fc71b4f7211d804fab97e4fc53db7eb8f
DEU_LocationALower-37_121_T-1,scenarios/experiment_scenarios/highd/DEU_LocationALower-37_121_T-1.xml,micp;sampling,/data_linux/Lab/highD-cr-scenarios/highD-repair/DEU_LocationALower-37_121_T-1.xml,130261,f81b80d556e808b1c004d7a19544712ee75945348942d3a2d5275b1a516ec1eb
DEU_LocationALower-37_1_T-1,scenarios/experiment_scenarios/highd/DEU_LocationALower-37_1_T-1.xml,micp;sampling,/data_linux/Lab/highD-cr-scenarios/highD-repair/DEU_LocationALower-37_1_T-1.xml,141393,c7ab85dfb274a3ae58d99e3cc52b0c3072e42a39155d14e769360d3053354e7c
DEU_LocationALower-37_205_T-1,scenarios/experiment_scenarios/highd/DEU_LocationALower-37_205_T-1.xml,micp;sampling,/data_linux/Lab/highD-cr-scenarios/highD-repair/DEU_LocationALower-37_205_T-1.xml,123676,e533bb46d3e0adc566d2c6056eff8ce543ba7bec033a68778bf042a013dac860
DEU_LocationALower-37_213_T-1,scenarios/experiment_scenarios/highd/DEU_LocationALower-37_213_T-1.xml,micp;sampling,/data_linux/Lab/highD-cr-scenarios/highD-repair/DEU_LocationALower-37_213_T-1.xml,95283,398f3875ba4151971379dfa268d50d80cb7dcbe23e295ffff2c6ea2e61d5e86c
DEU_LocationALower-37_231_T-1,scenarios/experiment_scenarios/highd/DEU_LocationALower-37_231_T-1.xml,micp;sampling,/data_linux/Lab/highD-cr-scenarios/highD-repair/DEU_LocationALower-37_231_T-1.xml,190503,947628888fe0b2807406ce4b38c30a94f4241684bf940aa1e87b4dd912f18460
DEU_LocationALower-37_235_T-1,scenarios/experiment_scenarios/highd/DEU_LocationALower-37_235_T-1.xml,micp;sampling,/data_linux/Lab/highD-cr-scenarios/highD-repair/DEU_LocationALower-37_235_T-1.xml,62384,9a0c4cac0b0f0796cdc7770d1e3b5e1e6bff6a9f9fbc174a4d860197403f4cce
DEU_LocationALower-37_240_T-1,scenarios/experiment_scenarios/highd/DEU_LocationALower-37_240_T-1.xml,micp;sampling,/data_linux/Lab/highD-cr-scenarios/highD-repair/DEU_LocationALower-37_240_T-1.xml,82253,2c145749eaf184f8114f9a4945d6275cac493b1cd99529202cf4fbabdb97f2d0
DEU_LocationALower-37_4_T-1,scenarios/experiment_scenarios/highd/DEU_LocationALower-37_4_T-1.xml,micp;sampling,/data_linux/Lab/highD-cr-scenarios/highD-repair/DEU_LocationALower-37_4_T-1.xml,192437,3491227d34e7de5a10f526c93c97e05913769b4e7fa0b89708c74fa575f8135b
DEU_LocationALower-37_86_T-1,scenarios/experiment_scenarios/highd/DEU_LocationALower-37_86_T-1.xml,micp;sampling,/data_linux/Lab/highD-cr-scenarios/highD-repair/DEU_LocationALower-37_86_T-1.xml,94524,e1f8f286a32baf32dc16f4d6e1deb3404d7b9188c1599496212ae4c9622e6869
DEU_LocationALower-38_46_T-1,scenarios/experiment_scenarios/highd/DEU_LocationALower-38_46_T-1.xml,micp;sampling,/data_linux/Lab/highD-cr-scenarios/highD-repair/DEU_LocationALower-38_46_T-1.xml,191919,b5e004d9588c04ffc7b507fdb9b389c9499950c4f1a0587c9a4e552ae00d999f
DEU_LocationALower-38_47_T-1,scenarios/experiment_scenarios/highd/DEU_LocationALower-38_47_T-1.xml,micp;sampling,/data_linux/Lab/highD-cr-scenarios/highD-repair/DEU_LocationALower-38_47_T-1.xml,157441,d39473cc1899ca46bb424402b6f7a9f6e60ccbc8f5456af048c213ddc1e5d037
DEU_LocationALower-39_11_T-1,scenarios/experiment_scenarios/highd/DEU_LocationALower-39_11_T-1.xml,micp;sampling,/data_linux/Lab/highD-cr-scenarios/highD-repair/DEU_LocationALower-39_11_T-1.xml,95980,ef5f337f2e8ca8cce57b2aa1c5b1bc3f48dd3ee43a8990a5a63e3fed51b57169
DEU_LocationALower-40_140_T-1,scenarios/experiment_scenarios/highd/DEU_LocationALower-40_140_T-1.xml,micp;sampling,/data_linux/Lab/highD-cr-scenarios/highD-repair/DEU_LocationALower-40_140_T-1.xml,94952,d66b7f1487c48bce9e89f4edcebb7d79069733e561f98cc4cf5fb4be547aa2d6
DEU_LocationALower-42_14_T-1,scenarios/experiment_scenarios/highd/DEU_LocationALower-42_14_T-1.xml,micp;sampling,/data_linux/Lab/highD-cr-scenarios/highD-repair/DEU_LocationALower-42_14_T-1.xml,134545,573a1287563aa8d9affb2609e36f4308383893b28f5a73fdbf997164c95806ed
DEU_LocationALower-44_216_T-1,scenarios/experiment_scenarios/highd/DEU_LocationALower-44_216_T-1.xml,micp;sampling,/data_linux/Lab/highD-cr-scenarios/highD-repair/DEU_LocationALower-44_216_T-1.xml,172160,bcf280cfed1e8398d5ed243f83296ee292ed038eaf5afbd88dbf5cb3e0ac16b6
DEU_LocationALower-44_87_T-1,scenarios/experiment_scenarios/highd/DEU_LocationALower-44_87_T-1.xml,micp;sampling,/data_linux/Lab/highD-cr-scenarios/highD-repair/DEU_LocationALower-44_87_T-1.xml,147878,afbd017418f78ffe834765627795b8ef69f664f3c48dfbb246de1d035cfd453c
DEU_LocationALower-46_201_T-1,scenarios/experiment_scenarios/highd/DEU_LocationALower-46_201_T-1.xml,historical_results,/data_linux/Lab/highD-cr-scenarios/highD-repair/DEU_LocationALower-46_201_T-1.xml,225546,b4625ad9442491d2bb72351ac5eb495575bd79ad3f9cb59709ea09f140361967
DEU_LocationALower-47_251_T-1,scenarios/experiment_scenarios/highd/DEU_LocationALower-47_251_T-1.xml,historical_results,/data_linux/Lab/highD-cr-scenarios/highD-repair/DEU_LocationALower-47_251_T-1.xml,90286,c2402b20db6dbf5af2c24ffe650bcecb0c15c1207308d2e1c2cd16e62f8b1957
DEU_LocationALower-47_25_T-1,scenarios/experiment_scenarios/highd/DEU_LocationALower-47_25_T-1.xml,historical_results,/data_linux/Lab/highD-cr-scenarios/highD-repair/DEU_LocationALower-47_25_T-1.xml,194394,a2f1e5682858612abf2283196384bbb69e2d1befe55fa15dd72de338f7e0c7c2
DEU_LocationALower-47_26_T-1,scenarios/experiment_scenarios/highd/DEU_LocationALower-47_26_T-1.xml,historical_results,/data_linux/Lab/highD-cr-scenarios/highD-repair/DEU_LocationALower-47_26_T-1.xml,203584,1c4ffe03da9de2d6bc47f5e09c8c8f017e22ffe044385d6a59ad1937bbbe3d1d
DEU_LocationALower-47_28_T-1,scenarios/experiment_scenarios/highd/DEU_LocationALower-47_28_T-1.xml,historical_results,/data_linux/Lab/highD-cr-scenarios/highD-repair/DEU_LocationALower-47_28_T-1.xml,243304,9eb05d4ae7bc303cd9f5cd53665d93b33f73e148d3c6d7c097c8642624fc4ab3
DEU_LocationALower-47_29_T-1,scenarios/experiment_scenarios/highd/DEU_LocationALower-47_29_T-1.xml,historical_results,/data_linux/Lab/highD-cr-scenarios/highD-repair/DEU_LocationALower-47_29_T-1.xml,205296,26515e13fc5336e4eb08ddd2fec32fd1a17d6aaffb98f16cddcaef47a22b2a10
DEU_LocationALower-47_30_T-1,scenarios/experiment_scenarios/highd/DEU_LocationALower-47_30_T-1.xml,historical_results,/data_linux/Lab/highD-cr-scenarios/highD-repair/DEU_LocationALower-47_30_T-1.xml,179493,e406169fc8601a21ae18d6b73c5faddce21ed03d09647e3268dd4ada3fdf9229
DEU_LocationALower-47_31_T-1,scenarios/experiment_scenarios/highd/DEU_LocationALower-47_31_T-1.xml,historical_results,/data_linux/Lab/highD-cr-scenarios/highD-repair/DEU_LocationALower-47_31_T-1.xml,186469,e24e5d268916e3f29a6f7dbcb4f80a98f00d47b73ceb0d031fbe40c1e5a814d4
DEU_LocationALower-47_67_T-1,scenarios/experiment_scenarios/highd/DEU_LocationALower-47_67_T-1.xml,historical_results,/data_linux/Lab/highD-cr-scenarios/highD-repair/DEU_LocationALower-47_67_T-1.xml,233587,705226fd81082335ff73b8bd22e3e9942b4129bfe0584aeb43d47b3189d90366
DEU_LocationALower-47_68_T-1,scenarios/experiment_scenarios/highd/DEU_LocationALower-47_68_T-1.xml,historical_results,/data_linux/Lab/highD-cr-scenarios/highD-repair/DEU_LocationALower-47_68_T-1.xml,208353,b8b6cd2762c119c77cda27dfd9b4289ec65e3163e531fc22f32be848af174e9c
DEU_LocationALower-47_69_T-1,scenarios/experiment_scenarios/highd/DEU_LocationALower-47_69_T-1.xml,historical_results,/data_linux/Lab/highD-cr-scenarios/highD-repair/DEU_LocationALower-47_69_T-1.xml,220958,08a80dc02df1750107537a05448cd87f2cf884ba9e37451165b78cf0775660eb
DEU_LocationALower-48_122_T-1,scenarios/experiment_scenarios/highd/DEU_LocationALower-48_122_T-1.xml,historical_results,/data_linux/Lab/highD-cr-scenarios/highD-repair/DEU_LocationALower-48_122_T-1.xml,210466,6b637f6f5a781c78b85f7ba71c9327f09c13e8624124e7128d4fcf058de22539
DEU_LocationALower-49_145_T-1,scenarios/experiment_scenarios/highd/DEU_LocationALower-49_145_T-1.xml,historical_results,/data_linux/Lab/highD-cr-scenarios/highD-repair/DEU_LocationALower-49_145_T-1.xml,118086,6068e9260c27233924ffdb3ac9e173039b31a6456a3754d87c14cf733b4ba433
DEU_LocationALower-49_146_T-1,scenarios/experiment_scenarios/highd/DEU_LocationALower-49_146_T-1.xml,historical_results,/data_linux/Lab/highD-cr-scenarios/highD-repair/DEU_LocationALower-49_146_T-1.xml,106889,bf6c3c56ff3f89c77acf1b19011d83cd04b00ad801cfa5e29d0879deaead2b77
DEU_LocationALower-49_169_T-1,scenarios/experiment_scenarios/highd/DEU_LocationALower-49_169_T-1.xml,historical_results,/data_linux/Lab/highD-cr-scenarios/highD-repair/DEU_LocationALower-49_169_T-1.xml,177700,6835b1c62f4ef85a158e8a9adaee3763f7ecd973e5936bc5a2d83206ba4bb6d3
DEU_LocationALower-49_170_T-1,scenarios/experiment_scenarios/highd/DEU_LocationALower-49_170_T-1.xml,historical_results,/data_linux/Lab/highD-cr-scenarios/highD-repair/DEU_LocationALower-49_170_T-1.xml,122865,dbe243237fc8f4142020dbc167a4aa3bf218d5f347f1ec828379013ce927e256
DEU_LocationALower-49_4_T-1,scenarios/experiment_scenarios/highd/DEU_LocationALower-49_4_T-1.xml,historical_results,/data_linux/Lab/highD-cr-scenarios/highD-repair/DEU_LocationALower-49_4_T-1.xml,162918,5cd3a7a581d7930c684e23d89bf21cfa0cb01c2f8f1749b6d45a534d9b53064b
DEU_LocationALower-50_124_T-1,scenarios/experiment_scenarios/highd/DEU_LocationALower-50_124_T-1.xml,historical_results,/data_linux/Lab/highD-cr-scenarios/highD-repair/DEU_LocationALower-50_124_T-1.xml,186177,bf2c8210037e70c9827f47644fb975b124bc486db31242c02988ab4e882ead18
DEU_LocationALower-50_125_T-1,scenarios/experiment_scenarios/highd/DEU_LocationALower-50_125_T-1.xml,historical_results,/data_linux/Lab/highD-cr-scenarios/highD-repair/DEU_LocationALower-50_125_T-1.xml,153546,ed5d632eb8c5fc7582579e41fafd36112fac5925a9b8702e9b7afe23eb532752
DEU_LocationALower-50_128_T-1,scenarios/experiment_scenarios/highd/DEU_LocationALower-50_128_T-1.xml,historical_results,/data_linux/Lab/highD-cr-scenarios/highD-repair/DEU_LocationALower-50_128_T-1.xml,170860,a1f56e4784c1db6d120a3c1fadbef2f3486bcfb9b59108daa27f2bba4995aabe
DEU_LocationALower-50_129_T-1,scenarios/experiment_scenarios/highd/DEU_LocationALower-50_129_T-1.xml,historical_results,/data_linux/Lab/highD-cr-scenarios/highD-repair/DEU_LocationALower-50_129_T-1.xml,187599,d9d5ae65720f4573aae198ed20d82e82273de6789adfb138d26f68415884a06a
DEU_LocationALower-50_277_T-1,scenarios/experiment_scenarios/highd/DEU_LocationALower-50_277_T-1.xml,historical_results,/data_linux/Lab/highD-cr-scenarios/highD-repair/DEU_LocationALower-50_277_T-1.xml,189826,3c9ca10520e0fbb79239f24f7c547866af979e138b63844e87d68528e76edeb8
DEU_LocationALower-50_58_T-1,scenarios/experiment_scenarios/highd/DEU_LocationALower-50_58_T-1.xml,historical_results,/data_linux/Lab/highD-cr-scenarios/highD-repair/DEU_LocationALower-50_58_T-1.xml,148320,e955db9119b59188505cf3955be65711efdb8368a3f910e92d0a85a8f2a4f222
DEU_LocationALower-50_59_T-1,scenarios/experiment_scenarios/highd/DEU_LocationALower-50_59_T-1.xml,historical_results,/data_linux/Lab/highD-cr-scenarios/highD-repair/DEU_LocationALower-50_59_T-1.xml,122641,abbe20839312c7d28581ba6f9612bb8fe0516be774f95656e39bb6bf6b03dc88
DEU_LocationALower-51_150_T-1,scenarios/experiment_scenarios/highd/DEU_LocationALower-51_150_T-1.xml,historical_results,/data_linux/Lab/highD-cr-scenarios/highD-repair/DEU_LocationALower-51_150_T-1.xml,210914,e9b8adf21a21d530522c031607e71798b456ebdc562abb804ef718b0ca7c16a0
DEU_LocationALower-51_151_T-1,scenarios/experiment_scenarios/highd/DEU_LocationALower-51_151_T-1.xml,historical_results,/data_linux/Lab/highD-cr-scenarios/highD-repair/DEU_LocationALower-51_151_T-1.xml,152322,afa94fcd552843413ea6974ad717bee0f82106974dc4911cfa0bf73e61c737b7
DEU_LocationALower-51_152_T-1,scenarios/experiment_scenarios/highd/DEU_LocationALower-51_152_T-1.xml,historical_results,/data_linux/Lab/highD-cr-scenarios/highD-repair/DEU_LocationALower-51_152_T-1.xml,138278,8fb298d04f26f6a0591276fbe450dc6d385b3a891663241260b0ddf2c410a84a
DEU_LocationALower-52_160_T-1,scenarios/experiment_scenarios/highd/DEU_LocationALower-52_160_T-1.xml,historical_results,/data_linux/Lab/highD-cr-scenarios/highD-repair/DEU_LocationALower-52_160_T-1.xml,137311,f5d04c5809f535f0b4154b1e4b8e81dfdea053b95cdc873d69337655f88669b5
DEU_LocationALower-52_161_T-1,scenarios/experiment_scenarios/highd/DEU_LocationALower-52_161_T-1.xml,historical_results,/data_linux/Lab/highD-cr-scenarios/highD-repair/DEU_LocationALower-52_161_T-1.xml,124720,54aa6b5e2f087aa3bcb02ecb043fac8c7f616f86a1c982fd2c39690496c08b55
DEU_LocationALower-53_110_T-1,scenarios/experiment_scenarios/highd/DEU_LocationALower-53_110_T-1.xml,historical_results,/data_linux/Lab/highD-cr-scenarios/highD-repair/DEU_LocationALower-53_110_T-1.xml,112634,c60ceafe2c2b7e7bd36ed5d6d0fd2fcb8cb984cd850ffe7a4b1b46a16dfd1943
DEU_LocationALower-53_178_T-1,scenarios/experiment_scenarios/highd/DEU_LocationALower-53_178_T-1.xml,historical_results,/data_linux/Lab/highD-cr-scenarios/highD-repair/DEU_LocationALower-53_178_T-1.xml,133689,b1cca0deac5b7fa7cdc7bc611a7df8fe6fb3374ebd89c72e8765804275435cf1
DEU_LocationALower-53_227_T-1,scenarios/experiment_scenarios/highd/DEU_LocationALower-53_227_T-1.xml,historical_results,/data_linux/Lab/highD-cr-scenarios/highD-repair/DEU_LocationALower-53_227_T-1.xml,183601,68a4f96a98ada81bb6a0c76fb42278225a0aa00141689a0e30bedc82186c7a06
DEU_LocationALower-55_23_T-1,scenarios/experiment_scenarios/highd/DEU_LocationALower-55_23_T-1.xml,historical_results,/data_linux/Lab/highD-cr-scenarios/highD-repair/DEU_LocationALower-55_23_T-1.xml,101459,11198f8c82a48f7c908772ce3c1d1fc9e092b1cfd32011cc1b90403472dadc2e
DEU_LocationALower-56_135_T-1,scenarios/experiment_scenarios/highd/DEU_LocationALower-56_135_T-1.xml,historical_results,/data_linux/Lab/highD-cr-scenarios/highD-repair/DEU_LocationALower-56_135_T-1.xml,120138,4eaa539cc21b4decb7faa81842f049e4f697f447e35d54d80c34f186f5e3420b
DEU_LocationALower-56_143_T-1,scenarios/experiment_scenarios/highd/DEU_LocationALower-56_143_T-1.xml,historical_results,/data_linux/Lab/highD-cr-scenarios/highD-repair/DEU_LocationALower-56_143_T-1.xml,234169,ddeee6674b8102b44f6f9c908189b69d9297494283b1c447d82b08eab28e2109
DEU_LocationAUpper-11_49_T-1,scenarios/experiment_scenarios/highd/DEU_LocationAUpper-11_49_T-1.xml,historical_results,/data_linux/Lab/highD-cr-scenarios/highD-repair/DEU_LocationAUpper-11_49_T-1.xml,260367,5426bf2ba2f9d44be60dbd81c7d3dbbed55bfea2d77b8ca1a446c95a6955c804
DEU_LocationAUpper-11_50_T-1,scenarios/experiment_scenarios/highd/DEU_LocationAUpper-11_50_T-1.xml,historical_results,/data_linux/Lab/highD-cr-scenarios/highD-repair/DEU_LocationAUpper-11_50_T-1.xml,232006,1f08149b9403550693689262a79fc0c2090c72bbb2b63bdc9a06319d2b1f3c6d
DEU_LocationAUpper-11_51_T-1,scenarios/experiment_scenarios/highd/DEU_LocationAUpper-11_51_T-1.xml,historical_results,/data_linux/Lab/highD-cr-scenarios/highD-repair/DEU_LocationAUpper-11_51_T-1.xml,252747,9fe2345eb0a380439a9953f7b44ad6d92508cd86e835fd161e258b5f4afd9157
DEU_LocationAUpper-11_52_T-1,scenarios/experiment_scenarios/highd/DEU_LocationAUpper-11_52_T-1.xml,historical_results,/data_linux/Lab/highD-cr-scenarios/highD-repair/DEU_LocationAUpper-11_52_T-1.xml,260838,8cd046971f5d7eb7272cce801a30d3f6a71c8ba9a5a13955ace37d79844ebe4e
DEU_LocationAUpper-12_98_T-1,scenarios/experiment_scenarios/highd/DEU_LocationAUpper-12_98_T-1.xml,historical_results,/data_linux/Lab/highD-cr-scenarios/highD-repair/DEU_LocationAUpper-12_98_T-1.xml,283271,0a544720fc8cb1e7f7bfeb01a0c5ba5c6abe0fbe17aff50be92051bd0bd0ff98
DEU_LocationAUpper-13_226_T-1,scenarios/experiment_scenarios/highd/DEU_LocationAUpper-13_226_T-1.xml,historical_results,/data_linux/Lab/highD-cr-scenarios/highD-repair/DEU_LocationAUpper-13_226_T-1.xml,172305,394fb33bcc98f80e785402eff0a9f93f8b46b1cf3af8d7e7faf9ece9040e775b
DEU_LocationAUpper-13_33_T-1,scenarios/experiment_scenarios/highd/DEU_LocationAUpper-13_33_T-1.xml,historical_results,/data_linux/Lab/highD-cr-scenarios/highD-repair/DEU_LocationAUpper-13_33_T-1.xml,264784,1ea02acf89375ce88bbb624028e16141623fffd687888b3ee82d6d806f54e5c8
DEU_LocationAUpper-13_35_T-1,scenarios/experiment_scenarios/highd/DEU_LocationAUpper-13_35_T-1.xml,historical_results,/data_linux/Lab/highD-cr-scenarios/highD-repair/DEU_LocationAUpper-13_35_T-1.xml,226441,c0a9fbaca5b05e350b12b8650b9857131cc612ea4ab84acccc494291d9e93682
DEU_LocationAUpper-13_45_T-1,scenarios/experiment_scenarios/highd/DEU_LocationAUpper-13_45_T-1.xml,historical_results,/data_linux/Lab/highD-cr-scenarios/highD-repair/DEU_LocationAUpper-13_45_T-1.xml,200606,d591036a2289fcb993c742d9831bfea4d9292df760edebe42dc23c9280f3bd8a
DEU_LocationAUpper-13_46_T-1,scenarios/experiment_scenarios/highd/DEU_LocationAUpper-13_46_T-1.xml,historical_results,/data_linux/Lab/highD-cr-scenarios/highD-repair/DEU_LocationAUpper-13_46_T-1.xml,181405,49b2de31a793a55aa31e860b435800807ae6fa59e90390362b193f5b78404fc5
DEU_LocationAUpper-13_51_T-1,scenarios/experiment_scenarios/highd/DEU_LocationAUpper-13_51_T-1.xml,historical_results,/data_linux/Lab/highD-cr-scenarios/highD-repair/DEU_LocationAUpper-13_51_T-1.xml,139512,c854eca0b827d6310f4fe541c77d514c9f8ea3e5bf3ab6bed192595b0b45799a
DEU_LocationAUpper-13_52_T-1,scenarios/experiment_scenarios/highd/DEU_LocationAUpper-13_52_T-1.xml,historical_results,/data_linux/Lab/highD-cr-scenarios/highD-repair/DEU_LocationAUpper-13_52_T-1.xml,131343,7b33992571f52bc2ad53880de8857ab7ea7aa2bbdfbf8f965d1ae066621353f4
DEU_LocationAUpper-13_53_T-1,scenarios/experiment_scenarios/highd/DEU_LocationAUpper-13_53_T-1.xml,historical_results,/data_linux/Lab/highD-cr-scenarios/highD-repair/DEU_LocationAUpper-13_53_T-1.xml,106718,7e31a161827cb46ab22e1a82f3a914b869fc03587a1604dc2e0a77de01f968e9
DEU_LocationAUpper-26_152_T-1,scenarios/experiment_scenarios/highd/DEU_LocationAUpper-26_152_T-1.xml,historical_results,/data_linux/Lab/highD-cr-scenarios/highD-repair/DEU_LocationAUpper-26_152_T-1.xml,221037,597851048be9b960b3adada481924eb633973d27f3cb6931f7610513c4535cc9
DEU_LocationAUpper-26_154_T-1,scenarios/experiment_scenarios/highd/DEU_LocationAUpper-26_154_T-1.xml,historical_results,/data_linux/Lab/highD-cr-scenarios/highD-repair/DEU_LocationAUpper-26_154_T-1.xml,190645,c4c60e73e2a45afc78e0687d64657caae6a470a5094fa08bacedd680ca76ace1
DEU_LocationAUpper-26_155_T-1,scenarios/experiment_scenarios/highd/DEU_LocationAUpper-26_155_T-1.xml,historical_results,/data_linux/Lab/highD-cr-scenarios/highD-repair/DEU_LocationAUpper-26_155_T-1.xml,193960,d20884fe1d79b6fda06571be2dd4924b79a102daae32f47289909e0e3d626c12
DEU_LocationAUpper-26_158_T-1,scenarios/experiment_scenarios/highd/DEU_LocationAUpper-26_158_T-1.xml,historical_results,/data_linux/Lab/highD-cr-scenarios/highD-repair/DEU_LocationAUpper-26_158_T-1.xml,154459,f3cc9a30721cebf9273b582625d749de8e3650d6ea5609141776523d3cf98d69
DEU_LocationAUpper-26_180_T-1,scenarios/experiment_scenarios/highd/DEU_LocationAUpper-26_180_T-1.xml,historical_results,/data_linux/Lab/highD-cr-scenarios/highD-repair/DEU_LocationAUpper-26_180_T-1.xml,220466,72a859052cd86093ee5f1e5abee906d1a631bf70b2e485ae190b45dd13365c0b
DEU_LocationAUpper-26_187_T-1,scenarios/experiment_scenarios/highd/DEU_LocationAUpper-26_187_T-1.xml,historical_results,/data_linux/Lab/highD-cr-scenarios/highD-repair/DEU_LocationAUpper-26_187_T-1.xml,304005,da5226fa96ec1043933a7264e5e3d41c0513cf44371ddb95b846db6532c840b3
DEU_LocationAUpper-26_191_T-1,scenarios/experiment_scenarios/highd/DEU_LocationAUpper-26_191_T-1.xml,historical_results,/data_linux/Lab/highD-cr-scenarios/highD-repair/DEU_LocationAUpper-26_191_T-1.xml,267566,c18ca0fd3183f4c97ed05d102fd7e8a3ce0da0689830bef5f9e9d9d1611d4c8d
DEU_LocationAUpper-26_192_T-1,scenarios/experiment_scenarios/highd/DEU_LocationAUpper-26_192_T-1.xml,historical_results,/data_linux/Lab/highD-cr-scenarios/highD-repair/DEU_LocationAUpper-26_192_T-1.xml,247571,1439c3b76b015e56f7f5a4cdd80e0aef46bed06035deea5b153517bfe6cb4059
DEU_LocationAUpper-26_203_T-1,scenarios/experiment_scenarios/highd/DEU_LocationAUpper-26_203_T-1.xml,historical_results,/data_linux/Lab/highD-cr-scenarios/highD-repair/DEU_LocationAUpper-26_203_T-1.xml,226251,b9b9e8cb7919b12b77c4238c2faa2091f57c8042e82032a54d6eb8fc7bf3d11a
DEU_LocationAUpper-26_204_T-1,scenarios/experiment_scenarios/highd/DEU_LocationAUpper-26_204_T-1.xml,historical_results,/data_linux/Lab/highD-cr-scenarios/highD-repair/DEU_LocationAUpper-26_204_T-1.xml,224243,515486e8a7966fe194c03e2cac3a5524b50993acd3e311dc43230331ae8998f1
DEU_LocationAUpper-26_209_T-1,scenarios/experiment_scenarios/highd/DEU_LocationAUpper-26_209_T-1.xml,historical_results,/data_linux/Lab/highD-cr-scenarios/highD-repair/DEU_LocationAUpper-26_209_T-1.xml,211849,4e216ac91760e21b59a44eba94074d27cd66d91f3dacab4a7e166044fc99759d
DEU_LocationAUpper-26_217_T-1,scenarios/experiment_scenarios/highd/DEU_LocationAUpper-26_217_T-1.xml,historical_results,/data_linux/Lab/highD-cr-scenarios/highD-repair/DEU_LocationAUpper-26_217_T-1.xml,182642,5c8f4cbaaf460bc04f489193fcacaa294bd8a4418d51c347efb8b377cfced2da
DEU_LocationAUpper-26_226_T-1,scenarios/experiment_scenarios/highd/DEU_LocationAUpper-26_226_T-1.xml,historical_results,/data_linux/Lab/highD-cr-scenarios/highD-repair/DEU_LocationAUpper-26_226_T-1.xml,114945,7785a85c0b893ea9ea47a14fbcb1a82c8cfa4b6f13b841a6ac8a55a4480147dc
DEU_LocationAUpper-26_227_T-1,scenarios/experiment_scenarios/highd/DEU_LocationAUpper-26_227_T-1.xml,historical_results,/data_linux/Lab/highD-cr-scenarios/highD-repair/DEU_LocationAUpper-26_227_T-1.xml,121961,e2fbc86b165625f4c9a78f4b403dfe0ed154d380c3f9f316df34277a8d414f9c
DEU_LocationAUpper-26_228_T-1,scenarios/experiment_scenarios/highd/DEU_LocationAUpper-26_228_T-1.xml,historical_results,/data_linux/Lab/highD-cr-scenarios/highD-repair/DEU_LocationAUpper-26_228_T-1.xml,91609,e128ee08600e66ec993149baa893871613f1ba9e6556c88cc80571cf74acb05f
DEU_LocationAUpper-26_230_T-1,scenarios/experiment_scenarios/highd/DEU_LocationAUpper-26_230_T-1.xml,historical_results,/data_linux/Lab/highD-cr-scenarios/highD-repair/DEU_LocationAUpper-26_230_T-1.xml,108657,6343993c1cff0a60f803a44a4babc01bc5d7788d3b07a929bc77fe06d6db6000
DEU_LocationAUpper-26_231_T-1,scenarios/experiment_scenarios/highd/DEU_LocationAUpper-26_231_T-1.xml,historical_results,/data_linux/Lab/highD-cr-scenarios/highD-repair/DEU_LocationAUpper-26_231_T-1.xml,136277,1657df55ba0d333d9d4ccb85e7d052a79b51a8e7ef97d2558462a133a1810156
DEU_LocationAUpper-26_242_T-1,scenarios/experiment_scenarios/highd/DEU_LocationAUpper-26_242_T-1.xml,historical_results,/data_linux/Lab/highD-cr-scenarios/highD-repair/DEU_LocationAUpper-26_242_T-1.xml,171622,f2058e0ec7fbf1c11e865a8964ee0d3e1b47cba2b91b302cc7e8beeea161a00c
DEU_LocationAUpper-26_244_T-1,scenarios/experiment_scenarios/highd/DEU_LocationAUpper-26_244_T-1.xml,historical_results,/data_linux/Lab/highD-cr-scenarios/highD-repair/DEU_LocationAUpper-26_244_T-1.xml,176674,45dc05aec15ae512aab82bbc90c2f108ed06ff7e921d2c0a375380d4c91f10a7
DEU_LocationAUpper-26_250_T-1,scenarios/experiment_scenarios/highd/DEU_LocationAUpper-26_250_T-1.xml,historical_results,/data_linux/Lab/highD-cr-scenarios/highD-repair/DEU_LocationAUpper-26_250_T-1.xml,126048,1d4b6915ae264f7147d4329f443ee59a4e3696a311b907498e409ca7406ecbd2
DEU_LocationAUpper-27_18_T-1,scenarios/experiment_scenarios/highd/DEU_LocationAUpper-27_18_T-1.xml,historical_results,/data_linux/Lab/highD-cr-scenarios/highD-repair/DEU_LocationAUpper-27_18_T-1.xml,78393,fc8ccceee135eca8824fd947042dc95cabf544cd95c719d4ab25e4fa2d4042cf
DEU_LocationAUpper-27_97_T-1,scenarios/experiment_scenarios/highd/DEU_LocationAUpper-27_97_T-1.xml,historical_results,/data_linux/Lab/highD-cr-scenarios/highD-repair/DEU_LocationAUpper-27_97_T-1.xml,91056,2ee91cee44c5cd660002379e47fbe72abfad70083e8c448e2720eca0e79db68a
DEU_LocationAUpper-31_125_T-1,scenarios/experiment_scenarios/highd/DEU_LocationAUpper-31_125_T-1.xml,historical_results,/data_linux/Lab/highD-cr-scenarios/highD-repair/DEU_LocationAUpper-31_125_T-1.xml,240896,303aa8b8497bdcae37cb7b3b12e28eaf08357058cdfd13b281cdd83111b10adc
DEU_LocationAUpper-31_126_T-1,scenarios/experiment_scenarios/highd/DEU_LocationAUpper-31_126_T-1.xml,historical_results,/data_linux/Lab/highD-cr-scenarios/highD-repair/DEU_LocationAUpper-31_126_T-1.xml,189835,6e727665563c9e3eb5013749b045bbec5d88c82bcf4368ba80c3933397b499b7
DEU_LocationAUpper-33_102_T-1,scenarios/experiment_scenarios/highd/DEU_LocationAUpper-33_102_T-1.xml,historical_results,/data_linux/Lab/highD-cr-scenarios/highD-repair/DEU_LocationAUpper-33_102_T-1.xml,83144,e7ee043fa551134308532151e2fddd562907054321f26ef02bec88a90fc58cd6
DEU_LocationAUpper-33_103_T-1,scenarios/experiment_scenarios/highd/DEU_LocationAUpper-33_103_T-1.xml,historical_results,/data_linux/Lab/highD-cr-scenarios/highD-repair/DEU_LocationAUpper-33_103_T-1.xml,62792,2124cd3d43296a206ed4639a87134fe1064afca69fd6a28435503da4821cee61
DEU_LocationAUpper-35_1_T-1,scenarios/experiment_scenarios/highd/DEU_LocationAUpper-35_1_T-1.xml,historical_results,/data_linux/Lab/highD-cr-scenarios/highD-repair/DEU_LocationAUpper-35_1_T-1.xml,99082,ff4d85d85e367d1f2ef500c878d71a69b63283a8cf0dfc51d9d3a8acb89438e4
DEU_LocationAUpper-35_2_T-1,scenarios/experiment_scenarios/highd/DEU_LocationAUpper-35_2_T-1.xml,historical_results,/data_linux/Lab/highD-cr-scenarios/highD-repair/DEU_LocationAUpper-35_2_T-1.xml,140687,956cb8b9bd73245f81ded5b6bbe67ea147165962f9243af66605aeae60580de5
DEU_LocationAUpper-35_3_T-1,scenarios/experiment_scenarios/highd/DEU_LocationAUpper-35_3_T-1.xml,historical_results,/data_linux/Lab/highD-cr-scenarios/highD-repair/DEU_LocationAUpper-35_3_T-1.xml,101463,edba2cd7fa0f1448484f8f8801ccfa0f52fe267385ae159fdf28d1e1ead13ceb
DEU_LocationAUpper-35_4_T-1,scenarios/experiment_scenarios/highd/DEU_LocationAUpper-35_4_T-1.xml,historical_results,/data_linux/Lab/highD-cr-scenarios/highD-repair/DEU_LocationAUpper-35_4_T-1.xml,68323,2ac3b3c2d6a63e2c6e4f953f4855d1f67a6561e94650e7b24d09709f067ce16a
DEU_LocationAUpper-35_5_T-1,scenarios/experiment_scenarios/highd/DEU_LocationAUpper-35_5_T-1.xml,historical_results,/data_linux/Lab/highD-cr-scenarios/highD-repair/DEU_LocationAUpper-35_5_T-1.xml,73728,75a8e22e73fd64aa62d0cf093b2e135d13ff61f376273e81d45232bb2697680f
DEU_LocationAUpper-36_135_T-1,scenarios/experiment_scenarios/highd/DEU_LocationAUpper-36_135_T-1.xml,historical_results,/data_linux/Lab/highD-cr-scenarios/highD-repair/DEU_LocationAUpper-36_135_T-1.xml,99845,60c0b19d504ef26c48e1e3db95f9c381b08618509f775629937c8154d06d5fe6
DEU_LocationAUpper-36_145_T-1,scenarios/experiment_scenarios/highd/DEU_LocationAUpper-36_145_T-1.xml,historical_results,/data_linux/Lab/highD-cr-scenarios/highD-repair/DEU_LocationAUpper-36_145_T-1.xml,159296,6d8ca8958735af0f95982ea40883d91c073f602e7c389815c844234cdef4776b
DEU_LocationAUpper-36_146_T-1,scenarios/experiment_scenarios/highd/DEU_LocationAUpper-36_146_T-1.xml,historical_results,/data_linux/Lab/highD-cr-scenarios/highD-repair/DEU_LocationAUpper-36_146_T-1.xml,119209,b8e4f034eb2ee03695b1bedcb1348adf9abbbb3379530444480444aab2ff9338
DEU_LocationAUpper-36_163_T-1,scenarios/experiment_scenarios/highd/DEU_LocationAUpper-36_163_T-1.xml,historical_results,/data_linux/Lab/highD-cr-scenarios/highD-repair/DEU_LocationAUpper-36_163_T-1.xml,148231,5d022044138383337c2408370d85badcd0a6daccd121c1128eb752359ddda275
DEU_LocationAUpper-36_164_T-1,scenarios/experiment_scenarios/highd/DEU_LocationAUpper-36_164_T-1.xml,historical_results,/data_linux/Lab/highD-cr-scenarios/highD-repair/DEU_LocationAUpper-36_164_T-1.xml,140185,bad16e854c1cc706ce5057e59e54f328442e54af5447d3690c9c8b066f03f19d
DEU_LocationAUpper-36_169_T-1,scenarios/experiment_scenarios/highd/DEU_LocationAUpper-36_169_T-1.xml,historical_results,/data_linux/Lab/highD-cr-scenarios/highD-repair/DEU_LocationAUpper-36_169_T-1.xml,203420,7618a5f44ae2dc9fcfdbe3511be3f54e8628212f70270f463a25c989416428fe
DEU_LocationAUpper-36_180_T-1,scenarios/experiment_scenarios/highd/DEU_LocationAUpper-36_180_T-1.xml,historical_results,/data_linux/Lab/highD-cr-scenarios/highD-repair/DEU_LocationAUpper-36_180_T-1.xml,115341,51a7dd9ccb8c4286e3d6824d53ed8beac310c322919dde22fac25101d4a834df
DEU_LocationAUpper-36_186_T-1,scenarios/experiment_scenarios/highd/DEU_LocationAUpper-36_186_T-1.xml,historical_results,/data_linux/Lab/highD-cr-scenarios/highD-repair/DEU_LocationAUpper-36_186_T-1.xml,99651,59f141890a729982e4a41edc24dcb9bdd26adaf555cdbabc60bbf0f815bfe6c8
DEU_LocationAUpper-36_187_T-1,scenarios/experiment_scenarios/highd/DEU_LocationAUpper-36_187_T-1.xml,historical_results,/data_linux/Lab/highD-cr-scenarios/highD-repair/DEU_LocationAUpper-36_187_T-1.xml,102790,ea42a3f6225f86c6bf1693ce6bf13c149d400c7ae7dbe3f62b80631c8c55d199
DEU_LocationAUpper-36_226_T-1,scenarios/experiment_scenarios/highd/DEU_LocationAUpper-36_226_T-1.xml,historical_results,/data_linux/Lab/highD-cr-scenarios/highD-repair/DEU_LocationAUpper-36_226_T-1.xml,117705,fa49cfad2a3c06dfef344554bd15225895143c2e1adcf9cd87a97d930086e59b
DEU_LocationAUpper-36_235_T-1,scenarios/experiment_scenarios/highd/DEU_LocationAUpper-36_235_T-1.xml,historical_results,/data_linux/Lab/highD-cr-scenarios/highD-repair/DEU_LocationAUpper-36_235_T-1.xml,161562,2281264392fd548587d072c9823a71ec24e23a65095553195d5dbe0b0ebc717d
DEU_LocationAUpper-36_238_T-1,scenarios/experiment_scenarios/highd/DEU_LocationAUpper-36_238_T-1.xml,historical_results,/data_linux/Lab/highD-cr-scenarios/highD-repair/DEU_LocationAUpper-36_238_T-1.xml,106619,7439a4fc3cfcf04d298d5a795ab91e98eed85cdc8a603d3bf58f70b1299e6026
DEU_LocationAUpper-36_239_T-1,scenarios/experiment_scenarios/highd/DEU_LocationAUpper-36_239_T-1.xml,historical_results,/data_linux/Lab/highD-cr-scenarios/highD-repair/DEU_LocationAUpper-36_239_T-1.xml,77059,8fc688f753c946803897842424a92fa5d8aec0377c4310b33355c36e43078471
DEU_LocationAUpper-36_240_T-1,scenarios/experiment_scenarios/highd/DEU_LocationAUpper-36_240_T-1.xml,historical_results,/data_linux/Lab/highD-cr-scenarios/highD-repair/DEU_LocationAUpper-36_240_T-1.xml,87516,be992dc928495e582137acbde0c227bda0fdb531e68f273e63f2190c1e0ad439
DEU_LocationAUpper-36_241_T-1,scenarios/experiment_scenarios/highd/DEU_LocationAUpper-36_241_T-1.xml,historical_results,/data_linux/Lab/highD-cr-scenarios/highD-repair/DEU_LocationAUpper-36_241_T-1.xml,83289,98db64e58eb0c4ed5bbb112522e07ae8010031f0d0fe94d7eb1aed1ae4f4cf7d
DEU_LocationAUpper-36_254_T-1,scenarios/experiment_scenarios/highd/DEU_LocationAUpper-36_254_T-1.xml,historical_results,/data_linux/Lab/highD-cr-scenarios/highD-repair/DEU_LocationAUpper-36_254_T-1.xml,144144,98086adf94716a66981e669163c9e7a8eb914efb2b18028d350293a54f5c55e2
DEU_LocationAUpper-36_255_T-1,scenarios/experiment_scenarios/highd/DEU_LocationAUpper-36_255_T-1.xml,historical_results,/data_linux/Lab/highD-cr-scenarios/highD-repair/DEU_LocationAUpper-36_255_T-1.xml,97255,5fdbbd2952570a503fd504f9ee938ebb90e1e51008111d1b4fc03328be0269d6
DEU_LocationAUpper-36_262_T-1,scenarios/experiment_scenarios/highd/DEU_LocationAUpper-36_262_T-1.xml,historical_results,/data_linux/Lab/highD-cr-scenarios/highD-repair/DEU_LocationAUpper-36_262_T-1.xml,204890,a26967b52330e0b752a310e1ec0b8417d9dd0edd96486f8b0219261518045130
DEU_LocationAUpper-36_263_T-1,scenarios/experiment_scenarios/highd/DEU_LocationAUpper-36_263_T-1.xml,historical_results,/data_linux/Lab/highD-cr-scenarios/highD-repair/DEU_LocationAUpper-36_263_T-1.xml,207864,a1d9d87b6321a07e2e463e6cd077982aa55feaed5b6c1a45ebd2aba83297d809
DEU_LocationAUpper-36_266_T-1,scenarios/experiment_scenarios/highd/DEU_LocationAUpper-36_266_T-1.xml,historical_results,/data_linux/Lab/highD-cr-scenarios/highD-repair/DEU_LocationAUpper-36_266_T-1.xml,217355,0dbd1ca34655090d129c5bb154588a9a04fdeaa68f859564af514828bf6be3f1
DEU_LocationAUpper-36_267_T-1,scenarios/experiment_scenarios/highd/DEU_LocationAUpper-36_267_T-1.xml,historical_results,/data_linux/Lab/highD-cr-scenarios/highD-repair/DEU_LocationAUpper-36_267_T-1.xml,202470,4b8ec9089470c78078f0d4e7ff48866e3ddc0b25806faab566c07a7cb33df312
DEU_LocationAUpper-36_26_T-1,scenarios/experiment_scenarios/highd/DEU_LocationAUpper-36_26_T-1.xml,historical_results,/data_linux/Lab/highD-cr-scenarios/highD-repair/DEU_LocationAUpper-36_26_T-1.xml,162188,e5389c7d49ee84522456ec0f9da6eeb88e306bd6b274e736b0bf96b92a5aa360
DEU_LocationAUpper-36_278_T-1,scenarios/experiment_scenarios/highd/DEU_LocationAUpper-36_278_T-1.xml,historical_results,/data_linux/Lab/highD-cr-scenarios/highD-repair/DEU_LocationAUpper-36_278_T-1.xml,170096,7ff142fd3e31cbe703155e794ea198c941054f06572f8ae11df4334b445f7612
DEU_LocationAUpper-36_281_T-1,scenarios/experiment_scenarios/highd/DEU_LocationAUpper-36_281_T-1.xml,historical_results,/data_linux/Lab/highD-cr-scenarios/highD-repair/DEU_LocationAUpper-36_281_T-1.xml,174293,724080fcd3b1f21b62f1ba3820576f2f3172e8c030ae4ff87cfd70f96bf53878
DEU_LocationAUpper-36_282_T-1,scenarios/experiment_scenarios/highd/DEU_LocationAUpper-36_282_T-1.xml,historical_results,/data_linux/Lab/highD-cr-scenarios/highD-repair/DEU_LocationAUpper-36_282_T-1.xml,150295,9d39be7d1eefe23823d371dc4bbd5e01bc25628ad5912e79a1443f9c8ecd73e9
DEU_LocationAUpper-36_283_T-1,scenarios/experiment_scenarios/highd/DEU_LocationAUpper-36_283_T-1.xml,historical_results,/data_linux/Lab/highD-cr-scenarios/highD-repair/DEU_LocationAUpper-36_283_T-1.xml,162719,6d6b00b036c07eb4df9e9135f2c835b6c99bbc2895b55f8e988fb33c899b3c5b
DEU_LocationAUpper-36_293_T-1,scenarios/experiment_scenarios/highd/DEU_LocationAUpper-36_293_T-1.xml,historical_results,/data_linux/Lab/highD-cr-scenarios/highD-repair/DEU_LocationAUpper-36_293_T-1.xml,206328,d4621320e1f85e87dce0426569525489bc6b452f5fcbf0a94f3b943523d78ccf
DEU_LocationAUpper-36_294_T-1,scenarios/experiment_scenarios/highd/DEU_LocationAUpper-36_294_T-1.xml,historical_results,/data_linux/Lab/highD-cr-scenarios/highD-repair/DEU_LocationAUpper-36_294_T-1.xml,203917,f1dc346d818dd5f74f7f465ad158b99e5d15d2e6dde17b1e6b168e8c6fb766b7
DEU_LocationAUpper-36_295_T-1,scenarios/experiment_scenarios/highd/DEU_LocationAUpper-36_295_T-1.xml,historical_results,/data_linux/Lab/highD-cr-scenarios/highD-repair/DEU_LocationAUpper-36_295_T-1.xml,207516,b4d06f831c39c5cb8cfb6f0ebfe780d77fab467ab8e6949bcedcc90db67059f6
DEU_LocationAUpper-36_296_T-1,scenarios/experiment_scenarios/highd/DEU_LocationAUpper-36_296_T-1.xml,historical_results,/data_linux/Lab/highD-cr-scenarios/highD-repair/DEU_LocationAUpper-36_296_T-1.xml,226361,194213f3147a62cf2764b1ac62a1ce07f69e25d51a3f465dfe2f6f8848a96979
DEU_LocationAUpper-36_298_T-1,scenarios/experiment_scenarios/highd/DEU_LocationAUpper-36_298_T-1.xml,historical_results,/data_linux/Lab/highD-cr-scenarios/highD-repair/DEU_LocationAUpper-36_298_T-1.xml,265936,d82e45c3a0a164b58f3dd6c3696db0646ea132a9b26e886ca4e93f6394a090cc
DEU_LocationAUpper-36_299_T-1,scenarios/experiment_scenarios/highd/DEU_LocationAUpper-36_299_T-1.xml,historical_results,/data_linux/Lab/highD-cr-scenarios/highD-repair/DEU_LocationAUpper-36_299_T-1.xml,293425,da04e3caf9a15bdf05171827971e55683b9688948cdd546a8d43561b8989fb8c
DEU_LocationAUpper-36_300_T-1,scenarios/experiment_scenarios/highd/DEU_LocationAUpper-36_300_T-1.xml,historical_results,/data_linux/Lab/highD-cr-scenarios/highD-repair/DEU_LocationAUpper-36_300_T-1.xml,335681,29391fe973c06b10d87838003aafb472a04a863bab3ddc791c13c053e5071553
DEU_LocationAUpper-36_33_T-1,scenarios/experiment_scenarios/highd/DEU_LocationAUpper-36_33_T-1.xml,historical_results,/data_linux/Lab/highD-cr-scenarios/highD-repair/DEU_LocationAUpper-36_33_T-1.xml,211683,51fca47004722967ab13daf1165e08fb83283199c88e457edfeb5e0a6db0a51d
DEU_LocationAUpper-36_34_T-1,scenarios/experiment_scenarios/highd/DEU_LocationAUpper-36_34_T-1.xml,historical_results,/data_linux/Lab/highD-cr-scenarios/highD-repair/DEU_LocationAUpper-36_34_T-1.xml,182304,4f8c144e7de9826ddc845e04f9bca905e64506c49a071102f07425123b8938f6
DEU_LocationAUpper-36_35_T-1,scenarios/experiment_scenarios/highd/DEU_LocationAUpper-36_35_T-1.xml,historical_results,/data_linux/Lab/highD-cr-scenarios/highD-repair/DEU_LocationAUpper-36_35_T-1.xml,166897,cf4bb61982eef29cca00c5e8a8d86f5eb8c929547e3a51b74ea13dcf095c814c
DEU_LocationAUpper-36_36_T-1,scenarios/experiment_scenarios/highd/DEU_LocationAUpper-36_36_T-1.xml,historical_results,/data_linux/Lab/highD-cr-scenarios/highD-repair/DEU_LocationAUpper-36_36_T-1.xml,182061,467f39bbc0810c181a5328ab05203c81412dfa38c3b684a825db96adaf234554
DEU_LocationAUpper-36_37_T-1,scenarios/experiment_scenarios/highd/DEU_LocationAUpper-36_37_T-1.xml,historical_results,/data_linux/Lab/highD-cr-scenarios/highD-repair/DEU_LocationAUpper-36_37_T-1.xml,169628,74f7fa37a77f7481ce2827fefdc5d69699e5f6a774a5319149cb4551657491c3
DEU_LocationAUpper-36_38_T-1,scenarios/experiment_scenarios/highd/DEU_LocationAUpper-36_38_T-1.xml,historical_results,/data_linux/Lab/highD-cr-scenarios/highD-repair/DEU_LocationAUpper-36_38_T-1.xml,179748,790076c9ce557d2aeb0e3e987a51c409bb47c8dbffdb7077d2b2376917687312
DEU_LocationAUpper-36_39_T-1,scenarios/experiment_scenarios/highd/DEU_LocationAUpper-36_39_T-1.xml,historical_results,/data_linux/Lab/highD-cr-scenarios/highD-repair/DEU_LocationAUpper-36_39_T-1.xml,180128,b5ba9e212a499248245ba7b2c92151f97415239f1cfec593a8ff7254a007c9e6
DEU_LocationAUpper-36_41_T-1,scenarios/experiment_scenarios/highd/DEU_LocationAUpper-36_41_T-1.xml,historical_results,/data_linux/Lab/highD-cr-scenarios/highD-repair/DEU_LocationAUpper-36_41_T-1.xml,177293,bcaba6584487fd09e77459b88fe6c651a623672f712a8267de862892e939fb15
DEU_LocationAUpper-36_42_T-1,scenarios/experiment_scenarios/highd/DEU_LocationAUpper-36_42_T-1.xml,historical_results,/data_linux/Lab/highD-cr-scenarios/highD-repair/DEU_LocationAUpper-36_42_T-1.xml,168322,22d379c41cf46cd0cd9fe11dff50f54c76b4ae7bd374f0103dee230c08e0f358
DEU_LocationAUpper-36_43_T-1,scenarios/experiment_scenarios/highd/DEU_LocationAUpper-36_43_T-1.xml,historical_results,/data_linux/Lab/highD-cr-scenarios/highD-repair/DEU_LocationAUpper-36_43_T-1.xml,155847,edf69afe3f4f6c1292346e92f721521a6d996ab6d880bea98ca828ad3f0632ca
DEU_LocationAUpper-36_44_T-1,scenarios/experiment_scenarios/highd/DEU_LocationAUpper-36_44_T-1.xml,historical_results,/data_linux/Lab/highD-cr-scenarios/highD-repair/DEU_LocationAUpper-36_44_T-1.xml,165602,dd50aec44deff97155c6c7a2777ba09fcfedf0afe6ab29e4825cad7c290660fa
DEU_LocationAUpper-36_45_T-1,scenarios/experiment_scenarios/highd/DEU_LocationAUpper-36_45_T-1.xml,historical_results,/data_linux/Lab/highD-cr-scenarios/highD-repair/DEU_LocationAUpper-36_45_T-1.xml,135879,03871d59b41a4d43f3b789d8c25833de1d25b223694492f0687e3dc97f527995
DEU_LocationAUpper-36_46_T-1,scenarios/experiment_scenarios/highd/DEU_LocationAUpper-36_46_T-1.xml,historical_results,/data_linux/Lab/highD-cr-scenarios/highD-repair/DEU_LocationAUpper-36_46_T-1.xml,92796,40d634c2502d318628228673ec59a06b41e68c423d1031bffe5ee86537b84551
DEU_LocationAUpper-36_48_T-1,scenarios/experiment_scenarios/highd/DEU_LocationAUpper-36_48_T-1.xml,historical_results,/data_linux/Lab/highD-cr-scenarios/highD-repair/DEU_LocationAUpper-36_48_T-1.xml,126926,8b5385097d064d77c86d6ac26b2af705848bf30acf884a785f145eeba0b78466
DEU_LocationAUpper-36_49_T-1,scenarios/experiment_scenarios/highd/DEU_LocationAUpper-36_49_T-1.xml,historical_results,/data_linux/Lab/highD-cr-scenarios/highD-repair/DEU_LocationAUpper-36_49_T-1.xml,142264,4f3af081213aea5a02d64d8bfef96c83d5418b7497be87b13a1eba7796b16f19
DEU_LocationAUpper-36_8_T-1,scenarios/experiment_scenarios/highd/DEU_LocationAUpper-36_8_T-1.xml,historical_results,/data_linux/Lab/highD-cr-scenarios/highD-repair/DEU_LocationAUpper-36_8_T-1.xml,194723,3565bb2cc2277359d79a5b7b5fd9dd266e543c176222a9b63cd8de2ad91522cb
DEU_LocationAUpper-39_173_T-1,scenarios/experiment_scenarios/highd/DEU_LocationAUpper-39_173_T-1.xml,historical_results,/data_linux/Lab/highD-cr-scenarios/highD-repair/DEU_LocationAUpper-39_173_T-1.xml,162436,4a411450f11c82cdb1401ac1a57b9f87c36d294b2851b899811719a3bd332838
DEU_LocationAUpper-39_183_T-1,scenarios/experiment_scenarios/highd/DEU_LocationAUpper-39_183_T-1.xml,historical_results,/data_linux/Lab/highD-cr-scenarios/highD-repair/DEU_LocationAUpper-39_183_T-1.xml,177121,ae9164b59413d62a1ff425550bff472a48737eac0b78821f5189785a97007f95
DEU_LocationAUpper-40_141_T-1,scenarios/experiment_scenarios/highd/DEU_LocationAUpper-40_141_T-1.xml,historical_results,/data_linux/Lab/highD-cr-scenarios/highD-repair/DEU_LocationAUpper-40_141_T-1.xml,119679,18a40fd2fad527bda497ecd9b160bab24491eacf48ef22bb47a6550c02a63082
DEU_LocationAUpper-40_239_T-1,scenarios/experiment_scenarios/highd/DEU_LocationAUpper-40_239_T-1.xml,historical_results,/data_linux/Lab/highD-cr-scenarios/highD-repair/DEU_LocationAUpper-40_239_T-1.xml,150045,936ac219570ab40505d6323cede043131cfb129f2cd4d3b2d4380231e8e12eec
DEU_LocationAUpper-40_33_T-1,scenarios/experiment_scenarios/highd/DEU_LocationAUpper-40_33_T-1.xml,historical_results,/data_linux/Lab/highD-cr-scenarios/highD-repair/DEU_LocationAUpper-40_33_T-1.xml,124469,ef94f5b29cf1c84d5733355a70880ffd795b3e95353cb9d2a1e221b65ee04d6a
DEU_LocationAUpper-43_223_T-1,scenarios/experiment_scenarios/highd/DEU_LocationAUpper-43_223_T-1.xml,historical_results,/data_linux/Lab/highD-cr-scenarios/highD-repair/DEU_LocationAUpper-43_223_T-1.xml,131375,0d2258899fecf0dd621f5edae3138fd82da73244bd1c39796b6009de8f8e2591
DEU_LocationAUpper-45_54_T-1,scenarios/experiment_scenarios/highd/DEU_LocationAUpper-45_54_T-1.xml,historical_results,/data_linux/Lab/highD-cr-scenarios/highD-repair/DEU_LocationAUpper-45_54_T-1.xml,143284,4ab2520131a3c2f134b1bbc64c39d31706d02d4d1a98b954190fd572f3bb2453
DEU_AachenBendplatz-1_101000_T-1019,scenarios/experiment_scenarios/ind_13/DEU_AachenBendplatz-1_101000_T-1019.xml,historical_results,/data_linux/Lab/highD-cr-scenarios/13_inD/scenarios/DEU_AachenBendplatz-1_101000_T-1019.xml,120283,9a4574e63f0e45a5751159af8bd7519648bc3690c34cc00c12640bf7fe7df3f4
DEU_AachenBendplatz-1_10100_T-119,scenarios/experiment_scenarios/ind_13/DEU_AachenBendplatz-1_10100_T-119.xml,historical_results,/data_linux/Lab/highD-cr-scenarios/13_inD/scenarios/DEU_AachenBendplatz-1_10100_T-119.xml,141784,d945b93f70115efdf3f964482b88388ef12feb40c86d28fbc1e43ec9649b8126
DEU_AachenBendplatz-1_101020_T-1039,scenarios/experiment_scenarios/ind_13/DEU_AachenBendplatz-1_101020_T-1039.xml,historical_results,/data_linux/Lab/highD-cr-scenarios/13_inD/scenarios/DEU_AachenBendplatz-1_101020_T-1039.xml,116713,3066fcff73747530470701e6289f8b6e22681fa82c75dc1fb4802faa52fa6001
DEU_AachenBendplatz-1_10460_T-479,scenarios/experiment_scenarios/ind_13/DEU_AachenBendplatz-1_10460_T-479.xml,historical_results,/data_linux/Lab/highD-cr-scenarios/13_inD/scenarios/DEU_AachenBendplatz-1_10460_T-479.xml,182538,b0062367e3ae6a867c0b857c9518f7bb55e7c7a2c673ce78bc7beaca621530b0
DEU_AachenBendplatz-1_10960_T-979,scenarios/experiment_scenarios/ind_13/DEU_AachenBendplatz-1_10960_T-979.xml,historical_results,/data_linux/Lab/highD-cr-scenarios/13_inD/scenarios/DEU_AachenBendplatz-1_10960_T-979.xml,158593,1f767e48e76a8d17f4f5c5afe0d4767d6c1b4fa2cd51669896bc8f48284ec6a4
DEU_AachenBendplatz-1_112900_T-2919,scenarios/experiment_scenarios/ind_13/DEU_AachenBendplatz-1_112900_T-2919.xml,historical_results,/data_linux/Lab/highD-cr-scenarios/13_inD/scenarios/DEU_AachenBendplatz-1_112900_T-2919.xml,148526,d61029b888057fffa723db739304cf5de2cc92c6fa08dc39ec3a2e7758dd9b85
DEU_AachenBendplatz-1_112920_T-2939,scenarios/experiment_scenarios/ind_13/DEU_AachenBendplatz-1_112920_T-2939.xml,historical_results,/data_linux/Lab/highD-cr-scenarios/13_inD/scenarios/DEU_AachenBendplatz-1_112920_T-2939.xml,141925,f7bda91da072ceea9f6861fa420a7b964c4f40c1edc24a213936e62176da8844
DEU_AachenBendplatz-1_113540_T-3559,scenarios/experiment_scenarios/ind_13/DEU_AachenBendplatz-1_113540_T-3559.xml,historical_results,/data_linux/Lab/highD-cr-scenarios/13_inD/scenarios/DEU_AachenBendplatz-1_113540_T-3559.xml,182087,8012ca192d1b7ebffbdab90031854283d8fb3f9937aa1d02afb9ed3a90259811
DEU_AachenBendplatz-1_11620_T-639,scenarios/experiment_scenarios/ind_13/DEU_AachenBendplatz-1_11620_T-639.xml,historical_results,/data_linux/Lab/highD-cr-scenarios/13_inD/scenarios/DEU_AachenBendplatz-1_11620_T-639.xml,168965,ff23e21dd78d6a3312bdf2b0eae0b9299f54003e8c94914e98011f3570d92cf0
DEU_AachenBendplatz-1_121500_T-1519,scenarios/experiment_scenarios/ind_13/DEU_AachenBendplatz-1_121500_T-1519.xml,micp;sampling,/data_linux/Lab/highD-cr-scenarios/13_inD/scenarios/DEU_AachenBendplatz-1_121500_T-1519.xml,182163,a8d5fd290deb551d34d4d230965edb6ab34e03be19f22e28764ff5b99cb8dfe1
DEU_AachenBendplatz-1_122380_T-2399,scenarios/experiment_scenarios/ind_13/DEU_AachenBendplatz-1_122380_T-2399.xml,historical_results,/data_linux/Lab/highD-cr-scenarios/13_inD/scenarios/DEU_AachenBendplatz-1_122380_T-2399.xml,337007,0594e002d257d9a334fb5be86da1b20da40a295b2deb3a7eaf3126b28196b678
DEU_AachenBendplatz-1_122400_T-2419,scenarios/experiment_scenarios/ind_13/DEU_AachenBendplatz-1_122400_T-2419.xml,historical_results,/data_linux/Lab/highD-cr-scenarios/13_inD/scenarios/DEU_AachenBendplatz-1_122400_T-2419.xml,300686,0a8b3c3226859e27fa79bd2602b3ed01e5ff857ed64e8957c913f79b05193ec6
DEU_AachenBendplatz-1_123040_T-3059,scenarios/experiment_scenarios/ind_13/DEU_AachenBendplatz-1_123040_T-3059.xml,historical_results,/data_linux/Lab/highD-cr-scenarios/13_inD/scenarios/DEU_AachenBendplatz-1_123040_T-3059.xml,147645,c27e0314bb6ca8be11671daf52c355fcf4c99a5233846894e4d1a0684a4443d0
DEU_AachenBendplatz-1_123060_T-3079,scenarios/experiment_scenarios/ind_13/DEU_AachenBendplatz-1_123060_T-3079.xml,historical_results,/data_linux/Lab/highD-cr-scenarios/13_inD/scenarios/DEU_AachenBendplatz-1_123060_T-3079.xml,125951,526a05a8bf0554d81ac7ac1af921e3c788aef86fc87c17ed58662c911141a956
DEU_AachenBendplatz-1_123080_T-3099,scenarios/experiment_scenarios/ind_13/DEU_AachenBendplatz-1_123080_T-3099.xml,historical_results,/data_linux/Lab/highD-cr-scenarios/13_inD/scenarios/DEU_AachenBendplatz-1_123080_T-3099.xml,112468,59c47f3cd0ac8872da9a6d993c9d853e3ece8a627add03d07396856a669ba0e6
DEU_AachenBendplatz-1_124660_T-4679,scenarios/experiment_scenarios/ind_13/DEU_AachenBendplatz-1_124660_T-4679.xml,historical_results,/data_linux/Lab/highD-cr-scenarios/13_inD/scenarios/DEU_AachenBendplatz-1_124660_T-4679.xml,167255,def294bddc5fe359793788ad86ef7c088188d83bbc162ae1a5b3106bdec8d56b
DEU_AachenBendplatz-1_124840_T-4859,scenarios/experiment_scenarios/ind_13/DEU_AachenBendplatz-1_124840_T-4859.xml,historical_results,/data_linux/Lab/highD-cr-scenarios/13_inD/scenarios/DEU_AachenBendplatz-1_124840_T-4859.xml,141463,2300c631b2b4c4e3bb310b7f2dfcedb5a83b9e7378c576c1609d29e79f40d623
DEU_AachenBendplatz-1_124860_T-4879,scenarios/experiment_scenarios/ind_13/DEU_AachenBendplatz-1_124860_T-4879.xml,historical_results,/data_linux/Lab/highD-cr-scenarios/13_inD/scenarios/DEU_AachenBendplatz-1_124860_T-4879.xml,145235,564454af61417b94c2f95b8766f712a3d955e3781f1e35e4e4d1cf578cdd096b
DEU_AachenBendplatz-1_12960_T-979,scenarios/experiment_scenarios/ind_13/DEU_AachenBendplatz-1_12960_T-979.xml,micp;sampling,/data_linux/Lab/highD-cr-scenarios/13_inD/scenarios/DEU_AachenBendplatz-1_12960_T-979.xml,208711,d767d1184b2b083163f10f1d36c33ccb5ae909f4ea3c325e69675b8dda47a72b
DEU_AachenBendplatz-1_132220_T-2239,scenarios/experiment_scenarios/ind_13/DEU_AachenBendplatz-1_132220_T-2239.xml,historical_results,/data_linux/Lab/highD-cr-scenarios/13_inD/scenarios/DEU_AachenBendplatz-1_132220_T-2239.xml,192397,945296c5f66a8b1b772e3a03b03e88ed7429cdc7148b79436118448f8981ebd9
DEU_AachenBendplatz-1_132900_T-2919,scenarios/experiment_scenarios/ind_13/DEU_AachenBendplatz-1_132900_T-2919.xml,micp;sampling,/data_linux/Lab/highD-cr-scenarios/13_inD/scenarios/DEU_AachenBendplatz-1_132900_T-2919.xml,200957,29377eb5a9574285a46ad4f83bb47433eb1939d9aa933879a3de706e4696b2f0
DEU_AachenBendplatz-1_134780_T-4799,scenarios/experiment_scenarios/ind_13/DEU_AachenBendplatz-1_134780_T-4799.xml,historical_results,/data_linux/Lab/highD-cr-scenarios/13_inD/scenarios/DEU_AachenBendplatz-1_134780_T-4799.xml,169165,ccc243206c4f37e116f312c22ae472a8db04aac62b2f18b6b1447827d18447e7
DEU_AachenBendplatz-1_134820_T-4839,scenarios/experiment_scenarios/ind_13/DEU_AachenBendplatz-1_134820_T-4839.xml,historical_results,/data_linux/Lab/highD-cr-scenarios/13_inD/scenarios/DEU_AachenBendplatz-1_134820_T-4839.xml,190238,41d8269ba3b7c14635b3c585acf81f854263923fd5aec90403843238ea335533
DEU_AachenBendplatz-1_141300_T-1319,scenarios/experiment_scenarios/ind_13/DEU_AachenBendplatz-1_141300_T-1319.xml,historical_results,/data_linux/Lab/highD-cr-scenarios/13_inD/scenarios/DEU_AachenBendplatz-1_141300_T-1319.xml,180629,472c757e31c48d392b8f2fe9e1d23d0d60fffbba39a08b09bee06498c9ea94e5
DEU_AachenBendplatz-1_141560_T-1579,scenarios/experiment_scenarios/ind_13/DEU_AachenBendplatz-1_141560_T-1579.xml,historical_results,/data_linux/Lab/highD-cr-scenarios/13_inD/scenarios/DEU_AachenBendplatz-1_141560_T-1579.xml,209165,cbddee2176e2d81a5ee5ad06ee03223a7985250303f5b345eb7c350a56ad4c49
DEU_AachenBendplatz-1_1420_T-39,scenarios/experiment_scenarios/ind_13/DEU_AachenBendplatz-1_1420_T-39.xml,historical_results,/data_linux/Lab/highD-cr-scenarios/13_inD/scenarios/DEU_AachenBendplatz-1_1420_T-39.xml,151042,68bbd0e920d482f2eaa03a3b10d53ee4578e781caf4d9b3b8eb9950f7121bf4c
DEU_AachenBendplatz-1_142140_T-2159,scenarios/experiment_scenarios/ind_13/DEU_AachenBendplatz-1_142140_T-2159.xml,historical_results,/data_linux/Lab/highD-cr-scenarios/13_inD/scenarios/DEU_AachenBendplatz-1_142140_T-2159.xml,183381,b07e8883c328d61a06631d1c01f3946e3ee9f8504c4908df905dc05d88ad9042
DEU_AachenBendplatz-1_142400_T-2419,scenarios/experiment_scenarios/ind_13/DEU_AachenBendplatz-1_142400_T-2419.xml,historical_results,/data_linux/Lab/highD-cr-scenarios/13_inD/scenarios/DEU_AachenBendplatz-1_142400_T-2419.xml,184767,79ffd9338a45b1fa4614dba5151172c9ce6d4251d350c19754ed2083512120e7
DEU_AachenBendplatz-1_143760_T-3779,scenarios/experiment_scenarios/ind_13/DEU_AachenBendplatz-1_143760_T-3779.xml,historical_results,/data_linux/Lab/highD-cr-scenarios/13_inD/scenarios/DEU_AachenBendplatz-1_143760_T-3779.xml,183917,4ddf0c95cdd6b5bf31857d38fd8130d569a5d3160bd65a511b2dc9689ebacd3d
DEU_AachenBendplatz-1_14520_T-539,scenarios/experiment_scenarios/ind_13/DEU_AachenBendplatz-1_14520_T-539.xml,historical_results,/data_linux/Lab/highD-cr-scenarios/13_inD/scenarios/DEU_AachenBendplatz-1_14520_T-539.xml,154192,0ec9677aee37977df1557938026c68f4f552ab4502d5a96f9b55ea2439eacb11
DEU_AachenBendplatz-1_152640_T-2659,scenarios/experiment_scenarios/ind_13/DEU_AachenBendplatz-1_152640_T-2659.xml,historical_results,/data_linux/Lab/highD-cr-scenarios/13_inD/scenarios/DEU_AachenBendplatz-1_152640_T-2659.xml,179833,e3398377c997bc869f2d235f79295b2979215c40b9d73d825fa250199c0f237b
DEU_AachenBendplatz-1_152880_T-2899,scenarios/experiment_scenarios/ind_13/DEU_AachenBendplatz-1_152880_T-2899.xml,historical_results,/data_linux/Lab/highD-cr-scenarios/13_inD/scenarios/DEU_AachenBendplatz-1_152880_T-2899.xml,213192,5ca7dcddc2eb6f2d29a4a8e11449c43cd4373758309b5028b1754ec6d4162539
DEU_AachenBendplatz-1_153020_T-3039,scenarios/experiment_scenarios/ind_13/DEU_AachenBendplatz-1_153020_T-3039.xml,historical_results,/data_linux/Lab/highD-cr-scenarios/13_inD/scenarios/DEU_AachenBendplatz-1_153020_T-3039.xml,178470,8ac661e7a27830c7090e94f31e09f810e850a2b0245ebc817ac2515b194720a2
DEU_AachenBendplatz-1_153480_T-3499,scenarios/experiment_scenarios/ind_13/DEU_AachenBendplatz-1_153480_T-3499.xml,historical_results,/data_linux/Lab/highD-cr-scenarios/13_inD/scenarios/DEU_AachenBendplatz-1_153480_T-3499.xml,167508,3b74880618457060ff208d352e3f10f6f0187bd5ea2ac32dcbaab24a3f074507
DEU_AachenBendplatz-1_161500_T-1519,scenarios/experiment_scenarios/ind_13/DEU_AachenBendplatz-1_161500_T-1519.xml,historical_results,/data_linux/Lab/highD-cr-scenarios/13_inD/scenarios/DEU_AachenBendplatz-1_161500_T-1519.xml,197837,0bc4c3638633ca80d646f32c5e04353b87b3b4222b14645681b17434aca706ee
DEU_AachenBendplatz-1_161640_T-1659,scenarios/experiment_scenarios/ind_13/DEU_AachenBendplatz-1_161640_T-1659.xml,historical_results,/data_linux/Lab/highD-cr-scenarios/13_inD/scenarios/DEU_AachenBendplatz-1_161640_T-1659.xml,169151,d90bbbd8e8ecf714b0d20ceb8ae4216a4eb1cb7ec57c2d06383bfa7b4e120c9c
DEU_AachenBendplatz-1_163120_T-3139,scenarios/experiment_scenarios/ind_13/DEU_AachenBendplatz-1_163120_T-3139.xml,historical_results,/data_linux/Lab/highD-cr-scenarios/13_inD/scenarios/DEU_AachenBendplatz-1_163120_T-3139.xml,182133,e6726527fa39f4d20ba7b31c083bb6870c0ea9777eed9ac914a8b439574f965b
DEU_AachenBendplatz-1_164500_T-4519,scenarios/experiment_scenarios/ind_13/DEU_AachenBendplatz-1_164500_T-4519.xml,historical_results,/data_linux/Lab/highD-cr-scenarios/13_inD/scenarios/DEU_AachenBendplatz-1_164500_T-4519.xml,190546,bae3f8ce539171d1490827bd09c63c4c68954057b7daa133c4bba295b305117f
DEU_AachenBendplatz-1_164960_T-4979,scenarios/experiment_scenarios/ind_13/DEU_AachenBendplatz-1_164960_T-4979.xml,historical_results,/data_linux/Lab/highD-cr-scenarios/13_inD/scenarios/DEU_AachenBendplatz-1_164960_T-4979.xml,217943,12b5a3abc937d8ebca78c3bd973383108e5a0f56bf13e11da82592f1187cfb60
DEU_AachenBendplatz-1_16660_T-679,scenarios/experiment_scenarios/ind_13/DEU_AachenBendplatz-1_16660_T-679.xml,historical_results,/data_linux/Lab/highD-cr-scenarios/13_inD/scenarios/DEU_AachenBendplatz-1_16660_T-679.xml,217816,12cdf646fac1c8cd81f41eb4ab2cde86c5179f303fe8ec2e1c6b0c12b630a5ca
DEU_AachenBendplatz-1_171860_T-1879,scenarios/experiment_scenarios/ind_13/DEU_AachenBendplatz-1_171860_T-1879.xml,historical_results,/data_linux/Lab/highD-cr-scenarios/13_inD/scenarios/DEU_AachenBendplatz-1_171860_T-1879.xml,187537,1a5d2bd6cbe4d1a673d621382d6b10ce5884ba2e7f0fba2f592b0997d8ca14cc
DEU_AachenBendplatz-1_171880_T-1899,scenarios/experiment_scenarios/ind_13/DEU_AachenBendplatz-1_171880_T-1899.xml,historical_results,/data_linux/Lab/highD-cr-scenarios/13_inD/scenarios/DEU_AachenBendplatz-1_171880_T-1899.xml,184359,0432b57bf4f89f7528751c5f764b7791aa623d93131b1eb04c631c7221e1a99e
DEU_AachenBendplatz-1_172040_T-2059,scenarios/experiment_scenarios/ind_13/DEU_AachenBendplatz-1_172040_T-2059.xml,historical_results,/data_linux/Lab/highD-cr-scenarios/13_inD/scenarios/DEU_AachenBendplatz-1_172040_T-2059.xml,259122,a294a65d2d66f21d9755e37bffd33932cd0ac72d58cf4fbf226c8a218faaf25f
DEU_AachenBendplatz-1_173040_T-3059,scenarios/experiment_scenarios/ind_13/DEU_AachenBendplatz-1_173040_T-3059.xml,historical_results,/data_linux/Lab/highD-cr-scenarios/13_inD/scenarios/DEU_AachenBendplatz-1_173040_T-3059.xml,264368,f441f1be07992c6e5c0acf31aa04232edb1e4e79b4e3b50a26c16a9d60ef11a5
DEU_AachenBendplatz-1_173280_T-3299,scenarios/experiment_scenarios/ind_13/DEU_AachenBendplatz-1_173280_T-3299.xml,historical_results,/data_linux/Lab/highD-cr-scenarios/13_inD/scenarios/DEU_AachenBendplatz-1_173280_T-3299.xml,207856,c840b81deea5f406e6f6c0a0cec04fcdb5469891a2b8a1d23b2a71f3e6acba80
DEU_AachenBendplatz-1_173300_T-3319,scenarios/experiment_scenarios/ind_13/DEU_AachenBendplatz-1_173300_T-3319.xml,historical_results,/data_linux/Lab/highD-cr-scenarios/13_inD/scenarios/DEU_AachenBendplatz-1_173300_T-3319.xml,210733,ac9b77854dbc54b55e42dd0202c6122644952029c4e10fd20e94468c5444fbc6
DEU_AachenBendplatz-1_175100_T-5119,scenarios/experiment_scenarios/ind_13/DEU_AachenBendplatz-1_175100_T-5119.xml,historical_results,/data_linux/Lab/highD-cr-scenarios/13_inD/scenarios/DEU_AachenBendplatz-1_175100_T-5119.xml,177226,c97eec8a4efd850882c889faa2955906246de841eb77f054e85fbaf9490d5584
DEU_AachenBendplatz-1_17720_T-739,scenarios/experiment_scenarios/ind_13/DEU_AachenBendplatz-1_17720_T-739.xml,historical_results,/data_linux/Lab/highD-cr-scenarios/13_inD/scenarios/DEU_AachenBendplatz-1_17720_T-739.xml,259873,b1a4429db0dc1af7c58081a57e7f5ea7f0cf87e8321e2a8cc4322a5298ec2823
DEU_AachenBendplatz-1_17740_T-759,scenarios/experiment_scenarios/ind_13/DEU_AachenBendplatz-1_17740_T-759.xml,historical_results,/data_linux/Lab/highD-cr-scenarios/13_inD/scenarios/DEU_AachenBendplatz-1_17740_T-759.xml,271278,0c342b7601090c2040f7c35070f38810238d9d298081700a6b57911e0030032c
DEU_AachenBendplatz-1_17760_T-779,scenarios/experiment_scenarios/ind_13/DEU_AachenBendplatz-1_17760_T-779.xml,historical_results,/data_linux/Lab/highD-cr-scenarios/13_inD/scenarios/DEU_AachenBendplatz-1_17760_T-779.xml,233690,7af1844fbe43fc531635ec5cfa15bafe1232ea133b6f8352a2d1f4f4533aaf01
DEU_AachenBendplatz-1_17880_T-899,scenarios/experiment_scenarios/ind_13/DEU_AachenBendplatz-1_17880_T-899.xml,historical_results,/data_linux/Lab/highD-cr-scenarios/13_inD/scenarios/DEU_AachenBendplatz-1_17880_T-899.xml,207173,17b840d692b171bcf7763ed91b9fe195b5f1045ab789e95deee2d187be72cf6d
DEU_AachenBendplatz-1_17900_T-919,scenarios/experiment_scenarios/ind_13/DEU_AachenBendplatz-1_17900_T-919.xml,historical_results,/data_linux/Lab/highD-cr-scenarios/13_inD/scenarios/DEU_AachenBendplatz-1_17900_T-919.xml,193189,74bb4bd0be6a4afc87c9c6c6eb0172767e2d5a17f65a053d4e33bf57e69087c7
DEU_AachenBendplatz-1_7200_T-219,scenarios/experiment_scenarios/ind_13/DEU_AachenBendplatz-1_7200_T-219.xml,historical_results,/data_linux/Lab/highD-cr-scenarios/13_inD/scenarios/DEU_AachenBendplatz-1_7200_T-219.xml,144059,9764ce5164cce21a27ba3daa22802ba728e45fde76936dcedffbe7455c87f758
DEU_AachenBendplatz-1_72780_T-2799,scenarios/experiment_scenarios/ind_13/DEU_AachenBendplatz-1_72780_T-2799.xml,historical_results,/data_linux/Lab/highD-cr-scenarios/13_inD/scenarios/DEU_AachenBendplatz-1_72780_T-2799.xml,133906,7f53168b0891fddf50bcd071ef808a8d79ec010857102b81cde3693fd27d358d
DEU_AachenBendplatz-1_83020_T-3039,scenarios/experiment_scenarios/ind_13/DEU_AachenBendplatz-1_83020_T-3039.xml,historical_results,/data_linux/Lab/highD-cr-scenarios/13_inD/scenarios/DEU_AachenBendplatz-1_83020_T-3039.xml,139834,a2771787f21db1104e1637e3f7948998f8f2b2ef5e19e49d0f97e85222fd27a4
DEU_AachenBendplatz-1_83040_T-3059,scenarios/experiment_scenarios/ind_13/DEU_AachenBendplatz-1_83040_T-3059.xml,historical_results,/data_linux/Lab/highD-cr-scenarios/13_inD/scenarios/DEU_AachenBendplatz-1_83040_T-3059.xml,137486,d8b4c832a3a73516142ec2fd0200066b10e08740269e25f70488300e167dfe45
DEU_AachenBendplatz-1_83360_T-3379,scenarios/experiment_scenarios/ind_13/DEU_AachenBendplatz-1_83360_T-3379.xml,historical_results,/data_linux/Lab/highD-cr-scenarios/13_inD/scenarios/DEU_AachenBendplatz-1_83360_T-3379.xml,182913,f5c4382c963e23c37ff6fe569d6df4887bf442ecb9042f7044c652b68fb7e354
DEU_AachenBendplatz-1_83660_T-3679,scenarios/experiment_scenarios/ind_13/DEU_AachenBendplatz-1_83660_T-3679.xml,historical_results,/data_linux/Lab/highD-cr-scenarios/13_inD/scenarios/DEU_AachenBendplatz-1_83660_T-3679.xml,159745,daa741d9dfc63f769d4b2d5a6b18eee34eaab686961dcb785c50c38c555db5fd
DEU_AachenBendplatz-1_83820_T-3839,scenarios/experiment_scenarios/ind_13/DEU_AachenBendplatz-1_83820_T-3839.xml,micp;sampling,/data_linux/Lab/highD-cr-scenarios/13_inD/scenarios/DEU_AachenBendplatz-1_83820_T-3839.xml,194811,6e1909fcad602bc5f3b375f63264036032fe2ae4e3cfbeb4254d919ba2de2b2a
DEU_AachenBendplatz-1_84280_T-4299,scenarios/experiment_scenarios/ind_13/DEU_AachenBendplatz-1_84280_T-4299.xml,micp;sampling,/data_linux/Lab/highD-cr-scenarios/13_inD/scenarios/DEU_AachenBendplatz-1_84280_T-4299.xml,195837,9e0bd62609254c4b4ca1db1d0b8f570c386977be99251c69c4bcea4aa0069e43
DEU_AachenBendplatz-1_84480_T-4499,scenarios/experiment_scenarios/ind_13/DEU_AachenBendplatz-1_84480_T-4499.xml,historical_results,/data_linux/Lab/highD-cr-scenarios/13_inD/scenarios/DEU_AachenBendplatz-1_84480_T-4499.xml,212724,519488f89e4d32c4b44c66c779542fc7afc21a26d9bc6d361fd4ebb9149885d5
DEU_AachenBendplatz-1_84800_T-4819,scenarios/experiment_scenarios/ind_13/DEU_AachenBendplatz-1_84800_T-4819.xml,historical_results,/data_linux/Lab/highD-cr-scenarios/13_inD/scenarios/DEU_AachenBendplatz-1_84800_T-4819.xml,146032,a8c8ddc48df27d9412e1301a962a458f70491c6b15fb1d8cc479accfe5e81e04
DEU_AachenBendplatz-1_91140_T-1159,scenarios/experiment_scenarios/ind_13/DEU_AachenBendplatz-1_91140_T-1159.xml,historical_results,/data_linux/Lab/highD-cr-scenarios/13_inD/scenarios/DEU_AachenBendplatz-1_91140_T-1159.xml,131911,ab6b6809f655fac3313661a7088fecc9e2a8a7b6d581721df061f14c0c392fbf
DEU_AachenBendplatz-1_91160_T-1179,scenarios/experiment_scenarios/ind_13/DEU_AachenBendplatz-1_91160_T-1179.xml,historical_results,/data_linux/Lab/highD-cr-scenarios/13_inD/scenarios/DEU_AachenBendplatz-1_91160_T-1179.xml,122152,21c59bf3d53df4711aa7966991f4218246f618a12cc0d3b30c3d8cd089e5d732
DEU_AachenBendplatz-1_93640_T-3659,scenarios/experiment_scenarios/ind_13/DEU_AachenBendplatz-1_93640_T-3659.xml,historical_results,/data_linux/Lab/highD-cr-scenarios/13_inD/scenarios/DEU_AachenBendplatz-1_93640_T-3659.xml,150461,ca0de006caf5f5d3e9072a54a73042d5f95ecbf59f1e19671ce4f6b9c50373e8
DEU_AachenBendplatz-1_9840_T-859,scenarios/experiment_scenarios/ind_13/DEU_AachenBendplatz-1_9840_T-859.xml,historical_results,/data_linux/Lab/highD-cr-scenarios/13_inD/scenarios/DEU_AachenBendplatz-1_9840_T-859.xml,138093,6f7d24e8048faff7caab5bd094a2cef6365494cb1e599800115a0fb9df7ff544
DEU_AachenFrankenburg-1_182100_T-2119,scenarios/experiment_scenarios/ind_13/DEU_AachenFrankenburg-1_182100_T-2119.xml,historical_results,/data_linux/Lab/highD-cr-scenarios/13_inD/scenarios/DEU_AachenFrankenburg-1_182100_T-2119.xml,355691,c642881dd5302ed2ff88a17582b094a50e74718d42b60a29f2e7c668b538070b
DEU_AachenFrankenburg-1_185000_T-5019,scenarios/experiment_scenarios/ind_13/DEU_AachenFrankenburg-1_185000_T-5019.xml,historical_results,/data_linux/Lab/highD-cr-scenarios/13_inD/scenarios/DEU_AachenFrankenburg-1_185000_T-5019.xml,334841,72492d751adb24a5beb5d8e1025f21132598dd670bfd6b4683757c4ad3393e2d
DEU_AachenFrankenburg-1_185560_T-5579,scenarios/experiment_scenarios/ind_13/DEU_AachenFrankenburg-1_185560_T-5579.xml,historical_results,/data_linux/Lab/highD-cr-scenarios/13_inD/scenarios/DEU_AachenFrankenburg-1_185560_T-5579.xml,415069,4ea1da75712472337645b7b71a20a631f9c594de2cfdbc6eb8ef12d4628ad7ad
DEU_AachenFrankenburg-1_193220_T-3239,scenarios/experiment_scenarios/ind_13/DEU_AachenFrankenburg-1_193220_T-3239.xml,historical_results,/data_linux/Lab/highD-cr-scenarios/13_inD/scenarios/DEU_AachenFrankenburg-1_193220_T-3239.xml,323289,68f8d57584bc618dd21fa7b99a3aac68cad7b460823fd48e0686f81af44c3915
DEU_AachenFrankenburg-1_19460_T-479,scenarios/experiment_scenarios/ind_13/DEU_AachenFrankenburg-1_19460_T-479.xml,historical_results,/data_linux/Lab/highD-cr-scenarios/13_inD/scenarios/DEU_AachenFrankenburg-1_19460_T-479.xml,429265,e65ad0c3857f64d7665b80d9ba2e8ac5af4e7e4bf323a702c40186bf980bef43
DEU_AachenFrankenburg-1_201060_T-1079,scenarios/experiment_scenarios/ind_13/DEU_AachenFrankenburg-1_201060_T-1079.xml,historical_results,/data_linux/Lab/highD-cr-scenarios/13_inD/scenarios/DEU_AachenFrankenburg-1_201060_T-1079.xml,394534,ae79f89c5fbe43cdfe9854707f75e33a8b91c1cbe285f576c1dbcd31a6f7eb69
DEU_AachenFrankenburg-1_201920_T-1939,scenarios/experiment_scenarios/ind_13/DEU_AachenFrankenburg-1_201920_T-1939.xml,micp;sampling,/data_linux/Lab/highD-cr-scenarios/13_inD/scenarios/DEU_AachenFrankenburg-1_201920_T-1939.xml,262169,40bdc9bc11242e0885f79b1c7aa745d330e919ec855d57327cc767a9f6856ebe
DEU_AachenFrankenburg-1_202940_T-2959,scenarios/experiment_scenarios/ind_13/DEU_AachenFrankenburg-1_202940_T-2959.xml,historical_results,/data_linux/Lab/highD-cr-scenarios/13_inD/scenarios/DEU_AachenFrankenburg-1_202940_T-2959.xml,342237,c05c80c870978fe09892051bb74c30b7ea05b442cdb24ca8a1b154be5a9ff718
DEU_AachenFrankenburg-1_203020_T-3039,scenarios/experiment_scenarios/ind_13/DEU_AachenFrankenburg-1_203020_T-3039.xml,historical_results,/data_linux/Lab/highD-cr-scenarios/13_inD/scenarios/DEU_AachenFrankenburg-1_203020_T-3039.xml,314343,28ab0c4127e3755c4190164fa73b255a84f43fb1d6cb1603db4bca108ccfcae8
DEU_AachenFrankenburg-1_20500_T-519,scenarios/experiment_scenarios/ind_13/DEU_AachenFrankenburg-1_20500_T-519.xml,historical_results,/data_linux/Lab/highD-cr-scenarios/13_inD/scenarios/DEU_AachenFrankenburg-1_20500_T-519.xml,309971,21977ba0d506c52f9c22a555219be5dfb0fe4372234249fedd8473d57ed15ecc
DEU_AachenFrankenburg-1_206020_T-6039,scenarios/experiment_scenarios/ind_13/DEU_AachenFrankenburg-1_206020_T-6039.xml,micp;sampling,/data_linux/Lab/highD-cr-scenarios/13_inD/scenarios/DEU_AachenFrankenburg-1_206020_T-6039.xml,335465,8fecb6b2240c9d4ff20a0bb6a368be338a8aec4d984638032afe895b5b505a0b
DEU_AachenFrankenburg-1_2120_T-39,scenarios/experiment_scenarios/ind_13/DEU_AachenFrankenburg-1_2120_T-39.xml,historical_results,/data_linux/Lab/highD-cr-scenarios/13_inD/scenarios/DEU_AachenFrankenburg-1_2120_T-39.xml,411464,bdb524d494b9e813f779929c6ed659daa2945950af9984db1046b7dd2538f05c
DEU_AachenFrankenburg-1_212980_T-2999,scenarios/experiment_scenarios/ind_13/DEU_AachenFrankenburg-1_212980_T-2999.xml,historical_results,/data_linux/Lab/highD-cr-scenarios/13_inD/scenarios/DEU_AachenFrankenburg-1_212980_T-2999.xml,359406,63c0b3dfab0fd190ff05d4302571e5b55a2bffc4152b8de7ac87c7af9bb25ece
DEU_AachenFrankenburg-1_214320_T-4339,scenarios/experiment_scenarios/ind_13/DEU_AachenFrankenburg-1_214320_T-4339.xml,micp;sampling,/data_linux/Lab/highD-cr-scenarios/13_inD/scenarios/DEU_AachenFrankenburg-1_214320_T-4339.xml,424678,f7ae93b6f5c26ad727ad107848222e36e6bcea52566fec1732a1ebbe12516ed8
DEU_AachenFrankenburg-1_214760_T-4779,scenarios/experiment_scenarios/ind_13/DEU_AachenFrankenburg-1_214760_T-4779.xml,historical_results,/data_linux/Lab/highD-cr-scenarios/13_inD/scenarios/DEU_AachenFrankenburg-1_214760_T-4779.xml,407328,b579a5d439c1e77cff0a8dbfb9b63bcc85e154a13305d4b136a562487157f211
DEU_AachenFrankenburg-1_215600_T-5619,scenarios/experiment_scenarios/ind_13/DEU_AachenFrankenburg-1_215600_T-5619.xml,historical_results,/data_linux/Lab/highD-cr-scenarios/13_inD/scenarios/DEU_AachenFrankenburg-1_215600_T-5619.xml,416552,94ed5519874d92e7fe1a8fc4607191880d172d23812226bc9fa9a152d45a503c
DEU_AachenFrankenburg-1_215780_T-5799,scenarios/experiment_scenarios/ind_13/DEU_AachenFrankenburg-1_215780_T-5799.xml,historical_results,/data_linux/Lab/highD-cr-scenarios/13_inD/scenarios/DEU_AachenFrankenburg-1_215780_T-5799.xml,429913,1b6a9eaaa190512c4d3597141b82d766292dc7122e0d57705dd21eac0cd9a152
DEU_AachenFrankenburg-1_220_T-19,scenarios/experiment_scenarios/ind_13/DEU_AachenFrankenburg-1_220_T-19.xml,historical_results,/data_linux/Lab/highD-cr-scenarios/13_inD/scenarios/DEU_AachenFrankenburg-1_220_T-19.xml,501449,8d0c56a6904ffbe9a71eb5128fb2eb7246026b916dfb888430627323923fbae0
DEU_AachenFrankenburg-1_221360_T-1379,scenarios/experiment_scenarios/ind_13/DEU_AachenFrankenburg-1_221360_T-1379.xml,historical_results,/data_linux/Lab/highD-cr-scenarios/13_inD/scenarios/DEU_AachenFrankenburg-1_221360_T-1379.xml,434581,d0fd39f78611f104763fc87266cae92637c3e0ba4cc47751696523f5f120985c
DEU_AachenFrankenburg-1_224740_T-4759,scenarios/experiment_scenarios/ind_13/DEU_AachenFrankenburg-1_224740_T-4759.xml,historical_results,/data_linux/Lab/highD-cr-scenarios/13_inD/scenarios/DEU_AachenFrankenburg-1_224740_T-4759.xml,400467,0331810afc3dfab86026127eaa0eb1b59e61cc95202105128324706f996f6b70
DEU_AachenFrankenburg-1_225720_T-5739,scenarios/experiment_scenarios/ind_13/DEU_AachenFrankenburg-1_225720_T-5739.xml,historical_results,/data_linux/Lab/highD-cr-scenarios/13_inD/scenarios/DEU_AachenFrankenburg-1_225720_T-5739.xml,482967,bb043abbb16dd402f2eb415628ddcc00c45ac90de17c7e22e5eb7dfc51d14b28
DEU_AachenFrankenburg-1_231280_T-1299,scenarios/experiment_scenarios/ind_13/DEU_AachenFrankenburg-1_231280_T-1299.xml,historical_results,/data_linux/Lab/highD-cr-scenarios/13_inD/scenarios/DEU_AachenFrankenburg-1_231280_T-1299.xml,429447,4f4269727f0c9a8c96dcbc4ae7627c2c7170c89f12af7259de77856c01704869
DEU_AachenFrankenburg-1_231880_T-1899,scenarios/experiment_scenarios/ind_13/DEU_AachenFrankenburg-1_231880_T-1899.xml,micp;sampling,/data_linux/Lab/highD-cr-scenarios/13_inD/scenarios/DEU_AachenFrankenburg-1_231880_T-1899.xml,473291,5e5d7b30afabe575f1126db7ff19f7d059229b75a9817c7e45eb470c1566b142
DEU_AachenFrankenburg-1_2320_T-39,scenarios/experiment_scenarios/ind_13/DEU_AachenFrankenburg-1_2320_T-39.xml,historical_results,/data_linux/Lab/highD-cr-scenarios/13_inD/scenarios/DEU_AachenFrankenburg-1_2320_T-39.xml,494495,79f24a3241b81a915f883940fdea1eabcb169f73733ba77909638e280c1baaa2
DEU_AachenFrankenburg-1_232220_T-2239,scenarios/experiment_scenarios/ind_13/DEU_AachenFrankenburg-1_232220_T-2239.xml,historical_results,/data_linux/Lab/highD-cr-scenarios/13_inD/scenarios/DEU_AachenFrankenburg-1_232220_T-2239.xml,485441,d042ba0a2f5aa6d2bdec80d82ecbc0f2b60e102e1e6afbca501c5311aad0c2f2
DEU_AachenFrankenburg-1_233140_T-3159,scenarios/experiment_scenarios/ind_13/DEU_AachenFrankenburg-1_233140_T-3159.xml,historical_results,/data_linux/Lab/highD-cr-scenarios/13_inD/scenarios/DEU_AachenFrankenburg-1_233140_T-3159.xml,402605,b58b332b6afcb1eb06485b837bd6d1c0e32f9d429396afdb306bc90ae10129e8
DEU_AachenFrankenburg-1_233960_T-3979,scenarios/experiment_scenarios/ind_13/DEU_AachenFrankenburg-1_233960_T-3979.xml,historical_results,/data_linux/Lab/highD-cr-scenarios/13_inD/scenarios/DEU_AachenFrankenburg-1_233960_T-3979.xml,414090,61c1b0a35aef70ae5cc5fb21a1e19d033ee8c722618753719b2130a384c775ee
DEU_AachenFrankenburg-1_236100_T-6119,scenarios/experiment_scenarios/ind_13/DEU_AachenFrankenburg-1_236100_T-6119.xml,historical_results,/data_linux/Lab/highD-cr-scenarios/13_inD/scenarios/DEU_AachenFrankenburg-1_236100_T-6119.xml,303682,085b79d2d881a0de4db32c52476d33e83daba8c38c7e80639ee1d96e82eb2358
DEU_AachenFrankenburg-1_241840_T-1859,scenarios/experiment_scenarios/ind_13/DEU_AachenFrankenburg-1_241840_T-1859.xml,historical_results,/data_linux/Lab/highD-cr-scenarios/13_inD/scenarios/DEU_AachenFrankenburg-1_241840_T-1859.xml,340363,3300732866858dd1803622e1fca7a5c8e9371d04738ff7c0a1a55b347cf7487b
DEU_AachenFrankenburg-1_241860_T-1879,scenarios/experiment_scenarios/ind_13/DEU_AachenFrankenburg-1_241860_T-1879.xml,historical_results,/data_linux/Lab/highD-cr-scenarios/13_inD/scenarios/DEU_AachenFrankenburg-1_241860_T-1879.xml,332296,4dd5d10885a52e0f607333fa7245cdff06a32e977397fdd74430c5494c78a659
DEU_AachenFrankenburg-1_243060_T-3079,scenarios/experiment_scenarios/ind_13/DEU_AachenFrankenburg-1_243060_T-3079.xml,historical_results,/data_linux/Lab/highD-cr-scenarios/13_inD/scenarios/DEU_AachenFrankenburg-1_243060_T-3079.xml,384038,f58dd0d0eee0b0879fd7243b7a5ac91a7fa915d60d0b549519867a6b18a4ea55
DEU_AachenFrankenburg-1_243280_T-3299,scenarios/experiment_scenarios/ind_13/DEU_AachenFrankenburg-1_243280_T-3299.xml,historical_results,/data_linux/Lab/highD-cr-scenarios/13_inD/scenarios/DEU_AachenFrankenburg-1_243280_T-3299.xml,308216,6370cf67d8f6bcf52a7e32d61650fcd694066388a38853a5e2bec6c5426c5ebd
DEU_AachenFrankenburg-1_25120_T-139,scenarios/experiment_scenarios/ind_13/DEU_AachenFrankenburg-1_25120_T-139.xml,historical_results,/data_linux/Lab/highD-cr-scenarios/13_inD/scenarios/DEU_AachenFrankenburg-1_25120_T-139.xml,334613,b5ee3e9dbfed03cf115d2c92fa261d8d5e51cf061623b8ebdff56c00dd1e1b2c
DEU_AachenFrankenburg-1_251220_T-1239,scenarios/experiment_scenarios/ind_13/DEU_AachenFrankenburg-1_251220_T-1239.xml,historical_results,/data_linux/Lab/highD-cr-scenarios/13_inD/scenarios/DEU_AachenFrankenburg-1_251220_T-1239.xml,321588,e880e72b048e720806ee44d0947681f080b1986cb6cd43571434c04f1bd22dad
DEU_AachenFrankenburg-1_2520_T-39,scenarios/experiment_scenarios/ind_13/DEU_AachenFrankenburg-1_2520_T-39.xml,historical_results,/data_linux/Lab/highD-cr-scenarios/13_inD/scenarios/DEU_AachenFrankenburg-1_2520_T-39.xml,348143,6650968c93f92f7a102de7f88c0120c1e839b218a4cf25b25a784cfc66352459
DEU_AachenFrankenburg-1_252240_T-2259,scenarios/experiment_scenarios/ind_13/DEU_AachenFrankenburg-1_252240_T-2259.xml,historical_results,/data_linux/Lab/highD-cr-scenarios/13_inD/scenarios/DEU_AachenFrankenburg-1_252240_T-2259.xml,384035,1af38ee3411bc1dbb52d5dd0e12b59c74673a2c69fe52a64eaa0cf9250e74655
DEU_AachenFrankenburg-1_252280_T-2299,scenarios/experiment_scenarios/ind_13/DEU_AachenFrankenburg-1_252280_T-2299.xml,historical_results,/data_linux/Lab/highD-cr-scenarios/13_inD/scenarios/DEU_AachenFrankenburg-1_252280_T-2299.xml,366208,b3a503999bf7707b196572553d3730e2b0115fc2ec7879083cb602301a6afa96
DEU_AachenFrankenburg-1_252340_T-2359,scenarios/experiment_scenarios/ind_13/DEU_AachenFrankenburg-1_252340_T-2359.xml,micp;sampling,/data_linux/Lab/highD-cr-scenarios/13_inD/scenarios/DEU_AachenFrankenburg-1_252340_T-2359.xml,292210,fb677b2544842f58a65a5744de27179dfe891309b8cabab7c7b895b845997571
DEU_AachenFrankenburg-1_253080_T-3099,scenarios/experiment_scenarios/ind_13/DEU_AachenFrankenburg-1_253080_T-3099.xml,historical_results,/data_linux/Lab/highD-cr-scenarios/13_inD/scenarios/DEU_AachenFrankenburg-1_253080_T-3099.xml,332595,8adf9638b9bf8933cd80e92f724a0f8f65d05359fabd0448e353572f56da8ee2
DEU_AachenFrankenburg-1_256160_T-6179,scenarios/experiment_scenarios/ind_13/DEU_AachenFrankenburg-1_256160_T-6179.xml,historical_results,/data_linux/Lab/highD-cr-scenarios/13_inD/scenarios/DEU_AachenFrankenburg-1_256160_T-6179.xml,331492,4c336b57a7afbd60cd3cb1181699d907ae1932508ec40778ce96a7ce6d815a63
DEU_AachenFrankenburg-1_261100_T-1119,scenarios/experiment_scenarios/ind_13/DEU_AachenFrankenburg-1_261100_T-1119.xml,historical_results,/data_linux/Lab/highD-cr-scenarios/13_inD/scenarios/DEU_AachenFrankenburg-1_261100_T-1119.xml,483990,8cecaeb95e105ebb0604eaaf703333d61f66b4196f77a8d5b943c10f93e9b5a3
DEU_AachenFrankenburg-1_262080_T-2099,scenarios/experiment_scenarios/ind_13/DEU_AachenFrankenburg-1_262080_T-2099.xml,historical_results,/data_linux/Lab/highD-cr-scenarios/13_inD/scenarios/DEU_AachenFrankenburg-1_262080_T-2099.xml,438003,1b12b8fef285b36ad284d7d7dc7b27f43d19eda508717a308d97ef0e046d5575
DEU_AachenFrankenburg-1_262140_T-2159,scenarios/experiment_scenarios/ind_13/DEU_AachenFrankenburg-1_262140_T-2159.xml,historical_results,/data_linux/Lab/highD-cr-scenarios/13_inD/scenarios/DEU_AachenFrankenburg-1_262140_T-2159.xml,415797,0df6eb1b8c9ae54bc6e3ed0facd69b9ca43b436a5b2b4677e81e663b5adf38a4
DEU_AachenFrankenburg-1_262500_T-2519,scenarios/experiment_scenarios/ind_13/DEU_AachenFrankenburg-1_262500_T-2519.xml,historical_results,/data_linux/Lab/highD-cr-scenarios/13_inD/scenarios/DEU_AachenFrankenburg-1_262500_T-2519.xml,362778,a341c8f564f6b88a390cdbeecad709fc241f8c0134f66d870892fe3787aac6b2
DEU_AachenFrankenburg-1_263640_T-3659,scenarios/experiment_scenarios/ind_13/DEU_AachenFrankenburg-1_263640_T-3659.xml,historical_results,/data_linux/Lab/highD-cr-scenarios/13_inD/scenarios/DEU_AachenFrankenburg-1_263640_T-3659.xml,405485,e10e309a391d96c9bbd3001cde46668421a57c6a2efb53c37fe2cae85c6684c5
DEU_AachenFrankenburg-1_263760_T-3779,scenarios/experiment_scenarios/ind_13/DEU_AachenFrankenburg-1_263760_T-3779.xml,micp;sampling,/data_linux/Lab/highD-cr-scenarios/13_inD/scenarios/DEU_AachenFrankenburg-1_263760_T-3779.xml,476352,fb85724c333cf4cf0117217f5568202ac71a35d0c6fa74b53f9faddbf7583d16
DEU_AachenFrankenburg-1_26480_T-499,scenarios/experiment_scenarios/ind_13/DEU_AachenFrankenburg-1_26480_T-499.xml,historical_results,/data_linux/Lab/highD-cr-scenarios/13_inD/scenarios/DEU_AachenFrankenburg-1_26480_T-499.xml,531386,282122e6a7e016ccd8f6ebc05ee6598588bc9e594205b7d1079fb625f679d8a4
DEU_AachenFrankenburg-1_26540_T-559,scenarios/experiment_scenarios/ind_13/DEU_AachenFrankenburg-1_26540_T-559.xml,micp;sampling,/data_linux/Lab/highD-cr-scenarios/13_inD/scenarios/DEU_AachenFrankenburg-1_26540_T-559.xml,429302,c44f13ae74963b9788894f8775e7395907498388ef21163943611e75c745386b
DEU_AachenFrankenburg-1_266160_T-6179,scenarios/experiment_scenarios/ind_13/DEU_AachenFrankenburg-1_266160_T-6179.xml,historical_results,/data_linux/Lab/highD-cr-scenarios/13_inD/scenarios/DEU_AachenFrankenburg-1_266160_T-6179.xml,419182,4cf3edb9c5ff515ffb88de8a3eb8a0bdd6f3d4aee806ff2fe6e0728692e183a9
DEU_AachenFrankenburg-1_26620_T-639,scenarios/experiment_scenarios/ind_13/DEU_AachenFrankenburg-1_26620_T-639.xml,historical_results,/data_linux/Lab/highD-cr-scenarios/13_inD/scenarios/DEU_AachenFrankenburg-1_26620_T-639.xml,412890,d44c688c116e5caf24ecff4de38446519ff1c9da85bff5572cd98ce5ea8b01b9
DEU_AachenFrankenburg-1_27200_T-219,scenarios/experiment_scenarios/ind_13/DEU_AachenFrankenburg-1_27200_T-219.xml,historical_results,/data_linux/Lab/highD-cr-scenarios/13_inD/scenarios/DEU_AachenFrankenburg-1_27200_T-219.xml,455074,678ea16e9d52612c6e2234c92c0aa0656ef7db1bf91e65e01ac71361dc161164
DEU_AachenFrankenburg-1_27900_T-919,scenarios/experiment_scenarios/ind_13/DEU_AachenFrankenburg-1_27900_T-919.xml,historical_results,/data_linux/Lab/highD-cr-scenarios/13_inD/scenarios/DEU_AachenFrankenburg-1_27900_T-919.xml,449476,348de7dab6f2058d355487f8dba3f46d26a6f75bf6fc8ffacad29cb1a16298ef
DEU_AachenFrankenburg-1_281480_T-1499,scenarios/experiment_scenarios/ind_13/DEU_AachenFrankenburg-1_281480_T-1499.xml,historical_results,/data_linux/Lab/highD-cr-scenarios/13_inD/scenarios/DEU_AachenFrankenburg-1_281480_T-1499.xml,481572,b856be92b2499a0f9828d2f4548105cccb2017f8b8cd9871864f15772c1d2042
DEU_AachenFrankenburg-1_281600_T-1619,scenarios/experiment_scenarios/ind_13/DEU_AachenFrankenburg-1_281600_T-1619.xml,historical_results,/data_linux/Lab/highD-cr-scenarios/13_inD/scenarios/DEU_AachenFrankenburg-1_281600_T-1619.xml,453886,f030128c85181b1bfc47fb917fbc544b35c4f2be2a06d98c896d15cbc3c3f450
DEU_AachenFrankenburg-1_285260_T-5279,scenarios/experiment_scenarios/ind_13/DEU_AachenFrankenburg-1_285260_T-5279.xml,historical_results,/data_linux/Lab/highD-cr-scenarios/13_inD/scenarios/DEU_AachenFrankenburg-1_285260_T-5279.xml,446267,caf299a283893a99e653248304d46c40ca56849a05a30d4b721ef13a7155da4c
DEU_AachenFrankenburg-1_286240_T-6259,scenarios/experiment_scenarios/ind_13/DEU_AachenFrankenburg-1_286240_T-6259.xml,historical_results,/data_linux/Lab/highD-cr-scenarios/13_inD/scenarios/DEU_AachenFrankenburg-1_286240_T-6259.xml,369788,7cd1dd1709f984cbe11a3e1cc93795ab1e900a0a428b38ac2d286933bf8118a8
DEU_AachenFrankenburg-1_291080_T-1099,scenarios/experiment_scenarios/ind_13/DEU_AachenFrankenburg-1_291080_T-1099.xml,micp;sampling,/data_linux/Lab/highD-cr-scenarios/13_inD/scenarios/DEU_AachenFrankenburg-1_291080_T-1099.xml,437169,1f0b81a54c432b8a3d56a090d4308ff9de8520c905f94563c0cffdd808ee8002
DEU_AachenFrankenburg-1_291980_T-1999,scenarios/experiment_scenarios/ind_13/DEU_AachenFrankenburg-1_291980_T-1999.xml,historical_results,/data_linux/Lab/highD-cr-scenarios/13_inD/scenarios/DEU_AachenFrankenburg-1_291980_T-1999.xml,515479,1d2ca88f82c57031fcf05cac618bcbb578c48c2c48f2de3825e76d70af752711
DEU_AachenFrankenburg-1_293400_T-3419,scenarios/experiment_scenarios/ind_13/DEU_AachenFrankenburg-1_293400_T-3419.xml,historical_results,/data_linux/Lab/highD-cr-scenarios/13_inD/scenarios/DEU_AachenFrankenburg-1_293400_T-3419.xml,478462,b57a8146475e11773834bc0a07a7cf826775577403be0f82660efa19b36c0276
DEU_AachenFrankenburg-1_293940_T-3959,scenarios/experiment_scenarios/ind_13/DEU_AachenFrankenburg-1_293940_T-3959.xml,historical_results,/data_linux/Lab/highD-cr-scenarios/13_inD/scenarios/DEU_AachenFrankenburg-1_293940_T-3959.xml,524975,cd3a420e9807fe3663f0fe9797b40f7b762ca3a931cc4124d224a19a6b5f1528
DEU_AachenFrankenburg-1_294020_T-4039,scenarios/experiment_scenarios/ind_13/DEU_AachenFrankenburg-1_294020_T-4039.xml,micp;sampling,/data_linux/Lab/highD-cr-scenarios/13_inD/scenarios/DEU_AachenFrankenburg-1_294020_T-4039.xml,494012,64da5259da5c6da194bfbf4ee519982ceafb234a2f12a79e888c35415763157b
DEU_AachenFrankenburg-1_294460_T-4479,scenarios/experiment_scenarios/ind_13/DEU_AachenFrankenburg-1_294460_T-4479.xml,historical_results,/data_linux/Lab/highD-cr-scenarios/13_inD/scenarios/DEU_AachenFrankenburg-1_294460_T-4479.xml,494761,eabb392dd4ee58fa4574af0dba7c8af0cf13335a8ef149201878712f6cb32f6a
DEU_AachenFrankenburg-1_294480_T-4499,scenarios/experiment_scenarios/ind_13/DEU_AachenFrankenburg-1_294480_T-4499.xml,historical_results,/data_linux/Lab/highD-cr-scenarios/13_inD/scenarios/DEU_AachenFrankenburg-1_294480_T-4499.xml,506707,8f2b5e667a6a8584395718aff33aa4867958ee0ab680f127ddac932b0045f44e
DEU_AachenFrankenburg-1_295460_T-5479,scenarios/experiment_scenarios/ind_13/DEU_AachenFrankenburg-1_295460_T-5479.xml,historical_results,/data_linux/Lab/highD-cr-scenarios/13_inD/scenarios/DEU_AachenFrankenburg-1_295460_T-5479.xml,447742,9f2e0e251e64946b8d2e71ff38401730c83e527b12f47272f2ea319fa935cdd6
DEU_AachenFrankenburg-1_295880_T-5899,scenarios/experiment_scenarios/ind_13/DEU_AachenFrankenburg-1_295880_T-5899.xml,micp;sampling,/data_linux/Lab/highD-cr-scenarios/13_inD/scenarios/DEU_AachenFrankenburg-1_295880_T-5899.xml,520813,07a6d16fc2425b92cb7074f792ea474911acac1fb0ea065554bb0d0b97c5d09f
DEU_AachenHeckstrasse-1_312080_T-2099,scenarios/experiment_scenarios/ind_13/DEU_AachenHeckstrasse-1_312080_T-2099.xml,historical_results,/data_linux/Lab/highD-cr-scenarios/13_inD/scenarios/DEU_AachenHeckstrasse-1_312080_T-2099.xml,192737,d1c649b1afed1c0b6258cd786e02fb34b5e53b1fa4b663e84e0e0a354f4996d7
DEU_AachenHeckstrasse-1_313540_T-3559,scenarios/experiment_scenarios/ind_13/DEU_AachenHeckstrasse-1_313540_T-3559.xml,historical_results,/data_linux/Lab/highD-cr-scenarios/13_inD/scenarios/DEU_AachenHeckstrasse-1_313540_T-3559.xml,196528,04e2a5a7b2065ae6f81519382eb49de5c547949ddea818409ed84681c0de778f
DEU_AachenBendplatz-1_102160_T-2179,scenarios/experiment_scenarios/ind_2024/DEU_AachenBendplatz-1_102160_T-2179.xml,micp;sampling,/data_linux/Lab/highD-cr-scenarios/ind_scenarios_2024/DEU_AachenBendplatz-1_102160_T-2179.xml,224595,339979f668f25edfc9e511b8e6f070fdfe474a3d0b5488d7dcd763506a789697
DEU_AachenBendplatz-1_102320_T-2339,scenarios/experiment_scenarios/ind_2024/DEU_AachenBendplatz-1_102320_T-2339.xml,micp;sampling,/data_linux/Lab/highD-cr-scenarios/ind_scenarios_2024/DEU_AachenBendplatz-1_102320_T-2339.xml,152047,bf4f9280bcbb2035ca04ffca70259f1f1ed7ea9dc1d42d8f8afd992e27afbc91
DEU_AachenBendplatz-1_10700_T-719,scenarios/experiment_scenarios/ind_2024/DEU_AachenBendplatz-1_10700_T-719.xml,micp;sampling,/data_linux/Lab/highD-cr-scenarios/ind_scenarios_2024/DEU_AachenBendplatz-1_10700_T-719.xml,152856,d43b66d73ff21317faa6149b2f37807ce6482872ffb9952630cf865648b23e2a
DEU_AachenBendplatz-1_113760_T-3779,scenarios/experiment_scenarios/ind_2024/DEU_AachenBendplatz-1_113760_T-3779.xml,micp;sampling,/data_linux/Lab/highD-cr-scenarios/ind_scenarios_2024/DEU_AachenBendplatz-1_113760_T-3779.xml,201039,944964c50937e2d947386fb5da2d990f4772ae76057a4445a083df8a06005360
DEU_AachenBendplatz-1_113780_T-3799,scenarios/experiment_scenarios/ind_2024/DEU_AachenBendplatz-1_113780_T-3799.xml,micp;sampling,/data_linux/Lab/highD-cr-scenarios/ind_scenarios_2024/DEU_AachenBendplatz-1_113780_T-3799.xml,193402,b7eeb35662a479547754371f4a154f6a08b90654337f76290a8c9eac36f3eff4
DEU_AachenBendplatz-1_11500_T-519,scenarios/experiment_scenarios/ind_2024/DEU_AachenBendplatz-1_11500_T-519.xml,micp;sampling,/data_linux/Lab/highD-cr-scenarios/ind_scenarios_2024/DEU_AachenBendplatz-1_11500_T-519.xml,160854,92e35c3ba586f7ee2404c4f9f83ba940ee8242e254dc07f99d0cc3690ef8478b
DEU_AachenBendplatz-1_122260_T-2279,scenarios/experiment_scenarios/ind_2024/DEU_AachenBendplatz-1_122260_T-2279.xml,micp;sampling,/data_linux/Lab/highD-cr-scenarios/ind_scenarios_2024/DEU_AachenBendplatz-1_122260_T-2279.xml,215810,ce38e010e6b945f1e0b0937985b2a994bc06474bb8fe27d1d873585ab3ec1489
DEU_AachenBendplatz-1_123940_T-3959,scenarios/experiment_scenarios/ind_2024/DEU_AachenBendplatz-1_123940_T-3959.xml,micp;sampling,/data_linux/Lab/highD-cr-scenarios/ind_scenarios_2024/DEU_AachenBendplatz-1_123940_T-3959.xml,219656,82aba3f515bd421ec260e62af3d10e00d93c892b43f6f6db685d407096e0572c
DEU_AachenBendplatz-1_124040_T-4059,scenarios/experiment_scenarios/ind_2024/DEU_AachenBendplatz-1_124040_T-4059.xml,micp;sampling,/data_linux/Lab/highD-cr-scenarios/ind_scenarios_2024/DEU_AachenBendplatz-1_124040_T-4059.xml,191358,9ce15e78691b0c0d27541f0a870b6b432a8606dcf9959aa7a2a2fd28b0e1f066
DEU_AachenBendplatz-1_124320_T-4339,scenarios/experiment_scenarios/ind_2024/DEU_AachenBendplatz-1_124320_T-4339.xml,micp;sampling,/data_linux/Lab/highD-cr-scenarios/ind_scenarios_2024/DEU_AachenBendplatz-1_124320_T-4339.xml,176332,a601c07bfc38ef9c76621c67b78b876fac7a64cdc43d0734d22750d01266b6f7
DEU_AachenBendplatz-1_124700_T-4719,scenarios/experiment_scenarios/ind_2024/DEU_AachenBendplatz-1_124700_T-4719.xml,micp;sampling,/data_linux/Lab/highD-cr-scenarios/ind_scenarios_2024/DEU_AachenBendplatz-1_124700_T-4719.xml,140640,e38138ec0a2a67bd6a87108f0c4d785627cd40ff8c14d748a0c7725f683595ad
DEU_AachenBendplatz-1_125580_T-5599,scenarios/experiment_scenarios/ind_2024/DEU_AachenBendplatz-1_125580_T-5599.xml,micp;sampling,/data_linux/Lab/highD-cr-scenarios/ind_scenarios_2024/DEU_AachenBendplatz-1_125580_T-5599.xml,219632,1190506cd6628cd9645a924d4b684d3fdae8f6942800ae5a89129ec6fbaa0272
DEU_AachenBendplatz-1_12700_T-719,scenarios/experiment_scenarios/ind_2024/DEU_AachenBendplatz-1_12700_T-719.xml,micp;sampling,/data_linux/Lab/highD-cr-scenarios/ind_scenarios_2024/DEU_AachenBendplatz-1_12700_T-719.xml,133985,873fa9a70bcc0dc6f4691fb1453349d4c54b2dcd4ebc9ae4ed3f2de7e02cffc0
DEU_AachenBendplatz-1_132180_T-2199,scenarios/experiment_scenarios/ind_2024/DEU_AachenBendplatz-1_132180_T-2199.xml,micp;sampling,/data_linux/Lab/highD-cr-scenarios/ind_scenarios_2024/DEU_AachenBendplatz-1_132180_T-2199.xml,201342,85bd03d8fc26da46f03df158fce52fd2771cc9383370af43d339e50ac0088500
DEU_AachenBendplatz-1_132580_T-2599,scenarios/experiment_scenarios/ind_2024/DEU_AachenBendplatz-1_132580_T-2599.xml,micp;sampling,/data_linux/Lab/highD-cr-scenarios/ind_scenarios_2024/DEU_AachenBendplatz-1_132580_T-2599.xml,223550,a9ffb6421dada9becd3a9bfdcedf86bbd61e6c78f4e49c062f612fcebb0c8825
DEU_AachenBendplatz-1_132600_T-2619,scenarios/experiment_scenarios/ind_2024/DEU_AachenBendplatz-1_132600_T-2619.xml,micp;sampling,/data_linux/Lab/highD-cr-scenarios/ind_scenarios_2024/DEU_AachenBendplatz-1_132600_T-2619.xml,212669,6184309fe715e55899f0f6b9207acc2cf7372dc4af50f8838270d7f30bf5ea63
DEU_AachenBendplatz-1_134380_T-4399,scenarios/experiment_scenarios/ind_2024/DEU_AachenBendplatz-1_134380_T-4399.xml,micp;sampling,/data_linux/Lab/highD-cr-scenarios/ind_scenarios_2024/DEU_AachenBendplatz-1_134380_T-4399.xml,195315,e63c80124f2e3e8bffe3eff98120f31e5ab8957180b5e3516b0c2444ea5ded25
DEU_AachenBendplatz-1_134900_T-4919,scenarios/experiment_scenarios/ind_2024/DEU_AachenBendplatz-1_134900_T-4919.xml,micp;sampling,/data_linux/Lab/highD-cr-scenarios/ind_scenarios_2024/DEU_AachenBendplatz-1_134900_T-4919.xml,224612,218805b43e63b357c6362131432317ca03ec1ac17bfa5b3e405e6eb4fd54f40a
DEU_AachenBendplatz-1_13540_T-559,scenarios/experiment_scenarios/ind_2024/DEU_AachenBendplatz-1_13540_T-559.xml,micp;sampling,/data_linux/Lab/highD-cr-scenarios/ind_scenarios_2024/DEU_AachenBendplatz-1_13540_T-559.xml,198431,416a2720677652925276202f73a16a4c112874b00eb5aa919dbff5d93eb21654
DEU_AachenBendplatz-1_13720_T-739,scenarios/experiment_scenarios/ind_2024/DEU_AachenBendplatz-1_13720_T-739.xml,micp;sampling,/data_linux/Lab/highD-cr-scenarios/ind_scenarios_2024/DEU_AachenBendplatz-1_13720_T-739.xml,224573,a18b17dccd256775bab36f7f772eda10e5a016ca5984478cf625783e08eaa6b8
DEU_AachenBendplatz-1_13840_T-859,scenarios/experiment_scenarios/ind_2024/DEU_AachenBendplatz-1_13840_T-859.xml,micp;sampling,/data_linux/Lab/highD-cr-scenarios/ind_scenarios_2024/DEU_AachenBendplatz-1_13840_T-859.xml,165369,af3528a084f6e5c8bd2c3e21b92164f049996fe097225f0441f5e7f0661e5127
DEU_AachenBendplatz-1_141540_T-1559,scenarios/experiment_scenarios/ind_2024/DEU_AachenBendplatz-1_141540_T-1559.xml,micp;sampling,/data_linux/Lab/highD-cr-scenarios/ind_scenarios_2024/DEU_AachenBendplatz-1_141540_T-1559.xml,197427,9cef01ef46fd32754d7b47ee916b8d83a3ac2fc8e330a4d4a0974faa7f0ed1af
DEU_AachenBendplatz-1_141960_T-1979,scenarios/experiment_scenarios/ind_2024/DEU_AachenBendplatz-1_141960_T-1979.xml,micp;sampling,/data_linux/Lab/highD-cr-scenarios/ind_scenarios_2024/DEU_AachenBendplatz-1_141960_T-1979.xml,208779,2d074a3fa507bd23e22fbf7eae308b4e0180446cc66eac024387d96087663532
DEU_AachenBendplatz-1_143020_T-3039,scenarios/experiment_scenarios/ind_2024/DEU_AachenBendplatz-1_143020_T-3039.xml,micp;sampling,/data_linux/Lab/highD-cr-scenarios/ind_scenarios_2024/DEU_AachenBendplatz-1_143020_T-3039.xml,129304,b2635cf7399ae89936ae1e27a68230e7533e7ccb56842af34cb26dccbdfe9bbd
DEU_AachenBendplatz-1_14360_T-379,scenarios/experiment_scenarios/ind_2024/DEU_AachenBendplatz-1_14360_T-379.xml,micp;sampling,/data_linux/Lab/highD-cr-scenarios/ind_scenarios_2024/DEU_AachenBendplatz-1_14360_T-379.xml,135965,d6bf4dfc398879a9d42705a1f3452354d8029e1d79c34d3dd7811e3ad45658c9
DEU_AachenBendplatz-1_143920_T-3939,scenarios/experiment_scenarios/ind_2024/DEU_AachenBendplatz-1_143920_T-3939.xml,micp;sampling,/data_linux/Lab/highD-cr-scenarios/ind_scenarios_2024/DEU_AachenBendplatz-1_143920_T-3939.xml,150002,59dc3b99d0d5822b5ef2f79fce352cb1737ff309bd46297952d3dab5ccb679e8
DEU_AachenBendplatz-1_144920_T-4939,scenarios/experiment_scenarios/ind_2024/DEU_AachenBendplatz-1_144920_T-4939.xml,micp;sampling,/data_linux/Lab/highD-cr-scenarios/ind_scenarios_2024/DEU_AachenBendplatz-1_144920_T-4939.xml,189451,49ee82e6f1ace02890425464b3e6e480c252948f58b1acc21a26603935f893eb
DEU_AachenBendplatz-1_15160_T-179,scenarios/experiment_scenarios/ind_2024/DEU_AachenBendplatz-1_15160_T-179.xml,micp;sampling,/data_linux/Lab/highD-cr-scenarios/ind_scenarios_2024/DEU_AachenBendplatz-1_15160_T-179.xml,163027,bb388aca5378f3eb169ebc531d88e0c41b744512cf3805747e9373965f331ae8
DEU_AachenBendplatz-1_152620_T-2639,scenarios/experiment_scenarios/ind_2024/DEU_AachenBendplatz-1_152620_T-2639.xml,micp;sampling,/data_linux/Lab/highD-cr-scenarios/ind_scenarios_2024/DEU_AachenBendplatz-1_152620_T-2639.xml,185775,e08d1f44d0db2ca4484814e422793359e460e48a9c9e1a587ebbf94ca8388314
DEU_AachenBendplatz-1_154520_T-4539,scenarios/experiment_scenarios/ind_2024/DEU_AachenBendplatz-1_154520_T-4539.xml,micp;sampling,/data_linux/Lab/highD-cr-scenarios/ind_scenarios_2024/DEU_AachenBendplatz-1_154520_T-4539.xml,133936,604e53f264c68b78e223d231c79c8464a418f0f74e25b7df99c6ad759477a78b
DEU_AachenBendplatz-1_155320_T-5339,scenarios/experiment_scenarios/ind_2024/DEU_AachenBendplatz-1_155320_T-5339.xml,micp;sampling,/data_linux/Lab/highD-cr-scenarios/ind_scenarios_2024/DEU_AachenBendplatz-1_155320_T-5339.xml,158227,20e368b4ed785a6ee828e11e368ee091a7d4a5cfcdfb1dfa8dc81fab8db345c0
DEU_AachenBendplatz-1_161380_T-1399,scenarios/experiment_scenarios/ind_2024/DEU_AachenBendplatz-1_161380_T-1399.xml,micp;sampling,/data_linux/Lab/highD-cr-scenarios/ind_scenarios_2024/DEU_AachenBendplatz-1_161380_T-1399.xml,229013,d5e9d9c1037814d91008fc4dbb3905e3fb4f287ef11630f4008455bc9263ccc7
DEU_AachenBendplatz-1_162280_T-2299,scenarios/experiment_scenarios/ind_2024/DEU_AachenBendplatz-1_162280_T-2299.xml,micp;sampling,/data_linux/Lab/highD-cr-scenarios/ind_scenarios_2024/DEU_AachenBendplatz-1_162280_T-2299.xml,191207,cbf1aa63a758b7c3aec5af1eece663ee5bad5abc39511870ba9c4644195648ad
DEU_AachenBendplatz-1_162800_T-2819,scenarios/experiment_scenarios/ind_2024/DEU_AachenBendplatz-1_162800_T-2819.xml,micp;sampling,/data_linux/Lab/highD-cr-scenarios/ind_scenarios_2024/DEU_AachenBendplatz-1_162800_T-2819.xml,180150,6317d749299dcb8f45e8a21b2bf57228020654c9df5afd933bd3c7baf84143a5
DEU_AachenBendplatz-1_163680_T-3699,scenarios/experiment_scenarios/ind_2024/DEU_AachenBendplatz-1_163680_T-3699.xml,micp;sampling,/data_linux/Lab/highD-cr-scenarios/ind_scenarios_2024/DEU_AachenBendplatz-1_163680_T-3699.xml,162739,63aad4936c473198b67e6e9e31e85a649c43954266305785e9da37917e96217c
DEU_AachenBendplatz-1_163720_T-3739,scenarios/experiment_scenarios/ind_2024/DEU_AachenBendplatz-1_163720_T-3739.xml,micp;sampling,/data_linux/Lab/highD-cr-scenarios/ind_scenarios_2024/DEU_AachenBendplatz-1_163720_T-3739.xml,191100,43011d1720d21b9c197e137f72f08c9577725e3bc1af293fd30320fe13106411
DEU_AachenBendplatz-1_171180_T-1199,scenarios/experiment_scenarios/ind_2024/DEU_AachenBendplatz-1_171180_T-1199.xml,micp;sampling,/data_linux/Lab/highD-cr-scenarios/ind_scenarios_2024/DEU_AachenBendplatz-1_171180_T-1199.xml,223597,689b3614fbd0255b21e5825f4d509601c80fd748ef112954f56c62a4115fc5e3
DEU_AachenBendplatz-1_171380_T-1399,scenarios/experiment_scenarios/ind_2024/DEU_AachenBendplatz-1_171380_T-1399.xml,micp;sampling,/data_linux/Lab/highD-cr-scenarios/ind_scenarios_2024/DEU_AachenBendplatz-1_171380_T-1399.xml,189708,64fe2d8370e026aa8326119e0a6271008be1fa17fa1f07b7599cbbc1f3c5ae20
DEU_AachenBendplatz-1_171600_T-1619,scenarios/experiment_scenarios/ind_2024/DEU_AachenBendplatz-1_171600_T-1619.xml,micp;sampling,/data_linux/Lab/highD-cr-scenarios/ind_scenarios_2024/DEU_AachenBendplatz-1_171600_T-1619.xml,207827,c500dbfb84deb3ac3e26145326b93fe2d6356863bf227b2a55df7b4065b4dcc8
DEU_AachenBendplatz-1_172260_T-2279,scenarios/experiment_scenarios/ind_2024/DEU_AachenBendplatz-1_172260_T-2279.xml,micp;sampling,/data_linux/Lab/highD-cr-scenarios/ind_scenarios_2024/DEU_AachenBendplatz-1_172260_T-2279.xml,223270,d82e5f79b8e65a069990161d4324d8d7c7504b8c4d7bb8744b4ce53218a1295f
DEU_AachenBendplatz-1_1740_T-59,scenarios/experiment_scenarios/ind_2024/DEU_AachenBendplatz-1_1740_T-59.xml,micp;sampling,/data_linux/Lab/highD-cr-scenarios/ind_scenarios_2024/DEU_AachenBendplatz-1_1740_T-59.xml,209709,41552ae1c0fb74a21c3dacd0bd6ff803a9b46a2283fa7226d90087d48bb11a09
DEU_AachenBendplatz-1_71480_T-1499,scenarios/experiment_scenarios/ind_2024/DEU_AachenBendplatz-1_71480_T-1499.xml,micp;sampling,/data_linux/Lab/highD-cr-scenarios/ind_scenarios_2024/DEU_AachenBendplatz-1_71480_T-1499.xml,164058,7698c5a36e6bed24f337ef48d5b1f7b24ca2d5145d1aeb6383f34ae41147dbec
DEU_AachenBendplatz-1_71760_T-1779,scenarios/experiment_scenarios/ind_2024/DEU_AachenBendplatz-1_71760_T-1779.xml,micp;sampling,/data_linux/Lab/highD-cr-scenarios/ind_scenarios_2024/DEU_AachenBendplatz-1_71760_T-1779.xml,133869,92665c1bae9cca8c958a7b6c782b73138311ba482cfaccbb9827ec5c70a6c28f
DEU_AachenBendplatz-1_73920_T-3939,scenarios/experiment_scenarios/ind_2024/DEU_AachenBendplatz-1_73920_T-3939.xml,micp;sampling,/data_linux/Lab/highD-cr-scenarios/ind_scenarios_2024/DEU_AachenBendplatz-1_73920_T-3939.xml,128185,c593a597534ea36201b8d831dc9efe9b79c0fc58313bf92d9707681aef270eec
DEU_AachenBendplatz-1_75140_T-5159,scenarios/experiment_scenarios/ind_2024/DEU_AachenBendplatz-1_75140_T-5159.xml,micp;sampling,/data_linux/Lab/highD-cr-scenarios/ind_scenarios_2024/DEU_AachenBendplatz-1_75140_T-5159.xml,177456,fef9b7eb2af3511b81496cd12bcd3342decc14c4465b41396deaa2e87944fcfe
DEU_AachenBendplatz-1_81000_T-1019,scenarios/experiment_scenarios/ind_2024/DEU_AachenBendplatz-1_81000_T-1019.xml,micp;sampling,/data_linux/Lab/highD-cr-scenarios/ind_scenarios_2024/DEU_AachenBendplatz-1_81000_T-1019.xml,178014,e1c9c09e69501206c941e2fc16cf368e4a6f0d2c18eab42a0c50bf440dfc7c53
DEU_AachenBendplatz-1_81940_T-1959,scenarios/experiment_scenarios/ind_2024/DEU_AachenBendplatz-1_81940_T-1959.xml,micp;sampling,/data_linux/Lab/highD-cr-scenarios/ind_scenarios_2024/DEU_AachenBendplatz-1_81940_T-1959.xml,209125,d2a70bd99933fb7ab222e60f927a7fccf32104492fa8b8cc141f172cbaf951c1
DEU_AachenBendplatz-1_83000_T-3019,scenarios/experiment_scenarios/ind_2024/DEU_AachenBendplatz-1_83000_T-3019.xml,micp;sampling,/data_linux/Lab/highD-cr-scenarios/ind_scenarios_2024/DEU_AachenBendplatz-1_83000_T-3019.xml,179377,739f46a3868e244fe5c57889c18b1ef51926b2e8db2753c3ccac2a2a202bb736
DEU_AachenBendplatz-1_83340_T-3359,scenarios/experiment_scenarios/ind_2024/DEU_AachenBendplatz-1_83340_T-3359.xml,micp;sampling,/data_linux/Lab/highD-cr-scenarios/ind_scenarios_2024/DEU_AachenBendplatz-1_83340_T-3359.xml,164021,f1b5fd36d833476feb90433149ec1c112f7ab052439d0b9db42ecb7ab0850946
DEU_AachenBendplatz-1_8340_T-359,scenarios/experiment_scenarios/ind_2024/DEU_AachenBendplatz-1_8340_T-359.xml,micp;sampling,/data_linux/Lab/highD-cr-scenarios/ind_scenarios_2024/DEU_AachenBendplatz-1_8340_T-359.xml,165573,37eef8c1f687633f9f488ac9481acf5d061244590a5714ab1b885a38352cea0d
DEU_AachenBendplatz-1_83420_T-3439,scenarios/experiment_scenarios/ind_2024/DEU_AachenBendplatz-1_83420_T-3439.xml,micp;sampling,/data_linux/Lab/highD-cr-scenarios/ind_scenarios_2024/DEU_AachenBendplatz-1_83420_T-3439.xml,149217,94115e9b0354ca1fac1de17211bc229546d9d55e646bd2a144efa0f6b8abb109
DEU_AachenBendplatz-1_83540_T-3559,scenarios/experiment_scenarios/ind_2024/DEU_AachenBendplatz-1_83540_T-3559.xml,micp;sampling,/data_linux/Lab/highD-cr-scenarios/ind_scenarios_2024/DEU_AachenBendplatz-1_83540_T-3559.xml,211820,647253a4e8f90eb13bc0c4b1ed5cf3f69d8e7339286c6b26667235b514f4ffc3
DEU_AachenBendplatz-1_85140_T-5159,scenarios/experiment_scenarios/ind_2024/DEU_AachenBendplatz-1_85140_T-5159.xml,micp;sampling,/data_linux/Lab/highD-cr-scenarios/ind_scenarios_2024/DEU_AachenBendplatz-1_85140_T-5159.xml,157521,fa21f2f2ae3286cdb8da77e2a049243085f6a772ef99c6efac0a4143609ed3e2
DEU_AachenBendplatz-1_85160_T-5179,scenarios/experiment_scenarios/ind_2024/DEU_AachenBendplatz-1_85160_T-5179.xml,micp;sampling,/data_linux/Lab/highD-cr-scenarios/ind_scenarios_2024/DEU_AachenBendplatz-1_85160_T-5179.xml,140644,819566b272774dd70bbaf6443411ceb0d45d250e6239318581e8fa99eff1d887
DEU_AachenBendplatz-1_91260_T-1279,scenarios/experiment_scenarios/ind_2024/DEU_AachenBendplatz-1_91260_T-1279.xml,micp;sampling,/data_linux/Lab/highD-cr-scenarios/ind_scenarios_2024/DEU_AachenBendplatz-1_91260_T-1279.xml,176520,3e54a17d04235f53279279870cb6954b77612eda851bdfd7fe957f5db8ac1437
DEU_AachenBendplatz-1_91280_T-1299,scenarios/experiment_scenarios/ind_2024/DEU_AachenBendplatz-1_91280_T-1299.xml,micp;sampling,/data_linux/Lab/highD-cr-scenarios/ind_scenarios_2024/DEU_AachenBendplatz-1_91280_T-1299.xml,186066,4b378cd390fcf77196d3cf8e6bbc1dcf5eb120fb0361d072fea9d8f414d26e8b
DEU_AachenBendplatz-1_92340_T-2359,scenarios/experiment_scenarios/ind_2024/DEU_AachenBendplatz-1_92340_T-2359.xml,micp;sampling,/data_linux/Lab/highD-cr-scenarios/ind_scenarios_2024/DEU_AachenBendplatz-1_92340_T-2359.xml,143022,e6528d56fa0864aa74a6ebeb0c98bedfff84d0dc72f63e3c7a2ad3123fb3401f
DEU_AachenBendplatz-1_93520_T-3539,scenarios/experiment_scenarios/ind_2024/DEU_AachenBendplatz-1_93520_T-3539.xml,micp;sampling,/data_linux/Lab/highD-cr-scenarios/ind_scenarios_2024/DEU_AachenBendplatz-1_93520_T-3539.xml,148529,033511f0c71c2910cfadee3340a4745aee6cb1197ac95cd57499248cf6766f6c
DEU_AachenBendplatz-1_93620_T-3639,scenarios/experiment_scenarios/ind_2024/DEU_AachenBendplatz-1_93620_T-3639.xml,micp;sampling,/data_linux/Lab/highD-cr-scenarios/ind_scenarios_2024/DEU_AachenBendplatz-1_93620_T-3639.xml,158904,3f2e5d3e5da6e556d3ffceda26d3964d3f4f9e44f321f29e6f9b16177d273c3a
DEU_AachenBendplatz-1_93760_T-3779,scenarios/experiment_scenarios/ind_2024/DEU_AachenBendplatz-1_93760_T-3779.xml,micp;sampling,/data_linux/Lab/highD-cr-scenarios/ind_scenarios_2024/DEU_AachenBendplatz-1_93760_T-3779.xml,138727,c77d12f4c8fb1dce06dce273b02cf3703089a52d4a07bc25d2e0194156c240d9
DEU_AachenFrankenburg-1_206020_T-6039,scenarios/experiment_scenarios/ind_2024/DEU_AachenFrankenburg-1_206020_T-6039.xml,micp;sampling,/data_linux/Lab/highD-cr-scenarios/ind_scenarios_2024/DEU_AachenFrankenburg-1_206020_T-6039.xml,335374,7c64e7ac336461784da3f3a9dcb9a028c7bf742e6efe4ffe475da9237e21d30f
DEU_AachenFrankenburg-1_2120_T-39,scenarios/experiment_scenarios/ind_2024/DEU_AachenFrankenburg-1_2120_T-39.xml,micp;sampling,/data_linux/Lab/highD-cr-scenarios/ind_scenarios_2024/DEU_AachenFrankenburg-1_2120_T-39.xml,411462,5bc4094a29c9c4d450c55aec61c236340c6aaf6bf344fb472a9fcd0e57d62f92
DEU_AachenFrankenburg-1_232260_T-2279,scenarios/experiment_scenarios/ind_2024/DEU_AachenFrankenburg-1_232260_T-2279.xml,micp;sampling,/data_linux/Lab/highD-cr-scenarios/ind_scenarios_2024/DEU_AachenFrankenburg-1_232260_T-2279.xml,487242,5b6c7b54c9afffd117b5f89735be75ee0107f41b63b078881812c0d26d2fa2a9
DEU_AachenFrankenburg-1_264440_T-4459,scenarios/experiment_scenarios/ind_2024/DEU_AachenFrankenburg-1_264440_T-4459.xml,micp;sampling,/data_linux/Lab/highD-cr-scenarios/ind_scenarios_2024/DEU_AachenFrankenburg-1_264440_T-4459.xml,404467,04765e987fbd1aef0568ccd3723758ca744e19dea7ed993945606e2862812209
DEU_AachenFrankenburg-1_265260_T-5279,scenarios/experiment_scenarios/ind_2024/DEU_AachenFrankenburg-1_265260_T-5279.xml,micp;sampling,/data_linux/Lab/highD-cr-scenarios/ind_scenarios_2024/DEU_AachenFrankenburg-1_265260_T-5279.xml,450092,c102b86668b17f77c5e317eaf2b8fc04c39b72428d04f5484b1e3a7c94b22459
DEU_AachenBendplatz-1_102260_T-2279,scenarios/experiment_scenarios/ind_converter_2026/DEU_AachenBendplatz-1_102260_T-2279.xml,micp;sampling,/data_linux/Lab/highD-cr-scenarios/ind_scenarios_converter_2026_update/DEU_AachenBendplatz-1_102260_T-2279.xml,177731,9d6f8e98602b18c78ff31e8cb8a154795dcdd4afb0aa72666c2abdfee0d59389
DEU_AachenBendplatz-1_102720_T-2739,scenarios/experiment_scenarios/ind_converter_2026/DEU_AachenBendplatz-1_102720_T-2739.xml,micp;sampling,/data_linux/Lab/highD-cr-scenarios/ind_scenarios_converter_2026_update/DEU_AachenBendplatz-1_102720_T-2739.xml,138788,f7d60d62d0e7d1d5befcab023d85fe3a095db4a850e19a80fe16f5870544f100
DEU_AachenBendplatz-1_111320_T-1339,scenarios/experiment_scenarios/ind_converter_2026/DEU_AachenBendplatz-1_111320_T-1339.xml,micp;sampling,/data_linux/Lab/highD-cr-scenarios/ind_scenarios_converter_2026_update/DEU_AachenBendplatz-1_111320_T-1339.xml,192184,3922c6cc93fe8e360fbdbca3efb17e4bf5c15ceef6c3f824c98f2c519f577165
DEU_AachenBendplatz-1_113180_T-3199,scenarios/experiment_scenarios/ind_converter_2026/DEU_AachenBendplatz-1_113180_T-3199.xml,micp;sampling,/data_linux/Lab/highD-cr-scenarios/ind_scenarios_converter_2026_update/DEU_AachenBendplatz-1_113180_T-3199.xml,158265,aef4fe930bee3ee25f4667f87f367b76145abe82701a5e235aacc5832c061751
DEU_AachenBendplatz-1_113620_T-3639,scenarios/experiment_scenarios/ind_converter_2026/DEU_AachenBendplatz-1_113620_T-3639.xml,micp;sampling,/data_linux/Lab/highD-cr-scenarios/ind_scenarios_converter_2026_update/DEU_AachenBendplatz-1_113620_T-3639.xml,210098,6ee179b00b488b577244f2902e0f9b8dfe0efcce9aefe942ac6eb07e7bf9415e
DEU_AachenBendplatz-1_122380_T-2399,scenarios/experiment_scenarios/ind_converter_2026/DEU_AachenBendplatz-1_122380_T-2399.xml,micp;sampling,/data_linux/Lab/highD-cr-scenarios/ind_scenarios_converter_2026_update/DEU_AachenBendplatz-1_122380_T-2399.xml,337391,d6c0660f962169e6a4575ec3c61d7f685b994332183c64d67956b9cc41eed0f2
DEU_AachenBendplatz-1_12640_T-659,scenarios/experiment_scenarios/ind_converter_2026/DEU_AachenBendplatz-1_12640_T-659.xml,micp;sampling,/data_linux/Lab/highD-cr-scenarios/ind_scenarios_converter_2026_update/DEU_AachenBendplatz-1_12640_T-659.xml,151551,e3dfc7bcae7da670769924a7261fdec182b078007e05afa6da1a1fb66abc42b1
DEU_AachenBendplatz-1_131080_T-1099,scenarios/experiment_scenarios/ind_converter_2026/DEU_AachenBendplatz-1_131080_T-1099.xml,micp;sampling,/data_linux/Lab/highD-cr-scenarios/ind_scenarios_converter_2026_update/DEU_AachenBendplatz-1_131080_T-1099.xml,193086,3ccfdb96226ca5c6f91295f096fafe5cc87ea8c59b5731e7eef37cfc29342e39
DEU_AachenBendplatz-1_131400_T-1419,scenarios/experiment_scenarios/ind_converter_2026/DEU_AachenBendplatz-1_131400_T-1419.xml,micp;sampling,/data_linux/Lab/highD-cr-scenarios/ind_scenarios_converter_2026_update/DEU_AachenBendplatz-1_131400_T-1419.xml,204838,59d4ecd1db414e0183d62f41189c159b7c607dd735f5d8ba08e4cb4c7f420033
DEU_AachenBendplatz-1_133320_T-3339,scenarios/experiment_scenarios/ind_converter_2026/DEU_AachenBendplatz-1_133320_T-3339.xml,micp;sampling,/data_linux/Lab/highD-cr-scenarios/ind_scenarios_converter_2026_update/DEU_AachenBendplatz-1_133320_T-3339.xml,202387,477a0c54f1ef0a36f7fc3f73d61887d809985184a82e7cf9e9ce2bbb78bfe1ea
DEU_AachenBendplatz-1_134560_T-4579,scenarios/experiment_scenarios/ind_converter_2026/DEU_AachenBendplatz-1_134560_T-4579.xml,micp;sampling,/data_linux/Lab/highD-cr-scenarios/ind_scenarios_converter_2026_update/DEU_AachenBendplatz-1_134560_T-4579.xml,168763,71b74faa28c27a59dc4a29c8a2c379141326602c63dfed76dd15671045888418
DEU_AachenBendplatz-1_13560_T-579,scenarios/experiment_scenarios/ind_converter_2026/DEU_AachenBendplatz-1_13560_T-579.xml,micp;sampling,/data_linux/Lab/highD-cr-scenarios/ind_scenarios_converter_2026_update/DEU_AachenBendplatz-1_13560_T-579.xml,177676,5d3510f4b0e2a2e98640f5065f4dc9dd8db67cc84406343a013afc58ed6f116c
DEU_AachenBendplatz-1_141560_T-1579,scenarios/experiment_scenarios/ind_converter_2026/DEU_AachenBendplatz-1_141560_T-1579.xml,micp;sampling,/data_linux/Lab/highD-cr-scenarios/ind_scenarios_converter_2026_update/DEU_AachenBendplatz-1_141560_T-1579.xml,209558,f516ea1baf17ecdb314fc61bdb1ac0de236e74b0c57ff080638fb5c3ed42a8d9
DEU_AachenBendplatz-1_143120_T-3139,scenarios/experiment_scenarios/ind_converter_2026/DEU_AachenBendplatz-1_143120_T-3139.xml,micp;sampling,/data_linux/Lab/highD-cr-scenarios/ind_scenarios_converter_2026_update/DEU_AachenBendplatz-1_143120_T-3139.xml,162186,e52d634be04156c5825672f233941a3b2ccdabd7147ad3ac50c97f04cd731bae
DEU_AachenBendplatz-1_143500_T-3519,scenarios/experiment_scenarios/ind_converter_2026/DEU_AachenBendplatz-1_143500_T-3519.xml,micp;sampling,/data_linux/Lab/highD-cr-scenarios/ind_scenarios_converter_2026_update/DEU_AachenBendplatz-1_143500_T-3519.xml,229759,7681bff930b351f8bf5d395109a6aa8ebb75905fc27da95a118b7d7670437daa
DEU_AachenBendplatz-1_151160_T-1179,scenarios/experiment_scenarios/ind_converter_2026/DEU_AachenBendplatz-1_151160_T-1179.xml,micp;sampling,/data_linux/Lab/highD-cr-scenarios/ind_scenarios_converter_2026_update/DEU_AachenBendplatz-1_151160_T-1179.xml,244092,0a35b54955cf67c7e8c82a0ea45ff743782082c54aa743045622abf680ed7f59
DEU_AachenBendplatz-1_151840_T-1859,scenarios/experiment_scenarios/ind_converter_2026/DEU_AachenBendplatz-1_151840_T-1859.xml,micp;sampling,/data_linux/Lab/highD-cr-scenarios/ind_scenarios_converter_2026_update/DEU_AachenBendplatz-1_151840_T-1859.xml,180585,2e4be63ee6d0e2db54607c8d0cf689fbed82fd92c96cf68368a51fc95316620e
DEU_AachenBendplatz-1_152880_T-2899,scenarios/experiment_scenarios/ind_converter_2026/DEU_AachenBendplatz-1_152880_T-2899.xml,micp;sampling,/data_linux/Lab/highD-cr-scenarios/ind_scenarios_converter_2026_update/DEU_AachenBendplatz-1_152880_T-2899.xml,213582,79b81ba1740aef7641e7fc8498eb6abf008a025a3d0bd57ec3da0aa6fe73402b
DEU_AachenBendplatz-1_153320_T-3339,scenarios/experiment_scenarios/ind_converter_2026/DEU_AachenBendplatz-1_153320_T-3339.xml,micp;sampling,/data_linux/Lab/highD-cr-scenarios/ind_scenarios_converter_2026_update/DEU_AachenBendplatz-1_153320_T-3339.xml,138349,e9b387bc2414c0a8a0060fe9d2e77ecb9df556a6fdbdcae179ca255b918357bd
DEU_AachenBendplatz-1_153880_T-3899,scenarios/experiment_scenarios/ind_converter_2026/DEU_AachenBendplatz-1_153880_T-3899.xml,micp;sampling,/data_linux/Lab/highD-cr-scenarios/ind_scenarios_converter_2026_update/DEU_AachenBendplatz-1_153880_T-3899.xml,193109,4964097422b1774cbc1562da45852074696be5e7619ce3dfb7539ff8113723ce
DEU_AachenBendplatz-1_154400_T-4419,scenarios/experiment_scenarios/ind_converter_2026/DEU_AachenBendplatz-1_154400_T-4419.xml,micp;sampling,/data_linux/Lab/highD-cr-scenarios/ind_scenarios_converter_2026_update/DEU_AachenBendplatz-1_154400_T-4419.xml,156695,d9618750b8cc2a158eac7b5c3ddb0adcc2bb058183991382565250bf6c3563ee
DEU_AachenBendplatz-1_161740_T-1759,scenarios/experiment_scenarios/ind_converter_2026/DEU_AachenBendplatz-1_161740_T-1759.xml,micp;sampling,/data_linux/Lab/highD-cr-scenarios/ind_scenarios_converter_2026_update/DEU_AachenBendplatz-1_161740_T-1759.xml,135557,e48dfcb998e4901371716ceb4d3f5d83ed3b238f6168f0b385e3ea61eee9b7e5
DEU_AachenBendplatz-1_163620_T-3639,scenarios/experiment_scenarios/ind_converter_2026/DEU_AachenBendplatz-1_163620_T-3639.xml,micp;sampling,/data_linux/Lab/highD-cr-scenarios/ind_scenarios_converter_2026_update/DEU_AachenBendplatz-1_163620_T-3639.xml,164794,babba1da1a993f6a60cc80ccb806a0e00fe3009e0cdbc99adf22e65682cd1c14
DEU_AachenBendplatz-1_172060_T-2079,scenarios/experiment_scenarios/ind_converter_2026/DEU_AachenBendplatz-1_172060_T-2079.xml,micp;sampling,/data_linux/Lab/highD-cr-scenarios/ind_scenarios_converter_2026_update/DEU_AachenBendplatz-1_172060_T-2079.xml,263602,a552736a19ff20da067e8c467b646081032257aa1ace8089a83dc6223e14d560
DEU_AachenBendplatz-1_173000_T-3019,scenarios/experiment_scenarios/ind_converter_2026/DEU_AachenBendplatz-1_173000_T-3019.xml,micp;sampling,/data_linux/Lab/highD-cr-scenarios/ind_scenarios_converter_2026_update/DEU_AachenBendplatz-1_173000_T-3019.xml,290942,73310a5a6f2eddd3058d54738b85e3a16f96536d71e724842c0c1d005023de83
DEU_AachenBendplatz-1_173820_T-3839,scenarios/experiment_scenarios/ind_converter_2026/DEU_AachenBendplatz-1_173820_T-3839.xml,micp;sampling,/data_linux/Lab/highD-cr-scenarios/ind_scenarios_converter_2026_update/DEU_AachenBendplatz-1_173820_T-3839.xml,207342,0d100f009d609768d296edf994255408412dec2ce3abee02d038b8e66312e93d
DEU_AachenBendplatz-1_174300_T-4319,scenarios/experiment_scenarios/ind_converter_2026/DEU_AachenBendplatz-1_174300_T-4319.xml,micp;sampling,/data_linux/Lab/highD-cr-scenarios/ind_scenarios_converter_2026_update/DEU_AachenBendplatz-1_174300_T-4319.xml,250024,65bd36e5e7da9d906acc55aedecf593a9a066cd5299364faee9f560264a4203f
DEU_AachenBendplatz-1_174820_T-4839,scenarios/experiment_scenarios/ind_converter_2026/DEU_AachenBendplatz-1_174820_T-4839.xml,micp;sampling,/data_linux/Lab/highD-cr-scenarios/ind_scenarios_converter_2026_update/DEU_AachenBendplatz-1_174820_T-4839.xml,209515,e158ed7798c4e31a18a1cd041451c0f0372de59d0afa9a11d3289ac0ea69ea09
DEU_AachenBendplatz-1_1760_T-79,scenarios/experiment_scenarios/ind_converter_2026/DEU_AachenBendplatz-1_1760_T-79.xml,micp;sampling,/data_linux/Lab/highD-cr-scenarios/ind_scenarios_converter_2026_update/DEU_AachenBendplatz-1_1760_T-79.xml,210292,bfdca1c73da5442c7e170f290a7f4ca744677181462b7c2e11650a84f0b6f33e
DEU_AachenBendplatz-1_7140_T-159,scenarios/experiment_scenarios/ind_converter_2026/DEU_AachenBendplatz-1_7140_T-159.xml,micp;sampling,/data_linux/Lab/highD-cr-scenarios/ind_scenarios_converter_2026_update/DEU_AachenBendplatz-1_7140_T-159.xml,157562,eb1d9eb7915a3361d5f1369d9ee556b0bd636820772f9183363a0c4c2abf7c54
DEU_AachenBendplatz-1_7180_T-199,scenarios/experiment_scenarios/ind_converter_2026/DEU_AachenBendplatz-1_7180_T-199.xml,micp;sampling,/data_linux/Lab/highD-cr-scenarios/ind_scenarios_converter_2026_update/DEU_AachenBendplatz-1_7180_T-199.xml,160910,41c31fd6488381da6e7088182002a06f1fdc884a6b7b68653d2d6c931418917d
DEU_AachenBendplatz-1_72340_T-2359,scenarios/experiment_scenarios/ind_converter_2026/DEU_AachenBendplatz-1_72340_T-2359.xml,micp;sampling,/data_linux/Lab/highD-cr-scenarios/ind_scenarios_converter_2026_update/DEU_AachenBendplatz-1_72340_T-2359.xml,185280,7899475c1cb7d4f900747a584e21dcdd001fa0cd9622396662d2a69c8bf1b0ae
DEU_AachenBendplatz-1_73340_T-3359,scenarios/experiment_scenarios/ind_converter_2026/DEU_AachenBendplatz-1_73340_T-3359.xml,micp;sampling,/data_linux/Lab/highD-cr-scenarios/ind_scenarios_converter_2026_update/DEU_AachenBendplatz-1_73340_T-3359.xml,177205,b4c8121347448947fe33b7f840d6ef8db4d38bc07782698bb4f5ba20b60b1fe4
DEU_AachenBendplatz-1_74540_T-4559,scenarios/experiment_scenarios/ind_converter_2026/DEU_AachenBendplatz-1_74540_T-4559.xml,micp;sampling,/data_linux/Lab/highD-cr-scenarios/ind_scenarios_converter_2026_update/DEU_AachenBendplatz-1_74540_T-4559.xml,134041,6d90248e1fd0cfd6ed3a3d833e043654d4eeec9798622880847e34fae4a746b2
DEU_AachenBendplatz-1_83420_T-3439,scenarios/experiment_scenarios/ind_converter_2026/DEU_AachenBendplatz-1_83420_T-3439.xml,micp;sampling,/data_linux/Lab/highD-cr-scenarios/ind_scenarios_converter_2026_update/DEU_AachenBendplatz-1_83420_T-3439.xml,149354,3a5c516681a7d43045ae973aa4c12c76a3ba6395c7cd8399f9e4501befccbf30
DEU_AachenBendplatz-1_83880_T-3899,scenarios/experiment_scenarios/ind_converter_2026/DEU_AachenBendplatz-1_83880_T-3899.xml,micp;sampling,/data_linux/Lab/highD-cr-scenarios/ind_scenarios_converter_2026_update/DEU_AachenBendplatz-1_83880_T-3899.xml,180207,4fa39d4919f7a6bd0707a49b2f2fff8806a5b249cb0d4885108d85387f8591f3
DEU_AachenBendplatz-1_84360_T-4379,scenarios/experiment_scenarios/ind_converter_2026/DEU_AachenBendplatz-1_84360_T-4379.xml,micp;sampling,/data_linux/Lab/highD-cr-scenarios/ind_scenarios_converter_2026_update/DEU_AachenBendplatz-1_84360_T-4379.xml,161049,a8c434a30187ab61d6a13ace2184b0e0e846f0700869e4ab2ee922315c7f8fcb
DEU_AachenBendplatz-1_8620_T-639,scenarios/experiment_scenarios/ind_converter_2026/DEU_AachenBendplatz-1_8620_T-639.xml,micp;sampling,/data_linux/Lab/highD-cr-scenarios/ind_scenarios_converter_2026_update/DEU_AachenBendplatz-1_8620_T-639.xml,167936,8bedd61875b38f0cb5573441b2c3ce58aca2073d48d25df40de31ebc09254079
DEU_AachenBendplatz-1_91680_T-1699,scenarios/experiment_scenarios/ind_converter_2026/DEU_AachenBendplatz-1_91680_T-1699.xml,micp;sampling,/data_linux/Lab/highD-cr-scenarios/ind_scenarios_converter_2026_update/DEU_AachenBendplatz-1_91680_T-1699.xml,140159,c84e3107cb9ba88ac4e5913800e9ca006ce6f32821b1a9ee37585cfd9015897e
DEU_AachenBendplatz-1_92260_T-2279,scenarios/experiment_scenarios/ind_converter_2026/DEU_AachenBendplatz-1_92260_T-2279.xml,micp;sampling,/data_linux/Lab/highD-cr-scenarios/ind_scenarios_converter_2026_update/DEU_AachenBendplatz-1_92260_T-2279.xml,153791,59c225d4fa023cb2f7fc4545eb57ee820c9d5a31757ea0b6533de6a9b94a4f9c
DEU_AachenFrankenburg-1_183000_T-3019,scenarios/experiment_scenarios/ind_converter_2026/DEU_AachenFrankenburg-1_183000_T-3019.xml,historical_results,/data_linux/Lab/highD-cr-scenarios/ind_scenarios_converter_2026_update/DEU_AachenFrankenburg-1_183000_T-3019.xml,385860,d9067a93945dd0ef8e9e6f6332293481f32873decb78bf6a4ad9835211359525
DEU_AachenFrankenburg-1_183020_T-3039,scenarios/experiment_scenarios/ind_converter_2026/DEU_AachenFrankenburg-1_183020_T-3039.xml,historical_results,/data_linux/Lab/highD-cr-scenarios/ind_scenarios_converter_2026_update/DEU_AachenFrankenburg-1_183020_T-3039.xml,362395,f735070147c8c6af029cff845dd66935a6cac4e2f8739a97e77a795a62362a4a
DEU_AachenFrankenburg-1_183920_T-3939,scenarios/experiment_scenarios/ind_converter_2026/DEU_AachenFrankenburg-1_183920_T-3939.xml,micp;sampling,/data_linux/Lab/highD-cr-scenarios/ind_scenarios_converter_2026_update/DEU_AachenFrankenburg-1_183920_T-3939.xml,305605,901348253bc9bdb1ab695db14dda291669d9fea226a1f0200f312f2b7379a897
DEU_AachenFrankenburg-1_183940_T-3959,scenarios/experiment_scenarios/ind_converter_2026/DEU_AachenFrankenburg-1_183940_T-3959.xml,historical_results,/data_linux/Lab/highD-cr-scenarios/ind_scenarios_converter_2026_update/DEU_AachenFrankenburg-1_183940_T-3959.xml,341718,866d6bd8a5a861017fed61681fa222b058436a0bec143ad079496e59644344ac
DEU_AachenFrankenburg-1_184840_T-4859,scenarios/experiment_scenarios/ind_converter_2026/DEU_AachenFrankenburg-1_184840_T-4859.xml,micp;sampling,/data_linux/Lab/highD-cr-scenarios/ind_scenarios_converter_2026_update/DEU_AachenFrankenburg-1_184840_T-4859.xml,405477,2369ee298a215b9d6480379f42af108193ff2f96a7863ec039ed27436bf4b2cf
DEU_AachenFrankenburg-1_193620_T-3639,scenarios/experiment_scenarios/ind_converter_2026/DEU_AachenFrankenburg-1_193620_T-3639.xml,historical_results,/data_linux/Lab/highD-cr-scenarios/ind_scenarios_converter_2026_update/DEU_AachenFrankenburg-1_193620_T-3639.xml,323006,4aa7ed43d9e3012e7f3aef2d368b840293f7d6f57daf9d3450791a280954e085
DEU_AachenFrankenburg-1_194200_T-4219,scenarios/experiment_scenarios/ind_converter_2026/DEU_AachenFrankenburg-1_194200_T-4219.xml,historical_results,/data_linux/Lab/highD-cr-scenarios/ind_scenarios_converter_2026_update/DEU_AachenFrankenburg-1_194200_T-4219.xml,303130,756d6321481b5fe4a54ac676eb5c0adbddfb26914e06016180cab571589534be
DEU_AachenFrankenburg-1_194240_T-4259,scenarios/experiment_scenarios/ind_converter_2026/DEU_AachenFrankenburg-1_194240_T-4259.xml,historical_results,/data_linux/Lab/highD-cr-scenarios/ind_scenarios_converter_2026_update/DEU_AachenFrankenburg-1_194240_T-4259.xml,348707,5df35356106bbf669f4c101a6e8c43fe64b0c27818ad54abafd523a4974adb91
DEU_AachenFrankenburg-1_19980_T-999,scenarios/experiment_scenarios/ind_converter_2026/DEU_AachenFrankenburg-1_19980_T-999.xml,micp;sampling,/data_linux/Lab/highD-cr-scenarios/ind_scenarios_converter_2026_update/DEU_AachenFrankenburg-1_19980_T-999.xml,351195,12ced72ead7f5ded32c14e0fb14a635e46e47b2f45918194891f24398895a3bb
DEU_AachenFrankenburg-1_20100_T-119,scenarios/experiment_scenarios/ind_converter_2026/DEU_AachenFrankenburg-1_20100_T-119.xml,historical_results,/data_linux/Lab/highD-cr-scenarios/ind_scenarios_converter_2026_update/DEU_AachenFrankenburg-1_20100_T-119.xml,349933,16930bde93805e66f05b2d0d2350408787244da8761e44295bd3d56c164bb2fe
DEU_AachenFrankenburg-1_202240_T-2259,scenarios/experiment_scenarios/ind_converter_2026/DEU_AachenFrankenburg-1_202240_T-2259.xml,micp;sampling,/data_linux/Lab/highD-cr-scenarios/ind_scenarios_converter_2026_update/DEU_AachenFrankenburg-1_202240_T-2259.xml,305156,90f890e652a8122fcac7ab2cc6559d3f2750dd42c1f41e046d7616a54148a84e
DEU_AachenFrankenburg-1_202720_T-2739,scenarios/experiment_scenarios/ind_converter_2026/DEU_AachenFrankenburg-1_202720_T-2739.xml,micp;sampling,/data_linux/Lab/highD-cr-scenarios/ind_scenarios_converter_2026_update/DEU_AachenFrankenburg-1_202720_T-2739.xml,336645,68c1c4a6a010bd8e15a669386dfc12198b15e43c359df931f169e8d4a128d30f
DEU_AachenFrankenburg-1_202900_T-2919,scenarios/experiment_scenarios/ind_converter_2026/DEU_AachenFrankenburg-1_202900_T-2919.xml,micp;sampling,/data_linux/Lab/highD-cr-scenarios/ind_scenarios_converter_2026_update/DEU_AachenFrankenburg-1_202900_T-2919.xml,332621,7e51fd0a8f92c250c10c3df37650bff8890ecebd74aa59e1f180417311df0fb6
DEU_AachenFrankenburg-1_206360_T-6379,scenarios/experiment_scenarios/ind_converter_2026/DEU_AachenFrankenburg-1_206360_T-6379.xml,micp;sampling,/data_linux/Lab/highD-cr-scenarios/ind_scenarios_converter_2026_update/DEU_AachenFrankenburg-1_206360_T-6379.xml,374264,9306e8ed7b3ff01d36ebd5c803b5dfcd11a9d355a9b769aebe99d4970edfd739
DEU_AachenFrankenburg-1_211260_T-1279,scenarios/experiment_scenarios/ind_converter_2026/DEU_AachenFrankenburg-1_211260_T-1279.xml,historical_results,/data_linux/Lab/highD-cr-scenarios/ind_scenarios_converter_2026_update/DEU_AachenFrankenburg-1_211260_T-1279.xml,405216,30222b11474fc0962235ea7d1db915f135c4701a06c124f4ca1f9cc1effcaa05
DEU_AachenFrankenburg-1_211520_T-1539,scenarios/experiment_scenarios/ind_converter_2026/DEU_AachenFrankenburg-1_211520_T-1539.xml,micp;sampling,/data_linux/Lab/highD-cr-scenarios/ind_scenarios_converter_2026_update/DEU_AachenFrankenburg-1_211520_T-1539.xml,379502,65cf6c6f7c2d8c0aeaaa05181d8be8cdb8b5b77e23c39c43ddda54560a314a40
DEU_AachenFrankenburg-1_2120_T-39,scenarios/experiment_scenarios/ind_converter_2026/DEU_AachenFrankenburg-1_2120_T-39.xml,micp;sampling,/data_linux/Lab/highD-cr-scenarios/ind_scenarios_converter_2026_update/DEU_AachenFrankenburg-1_2120_T-39.xml,411275,1030713da66be739038919bf90c5d0a06b1ecb0703c584802d3925df2cf90fee
DEU_AachenFrankenburg-1_212700_T-2719,scenarios/experiment_scenarios/ind_converter_2026/DEU_AachenFrankenburg-1_212700_T-2719.xml,historical_results,/data_linux/Lab/highD-cr-scenarios/ind_scenarios_converter_2026_update/DEU_AachenFrankenburg-1_212700_T-2719.xml,408534,4019c47f11e83c1d95943c0aa1ac423a6dd708b570cd85b293ffcf3f05050da4
DEU_AachenFrankenburg-1_213160_T-3179,scenarios/experiment_scenarios/ind_converter_2026/DEU_AachenFrankenburg-1_213160_T-3179.xml,historical_results,/data_linux/Lab/highD-cr-scenarios/ind_scenarios_converter_2026_update/DEU_AachenFrankenburg-1_213160_T-3179.xml,415123,18048c92aa681595be1f23d266c2634554003ffa508b4b6a1eb73d943a4ac247
DEU_AachenFrankenburg-1_213400_T-3419,scenarios/experiment_scenarios/ind_converter_2026/DEU_AachenFrankenburg-1_213400_T-3419.xml,historical_results,/data_linux/Lab/highD-cr-scenarios/ind_scenarios_converter_2026_update/DEU_AachenFrankenburg-1_213400_T-3419.xml,320982,223e7f35db2c6de13155c8a10769771559f7cbc9ad760de7b4f6e30ac32a5452
DEU_AachenFrankenburg-1_215560_T-5579,scenarios/experiment_scenarios/ind_converter_2026/DEU_AachenFrankenburg-1_215560_T-5579.xml,micp;sampling,/data_linux/Lab/highD-cr-scenarios/ind_scenarios_converter_2026_update/DEU_AachenFrankenburg-1_215560_T-5579.xml,438203,50ac68a29af3d4f7026f8c18ce58822493290927823459014c4189d6c0d4ff8d
DEU_AachenFrankenburg-1_216200_T-6219,scenarios/experiment_scenarios/ind_converter_2026/DEU_AachenFrankenburg-1_216200_T-6219.xml,historical_results,/data_linux/Lab/highD-cr-scenarios/ind_scenarios_converter_2026_update/DEU_AachenFrankenburg-1_216200_T-6219.xml,401613,c5d2c6d04c971a5d6c2afb380890a4ce773f4f6a188d3531ff522b443d122df4
DEU_AachenFrankenburg-1_221380_T-1399,scenarios/experiment_scenarios/ind_converter_2026/DEU_AachenFrankenburg-1_221380_T-1399.xml,historical_results,/data_linux/Lab/highD-cr-scenarios/ind_scenarios_converter_2026_update/DEU_AachenFrankenburg-1_221380_T-1399.xml,429657,80e1aee5ed279dfb0b7488568247a880a3d4457553b3eeaa361cd3837d8e69e2
DEU_AachenFrankenburg-1_22140_T-159,scenarios/experiment_scenarios/ind_converter_2026/DEU_AachenFrankenburg-1_22140_T-159.xml,historical_results,/data_linux/Lab/highD-cr-scenarios/ind_scenarios_converter_2026_update/DEU_AachenFrankenburg-1_22140_T-159.xml,362544,b089936fa61f73a307dc77498d96c9ee0ea75b5ffe1ed5249a5f354057e5f301
DEU_AachenFrankenburg-1_223120_T-3139,scenarios/experiment_scenarios/ind_converter_2026/DEU_AachenFrankenburg-1_223120_T-3139.xml,micp;sampling,/data_linux/Lab/highD-cr-scenarios/ind_scenarios_converter_2026_update/DEU_AachenFrankenburg-1_223120_T-3139.xml,447477,51b3b10198dd9ba6e2f22266aa5e7b5a22b8746694ec9e3356cb37188408e7c9
DEU_AachenFrankenburg-1_224460_T-4479,scenarios/experiment_scenarios/ind_converter_2026/DEU_AachenFrankenburg-1_224460_T-4479.xml,historical_results,/data_linux/Lab/highD-cr-scenarios/ind_scenarios_converter_2026_update/DEU_AachenFrankenburg-1_224460_T-4479.xml,325896,4f158b78d552260ed6067f8583dab699ceca29426fe9ea2b1ef4186312575db9
DEU_AachenFrankenburg-1_225080_T-5099,scenarios/experiment_scenarios/ind_converter_2026/DEU_AachenFrankenburg-1_225080_T-5099.xml,historical_results,/data_linux/Lab/highD-cr-scenarios/ind_scenarios_converter_2026_update/DEU_AachenFrankenburg-1_225080_T-5099.xml,336980,bb6432699689735e00b7ad6ce5f178f963f94eaf4a3d93c7505c320feab90ade
DEU_AachenFrankenburg-1_225660_T-5679,scenarios/experiment_scenarios/ind_converter_2026/DEU_AachenFrankenburg-1_225660_T-5679.xml,historical_results,/data_linux/Lab/highD-cr-scenarios/ind_scenarios_converter_2026_update/DEU_AachenFrankenburg-1_225660_T-5679.xml,458733,8b64ac04a0d12234463653718f714273f421d73af9df291b41dfc593eabf05ff
DEU_AachenFrankenburg-1_233380_T-3399,scenarios/experiment_scenarios/ind_converter_2026/DEU_AachenFrankenburg-1_233380_T-3399.xml,micp;sampling,/data_linux/Lab/highD-cr-scenarios/ind_scenarios_converter_2026_update/DEU_AachenFrankenburg-1_233380_T-3399.xml,416733,8065985203ec82c784ac7b3baeab7ba17f60153ad94d471f58662b447feb52a8
DEU_AachenFrankenburg-1_233960_T-3979,scenarios/experiment_scenarios/ind_converter_2026/DEU_AachenFrankenburg-1_233960_T-3979.xml,micp;sampling,/data_linux/Lab/highD-cr-scenarios/ind_scenarios_converter_2026_update/DEU_AachenFrankenburg-1_233960_T-3979.xml,413912,46bc3c02db372238781f79037bf416a1157c33cc7107b110b7a62d7e9b2a2175
DEU_AachenFrankenburg-1_234880_T-4899,scenarios/experiment_scenarios/ind_converter_2026/DEU_AachenFrankenburg-1_234880_T-4899.xml,historical_results,/data_linux/Lab/highD-cr-scenarios/ind_scenarios_converter_2026_update/DEU_AachenFrankenburg-1_234880_T-4899.xml,390517,b463e06fa65e1352fc0c3816a4781a8d8a3755b4a1f25eda1c984b9dc9fc081e
DEU_AachenFrankenburg-1_243980_T-3999,scenarios/experiment_scenarios/ind_converter_2026/DEU_AachenFrankenburg-1_243980_T-3999.xml,micp;sampling,/data_linux/Lab/highD-cr-scenarios/ind_scenarios_converter_2026_update/DEU_AachenFrankenburg-1_243980_T-3999.xml,376154,da9cd833e0170cc9ceaa69a73848544261ecfedd15de2ec02d8dc7647c6731c9
DEU_AachenFrankenburg-1_25120_T-139,scenarios/experiment_scenarios/ind_converter_2026/DEU_AachenFrankenburg-1_25120_T-139.xml,micp;sampling,/data_linux/Lab/highD-cr-scenarios/ind_scenarios_converter_2026_update/DEU_AachenFrankenburg-1_25120_T-139.xml,334446,379f782369d6c519134c2cdcf08a0eb670110a897d75b97616d624ddf88b50a2
DEU_AachenFrankenburg-1_252140_T-2159,scenarios/experiment_scenarios/ind_converter_2026/DEU_AachenFrankenburg-1_252140_T-2159.xml,historical_results,/data_linux/Lab/highD-cr-scenarios/ind_scenarios_converter_2026_update/DEU_AachenFrankenburg-1_252140_T-2159.xml,321142,4e3f8b339888a8dbdbef07eda3a6eb6a592fcb66e00faed41a4340ed119fafb9
DEU_AachenFrankenburg-1_25240_T-259,scenarios/experiment_scenarios/ind_converter_2026/DEU_AachenFrankenburg-1_25240_T-259.xml,historical_results,/data_linux/Lab/highD-cr-scenarios/ind_scenarios_converter_2026_update/DEU_AachenFrankenburg-1_25240_T-259.xml,371866,16c75e5e9942fd00bbb64ffea44155232e807f161e4f4cfca2f05ea81f59774d
DEU_AachenFrankenburg-1_25280_T-299,scenarios/experiment_scenarios/ind_converter_2026/DEU_AachenFrankenburg-1_25280_T-299.xml,historical_results,/data_linux/Lab/highD-cr-scenarios/ind_scenarios_converter_2026_update/DEU_AachenFrankenburg-1_25280_T-299.xml,384873,08828eeb03ef421e29d45cb5ec77c5e24d46418474802b360b620877f5e9017e
DEU_AachenFrankenburg-1_253060_T-3079,scenarios/experiment_scenarios/ind_converter_2026/DEU_AachenFrankenburg-1_253060_T-3079.xml,micp;sampling,/data_linux/Lab/highD-cr-scenarios/ind_scenarios_converter_2026_update/DEU_AachenFrankenburg-1_253060_T-3079.xml,341254,2c167820eb50d46976a7794195ccdfb2bd32c10b50e33dfb7208020bba677c75
DEU_AachenFrankenburg-1_254980_T-4999,scenarios/experiment_scenarios/ind_converter_2026/DEU_AachenFrankenburg-1_254980_T-4999.xml,historical_results,/data_linux/Lab/highD-cr-scenarios/ind_scenarios_converter_2026_update/DEU_AachenFrankenburg-1_254980_T-4999.xml,362823,805ea0e1fb2dcdfffa6dd44873625e8e2e72f8e6c645e1f0fed94a0fdf156ebf
DEU_AachenFrankenburg-1_255300_T-5319,scenarios/experiment_scenarios/ind_converter_2026/DEU_AachenFrankenburg-1_255300_T-5319.xml,micp;sampling,/data_linux/Lab/highD-cr-scenarios/ind_scenarios_converter_2026_update/DEU_AachenFrankenburg-1_255300_T-5319.xml,304354,323d60e636581d93700be62154c517e3de101821a8d46d4c8cdad04a06394238
DEU_AachenFrankenburg-1_255460_T-5479,scenarios/experiment_scenarios/ind_converter_2026/DEU_AachenFrankenburg-1_255460_T-5479.xml,micp;sampling,/data_linux/Lab/highD-cr-scenarios/ind_scenarios_converter_2026_update/DEU_AachenFrankenburg-1_255460_T-5479.xml,359848,aae4859baa6ec10014a5a8213ada107d8a504e293aa163b862e03bf75159a2e0
DEU_AachenFrankenburg-1_261280_T-1299,scenarios/experiment_scenarios/ind_converter_2026/DEU_AachenFrankenburg-1_261280_T-1299.xml,historical_results,/data_linux/Lab/highD-cr-scenarios/ind_scenarios_converter_2026_update/DEU_AachenFrankenburg-1_261280_T-1299.xml,491793,1afad3f90139d5e743714b6bfcf59482e3d52f4caeebc1fadaac2d675a2cfab0
DEU_AachenFrankenburg-1_26500_T-519,scenarios/experiment_scenarios/ind_converter_2026/DEU_AachenFrankenburg-1_26500_T-519.xml,historical_results,/data_linux/Lab/highD-cr-scenarios/ind_scenarios_converter_2026_update/DEU_AachenFrankenburg-1_26500_T-519.xml,487701,e973d1e1eedaf58cc27963a0895c49b232a4251527f5fa243eec0554bdb1c97b
DEU_AachenFrankenburg-1_26540_T-559,scenarios/experiment_scenarios/ind_converter_2026/DEU_AachenFrankenburg-1_26540_T-559.xml,micp;sampling,/data_linux/Lab/highD-cr-scenarios/ind_scenarios_converter_2026_update/DEU_AachenFrankenburg-1_26540_T-559.xml,429124,0553046ac009443bbe961495dee83037684273dacd150d48e42993d8ccad6976
DEU_AachenFrankenburg-1_273460_T-3479,scenarios/experiment_scenarios/ind_converter_2026/DEU_AachenFrankenburg-1_273460_T-3479.xml,historical_results,/data_linux/Lab/highD-cr-scenarios/ind_scenarios_converter_2026_update/DEU_AachenFrankenburg-1_273460_T-3479.xml,540949,bfac04c930bed199452f4b506cafdb23b9575c58e10323f3da7c1255d4699e3f
DEU_AachenFrankenburg-1_281720_T-1739,scenarios/experiment_scenarios/ind_converter_2026/DEU_AachenFrankenburg-1_281720_T-1739.xml,micp;sampling,/data_linux/Lab/highD-cr-scenarios/ind_scenarios_converter_2026_update/DEU_AachenFrankenburg-1_281720_T-1739.xml,440206,94ed1c1e8add6ad23614d1883b7c0b8e63768b7c18fbbfa78771d88cac495dd2
DEU_AachenFrankenburg-1_281820_T-1839,scenarios/experiment_scenarios/ind_converter_2026/DEU_AachenFrankenburg-1_281820_T-1839.xml,micp;sampling,/data_linux/Lab/highD-cr-scenarios/ind_scenarios_converter_2026_update/DEU_AachenFrankenburg-1_281820_T-1839.xml,532479,e75b09d182f0cfd49c227873fc2403b660793d8601d360eef892464335b85b3e
DEU_AachenFrankenburg-1_28560_T-579,scenarios/experiment_scenarios/ind_converter_2026/DEU_AachenFrankenburg-1_28560_T-579.xml,historical_results,/data_linux/Lab/highD-cr-scenarios/ind_scenarios_converter_2026_update/DEU_AachenFrankenburg-1_28560_T-579.xml,414776,ad171b436109c79d6a7e4d47aad53154e58d74fb8df8cd58de403abb0e57ed93
DEU_MONAMerge-2_10001000_T-1019,scenarios/experiment_scenarios/mona/DEU_MONAMerge-2_10001000_T-1019.xml,micp,/data_linux/mona/scenarios/DEU_MONAMerge-2_10001000_T-1019.xml,80682,be4925b6bd7d1b5e8c4f0f2db58f32bf3b2c9322a0e7328ee9299c99e6043374
DEU_MONAMerge-2_10001020_T-1039,scenarios/experiment_scenarios/mona/DEU_MONAMerge-2_10001020_T-1039.xml,micp,/data_linux/mona/scenarios/DEU_MONAMerge-2_10001020_T-1039.xml,78575,9d8818f4251a45737cd9c1a513d11c127ba763ab0eac1ee1def425b449e18574
DEU_MONAMerge-2_10001040_T-1059,scenarios/experiment_scenarios/mona/DEU_MONAMerge-2_10001040_T-1059.xml,micp,/data_linux/mona/scenarios/DEU_MONAMerge-2_10001040_T-1059.xml,66304,2dcd6c3c659a8db48765ac43a86754c088b406e5b15f545c2f3036a51207f760
DEU_MONAMerge-2_1000120_T-139,scenarios/experiment_scenarios/mona/DEU_MONAMerge-2_1000120_T-139.xml,micp,/data_linux/mona/scenarios/DEU_MONAMerge-2_1000120_T-139.xml,66535,ac2319a2bb710d55e0d22fe123739ad94d040462cf04a672682087f46fa83cbd
DEU_MONAMerge-2_10001220_T-1239,scenarios/experiment_scenarios/mona/DEU_MONAMerge-2_10001220_T-1239.xml,micp,/data_linux/mona/scenarios/DEU_MONAMerge-2_10001220_T-1239.xml,64640,08b45dccc27c2f9504487f840c573e9bee8f2934ebe0b825117b9c93b36ed5a6
DEU_MONAMerge-2_10001320_T-1339,scenarios/experiment_scenarios/mona/DEU_MONAMerge-2_10001320_T-1339.xml,micp,/data_linux/mona/scenarios/DEU_MONAMerge-2_10001320_T-1339.xml,51669,62c3597b6c4fe058936e4b6b565ad1097a66ddb14ad91282d1aee20b977ffee6
DEU_MONAMerge-2_10001480_T-1499,scenarios/experiment_scenarios/mona/DEU_MONAMerge-2_10001480_T-1499.xml,micp,/data_linux/mona/scenarios/DEU_MONAMerge-2_10001480_T-1499.xml,76111,253aa9c8c99f3f0b109da16b5116120b4f1cca2f8f84f4f689ec465d5d880386
DEU_MONAMerge-2_10001500_T-1519,scenarios/experiment_scenarios/mona/DEU_MONAMerge-2_10001500_T-1519.xml,micp,/data_linux/mona/scenarios/DEU_MONAMerge-2_10001500_T-1519.xml,63448,93e277e31e7014cf3f8a9cbf543d19d460606fa054486432a7c3d101977a535f
DEU_MONAMerge-2_10001600_T-1619,scenarios/experiment_scenarios/mona/DEU_MONAMerge-2_10001600_T-1619.xml,micp,/data_linux/mona/scenarios/DEU_MONAMerge-2_10001600_T-1619.xml,69386,989b50bb399254ac690738376ecab729c4c53c88e2757ad6e40ffca6e909ca03
DEU_MONAMerge-2_1000160_T-179,scenarios/experiment_scenarios/mona/DEU_MONAMerge-2_1000160_T-179.xml,micp,/data_linux/mona/scenarios/DEU_MONAMerge-2_1000160_T-179.xml,67149,c5b9e4c7189fc2be65dbc9b73eab8badc2c8b2f7380064f39f48904fbf584dfe
DEU_MONAMerge-2_10001720_T-1739,scenarios/experiment_scenarios/mona/DEU_MONAMerge-2_10001720_T-1739.xml,micp,/data_linux/mona/scenarios/DEU_MONAMerge-2_10001720_T-1739.xml,52998,5c7b871d3c6512e94d67ab2ff0d5ae2fb01b19818e369671a074c6307a330d70
DEU_MONAMerge-2_10001900_T-1919,scenarios/experiment_scenarios/mona/DEU_MONAMerge-2_10001900_T-1919.xml,micp,/data_linux/mona/scenarios/DEU_MONAMerge-2_10001900_T-1919.xml,54253,664892449d54e90cc0b8f71b97483c691492a2fded932a816b886ba9f85fb8ef
DEU_MONAMerge-2_10001920_T-1939,scenarios/experiment_scenarios/mona/DEU_MONAMerge-2_10001920_T-1939.xml,micp,/data_linux/mona/scenarios/DEU_MONAMerge-2_10001920_T-1939.xml,50142,e6093a4ee2b09ae8ab3d760791b7f33fcebc4f51233115c02a5f9aafe8d9de9d
DEU_MONAMerge-2_10002000_T-2019,scenarios/experiment_scenarios/mona/DEU_MONAMerge-2_10002000_T-2019.xml,micp,/data_linux/mona/scenarios/DEU_MONAMerge-2_10002000_T-2019.xml,56051,4ec035c2021f8d7b2953eaca07bff99e0ce02e714b54f910462c1e2cb4c9c75c
DEU_MONAMerge-2_10002060_T-2079,scenarios/experiment_scenarios/mona/DEU_MONAMerge-2_10002060_T-2079.xml,micp,/data_linux/mona/scenarios/DEU_MONAMerge-2_10002060_T-2079.xml,50592,3c3f2be5cf1bd236d870f6db122e84d82ca525630351282eb7436b293234602a
DEU_MONAMerge-2_10002120_T-2139,scenarios/experiment_scenarios/mona/DEU_MONAMerge-2_10002120_T-2139.xml,micp,/data_linux/mona/scenarios/DEU_MONAMerge-2_10002120_T-2139.xml,84086,9edaaea787ed49959a1852d59bdab90662bd4f2724981df3d7b0124ac740be34
DEU_MONAMerge-2_10002140_T-2159,scenarios/experiment_scenarios/mona/DEU_MONAMerge-2_10002140_T-2159.xml,micp,/data_linux/mona/scenarios/DEU_MONAMerge-2_10002140_T-2159.xml,65413,07162513350ba1fd43e8a975dc7a2a3f3b4502b9bf531b23f9b29262b5aea1cb
DEU_MONAMerge-2_10002180_T-2199,scenarios/experiment_scenarios/mona/DEU_MONAMerge-2_10002180_T-2199.xml,micp,/data_linux/mona/scenarios/DEU_MONAMerge-2_10002180_T-2199.xml,60577,4849b9207f7e4688401cfaa728a146542b3892de2fc933cee76a7796af2f83e4
DEU_MONAMerge-2_10002200_T-2219,scenarios/experiment_scenarios/mona/DEU_MONAMerge-2_10002200_T-2219.xml,micp,/data_linux/mona/scenarios/DEU_MONAMerge-2_10002200_T-2219.xml,58386,4b1f4d68e24ec0dbd9cc301eed0b7496b5e1201be0cb147a23e9e05764468b24
DEU_MONAMerge-2_10002380_T-2399,scenarios/experiment_scenarios/mona/DEU_MONAMerge-2_10002380_T-2399.xml,micp,/data_linux/mona/scenarios/DEU_MONAMerge-2_10002380_T-2399.xml,60528,c2627c2ae3262568de6a612175209c9e89a8fd2b0759318feb5b58a550576cd8
DEU_MONAMerge-2_10002440_T-2459,scenarios/experiment_scenarios/mona/DEU_MONAMerge-2_10002440_T-2459.xml,micp,/data_linux/mona/scenarios/DEU_MONAMerge-2_10002440_T-2459.xml,47963,692e54662e594605102734895766c2af21c7578fe969d88d65804af3acda0fcf
DEU_MONAMerge-2_10002480_T-2499,scenarios/experiment_scenarios/mona/DEU_MONAMerge-2_10002480_T-2499.xml,micp,/data_linux/mona/scenarios/DEU_MONAMerge-2_10002480_T-2499.xml,54497,1d7fc47ba1e486291b3b96e074bd063c276a2acb8567c5d0be39be7bb580ae43
DEU_MONAMerge-2_10002580_T-2599,scenarios/experiment_scenarios/mona/DEU_MONAMerge-2_10002580_T-2599.xml,micp,/data_linux/mona/scenarios/DEU_MONAMerge-2_10002580_T-2599.xml,67195,49d106293aed011ab9bdb0bbcf7208773a9662abc90c0c4a3267ea4579b84815
DEU_MONAMerge-2_10002780_T-2799,scenarios/experiment_scenarios/mona/DEU_MONAMerge-2_10002780_T-2799.xml,micp,/data_linux/mona/scenarios/DEU_MONAMerge-2_10002780_T-2799.xml,49624,84063451225c9d68165f9aecb78a281649fed6681ba46da007eb034ddac4a87b
DEU_MONAMerge-2_10002820_T-2839,scenarios/experiment_scenarios/mona/DEU_MONAMerge-2_10002820_T-2839.xml,micp,/data_linux/mona/scenarios/DEU_MONAMerge-2_10002820_T-2839.xml,50590,7b9d9d687f944b4228afc3c02b0f7f6adb59e7d62225ca26498eb4ac7589ed4b
DEU_MONAMerge-2_10002920_T-2939,scenarios/experiment_scenarios/mona/DEU_MONAMerge-2_10002920_T-2939.xml,micp,/data_linux/mona/scenarios/DEU_MONAMerge-2_10002920_T-2939.xml,44249,a3e43e128ae41da919ebc005d755ea5d58b5150a8bce5d84bdc86ac3bc7f2434
DEU_MONAMerge-2_1000340_T-359,scenarios/experiment_scenarios/mona/DEU_MONAMerge-2_1000340_T-359.xml,micp,/data_linux/mona/scenarios/DEU_MONAMerge-2_1000340_T-359.xml,50510,21c79ff297173b8f836d6f53d684f52de49530cd695cf23656f9db7fe42071f6
DEU_MONAMerge-2_10003680_T-3699,scenarios/experiment_scenarios/mona/DEU_MONAMerge-2_10003680_T-3699.xml,micp,/data_linux/mona/scenarios/DEU_MONAMerge-2_10003680_T-3699.xml,61088,e4aeadd32a8737bd8419ac9298510adf844501916899416992e4eb53a4435885
DEU_MONAMerge-2_10003840_T-3859,scenarios/experiment_scenarios/mona/DEU_MONAMerge-2_10003840_T-3859.xml,micp,/data_linux/mona/scenarios/DEU_MONAMerge-2_10003840_T-3859.xml,74824,4947d193cf045d0b5103bb9e2b9b57f64dc98008821d792d9f92d53303a92941
DEU_MONAMerge-2_10003880_T-3899,scenarios/experiment_scenarios/mona/DEU_MONAMerge-2_10003880_T-3899.xml,micp,/data_linux/mona/scenarios/DEU_MONAMerge-2_10003880_T-3899.xml,62142,80eaec26873ea8dcb45377e226e45fcbc4149f3c7ceced8b7004c757953952c1
DEU_MONAMerge-2_10003960_T-3979,scenarios/experiment_scenarios/mona/DEU_MONAMerge-2_10003960_T-3979.xml,micp,/data_linux/mona/scenarios/DEU_MONAMerge-2_10003960_T-3979.xml,69335,c85da88b7886da31a675b450b47fa2ab4a5f863ae322074448ddc4d1c56467b6
DEU_MONAMerge-2_10004120_T-4139,scenarios/experiment_scenarios/mona/DEU_MONAMerge-2_10004120_T-4139.xml,micp,/data_linux/mona/scenarios/DEU_MONAMerge-2_10004120_T-4139.xml,70040,13d258e57a43eb01f0c1eb149bef145e580668376a1842c245802580abf924f9
DEU_MONAMerge-2_10004160_T-4179,scenarios/experiment_scenarios/mona/DEU_MONAMerge-2_10004160_T-4179.xml,micp,/data_linux/mona/scenarios/DEU_MONAMerge-2_10004160_T-4179.xml,56661,51721dd3feb6771013045492c9993143bfe1784ab9a39024d544031209283ab8
DEU_MONAMerge-2_10004300_T-4319,scenarios/experiment_scenarios/mona/DEU_MONAMerge-2_10004300_T-4319.xml,micp,/data_linux/mona/scenarios/DEU_MONAMerge-2_10004300_T-4319.xml,43781,79d1e2586008158278b65945b9d47d69bc74ec84ca94ad410fb3d9c46f871f9c
DEU_MONAMerge-2_10004400_T-4419,scenarios/experiment_scenarios/mona/DEU_MONAMerge-2_10004400_T-4419.xml,micp,/data_linux/mona/scenarios/DEU_MONAMerge-2_10004400_T-4419.xml,59342,6c85172c0676d60cf40b2b93a4032dab2643cf7152ef86cb0cdf3d056a11c9e5
DEU_MONAMerge-2_10004460_T-4479,scenarios/experiment_scenarios/mona/DEU_MONAMerge-2_10004460_T-4479.xml,micp,/data_linux/mona/scenarios/DEU_MONAMerge-2_10004460_T-4479.xml,46821,9a5f2963c08658ffff396f41d0ea063d424df38e170f3a173ae04d75c06f69b0
DEU_MONAMerge-2_10004480_T-4499,scenarios/experiment_scenarios/mona/DEU_MONAMerge-2_10004480_T-4499.xml,micp,/data_linux/mona/scenarios/DEU_MONAMerge-2_10004480_T-4499.xml,38943,deb3422cb4554b6a7f62a3187e51f4d9b17762ea16ad68cc4bc9057012a31c3a
DEU_MONAMerge-2_10004500_T-4519,scenarios/experiment_scenarios/mona/DEU_MONAMerge-2_10004500_T-4519.xml,micp,/data_linux/mona/scenarios/DEU_MONAMerge-2_10004500_T-4519.xml,45516,eff865e452503d8862fce59db0d5533a04ee8f02fc89cdb29b7e326faa070205
DEU_MONAMerge-2_10004520_T-4539,scenarios/experiment_scenarios/mona/DEU_MONAMerge-2_10004520_T-4539.xml,micp,/data_linux/mona/scenarios/DEU_MONAMerge-2_10004520_T-4539.xml,47713,bbdb1761181f8dbbd46c5072fcf68168c73aaf90d732f4c7d239f0b1a5cdf31f
DEU_MONAMerge-2_10004960_T-4979,scenarios/experiment_scenarios/mona/DEU_MONAMerge-2_10004960_T-4979.xml,micp,/data_linux/mona/scenarios/DEU_MONAMerge-2_10004960_T-4979.xml,54365,d85f4c82fd3a2426adeb74b67891463c0b3a9f04c39045c81c69154ab4d4a624
DEU_MONAMerge-2_10005000_T-5019,scenarios/experiment_scenarios/mona/DEU_MONAMerge-2_10005000_T-5019.xml,micp,/data_linux/mona/scenarios/DEU_MONAMerge-2_10005000_T-5019.xml,75098,a0efb655933ef9ec14c43a56746b8d6f59dcf2bcfe0b8193a0bd1e2e71080c6a
DEU_MONAMerge-2_10005080_T-5099,scenarios/experiment_scenarios/mona/DEU_MONAMerge-2_10005080_T-5099.xml,micp,/data_linux/mona/scenarios/DEU_MONAMerge-2_10005080_T-5099.xml,56458,41a6ed0c8c287b78dd56d3847d45f1f60e0ba204ce2934b12c9369fe085eecc3
DEU_MONAMerge-2_10005280_T-5299,scenarios/experiment_scenarios/mona/DEU_MONAMerge-2_10005280_T-5299.xml,micp,/data_linux/mona/scenarios/DEU_MONAMerge-2_10005280_T-5299.xml,79232,221fd15228cd82afd820e5b8ccab34d6bd19324235ce78adf3694114d0aa76d0
DEU_MONAMerge-2_10005380_T-5399,scenarios/experiment_scenarios/mona/DEU_MONAMerge-2_10005380_T-5399.xml,micp,/data_linux/mona/scenarios/DEU_MONAMerge-2_10005380_T-5399.xml,78747,cff9df055fadb8eda37e6b96dc33c8406e25464e3e36697f621f5d6af913b203
DEU_MONAMerge-2_1000540_T-559,scenarios/experiment_scenarios/mona/DEU_MONAMerge-2_1000540_T-559.xml,micp,/data_linux/mona/scenarios/DEU_MONAMerge-2_1000540_T-559.xml,44428,3f7a4f4433566b47777220a745154db8cf4ec8f8a6c40cbddf16a70430e1902e
DEU_MONAMerge-2_10005460_T-5479,scenarios/experiment_scenarios/mona/DEU_MONAMerge-2_10005460_T-5479.xml,micp,/data_linux/mona/scenarios/DEU_MONAMerge-2_10005460_T-5479.xml,76154,b265e353a9bcde0a13847307ecd36a15b8446d76f094484ab0fad456679bc5e2
DEU_MONAMerge-2_10005480_T-5499,scenarios/experiment_scenarios/mona/DEU_MONAMerge-2_10005480_T-5499.xml,micp,/data_linux/mona/scenarios/DEU_MONAMerge-2_10005480_T-5499.xml,67412,a4eae80ccb9abf1666bdc79f24ba2f79ba314b7415faa47dd3d5332fb8de8b7e
DEU_MONAMerge-2_10005520_T-5539,scenarios/experiment_scenarios/mona/DEU_MONAMerge-2_10005520_T-5539.xml,micp,/data_linux/mona/scenarios/DEU_MONAMerge-2_10005520_T-5539.xml,41614,f6d51a367d41be86bc88c5c834b12ad1b3ad74ffd1092843358468d5b1c2139d
DEU_MONAMerge-2_10005540_T-5559,scenarios/experiment_scenarios/mona/DEU_MONAMerge-2_10005540_T-5559.xml,micp,/data_linux/mona/scenarios/DEU_MONAMerge-2_10005540_T-5559.xml,57819,7bcc2a402b7cefd7df899351bfc2651033e6a30bae18aaa8698172bd39081829
DEU_MONAMerge-2_10005840_T-5859,scenarios/experiment_scenarios/mona/DEU_MONAMerge-2_10005840_T-5859.xml,micp,/data_linux/mona/scenarios/DEU_MONAMerge-2_10005840_T-5859.xml,91015,7fe05a48842a2b6f88b7eccbab56a27a02360680f691bd41adab83f2317a684a
DEU_MONAMerge-2_10005860_T-5879,scenarios/experiment_scenarios/mona/DEU_MONAMerge-2_10005860_T-5879.xml,micp,/data_linux/mona/scenarios/DEU_MONAMerge-2_10005860_T-5879.xml,106714,30a6ec10c42f7f1e5ce41143071e4dfe9df9ec8d4627371bfd562a8608a69554
DEU_MONAMerge-2_10006000_T-6019,scenarios/experiment_scenarios/mona/DEU_MONAMerge-2_10006000_T-6019.xml,micp,/data_linux/mona/scenarios/DEU_MONAMerge-2_10006000_T-6019.xml,33495,b2b3afe1a400f79386e0509597811389b7972a7d7a3056ad9f437b967ce54d9a
DEU_MONAMerge-2_10006080_T-6099,scenarios/experiment_scenarios/mona/DEU_MONAMerge-2_10006080_T-6099.xml,micp,/data_linux/mona/scenarios/DEU_MONAMerge-2_10006080_T-6099.xml,78803,34268a97d702a2d6d36227e3b7a9f7cd9f5b2399c4b351b54b8fde6e8e3b92ee
DEU_MONAMerge-2_10006100_T-6119,scenarios/experiment_scenarios/mona/DEU_MONAMerge-2_10006100_T-6119.xml,micp,/data_linux/mona/scenarios/DEU_MONAMerge-2_10006100_T-6119.xml,57521,9cf65249af5c2bc45d9b1a1374379a19e27dd2cfa080a1e7178e62b58267d297
DEU_MONAMerge-2_10006120_T-6139,scenarios/experiment_scenarios/mona/DEU_MONAMerge-2_10006120_T-6139.xml,micp,/data_linux/mona/scenarios/DEU_MONAMerge-2_10006120_T-6139.xml,47068,1bdc930e2e03c93dd5cac52fcebfb1f8b45f67d736bae55af0eb448d03067c31
DEU_MONAMerge-2_10006160_T-6179,scenarios/experiment_scenarios/mona/DEU_MONAMerge-2_10006160_T-6179.xml,micp,/data_linux/mona/scenarios/DEU_MONAMerge-2_10006160_T-6179.xml,39599,5688ad18b77d65547607aff0600eb4ac5fed5e5c5ebdb172db27cd8b6c6fafbe
DEU_MONAMerge-2_10006200_T-6219,scenarios/experiment_scenarios/mona/DEU_MONAMerge-2_10006200_T-6219.xml,micp,/data_linux/mona/scenarios/DEU_MONAMerge-2_10006200_T-6219.xml,42022,7a62de1f315ced94c063749d2e9616960722533e86bee941735fc240635a2b37
DEU_MONAMerge-2_1000640_T-659,scenarios/experiment_scenarios/mona/DEU_MONAMerge-2_1000640_T-659.xml,micp,/data_linux/mona/scenarios/DEU_MONAMerge-2_1000640_T-659.xml,41778,3c15b6dd21d0f046506bef8330d727ec0ad47fe864d6b8be79cb520b1b1e0657
DEU_MONAMerge-2_10006480_T-6499,scenarios/experiment_scenarios/mona/DEU_MONAMerge-2_10006480_T-6499.xml,micp,/data_linux/mona/scenarios/DEU_MONAMerge-2_10006480_T-6499.xml,42032,ab442a823615b2b14caff160d58dcc141ee2ab4bd67dc43400c7a7d40dcf7436
DEU_MONAMerge-2_10006660_T-6679,scenarios/experiment_scenarios/mona/DEU_MONAMerge-2_10006660_T-6679.xml,micp,/data_linux/mona/scenarios/DEU_MONAMerge-2_10006660_T-6679.xml,80563,433cef36c7e2ca81788d455c40b7e22444fe31d72d5d5dbb71afa837fb5c3867
DEU_MONAMerge-2_10006820_T-6839,scenarios/experiment_scenarios/mona/DEU_MONAMerge-2_10006820_T-6839.xml,micp,/data_linux/mona/scenarios/DEU_MONAMerge-2_10006820_T-6839.xml,57334,682b68ec46a621e69a5114bb920dbbfdf170eeae96310a9f0fb8bd3002b1ac66
DEU_MONAMerge-2_10007040_T-7059,scenarios/experiment_scenarios/mona/DEU_MONAMerge-2_10007040_T-7059.xml,micp,/data_linux/mona/scenarios/DEU_MONAMerge-2_10007040_T-7059.xml,42285,4787c0b973898dfc2fe1ca6b3eb368f8a6920d38a1607a81fa0cf2c0cfafed28
DEU_MONAMerge-2_10007160_T-7179,scenarios/experiment_scenarios/mona/DEU_MONAMerge-2_10007160_T-7179.xml,micp,/data_linux/mona/scenarios/DEU_MONAMerge-2_10007160_T-7179.xml,69957,72343dbc8196e75470da85d24926559b4ef547982fceaa868a713aec56548880
DEU_MONAMerge-2_10007240_T-7259,scenarios/experiment_scenarios/mona/DEU_MONAMerge-2_10007240_T-7259.xml,micp,/data_linux/mona/scenarios/DEU_MONAMerge-2_10007240_T-7259.xml,81823,1575dc86a37b0fbc3ff9028dc9f21db7bff56d899e054ebf8728a5ee827eb4e9
DEU_MONAMerge-2_1000840_T-859,scenarios/experiment_scenarios/mona/DEU_MONAMerge-2_1000840_T-859.xml,micp,/data_linux/mona/scenarios/DEU_MONAMerge-2_1000840_T-859.xml,91839,7ea0c71f5bebf4977eda050fbc0d870ffcfb9f63077ab816bab8eafef72aa75c
DEU_MONAMerge-2_1000980_T-999,scenarios/experiment_scenarios/mona/DEU_MONAMerge-2_1000980_T-999.xml,micp,/data_linux/mona/scenarios/DEU_MONAMerge-2_1000980_T-999.xml,60816,d9642066f0af5690575caf76f3d8f792ec3de8babbbd0b74fa22781572e8c89c
DEU_MONAMerge-2_1001100_T-119,scenarios/experiment_scenarios/mona/DEU_MONAMerge-2_1001100_T-119.xml,micp,/data_linux/mona/scenarios/DEU_MONAMerge-2_1001100_T-119.xml,65441,d5ea5c690add977db41ffb2cf2ae5c0cfd0241cbecfc7da1f64a8b274a82c8b8
DEU_MONAMerge-2_10011100_T-1119,scenarios/experiment_scenarios/mona/DEU_MONAMerge-2_10011100_T-1119.xml,micp,/data_linux/mona/scenarios/DEU_MONAMerge-2_10011100_T-1119.xml,68682,dee9a517ca271e3c37c3fc4b2769e2f969d4691ff4375ea6143d22f43537e345
DEU_MONAMerge-2_10011120_T-1139,scenarios/experiment_scenarios/mona/DEU_MONAMerge-2_10011120_T-1139.xml,micp,/data_linux/mona/scenarios/DEU_MONAMerge-2_10011120_T-1139.xml,55829,b3bda309d59482c8cef7ca2d1b9abef000f4b3d557fa749bb95af8f3b2107271
DEU_MONAMerge-2_10011180_T-1199,scenarios/experiment_scenarios/mona/DEU_MONAMerge-2_10011180_T-1199.xml,micp,/data_linux/mona/scenarios/DEU_MONAMerge-2_10011180_T-1199.xml,64304,7240b99d3d8ff3ab2cda8fc66dc9101fb02d11ad3e0c6055593d67d29585ebbb
DEU_MONAMerge-2_1001120_T-139,scenarios/experiment_scenarios/mona/DEU_MONAMerge-2_1001120_T-139.xml,micp,/data_linux/mona/scenarios/DEU_MONAMerge-2_1001120_T-139.xml,70037,939123bf79f7d5fde3d460b97f2db483012d13f32e384debef03ae56e85d469d
DEU_AachenFrankenburg-1_201920_T-1939_in3_safe_variant_00,scenarios/experiment_scenarios/variants/in3/DEU_AachenFrankenburg-1_201920_T-1939_in3_safe_variant_00.xml,micp;sampling,/data_linux/Lab/commonroad-repairer-vp/scenarios/in3_generate/DEU_AachenFrankenburg-1_201920_T-1939_in3_safe_variant_00.xml,287000,eb034966c663903c4f73cc8ef637f8003d50892fbb2bdfd34f8d34f764aeb0a4
DEU_AachenFrankenburg-1_201920_T-1939_in3_safe_variant_01,scenarios/experiment_scenarios/variants/in3/DEU_AachenFrankenburg-1_201920_T-1939_in3_safe_variant_01.xml,micp;sampling,/data_linux/Lab/commonroad-repairer-vp/scenarios/in3_generate/DEU_AachenFrankenburg-1_201920_T-1939_in3_safe_variant_01.xml,287000,177a0d928377eebb2840998aeeb0e398f59f33e7a33b41d7b54d67159d5a9879
DEU_AachenFrankenburg-1_212980_T-2999_in3_safe_variant_02,scenarios/experiment_scenarios/variants/in3/DEU_AachenFrankenburg-1_212980_T-2999_in3_safe_variant_02.xml,historical_results,/data_linux/Lab/commonroad-repairer-vp/scenarios/in3_generate/DEU_AachenFrankenburg-1_212980_T-2999_in3_safe_variant_02.xml,390282,3237246a8e28f613807c50ed80e57f5e6716f3c2ce7b8f63a15daefe42dd8055
DEU_AachenFrankenburg-1_212980_T-2999_in3_safe_variant_03,scenarios/experiment_scenarios/variants/in3/DEU_AachenFrankenburg-1_212980_T-2999_in3_safe_variant_03.xml,historical_results,/data_linux/Lab/commonroad-repairer-vp/scenarios/in3_generate/DEU_AachenFrankenburg-1_212980_T-2999_in3_safe_variant_03.xml,390284,13e8faea87d2b2a8c90f50e7bee0674ae3554259cddc568aff9e7e3c0c6c313f
DEU_AachenFrankenburg-1_212980_T-2999_in3_safe_variant_56,scenarios/experiment_scenarios/variants/in3/DEU_AachenFrankenburg-1_212980_T-2999_in3_safe_variant_56.xml,historical_results,/data_linux/Lab/commonroad-repairer-vp/scenarios/in3_generate/DEU_AachenFrankenburg-1_212980_T-2999_in3_safe_variant_56.xml,390286,74cdb1b8868425106c3c2c668e55df8a7bb3a9bad6bbae29173a5580608056b8
DEU_AachenFrankenburg-1_214320_T-4339_in3_safe_variant_04,scenarios/experiment_scenarios/variants/in3/DEU_AachenFrankenburg-1_214320_T-4339_in3_safe_variant_04.xml,micp;sampling,/data_linux/Lab/commonroad-repairer-vp/scenarios/in3_generate/DEU_AachenFrankenburg-1_214320_T-4339_in3_safe_variant_04.xml,466435,8561c5395316c30f9ed661e7c6080711df578d003bc73c6db0eb679c19b8c9d9
DEU_AachenFrankenburg-1_214320_T-4339_in3_safe_variant_47,scenarios/experiment_scenarios/variants/in3/DEU_AachenFrankenburg-1_214320_T-4339_in3_safe_variant_47.xml,micp;sampling,/data_linux/Lab/commonroad-repairer-vp/scenarios/in3_generate/DEU_AachenFrankenburg-1_214320_T-4339_in3_safe_variant_47.xml,466435,57f6e2e3fa262591f38d3e801a63d36642796c16c9c9b690d36da1a2126f6f4c
DEU_AachenFrankenburg-1_214320_T-4339_in3_safe_variant_57,scenarios/experiment_scenarios/variants/in3/DEU_AachenFrankenburg-1_214320_T-4339_in3_safe_variant_57.xml,micp;sampling,/data_linux/Lab/commonroad-repairer-vp/scenarios/in3_generate/DEU_AachenFrankenburg-1_214320_T-4339_in3_safe_variant_57.xml,466435,dff8e43c24c4ae1d2acf77146723468070b471b5dde4f589452ed2c49bea3acf
DEU_AachenFrankenburg-1_231880_T-1899_in3_safe_variant_06,scenarios/experiment_scenarios/variants/in3/DEU_AachenFrankenburg-1_231880_T-1899_in3_safe_variant_06.xml,micp;sampling,/data_linux/Lab/commonroad-repairer-vp/scenarios/in3_generate/DEU_AachenFrankenburg-1_231880_T-1899_in3_safe_variant_06.xml,501210,859664ec95fc83adc711487aeebb0162030fa8b67fda85bb9106bdf082dc026e
DEU_AachenFrankenburg-1_231880_T-1899_in3_safe_variant_07,scenarios/experiment_scenarios/variants/in3/DEU_AachenFrankenburg-1_231880_T-1899_in3_safe_variant_07.xml,micp;sampling,/data_linux/Lab/commonroad-repairer-vp/scenarios/in3_generate/DEU_AachenFrankenburg-1_231880_T-1899_in3_safe_variant_07.xml,501210,72d28aa503fbc67fee80d2b217da1aa49e1d6dc4a22e08e7d9b7aff140085db1
DEU_AachenFrankenburg-1_231880_T-1899_in3_safe_variant_48,scenarios/experiment_scenarios/variants/in3/DEU_AachenFrankenburg-1_231880_T-1899_in3_safe_variant_48.xml,micp;sampling,/data_linux/Lab/commonroad-repairer-vp/scenarios/in3_generate/DEU_AachenFrankenburg-1_231880_T-1899_in3_safe_variant_48.xml,501210,f7f687ca755325aefdbe2acb9df601b5750a1e750d5e7a3839716c29056e0540
DEU_AachenFrankenburg-1_231880_T-1899_in3_safe_variant_58,scenarios/experiment_scenarios/variants/in3/DEU_AachenFrankenburg-1_231880_T-1899_in3_safe_variant_58.xml,micp;sampling,/data_linux/Lab/commonroad-repairer-vp/scenarios/in3_generate/DEU_AachenFrankenburg-1_231880_T-1899_in3_safe_variant_58.xml,501209,ebcc0832e8740e91c48218e3d37f53c6ba4d5bf306b9881eb066f18e5d2ea376
DEU_AachenFrankenburg-1_26540_T-559_in3_safe_variant_32,scenarios/experiment_scenarios/variants/in3/DEU_AachenFrankenburg-1_26540_T-559_in3_safe_variant_32.xml,micp;sampling,/data_linux/Lab/commonroad-repairer-vp/scenarios/in3_generate/DEU_AachenFrankenburg-1_26540_T-559_in3_safe_variant_32.xml,471751,214b22f9556e476d8b0e7b760cf4dceb2ef5c773af1ce4f3bcae16c6d9b1cc75
DEU_AachenFrankenburg-1_26540_T-559_in3_safe_variant_40,scenarios/experiment_scenarios/variants/in3/DEU_AachenFrankenburg-1_26540_T-559_in3_safe_variant_40.xml,micp;sampling,/data_linux/Lab/commonroad-repairer-vp/scenarios/in3_generate/DEU_AachenFrankenburg-1_26540_T-559_in3_safe_variant_40.xml,471752,045ad3f3cb5b080a58e5bdc1096cf5a93a5f17a8dd2f6091fe9f412535ca06ae
DEU_AachenFrankenburg-1_26540_T-559_in3_safe_variant_50,scenarios/experiment_scenarios/variants/in3/DEU_AachenFrankenburg-1_26540_T-559_in3_safe_variant_50.xml,micp;sampling,/data_linux/Lab/commonroad-repairer-vp/scenarios/in3_generate/DEU_AachenFrankenburg-1_26540_T-559_in3_safe_variant_50.xml,471752,fcc3966a81df96ec8d6e0f019ff34a9437ae19fa183bd4941aa02a39b5c9f688
DEU_AachenFrankenburg-1_26540_T-559_in3_safe_variant_60,scenarios/experiment_scenarios/variants/in3/DEU_AachenFrankenburg-1_26540_T-559_in3_safe_variant_60.xml,micp;sampling,/data_linux/Lab/commonroad-repairer-vp/scenarios/in3_generate/DEU_AachenFrankenburg-1_26540_T-559_in3_safe_variant_60.xml,471753,0b6c317be835456b7895a7b49e2a540452be2b650055eacb0a85b489be2864e9
DEU_AachenFrankenburg-1_281480_T-1499_in3_safe_variant_27,scenarios/experiment_scenarios/variants/in3/DEU_AachenFrankenburg-1_281480_T-1499_in3_safe_variant_27.xml,historical_results,/data_linux/Lab/commonroad-repairer-vp/scenarios/in3_generate/DEU_AachenFrankenburg-1_281480_T-1499_in3_safe_variant_27.xml,511493,9e3cf5e32c234a09d324f1e5c25668c9a66b84aea2253425fd1a41e7fcd90b06
DEU_AachenFrankenburg-1_291080_T-1099_in3_safe_variant_35,scenarios/experiment_scenarios/variants/in3/DEU_AachenFrankenburg-1_291080_T-1099_in3_safe_variant_35.xml,micp;sampling,/data_linux/Lab/commonroad-repairer-vp/scenarios/in3_generate/DEU_AachenFrankenburg-1_291080_T-1099_in3_safe_variant_35.xml,468692,ee65f98078b72d8d8a32447b47e277fe4918dd720d70561a54bf6758fa6dd49c
DEU_AachenFrankenburg-1_291080_T-1099_in3_safe_variant_43,scenarios/experiment_scenarios/variants/in3/DEU_AachenFrankenburg-1_291080_T-1099_in3_safe_variant_43.xml,micp;sampling,/data_linux/Lab/commonroad-repairer-vp/scenarios/in3_generate/DEU_AachenFrankenburg-1_291080_T-1099_in3_safe_variant_43.xml,468692,21d2b1b7161c00837198080a725a9a4fbfa4231709fe3493b127b424cf70f04a
DEU_AachenFrankenburg-1_291080_T-1099_in3_safe_variant_53,scenarios/experiment_scenarios/variants/in3/DEU_AachenFrankenburg-1_291080_T-1099_in3_safe_variant_53.xml,micp;sampling,/data_linux/Lab/commonroad-repairer-vp/scenarios/in3_generate/DEU_AachenFrankenburg-1_291080_T-1099_in3_safe_variant_53.xml,468692,b155f4d1d970d817a8113b59604e96b40462ca31d60d5f7d5f0acbe730a7ce8b
DEU_AachenFrankenburg-1_291080_T-1099_in3_safe_variant_63,scenarios/experiment_scenarios/variants/in3/DEU_AachenFrankenburg-1_291080_T-1099_in3_safe_variant_63.xml,micp;sampling,/data_linux/Lab/commonroad-repairer-vp/scenarios/in3_generate/DEU_AachenFrankenburg-1_291080_T-1099_in3_safe_variant_63.xml,468692,b41e86f35747dae24a68d8d241f66aa9e6c86aed1569c0ed25406eb0cad2912c
DEU_AachenFrankenburg-1_294020_T-4039_in3_safe_variant_29,scenarios/experiment_scenarios/variants/in3/DEU_AachenFrankenburg-1_294020_T-4039_in3_safe_variant_29.xml,micp;sampling,/data_linux/Lab/commonroad-repairer-vp/scenarios/in3_generate/DEU_AachenFrankenburg-1_294020_T-4039_in3_safe_variant_29.xml,520508,2368c1e3b16205bf4723133709d8ad236e3069717b71f1eb9fe6c6205746fb2a
DEU_AachenFrankenburg-1_295460_T-5479_in3_safe_variant_30,scenarios/experiment_scenarios/variants/in3/DEU_AachenFrankenburg-1_295460_T-5479_in3_safe_variant_30.xml,historical_results,/data_linux/Lab/commonroad-repairer-vp/scenarios/in3_generate/DEU_AachenFrankenburg-1_295460_T-5479_in3_safe_variant_30.xml,470805,73bb42d87dfc814d39bae42eb3e4a56078f41e7d84a23a2f3c052e05454e64fc
DEU_AachenFrankenburg-1_295460_T-5479_in3_safe_variant_37,scenarios/experiment_scenarios/variants/in3/DEU_AachenFrankenburg-1_295460_T-5479_in3_safe_variant_37.xml,historical_results,/data_linux/Lab/commonroad-repairer-vp/scenarios/in3_generate/DEU_AachenFrankenburg-1_295460_T-5479_in3_safe_variant_37.xml,470807,6db8374a545f16d8fe73e220f83ca0be90290df31d5bb16d3da165167d56073f
DEU_AachenFrankenburg-1_295460_T-5479_in3_safe_variant_45,scenarios/experiment_scenarios/variants/in3/DEU_AachenFrankenburg-1_295460_T-5479_in3_safe_variant_45.xml,historical_results,/data_linux/Lab/commonroad-repairer-vp/scenarios/in3_generate/DEU_AachenFrankenburg-1_295460_T-5479_in3_safe_variant_45.xml,470807,42afea6aaf023114bd3347b93c928b0e49be5dcc6f142a709a5ded5f76055cf1
DEU_AachenFrankenburg-1_295460_T-5479_in3_safe_variant_55,scenarios/experiment_scenarios/variants/in3/DEU_AachenFrankenburg-1_295460_T-5479_in3_safe_variant_55.xml,historical_results,/data_linux/Lab/commonroad-repairer-vp/scenarios/in3_generate/DEU_AachenFrankenburg-1_295460_T-5479_in3_safe_variant_55.xml,470807,dd3d478054afb52686c73da6ef32e39c53882f1e98295012f6d2060c84f26231
DEU_AachenFrankenburg-1_295460_T-5479_in3_safe_variant_65,scenarios/experiment_scenarios/variants/in3/DEU_AachenFrankenburg-1_295460_T-5479_in3_safe_variant_65.xml,historical_results,/data_linux/Lab/commonroad-repairer-vp/scenarios/in3_generate/DEU_AachenFrankenburg-1_295460_T-5479_in3_safe_variant_65.xml,470807,07b5bd384aae817f80bcbb9e89bd2130bbed74da7a923ae608b29f37e602d260
DEU_TestIntersectionInteract-3_1_T-1_in3_variant_00,scenarios/experiment_scenarios/variants/in3/DEU_TestIntersectionInteract-3_1_T-1_in3_variant_00.xml,micp;sampling,/data_linux/Lab/commonroad-repairer-vp/scenarios/in3_generate/DEU_TestIntersectionInteract-3_1_T-1_in3_variant_00.xml,98874,c6d217e5bcc9596648001336ace7db53e6a45676d79bbefdee0bd09da2f4f57f
DEU_TestIntersectionInteract-3_1_T-1_in3_variant_01,scenarios/experiment_scenarios/variants/in3/DEU_TestIntersectionInteract-3_1_T-1_in3_variant_01.xml,micp;sampling,/data_linux/Lab/commonroad-repairer-vp/scenarios/in3_generate/DEU_TestIntersectionInteract-3_1_T-1_in3_variant_01.xml,98674,8b2f426ee5df79dece5542f69c495a8a4266e9d4bad9f479e1fd81d0bce1054d
DEU_TestIntersectionInteract-3_1_T-1_in3_variant_02,scenarios/experiment_scenarios/variants/in3/DEU_TestIntersectionInteract-3_1_T-1_in3_variant_02.xml,micp;sampling,/data_linux/Lab/commonroad-repairer-vp/scenarios/in3_generate/DEU_TestIntersectionInteract-3_1_T-1_in3_variant_02.xml,98575,0a89ab085d5bc91f158c0e8ad532032d5c2697836f85df865c8c693fc90a8dc1
DEU_AAH1-2_7900_T-1049_in5_variant_01,scenarios/experiment_scenarios/variants/in5/DEU_AAH1-2_7900_T-1049_in5_variant_01.xml,micp;sampling,/data_linux/Lab/commonroad-repairer-vp/scenarios/in5_generate/DEU_AAH1-2_7900_T-1049_in5_variant_01.xml,860931,97aeda9bd546deafc80d7c0055a45b8a427a73629f7ff1a4936af7d9d22d7dad
DEU_AAH1-2_7900_T-1049_in5_variant_03,scenarios/experiment_scenarios/variants/in5/DEU_AAH1-2_7900_T-1049_in5_variant_03.xml,micp;sampling,/data_linux/Lab/commonroad-repairer-vp/scenarios/in5_generate/DEU_AAH1-2_7900_T-1049_in5_variant_03.xml,860956,9594f6add4ce1f46325fe74d49a8ee61eb0b46ed33bcfd611a4cac8d83a320d7
DEU_AAH1-2_7900_T-1049_in5_variant_05,scenarios/experiment_scenarios/variants/in5/DEU_AAH1-2_7900_T-1049_in5_variant_05.xml,micp;sampling,/data_linux/Lab/commonroad-repairer-vp/scenarios/in5_generate/DEU_AAH1-2_7900_T-1049_in5_variant_05.xml,860947,e566f673b4145d7a23fc7c7aa37ada18b96db5c02aa6896549173dc1616a1cde
DEU_AAH1-2_7900_T-1049_in5_variant_06,scenarios/experiment_scenarios/variants/in5/DEU_AAH1-2_7900_T-1049_in5_variant_06.xml,micp;sampling,/data_linux/Lab/commonroad-repairer-vp/scenarios/in5_generate/DEU_AAH1-2_7900_T-1049_in5_variant_06.xml,860970,09f3b875c3bb5a3fb08b6f635b95d50b19b3470ed8c9df60b9f6f815702ee6f4
DEU_AAH1-2_7900_T-1049_in5_variant_07,scenarios/experiment_scenarios/variants/in5/DEU_AAH1-2_7900_T-1049_in5_variant_07.xml,micp;sampling,/data_linux/Lab/commonroad-repairer-vp/scenarios/in5_generate/DEU_AAH1-2_7900_T-1049_in5_variant_07.xml,860958,6c47edd53ef4f1755675364532965fb3e3a4912466c9688f4b33d6f14a61366d
DEU_AAH1-2_7900_T-1049_in5_variant_09,scenarios/experiment_scenarios/variants/in5/DEU_AAH1-2_7900_T-1049_in5_variant_09.xml,micp;sampling,/data_linux/Lab/commonroad-repairer-vp/scenarios/in5_generate/DEU_AAH1-2_7900_T-1049_in5_variant_09.xml,860956,3e7d8eaa6c3ca7a9d7ae380f8c077532d2efa91de2b66f602eb985fe24e44e13
DEU_AachenBendplatz-1_12960_T-979_in5_safe_variant_01,scenarios/experiment_scenarios/variants/in5/DEU_AachenBendplatz-1_12960_T-979_in5_safe_variant_01.xml,micp;sampling,/data_linux/Lab/commonroad-repairer-vp/scenarios/in5_generate/DEU_AachenBendplatz-1_12960_T-979_in5_safe_variant_01.xml,228569,15041cdcc603d25add6775293bb06d602ebcc9f90302678eb905586b1b7e24bb
DEU_AachenBendplatz-1_12960_T-979_in5_safe_variant_34,scenarios/experiment_scenarios/variants/in5/DEU_AachenBendplatz-1_12960_T-979_in5_safe_variant_34.xml,micp;sampling,/data_linux/Lab/commonroad-repairer-vp/scenarios/in5_generate/DEU_AachenBendplatz-1_12960_T-979_in5_safe_variant_34.xml,228571,0d003144a0cd21df5aa6f856b70e496a8d67685b4ae0b6ffbf889c0d4b0c9c3e
DEU_AachenBendplatz-1_132900_T-2919_in5_safe_variant_02,scenarios/experiment_scenarios/variants/in5/DEU_AachenBendplatz-1_132900_T-2919_in5_safe_variant_02.xml,micp;sampling,/data_linux/Lab/commonroad-repairer-vp/scenarios/in5_generate/DEU_AachenBendplatz-1_132900_T-2919_in5_safe_variant_02.xml,230207,24740d9a61875295a1267dbc08046fc43ab915b15bd22ba2af97f958886ff6d2
DEU_AachenBendplatz-1_132900_T-2919_in5_safe_variant_13,scenarios/experiment_scenarios/variants/in5/DEU_AachenBendplatz-1_132900_T-2919_in5_safe_variant_13.xml,micp;sampling,/data_linux/Lab/commonroad-repairer-vp/scenarios/in5_generate/DEU_AachenBendplatz-1_132900_T-2919_in5_safe_variant_13.xml,230212,87db8c04648cd47d2b246e281657bb6f70840638ed181ecc6034c688e98be836
DEU_AachenBendplatz-1_132900_T-2919_in5_safe_variant_24,scenarios/experiment_scenarios/variants/in5/DEU_AachenBendplatz-1_132900_T-2919_in5_safe_variant_24.xml,micp;sampling,/data_linux/Lab/commonroad-repairer-vp/scenarios/in5_generate/DEU_AachenBendplatz-1_132900_T-2919_in5_safe_variant_24.xml,230212,a79552558aba8757954dbfaca995c51074fbdba53c4e3b0cf8e25f9ff4467f90
DEU_AachenBendplatz-1_132900_T-2919_in5_safe_variant_35,scenarios/experiment_scenarios/variants/in5/DEU_AachenBendplatz-1_132900_T-2919_in5_safe_variant_35.xml,micp;sampling,/data_linux/Lab/commonroad-repairer-vp/scenarios/in5_generate/DEU_AachenBendplatz-1_132900_T-2919_in5_safe_variant_35.xml,230212,30a846a98a602b7461bbb90b25d11fb3090610f015d5fbf6cf484c4864088011
DEU_AachenBendplatz-1_141560_T-1579_in5_safe_variant_14,scenarios/experiment_scenarios/variants/in5/DEU_AachenBendplatz-1_141560_T-1579_in5_safe_variant_14.xml,historical_results,/data_linux/Lab/commonroad-repairer-vp/scenarios/in5_generate/DEU_AachenBendplatz-1_141560_T-1579_in5_safe_variant_14.xml,238965,bf07367537e3bdf6b5ecc2e9fd7a1f52d8004c147745a2bbc2552851d8bd9d6b
DEU_AachenBendplatz-1_141560_T-1579_in5_safe_variant_25,scenarios/experiment_scenarios/variants/in5/DEU_AachenBendplatz-1_141560_T-1579_in5_safe_variant_25.xml,historical_results,/data_linux/Lab/commonroad-repairer-vp/scenarios/in5_generate/DEU_AachenBendplatz-1_141560_T-1579_in5_safe_variant_25.xml,238965,ec3b7c08c6c62fbdfe44ca98ede589be7cf885d07259dd4185cd0d1066d20956
DEU_AachenBendplatz-1_141560_T-1579_in5_safe_variant_36,scenarios/experiment_scenarios/variants/in5/DEU_AachenBendplatz-1_141560_T-1579_in5_safe_variant_36.xml,historical_results,/data_linux/Lab/commonroad-repairer-vp/scenarios/in5_generate/DEU_AachenBendplatz-1_141560_T-1579_in5_safe_variant_36.xml,238965,b7448f685f01de9d3ea629ba091266d2a3b76fcf3ebe1c2cc3ba71e72770ede7
DEU_AachenBendplatz-1_83820_T-3839_in5_safe_variant_15,scenarios/experiment_scenarios/variants/in5/DEU_AachenBendplatz-1_83820_T-3839_in5_safe_variant_15.xml,micp;sampling,/data_linux/Lab/commonroad-repairer-vp/scenarios/in5_generate/DEU_AachenBendplatz-1_83820_T-3839_in5_safe_variant_15.xml,223997,c2badb41eda6915480517196bc490aa389a139d83ab50ec111022cb2832746ba
DEU_AachenBendplatz-1_83820_T-3839_in5_safe_variant_26,scenarios/experiment_scenarios/variants/in5/DEU_AachenBendplatz-1_83820_T-3839_in5_safe_variant_26.xml,micp;sampling,/data_linux/Lab/commonroad-repairer-vp/scenarios/in5_generate/DEU_AachenBendplatz-1_83820_T-3839_in5_safe_variant_26.xml,224000,c01102e25dace874baedc3209a09644f3c80fb3ac6f1584c29094f09142a7802
DEU_AachenBendplatz-1_83820_T-3839_in5_safe_variant_37,scenarios/experiment_scenarios/variants/in5/DEU_AachenBendplatz-1_83820_T-3839_in5_safe_variant_37.xml,micp;sampling,/data_linux/Lab/commonroad-repairer-vp/scenarios/in5_generate/DEU_AachenBendplatz-1_83820_T-3839_in5_safe_variant_37.xml,223997,090b4a42b89d285bef90378bca7918a602363497f1bb072d1c14b372dfd6b3a3
DEU_AachenBendplatz-1_84280_T-4299_in5_safe_variant_05,scenarios/experiment_scenarios/variants/in5/DEU_AachenBendplatz-1_84280_T-4299_in5_safe_variant_05.xml,micp;sampling,/data_linux/Lab/commonroad-repairer-vp/scenarios/in5_generate/DEU_AachenBendplatz-1_84280_T-4299_in5_safe_variant_05.xml,228928,59a1be44f01664a76c9a13685d6b86197c9056102336b5b185e9d50ec1b3918f
DEU_AachenBendplatz-1_84280_T-4299_in5_safe_variant_16,scenarios/experiment_scenarios/variants/in5/DEU_AachenBendplatz-1_84280_T-4299_in5_safe_variant_16.xml,micp;sampling,/data_linux/Lab/commonroad-repairer-vp/scenarios/in5_generate/DEU_AachenBendplatz-1_84280_T-4299_in5_safe_variant_16.xml,228922,02c6f815787b32a51c346c5d5f955a5d0b47ed2d1317940a6ef07de136bdb9e1
DEU_AachenBendplatz-1_84280_T-4299_in5_safe_variant_27,scenarios/experiment_scenarios/variants/in5/DEU_AachenBendplatz-1_84280_T-4299_in5_safe_variant_27.xml,micp;sampling,/data_linux/Lab/commonroad-repairer-vp/scenarios/in5_generate/DEU_AachenBendplatz-1_84280_T-4299_in5_safe_variant_27.xml,228922,6bdc087b57f6ea95f55b244ebdc92979f62789c4c0b423c9bc9e03faa368f4e6
DEU_AachenFrankenburg-1_206020_T-6039_in5_safe_variant_06,scenarios/experiment_scenarios/variants/in5/DEU_AachenFrankenburg-1_206020_T-6039_in5_safe_variant_06.xml,micp;sampling,/data_linux/Lab/commonroad-repairer-vp/scenarios/in5_generate/DEU_AachenFrankenburg-1_206020_T-6039_in5_safe_variant_06.xml,365254,e92d585c3f706baac72dd181b62e890c4c451fe86c1d008a0db8376a17ba8a36
DEU_AachenFrankenburg-1_27200_T-219_in5_safe_variant_20,scenarios/experiment_scenarios/variants/in5/DEU_AachenFrankenburg-1_27200_T-219_in5_safe_variant_20.xml,historical_results,/data_linux/Lab/commonroad-repairer-vp/scenarios/in5_generate/DEU_AachenFrankenburg-1_27200_T-219_in5_safe_variant_20.xml,485573,1e21b2dedb3cd389c097b333b41fdb0c8032b58f3b5b8de33b10be04e586d529
DEU_AachenFrankenburg-1_27200_T-219_in5_safe_variant_31,scenarios/experiment_scenarios/variants/in5/DEU_AachenFrankenburg-1_27200_T-219_in5_safe_variant_31.xml,historical_results,/data_linux/Lab/commonroad-repairer-vp/scenarios/in5_generate/DEU_AachenFrankenburg-1_27200_T-219_in5_safe_variant_31.xml,485573,9055945a11802a59b51e05c1e14657380ead9b3de211a911e97859fc634aa4e6
DEU_AachenFrankenburg-1_295880_T-5899_in5_safe_variant_21,scenarios/experiment_scenarios/variants/in5/DEU_AachenFrankenburg-1_295880_T-5899_in5_safe_variant_21.xml,micp;sampling,/data_linux/Lab/commonroad-repairer-vp/scenarios/in5_generate/DEU_AachenFrankenburg-1_295880_T-5899_in5_safe_variant_21.xml,540278,5c6210301cb9b8c7d0e675e0010b11a2214c84863b52b3e7772312a076a825e2
DEU_AachenFrankenburg-1_295880_T-5899_in5_safe_variant_32,scenarios/experiment_scenarios/variants/in5/DEU_AachenFrankenburg-1_295880_T-5899_in5_safe_variant_32.xml,micp;sampling,/data_linux/Lab/commonroad-repairer-vp/scenarios/in5_generate/DEU_AachenFrankenburg-1_295880_T-5899_in5_safe_variant_32.xml,540278,be30e4c23126212d71d49fb788216b221de46016ce97f1aa601bbfb76544b95d
