scenario_id,scenario_path,ego_id,rule,repeat,rule_semantics,num_steps,smoothing,initialization,seed,solver_feasible,encoded_compliant,monitor_compliant,success,specification_time,decomposition_time,model_setup_time,solver_setup_time,solve_time,core_total_time,validation_time,qp_solver_time,gurobi_runtime,num_variables,num_binary_variables,num_constraints,num_equalities,num_inequalities,num_auxiliary_variables,num_disjunctive_constraints,num_predicate_occurrences,ccp_iterations,ccp_converged,max_final_slack,solver_status,objective,robustness,fixed_other_id,updated_tv,updated_other_id,updated_diagnostics,candidate_sd_at_tv,phase_history,error
DEU_AachenBendplatz-1_155315_T-5334,/data_linux/Lab/commonroad-repairer-vp/scenarios/experiment_scenarios/generated_sampling/in1/DEU_AachenBendplatz-1_155315_T-5334.xml,10335,R_IN1,0,lin2025,20,lse_mellowmin,trajectory,20260922,False,False,False,False,0.003964699000789551,0.00082779600052163,0.027840110000397544,0.027840110000397544,0.11216646200045943,0.14479906700216816,,5.888938903808594e-05,5.888938903808594e-05,239,0,429,160,269,20,19,184,2,False,,infeasible,,-inf,,,,,,"[{""converged"": false, ""phase"": ""lse"", ""summary"": true}, {""converged"": false, ""phase"": ""mellowmin"", ""summary"": true}]",
DEU_AachenBendplatz-1_155318_T-5337,/data_linux/Lab/commonroad-repairer-vp/scenarios/experiment_scenarios/generated_sampling/in1/DEU_AachenBendplatz-1_155318_T-5337.xml,10335,R_IN1,0,lin2025,20,lse_mellowmin,trajectory,20260922,False,False,False,False,0.0026087380010721972,0.0008028769989323337,0.027746158000809373,0.027746158000809373,0.11023475700130803,0.14139253000212193,,6.103515625e-05,6.103515625e-05,239,0,426,160,266,20,19,181,2,False,,infeasible,,-inf,,,,,,"[{""converged"": false, ""phase"": ""lse"", ""summary"": true}, {""converged"": false, ""phase"": ""mellowmin"", ""summary"": true}]",
DEU_AachenBendplatz-1_155317_T-5336,/data_linux/Lab/commonroad-repairer-vp/scenarios/experiment_scenarios/generated_sampling/in1/DEU_AachenBendplatz-1_155317_T-5336.xml,10335,R_IN1,0,lin2025,20,lse_mellowmin,trajectory,20260922,False,False,False,False,0.0034743919986794936,0.0007464409991371213,0.027722568000172032,0.027722568000172032,0.1100083099991025,0.14195171099709114,,7.104873657226562e-05,7.104873657226562e-05,239,0,427,160,267,20,19,182,2,False,,infeasible,,-inf,,,,,,"[{""converged"": false, ""phase"": ""lse"", ""summary"": true}, {""converged"": false, ""phase"": ""mellowmin"", ""summary"": true}]",
DEU_AachenBendplatz-1_155316_T-5335,/data_linux/Lab/commonroad-repairer-vp/scenarios/experiment_scenarios/generated_sampling/in1/DEU_AachenBendplatz-1_155316_T-5335.xml,10335,R_IN1,0,lin2025,20,lse_mellowmin,trajectory,20260922,False,False,False,False,0.0034032319999823812,0.0007265280000865459,0.028553766000186442,0.028553766000186442,0.11584385800051678,0.14852738400077214,,7.510185241699219e-05,7.510185241699219e-05,239,0,428,160,268,20,19,183,2,False,,infeasible,,-inf,,,,,,"[{""converged"": false, ""phase"": ""lse"", ""summary"": true}, {""converged"": false, ""phase"": ""mellowmin"", ""summary"": true}]",
DEU_AachenBendplatz-1_155321_T-5340,/data_linux/Lab/commonroad-repairer-vp/scenarios/experiment_scenarios/generated_sampling/in1/DEU_AachenBendplatz-1_155321_T-5340.xml,10335,R_IN1,0,lin2025,20,lse_mellowmin,trajectory,20260922,True,True,True,True,0.0022173540000949288,0.0006910030006110901,0.027197731998967356,0.027197731998967356,0.32443586199951824,0.3545419509991916,0.7665295720016729,0.05578947067260742,0.05578947067260742,239,0,423,160,263,20,19,178,27,True,7.815255819082044e-10,optimal,5139.318237449027,0.01000000000128136,,inf,,,,"[{""iteration"": 1, ""max_slack"": 0.4384020302783488, ""objective"": 8900.569149470683, ""original_change"": null, ""penalized_change"": null, ""penalized_objective"": 8900.587275403444, ""phase"": ""lse"", ""solver_time"": 0.0019350051879882812, ""status"": ""optimal"", ""tau"": 0.005}, {""iteration"": 2, ""max_slack"": 0.13123969153113327, ""objective"": 9639.770175767168, ""original_change"": 739.201026296485, ""penalized_change"": 739.196758444612, ""penalized_objective"": 9639.784033848056, ""phase"": ""lse"", ""solver_time"": 0.0015261173248291016, ""status"": ""optimal"", ""tau"": 0.01}, {""iteration"": 3, ""max_slack"": 0.0014232854984816239, ""objective"": 5139.31915735465, ""original_change"": 4500.451018412517, ""penalized_change"": 4500.464669206926, ""penalized_objective"": 5139.31936464113, ""phase"": ""lse"", ""solver_time"": 0.0028531551361083984, ""status"": ""optimal"", ""tau"": 0.02}, {""iteration"": 4, ""max_slack"": 8.697801607808061e-11, ""objective"": 10082.301732657506, ""original_change"": 4942.982575302856, ""penalized_change"": 4942.982368016564, ""penalized_objective"": 10082.301732657694, ""phase"": ""lse"", ""solver_time"": 0.0017011165618896484, ""status"": ""optimal"", ""tau"": 0.04}, {""iteration"": 5, ""max_slack"": 3.539014196759309e-09, ""objective"": 5139.331349169193, ""original_change"": 4942.970383488313, ""penalized_change"": 4942.9703834660795, ""penalized_objective"": 5139.331349191614, ""phase"": ""lse"", ""solver_time"": 0.0013041496276855469, ""status"": ""optimal"", ""tau"": 0.08}, {""iteration"": 6, ""max_slack"": 1.325862231978922e-10, ""objective"": 10073.16779836006, ""original_change"": 4933.836449190867, ""penalized_change"": 4933.836449169625, ""penalized_objective"": 10073.167798361239, ""phase"": ""lse"", ""solver_time"": 0.0016720294952392578, ""status"": ""optimal"", ""tau"": 0.16}, {""iteration"": 7, ""max_slack"": 6.191545614294218e-12, ""objective"": 5139.37177060313, ""original_change"": 4933.79602775693, ""penalized_change"": 4933.7960277579405, ""penalized_objective"": 5139.3717706032985, ""phase"": ""lse"", ""solver_time"": 0.0016949176788330078, ""status"": ""optimal"", ""tau"": 0.32}, {""iteration"": 8, ""max_slack"": 1.0474457517228435e-11, ""objective"": 10062.011128440445, ""original_change"": 4922.6393578373145, ""penalized_change"": 4922.639357837572, ""penalized_objective"": 10062.01112844087, ""phase"": ""lse"", ""solver_time"": 0.0016880035400390625, ""status"": ""optimal"", ""tau"": 0.64}, {""iteration"": 9, ""max_slack"": 1.871554916104317e-11, ""objective"": 5139.622932978345, ""original_change"": 4922.3881954621, ""penalized_change"": 4922.388195460187, ""penalized_objective"": 5139.622932980684, ""phase"": ""lse"", ""solver_time"": 0.0017919540405273438, ""status"": ""optimal"", ""tau"": 1.28}, {""iteration"": 10, ""max_slack"": 2.4837613376992553e-11, ""objective"": 10028.791410057847, ""original_change"": 4889.168477079503, ""penalized_change"": 4889.168477082002, ""penalized_objective"": 10028.791410062686, ""phase"": ""lse"", ""solver_time"": 0.0016739368438720703, ""status"": ""optimal"", ""tau"": 2.56}, {""iteration"": 11, ""max_slack"": 7.361644764603475e-11, ""objective"": 5149.003674513247, ""original_change"": 4879.787735544601, ""penalized_change"": 4879.787735512524, ""penalized_objective"": 5149.003674550162, ""phase"": ""lse"", ""solver_time"": 0.0018279552459716797, ""status"": ""optimal"", ""tau"": 5.12}, {""iteration"": 12, ""max_slack"": 2.3626304498921934e-11, ""objective"": 8547.266504954732, ""original_change"": 3398.2628304414857, ""penalized_change"": 3398.2628304246027, ""penalized_objective"": 8547.266504974765, ""phase"": ""lse"", ""solver_time"": 0.0016391277313232422, ""status"": ""optimal"", ""tau"": 10.24}, {""iteration"": 13, ""max_slack"": 1.6063751721837567e-21, ""objective"": 5172.551601888581, ""original_change"": 3374.7149030661512, ""penalized_change"": 3374.7149030861838, ""penalized_objective"": 5172.551601888581, ""phase"": ""lse"", ""solver_time"": 0.004891157150268555, ""status"": ""optimal"", ""tau"": 20.48}, {""iteration"": 14, ""max_slack"": 2.750342971875563e-12, ""objective"": 8493.366464458446, ""original_change"": 3320.814862569865, ""penalized_change"": 3320.8148625793365, ""penalized_objective"": 8493.366464467917, ""phase"": ""lse"", ""solver_time"": 0.0016520023345947266, ""status"": ""optimal"", ""tau"": 40.96}, {""iteration"": 15, ""max_slack"": 5.643547562261085e-13, ""objective"": 5140.4343668318, ""original_change"": 3352.9320976266463, ""penalized_change"": 3352.93209763303, ""penalized_objective"": 5140.434366834887, ""phase"": ""lse"", ""solver_time"": 0.002485990524291992, ""status"": ""optimal"", ""tau"": 81.92}, {""iteration"": 16, ""max_slack"": 6.34194428687072e-12, ""objective"": 8176.512347235957, ""original_change"": 3036.0779804041576, ""penalized_change"": 3036.077980488887, ""penalized_objective"": 8176.5123473237745, ""phase"": ""lse"", ""solver_time"": 0.0017828941345214844, ""status"": ""optimal"", ""tau"": 163.84}, {""iteration"": 17, ""max_slack"": 5.2681706706828375e-12, ""objective"": 5139.320208502076, ""original_change"": 3037.1921387338816, ""penalized_change"": 3037.19213865262, ""penalized_objective"": 5139.320208671154, ""phase"": ""lse"", ""solver_time"": 0.002129077911376953, ""status"": ""optimal"", ""tau"": 327.68}, {""iteration"": 18, ""max_slack"": 7.1885903220995586e-12, ""objective"": 8462.253198923547, ""original_change"": 3322.932990421471, ""penalized_change"": 3322.9329906550547, ""penalized_objective"": 8462.25319932621, ""phase"": ""lse"", ""solver_time"": 0.00173187255859375, ""status"": ""optimal"", ""tau"": 655.36}, {""iteration"": 19, ""max_slack"": 1.679949430776926e-13, ""objective"": 5161.395709841859, ""original_change"": 3300.857489081688, ""penalized_change"": 3300.8574894690837, ""penalized_objective"": 5161.395709857125, ""phase"": ""lse"", ""solver_time"": 0.002577066421508789, ""status"": ""optimal"", ""tau"": 1000.0}, {""iteration"": 20, ""max_slack"": 3.4077827610153687e-16, ""objective"": 6092.32492692036, ""original_change"": 930.9292170785011, ""penalized_change"": 930.9292170632634, ""penalized_objective"": 6092.324926920389, ""phase"": ""lse"", ""solver_time"": 0.0032181739807128906, ""status"": ""optimal"", ""tau"": 1000.0}, {""iteration"": 21, ""max_slack"": 4.377147472684513e-16, ""objective"": 5425.111858363835, ""original_change"": 667.2130685565244, ""penalized_change"": 667.2130685565107, ""penalized_objective"": 5425.111858363878, ""phase"": ""lse"", ""solver_time"": 0.0038242340087890625, ""status"": ""optimal"", ""tau"": 1000.0}, {""iteration"": 22, ""max_slack"": 4.385521259583199e-12, ""objective"": 5139.318237507143, ""original_change"": 285.79362085669254, ""penalized_change"": 285.79362045769085, ""penalized_objective"": 5139.318237906187, ""phase"": ""lse"", ""solver_time"": 0.0018401145935058594, ""status"": ""optimal"", ""tau"": 1000.0}, {""iteration"": 23, ""max_slack"": 3.2210419586876115e-14, ""objective"": 10080.613073384537, ""original_change"": 4941.294835877394, ""penalized_change"": 4941.294835481003, ""penalized_objective"": 10080.61307338719, ""phase"": ""lse"", ""solver_time"": 0.0018301010131835938, ""status"": ""optimal"", ""tau"": 1000.0}, {""iteration"": 24, ""max_slack"": 1.3569555468352319e-11, ""objective"": 5139.318237764455, ""original_change"": 4941.294835620081, ""penalized_change"": 4941.294834197976, ""penalized_objective"": 5139.318239189214, ""phase"": ""lse"", ""solver_time"": 0.0018219947814941406, ""status"": ""optimal"", ""tau"": 1000.0}, {""iteration"": 25, ""max_slack"": 3.2208479892219025e-14, ""objective"": 10080.608209218617, ""original_change"": 4941.289971454162, ""penalized_change"": 4941.289970032057, ""penalized_objective"": 10080.608209221271, ""phase"": ""lse"", ""solver_time"": 0.0018122196197509766, ""status"": ""optimal"", ""tau"": 1000.0}, {""converged"": false, ""phase"": ""lse"", ""summary"": true}, {""iteration"": 1, ""max_slack"": 5.081088070339149e-08, ""objective"": 5139.318237459042, ""original_change"": null, ""penalized_change"": null, ""penalized_objective"": 5139.3182374810385, ""phase"": ""mellowmin"", ""solver_time"": 0.001363992691040039, ""status"": ""optimal"", ""tau"": 0.005}, {""iteration"": 2, ""max_slack"": 7.815255819082044e-10, ""objective"": 5139.318237448575, ""original_change"": 1.0467374522704631e-08, ""penalized_change"": 3.2011485018301755e-08, ""penalized_objective"": 5139.318237449027, ""phase"": ""mellowmin"", ""solver_time"": 0.0015211105346679688, ""status"": ""optimal"", ""tau"": 0.01}, {""converged"": true, ""phase"": ""mellowmin"", ""summary"": true}]",
DEU_AachenBendplatz-1_155322_T-5341,/data_linux/Lab/commonroad-repairer-vp/scenarios/experiment_scenarios/generated_sampling/in1/DEU_AachenBendplatz-1_155322_T-5341.xml,10335,R_IN1,0,lin2025,20,lse_mellowmin,trajectory,20260922,True,True,True,True,0.002128586000253563,0.0006708289984089788,0.027113041998745757,0.027113041998745757,0.636456996000561,0.6663694529979693,0.8132881830006227,0.0526275634765625,0.0526275634765625,239,0,422,160,262,20,19,177,27,True,2.600770858784918e-09,optimal,5465.605723322553,0.010000000002019938,,inf,,,,"[{""iteration"": 1, ""max_slack"": 0.5130619572956768, ""objective"": 7521.081393676257, ""original_change"": null, ""penalized_change"": null, ""penalized_objective"": 7521.099350844762, ""phase"": ""lse"", ""solver_time"": 0.0021660327911376953, ""status"": ""optimal"", ""tau"": 0.005}, {""iteration"": 2, ""max_slack"": 0.1297334115650626, ""objective"": 13018.817606997378, ""original_change"": 5497.736213321121, ""penalized_change"": 5497.727337491656, ""penalized_objective"": 13018.826688336418, ""phase"": ""lse"", ""solver_time"": 0.0015959739685058594, ""status"": ""optimal"", ""tau"": 0.01}, {""iteration"": 3, ""max_slack"": 1.706112453406515, ""objective"": 265629.353543645, ""original_change"": 252610.53593664762, ""penalized_change"": 252611.17451053, ""penalized_objective"": 265630.0011988664, ""phase"": ""lse"", ""solver_time"": 0.002460956573486328, ""status"": ""optimal"", ""tau"": 0.02}, {""iteration"": 4, ""max_slack"": 2.5367060255612677e-09, ""objective"": 5465.606634651093, ""original_change"": 260163.7469089939, ""penalized_change"": 260164.39456420662, ""penalized_objective"": 5465.6066346597845, ""phase"": ""lse"", ""solver_time"": 0.0018219947814941406, ""status"": ""optimal"", ""tau"": 0.04}, {""iteration"": 5, ""max_slack"": 0.06923105411911702, ""objective"": 9439.675124512192, ""original_change"": 3974.068489861099, ""penalized_change"": 3974.1072592427145, ""penalized_objective"": 9439.713893902499, ""phase"": ""lse"", ""solver_time"": 0.002546072006225586, ""status"": ""optimal"", ""tau"": 0.08}, {""iteration"": 6, ""max_slack"": 0.014596391312831851, ""objective"": 1168658.0664552446, ""original_change"": 1159218.3913307323, ""penalized_change"": 1159218.3720481442, ""penalized_objective"": 1168658.0859420467, ""phase"": ""lse"", ""solver_time"": 0.0037119388580322266, ""status"": ""user_limit"", ""tau"": 0.16}, {""iteration"": 7, ""max_slack"": 6.336004024685908e-12, ""objective"": 5517.1214360267095, ""original_change"": 1163140.945019218, ""penalized_change"": 1163140.9645060198, ""penalized_objective"": 5517.121436026856, ""phase"": ""lse"", ""solver_time"": 0.0018279552459716797, ""status"": ""optimal"", ""tau"": 0.32}, {""iteration"": 8, ""max_slack"": 3.556150342186369e-12, ""objective"": 5465.605723320832, ""original_change"": 51.51571270587738, ""penalized_change"": 51.51571270581917, ""penalized_objective"": 5465.605723321037, ""phase"": ""lse"", ""solver_time"": 0.0014641284942626953, ""status"": ""optimal"", ""tau"": 0.64}, {""iteration"": 9, ""max_slack"": 0.076838966957058, ""objective"": 9446.159714707748, ""original_change"": 3980.553991386916, ""penalized_change"": 3981.242468530646, ""penalized_objective"": 9446.848191851683, ""phase"": ""lse"", ""solver_time"": 0.001909017562866211, ""status"": ""optimal"", ""tau"": 1.28}, {""iteration"": 10, ""max_slack"": 0.0007089681762113501, ""objective"": 969037.2267025517, ""original_change"": 959591.066987844, ""penalized_change"": 959590.4029564281, ""penalized_objective"": 969037.2511482798, ""phase"": ""lse"", ""solver_time"": 0.0026230812072753906, ""status"": ""optimal"", ""tau"": 2.56}, {""iteration"": 11, ""max_slack"": 2.1502383010125792e-11, ""objective"": 5516.642554724673, ""original_change"": 963520.584147827, ""penalized_change"": 963520.6085935456, ""penalized_objective"": 5516.642554734111, ""phase"": ""lse"", ""solver_time"": 0.0017359256744384766, ""status"": ""optimal"", ""tau"": 5.12}, {""iteration"": 12, ""max_slack"": 4.86308609018053e-11, ""objective"": 5465.605723336565, ""original_change"": 51.03683138810811, ""penalized_change"": 51.03683135224219, ""penalized_objective"": 5465.605723381869, ""phase"": ""lse"", ""solver_time"": 0.0014510154724121094, ""status"": ""optimal"", ""tau"": 10.24}, {""iteration"": 13, ""max_slack"": 8.052445220696827e-06, ""objective"": 9453.039216048253, ""original_change"": 3987.433492711689, ""penalized_change"": 3987.434647522422, ""penalized_objective"": 9453.040370904291, ""phase"": ""lse"", ""solver_time"": 0.0017368793487548828, ""status"": ""optimal"", ""tau"": 20.48}, {""iteration"": 14, ""max_slack"": 0.008875231040495214, ""objective"": 1114207.0597010364, ""original_change"": 1104754.020484988, ""penalized_change"": 1104756.9894386565, ""penalized_objective"": 1114210.0298095609, ""phase"": ""lse"", ""solver_time"": 0.0035228729248046875, ""status"": ""optimal"", ""tau"": 40.96}, {""iteration"": 15, ""max_slack"": 3.3355849437225496e-11, ""objective"": 5517.025783912728, ""original_change"": 1108690.0339171237, ""penalized_change"": 1108693.0040254027, ""penalized_objective"": 5517.025784158119, ""phase"": ""lse"", ""solver_time"": 0.001741170883178711, ""status"": ""optimal"", ""tau"": 81.92}, {""iteration"": 16, ""max_slack"": 7.639192134400374e-11, ""objective"": 5465.60572343056, ""original_change"": 51.42006048216808, ""penalized_change"": 51.42005958860682, ""penalized_objective"": 5465.605724569512, ""phase"": ""lse"", ""solver_time"": 0.0015239715576171875, ""status"": ""optimal"", ""tau"": 163.84}, {""iteration"": 17, ""max_slack"": 1.2096913751419667e-12, ""objective"": 9446.38587421428, ""original_change"": 3980.7801507837203, ""penalized_change"": 3980.7801496782286, ""penalized_objective"": 9446.38587424774, ""phase"": ""lse"", ""solver_time"": 0.0017070770263671875, ""status"": ""optimal"", ""tau"": 327.68}, {""iteration"": 18, ""max_slack"": 0.00037777591098098586, ""objective"": 1131074.5188001445, ""original_change"": 1121628.1329259302, ""penalized_change"": 1121629.865980529, ""penalized_objective"": 1131076.2518547766, ""phase"": ""lse"", ""solver_time"": 0.0021119117736816406, ""status"": ""optimal"", ""tau"": 655.36}, {""iteration"": 19, ""max_slack"": 8.443245564128807e-12, ""objective"": 5517.066623103905, ""original_change"": 1125557.4521770407, ""penalized_change"": 1125559.1852309054, ""penalized_objective"": 5517.0666238711665, ""phase"": ""lse"", ""solver_time"": 0.0017130374908447266, ""status"": ""optimal"", ""tau"": 1000.0}, {""iteration"": 20, ""max_slack"": 6.726178952814552e-12, ""objective"": 5465.605723558919, ""original_change"": 51.460899544986205, ""penalized_change"": 51.46089970016601, ""penalized_objective"": 5465.6057241710005, ""phase"": ""lse"", ""solver_time"": 0.0014429092407226562, ""status"": ""optimal"", ""tau"": 1000.0}, {""iteration"": 21, ""max_slack"": 3.134917276000115e-14, ""objective"": 9447.821834913964, ""original_change"": 3982.2161113550455, ""penalized_change"": 3982.216110745634, ""penalized_objective"": 9447.821834916635, ""phase"": ""lse"", ""solver_time"": 0.0017139911651611328, ""status"": ""optimal"", ""tau"": 1000.0}, {""iteration"": 22, ""max_slack"": 0.00020662243556923379, ""objective"": 1172353.745627802, ""original_change"": 1162905.9237928882, ""penalized_change"": 1162907.3701499437, ""penalized_objective"": 1172355.1919848605, ""phase"": ""lse"", ""solver_time"": 0.0022859573364257812, ""status"": ""optimal"", ""tau"": 1000.0}, {""iteration"": 23, ""max_slack"": 1.213125353744784e-11, ""objective"": 5517.126092102319, ""original_change"": 1166836.6195356997, ""penalized_change"": 1166838.0658916554, ""penalized_objective"": 5517.12609320509, ""phase"": ""lse"", ""solver_time"": 0.0016088485717773438, ""status"": ""optimal"", ""tau"": 1000.0}, {""iteration"": 24, ""max_slack"": 6.7262183620249655e-12, ""objective"": 5465.605723558912, ""original_change"": 51.52036854340622, ""penalized_change"": 51.520369034092255, ""penalized_objective"": 5465.605724170998, ""phase"": ""lse"", ""solver_time"": 0.001463174819946289, ""status"": ""optimal"", ""tau"": 1000.0}, {""iteration"": 25, ""max_slack"": 3.1349172800513616e-14, ""objective"": 9447.821834913928, ""original_change"": 3982.2161113550155, ""penalized_change"": 3982.2161107455986, ""penalized_objective"": 9447.821834916596, ""phase"": ""lse"", ""solver_time"": 0.0017619132995605469, ""status"": ""optimal"", ""tau"": 1000.0}, {""converged"": false, ""phase"": ""lse"", ""summary"": true}, {""iteration"": 1, ""max_slack"": 1.6705492861494554e-09, ""objective"": 5465.605723320823, ""original_change"": null, ""penalized_change"": null, ""penalized_objective"": 5465.605723321187, ""phase"": ""mellowmin"", ""solver_time"": 0.0014429092407226562, ""status"": ""optimal"", ""tau"": 0.005}, {""iteration"": 2, ""max_slack"": 2.600770858784918e-09, ""objective"": 5465.605723320885, ""original_change"": 6.184563972055912e-11, ""penalized_change"": 1.3660610420629382e-09, ""penalized_objective"": 5465.605723322553, ""phase"": ""mellowmin"", ""solver_time"": 0.0015368461608886719, ""status"": ""optimal"", ""tau"": 0.01}, {""converged"": true, ""phase"": ""mellowmin"", ""summary"": true}]",
DEU_AachenBendplatz-1_155323_T-5342,/data_linux/Lab/commonroad-repairer-vp/scenarios/experiment_scenarios/generated_sampling/in1/DEU_AachenBendplatz-1_155323_T-5342.xml,10335,R_IN1,0,lin2025,20,lse_mellowmin,trajectory,20260922,True,True,True,True,0.0019829900011245627,0.0007151209993025986,0.02702473200042732,0.02702473200042732,0.32257513999866205,0.35229798299951653,0.8354408380000677,0.043213605880737305,0.043213605880737305,239,0,418,160,258,20,19,173,27,True,3.8510706266991785e-09,optimal,5789.959368657647,0.010000000018035882,,inf,,,,"[{""iteration"": 1, ""max_slack"": 0.5306409365753585, ""objective"": 5864.452739675223, ""original_change"": null, ""penalized_change"": null, ""penalized_objective"": 5864.480812662612, ""phase"": ""lse"", ""solver_time"": 0.0016560554504394531, ""status"": ""optimal"", ""tau"": 0.005}, {""iteration"": 2, ""max_slack"": 6.446869883956438e-08, ""objective"": 5789.959368669888, ""original_change"": 74.49337100533467, ""penalized_change"": 74.52144393847357, ""penalized_objective"": 5789.959368724139, ""phase"": ""lse"", ""solver_time"": 0.0014679431915283203, ""status"": ""optimal"", ""tau"": 0.01}, {""iteration"": 3, ""max_slack"": 0.8709559043839743, ""objective"": 5872.535298274696, ""original_change"": 82.57592960480815, ""penalized_change"": 82.76410398467033, ""penalized_objective"": 5872.723472708809, ""phase"": ""lse"", ""solver_time"": 0.0016720294952392578, ""status"": ""optimal"", ""tau"": 0.02}, {""iteration"": 4, ""max_slack"": 3.0988472823869883e-09, ""objective"": 5789.959368656564, ""original_change"": 82.57592961813225, ""penalized_change"": 82.76410404041508, ""penalized_objective"": 5789.959368668394, ""phase"": ""lse"", ""solver_time"": 0.0014128684997558594, ""status"": ""optimal"", ""tau"": 0.04}, {""iteration"": 5, ""max_slack"": 0.4513678136129394, ""objective"": 5872.535355378768, ""original_change"": 82.5759867222041, ""penalized_change"": 83.09273091521845, ""penalized_objective"": 5873.052099583612, ""phase"": ""lse"", ""solver_time"": 0.0016841888427734375, ""status"": ""optimal"", ""tau"": 0.08}, {""iteration"": 6, ""max_slack"": 5.886790410536287e-10, ""objective"": 5789.959368660748, ""original_change"": 82.57598671802043, ""penalized_change"": 83.09273091243358, ""penalized_objective"": 5789.959368671179, ""phase"": ""lse"", ""solver_time"": 0.0014469623565673828, ""status"": ""optimal"", ""tau"": 0.16}, {""iteration"": 7, ""max_slack"": 0.23740932655074215, ""objective"": 5872.535382183191, ""original_change"": 82.57601352244365, ""penalized_change"": 84.16671150959428, ""penalized_objective"": 5874.126080180773, ""phase"": ""lse"", ""solver_time"": 0.0018610954284667969, ""status"": ""optimal"", ""tau"": 0.32}, {""iteration"": 8, ""max_slack"": 5.937540627886627e-12, ""objective"": 5789.959368653024, ""original_change"": 82.57601353016707, ""penalized_change"": 84.16671152733761, ""penalized_objective"": 5789.959368653435, ""phase"": ""lse"", ""solver_time"": 0.001645803451538086, ""status"": ""optimal"", ""tau"": 0.64}, {""iteration"": 9, ""max_slack"": 0.24028912483800505, ""objective"": 5872.536413452059, ""original_change"": 82.57704479903441, ""penalized_change"": 88.98233816480933, ""penalized_objective"": 5878.941706818245, ""phase"": ""lse"", ""solver_time"": 0.0016100406646728516, ""status"": ""optimal"", ""tau"": 1.28}, {""iteration"": 10, ""max_slack"": 1.440645027459735e-12, ""objective"": 5789.959368653071, ""original_change"": 82.57704479898803, ""penalized_change"": 88.98233816476659, ""penalized_objective"": 5789.959368653478, ""phase"": ""lse"", ""solver_time"": 0.001667022705078125, ""status"": ""optimal"", ""tau"": 2.56}, {""iteration"": 11, ""max_slack"": 0.2370503161934725, ""objective"": 5872.555674758659, ""original_change"": 82.59630610558816, ""penalized_change"": 108.00685794333276, ""penalized_objective"": 5897.966226596811, ""phase"": ""lse"", ""solver_time"": 0.0016100406646728516, ""status"": ""optimal"", ""tau"": 5.12}, {""iteration"": 12, ""max_slack"": 2.7685675539077535e-11, ""objective"": 5789.959368661706, ""original_change"": 82.5963060969525, ""penalized_change"": 108.00685790336411, ""penalized_objective"": 5789.959368693447, ""phase"": ""lse"", ""solver_time"": 0.0015900135040283203, ""status"": ""optimal"", ""tau"": 10.24}, {""iteration"": 13, ""max_slack"": 0.2397201684141558, ""objective"": 5872.861724380475, ""original_change"": 82.90235571876838, ""penalized_change"": 184.89411881042088, ""penalized_objective"": 5974.853487503868, ""phase"": ""lse"", ""solver_time"": 0.0015728473663330078, ""status"": ""optimal"", ""tau"": 20.48}, {""iteration"": 14, ""max_slack"": 1.4237692739292136e-11, ""objective"": 5789.95936866649, ""original_change"": 82.90235571398443, ""penalized_change"": 184.8941187720975, ""penalized_objective"": 5789.95936873177, ""phase"": ""lse"", ""solver_time"": 0.0014710426330566406, ""status"": ""optimal"", ""tau"": 40.96}, {""iteration"": 15, ""max_slack"": 0.3077667169521001, ""objective"": 5877.760224400247, ""original_change"": 87.80085573375709, ""penalized_change"": 529.5038580736727, ""penalized_objective"": 6319.463226805443, ""phase"": ""lse"", ""solver_time"": 0.001667022705078125, ""status"": ""optimal"", ""tau"": 81.92}, {""iteration"": 16, ""max_slack"": 8.904840887671392e-12, ""objective"": 5789.959368822074, ""original_change"": 87.80085557817347, ""penalized_change"": 529.5038578199792, ""penalized_objective"": 5789.959368985464, ""phase"": ""lse"", ""solver_time"": 0.001466989517211914, ""status"": ""optimal"", ""tau"": 163.84}, {""iteration"": 17, ""max_slack"": 0.21269182158190383, ""objective"": 5955.730294739767, ""original_change"": 165.7709259176927, ""penalized_change"": 1616.5643675043348, ""penalized_objective"": 7406.5237364897985, ""phase"": ""lse"", ""solver_time"": 0.0016930103302001953, ""status"": ""optimal"", ""tau"": 327.68}, {""iteration"": 18, ""max_slack"": 3.849476531812536e-13, ""objective"": 5850.283677901828, ""original_change"": 105.44661683793856, ""penalized_change"": 1556.240058559748, ""penalized_objective"": 5850.2836779300505, ""phase"": ""lse"", ""solver_time"": 0.0015981197357177734, ""status"": ""optimal"", ""tau"": 655.36}, {""iteration"": 19, ""max_slack"": 0.16613125758027025, ""objective"": 6590.15471425539, ""original_change"": 739.871036353562, ""penalized_change"": 4195.952796008105, ""penalized_objective"": 10046.236473938156, ""phase"": ""lse"", ""solver_time"": 0.0016009807586669922, ""status"": ""optimal"", ""tau"": 1000.0}, {""iteration"": 20, ""max_slack"": 3.546635125971445e-14, ""objective"": 5849.804675099942, ""original_change"": 740.350039155448, ""penalized_change"": 4196.431798834255, ""penalized_objective"": 5849.804675103901, ""phase"": ""lse"", ""solver_time"": 0.0015540122985839844, ""status"": ""optimal"", ""tau"": 1000.0}, {""iteration"": 21, ""max_slack"": 0.16613459105049272, ""objective"": 6590.121127534897, ""original_change"": 740.316452434955, ""penalized_change"": 4196.472022202114, ""penalized_objective"": 10046.276697306015, ""phase"": ""lse"", ""solver_time"": 0.0016570091247558594, ""status"": ""optimal"", ""tau"": 1000.0}, {""iteration"": 22, ""max_slack"": 3.5436513828772863e-14, ""objective"": 5849.804753426808, ""original_change"": 740.3163741080889, ""penalized_change"": 4196.471943875251, ""penalized_objective"": 5849.804753430764, ""phase"": ""lse"", ""solver_time"": 0.0016088485717773438, ""status"": ""optimal"", ""tau"": 1000.0}, {""iteration"": 23, ""max_slack"": 0.16613459049560397, ""objective"": 6590.121133125774, ""original_change"": 740.3163796989656, ""penalized_change"": 4196.471937179911, ""penalized_objective"": 10046.276690610675, ""phase"": ""lse"", ""solver_time"": 0.0016698837280273438, ""status"": ""optimal"", ""tau"": 1000.0}, {""iteration"": 24, ""max_slack"": 3.543651876128963e-14, ""objective"": 5849.804753413653, ""original_change"": 740.3163797121206, ""penalized_change"": 4196.471937193067, ""penalized_objective"": 5849.8047534176085, ""phase"": ""lse"", ""solver_time"": 0.0016639232635498047, ""status"": ""optimal"", ""tau"": 1000.0}, {""iteration"": 25, ""max_slack"": 0.16613459049571833, ""objective"": 6590.121133124814, ""original_change"": 740.3163797111611, ""penalized_change"": 4196.471937194524, ""penalized_objective"": 10046.276690612132, ""phase"": ""lse"", ""solver_time"": 0.0016369819641113281, ""status"": ""optimal"", ""tau"": 1000.0}, {""converged"": false, ""phase"": ""lse"", ""summary"": true}, {""iteration"": 1, ""max_slack"": 3.712070959348431e-07, ""objective"": 5789.959368661697, ""original_change"": null, ""penalized_change"": null, ""penalized_objective"": 5789.9593687373335, ""phase"": ""mellowmin"", ""solver_time"": 0.0015330314636230469, ""status"": ""optimal"", ""tau"": 0.005}, {""iteration"": 2, ""max_slack"": 3.8510706266991785e-09, ""objective"": 5789.959368654051, ""original_change"": 7.646121957805008e-09, ""penalized_change"": 7.968628779053688e-08, ""penalized_objective"": 5789.959368657647, ""phase"": ""mellowmin"", ""solver_time"": 0.0014958381652832031, ""status"": ""optimal"", ""tau"": 0.01}, {""converged"": true, ""phase"": ""mellowmin"", ""summary"": true}]",
DEU_AachenBendplatz-1_155319_T-5338,/data_linux/Lab/commonroad-repairer-vp/scenarios/experiment_scenarios/generated_sampling/in1/DEU_AachenBendplatz-1_155319_T-5338.xml,10335,R_IN1,0,lin2025,20,lse_mellowmin,trajectory,20260922,False,False,False,False,0.002338502999919001,0.0007197619997896254,0.02729575099874637,0.02729575099874637,0.11110119899967685,0.14145521499813185,,5.602836608886719e-05,5.602836608886719e-05,239,0,425,160,265,20,19,180,2,False,,infeasible,,-inf,,,,,,"[{""converged"": false, ""phase"": ""lse"", ""summary"": true}, {""converged"": false, ""phase"": ""mellowmin"", ""summary"": true}]",
DEU_AachenBendplatz-1_124696_T-4715,/data_linux/Lab/commonroad-repairer-vp/scenarios/experiment_scenarios/generated_sampling/in1/DEU_AachenBendplatz-1_124696_T-4715.xml,10320,R_IN1,0,lin2025,20,lse_mellowmin,trajectory,20260922,True,True,True,True,0.0015656720006518299,0.0005938009999226779,0.025832384000750608,0.025832384000750608,0.1638720849987294,0.19186394200005452,0.767742415999237,0.01975560188293457,0.01975560188293457,239,0,412,160,252,20,19,167,8,True,1.1080100730758542e-07,optimal,4732.760280912285,0.010000000140614008,,inf,,,,"[{""iteration"": 1, ""max_slack"": 2.4176069810991914, ""objective"": 4996.1243745403535, ""original_change"": null, ""penalized_change"": null, ""penalized_objective"": 4996.316469917508, ""phase"": ""lse"", ""solver_time"": 0.002953052520751953, ""status"": ""optimal"", ""tau"": 0.005}, {""iteration"": 2, ""max_slack"": 1.3484635156912806e-23, ""objective"": 4760.742819772918, ""original_change"": 235.38155476743577, ""penalized_change"": 235.57365014458992, ""penalized_objective"": 4760.742819772918, ""phase"": ""lse"", ""solver_time"": 0.0052950382232666016, ""status"": ""optimal"", ""tau"": 0.01}, {""iteration"": 3, ""max_slack"": 0.49993771967189465, ""objective"": 4732.760280803262, ""original_change"": 27.98253896965616, ""penalized_change"": 27.912547688902123, ""penalized_objective"": 4732.830272084016, ""phase"": ""lse"", ""solver_time"": 0.002087831497192383, ""status"": ""optimal"", ""tau"": 0.02}, {""iteration"": 4, ""max_slack"": 1.7923717240009238, ""objective"": 4732.760555691208, ""original_change"": 0.00027488794603414135, ""penalized_change"": 0.432147689912199, ""penalized_objective"": 4733.262419773928, ""phase"": ""lse"", ""solver_time"": 0.002301931381225586, ""status"": ""optimal"", ""tau"": 0.04}, {""iteration"": 5, ""max_slack"": 4.025192478548409e-09, ""objective"": 4732.760280804178, ""original_change"": 0.00027488702926348196, ""penalized_change"": 0.5021389664952949, ""penalized_objective"": 4732.7602808074325, ""phase"": ""lse"", ""solver_time"": 0.0018630027770996094, ""status"": ""optimal"", ""tau"": 0.08}, {""iteration"": 6, ""max_slack"": 3.5935351564168796e-08, ""objective"": 4732.760280803452, ""original_change"": 7.266862667165697e-10, ""penalized_change"": 3.62833816325292e-08, ""penalized_objective"": 4732.760280843716, ""phase"": ""lse"", ""solver_time"": 0.0019719600677490234, ""status"": ""optimal"", ""tau"": 0.16}, {""converged"": true, ""phase"": ""lse"", ""summary"": true}, {""iteration"": 1, ""max_slack"": 2.7641228085423705e-09, ""objective"": 4732.760280803466, ""original_change"": null, ""penalized_change"": null, ""penalized_objective"": 4732.76028080505, ""phase"": ""mellowmin"", ""solver_time"": 0.0016849040985107422, ""status"": ""optimal"", ""tau"": 0.005}, {""iteration"": 2, ""max_slack"": 1.1080100730758542e-07, ""objective"": 4732.760280837147, ""original_change"": 3.368040779605508e-08, ""penalized_change"": 1.0723579180194065e-07, ""penalized_objective"": 4732.760280912285, ""phase"": ""mellowmin"", ""solver_time"": 0.0015978813171386719, ""status"": ""optimal"", ""tau"": 0.01}, {""converged"": true, ""phase"": ""mellowmin"", ""summary"": true}]",
DEU_AachenBendplatz-1_124698_T-4717,/data_linux/Lab/commonroad-repairer-vp/scenarios/experiment_scenarios/generated_sampling/in1/DEU_AachenBendplatz-1_124698_T-4717.xml,10320,R_IN1,0,lin2025,20,lse_mellowmin,trajectory,20260922,True,True,True,True,0.001311342000917648,0.0006616609989578137,0.025437382000745856,0.025437382000745856,0.444029574000524,0.4714399590011453,0.7936304959985137,0.011168718338012695,0.011168718338012695,239,0,410,160,250,20,19,165,6,True,1.8093431925378284e-09,optimal,4785.220830469154,0.010000000001016867,,inf,,,,"[{""iteration"": 1, ""max_slack"": 1.1723329692255167, ""objective"": 5234.928213976055, ""original_change"": null, ""penalized_change"": null, ""penalized_objective"": 5235.0063163408095, ""phase"": ""lse"", ""solver_time"": 0.0026700496673583984, ""status"": ""optimal"", ""tau"": 0.005}, {""iteration"": 2, ""max_slack"": 0.41241256246501806, ""objective"": 5812.413048184008, ""original_change"": 577.4848342079531, ""penalized_change"": 577.4457242746739, ""penalized_objective"": 5812.452040615483, ""phase"": ""lse"", ""solver_time"": 0.0018448829650878906, ""status"": ""optimal"", ""tau"": 0.01}, {""iteration"": 3, ""max_slack"": 1.1895222111968094e-08, ""objective"": 4785.220830475511, ""original_change"": 1027.192217708497, ""penalized_change"": 1027.2312101101525, ""penalized_objective"": 4785.220830505331, ""phase"": ""lse"", ""solver_time"": 0.0017879009246826172, ""status"": ""optimal"", ""tau"": 0.02}, {""iteration"": 4, ""max_slack"": 1.4249178927185234e-08, ""objective"": 4785.2208305063095, ""original_change"": 3.079821908613667e-08, ""penalized_change"": 7.274047675309703e-08, ""penalized_objective"": 4785.220830578071, ""phase"": ""lse"", ""solver_time"": 0.0017900466918945312, ""status"": ""optimal"", ""tau"": 0.04}, {""converged"": true, ""phase"": ""lse"", ""summary"": true}, {""iteration"": 1, ""max_slack"": 1.6037985849401225e-09, ""objective"": 4785.22083046632, ""original_change"": null, ""penalized_change"": null, ""penalized_objective"": 4785.220830467379, ""phase"": ""mellowmin"", ""solver_time"": 0.0015227794647216797, ""status"": ""optimal"", ""tau"": 0.005}, {""iteration"": 2, ""max_slack"": 1.8093431925378284e-09, ""objective"": 4785.220830466842, ""original_change"": 5.220499588176608e-10, ""penalized_change"": 1.775333657860756e-09, ""penalized_objective"": 4785.220830469154, ""phase"": ""mellowmin"", ""solver_time"": 0.0015530586242675781, ""status"": ""optimal"", ""tau"": 0.01}, {""converged"": true, ""phase"": ""mellowmin"", ""summary"": true}]",
DEU_AachenBendplatz-1_124695_T-4714,/data_linux/Lab/commonroad-repairer-vp/scenarios/experiment_scenarios/generated_sampling/in1/DEU_AachenBendplatz-1_124695_T-4714.xml,10320,R_IN1,0,lin2025,20,lse_mellowmin,trajectory,20260922,True,True,True,True,0.0019324849999975413,0.0007375269997282885,0.02547245700043277,0.02547245700043277,0.2546013649989618,0.2827438339991204,0.7741434269992169,0.08492112159729004,0.08492112159729004,239,0,413,160,253,20,19,168,10,False,0.13433998657425927,"solver_error: Solver 'GUROBI' failed. Try another solver, or solve with verbose=True for more information.",4843.5553522653145,0.43530025670261097,,inf,,,,"[{""iteration"": 1, ""max_slack"": 3.6221563462071713, ""objective"": 5264.8780033111725, ""original_change"": null, ""penalized_change"": null, ""penalized_objective"": 5265.540130740026, ""phase"": ""lse"", ""solver_time"": 0.0031249523162841797, ""status"": ""optimal"", ""tau"": 0.005}, {""iteration"": 2, ""max_slack"": 0.5370164967083032, ""objective"": 4742.653970391571, ""original_change"": 522.2240329196011, ""penalized_change"": 522.8485691909482, ""penalized_objective"": 4742.691561549078, ""phase"": ""lse"", ""solver_time"": 0.0016350746154785156, ""status"": ""optimal"", ""tau"": 0.01}, {""iteration"": 3, ""max_slack"": 1.3052068075115473, ""objective"": 5059.3339396049405, ""original_change"": 316.6799692133691, ""penalized_change"": 317.91647137381096, ""penalized_objective"": 5060.608032922889, ""phase"": ""lse"", ""solver_time"": 0.0547490119934082, ""status"": ""optimal"", ""tau"": 0.02}, {""iteration"": 4, ""max_slack"": 0.2224633557312892, ""objective"": 4839.8060314650465, ""original_change"": 219.52790813989395, ""penalized_change"": 220.67939422723794, ""penalized_objective"": 4839.928638695651, ""phase"": ""lse"", ""solver_time"": 0.0018777847290039062, ""status"": ""optimal"", ""tau"": 0.04}, {""iteration"": 5, ""max_slack"": 508.4726401702803, ""objective"": 758013.4364881719, ""original_change"": 753173.6304567069, ""penalized_change"": 753488.8246624952, ""penalized_objective"": 758328.7533011908, ""phase"": ""lse"", ""solver_time"": 0.009546995162963867, ""status"": ""optimal"", ""tau"": 0.08}, {""iteration"": 6, ""max_slack"": 2.027330880760467, ""objective"": 4897.4880922086895, ""original_change"": 753115.9483959632, ""penalized_change"": 753421.3201391582, ""penalized_objective"": 4907.43316203264, ""phase"": ""lse"", ""solver_time"": 0.0017080307006835938, ""status"": ""optimal"", ""tau"": 0.16}, {""iteration"": 7, ""max_slack"": 1.302843125116708, ""objective"": 5061.694876506413, ""original_change"": 164.20678429772306, ""penalized_change"": 172.79824241865663, ""penalized_objective"": 5080.231404451297, ""phase"": ""lse"", ""solver_time"": 0.0017821788787841797, ""status"": ""optimal"", ""tau"": 0.32}, {""iteration"": 8, ""max_slack"": 0.09512374452875107, ""objective"": 4742.656820728527, ""original_change"": 319.03805577788535, ""penalized_change"": 337.1484291650513, ""penalized_objective"": 4743.0829752862455, ""phase"": ""lse"", ""solver_time"": 0.0017211437225341797, ""status"": ""optimal"", ""tau"": 0.64}, {""iteration"": 9, ""max_slack"": 1.2995349654862698, ""objective"": 5059.742152787682, ""original_change"": 317.085332059155, ""penalized_change"": 393.1507205533935, ""penalized_objective"": 5136.233695839639, ""phase"": ""lse"", ""solver_time"": 0.00678706169128418, ""status"": ""optimal"", ""tau"": 1.28}, {""iteration"": 10, ""max_slack"": 0.13433998657425927, ""objective"": 4841.042487300591, ""original_change"": 218.6996654870909, ""penalized_change"": 292.6783435743246, ""penalized_objective"": 4843.5553522653145, ""phase"": ""lse"", ""solver_time"": 0.0019888877868652344, ""status"": ""optimal"", ""tau"": 2.56}, {""converged"": false, ""phase"": ""lse"", ""summary"": true}]",
DEU_AachenBendplatz-1_124697_T-4716,/data_linux/Lab/commonroad-repairer-vp/scenarios/experiment_scenarios/generated_sampling/in1/DEU_AachenBendplatz-1_124697_T-4716.xml,10320,R_IN1,0,lin2025,20,lse_mellowmin,trajectory,20260922,True,True,True,True,0.0015122659988264786,0.000610799001151463,0.0250048269990657,0.0250048269990657,0.14268018699840468,0.16980807899744832,0.8091476570007217,0.012978315353393555,0.012978315353393555,239,0,411,160,251,20,19,166,6,True,2.0200688003332376e-11,optimal,4751.706719590735,0.010000000000012917,,inf,,,,"[{""iteration"": 1, ""max_slack"": 12.217405209990833, ""objective"": 5047.4770973611985, ""original_change"": null, ""penalized_change"": null, ""penalized_objective"": 5048.067022348363, ""phase"": ""lse"", ""solver_time"": 0.002025127410888672, ""status"": ""optimal"", ""tau"": 0.005}, {""iteration"": 2, ""max_slack"": 0.024109739798860667, ""objective"": 4908.384612783753, ""original_change"": 139.09248457744525, ""penalized_change"": 139.6807218828244, ""penalized_objective"": 4908.386300465539, ""phase"": ""lse"", ""solver_time"": 0.004203081130981445, ""status"": ""optimal"", ""tau"": 0.01}, {""iteration"": 3, ""max_slack"": 8.166175253199742e-11, ""objective"": 4751.706719590743, ""original_change"": 156.67789319301028, ""penalized_change"": 156.67958087457737, ""penalized_objective"": 4751.706719590961, ""phase"": ""lse"", ""solver_time"": 0.0018870830535888672, ""status"": ""optimal"", ""tau"": 0.02}, {""iteration"": 4, ""max_slack"": 6.485692685284029e-11, ""objective"": 4751.706719590797, ""original_change"": 5.3660187404602766e-11, ""penalized_change"": 1.7917045624926686e-10, ""penalized_objective"": 4751.70671959114, ""phase"": ""lse"", ""solver_time"": 0.0017011165618896484, ""status"": ""optimal"", ""tau"": 0.04}, {""converged"": true, ""phase"": ""lse"", ""summary"": true}, {""iteration"": 1, ""max_slack"": 3.4260710949443597e-11, ""objective"": 4751.706719590709, ""original_change"": null, ""penalized_change"": null, ""penalized_objective"": 4751.706719590732, ""phase"": ""mellowmin"", ""solver_time"": 0.001592874526977539, ""status"": ""optimal"", ""tau"": 0.005}, {""iteration"": 2, ""max_slack"": 2.0200688003332376e-11, ""objective"": 4751.7067195907075, ""original_change"": 1.8189894035458565e-12, ""penalized_change"": 2.7284841053187847e-12, ""penalized_objective"": 4751.706719590735, ""phase"": ""mellowmin"", ""solver_time"": 0.0015690326690673828, ""status"": ""optimal"", ""tau"": 0.01}, {""converged"": true, ""phase"": ""mellowmin"", ""summary"": true}]",
DEU_AachenBendplatz-1_124699_T-4718,/data_linux/Lab/commonroad-repairer-vp/scenarios/experiment_scenarios/generated_sampling/in1/DEU_AachenBendplatz-1_124699_T-4718.xml,10320,R_IN1,0,lin2025,20,lse_mellowmin,trajectory,20260922,True,True,True,True,0.001539812999908463,0.0007275720017787535,0.02471123100076511,0.02471123100076511,0.14342717200088373,0.17040578800333606,0.7996726390010735,0.010463237762451172,0.010463237762451172,239,0,409,160,249,20,19,164,6,True,9.629572870603753e-10,optimal,4793.598953361382,0.010000000000462798,,inf,,,,"[{""iteration"": 1, ""max_slack"": 9.8709458866575, ""objective"": 5522.025906338019, ""original_change"": null, ""penalized_change"": null, ""penalized_objective"": 5522.542578990413, ""phase"": ""lse"", ""solver_time"": 0.002087116241455078, ""status"": ""optimal"", ""tau"": 0.005}, {""iteration"": 2, ""max_slack"": 0.003966539959356653, ""objective"": 11588.453890883084, ""original_change"": 6066.427984545065, ""penalized_change"": 6065.912019321084, ""penalized_objective"": 11588.454598311497, ""phase"": ""lse"", ""solver_time"": 0.0016791820526123047, ""status"": ""optimal"", ""tau"": 0.01}, {""iteration"": 3, ""max_slack"": 7.120066801138639e-10, ""objective"": 4793.598953360369, ""original_change"": 6794.854937522715, ""penalized_change"": 6794.855644949237, ""penalized_objective"": 4793.59895336226, ""phase"": ""lse"", ""solver_time"": 0.0017859935760498047, ""status"": ""optimal"", ""tau"": 0.02}, {""iteration"": 4, ""max_slack"": 4.0198963085663194e-10, ""objective"": 4793.598953360999, ""original_change"": 6.302798283286393e-10, ""penalized_change"": 8.722054190002382e-10, ""penalized_objective"": 4793.598953363132, ""phase"": ""lse"", ""solver_time"": 0.0017600059509277344, ""status"": ""optimal"", ""tau"": 0.04}, {""converged"": true, ""phase"": ""lse"", ""summary"": true}, {""iteration"": 1, ""max_slack"": 6.477003363421362e-10, ""objective"": 4793.598953360016, ""original_change"": null, ""penalized_change"": null, ""penalized_objective"": 4793.598953360446, ""phase"": ""mellowmin"", ""solver_time"": 0.001580953598022461, ""status"": ""optimal"", ""tau"": 0.005}, {""iteration"": 2, ""max_slack"": 9.629572870603753e-10, ""objective"": 4793.598953360103, ""original_change"": 8.731149137020111e-11, ""penalized_change"": 9.358700481243432e-10, ""penalized_objective"": 4793.598953361382, ""phase"": ""mellowmin"", ""solver_time"": 0.001569986343383789, ""status"": ""optimal"", ""tau"": 0.01}, {""converged"": true, ""phase"": ""mellowmin"", ""summary"": true}]",
DEU_AachenBendplatz-1_124701_T-4720,/data_linux/Lab/commonroad-repairer-vp/scenarios/experiment_scenarios/generated_sampling/in1/DEU_AachenBendplatz-1_124701_T-4720.xml,10320,R_IN1,0,lin2025,20,lse_mellowmin,trajectory,20260922,True,True,True,True,0.0010789410007419065,0.0007154340000852244,0.3257751110013487,0.3257751110013487,0.18553750500177557,0.5131069910039514,0.8134607680003683,0.0676259994506836,0.0676259994506836,239,0,407,160,247,20,19,162,3,True,2.5790885239256e-09,optimal,4811.148089286908,0.010000000006297327,,inf,,,,"[{""converged"": false, ""phase"": ""lse"", ""summary"": true}, {""iteration"": 1, ""max_slack"": 7.383767261787613e-09, ""objective"": 4811.1480892841555, ""original_change"": null, ""penalized_change"": null, ""penalized_objective"": 4811.148089288887, ""phase"": ""mellowmin"", ""solver_time"": 0.0015230178833007812, ""status"": ""optimal"", ""tau"": 0.005}, {""iteration"": 2, ""max_slack"": 2.5790885239256e-09, ""objective"": 4811.148089283525, ""original_change"": 6.302798283286393e-10, ""penalized_change"": 1.979060471057892e-09, ""penalized_objective"": 4811.148089286908, ""phase"": ""mellowmin"", ""solver_time"": 0.001458883285522461, ""status"": ""optimal"", ""tau"": 0.01}, {""converged"": true, ""phase"": ""mellowmin"", ""summary"": true}]",
DEU_AachenFrankenburg-1_223121_T-3140,/data_linux/Lab/commonroad-repairer-vp/scenarios/experiment_scenarios/generated_sampling/in3/DEU_AachenFrankenburg-1_223121_T-3140.xml,10286,R_IN3_hand_draft,0,lin2025,20,lse_mellowmin,trajectory,20260922,False,False,False,False,0.0054345509997801855,0.003816370001004543,0.13108278599975165,0.13108278599975165,0.6074093120005273,0.7477430190010637,,8.416175842285156e-05,8.416175842285156e-05,421,0,561,160,401,21,200,660,2,False,,infeasible,,-inf,10301,,,,,"[{""converged"": false, ""phase"": ""lse"", ""summary"": true}, {""converged"": false, ""phase"": ""mellowmin"", ""summary"": true}]",
DEU_AachenFrankenburg-1_223122_T-3141,/data_linux/Lab/commonroad-repairer-vp/scenarios/experiment_scenarios/generated_sampling/in3/DEU_AachenFrankenburg-1_223122_T-3141.xml,10286,R_IN3_hand_draft,0,lin2025,20,lse_mellowmin,trajectory,20260922,False,False,False,False,0.005940249000559561,0.0040772629999992205,0.1425942789992405,0.1425942789992405,2.149992591001137,2.3026043820009363,,0.00011587142944335938,0.00011587142944335938,421,0,561,160,401,21,200,660,2,False,,infeasible,,-inf,10301,,,,,"[{""converged"": false, ""phase"": ""lse"", ""summary"": true}, {""converged"": false, ""phase"": ""mellowmin"", ""summary"": true}]",
DEU_AachenFrankenburg-1_223124_T-3143,/data_linux/Lab/commonroad-repairer-vp/scenarios/experiment_scenarios/generated_sampling/in3/DEU_AachenFrankenburg-1_223124_T-3143.xml,10286,R_IN3_hand_draft,0,lin2025,20,lse_mellowmin,trajectory,20260922,False,False,False,False,0.0059532110008149175,0.0037570280001091305,0.12026062599943543,0.12026062599943543,0.6089868210001441,0.7389576860005036,,9.489059448242188e-05,9.489059448242188e-05,421,0,561,160,401,21,200,660,2,False,,infeasible,,-inf,10301,,,,,"[{""converged"": false, ""phase"": ""lse"", ""summary"": true}, {""converged"": false, ""phase"": ""mellowmin"", ""summary"": true}]",
DEU_AachenFrankenburg-1_223123_T-3142,/data_linux/Lab/commonroad-repairer-vp/scenarios/experiment_scenarios/generated_sampling/in3/DEU_AachenFrankenburg-1_223123_T-3142.xml,10286,R_IN3_hand_draft,0,lin2025,20,lse_mellowmin,trajectory,20260922,False,False,False,False,0.006168828000227222,0.0042852000005950686,0.12734934100080864,0.12734934100080864,2.3500118259999,2.487815195001531,,0.00011491775512695312,0.00011491775512695312,421,0,561,160,401,21,200,660,2,False,,infeasible,,-inf,10301,,,,,"[{""converged"": false, ""phase"": ""lse"", ""summary"": true}, {""converged"": false, ""phase"": ""mellowmin"", ""summary"": true}]",
DEU_AachenFrankenburg-1_253058_T-3077,/data_linux/Lab/commonroad-repairer-vp/scenarios/experiment_scenarios/generated_sampling/in3/DEU_AachenFrankenburg-1_253058_T-3077.xml,10269,R_IN3_hand_draft,0,lin2025,20,lse_mellowmin,trajectory,20260922,True,True,True,True,0.005690472999049234,0.004188988999885623,0.13212932999886107,0.13212932999886107,0.8243161700011115,0.9663249619989074,0.6233016180012783,0.030425071716308594,0.030425071716308594,421,0,573,160,413,21,200,672,4,True,2.246765688663913e-09,optimal,24362.296450175545,0.01000000000373144,10265,inf,,,,"[{""iteration"": 1, ""max_slack"": 2.5296717541694772e-09, ""objective"": 24362.29645015797, ""original_change"": null, ""penalized_change"": null, ""penalized_objective"": 24362.296450164227, ""phase"": ""lse"", ""solver_time"": 0.013774871826171875, ""status"": ""optimal"", ""tau"": 0.005}, {""iteration"": 2, ""max_slack"": 5.19694951011841e-09, ""objective"": 24362.29645017814, ""original_change"": 2.0168954506516457e-08, ""penalized_change"": 4.45143086835742e-08, ""penalized_objective"": 24362.29645020874, ""phase"": ""lse"", ""solver_time"": 0.0027599334716796875, ""status"": ""optimal"", ""tau"": 0.01}, {""converged"": true, ""phase"": ""lse"", ""summary"": true}, {""iteration"": 1, ""max_slack"": 8.447191868140051e-08, ""objective"": 24362.2964501657, ""original_change"": null, ""penalized_change"": null, ""penalized_objective"": 24362.29645036202, ""phase"": ""mellowmin"", ""solver_time"": 0.011361122131347656, ""status"": ""optimal"", ""tau"": 0.005}, {""iteration"": 2, ""max_slack"": 2.246765688663913e-09, ""objective"": 24362.296450162317, ""original_change"": 3.383320290595293e-09, ""penalized_change"": 1.8647551769390702e-07, ""penalized_objective"": 24362.296450175545, ""phase"": ""mellowmin"", ""solver_time"": 0.002529144287109375, ""status"": ""optimal"", ""tau"": 0.01}, {""converged"": true, ""phase"": ""mellowmin"", ""summary"": true}]",
DEU_AachenFrankenburg-1_223125_T-3144,/data_linux/Lab/commonroad-repairer-vp/scenarios/experiment_scenarios/generated_sampling/in3/DEU_AachenFrankenburg-1_223125_T-3144.xml,10286,R_IN3_hand_draft,0,lin2025,20,lse_mellowmin,trajectory,20260922,False,False,False,False,0.0052940429995942395,0.0034458939990145154,0.10781983199922252,0.10781983199922252,1.297196220000842,1.4137559889986733,,0.00011420249938964844,0.00011420249938964844,421,0,561,160,401,21,200,660,2,False,,infeasible,,-inf,10301,,,,,"[{""converged"": false, ""phase"": ""lse"", ""summary"": true}, {""converged"": false, ""phase"": ""mellowmin"", ""summary"": true}]",
DEU_AachenFrankenburg-1_253059_T-3078,/data_linux/Lab/commonroad-repairer-vp/scenarios/experiment_scenarios/generated_sampling/in3/DEU_AachenFrankenburg-1_253059_T-3078.xml,10269,R_IN3_hand_draft,0,lin2025,20,lse_mellowmin,trajectory,20260922,True,True,True,True,0.005400031999670318,0.004069213000548189,0.11590014700050233,0.11590014700050233,0.6820391390010627,0.8074085310017836,0.581650066000293,0.02904200553894043,0.02904200553894043,421,0,572,160,412,21,200,671,4,True,8.370181060743627e-09,optimal,24408.634179811936,0.010000000013106478,10265,inf,,,,"[{""iteration"": 1, ""max_slack"": 3.343050342140723e-10, ""objective"": 24408.63417975656, ""original_change"": null, ""penalized_change"": null, ""penalized_objective"": 24408.634179757428, ""phase"": ""lse"", ""solver_time"": 0.01289820671081543, ""status"": ""optimal"", ""tau"": 0.005}, {""iteration"": 2, ""max_slack"": 1.9165366759021966e-10, ""objective"": 24408.63417975736, ""original_change"": 8.003553375601768e-10, ""penalized_change"": 1.0550138540565968e-09, ""penalized_objective"": 24408.634179758483, ""phase"": ""lse"", ""solver_time"": 0.0024271011352539062, ""status"": ""optimal"", ""tau"": 0.01}, {""converged"": true, ""phase"": ""lse"", ""summary"": true}, {""iteration"": 1, ""max_slack"": 6.097135968338618e-11, ""objective"": 24408.63417975653, ""original_change"": null, ""penalized_change"": null, ""penalized_objective"": 24408.634179756682, ""phase"": ""mellowmin"", ""solver_time"": 0.011377811431884766, ""status"": ""optimal"", ""tau"": 0.005}, {""iteration"": 2, ""max_slack"": 8.370181060743627e-09, ""objective"": 24408.634179763914, ""original_change"": 7.385096978396177e-09, ""penalized_change"": 5.5253622122108936e-08, ""penalized_objective"": 24408.634179811936, ""phase"": ""mellowmin"", ""solver_time"": 0.002338886260986328, ""status"": ""optimal"", ""tau"": 0.01}, {""converged"": true, ""phase"": ""mellowmin"", ""summary"": true}]",
DEU_AachenFrankenburg-1_253061_T-3080,/data_linux/Lab/commonroad-repairer-vp/scenarios/experiment_scenarios/generated_sampling/in3/DEU_AachenFrankenburg-1_253061_T-3080.xml,10269,R_IN3_hand_draft,0,lin2025,20,lse_mellowmin,trajectory,20260922,True,True,True,True,0.005271346000881749,0.0034138399987568846,0.11789157000021078,0.11789157000021078,1.4193716689987923,1.5459484249986417,0.5885149709993129,0.028835058212280273,0.028835058212280273,421,0,570,160,410,21,200,669,4,True,5.644040185531854e-10,optimal,24516.54216054628,0.010000000001117884,10265,inf,,,,"[{""iteration"": 1, ""max_slack"": 2.859133876166426e-09, ""objective"": 24516.542160542733, ""original_change"": null, ""penalized_change"": null, ""penalized_objective"": 24516.542160549685, ""phase"": ""lse"", ""solver_time"": 0.012490987777709961, ""status"": ""optimal"", ""tau"": 0.005}, {""iteration"": 2, ""max_slack"": 1.2161264149582475e-10, ""objective"": 24516.542160543464, ""original_change"": 7.312337402254343e-10, ""penalized_change"": 5.504261935129762e-09, ""penalized_objective"": 24516.54216054418, ""phase"": ""lse"", ""solver_time"": 0.0027761459350585938, ""status"": ""optimal"", ""tau"": 0.01}, {""converged"": true, ""phase"": ""lse"", ""summary"": true}, {""iteration"": 1, ""max_slack"": 2.7044385760204428e-08, ""objective"": 24516.5421605631, ""original_change"": null, ""penalized_change"": null, ""penalized_objective"": 24516.54216063247, ""phase"": ""mellowmin"", ""solver_time"": 0.011050939559936523, ""status"": ""optimal"", ""tau"": 0.005}, {""iteration"": 2, ""max_slack"": 5.644040185531854e-10, ""objective"": 24516.542160542976, ""original_change"": 2.0125298760831356e-08, ""penalized_change"": 8.619099389761686e-08, ""penalized_objective"": 24516.54216054628, ""phase"": ""mellowmin"", ""solver_time"": 0.0025169849395751953, ""status"": ""optimal"", ""tau"": 0.01}, {""converged"": true, ""phase"": ""mellowmin"", ""summary"": true}]",
DEU_AachenFrankenburg-1_253062_T-3081,/data_linux/Lab/commonroad-repairer-vp/scenarios/experiment_scenarios/generated_sampling/in3/DEU_AachenFrankenburg-1_253062_T-3081.xml,10269,R_IN3_hand_draft,0,lin2025,20,lse_mellowmin,trajectory,20260922,True,True,True,True,0.01074010000047565,0.007306679999601329,0.17371877299956395,0.17371877299956395,0.686338405999777,0.878103958999418,0.844242815999678,0.028561830520629883,0.028561830520629883,421,0,569,160,409,21,200,668,4,True,9.068310550736241e-10,optimal,24579.515784578263,0.010000000000196385,10265,inf,,,,"[{""iteration"": 1, ""max_slack"": 1.660935383914809e-07, ""objective"": 24579.515784574764, ""original_change"": null, ""penalized_change"": null, ""penalized_objective"": 24579.515784977786, ""phase"": ""lse"", ""solver_time"": 0.01654195785522461, ""status"": ""optimal"", ""tau"": 0.005}, {""iteration"": 2, ""max_slack"": 3.382843446552022e-10, ""objective"": 24579.51578455222, ""original_change"": 2.2544554667547345e-08, ""penalized_change"": 4.2403917177580297e-07, ""penalized_objective"": 24579.515784553747, ""phase"": ""lse"", ""solver_time"": 0.0029578208923339844, ""status"": ""optimal"", ""tau"": 0.01}, {""converged"": true, ""phase"": ""lse"", ""summary"": true}, {""iteration"": 1, ""max_slack"": 1.2830006005954865e-10, ""objective"": 24579.51578455125, ""original_change"": null, ""penalized_change"": null, ""penalized_objective"": 24579.515784551342, ""phase"": ""mellowmin"", ""solver_time"": 0.002855062484741211, ""status"": ""optimal"", ""tau"": 0.005}, {""iteration"": 2, ""max_slack"": 9.068310550736241e-10, ""objective"": 24579.515784574698, ""original_change"": 2.344677341170609e-08, ""penalized_change"": 2.6921043172478676e-08, ""penalized_objective"": 24579.515784578263, ""phase"": ""mellowmin"", ""solver_time"": 0.006206989288330078, ""status"": ""optimal"", ""tau"": 0.01}, {""converged"": true, ""phase"": ""mellowmin"", ""summary"": true}]",
DEU_AachenFrankenburg-1_253063_T-3082,/data_linux/Lab/commonroad-repairer-vp/scenarios/experiment_scenarios/generated_sampling/in3/DEU_AachenFrankenburg-1_253063_T-3082.xml,10269,R_IN3_hand_draft,0,lin2025,20,lse_mellowmin,trajectory,20260922,True,True,True,True,0.005410341000242624,0.003860146000079112,0.11910756599900196,0.11910756599900196,1.6800459410005715,1.8084239939998952,0.7119074929996714,0.03378176689147949,0.03378176689147949,421,0,569,160,409,21,200,668,4,True,1.138792400962085e-09,optimal,24637.897469243715,0.010000000000219427,10265,inf,,,,"[{""iteration"": 1, ""max_slack"": 3.218080576390431e-08, ""objective"": 24637.89746924571, ""original_change"": null, ""penalized_change"": null, ""penalized_objective"": 24637.897469323903, ""phase"": ""lse"", ""solver_time"": 0.015558958053588867, ""status"": ""optimal"", ""tau"": 0.005}, {""iteration"": 2, ""max_slack"": 5.205033827028054e-10, ""objective"": 24637.897469238742, ""original_change"": 6.96672941558063e-09, ""penalized_change"": 8.260030881501734e-08, ""penalized_objective"": 24637.897469241303, ""phase"": ""lse"", ""solver_time"": 0.00500798225402832, ""status"": ""optimal"", ""tau"": 0.01}, {""converged"": true, ""phase"": ""lse"", ""summary"": true}, {""iteration"": 1, ""max_slack"": 4.0758962365942475e-08, ""objective"": 24637.897469242387, ""original_change"": null, ""penalized_change"": null, ""penalized_objective"": 24637.89746926391, ""phase"": ""mellowmin"", ""solver_time"": 0.0029709339141845703, ""status"": ""optimal"", ""tau"": 0.005}, {""iteration"": 2, ""max_slack"": 1.138792400962085e-09, ""objective"": 24637.897469238706, ""original_change"": 3.6816345527768135e-09, ""penalized_change"": 2.01944203581661e-08, ""penalized_objective"": 24637.897469243715, ""phase"": ""mellowmin"", ""solver_time"": 0.010243892669677734, ""status"": ""optimal"", ""tau"": 0.01}, {""converged"": true, ""phase"": ""mellowmin"", ""summary"": true}]",
DEU_AachenFrankenburg-1_253064_T-3083,/data_linux/Lab/commonroad-repairer-vp/scenarios/experiment_scenarios/generated_sampling/in3/DEU_AachenFrankenburg-1_253064_T-3083.xml,10269,R_IN3_hand_draft,0,lin2025,20,lse_mellowmin,trajectory,20260922,True,True,False,False,0.0055661589994997485,0.003585579001082806,0.11050880100083305,0.11050880100083305,0.6689701100003731,0.7886306490017887,0.6294959820006625,0.04230475425720215,0.04230475425720215,421,0,569,160,409,21,200,668,5,True,9.566838018861588e-10,optimal,24683.39877652405,0.010000000000381551,10265,1.4000000000000001,"(10265,)",,"{""t"": 7, ""s"": 111.09363008294703, ""d"": -1.0949590002153684}","[{""iteration"": 1, ""max_slack"": 1.5533257447156836e-09, ""objective"": 24683.398776513543, ""original_change"": null, ""penalized_change"": null, ""penalized_objective"": 24683.39877651732, ""phase"": ""lse"", ""solver_time"": 0.012623071670532227, ""status"": ""optimal"", ""tau"": 0.005}, {""iteration"": 2, ""max_slack"": 6.96636803210813e-09, ""objective"": 24683.39877656599, ""original_change"": 5.2448740461841226e-08, ""penalized_change"": 8.482675184495747e-08, ""penalized_objective"": 24683.398776602146, ""phase"": ""lse"", ""solver_time"": 0.0034799575805664062, ""status"": ""optimal"", ""tau"": 0.01}, {""converged"": true, ""phase"": ""lse"", ""summary"": true}, {""iteration"": 1, ""max_slack"": 0.05236843130178939, ""objective"": 24683.39878168016, ""original_change"": null, ""penalized_change"": null, ""penalized_objective"": 24683.41089870576, ""phase"": ""mellowmin"", ""solver_time"": 0.00703883171081543, ""status"": ""optimal"", ""tau"": 0.005}, {""iteration"": 2, ""max_slack"": 1.197751491349142e-07, ""objective"": 24683.39877660296, ""original_change"": 5.0771996029652655e-06, ""penalized_change"": 0.012121545885747764, ""penalized_objective"": 24683.398777159873, ""phase"": ""mellowmin"", ""solver_time"": 0.010298967361450195, ""status"": ""optimal"", ""tau"": 0.01}, {""iteration"": 3, ""max_slack"": 9.566838018861588e-10, ""objective"": 24683.398776516064, ""original_change"": 8.689676178619266e-08, ""penalized_change"": 6.35824108030647e-07, ""penalized_objective"": 24683.39877652405, ""phase"": ""mellowmin"", ""solver_time"": 0.00886392593383789, ""status"": ""optimal"", ""tau"": 0.02}, {""converged"": true, ""phase"": ""mellowmin"", ""summary"": true}]",
DEU_AachenFrankenburg-1_253065_T-3084,/data_linux/Lab/commonroad-repairer-vp/scenarios/experiment_scenarios/generated_sampling/in3/DEU_AachenFrankenburg-1_253065_T-3084.xml,10269,R_IN3_hand_draft,0,lin2025,20,lse_mellowmin,trajectory,20260922,True,True,False,False,0.005085753999082954,0.003526435000821948,0.1086841859996639,0.1086841859996639,0.6251543540001876,0.7424507289997564,0.6005867479998415,0.032624244689941406,0.032624244689941406,421,0,569,160,409,21,200,668,4,True,4.5071922757101345e-10,optimal,24717.813485384653,0.010000000000100661,10265,1.0,"(10265,)",,"{""t"": 5, ""s"": 111.10962125767263, ""d"": -1.1382173299106952}","[{""iteration"": 1, ""max_slack"": 1.947156654336329e-08, ""objective"": 24717.813485415256, ""original_change"": null, ""penalized_change"": null, ""penalized_objective"": 24717.813485462568, ""phase"": ""lse"", ""solver_time"": 0.011883020401000977, ""status"": ""optimal"", ""tau"": 0.005}, {""iteration"": 2, ""max_slack"": 1.2209297449398431e-09, ""objective"": 24717.813485390714, ""original_change"": 2.4541805032640696e-08, ""penalized_change"": 6.518530426546931e-08, ""penalized_objective"": 24717.813485397382, ""phase"": ""lse"", ""solver_time"": 0.003103017807006836, ""status"": ""optimal"", ""tau"": 0.01}, {""converged"": true, ""phase"": ""lse"", ""summary"": true}, {""iteration"": 1, ""max_slack"": 0.008240289701486126, ""objective"": 24717.813485536866, ""original_change"": null, ""penalized_change"": null, ""penalized_objective"": 24717.814762792805, ""phase"": ""mellowmin"", ""solver_time"": 0.008245229721069336, ""status"": ""optimal"", ""tau"": 0.005}, {""iteration"": 2, ""max_slack"": 4.5071922757101345e-10, ""objective"": 24717.813485382452, ""original_change"": 1.5441401046700776e-07, ""penalized_change"": 0.0012774081515090074, ""penalized_objective"": 24717.813485384653, ""phase"": ""mellowmin"", ""solver_time"": 0.009392976760864258, ""status"": ""optimal"", ""tau"": 0.01}, {""converged"": true, ""phase"": ""mellowmin"", ""summary"": true}]",
DEU_AachenFrankenburg-1_281717_T-1736,/data_linux/Lab/commonroad-repairer-vp/scenarios/experiment_scenarios/generated_sampling/in3/DEU_AachenFrankenburg-1_281717_T-1736.xml,10161,R_IN3_hand_draft,0,lin2025,20,lse_mellowmin,trajectory,20260922,True,True,True,True,0.004567324000163353,0.0033395919999748003,0.11663690600107657,0.11663690600107657,1.2339995599995746,1.3585433820007893,0.8127903580007114,0.07916808128356934,0.07916808128356934,421,0,564,160,404,21,200,663,19,True,5.0271705667344626e-11,optimal,5267.564820358537,0.010000000004673382,10162,inf,,,,"[{""iteration"": 1, ""max_slack"": 1.8698246685071582, ""objective"": 5264.812109175668, ""original_change"": null, ""penalized_change"": null, ""penalized_objective"": 5265.398879517529, ""phase"": ""lse"", ""solver_time"": 0.0036249160766601562, ""status"": ""optimal"", ""tau"": 0.005}, {""iteration"": 2, ""max_slack"": 0.09448168497568063, ""objective"": 5264.856093525971, ""original_change"": 0.04398435030270775, ""penalized_change"": 0.4396887496632189, ""penalized_objective"": 5264.959190767866, ""phase"": ""lse"", ""solver_time"": 0.0037660598754882812, ""status"": ""optimal"", ""tau"": 0.01}, {""iteration"": 3, ""max_slack"": 0.08246567302537883, ""objective"": 5264.901858763989, ""original_change"": 0.045765238018248056, ""penalized_change"": 0.08131789660092181, ""penalized_objective"": 5265.040508664467, ""phase"": ""lse"", ""solver_time"": 0.004034996032714844, ""status"": ""optimal"", ""tau"": 0.02}, {""iteration"": 4, ""max_slack"": 0.06743552288518072, ""objective"": 5264.977991713685, ""original_change"": 0.0761329496954204, ""penalized_change"": 0.10809189604333369, ""penalized_objective"": 5265.14860056051, ""phase"": ""lse"", ""solver_time"": 0.004129886627197266, ""status"": ""optimal"", ""tau"": 0.04}, {""iteration"": 5, ""max_slack"": 0.04654517131168698, ""objective"": 5265.120597338548, ""original_change"": 0.1426056248628811, ""penalized_change"": 0.12453453575835738, ""penalized_objective"": 5265.273135096269, ""phase"": ""lse"", ""solver_time"": 0.004085063934326172, ""status"": ""optimal"", ""tau"": 0.08}, {""iteration"": 6, ""max_slack"": 0.028188999083123917, ""objective"": 5265.279561973073, ""original_change"": 0.158964634525546, ""penalized_change"": 0.13587109065429104, ""penalized_objective"": 5265.409006186923, ""phase"": ""lse"", ""solver_time"": 0.004286050796508789, ""status"": ""optimal"", ""tau"": 0.16}, {""iteration"": 7, ""max_slack"": 0.026431345486868464, ""objective"": 5265.295630909001, ""original_change"": 0.0160689359281605, ""penalized_change"": 0.11499225391162327, ""penalized_objective"": 5265.5239984408345, ""phase"": ""lse"", ""solver_time"": 0.0039899349212646484, ""status"": ""optimal"", ""tau"": 0.32}, {""iteration"": 8, ""max_slack"": 4.653759752561466e-09, ""objective"": 5265.588548528664, ""original_change"": 0.29291761966305785, ""penalized_change"": 0.06455022214595374, ""penalized_objective"": 5265.58854866298, ""phase"": ""lse"", ""solver_time"": 0.00409698486328125, ""status"": ""optimal"", ""tau"": 0.64}, {""iteration"": 9, ""max_slack"": 3.1760858654447887e-10, ""objective"": 5265.588548616128, ""original_change"": 8.746337698539719e-08, ""penalized_change"": 2.4852852220647037e-08, ""penalized_objective"": 5265.588548687833, ""phase"": ""lse"", ""solver_time"": 0.0037200450897216797, ""status"": ""optimal"", ""tau"": 1.28}, {""converged"": true, ""phase"": ""lse"", ""summary"": true}, {""iteration"": 1, ""max_slack"": 0.21512954376231475, ""objective"": 5264.83066089966, ""original_change"": null, ""penalized_change"": null, ""penalized_objective"": 5265.035170974686, ""phase"": ""mellowmin"", ""solver_time"": 0.003754138946533203, ""status"": ""optimal"", ""tau"": 0.005}, {""iteration"": 2, ""max_slack"": 0.19026728906172016, ""objective"": 5264.937706498621, ""original_change"": 0.10704559896112187, ""penalized_change"": 0.16882746918872726, ""penalized_objective"": 5265.203998443874, ""phase"": ""mellowmin"", ""solver_time"": 0.004475116729736328, ""status"": ""optimal"", ""tau"": 0.01}, {""iteration"": 3, ""max_slack"": 0.17203857944753662, ""objective"": 5265.039440811941, ""original_change"": 0.10173431331986649, ""penalized_change"": 0.21856811662019027, ""penalized_objective"": 5265.4225665604945, ""phase"": ""mellowmin"", ""solver_time"": 0.004321098327636719, ""status"": ""optimal"", ""tau"": 0.02}, {""iteration"": 4, ""max_slack"": 0.14843274612167687, ""objective"": 5265.218364223832, ""original_change"": 0.17892341189144645, ""penalized_change"": 0.293943902909632, ""penalized_objective"": 5265.716510463404, ""phase"": ""mellowmin"", ""solver_time"": 0.004246950149536133, ""status"": ""optimal"", ""tau"": 0.04}, {""iteration"": 5, ""max_slack"": 0.11794708429528064, ""objective"": 5265.527024984902, ""original_change"": 0.30866076106940454, ""penalized_change"": 0.3829299515400635, ""penalized_objective"": 5266.099440414944, ""phase"": ""mellowmin"", ""solver_time"": 0.0043849945068359375, ""status"": ""optimal"", ""tau"": 0.08}, {""iteration"": 6, ""max_slack"": 0.08368297801662793, ""objective"": 5265.979863147726, ""original_change"": 0.45283816282426415, ""penalized_change"": 0.42842261530950054, ""penalized_objective"": 5266.527863030254, ""phase"": ""mellowmin"", ""solver_time"": 0.0043659210205078125, ""status"": ""optimal"", ""tau"": 0.16}, {""iteration"": 7, ""max_slack"": 0.048176614474579695, ""objective"": 5266.568064371608, ""original_change"": 0.5882012238816969, ""penalized_change"": 0.45644762094434554, ""penalized_objective"": 5266.984310651198, ""phase"": ""mellowmin"", ""solver_time"": 0.004424095153808594, ""status"": ""optimal"", ""tau"": 0.32}, {""iteration"": 8, ""max_slack"": 0.04752105966141845, ""objective"": 5266.576560531525, ""original_change"": 0.008496159916830948, ""penalized_change"": 0.4134137921309957, ""penalized_objective"": 5267.397724443329, ""phase"": ""mellowmin"", ""solver_time"": 0.004586935043334961, ""status"": ""optimal"", ""tau"": 0.64}, {""iteration"": 9, ""max_slack"": 2.2313180300934964e-10, ""objective"": 5267.564820326709, ""original_change"": 0.9882597951846037, ""penalized_change"": 0.16709591529343015, ""penalized_objective"": 5267.5648203586225, ""phase"": ""mellowmin"", ""solver_time"": 0.004462003707885742, ""status"": ""optimal"", ""tau"": 1.28}, {""iteration"": 10, ""max_slack"": 5.0271705667344626e-11, ""objective"": 5267.564820330858, ""original_change"": 4.149114829488099e-09, ""penalized_change"": 8.549250196665525e-11, ""penalized_objective"": 5267.564820358537, ""phase"": ""mellowmin"", ""solver_time"": 0.00441288948059082, ""status"": ""optimal"", ""tau"": 2.56}, {""converged"": true, ""phase"": ""mellowmin"", ""summary"": true}]",
DEU_AachenFrankenburg-1_281718_T-1737,/data_linux/Lab/commonroad-repairer-vp/scenarios/experiment_scenarios/generated_sampling/in3/DEU_AachenFrankenburg-1_281718_T-1737.xml,10161,R_IN3_hand_draft,0,lin2025,20,lse_mellowmin,trajectory,20260922,True,True,True,True,0.004409627001223271,0.005132268999659573,0.11221221999949194,0.11221221999949194,2.31390150200059,2.4356556180009648,0.5759694619991933,0.10071849822998047,0.10071849822998047,421,0,565,160,405,21,200,664,21,True,8.263615855087417e-10,optimal,5445.372274328282,0.010000000125074848,10162,inf,,,,"[{""iteration"": 1, ""max_slack"": 1.953812048645232, ""objective"": 5439.375001378403, ""original_change"": null, ""penalized_change"": null, ""penalized_objective"": 5440.108720902991, ""phase"": ""lse"", ""solver_time"": 0.0037670135498046875, ""status"": ""optimal"", ""tau"": 0.005}, {""iteration"": 2, ""max_slack"": 0.13514617224160194, ""objective"": 5439.454187635731, ""original_change"": 0.07918625732781948, ""penalized_change"": 0.47801487043398083, ""penalized_objective"": 5439.630706032557, ""phase"": ""lse"", ""solver_time"": 0.004649162292480469, ""status"": ""optimal"", ""tau"": 0.01}, {""iteration"": 3, ""max_slack"": 0.12170852444057995, ""objective"": 5439.535988976209, ""original_change"": 0.08180134047870524, ""penalized_change"": 0.1514210493542123, ""penalized_objective"": 5439.782127081911, ""phase"": ""lse"", ""solver_time"": 0.005029916763305664, ""status"": ""optimal"", ""tau"": 0.02}, {""iteration"": 4, ""max_slack"": 0.11044818217161258, ""objective"": 5439.6196969804305, ""original_change"": 0.08370800422108005, ""penalized_change"": 0.21022980397719948, ""penalized_objective"": 5439.9923568858885, ""phase"": ""lse"", ""solver_time"": 0.007420063018798828, ""status"": ""optimal"", ""tau"": 0.04}, {""iteration"": 5, ""max_slack"": 0.08805670889198368, ""objective"": 5439.8540674071955, ""original_change"": 0.2343704267650537, ""penalized_change"": 0.2808522997511318, ""penalized_objective"": 5440.27320918564, ""phase"": ""lse"", ""solver_time"": 0.0077631473541259766, ""status"": ""optimal"", ""tau"": 0.08}, {""iteration"": 6, ""max_slack"": 0.06450691730320006, ""objective"": 5440.181331066764, ""original_change"": 0.3272636595684162, ""penalized_change"": 0.33172982062296796, ""penalized_objective"": 5440.604939006263, ""phase"": ""lse"", ""solver_time"": 0.005223989486694336, ""status"": ""optimal"", ""tau"": 0.16}, {""iteration"": 7, ""max_slack"": 0.040656682749077674, ""objective"": 5440.5994403645955, ""original_change"": 0.4181092978315064, ""penalized_change"": 0.3783522239455124, ""penalized_objective"": 5440.983291230208, ""phase"": ""lse"", ""solver_time"": 0.004979133605957031, ""status"": ""optimal"", ""tau"": 0.32}, {""iteration"": 8, ""max_slack"": 0.03727935972271997, ""objective"": 5440.663699410939, ""original_change"": 0.06425904634397739, ""penalized_change"": 0.32459552077489207, ""penalized_objective"": 5441.307886750983, ""phase"": ""lse"", ""solver_time"": 0.004819154739379883, ""status"": ""optimal"", ""tau"": 0.64}, {""iteration"": 9, ""max_slack"": 8.37338722427052e-09, ""objective"": 5441.520720310954, ""original_change"": 0.8570209000145042, ""penalized_change"": 0.2128339342889376, ""penalized_objective"": 5441.520720685272, ""phase"": ""lse"", ""solver_time"": 0.004730939865112305, ""status"": ""optimal"", ""tau"": 1.28}, {""iteration"": 10, ""max_slack"": 2.4973655332225395e-09, ""objective"": 5441.5207205090455, ""original_change"": 1.9809158402495086e-07, ""penalized_change"": 5.206720743444748e-07, ""penalized_objective"": 5441.520721205944, ""phase"": ""lse"", ""solver_time"": 0.0045430660247802734, ""status"": ""optimal"", ""tau"": 2.56}, {""converged"": true, ""phase"": ""lse"", ""summary"": true}, {""iteration"": 1, ""max_slack"": 0.25850869349439937, ""objective"": 5439.400738803691, ""original_change"": null, ""penalized_change"": null, ""penalized_objective"": 5439.678305954595, ""phase"": ""mellowmin"", ""solver_time"": 0.004354953765869141, ""status"": ""optimal"", ""tau"": 0.005}, {""iteration"": 2, ""max_slack"": 0.23878537466769137, ""objective"": 5439.515597715457, ""original_change"": 0.1148589117665324, ""penalized_change"": 0.23927996182192146, ""penalized_objective"": 5439.917585916417, ""phase"": ""mellowmin"", ""solver_time"": 0.004611968994140625, ""status"": ""optimal"", ""tau"": 0.01}, {""iteration"": 3, ""max_slack"": 0.2198743955230044, ""objective"": 5439.669363448662, ""original_change"": 0.1537657332046365, ""penalized_change"": 0.32353241537839494, ""penalized_objective"": 5440.241118331795, ""phase"": ""mellowmin"", ""solver_time"": 0.0047800540924072266, ""status"": ""optimal"", ""tau"": 0.02}, {""iteration"": 4, ""max_slack"": 0.1967858698570311, ""objective"": 5439.922789664704, ""original_change"": 0.2534262160424987, ""penalized_change"": 0.4638072563566311, ""penalized_objective"": 5440.704925588152, ""phase"": ""mellowmin"", ""solver_time"": 0.00442194938659668, ""status"": ""optimal"", ""tau"": 0.04}, {""iteration"": 5, ""max_slack"": 0.16980578864522655, ""objective"": 5440.313677884912, ""original_change"": 0.3908882202076711, ""penalized_change"": 0.6448607752081443, ""penalized_objective"": 5441.34978636336, ""phase"": ""mellowmin"", ""solver_time"": 0.004621982574462891, ""status"": ""optimal"", ""tau"": 0.08}, {""iteration"": 6, ""max_slack"": 0.13724305322381614, ""objective"": 5440.935418600877, ""original_change"": 0.6217407159647337, ""penalized_change"": 0.7994858066467714, ""penalized_objective"": 5442.149272170007, ""phase"": ""mellowmin"", ""solver_time"": 0.00438690185546875, ""status"": ""optimal"", ""tau"": 0.16}, {""iteration"": 7, ""max_slack"": 0.10479194158140932, ""objective"": 5441.713754639024, ""original_change"": 0.7783360381472448, ""penalized_change"": 0.9398220739703902, ""penalized_objective"": 5443.089094243977, ""phase"": ""mellowmin"", ""solver_time"": 0.0042569637298583984, ""status"": ""optimal"", ""tau"": 0.32}, {""iteration"": 8, ""max_slack"": 0.061373966015008025, ""objective"": 5443.0199301567845, ""original_change"": 1.3061755177604937, ""penalized_change"": 0.9913780972319728, ""penalized_objective"": 5444.080472341209, ""phase"": ""mellowmin"", ""solver_time"": 0.004395961761474609, ""status"": ""optimal"", ""tau"": 0.64}, {""iteration"": 9, ""max_slack"": 0.055632274173987604, ""objective"": 5443.209221953352, ""original_change"": 0.1892917965678862, ""penalized_change"": 1.051401232139142, ""penalized_objective"": 5445.1318735733485, ""phase"": ""mellowmin"", ""solver_time"": 0.004142045974731445, ""status"": ""optimal"", ""tau"": 1.28}, {""iteration"": 10, ""max_slack"": 1.9915707784872138e-11, ""objective"": 5445.37227328683, ""original_change"": 2.163051333477597, ""penalized_change"": 0.24039971783804504, ""penalized_objective"": 5445.3722732911865, ""phase"": ""mellowmin"", ""solver_time"": 0.0038220882415771484, ""status"": ""optimal"", ""tau"": 2.56}, {""iteration"": 11, ""max_slack"": 8.263615855087417e-10, ""objective"": 5445.372273530343, ""original_change"": 2.4351265892619267e-07, ""penalized_change"": 1.0370958989369683e-06, ""penalized_objective"": 5445.372274328282, ""phase"": ""mellowmin"", ""solver_time"": 0.0039980411529541016, ""status"": ""optimal"", ""tau"": 5.12}, {""converged"": true, ""phase"": ""mellowmin"", ""summary"": true}]",
DEU_AachenFrankenburg-1_281719_T-1738,/data_linux/Lab/commonroad-repairer-vp/scenarios/experiment_scenarios/generated_sampling/in3/DEU_AachenFrankenburg-1_281719_T-1738.xml,10161,R_IN3_hand_draft,0,lin2025,20,lse_mellowmin,trajectory,20260922,True,True,True,True,0.005643898000926129,0.006061223999495269,0.12119706399971619,0.12119706399971619,1.3765998449998733,1.509502031000011,0.5634509709998383,0.11522173881530762,0.11522173881530762,421,0,566,160,406,21,200,665,24,True,1.9643845258384145e-12,optimal,5625.110460316697,0.010000000000466969,10162,inf,,,,"[{""iteration"": 1, ""max_slack"": 2.048653084639578, ""objective"": 5601.535203432782, ""original_change"": null, ""penalized_change"": null, ""penalized_objective"": 5602.433032526263, ""phase"": ""lse"", ""solver_time"": 0.003390073776245117, ""status"": ""optimal"", ""tau"": 0.005}, {""iteration"": 2, ""max_slack"": 0.1661796650967614, ""objective"": 5601.640048963988, ""original_change"": 0.10484553120659257, ""penalized_change"": 0.5118172814718491, ""penalized_objective"": 5601.921215244791, ""phase"": ""lse"", ""solver_time"": 0.0045909881591796875, ""status"": ""optimal"", ""tau"": 0.01}, {""iteration"": 3, ""max_slack"": 0.15641968067365722, ""objective"": 5601.722678194984, ""original_change"": 0.08262923099573527, ""penalized_change"": 0.23110125611674448, ""penalized_objective"": 5602.152316500908, ""phase"": ""lse"", ""solver_time"": 0.0042209625244140625, ""status"": ""optimal"", ""tau"": 0.02}, {""iteration"": 4, ""max_slack"": 0.14372887574605628, ""objective"": 5601.865509268058, ""original_change"": 0.14283107307437604, ""penalized_change"": 0.36058411235990206, ""penalized_objective"": 5602.512900613267, ""phase"": ""lse"", ""solver_time"": 0.004041910171508789, ""status"": ""optimal"", ""tau"": 0.04}, {""iteration"": 5, ""max_slack"": 0.1229006106006474, ""objective"": 5602.197358510101, ""original_change"": 0.331849242043063, ""penalized_change"": 0.5292417213022418, ""penalized_objective"": 5603.04214233457, ""phase"": ""lse"", ""solver_time"": 0.004327058792114258, ""status"": ""optimal"", ""tau"": 0.08}, {""iteration"": 6, ""max_slack"": 0.10338739018878045, ""objective"": 5602.604491797747, ""original_change"": 0.40713328764559265, ""penalized_change"": 0.7090758519670999, ""penalized_objective"": 5603.751218186537, ""phase"": ""lse"", ""solver_time"": 0.004110097885131836, ""status"": ""optimal"", ""tau"": 0.16}, {""iteration"": 7, ""max_slack"": 0.07996332400412069, ""objective"": 5603.234489966528, ""original_change"": 0.6299981687807303, ""penalized_change"": 0.9044778975394365, ""penalized_objective"": 5604.655696084076, ""phase"": ""lse"", ""solver_time"": 0.004441022872924805, ""status"": ""optimal"", ""tau"": 0.32}, {""iteration"": 8, ""max_slack"": 0.0475345777854763, ""objective"": 5604.373995431873, ""original_change"": 1.1395054653448824, ""penalized_change"": 1.0131973836660109, ""penalized_objective"": 5605.668893467742, ""phase"": ""lse"", ""solver_time"": 0.005012035369873047, ""status"": ""optimal"", ""tau"": 0.64}, {""iteration"": 9, ""max_slack"": 0.007900379444103257, ""objective"": 5606.216858429377, ""original_change"": 1.8428629975041986, ""penalized_change"": 1.0291416913933062, ""penalized_objective"": 5606.6980351591355, ""phase"": ""lse"", ""solver_time"": 0.004436969757080078, ""status"": ""optimal"", ""tau"": 1.28}, {""iteration"": 10, ""max_slack"": 7.971369635786716e-09, ""objective"": 5606.6791853885325, ""original_change"": 0.4623269591556891, ""penalized_change"": 0.01884881262867566, ""penalized_objective"": 5606.679186346507, ""phase"": ""lse"", ""solver_time"": 0.004129886627197266, ""status"": ""optimal"", ""tau"": 2.56}, {""iteration"": 11, ""max_slack"": 2.1290590508404207e-11, ""objective"": 5606.678513020296, ""original_change"": 0.0006723682363372063, ""penalized_change"": 0.0006732950505465851, ""penalized_objective"": 5606.678513051456, ""phase"": ""lse"", ""solver_time"": 0.004163980484008789, ""status"": ""optimal"", ""tau"": 5.12}, {""converged"": true, ""phase"": ""lse"", ""summary"": true}, {""iteration"": 1, ""max_slack"": 0.2966864174155963, ""objective"": 5601.554697914397, ""original_change"": null, ""penalized_change"": null, ""penalized_objective"": 5601.948129186346, ""phase"": ""mellowmin"", ""solver_time"": 0.00499415397644043, ""status"": ""optimal"", ""tau"": 0.005}, {""iteration"": 2, ""max_slack"": 0.2875366093205538, ""objective"": 5601.6422578986285, ""original_change"": 0.08755998423112032, ""penalized_change"": 0.3642445929181122, ""penalized_objective"": 5602.312373779264, ""phase"": ""mellowmin"", ""solver_time"": 0.004878044128417969, ""status"": ""optimal"", ""tau"": 0.01}, {""iteration"": 3, ""max_slack"": 0.2727285821662967, ""objective"": 5601.889561944999, ""original_change"": 0.24730404637011816, ""penalized_change"": 0.47777172653422895, ""penalized_objective"": 5602.790145505798, ""phase"": ""mellowmin"", ""solver_time"": 0.00539398193359375, ""status"": ""optimal"", ""tau"": 0.02}, {""iteration"": 4, ""max_slack"": 0.2587072654401281, ""objective"": 5602.193507654202, ""original_change"": 0.3039457092036173, ""penalized_change"": 0.775520634770146, ""penalized_objective"": 5603.565666140568, ""phase"": ""mellowmin"", ""solver_time"": 0.00525212287902832, ""status"": ""optimal"", ""tau"": 0.04}, {""iteration"": 5, ""max_slack"": 0.23855926884388798, ""objective"": 5602.800355293199, ""original_change"": 0.6068476389964417, ""penalized_change"": 1.1820006528832891, ""penalized_objective"": 5604.747666793452, ""phase"": ""mellowmin"", ""solver_time"": 0.005710124969482422, ""status"": ""optimal"", ""tau"": 0.08}, {""iteration"": 6, ""max_slack"": 0.22177939624817325, ""objective"": 5603.412337821276, ""original_change"": 0.6119825280775331, ""penalized_change"": 1.711663833183593, ""penalized_objective"": 5606.459330626635, ""phase"": ""mellowmin"", ""solver_time"": 0.005670070648193359, ""status"": ""optimal"", ""tau"": 0.16}, {""iteration"": 7, ""max_slack"": 0.1971248491860916, ""objective"": 5604.589014002709, ""original_change"": 1.1766761814324127, ""penalized_change"": 2.447870186530963, ""penalized_objective"": 5608.907200813166, ""phase"": ""mellowmin"", ""solver_time"": 0.005414009094238281, ""status"": ""optimal"", ""tau"": 0.32}, {""iteration"": 8, ""max_slack"": 0.16407479477366457, ""objective"": 5606.65503174008, ""original_change"": 2.066017737371112, ""penalized_change"": 3.2261279774420473, ""penalized_objective"": 5612.133328790608, ""phase"": ""mellowmin"", ""solver_time"": 0.005621194839477539, ""status"": ""optimal"", ""tau"": 0.64}, {""iteration"": 9, ""max_slack"": 0.1377138602542907, ""objective"": 5608.677801620717, ""original_change"": 2.0227698806374974, ""penalized_change"": 3.8227045064977574, ""penalized_objective"": 5615.956033297106, ""phase"": ""mellowmin"", ""solver_time"": 0.005331993103027344, ""status"": ""optimal"", ""tau"": 1.28}, {""iteration"": 10, ""max_slack"": 0.08414431730529437, ""objective"": 5613.934276995598, ""original_change"": 5.25647537488112, ""penalized_change"": 3.7942997994350662, ""penalized_objective"": 5619.750333096541, ""phase"": ""mellowmin"", ""solver_time"": 0.0052928924560546875, ""status"": ""optimal"", ""tau"": 2.56}, {""iteration"": 11, ""max_slack"": 0.0317128829966948, ""objective"": 5620.472889557253, ""original_change"": 6.5386125616551, ""penalized_change"": 5.106545745871699, ""penalized_objective"": 5624.856878842413, ""phase"": ""mellowmin"", ""solver_time"": 0.005145072937011719, ""status"": ""optimal"", ""tau"": 5.12}, {""iteration"": 12, ""max_slack"": 9.165682390913833e-09, ""objective"": 5625.110460265751, ""original_change"": 4.637570708497151, ""penalized_change"": 0.25358698149193515, ""penalized_objective"": 5625.110465823905, ""phase"": ""mellowmin"", ""solver_time"": 0.004765033721923828, ""status"": ""optimal"", ""tau"": 10.24}, {""iteration"": 13, ""max_slack"": 1.9643845258384145e-12, ""objective"": 5625.110460308125, ""original_change"": 4.23742676503025e-08, ""penalized_change"": 5.507207788468804e-06, ""penalized_objective"": 5625.110460316697, ""phase"": ""mellowmin"", ""solver_time"": 0.004888057708740234, ""status"": ""optimal"", ""tau"": 20.48}, {""converged"": true, ""phase"": ""mellowmin"", ""summary"": true}]",
DEU_AachenFrankenburg-1_281721_T-1740,/data_linux/Lab/commonroad-repairer-vp/scenarios/experiment_scenarios/generated_sampling/in3/DEU_AachenFrankenburg-1_281721_T-1740.xml,10161,R_IN3_hand_draft,0,lin2025,20,lse_mellowmin,trajectory,20260922,True,True,True,True,0.0037982440007908735,0.003436083001361112,0.09900780499992834,0.09900780499992834,1.993534080000245,2.0997762120023253,0.5398717469997791,0.18454599380493164,0.18454599380493164,421,0,567,160,407,21,200,666,30,True,4.115890951325818e-12,optimal,6009.46316683991,0.010000000001689102,10162,inf,,,,"[{""iteration"": 1, ""max_slack"": 2.193814632959833, ""objective"": 5864.040239923694, ""original_change"": null, ""penalized_change"": null, ""penalized_objective"": 5865.520373700881, ""phase"": ""lse"", ""solver_time"": 0.0032951831817626953, ""status"": ""optimal"", ""tau"": 0.005}, {""iteration"": 2, ""max_slack"": 0.21065313009189876, ""objective"": 5864.159384214421, ""original_change"": 0.11914429072749044, ""penalized_change"": 0.8809526281575017, ""penalized_objective"": 5864.639421072723, ""phase"": ""lse"", ""solver_time"": 0.007066965103149414, ""status"": ""optimal"", ""tau"": 0.01}, {""iteration"": 3, ""max_slack"": 0.20687904448478517, ""objective"": 5864.269083052469, ""original_change"": 0.10969883804773417, ""penalized_change"": 0.42556055339264276, ""penalized_objective"": 5865.064981626116, ""phase"": ""lse"", ""solver_time"": 0.007235050201416016, ""status"": ""optimal"", ""tau"": 0.02}, {""iteration"": 4, ""max_slack"": 0.20171639920056114, ""objective"": 5864.486413941695, ""original_change"": 0.21733088922610477, ""penalized_change"": 0.6979707423188302, ""penalized_objective"": 5865.7629523684345, ""phase"": ""lse"", ""solver_time"": 0.0071561336517333984, ""status"": ""optimal"", ""tau"": 0.04}, {""iteration"": 5, ""max_slack"": 0.1945259793802706, ""objective"": 5864.898627006494, ""original_change"": 0.412213064799289, ""penalized_change"": 1.1379588592681102, ""penalized_objective"": 5866.900911227703, ""phase"": ""lse"", ""solver_time"": 0.007361888885498047, ""status"": ""optimal"", ""tau"": 0.08}, {""iteration"": 6, ""max_slack"": 0.18673025022296522, ""objective"": 5865.466693330662, ""original_change"": 0.5680663241673756, ""penalized_change"": 1.7824257803413275, ""penalized_objective"": 5868.683337008044, ""phase"": ""lse"", ""solver_time"": 0.007575035095214844, ""status"": ""optimal"", ""tau"": 0.16}, {""iteration"": 7, ""max_slack"": 0.17757448207012994, ""objective"": 5866.306205276514, ""original_change"": 0.8395119458527915, ""penalized_change"": 2.7908596281204154, ""penalized_objective"": 5871.474196636164, ""phase"": ""lse"", ""solver_time"": 0.007487058639526367, ""status"": ""optimal"", ""tau"": 0.32}, {""iteration"": 8, ""max_slack"": 0.16511548823723007, ""objective"": 5867.794259805192, ""original_change"": 1.4880545286778215, ""penalized_change"": 4.2008559371452066, ""penalized_objective"": 5875.67505257331, ""phase"": ""lse"", ""solver_time"": 0.007752895355224609, ""status"": ""optimal"", ""tau"": 0.64}, {""iteration"": 9, ""max_slack"": 0.14733831564589656, ""objective"": 5870.617981955054, ""original_change"": 2.8237221498620784, ""penalized_change"": 5.973175886534591, ""penalized_objective"": 5881.648228459844, ""phase"": ""lse"", ""solver_time"": 0.00705718994140625, ""status"": ""optimal"", ""tau"": 1.28}, {""iteration"": 10, ""max_slack"": 0.12018343577086824, ""objective"": 5876.5122294949215, ""original_change"": 5.894247539867138, ""penalized_change"": 7.987483709859589, ""penalized_objective"": 5889.635712169704, ""phase"": ""lse"", ""solver_time"": 0.00675201416015625, ""status"": ""optimal"", ""tau"": 2.56}, {""iteration"": 11, ""max_slack"": 0.0811194448929414, ""objective"": 5888.269283334377, ""original_change"": 11.757053839455693, ""penalized_change"": 11.156079620654054, ""penalized_objective"": 5900.791791790358, ""phase"": ""lse"", ""solver_time"": 0.0071527957916259766, ""status"": ""optimal"", ""tau"": 5.12}, {""iteration"": 12, ""max_slack"": 0.07435834209484403, ""objective"": 5890.610278630633, ""original_change"": 2.3409952962556417, ""penalized_change"": 10.377081739022287, ""penalized_objective"": 5911.16887352938, ""phase"": ""lse"", ""solver_time"": 0.004539012908935547, ""status"": ""optimal"", ""tau"": 10.24}, {""iteration"": 13, ""max_slack"": 0.0030913814385489036, ""objective"": 5923.461198714502, ""original_change"": 32.850920083868914, ""penalized_change"": 14.001735500433824, ""penalized_objective"": 5925.170609029814, ""phase"": ""lse"", ""solver_time"": 0.004069089889526367, ""status"": ""optimal"", ""tau"": 20.48}, {""iteration"": 14, ""max_slack"": 6.217071804861111e-10, ""objective"": 5925.181918817606, ""original_change"": 1.7207201031042132, ""penalized_change"": 0.01131361786974594, ""penalized_objective"": 5925.181922647684, ""phase"": ""lse"", ""solver_time"": 0.0034568309783935547, ""status"": ""optimal"", ""tau"": 40.96}, {""iteration"": 15, ""max_slack"": 4.315874308656599e-11, ""objective"": 5925.18191356942, ""original_change"": 5.248185516393278e-06, ""penalized_change"": 8.00484667706769e-06, ""penalized_objective"": 5925.181914642837, ""phase"": ""lse"", ""solver_time"": 0.003698110580444336, ""status"": ""optimal"", ""tau"": 81.92}, {""converged"": true, ""phase"": ""lse"", ""summary"": true}, {""iteration"": 1, ""max_slack"": 0.331716807580194, ""objective"": 5864.079647972546, ""original_change"": null, ""penalized_change"": null, ""penalized_objective"": 5864.590249177289, ""phase"": ""mellowmin"", ""solver_time"": 0.005975008010864258, ""status"": ""optimal"", ""tau"": 0.005}, {""iteration"": 2, ""max_slack"": 0.32742001735193554, ""objective"": 5864.2092462302035, ""original_change"": 0.1295982576575625, ""penalized_change"": 0.46740163372396637, ""penalized_objective"": 5865.0576508110125, ""phase"": ""mellowmin"", ""solver_time"": 0.0062580108642578125, ""status"": ""optimal"", ""tau"": 0.01}, {""iteration"": 3, ""max_slack"": 0.32171363698812017, ""objective"": 5864.465852646512, ""original_change"": 0.25660641630838654, ""penalized_change"": 0.7310325307162202, ""penalized_objective"": 5865.788683341729, ""phase"": ""mellowmin"", ""solver_time"": 0.006473064422607422, ""status"": ""optimal"", ""tau"": 0.02}, {""iteration"": 4, ""max_slack"": 0.3151821419470555, ""objective"": 5864.829679189725, ""original_change"": 0.36382654321278096, ""penalized_change"": 1.196537645182616, ""penalized_objective"": 5866.985220986911, ""phase"": ""mellowmin"", ""solver_time"": 0.006287813186645508, ""status"": ""optimal"", ""tau"": 0.04}, {""iteration"": 5, ""max_slack"": 0.306457933526743, ""objective"": 5865.473464529487, ""original_change"": 0.643785339761962, ""penalized_change"": 1.9558213230766341, ""penalized_objective"": 5868.941042309988, ""phase"": ""mellowmin"", ""solver_time"": 0.00627899169921875, ""status"": ""optimal"", ""tau"": 0.08}, {""iteration"": 6, ""max_slack"": 0.29725590400304147, ""objective"": 5866.303345555956, ""original_change"": 0.829881026469593, ""penalized_change"": 3.109436864006966, ""penalized_objective"": 5872.050479173995, ""phase"": ""mellowmin"", ""solver_time"": 0.006529092788696289, ""status"": ""optimal"", ""tau"": 0.16}, {""iteration"": 7, ""max_slack"": 0.28191203587226604, ""objective"": 5868.2226648836095, ""original_change"": 1.9193193276532838, ""penalized_change"": 4.959119469549478, ""penalized_objective"": 5877.009598643544, ""phase"": ""mellowmin"", ""solver_time"": 0.006494045257568359, ""status"": ""optimal"", ""tau"": 0.32}, {""iteration"": 8, ""max_slack"": 0.25889720643957487, ""objective"": 5872.245001303162, ""original_change"": 4.02233641955263, ""penalized_change"": 7.530418158585235, ""penalized_objective"": 5884.54001680213, ""phase"": ""mellowmin"", ""solver_time"": 0.006621837615966797, ""status"": ""optimal"", ""tau"": 0.64}, {""iteration"": 9, ""max_slack"": 0.23244320530843826, ""objective"": 5878.417590150144, ""original_change"": 6.172588846981853, ""penalized_change"": 11.214547345077335, ""penalized_objective"": 5895.754564147207, ""phase"": ""mellowmin"", ""solver_time"": 0.005842924118041992, ""status"": ""optimal"", ""tau"": 1.28}, {""iteration"": 10, ""max_slack"": 0.20829585923569663, ""objective"": 5885.432403353325, ""original_change"": 7.014813203180893, ""penalized_change"": 16.242358141914337, ""penalized_objective"": 5911.996922289121, ""phase"": ""mellowmin"", ""solver_time"": 0.006518125534057617, ""status"": ""optimal"", ""tau"": 2.56}, {""iteration"": 11, ""max_slack"": 0.187924941763186, ""objective"": 5892.458978431059, ""original_change"": 7.026575077734378, ""penalized_change"": 20.691006855809064, ""penalized_objective"": 5932.68792914493, ""phase"": ""mellowmin"", ""solver_time"": 0.006113767623901367, ""status"": ""optimal"", ""tau"": 5.12}, {""iteration"": 12, ""max_slack"": 0.12144898163348396, ""objective"": 5923.519628952879, ""original_change"": 31.060650521820207, ""penalized_change"": 24.40991464115632, ""penalized_objective"": 5957.097843786087, ""phase"": ""mellowmin"", ""solver_time"": 0.00570988655090332, ""status"": ""optimal"", ""tau"": 10.24}, {""iteration"": 13, ""max_slack"": 0.12012674252911068, ""objective"": 5924.068485725707, ""original_change"": 0.5488567728280032, ""penalized_change"": 33.395925596208144, ""penalized_objective"": 5990.493769382295, ""phase"": ""mellowmin"", ""solver_time"": 0.00596308708190918, ""status"": ""optimal"", ""tau"": 20.48}, {""iteration"": 14, ""max_slack"": 3.4132540471134023e-10, ""objective"": 6009.4631665351535, ""original_change"": 85.39468080944607, ""penalized_change"": 18.96939759377983, ""penalized_objective"": 6009.463166976075, ""phase"": ""mellowmin"", ""solver_time"": 0.005776166915893555, ""status"": ""optimal"", ""tau"": 40.96}, {""iteration"": 15, ""max_slack"": 4.115890951325818e-12, ""objective"": 6009.463166810936, ""original_change"": 2.7578244043979794e-07, ""penalized_change"": 1.3616499927593395e-07, ""penalized_objective"": 6009.46316683991, ""phase"": ""mellowmin"", ""solver_time"": 0.006048917770385742, ""status"": ""optimal"", ""tau"": 81.92}, {""converged"": true, ""phase"": ""mellowmin"", ""summary"": true}]",
DEU_AachenFrankenburg-1_281722_T-1741,/data_linux/Lab/commonroad-repairer-vp/scenarios/experiment_scenarios/generated_sampling/in3/DEU_AachenFrankenburg-1_281722_T-1741.xml,10161,R_IN3_hand_draft,0,lin2025,20,lse_mellowmin,trajectory,20260922,True,True,True,True,0.0034104909991583554,0.0028738649998558685,0.0870256039997912,0.0870256039997912,1.4888255529986054,1.5821355129974108,0.5204071200005274,0.2284538745880127,0.2284538745880127,421,0,567,160,407,21,200,666,33,True,1.6817078002023988e-11,optimal,6396.0813921428335,0.01000000005377899,10162,inf,,,,"[{""iteration"": 1, ""max_slack"": 2.2098709824014797, ""objective"": 5975.205887477465, ""original_change"": null, ""penalized_change"": null, ""penalized_objective"": 5976.751651205622, ""phase"": ""lse"", ""solver_time"": 0.002938985824584961, ""status"": ""optimal"", ""tau"": 0.005}, {""iteration"": 2, ""max_slack"": 0.21214677826114955, ""objective"": 5975.32476667173, ""original_change"": 0.11887919426499138, ""penalized_change"": 0.9058579534457749, ""penalized_objective"": 5975.845793252176, ""phase"": ""lse"", ""solver_time"": 0.008919954299926758, ""status"": ""optimal"", ""tau"": 0.01}, {""iteration"": 3, ""max_slack"": 0.21022899927468763, ""objective"": 5975.42722855084, ""original_change"": 0.10246187910979643, ""penalized_change"": 0.46932817803917715, ""penalized_objective"": 5976.315121430215, ""phase"": ""lse"", ""solver_time"": 0.009378910064697266, ""status"": ""optimal"", ""tau"": 0.02}, {""iteration"": 4, ""max_slack"": 0.2074409420572602, ""objective"": 5975.63224373955, ""original_change"": 0.20501518871060398, ""penalized_change"": 0.7880410522930106, ""penalized_objective"": 5977.103162482508, ""phase"": ""lse"", ""solver_time"": 0.009052038192749023, ""status"": ""optimal"", ""tau"": 0.04}, {""iteration"": 5, ""max_slack"": 0.2030521933309196, ""objective"": 5976.090404453731, ""original_change"": 0.458160714180849, ""penalized_change"": 1.3186678818692599, ""penalized_objective"": 5978.4218303643775, ""phase"": ""lse"", ""solver_time"": 0.00976705551147461, ""status"": ""optimal"", ""tau"": 0.08}, {""iteration"": 6, ""max_slack"": 0.19911604831919433, ""objective"": 5976.570012770316, ""original_change"": 0.4796083165847449, ""penalized_change"": 2.157484635774381, ""penalized_objective"": 5980.579315000152, ""phase"": ""lse"", ""solver_time"": 0.009793996810913086, ""status"": ""optimal"", ""tau"": 0.16}, {""iteration"": 7, ""max_slack"": 0.19357062701313102, ""objective"": 5977.445966988545, ""original_change"": 0.8759542182287987, ""penalized_change"": 3.5395863489402473, ""penalized_objective"": 5984.118901349092, ""phase"": ""lse"", ""solver_time"": 0.009884834289550781, ""status"": ""optimal"", ""tau"": 0.32}, {""iteration"": 8, ""max_slack"": 0.18487431527001205, ""objective"": 5979.320393308056, ""original_change"": 1.874426319511258, ""penalized_change"": 5.646560082065662, ""penalized_objective"": 5989.765461431158, ""phase"": ""lse"", ""solver_time"": 0.00956106185913086, ""status"": ""optimal"", ""tau"": 0.64}, {""iteration"": 9, ""max_slack"": 0.17558349687826322, ""objective"": 5981.878399549955, ""original_change"": 2.5580062418994203, ""penalized_change"": 8.75193062186463, ""penalized_objective"": 5998.517392053022, ""phase"": ""lse"", ""solver_time"": 0.009966850280761719, ""status"": ""optimal"", ""tau"": 1.28}, {""iteration"": 10, ""max_slack"": 0.1611935644456633, ""objective"": 5987.19662379132, ""original_change"": 5.318224241364987, ""penalized_change"": 12.914248399762982, ""penalized_objective"": 6011.431640452785, ""phase"": ""lse"", ""solver_time"": 0.009500980377197266, ""status"": ""optimal"", ""tau"": 2.56}, {""iteration"": 11, ""max_slack"": 0.13591793157727736, ""objective"": 6000.4379029115225, ""original_change"": 13.241279120202307, ""penalized_change"": 18.682204489224205, ""penalized_objective"": 6030.11384494201, ""phase"": ""lse"", ""solver_time"": 0.00904989242553711, ""status"": ""optimal"", ""tau"": 5.12}, {""iteration"": 12, ""max_slack"": 0.1184981261710275, ""objective"": 6012.076328549475, ""original_change"": 11.638425637952423, ""penalized_change"": 28.459620586374513, ""penalized_objective"": 6058.573465528384, ""phase"": ""lse"", ""solver_time"": 0.004788875579833984, ""status"": ""optimal"", ""tau"": 10.24}, {""iteration"": 13, ""max_slack"": 0.08937701142230754, ""objective"": 6037.119492998609, ""original_change"": 25.043164449133656, ""penalized_change"": 27.967946349220256, ""penalized_objective"": 6086.541411877604, ""phase"": ""lse"", ""solver_time"": 0.004069089889526367, ""status"": ""optimal"", ""tau"": 20.48}, {""iteration"": 14, ""max_slack"": 0.07210890433551749, ""objective"": 6054.888353089225, ""original_change"": 17.768860090616727, ""penalized_change"": 48.0936217060389, ""penalized_objective"": 6134.635033583643, ""phase"": ""lse"", ""solver_time"": 0.0035400390625, ""status"": ""optimal"", ""tau"": 40.96}, {""iteration"": 15, ""max_slack"": 3.4219095487926497e-09, ""objective"": 6154.586427058463, ""original_change"": 99.69807396923807, ""penalized_change"": 19.951411591813667, ""penalized_objective"": 6154.586445175457, ""phase"": ""lse"", ""solver_time"": 0.0035071372985839844, ""status"": ""optimal"", ""tau"": 81.92}, {""iteration"": 16, ""max_slack"": 8.295127056994035e-11, ""objective"": 6154.586210788034, ""original_change"": 0.0002162704295187723, ""penalized_change"": 0.00023084403255779762, ""penalized_objective"": 6154.586214331424, ""phase"": ""lse"", ""solver_time"": 0.0034461021423339844, ""status"": ""optimal"", ""tau"": 163.84}, {""converged"": true, ""phase"": ""lse"", ""summary"": true}, {""iteration"": 1, ""max_slack"": 0.3287986141503897, ""objective"": 5975.246487505522, ""original_change"": null, ""penalized_change"": null, ""penalized_objective"": 5975.790797885597, ""phase"": ""mellowmin"", ""solver_time"": 0.006479978561401367, ""status"": ""optimal"", ""tau"": 0.005}, {""iteration"": 2, ""max_slack"": 0.32647602912407053, ""objective"": 5975.377022925548, ""original_change"": 0.13053542002580798, ""penalized_change"": 0.5007984507119545, ""penalized_objective"": 5976.291596336309, ""phase"": ""mellowmin"", ""solver_time"": 0.006579875946044922, ""status"": ""optimal"", ""tau"": 0.01}, {""iteration"": 3, ""max_slack"": 0.32346066395240375, ""objective"": 5975.620252017985, ""original_change"": 0.24322909243710455, ""penalized_change"": 0.8005134732939041, ""penalized_objective"": 5977.092109809603, ""phase"": ""mellowmin"", ""solver_time"": 0.006687164306640625, ""status"": ""optimal"", ""tau"": 0.02}, {""iteration"": 4, ""max_slack"": 0.31988641464971185, ""objective"": 5975.9734467676535, ""original_change"": 0.35319474966854614, ""penalized_change"": 1.3403462699816373, ""penalized_objective"": 5978.432456079585, ""phase"": ""mellowmin"", ""solver_time"": 0.006468057632446289, ""status"": ""optimal"", ""tau"": 0.04}, {""iteration"": 5, ""max_slack"": 0.31468589617993314, ""objective"": 5976.674893485466, ""original_change"": 0.7014467178123596, ""penalized_change"": 2.2448741063317357, ""penalized_objective"": 5980.677330185917, ""phase"": ""mellowmin"", ""solver_time"": 0.0066258907318115234, ""status"": ""optimal"", ""tau"": 0.08}, {""iteration"": 6, ""max_slack"": 0.3098477905821884, ""objective"": 5977.410101229661, ""original_change"": 0.7352077441955771, ""penalized_change"": 3.7005537250597627, ""penalized_objective"": 5984.377883910976, ""phase"": ""mellowmin"", ""solver_time"": 0.00698399543762207, ""status"": ""optimal"", ""tau"": 0.16}, {""iteration"": 7, ""max_slack"": 0.2999805910831186, ""objective"": 5979.6533849161115, ""original_change"": 2.243283686450013, ""penalized_change"": 6.09642755519053, ""penalized_objective"": 5990.474311466167, ""phase"": ""mellowmin"", ""solver_time"": 0.007359981536865234, ""status"": ""optimal"", ""tau"": 0.32}, {""iteration"": 8, ""max_slack"": 0.2876590633003568, ""objective"": 5983.429558840841, ""original_change"": 3.7761739247298465, ""penalized_change"": 9.707800260908698, ""penalized_objective"": 6000.182111727076, ""phase"": ""mellowmin"", ""solver_time"": 0.0067729949951171875, ""status"": ""optimal"", ""tau"": 0.64}, {""iteration"": 9, ""max_slack"": 0.27239620237163803, ""objective"": 5989.587542484025, ""original_change"": 6.1579836431837975, ""penalized_change"": 15.363577149300909, ""penalized_objective"": 6015.5456888763765, ""phase"": ""mellowmin"", ""solver_time"": 0.006858110427856445, ""status"": ""optimal"", ""tau"": 1.28}, {""iteration"": 10, ""max_slack"": 0.24986039253317957, ""objective"": 6001.904485062368, ""original_change"": 12.316942578342605, ""penalized_change"": 23.992256991114118, ""penalized_objective"": 6039.537945867491, ""phase"": ""mellowmin"", ""solver_time"": 0.0071239471435546875, ""status"": ""optimal"", ""tau"": 2.56}, {""iteration"": 11, ""max_slack"": 0.23509856698394332, ""objective"": 6011.460677465381, ""original_change"": 9.556192403013483, ""penalized_change"": 36.27699074288739, ""penalized_objective"": 6075.814936610378, ""phase"": ""mellowmin"", ""solver_time"": 0.00686192512512207, ""status"": ""optimal"", ""tau"": 5.12}, {""iteration"": 12, ""max_slack"": 0.2087999836725405, ""objective"": 6033.3388234638, ""original_change"": 21.878145998418404, ""penalized_change"": 47.806147801543375, ""penalized_objective"": 6123.621084411921, ""phase"": ""mellowmin"", ""solver_time"": 0.00676417350769043, ""status"": ""optimal"", ""tau"": 10.24}, {""iteration"": 13, ""max_slack"": 0.14023813315311368, ""objective"": 6115.915117653145, ""original_change"": 82.57629418934539, ""penalized_change"": 69.84106102706119, ""penalized_objective"": 6193.462145438983, ""phase"": ""mellowmin"", ""solver_time"": 0.006696939468383789, ""status"": ""optimal"", ""tau"": 20.48}, {""iteration"": 14, ""max_slack"": 0.1391328334700923, ""objective"": 6116.83254016558, ""original_change"": 0.9174225124352233, ""penalized_change"": 77.2401810512356, ""penalized_objective"": 6270.702326490218, ""phase"": ""mellowmin"", ""solver_time"": 0.006639003753662109, ""status"": ""optimal"", ""tau"": 40.96}, {""iteration"": 15, ""max_slack"": 0.0430226822293708, ""objective"": 6293.816879010908, ""original_change"": 176.98433884532824, ""penalized_change"": 118.27384218661882, ""penalized_objective"": 6388.976168676837, ""phase"": ""mellowmin"", ""solver_time"": 0.006690025329589844, ""status"": ""optimal"", ""tau"": 81.92}, {""iteration"": 16, ""max_slack"": 1.891855824261464e-12, ""objective"": 6396.081390722926, ""original_change"": 102.26451171201734, ""penalized_change"": 7.105222064606096, ""penalized_objective"": 6396.081390741443, ""phase"": ""mellowmin"", ""solver_time"": 0.004540920257568359, ""status"": ""optimal"", ""tau"": 163.84}, {""iteration"": 17, ""max_slack"": 1.6817078002023988e-11, ""objective"": 6396.081390824026, ""original_change"": 1.0110034054378048e-07, ""penalized_change"": 1.4013903637533076e-06, ""penalized_objective"": 6396.0813921428335, ""phase"": ""mellowmin"", ""solver_time"": 0.005155086517333984, ""status"": ""optimal"", ""tau"": 327.68}, {""converged"": true, ""phase"": ""mellowmin"", ""summary"": true}]",
DEU_AachenFrankenburg-1_281723_T-1742,/data_linux/Lab/commonroad-repairer-vp/scenarios/experiment_scenarios/generated_sampling/in3/DEU_AachenFrankenburg-1_281723_T-1742.xml,10161,R_IN3_hand_draft,0,lin2025,20,lse_mellowmin,trajectory,20260922,True,True,True,True,0.003223104000426247,0.0039463829998567235,0.0868151909999142,0.0868151909999142,2.1661526059997414,2.2601372839999385,0.5238189519986918,0.24705767631530762,0.24705767631530762,421,0,567,160,407,21,200,666,37,True,3.438584105910758e-12,optimal,7639.451276384808,0.0100000000095406,10162,inf,,,,"[{""iteration"": 1, ""max_slack"": 2.25634836029769, ""objective"": 6090.160327821028, ""original_change"": null, ""penalized_change"": null, ""penalized_objective"": 6091.943914588951, ""phase"": ""lse"", ""solver_time"": 0.003103971481323242, ""status"": ""optimal"", ""tau"": 0.005}, {""iteration"": 2, ""max_slack"": 0.20170629118630462, ""objective"": 6090.279762206648, ""original_change"": 0.11943438562047959, ""penalized_change"": 1.141618642785943, ""penalized_objective"": 6090.802295946165, ""phase"": ""lse"", ""solver_time"": 0.008664131164550781, ""status"": ""optimal"", ""tau"": 0.01}, {""iteration"": 3, ""max_slack"": 0.20080487538309408, ""objective"": 6090.383178551129, ""original_change"": 0.10341634448104742, ""penalized_change"": 0.4850706861834624, ""penalized_objective"": 6091.2873666323485, ""phase"": ""lse"", ""solver_time"": 0.008275032043457031, ""status"": ""optimal"", ""tau"": 0.02}, {""iteration"": 4, ""max_slack"": 0.19971699021861286, ""objective"": 6090.533438655485, ""original_change"": 0.1502601043557661, ""penalized_change"": 0.8310880097096742, ""penalized_objective"": 6092.118454642058, ""phase"": ""lse"", ""solver_time"": 0.008986949920654297, ""status"": ""optimal"", ""tau"": 0.04}, {""iteration"": 5, ""max_slack"": 0.1977812199959591, ""objective"": 6090.932154540971, ""original_change"": 0.39871588548612635, ""penalized_change"": 1.4143591931333503, ""penalized_objective"": 6093.5328138351915, ""phase"": ""lse"", ""solver_time"": 0.008506059646606445, ""status"": ""optimal"", ""tau"": 0.08}, {""iteration"": 6, ""max_slack"": 0.19596982688399997, ""objective"": 6091.354719690466, ""original_change"": 0.42256514949440316, ""penalized_change"": 2.4066945542135727, ""penalized_objective"": 6095.939508389405, ""phase"": ""lse"", ""solver_time"": 0.008608102798461914, ""status"": ""optimal"", ""tau"": 0.16}, {""iteration"": 7, ""max_slack"": 0.19259377730671376, ""objective"": 6092.494071483909, ""original_change"": 1.1393517934429838, ""penalized_change"": 4.065482112760947, ""penalized_objective"": 6100.004990502166, ""phase"": ""lse"", ""solver_time"": 0.008484840393066406, ""status"": ""optimal"", ""tau"": 0.32}, {""iteration"": 8, ""max_slack"": 0.1881039719929481, ""objective"": 6094.537345973965, ""original_change"": 2.0432744900563193, ""penalized_change"": 6.753109310463515, ""penalized_objective"": 6106.75809981263, ""phase"": ""lse"", ""solver_time"": 0.009466171264648438, ""status"": ""optimal"", ""tau"": 0.64}, {""iteration"": 9, ""max_slack"": 0.1829744110304453, ""objective"": 6097.525365746121, ""original_change"": 2.9880197721558943, ""penalized_change"": 11.127186255446759, ""penalized_objective"": 6117.885286068076, ""phase"": ""lse"", ""solver_time"": 0.008490800857543945, ""status"": ""optimal"", ""tau"": 1.28}, {""iteration"": 10, ""max_slack"": 0.17811161305664777, ""objective"": 6100.905337164046, ""original_change"": 3.379971417924935, ""penalized_change"": 17.836752368017187, ""penalized_objective"": 6135.7220384360935, ""phase"": ""lse"", ""solver_time"": 0.009002923965454102, ""status"": ""optimal"", ""tau"": 2.56}, {""iteration"": 11, ""max_slack"": 0.1666508597416009, ""objective"": 6112.322859692312, ""original_change"": 11.41752252826609, ""penalized_change"": 27.53743107023729, ""penalized_objective"": 6163.259469506331, ""phase"": ""lse"", ""solver_time"": 0.007999897003173828, ""status"": ""optimal"", ""tau"": 5.12}, {""iteration"": 12, ""max_slack"": 0.1468972236374519, ""objective"": 6141.459537239918, ""original_change"": 29.13667754760627, ""penalized_change"": 44.843609546303924, ""penalized_objective"": 6208.103079052635, ""phase"": ""lse"", ""solver_time"": 0.006176948547363281, ""status"": ""optimal"", ""tau"": 10.24}, {""iteration"": 13, ""max_slack"": 0.1443645516275316, ""objective"": 6144.941221894858, ""original_change"": 3.4816846549401816, ""penalized_change"": 63.8566911575972, ""penalized_objective"": 6271.959770210232, ""phase"": ""lse"", ""solver_time"": 0.0048558712005615234, ""status"": ""optimal"", ""tau"": 20.48}, {""iteration"": 14, ""max_slack"": 0.10177735490880112, ""objective"": 6251.479152782761, ""original_change"": 106.5379308879028, ""penalized_change"": 92.07699757792216, ""penalized_objective"": 6364.036767788154, ""phase"": ""lse"", ""solver_time"": 0.004416942596435547, ""status"": ""optimal"", ""tau"": 40.96}, {""iteration"": 15, ""max_slack"": 0.101055099334355, ""objective"": 6252.677285272228, ""original_change"": 1.1981324894668433, ""penalized_change"": 112.15822987175306, ""penalized_objective"": 6476.194997659907, ""phase"": ""lse"", ""solver_time"": 0.0037500858306884766, ""status"": ""optimal"", ""tau"": 81.92}, {""iteration"": 16, ""max_slack"": 0.060276092678847315, ""objective"": 6407.099355662336, ""original_change"": 154.42207039010827, ""penalized_change"": 197.54650496611794, ""penalized_objective"": 6673.741502626025, ""phase"": ""lse"", ""solver_time"": 0.004240989685058594, ""status"": ""optimal"", ""tau"": 163.84}, {""iteration"": 17, ""max_slack"": 4.0387856148206266e-10, ""objective"": 6729.822444654259, ""original_change"": 322.72308899192285, ""penalized_change"": 56.08095349741325, ""penalized_objective"": 6729.822456123438, ""phase"": ""lse"", ""solver_time"": 0.003779888153076172, ""status"": ""optimal"", ""tau"": 327.68}, {""iteration"": 18, ""max_slack"": 9.31948782628384e-13, ""objective"": 6729.822349331895, ""original_change"": 9.532236435916275e-05, ""penalized_change"": 0.00010671661675587529, ""penalized_objective"": 6729.822349406822, ""phase"": ""lse"", ""solver_time"": 0.0045318603515625, ""status"": ""optimal"", ""tau"": 655.36}, {""converged"": true, ""phase"": ""lse"", ""summary"": true}, {""iteration"": 1, ""max_slack"": 3.677968760226856, ""objective"": 6090.206248783565, ""original_change"": null, ""penalized_change"": null, ""penalized_objective"": 6092.365028421114, ""phase"": ""mellowmin"", ""solver_time"": 0.005207061767578125, ""status"": ""optimal"", ""tau"": 0.005}, {""iteration"": 2, ""max_slack"": 0.31467480129485276, ""objective"": 6090.332147051913, ""original_change"": 0.12589826834846463, ""penalized_change"": 1.0906183293673166, ""penalized_objective"": 6091.274410091747, ""phase"": ""mellowmin"", ""solver_time"": 0.006749868392944336, ""status"": ""optimal"", ""tau"": 0.01}, {""iteration"": 3, ""max_slack"": 0.31339140697855394, ""objective"": 6090.542522331453, ""original_change"": 0.21037527954013058, ""penalized_change"": 0.8386266692750723, ""penalized_objective"": 6092.113036761022, ""phase"": ""mellowmin"", ""solver_time"": 0.007062196731567383, ""status"": ""optimal"", ""tau"": 0.02}, {""iteration"": 4, ""max_slack"": 0.31178357722812444, ""objective"": 6090.8667014504745, ""original_change"": 0.32417911902120977, ""penalized_change"": 1.4323679198387254, ""penalized_objective"": 6093.545404680861, ""phase"": ""mellowmin"", ""solver_time"": 0.0067479610443115234, ""status"": ""optimal"", ""tau"": 0.04}, {""iteration"": 5, ""max_slack"": 0.30939881212823217, ""objective"": 6091.524573780315, ""original_change"": 0.6578723298407567, ""penalized_change"": 2.444650878524044, ""penalized_objective"": 6095.990055559385, ""phase"": ""mellowmin"", ""solver_time"": 0.0072748661041259766, ""status"": ""optimal"", ""tau"": 0.08}, {""iteration"": 6, ""max_slack"": 0.3070413265427885, ""objective"": 6092.250156907544, ""original_change"": 0.7255831272286741, ""penalized_change"": 4.161277050893659, ""penalized_objective"": 6100.151332610279, ""phase"": ""mellowmin"", ""solver_time"": 0.007554054260253906, ""status"": ""optimal"", ""tau"": 0.16}, {""iteration"": 7, ""max_slack"": 0.3018975640418297, ""objective"": 6094.733824993245, ""original_change"": 2.483668085701538, ""penalized_change"": 6.999941099051284, ""penalized_objective"": 6107.15127370933, ""phase"": ""mellowmin"", ""solver_time"": 0.007987022399902344, ""status"": ""optimal"", ""tau"": 0.32}, {""iteration"": 8, ""max_slack"": 0.29691408244578843, ""objective"": 6097.708856241668, ""original_change"": 2.9750312484229653, ""penalized_change"": 11.63993916783511, ""penalized_objective"": 6118.791212877165, ""phase"": ""mellowmin"", ""solver_time"": 0.0071909427642822266, ""status"": ""optimal"", ""tau"": 0.64}, {""iteration"": 9, ""max_slack"": 0.28971779964596045, ""objective"": 6103.370421776968, ""original_change"": 5.661565535299815, ""penalized_change"": 19.292743919501845, ""penalized_objective"": 6138.083956796667, ""phase"": ""mellowmin"", ""solver_time"": 0.0069580078125, ""status"": ""optimal"", ""tau"": 1.28}, {""iteration"": 10, ""max_slack"": 0.2787212120574707, ""objective"": 6115.167167521733, ""original_change"": 11.796745744764848, ""penalized_change"": 31.624870891911087, ""penalized_objective"": 6169.708827688578, ""phase"": ""mellowmin"", ""solver_time"": 0.006877899169921875, ""status"": ""optimal"", ""tau"": 2.56}, {""iteration"": 11, ""max_slack"": 0.2658819378779666, ""objective"": 6133.143855239026, ""original_change"": 17.976687717293316, ""penalized_change"": 51.96591399711542, ""penalized_objective"": 6221.674741685693, ""phase"": ""mellowmin"", ""solver_time"": 0.006971120834350586, ""status"": ""optimal"", ""tau"": 5.12}, {""iteration"": 12, ""max_slack"": 0.25871071473138374, ""objective"": 6144.139645901672, ""original_change"": 10.995790662645959, ""penalized_change"": 79.40705700888066, ""penalized_objective"": 6301.081798694574, ""phase"": ""mellowmin"", ""solver_time"": 0.006947994232177734, ""status"": ""optimal"", ""tau"": 10.24}, {""iteration"": 13, ""max_slack"": 0.22649571532514798, ""objective"": 6219.478442283296, ""original_change"": 75.33879638162398, ""penalized_change"": 117.0392199860371, ""penalized_objective"": 6418.121018680611, ""phase"": ""mellowmin"", ""solver_time"": 0.0071489810943603516, ""status"": ""optimal"", ""tau"": 20.48}, {""iteration"": 14, ""max_slack"": 0.2098675700624128, ""objective"": 6268.256755936602, ""original_change"": 48.778313653305304, ""penalized_change"": 193.99751444093909, ""penalized_objective"": 6612.11853312155, ""phase"": ""mellowmin"", ""solver_time"": 0.007241010665893555, ""status"": ""optimal"", ""tau"": 40.96}, {""iteration"": 15, ""max_slack"": 0.1592626219623734, ""objective"": 6475.589361379315, ""original_change"": 207.33260544271343, ""penalized_change"": 215.73428736940787, ""penalized_objective"": 6827.852820490958, ""phase"": ""mellowmin"", ""solver_time"": 0.006685972213745117, ""status"": ""optimal"", ""tau"": 81.92}, {""iteration"": 16, ""max_slack"": 0.15782672658848343, ""objective"": 6480.353161508875, ""original_change"": 4.763800129559968, ""penalized_change"": 350.67527510824766, ""penalized_objective"": 7178.528095599206, ""phase"": ""mellowmin"", ""solver_time"": 0.004117012023925781, ""status"": ""optimal"", ""tau"": 163.84}, {""iteration"": 17, ""max_slack"": 0.030241609204307494, ""objective"": 7357.774350676761, ""original_change"": 877.421189167886, ""penalized_change"": 446.80466119902667, ""penalized_objective"": 7625.332756798232, ""phase"": ""mellowmin"", ""solver_time"": 0.0069620609283447266, ""status"": ""optimal"", ""tau"": 327.68}, {""iteration"": 18, ""max_slack"": 3.114756438649591e-11, ""objective"": 7639.451275374261, ""original_change"": 281.6769246975, ""penalized_change"": 14.118520952923063, ""penalized_objective"": 7639.451277751155, ""phase"": ""mellowmin"", ""solver_time"": 0.003039121627807617, ""status"": ""optimal"", ""tau"": 655.36}, {""iteration"": 19, ""max_slack"": 3.438584105910758e-12, ""objective"": 7639.451275360808, ""original_change"": 1.3453245628625154e-08, ""penalized_change"": 1.3663475328939967e-06, ""penalized_objective"": 7639.451276384808, ""phase"": ""mellowmin"", ""solver_time"": 0.00699305534362793, ""status"": ""optimal"", ""tau"": 1000.0}, {""converged"": true, ""phase"": ""mellowmin"", ""summary"": true}]",
DEU_AachenFrankenburg-1_281724_T-1743,/data_linux/Lab/commonroad-repairer-vp/scenarios/experiment_scenarios/generated_sampling/in3/DEU_AachenFrankenburg-1_281724_T-1743.xml,10161,R_IN3_hand_draft,0,lin2025,20,lse_mellowmin,trajectory,20260922,True,False,True,True,0.003395153999008471,0.0028575320011441363,0.08667848799996136,0.08667848799996136,2.053075585001352,2.146006759001466,0.5207915829996637,0.3171842098236084,0.3171842098236084,421,0,567,160,407,21,200,666,50,False,0.1572574374156661,iteration_limit,12276.517725032474,-0.14564799949112484,10162,inf,,,,"[{""iteration"": 1, ""max_slack"": 2.3330167806227844, ""objective"": 6226.858756104317, ""original_change"": null, ""penalized_change"": null, ""penalized_objective"": 6229.258625498968, ""phase"": ""lse"", ""solver_time"": 0.0032091140747070312, ""status"": ""optimal"", ""tau"": 0.005}, {""iteration"": 2, ""max_slack"": 0.17778109625281965, ""objective"": 6226.955524311358, ""original_change"": 0.09676820704135025, ""penalized_change"": 1.8095629731051304, ""penalized_objective"": 6227.449062525863, ""phase"": ""lse"", ""solver_time"": 0.00946807861328125, ""status"": ""optimal"", ""tau"": 0.01}, {""iteration"": 3, ""max_slack"": 0.17746892070829656, ""objective"": 6227.0496465929, ""original_change"": 0.09412228154178592, ""penalized_change"": 0.4574543728876961, ""penalized_objective"": 6227.906516898751, ""phase"": ""lse"", ""solver_time"": 0.00937795639038086, ""status"": ""optimal"", ""tau"": 0.02}, {""iteration"": 4, ""max_slack"": 0.1770214424397364, ""objective"": 6227.228915185935, ""original_change"": 0.17926859303497622, ""penalized_change"": 0.8003618461207225, ""penalized_objective"": 6228.706878744872, ""phase"": ""lse"", ""solver_time"": 0.009242057800292969, ""status"": ""optimal"", ""tau"": 0.04}, {""iteration"": 5, ""max_slack"": 0.17654170507087294, ""objective"": 6227.448192987937, ""original_change"": 0.21927780200167035, ""penalized_change"": 1.3854421113856006, ""penalized_objective"": 6230.092320856257, ""phase"": ""lse"", ""solver_time"": 0.0018589496612548828, ""status"": ""optimal"", ""tau"": 0.08}, {""iteration"": 6, ""max_slack"": 0.17568633683691098, ""objective"": 6228.011461933527, ""original_change"": 0.5632689455906075, ""penalized_change"": 2.4189631417175406, ""penalized_objective"": 6232.511283997975, ""phase"": ""lse"", ""solver_time"": 0.009857177734375, ""status"": ""optimal"", ""tau"": 0.16}, {""iteration"": 7, ""max_slack"": 0.174415784542095, ""objective"": 6229.171313207735, ""original_change"": 1.15985127420754, ""penalized_change"": 4.147124859060568, ""penalized_objective"": 6236.658408857035, ""phase"": ""lse"", ""solver_time"": 0.001734018325805664, ""status"": ""optimal"", ""tau"": 0.32}, {""iteration"": 8, ""max_slack"": 0.17289491203731502, ""objective"": 6230.956557158603, ""original_change"": 1.78524395086788, ""penalized_change"": 7.1265872525791565, ""penalized_objective"": 6243.784996109614, ""phase"": ""lse"", ""solver_time"": 0.00911402702331543, ""status"": ""optimal"", ""tau"": 0.64}, {""iteration"": 9, ""max_slack"": 0.17065148528499688, ""objective"": 6234.487551220627, ""original_change"": 3.530994062024547, ""penalized_change"": 12.257336238607422, ""penalized_objective"": 6256.042332348222, ""phase"": ""lse"", ""solver_time"": 0.009409904479980469, ""status"": ""optimal"", ""tau"": 1.28}, {""iteration"": 10, ""max_slack"": 0.16860598170315144, ""objective"": 6238.266207920715, ""original_change"": 3.778656700087595, ""penalized_change"": 20.94566759988811, ""penalized_objective"": 6276.98799994811, ""phase"": ""lse"", ""solver_time"": 0.008985042572021484, ""status"": ""optimal"", ""tau"": 2.56}, {""iteration"": 11, ""max_slack"": 0.16610544225769078, ""objective"": 6243.948797826815, ""original_change"": 5.682589906100475, ""penalized_change"": 34.33055554134171, ""penalized_objective"": 6311.318555489452, ""phase"": ""lse"", ""solver_time"": 0.008966922760009766, ""status"": ""optimal"", ""tau"": 5.12}, {""iteration"": 12, ""max_slack"": 0.15910871176328095, ""objective"": 6268.086534604325, ""original_change"": 24.137736777509417, ""penalized_change"": 56.87339866620732, ""penalized_objective"": 6368.191954155659, ""phase"": ""lse"", ""solver_time"": 0.009207010269165039, ""status"": ""optimal"", ""tau"": 10.24}, {""iteration"": 13, ""max_slack"": 0.1553407993552008, ""objective"": 6283.3673686362345, ""original_change"": 15.280834031909762, ""penalized_change"": 98.58097556173198, ""penalized_objective"": 6466.772929717391, ""phase"": ""lse"", ""solver_time"": 0.005425930023193359, ""status"": ""optimal"", ""tau"": 20.48}, {""iteration"": 14, ""max_slack"": 0.1440914442505766, ""objective"": 6350.577264845419, ""original_change"": 67.20989620918499, ""penalized_change"": 142.3161651740147, ""penalized_objective"": 6609.089094891406, ""phase"": ""lse"", ""solver_time"": 0.00489497184753418, ""status"": ""optimal"", ""tau"": 40.96}, {""iteration"": 15, ""max_slack"": 0.13982166101716237, ""objective"": 6379.277300138236, ""original_change"": 28.70003529281621, ""penalized_change"": 256.06844114339856, ""penalized_objective"": 6865.157536034804, ""phase"": ""lse"", ""solver_time"": 0.004195213317871094, ""status"": ""optimal"", ""tau"": 81.92}, {""iteration"": 16, ""max_slack"": 0.10873850367380478, ""objective"": 6723.405973215409, ""original_change"": 344.1286730771735, ""penalized_change"": 339.272782186461, ""penalized_objective"": 7204.430318221265, ""phase"": ""lse"", ""solver_time"": 0.0038900375366210938, ""status"": ""optimal"", ""tau"": 163.84}, {""iteration"": 17, ""max_slack"": 0.10814472183258751, ""objective"": 6727.346023950973, ""original_change"": 3.940050735564, ""penalized_change"": 479.7109945731354, ""penalized_objective"": 7684.141312794401, ""phase"": ""lse"", ""solver_time"": 0.0038650035858154297, ""status"": ""optimal"", ""tau"": 327.68}, {""iteration"": 18, ""max_slack"": 0.09082179611248592, ""objective"": 7001.578531934939, ""original_change"": 274.23250798396566, ""penalized_change"": 924.5034713660052, ""penalized_objective"": 8608.644784160406, ""phase"": ""lse"", ""solver_time"": 0.005604982376098633, ""status"": ""optimal"", ""tau"": 655.36}, {""iteration"": 19, ""max_slack"": 0.04477294848701502, ""objective"": 8030.648627923808, ""original_change"": 1029.070095988869, ""penalized_change"": 630.8734531416994, ""penalized_objective"": 9239.518237302105, ""phase"": ""lse"", ""solver_time"": 0.0036749839782714844, ""status"": ""optimal"", ""tau"": 1000.0}, {""iteration"": 20, ""max_slack"": 0.044772933682493486, ""objective"": 8030.648968408636, ""original_change"": 0.0003404848284844775, ""penalized_change"": 5.945054363110103e-05, ""penalized_objective"": 9239.518177851562, ""phase"": ""lse"", ""solver_time"": 0.005806922912597656, ""status"": ""optimal"", ""tau"": 1000.0}, {""iteration"": 21, ""max_slack"": 0.04477293360556352, ""objective"": 8030.648970485963, ""original_change"": 2.077326826110948e-06, ""penalized_change"": 1.586522557772696e-08, ""penalized_objective"": 9239.518177867427, ""phase"": ""lse"", ""solver_time"": 0.0038819313049316406, ""status"": ""optimal"", ""tau"": 1000.0}, {""iteration"": 22, ""max_slack"": 0.044772933286727504, ""objective"": 8030.648980040951, ""original_change"": 9.554987627780065e-06, ""penalized_change"": 8.349172276211902e-06, ""penalized_objective"": 9239.5181862166, ""phase"": ""lse"", ""solver_time"": 0.0053920745849609375, ""status"": ""optimal"", ""tau"": 1000.0}, {""iteration"": 23, ""max_slack"": 0.044772933604816816, ""objective"": 8030.648970506105, ""original_change"": 9.534845958114602e-06, ""penalized_change"": 8.349512427230366e-06, ""penalized_objective"": 9239.518177867087, ""phase"": ""lse"", ""solver_time"": 0.003901958465576172, ""status"": ""optimal"", ""tau"": 1000.0}, {""iteration"": 24, ""max_slack"": 0.0447729332850908, ""objective"": 8030.648980088973, ""original_change"": 9.582868187862914e-06, ""penalized_change"": 8.378785423701629e-06, ""penalized_objective"": 9239.518186245872, ""phase"": ""lse"", ""solver_time"": 0.005304098129272461, ""status"": ""optimal"", ""tau"": 1000.0}, {""iteration"": 25, ""max_slack"": 0.04477293360481614, ""objective"": 8030.648970506149, ""original_change"": 9.582823622622527e-06, ""penalized_change"": 8.378774509765208e-06, ""penalized_objective"": 9239.518177867098, ""phase"": ""lse"", ""solver_time"": 0.0038869380950927734, ""status"": ""optimal"", ""tau"": 1000.0}, {""converged"": false, ""phase"": ""lse"", ""summary"": true}, {""iteration"": 1, ""max_slack"": 3.677548548337173, ""objective"": 6226.901255639355, ""original_change"": null, ""penalized_change"": null, ""penalized_objective"": 6229.05138785621, ""phase"": ""mellowmin"", ""solver_time"": 0.005872011184692383, ""status"": ""optimal"", ""tau"": 0.005}, {""iteration"": 2, ""max_slack"": 0.2901249501987289, ""objective"": 6227.030167607678, ""original_change"": 0.12891196832242713, ""penalized_change"": 1.1074445767362704, ""penalized_objective"": 6227.943943279473, ""phase"": ""mellowmin"", ""solver_time"": 0.00814199447631836, ""status"": ""optimal"", ""tau"": 0.01}, {""iteration"": 3, ""max_slack"": 0.28972804620169257, ""objective"": 6227.192195132138, ""original_change"": 0.16202752446042723, ""penalized_change"": 0.8323529962481189, ""penalized_objective"": 6228.7762962757215, ""phase"": ""mellowmin"", ""solver_time"": 0.008426904678344727, ""status"": ""optimal"", ""tau"": 0.02}, {""iteration"": 4, ""max_slack"": 0.2892007496457063, ""objective"": 6227.461990867801, ""original_change"": 0.26979573566313775, ""penalized_change"": 1.4451429939035734, ""penalized_objective"": 6230.221439269625, ""phase"": ""mellowmin"", ""solver_time"": 0.0083770751953125, ""status"": ""optimal"", ""tau"": 0.04}, {""iteration"": 5, ""max_slack"": 0.28840861624902087, ""objective"": 6228.017908541303, ""original_change"": 0.5559176735014262, ""penalized_change"": 2.5031246033804564, ""penalized_objective"": 6232.7245638730055, ""phase"": ""mellowmin"", ""solver_time"": 0.008088111877441406, ""status"": ""optimal"", ""tau"": 0.08}, {""iteration"": 6, ""max_slack"": 0.2873547154727196, ""objective"": 6228.963100836294, ""original_change"": 0.9451922949911022, ""penalized_change"": 4.366594646738122, ""penalized_objective"": 6237.091158519744, ""phase"": ""mellowmin"", ""solver_time"": 0.008098125457763672, ""status"": ""optimal"", ""tau"": 0.16}, {""iteration"": 7, ""max_slack"": 0.28587152957579404, ""objective"": 6230.737190846065, ""original_change"": 1.774090009770589, ""penalized_change"": 7.474011428991616, ""penalized_objective"": 6244.565169948735, ""phase"": ""mellowmin"", ""solver_time"": 0.007803916931152344, ""status"": ""optimal"", ""tau"": 0.32}, {""iteration"": 8, ""max_slack"": 0.2841490423088918, ""objective"": 6233.257882355339, ""original_change"": 2.520691509274002, ""penalized_change"": 12.891365906320061, ""penalized_objective"": 6257.456535855055, ""phase"": ""mellowmin"", ""solver_time"": 0.008140087127685547, ""status"": ""optimal"", ""tau"": 0.64}, {""iteration"": 9, ""max_slack"": 0.281649908787396, ""objective"": 6238.059144932469, ""original_change"": 4.8012625771307285, ""penalized_change"": 22.09053886532911, ""penalized_objective"": 6279.547074720384, ""phase"": ""mellowmin"", ""solver_time"": 0.008272886276245117, ""status"": ""optimal"", ""tau"": 1.28}, {""iteration"": 10, ""max_slack"": 0.2778298113686811, ""objective"": 6248.041291791406, ""original_change"": 9.982146858937085, ""penalized_change"": 37.58447994080689, ""penalized_objective"": 6317.131554661191, ""phase"": ""mellowmin"", ""solver_time"": 0.008105993270874023, ""status"": ""optimal"", ""tau"": 2.56}, {""iteration"": 11, ""max_slack"": 0.271534889582944, ""objective"": 6271.373859349382, ""original_change"": 23.33256755797538, ""penalized_change"": 64.36236636842932, ""penalized_objective"": 6381.493921029621, ""phase"": ""mellowmin"", ""solver_time"": 0.007751941680908203, ""status"": ""optimal"", ""tau"": 5.12}, {""iteration"": 12, ""max_slack"": 0.2682481085994987, ""objective"": 6284.221419012503, ""original_change"": 12.847559663121501, ""penalized_change"": 108.9103687529896, ""penalized_objective"": 6490.40428978261, ""phase"": ""mellowmin"", ""solver_time"": 0.007653951644897461, ""status"": ""optimal"", ""tau"": 10.24}, {""iteration"": 13, ""max_slack"": 0.25915998380329636, ""objective"": 6336.741430256262, ""original_change"": 52.520011243758745, ""penalized_change"": 170.88104708126593, ""penalized_objective"": 6661.285336863876, ""phase"": ""mellowmin"", ""solver_time"": 0.0076258182525634766, ""status"": ""optimal"", ""tau"": 20.48}, {""iteration"": 14, ""max_slack"": 0.24477303124714045, ""objective"": 6452.903264241981, ""original_change"": 116.16183398571866, ""penalized_change"": 303.32881500521125, ""penalized_objective"": 6964.614151869087, ""phase"": ""mellowmin"", ""solver_time"": 0.007858991622924805, ""status"": ""optimal"", ""tau"": 40.96}, {""iteration"": 15, ""max_slack"": 0.23476512530259008, ""objective"": 6555.007738892954, ""original_change"": 102.10447465097332, ""penalized_change"": 429.9592138489397, ""penalized_objective"": 7394.573365718027, ""phase"": ""mellowmin"", ""solver_time"": 0.007261037826538086, ""status"": ""optimal"", ""tau"": 81.92}, {""iteration"": 16, ""max_slack"": 0.2137354965719114, ""objective"": 6836.5408898439555, ""original_change"": 281.5331509510015, ""penalized_change"": 794.7242393263105, ""penalized_objective"": 8189.297605044338, ""phase"": ""mellowmin"", ""solver_time"": 0.005508899688720703, ""status"": ""optimal"", ""tau"": 163.84}, {""iteration"": 17, ""max_slack"": 0.17764785612761214, ""objective"": 7535.595553443454, ""original_change"": 699.0546635994988, ""penalized_change"": 918.012485951831, ""penalized_objective"": 9107.310090996169, ""phase"": ""mellowmin"", ""solver_time"": 0.00540614128112793, ""status"": ""optimal"", ""tau"": 327.68}, {""iteration"": 18, ""max_slack"": 0.1764622655552985, ""objective"": 7551.329573299041, ""original_change"": 15.734019855586666, ""penalized_change"": 1566.469862248443, ""penalized_objective"": 10673.779953244612, ""phase"": ""mellowmin"", ""solver_time"": 0.004297018051147461, ""status"": ""optimal"", ""tau"": 655.36}, {""iteration"": 19, ""max_slack"": 0.15725743741566509, ""objective"": 8030.56691083405, ""original_change"": 479.2373375350089, ""penalized_change"": 1602.737771787828, ""penalized_objective"": 12276.51772503244, ""phase"": ""mellowmin"", ""solver_time"": 0.005475044250488281, ""status"": ""optimal"", ""tau"": 1000.0}, {""iteration"": 20, ""max_slack"": 0.15725743702191167, ""objective"": 8030.566922056604, ""original_change"": 1.1222554348933045e-05, ""penalized_change"": 3.751812982955016e-06, ""penalized_objective"": 12276.517728784253, ""phase"": ""mellowmin"", ""solver_time"": 0.004103899002075195, ""status"": ""optimal"", ""tau"": 1000.0}, {""iteration"": 21, ""max_slack"": 0.1572574374156661, ""objective"": 8030.566910834032, ""original_change"": 1.122257253882708e-05, ""penalized_change"": 3.751778422156349e-06, ""penalized_objective"": 12276.517725032474, ""phase"": ""mellowmin"", ""solver_time"": 0.005614042282104492, ""status"": ""optimal"", ""tau"": 1000.0}, {""iteration"": 22, ""max_slack"": 0.15725743702191167, ""objective"": 8030.566922056604, ""original_change"": 1.122257253882708e-05, ""penalized_change"": 3.751778422156349e-06, ""penalized_objective"": 12276.517728784253, ""phase"": ""mellowmin"", ""solver_time"": 0.004143953323364258, ""status"": ""optimal"", ""tau"": 1000.0}, {""iteration"": 23, ""max_slack"": 0.15725743741566608, ""objective"": 8030.566910834049, ""original_change"": 1.1222555258427747e-05, ""penalized_change"": 3.7517511373152956e-06, ""penalized_objective"": 12276.517725032501, ""phase"": ""mellowmin"", ""solver_time"": 0.00551605224609375, ""status"": ""optimal"", ""tau"": 1000.0}, {""iteration"": 24, ""max_slack"": 0.15725743702191167, ""objective"": 8030.566922056604, ""original_change"": 1.1222555258427747e-05, ""penalized_change"": 3.7517511373152956e-06, ""penalized_objective"": 12276.517728784253, ""phase"": ""mellowmin"", ""solver_time"": 0.004116058349609375, ""status"": ""optimal"", ""tau"": 1000.0}, {""iteration"": 25, ""max_slack"": 0.1572574374156661, ""objective"": 8030.566910834032, ""original_change"": 1.122257253882708e-05, ""penalized_change"": 3.751778422156349e-06, ""penalized_objective"": 12276.517725032474, ""phase"": ""mellowmin"", ""solver_time"": 0.005368947982788086, ""status"": ""optimal"", ""tau"": 1000.0}, {""converged"": false, ""phase"": ""mellowmin"", ""summary"": true}]",
DEU_AachenBendplatz-1_162278_T-2297,/data_linux/Lab/commonroad-repairer-vp/scenarios/experiment_scenarios/generated_sampling/in4/DEU_AachenBendplatz-1_162278_T-2297.xml,10179,R_IN4,0,lin2025,20,lse_mellowmin,trajectory,20260922,True,True,True,True,0.003779462000238709,0.003498950998618966,0.10811037700113957,0.10811037700113957,2.4928048010006023,2.6081935910005996,0.9933431160006876,0.10442042350769043,0.10442042350769043,421,0,555,160,395,21,200,654,37,True,9.532030607370755e-15,optimal,4977.932897137405,0.010000000000009985,10180,inf,,,,"[{""iteration"": 1, ""max_slack"": 1.1513100317930776, ""objective"": 4624.175546046678, ""original_change"": null, ""penalized_change"": null, ""penalized_objective"": 4626.165322862284, ""phase"": ""lse"", ""solver_time"": 0.0020499229431152344, ""status"": ""optimal"", ""tau"": 0.005}, {""iteration"": 2, ""max_slack"": 1.0302402601632545, ""objective"": 4624.229291295717, ""original_change"": 0.053745249038911425, ""penalized_change"": 1.7953128883436875, ""penalized_objective"": 4627.960635750627, ""phase"": ""lse"", ""solver_time"": 0.002674102783203125, ""status"": ""optimal"", ""tau"": 0.01}, {""iteration"": 3, ""max_slack"": 0.9956902079470046, ""objective"": 4624.513583645229, ""original_change"": 0.2842923495118157, ""penalized_change"": 3.588837817064814, ""penalized_objective"": 4631.549473567692, ""phase"": ""lse"", ""solver_time"": 0.0028290748596191406, ""status"": ""optimal"", ""tau"": 0.02}, {""iteration"": 4, ""max_slack"": 0.9406822547628617, ""objective"": 4625.902065717739, ""original_change"": 1.3884820725097597, ""penalized_change"": 6.243347382254797, ""penalized_objective"": 4637.792820949947, ""phase"": ""lse"", ""solver_time"": 0.0031609535217285156, ""status"": ""optimal"", ""tau"": 0.04}, {""iteration"": 5, ""max_slack"": 0.8749155008248338, ""objective"": 4629.682350068628, ""original_change"": 3.7802843508889055, ""penalized_change"": 8.986291089845508, ""penalized_objective"": 4646.779112039792, ""phase"": ""lse"", ""solver_time"": 0.003476858139038086, ""status"": ""optimal"", ""tau"": 0.08}, {""iteration"": 6, ""max_slack"": 0.8190727954866295, ""objective"": 4634.070997263482, ""original_change"": 4.388647194854457, ""penalized_change"": 13.843802161265558, ""penalized_objective"": 4660.622914201058, ""phase"": ""lse"", ""solver_time"": 0.003595113754272461, ""status"": ""optimal"", ""tau"": 0.16}, {""iteration"": 7, ""max_slack"": 0.759120084172389, ""objective"": 4640.216816127707, ""original_change"": 6.145818864224566, ""penalized_change"": 22.19871064331346, ""penalized_objective"": 4682.821624844371, ""phase"": ""lse"", ""solver_time"": 0.003821849822998047, ""status"": ""optimal"", ""tau"": 0.32}, {""iteration"": 8, ""max_slack"": 0.6819923250506794, ""objective"": 4656.53419228156, ""original_change"": 16.31737615385282, ""penalized_change"": 35.03019706828036, ""penalized_objective"": 4717.851821912652, ""phase"": ""lse"", ""solver_time"": 0.003965854644775391, ""status"": ""optimal"", ""tau"": 0.64}, {""iteration"": 9, ""max_slack"": 0.600986306741941, ""objective"": 4676.841867234211, ""original_change"": 20.307674952651723, ""penalized_change"": 51.4997060197411, ""penalized_objective"": 4769.351527932393, ""phase"": ""lse"", ""solver_time"": 0.003674030303955078, ""status"": ""optimal"", ""tau"": 1.28}, {""iteration"": 10, ""max_slack"": 0.45881455237549074, ""objective"": 4719.195536982914, ""original_change"": 42.35366974870249, ""penalized_change"": 72.45624651755315, ""penalized_objective"": 4841.807774449946, ""phase"": ""lse"", ""solver_time"": 0.0036890506744384766, ""status"": ""optimal"", ""tau"": 2.56}, {""iteration"": 11, ""max_slack"": 0.2915274064356898, ""objective"": 4813.1825042862765, ""original_change"": 93.98696730336269, ""penalized_change"": 93.76074246360804, ""penalized_objective"": 4935.568516913554, ""phase"": ""lse"", ""solver_time"": 0.002956867218017578, ""status"": ""optimal"", ""tau"": 5.12}, {""iteration"": 12, ""max_slack"": 0.20704246607091153, ""objective"": 4884.400920108175, ""original_change"": 71.21841582189882, ""penalized_change"": 96.69313979832441, ""penalized_objective"": 5032.2616567118785, ""phase"": ""lse"", ""solver_time"": 0.003470897674560547, ""status"": ""optimal"", ""tau"": 10.24}, {""iteration"": 13, ""max_slack"": 0.059312927218852965, ""objective"": 5012.453229630275, ""original_change"": 128.05230952209968, ""penalized_change"": 29.519053436494687, ""penalized_objective"": 5061.780710148373, ""phase"": ""lse"", ""solver_time"": 0.003776073455810547, ""status"": ""optimal"", ""tau"": 20.48}, {""iteration"": 14, ""max_slack"": 1.5483183126157705e-09, ""objective"": 5036.5116662981045, ""original_change"": 24.058436667829483, ""penalized_change"": 25.269039257708755, ""penalized_objective"": 5036.511670890664, ""phase"": ""lse"", ""solver_time"": 0.0027801990509033203, ""status"": ""optimal"", ""tau"": 40.96}, {""iteration"": 15, ""max_slack"": 1.368220399028513e-12, ""objective"": 5019.486133894051, ""original_change"": 17.025532404053592, ""penalized_change"": 17.025536964317325, ""penalized_objective"": 5019.486133926347, ""phase"": ""lse"", ""solver_time"": 0.002995014190673828, ""status"": ""optimal"", ""tau"": 81.92}, {""iteration"": 16, ""max_slack"": 1.8563580587662308e-13, ""objective"": 5007.491713211654, ""original_change"": 11.994420682396594, ""penalized_change"": 11.994420705588709, ""penalized_objective"": 5007.491713220758, ""phase"": ""lse"", ""solver_time"": 0.0031490325927734375, ""status"": ""optimal"", ""tau"": 163.84}, {""iteration"": 17, ""max_slack"": 6.636424861668712e-13, ""objective"": 4975.852080264653, ""original_change"": 31.6396329470017, ""penalized_change"": 31.639632905132203, ""penalized_objective"": 4975.852080315626, ""phase"": ""lse"", ""solver_time"": 0.0029840469360351562, ""status"": ""optimal"", ""tau"": 327.68}, {""iteration"": 18, ""max_slack"": 1.310651568700902e-13, ""objective"": 4973.660531162256, ""original_change"": 2.1915491023964933, ""penalized_change"": 2.1915491322261005, ""penalized_objective"": 4973.6605311834, ""phase"": ""lse"", ""solver_time"": 0.0029158592224121094, ""status"": ""optimal"", ""tau"": 655.36}, {""iteration"": 19, ""max_slack"": 3.3711811847778674e-12, ""objective"": 4973.206796296876, ""original_change"": 0.45373486538028374, ""penalized_change"": 0.45373405691225344, ""penalized_objective"": 4973.206797126488, ""phase"": ""lse"", ""solver_time"": 0.0030219554901123047, ""status"": ""optimal"", ""tau"": 1000.0}, {""iteration"": 20, ""max_slack"": 4.0098633101816655e-11, ""objective"": 4970.772876702375, ""original_change"": 2.433919594501276, ""penalized_change"": 2.4339116377759638, ""penalized_objective"": 4970.772885488712, ""phase"": ""lse"", ""solver_time"": 0.002992868423461914, ""status"": ""optimal"", ""tau"": 1000.0}, {""iteration"": 21, ""max_slack"": 2.273191947584941e-12, ""objective"": 4970.720824651188, ""original_change"": 0.052052051186365134, ""penalized_change"": 0.05206033942249633, ""penalized_objective"": 4970.720825149289, ""phase"": ""lse"", ""solver_time"": 0.002855062484741211, ""status"": ""optimal"", ""tau"": 1000.0}, {""iteration"": 22, ""max_slack"": 4.435434813484544e-14, ""objective"": 4970.720375189766, ""original_change"": 0.00044946142224944197, ""penalized_change"": 0.0004499498045333894, ""penalized_objective"": 4970.720375199485, ""phase"": ""lse"", ""solver_time"": 0.0027980804443359375, ""status"": ""optimal"", ""tau"": 1000.0}, {""converged"": true, ""phase"": ""lse"", ""summary"": true}, {""iteration"": 1, ""max_slack"": 1.1529128055511753, ""objective"": 4624.175546052106, ""original_change"": null, ""penalized_change"": null, ""penalized_objective"": 4626.168814257037, ""phase"": ""mellowmin"", ""solver_time"": 0.0020699501037597656, ""status"": ""optimal"", ""tau"": 0.005}, {""iteration"": 2, ""max_slack"": 2.1218713367780255, ""objective"": 4624.219482013942, ""original_change"": 0.04393596183581394, ""penalized_change"": 2.282575110885773, ""penalized_objective"": 4628.451389367923, ""phase"": ""mellowmin"", ""solver_time"": 0.0035958290100097656, ""status"": ""optimal"", ""tau"": 0.01}, {""iteration"": 3, ""max_slack"": 1.1183151710986283, ""objective"": 4624.395225896075, ""original_change"": 0.1757438821332471, ""penalized_change"": 3.565421648051597, ""penalized_objective"": 4632.016811015975, ""phase"": ""mellowmin"", ""solver_time"": 0.0030770301818847656, ""status"": ""optimal"", ""tau"": 0.02}, {""iteration"": 4, ""max_slack"": 1.0871519074079883, ""objective"": 4624.743540265213, ""original_change"": 0.3483143691373698, ""penalized_change"": 7.45401891243182, ""penalized_objective"": 4639.470829928407, ""phase"": ""mellowmin"", ""solver_time"": 0.0020689964294433594, ""status"": ""optimal"", ""tau"": 0.04}, {""iteration"": 5, ""max_slack"": 1.0421313077854617, ""objective"": 4625.560263890978, ""original_change"": 0.8167236257650075, ""penalized_change"": 14.455048627293763, ""penalized_objective"": 4653.9258785557, ""phase"": ""mellowmin"", ""solver_time"": 0.0020208358764648438, ""status"": ""optimal"", ""tau"": 0.08}, {""iteration"": 6, ""max_slack"": 0.9520900969777382, ""objective"": 4628.8271583376445, ""original_change"": 3.266894446666811, ""penalized_change"": 27.276649548991372, ""penalized_objective"": 4681.202528104692, ""phase"": ""mellowmin"", ""solver_time"": 0.0020210742950439453, ""status"": ""optimal"", ""tau"": 0.16}, {""iteration"": 7, ""max_slack"": 0.8063832734710075, ""objective"": 4643.376741378081, ""original_change"": 14.549583040436119, ""penalized_change"": 46.626031928360135, ""penalized_objective"": 4727.828560033052, ""phase"": ""mellowmin"", ""solver_time"": 0.0020418167114257812, ""status"": ""optimal"", ""tau"": 0.32}, {""iteration"": 8, ""max_slack"": 0.5130283718803795, ""objective"": 4680.092593926702, ""original_change"": 36.715852548621115, ""penalized_change"": 71.94653282712807, ""penalized_objective"": 4799.77509286018, ""phase"": ""mellowmin"", ""solver_time"": 0.002187013626098633, ""status"": ""optimal"", ""tau"": 0.64}, {""iteration"": 9, ""max_slack"": 0.29063092921293393, ""objective"": 4754.422763561156, ""original_change"": 74.33016963445425, ""penalized_change"": 87.83003421699595, ""penalized_objective"": 4887.605127077176, ""phase"": ""mellowmin"", ""solver_time"": 0.002981901168823242, ""status"": ""optimal"", ""tau"": 1.28}, {""iteration"": 10, ""max_slack"": 0.07229648334439248, ""objective"": 4903.344632760013, ""original_change"": 148.92186919885717, ""penalized_change"": 70.36405487075262, ""penalized_objective"": 4957.9691819479285, ""phase"": ""mellowmin"", ""solver_time"": 0.0020599365234375, ""status"": ""optimal"", ""tau"": 2.56}, {""iteration"": 11, ""max_slack"": 0.015456223519449239, ""objective"": 4960.182151058161, ""original_change"": 56.8375182981481, ""penalized_change"": 12.595872870859239, ""penalized_objective"": 4970.565054818788, ""phase"": ""mellowmin"", ""solver_time"": 0.002109050750732422, ""status"": ""optimal"", ""tau"": 5.12}, {""iteration"": 12, ""max_slack"": 0.006004167671223421, ""objective"": 4970.888152081032, ""original_change"": 10.706001022870623, ""penalized_change"": 4.136113563421532, ""penalized_objective"": 4974.701168382209, ""phase"": ""mellowmin"", ""solver_time"": 0.0019872188568115234, ""status"": ""optimal"", ""tau"": 10.24}, {""iteration"": 13, ""max_slack"": 0.0020001876592340337, ""objective"": 4975.5653025610645, ""original_change"": 4.677150480032651, ""penalized_change"": 2.134013349927045, ""penalized_objective"": 4976.835181732136, ""phase"": ""mellowmin"", ""solver_time"": 0.0022630691528320312, ""status"": ""optimal"", ""tau"": 20.48}, {""iteration"": 14, ""max_slack"": 2.0725565663715437e-11, ""objective"": 4977.93290616109, ""original_change"": 2.367603600025177, ""penalized_change"": 1.0977244855976096, ""penalized_objective"": 4977.932906217734, ""phase"": ""mellowmin"", ""solver_time"": 0.0021588802337646484, ""status"": ""optimal"", ""tau"": 40.96}, {""iteration"": 15, ""max_slack"": 9.532030607370755e-15, ""objective"": 4977.932897137147, ""original_change"": 9.02394276636187e-06, ""penalized_change"": 9.080328709387686e-06, ""penalized_objective"": 4977.932897137405, ""phase"": ""mellowmin"", ""solver_time"": 0.002145051956176758, ""status"": ""optimal"", ""tau"": 81.92}, {""converged"": true, ""phase"": ""mellowmin"", ""summary"": true}]",
DEU_AachenBendplatz-1_162279_T-2298,/data_linux/Lab/commonroad-repairer-vp/scenarios/experiment_scenarios/generated_sampling/in4/DEU_AachenBendplatz-1_162279_T-2298.xml,10179,R_IN4,0,lin2025,20,lse_mellowmin,trajectory,20260922,True,True,True,True,0.00359742299951904,0.0048825459998624865,0.10482437800055777,0.10482437800055777,2.0000063870011218,2.113310734001061,0.9253758890008612,0.13795995712280273,0.13795995712280273,421,0,555,160,395,21,200,654,37,True,1.109915006854425e-14,optimal,5474.180134728201,0.01000000000002056,10180,inf,,,,"[{""iteration"": 1, ""max_slack"": 1.2207356203904083, ""objective"": 4634.020222870068, ""original_change"": null, ""penalized_change"": null, ""penalized_objective"": 4636.242658300449, ""phase"": ""lse"", ""solver_time"": 0.002004861831665039, ""status"": ""optimal"", ""tau"": 0.005}, {""iteration"": 2, ""max_slack"": 1.1036852702932782, ""objective"": 4634.0533747542, ""original_change"": 0.03315188413216674, ""penalized_change"": 2.0765608179108312, ""penalized_objective"": 4638.31921911836, ""phase"": ""lse"", ""solver_time"": 0.002434968948364258, ""status"": ""optimal"", ""tau"": 0.01}, {""iteration"": 3, ""max_slack"": 1.0861239877749964, ""objective"": 4634.239761788331, ""original_change"": 0.18638703413034818, ""penalized_change"": 4.168423672503195, ""penalized_objective"": 4642.487642790863, ""phase"": ""lse"", ""solver_time"": 0.0026221275329589844, ""status"": ""optimal"", ""tau"": 0.02}, {""iteration"": 4, ""max_slack"": 1.0518337121794596, ""objective"": 4635.366347996499, ""original_change"": 1.1265862081681917, ""penalized_change"": 7.578053732845547, ""penalized_objective"": 4650.0656965237085, ""phase"": ""lse"", ""solver_time"": 0.002872943878173828, ""status"": ""optimal"", ""tau"": 0.04}, {""iteration"": 5, ""max_slack"": 0.9961443259455636, ""objective"": 4639.144568591827, ""original_change"": 3.7782205953280936, ""penalized_change"": 11.049753962260183, ""penalized_objective"": 4661.115450485969, ""phase"": ""lse"", ""solver_time"": 0.0030379295349121094, ""status"": ""optimal"", ""tau"": 0.08}, {""iteration"": 6, ""max_slack"": 0.943425280693107, ""objective"": 4643.835769509703, ""original_change"": 4.6912009178759035, ""penalized_change"": 17.026499930774662, ""penalized_objective"": 4678.141950416743, ""phase"": ""lse"", ""solver_time"": 0.021786928176879883, ""status"": ""optimal"", ""tau"": 0.16}, {""iteration"": 7, ""max_slack"": 0.874364340063204, ""objective"": 4652.398638914517, ""original_change"": 8.562869404813682, ""penalized_change"": 28.223306880289783, ""penalized_objective"": 4706.365257297033, ""phase"": ""lse"", ""solver_time"": 0.0017979145050048828, ""status"": ""optimal"", ""tau"": 0.32}, {""iteration"": 8, ""max_slack"": 0.8097996473858237, ""objective"": 4669.156941028311, ""original_change"": 16.758302113794343, ""penalized_change"": 45.40007171550678, ""penalized_objective"": 4751.76532901254, ""phase"": ""lse"", ""solver_time"": 0.00439906120300293, ""status"": ""optimal"", ""tau"": 0.64}, {""iteration"": 9, ""max_slack"": 0.686067221661861, ""objective"": 4696.237947208815, ""original_change"": 27.08100618050412, ""penalized_change"": 68.883093699842, ""penalized_objective"": 4820.648422712382, ""phase"": ""lse"", ""solver_time"": 0.002192974090576172, ""status"": ""optimal"", ""tau"": 1.28}, {""iteration"": 10, ""max_slack"": 0.6148825869798988, ""objective"": 4738.210782022362, ""original_change"": 41.9728348135468, ""penalized_change"": 105.88712985132952, ""penalized_objective"": 4926.5355525637115, ""phase"": ""lse"", ""solver_time"": 0.0035161972045898438, ""status"": ""optimal"", ""tau"": 2.56}, {""iteration"": 11, ""max_slack"": 0.4804993745227752, ""objective"": 4831.945535947358, ""original_change"": 93.73475392499586, ""penalized_change"": 152.788426131111, ""penalized_objective"": 5079.3239786948225, ""phase"": ""lse"", ""solver_time"": 0.0023250579833984375, ""status"": ""optimal"", ""tau"": 5.12}, {""iteration"": 12, ""max_slack"": 0.3096735665697072, ""objective"": 5004.0026545023975, ""original_change"": 172.05711855503978, ""penalized_change"": 197.6064843476115, ""penalized_objective"": 5276.930463042434, ""phase"": ""lse"", ""solver_time"": 0.003350973129272461, ""status"": ""optimal"", ""tau"": 10.24}, {""iteration"": 13, ""max_slack"": 0.15288888195123249, ""objective"": 5239.212981012759, ""original_change"": 235.21032651036148, ""penalized_change"": 178.467511263696, ""penalized_objective"": 5455.39797430613, ""phase"": ""lse"", ""solver_time"": 0.0029299259185791016, ""status"": ""optimal"", ""tau"": 20.48}, {""iteration"": 14, ""max_slack"": 0.020802051181400893, ""objective"": 5491.562987899015, ""original_change"": 252.35000688625587, ""penalized_change"": 69.87146040579319, ""penalized_objective"": 5525.269434711923, ""phase"": ""lse"", ""solver_time"": 0.0029408931732177734, ""status"": ""optimal"", ""tau"": 40.96}, {""iteration"": 15, ""max_slack"": 2.2897137031633495e-11, ""objective"": 5491.880782463684, ""original_change"": 0.31779456466938427, ""penalized_change"": 33.388651897608725, ""penalized_objective"": 5491.880782814314, ""phase"": ""lse"", ""solver_time"": 0.0027849674224853516, ""status"": ""optimal"", ""tau"": 81.92}, {""iteration"": 16, ""max_slack"": 2.515009523804849e-13, ""objective"": 5460.577453865993, ""original_change"": 31.30332859769078, ""penalized_change"": 31.303328934359342, ""penalized_objective"": 5460.577453879955, ""phase"": ""lse"", ""solver_time"": 0.0028591156005859375, ""status"": ""optimal"", ""tau"": 163.84}, {""iteration"": 17, ""max_slack"": 1.065523678269707e-12, ""objective"": 5428.452452321626, ""original_change"": 32.12500154436748, ""penalized_change"": 32.12500144670685, ""penalized_objective"": 5428.452452433248, ""phase"": ""lse"", ""solver_time"": 0.0025801658630371094, ""status"": ""optimal"", ""tau"": 327.68}, {""iteration"": 18, ""max_slack"": 5.15868183754061e-13, ""objective"": 5382.911385165257, ""original_change"": 45.54106715636863, ""penalized_change"": 45.54106716984916, ""penalized_objective"": 5382.911385263399, ""phase"": ""lse"", ""solver_time"": 0.0026769638061523438, ""status"": ""optimal"", ""tau"": 655.36}, {""iteration"": 19, ""max_slack"": 2.9349655581279884e-13, ""objective"": 5382.359973738606, ""original_change"": 0.5514114266516117, ""penalized_change"": 0.5514114386805886, ""penalized_objective"": 5382.3599738247185, ""phase"": ""lse"", ""solver_time"": 0.0026171207427978516, ""status"": ""optimal"", ""tau"": 1000.0}, {""iteration"": 20, ""max_slack"": 9.290058388229255e-15, ""objective"": 5382.359885776433, ""original_change"": 8.796217298367992e-05, ""penalized_change"": 8.804555545793846e-05, ""penalized_objective"": 5382.359885779163, ""phase"": ""lse"", ""solver_time"": 0.0025458335876464844, ""status"": ""optimal"", ""tau"": 1000.0}, {""converged"": true, ""phase"": ""lse"", ""summary"": true}, {""iteration"": 1, ""max_slack"": 1.3611274245811684, ""objective"": 4634.0450579048265, ""original_change"": null, ""penalized_change"": null, ""penalized_objective"": 4636.21579703908, ""phase"": ""mellowmin"", ""solver_time"": 0.0031480789184570312, ""status"": ""optimal"", ""tau"": 0.005}, {""iteration"": 2, ""max_slack"": 1.326239183820173, ""objective"": 4634.132672033212, ""original_change"": 0.0876141283852121, ""penalized_change"": 2.141484119481902, ""penalized_objective"": 4638.357281158562, ""phase"": ""mellowmin"", ""solver_time"": 0.0028090476989746094, ""status"": ""optimal"", ""tau"": 0.01}, {""iteration"": 3, ""max_slack"": 1.2568272950816612, ""objective"": 4634.48312867402, ""original_change"": 0.350456640808261, ""penalized_change"": 4.107789666697499, ""penalized_objective"": 4642.465070825259, ""phase"": ""mellowmin"", ""solver_time"": 0.0033609867095947266, ""status"": ""optimal"", ""tau"": 0.02}, {""iteration"": 4, ""max_slack"": 1.1180036407181744, ""objective"": 4635.884955931348, ""original_change"": 1.401827257327568, ""penalized_change"": 7.5146653946094375, ""penalized_objective"": 4649.979736219869, ""phase"": ""mellowmin"", ""solver_time"": 0.003261089324951172, ""status"": ""optimal"", ""tau"": 0.04}, {""iteration"": 5, ""max_slack"": 1.0948572887814678, ""objective"": 4640.007938689722, ""original_change"": 4.1229827583747465, ""penalized_change"": 12.314608994123773, ""penalized_objective"": 4662.2943452139925, ""phase"": ""mellowmin"", ""solver_time"": 0.0033309459686279297, ""status"": ""optimal"", ""tau"": 0.08}, {""iteration"": 6, ""max_slack"": 1.0491483402916801, ""objective"": 4645.237493182759, ""original_change"": 5.2295544930366304, ""penalized_change"": 18.911505485437374, ""penalized_objective"": 4681.20585069943, ""phase"": ""mellowmin"", ""solver_time"": 0.0032138824462890625, ""status"": ""optimal"", ""tau"": 0.16}, {""iteration"": 7, ""max_slack"": 0.9765274605498506, ""objective"": 4655.600234992009, ""original_change"": 10.36274180925011, ""penalized_change"": 30.0883107370355, ""penalized_objective"": 4711.294161436465, ""phase"": ""mellowmin"", ""solver_time"": 0.003425121307373047, ""status"": ""optimal"", ""tau"": 0.32}, {""iteration"": 8, ""max_slack"": 0.8732391708620731, ""objective"": 4667.744187894401, ""original_change"": 12.143952902391902, ""penalized_change"": 47.253304037253656, ""penalized_objective"": 4758.547465473719, ""phase"": ""mellowmin"", ""solver_time"": 0.003810882568359375, ""status"": ""optimal"", ""tau"": 0.64}, {""iteration"": 9, ""max_slack"": 0.7764451982909821, ""objective"": 4700.8245304559705, ""original_change"": 33.08034256156952, ""penalized_change"": 77.00004048064966, ""penalized_objective"": 4835.547505954369, ""phase"": ""mellowmin"", ""solver_time"": 0.004364013671875, ""status"": ""optimal"", ""tau"": 1.28}, {""iteration"": 10, ""max_slack"": 0.6333841520573997, ""objective"": 4750.6340310468795, ""original_change"": 49.80950059090901, ""penalized_change"": 119.22601769146513, ""penalized_objective"": 4954.773523645834, ""phase"": ""mellowmin"", ""solver_time"": 0.004223823547363281, ""status"": ""optimal"", ""tau"": 2.56}, {""iteration"": 11, ""max_slack"": 0.44861818372443046, ""objective"": 4841.849699868037, ""original_change"": 91.21566882115712, ""penalized_change"": 162.1731705668908, ""penalized_objective"": 5116.946694212725, ""phase"": ""mellowmin"", ""solver_time"": 0.004121065139770508, ""status"": ""optimal"", ""tau"": 5.12}, {""iteration"": 12, ""max_slack"": 0.268593790386185, ""objective"": 5038.003202783426, ""original_change"": 196.15350291538925, ""penalized_change"": 191.01086644153747, ""penalized_objective"": 5307.957560654262, ""phase"": ""mellowmin"", ""solver_time"": 0.0038061141967773438, ""status"": ""optimal"", ""tau"": 10.24}, {""iteration"": 13, ""max_slack"": 0.06414421998405809, ""objective"": 5333.144491536071, ""original_change"": 295.14128875264487, ""penalized_change"": 134.10749673137798, ""penalized_objective"": 5442.06505738564, ""phase"": ""mellowmin"", ""solver_time"": 0.0031440258026123047, ""status"": ""optimal"", ""tau"": 20.48}, {""iteration"": 14, ""max_slack"": 0.00962196705597578, ""objective"": 5448.356400093235, ""original_change"": 115.21190855716395, ""penalized_change"": 29.60071704479651, ""penalized_objective"": 5471.665774430437, ""phase"": ""mellowmin"", ""solver_time"": 0.003960132598876953, ""status"": ""optimal"", ""tau"": 40.96}, {""iteration"": 15, ""max_slack"": 0.0009412783711153262, ""objective"": 5471.576600352031, ""original_change"": 23.220200258796467, ""penalized_change"": 2.3012212047196954, ""penalized_objective"": 5473.966995635156, ""phase"": ""mellowmin"", ""solver_time"": 0.0037469863891601562, ""status"": ""optimal"", ""tau"": 81.92}, {""iteration"": 16, ""max_slack"": 3.6321006760672922e-12, ""objective"": 5474.180255938267, ""original_change"": 2.603655586235618, ""penalized_change"": 0.2132604025910041, ""penalized_objective"": 5474.180256037747, ""phase"": ""mellowmin"", ""solver_time"": 0.004257917404174805, ""status"": ""optimal"", ""tau"": 163.84}, {""iteration"": 17, ""max_slack"": 1.109915006854425e-14, ""objective"": 5474.180134727305, ""original_change"": 0.00012121096187911462, ""penalized_change"": 0.0001213095465573133, ""penalized_objective"": 5474.180134728201, ""phase"": ""mellowmin"", ""solver_time"": 0.0056989192962646484, ""status"": ""optimal"", ""tau"": 327.68}, {""converged"": true, ""phase"": ""mellowmin"", ""summary"": true}]",
DEU_AachenBendplatz-1_162281_T-2300,/data_linux/Lab/commonroad-repairer-vp/scenarios/experiment_scenarios/generated_sampling/in4/DEU_AachenBendplatz-1_162281_T-2300.xml,10179,R_IN4,0,lin2025,20,lse_mellowmin,trajectory,20260922,True,True,False,False,0.006409990999600268,0.006281011999817565,0.13591603399981977,0.13591603399981977,1.2960455769989494,1.444652613998187,1.047506416000033,0.03403496742248535,0.03403496742248535,421,0,554,160,394,21,200,653,4,True,6.190702765706597e-11,optimal,4730.931747780685,0.01000000000003846,10180,2.2,"(10180,)",,"{""t"": 11, ""s"": 48.81942176333271, ""d"": -0.03999854330702135}","[{""iteration"": 1, ""max_slack"": 7.537852701993818e-09, ""objective"": 4730.931747780697, ""original_change"": null, ""penalized_change"": null, ""penalized_objective"": 4730.931747795368, ""phase"": ""lse"", ""solver_time"": 0.008547067642211914, ""status"": ""optimal"", ""tau"": 0.005}, {""iteration"": 2, ""max_slack"": 2.434563029696007e-10, ""objective"": 4730.931747780441, ""original_change"": 2.5647750589996576e-10, ""penalized_change"": 1.4129909686744213e-08, ""penalized_objective"": 4730.931747781238, ""phase"": ""lse"", ""solver_time"": 0.00904703140258789, ""status"": ""optimal"", ""tau"": 0.01}, {""converged"": true, ""phase"": ""lse"", ""summary"": true}, {""iteration"": 1, ""max_slack"": 2.767033728173209e-10, ""objective"": 4730.931747780428, ""original_change"": null, ""penalized_change"": null, ""penalized_objective"": 4730.931747780941, ""phase"": ""mellowmin"", ""solver_time"": 0.008260011672973633, ""status"": ""optimal"", ""tau"": 0.005}, {""iteration"": 2, ""max_slack"": 6.190702765706597e-11, ""objective"": 4730.93174778043, ""original_change"": 1.8189894035458565e-12, ""penalized_change"": 2.5556801119819283e-10, ""penalized_objective"": 4730.931747780685, ""phase"": ""mellowmin"", ""solver_time"": 0.008180856704711914, ""status"": ""optimal"", ""tau"": 0.01}, {""converged"": true, ""phase"": ""mellowmin"", ""summary"": true}]",
DEU_AachenBendplatz-1_162282_T-2301,/data_linux/Lab/commonroad-repairer-vp/scenarios/experiment_scenarios/generated_sampling/in4/DEU_AachenBendplatz-1_162282_T-2301.xml,10179,R_IN4,0,lin2025,20,lse_mellowmin,trajectory,20260922,True,True,False,False,0.004682366001361515,0.0034214669994980795,0.11251242099933734,0.11251242099933734,0.634828825999648,0.7554450799998449,0.8916604570003983,0.03281688690185547,0.03281688690185547,421,0,553,160,393,21,200,652,4,True,4.597165901080228e-10,optimal,4749.035349033602,0.010000000000162329,10180,2.0,"(10180,)",,"{""t"": 10, ""s"": 48.895111788497665, ""d"": -0.06282805723532903}","[{""iteration"": 1, ""max_slack"": 3.4320149767379627e-09, ""objective"": 4749.035349031824, ""original_change"": null, ""penalized_change"": null, ""penalized_objective"": 4749.035349035957, ""phase"": ""lse"", ""solver_time"": 0.008355855941772461, ""status"": ""optimal"", ""tau"": 0.005}, {""iteration"": 2, ""max_slack"": 1.0562031652367801e-09, ""objective"": 4749.035349031776, ""original_change"": 4.8203219193965197e-11, ""penalized_change"": 3.280547389294952e-09, ""penalized_objective"": 4749.035349032676, ""phase"": ""lse"", ""solver_time"": 0.007989883422851562, ""status"": ""optimal"", ""tau"": 0.01}, {""converged"": true, ""phase"": ""lse"", ""summary"": true}, {""iteration"": 1, ""max_slack"": 1.2671670675723753e-09, ""objective"": 4749.035349031736, ""original_change"": null, ""penalized_change"": null, ""penalized_objective"": 4749.035349034103, ""phase"": ""mellowmin"", ""solver_time"": 0.007376909255981445, ""status"": ""optimal"", ""tau"": 0.005}, {""iteration"": 2, ""max_slack"": 4.597165901080228e-10, ""objective"": 4749.0353490317075, ""original_change"": 2.8194335754960775e-11, ""penalized_change"": 5.011315806768835e-10, ""penalized_objective"": 4749.035349033602, ""phase"": ""mellowmin"", ""solver_time"": 0.00909423828125, ""status"": ""optimal"", ""tau"": 0.01}, {""converged"": true, ""phase"": ""mellowmin"", ""summary"": true}]",
DEU_AachenBendplatz-1_162283_T-2302,/data_linux/Lab/commonroad-repairer-vp/scenarios/experiment_scenarios/generated_sampling/in4/DEU_AachenBendplatz-1_162283_T-2302.xml,10179,R_IN4,0,lin2025,20,lse_mellowmin,trajectory,20260922,True,True,False,False,0.007923310000478523,0.008833550000417745,0.17630730499877245,0.17630730499877245,1.0117856860015308,1.2048498510011996,1.0374946140000247,0.051329851150512695,0.051329851150512695,421,0,552,160,392,21,200,651,4,True,6.389063614799259e-10,optimal,4770.253573975627,0.010000000000188696,10180,1.8,"(10180,)",,"{""t"": 9, ""s"": 48.959144281693604, ""d"": -0.08188366789566004}","[{""iteration"": 1, ""max_slack"": 3.9552151463766607e-10, ""objective"": 4770.253573972688, ""original_change"": null, ""penalized_change"": null, ""penalized_objective"": 4770.253573973474, ""phase"": ""lse"", ""solver_time"": 0.013608932495117188, ""status"": ""optimal"", ""tau"": 0.005}, {""iteration"": 2, ""max_slack"": 7.276284533744455e-08, ""objective"": 4770.253573975091, ""original_change"": 2.4028850020840764e-09, ""penalized_change"": 3.163777364534326e-07, ""penalized_objective"": 4770.253574289852, ""phase"": ""lse"", ""solver_time"": 0.020642995834350586, ""status"": ""optimal"", ""tau"": 0.01}, {""converged"": true, ""phase"": ""lse"", ""summary"": true}, {""iteration"": 1, ""max_slack"": 2.2524438829081908e-08, ""objective"": 4770.25357397311, ""original_change"": null, ""penalized_change"": null, ""penalized_objective"": 4770.253574012355, ""phase"": ""mellowmin"", ""solver_time"": 0.008204936981201172, ""status"": ""optimal"", ""tau"": 0.005}, {""iteration"": 2, ""max_slack"": 6.389063614799259e-10, ""objective"": 4770.253573972702, ""original_change"": 4.083631210960448e-10, ""penalized_change"": 3.672812454169616e-08, ""penalized_objective"": 4770.253573975627, ""phase"": ""mellowmin"", ""solver_time"": 0.00887298583984375, ""status"": ""optimal"", ""tau"": 0.01}, {""converged"": true, ""phase"": ""mellowmin"", ""summary"": true}]",
DEU_AachenBendplatz-1_162284_T-2303,/data_linux/Lab/commonroad-repairer-vp/scenarios/experiment_scenarios/generated_sampling/in4/DEU_AachenBendplatz-1_162284_T-2303.xml,10179,R_IN4,0,lin2025,20,lse_mellowmin,trajectory,20260922,True,True,False,False,0.008164876999217086,0.007260668000526493,0.17829435899875534,0.17829435899875534,1.6655647280003905,1.8592846319988894,1.3277904659989872,0.04486584663391113,0.04486584663391113,421,0,552,160,392,21,200,651,4,True,3.412129300453276e-09,optimal,4877.61299258511,0.010000000003721254,10180,1.6,"(10180,)",,"{""t"": 8, ""s"": 49.046073595001, ""d"": -0.09770520845261643}","[{""iteration"": 1, ""max_slack"": 2.508732128449893e-09, ""objective"": 4877.612992570992, ""original_change"": null, ""penalized_change"": null, ""penalized_objective"": 4877.612992573449, ""phase"": ""lse"", ""solver_time"": 0.011777877807617188, ""status"": ""optimal"", ""tau"": 0.005}, {""iteration"": 2, ""max_slack"": 1.1686905666587047e-09, ""objective"": 4877.612992570945, ""original_change"": 4.729372449219227e-11, ""penalized_change"": 2.2137101041153073e-09, ""penalized_objective"": 4877.612992575663, ""phase"": ""lse"", ""solver_time"": 0.012914180755615234, ""status"": ""optimal"", ""tau"": 0.01}, {""converged"": true, ""phase"": ""lse"", ""summary"": true}, {""iteration"": 1, ""max_slack"": 6.504696386350987e-08, ""objective"": 4877.612992572835, ""original_change"": null, ""penalized_change"": null, ""penalized_objective"": 4877.612992678311, ""phase"": ""mellowmin"", ""solver_time"": 0.00900888442993164, ""status"": ""optimal"", ""tau"": 0.005}, {""iteration"": 2, ""max_slack"": 3.412129300453276e-09, ""objective"": 4877.612992571137, ""original_change"": 1.698026608210057e-09, ""penalized_change"": 9.320046956418082e-08, ""penalized_objective"": 4877.61299258511, ""phase"": ""mellowmin"", ""solver_time"": 0.01116490364074707, ""status"": ""optimal"", ""tau"": 0.01}, {""converged"": true, ""phase"": ""mellowmin"", ""summary"": true}]",
DEU_AachenBendplatz-1_162285_T-2304,/data_linux/Lab/commonroad-repairer-vp/scenarios/experiment_scenarios/generated_sampling/in4/DEU_AachenBendplatz-1_162285_T-2304.xml,10179,R_IN4,0,lin2025,20,lse_mellowmin,trajectory,20260922,True,True,False,False,0.004578428000968415,0.0036694600003102096,0.11282958499941742,0.11282958499941742,0.6946638989993517,0.8157413720000477,0.9790385190008237,0.04640984535217285,0.04640984535217285,421,0,550,160,390,21,200,649,4,True,4.731623386581619e-08,optimal,4926.484292570599,0.01000000004071211,10180,1.4000000000000001,"(10180,)",,"{""t"": 7, ""s"": 49.18399440317258, ""d"": -0.10753306525818829}","[{""iteration"": 1, ""max_slack"": 7.370232098245549e-08, ""objective"": 4926.484292417598, ""original_change"": null, ""penalized_change"": null, ""penalized_objective"": 4926.484292536654, ""phase"": ""lse"", ""solver_time"": 0.011903047561645508, ""status"": ""optimal"", ""tau"": 0.005}, {""iteration"": 2, ""max_slack"": 2.0073218631951026e-09, ""objective"": 4926.484292416027, ""original_change"": 1.57160684466362e-09, ""penalized_change"": 1.1709016689565033e-07, ""penalized_objective"": 4926.484292419564, ""phase"": ""lse"", ""solver_time"": 0.013208866119384766, ""status"": ""optimal"", ""tau"": 0.01}, {""converged"": true, ""phase"": ""lse"", ""summary"": true}, {""iteration"": 1, ""max_slack"": 2.624109029206894e-07, ""objective"": 4926.484292420333, ""original_change"": null, ""penalized_change"": null, ""penalized_objective"": 4926.484293040502, ""phase"": ""mellowmin"", ""solver_time"": 0.010895967483520508, ""status"": ""optimal"", ""tau"": 0.005}, {""iteration"": 2, ""max_slack"": 4.731623386581619e-08, ""objective"": 4926.4842924188615, ""original_change"": 1.4715624274685979e-09, ""penalized_change"": 4.699031705968082e-07, ""penalized_objective"": 4926.484292570599, ""phase"": ""mellowmin"", ""solver_time"": 0.01040196418762207, ""status"": ""optimal"", ""tau"": 0.01}, {""converged"": true, ""phase"": ""mellowmin"", ""summary"": true}]",
DEU_AachenBendplatz-1_151155_T-1174,/data_linux/Lab/commonroad-repairer-vp/scenarios/experiment_scenarios/generated_sampling/in4/DEU_AachenBendplatz-1_151155_T-1174.xml,10079,R_IN4,0,lin2025,20,lse_mellowmin,trajectory,20260922,False,False,False,False,0.0079374650013051,0.005712182000934263,1.0873652099999163,1.0873652099999163,0.6969357229991147,1.7979505800012703,,0.00015306472778320312,0.00015306472778320312,421,0,562,160,402,21,200,661,2,False,,infeasible,,-inf,10087,,,,,"[{""converged"": false, ""phase"": ""lse"", ""summary"": true}, {""converged"": false, ""phase"": ""mellowmin"", ""summary"": true}]",
DEU_AachenBendplatz-1_151156_T-1175,/data_linux/Lab/commonroad-repairer-vp/scenarios/experiment_scenarios/generated_sampling/in4/DEU_AachenBendplatz-1_151156_T-1175.xml,10079,R_IN4,0,lin2025,20,lse_mellowmin,trajectory,20260922,False,False,False,False,0.006702069998937077,0.003945014001146774,0.12352700199880928,0.12352700199880928,1.6602022050010419,1.794376290999935,,0.00011181831359863281,0.00011181831359863281,421,0,562,160,402,21,200,661,2,False,,infeasible,,-inf,10087,,,,,"[{""converged"": false, ""phase"": ""lse"", ""summary"": true}, {""converged"": false, ""phase"": ""mellowmin"", ""summary"": true}]",
DEU_AachenBendplatz-1_151157_T-1176,/data_linux/Lab/commonroad-repairer-vp/scenarios/experiment_scenarios/generated_sampling/in4/DEU_AachenBendplatz-1_151157_T-1176.xml,10079,R_IN4,0,lin2025,20,lse_mellowmin,trajectory,20260922,False,False,False,False,0.006313029000011738,0.0038049459999456303,0.10743266200006474,0.10743266200006474,0.5718890179996379,0.68943965499966,,9.226799011230469e-05,9.226799011230469e-05,421,0,562,160,402,21,200,661,2,False,,infeasible,,-inf,10087,,,,,"[{""converged"": false, ""phase"": ""lse"", ""summary"": true}, {""converged"": false, ""phase"": ""mellowmin"", ""summary"": true}]",
DEU_AachenBendplatz-1_151158_T-1177,/data_linux/Lab/commonroad-repairer-vp/scenarios/experiment_scenarios/generated_sampling/in4/DEU_AachenBendplatz-1_151158_T-1177.xml,10079,R_IN4,0,lin2025,20,lse_mellowmin,trajectory,20260922,False,False,False,False,0.0061420860001817346,0.00540049100163742,0.11028499199892394,0.11028499199892394,1.387806743998226,1.509634312998969,,0.0001652240753173828,0.0001652240753173828,421,0,566,160,406,21,200,665,2,False,,infeasible,,-inf,10087,,,,,"[{""converged"": false, ""phase"": ""lse"", ""summary"": true}, {""converged"": false, ""phase"": ""mellowmin"", ""summary"": true}]",
DEU_AachenBendplatz-1_151159_T-1178,/data_linux/Lab/commonroad-repairer-vp/scenarios/experiment_scenarios/generated_sampling/in4/DEU_AachenBendplatz-1_151159_T-1178.xml,10079,R_IN4,0,lin2025,20,lse_mellowmin,trajectory,20260922,False,False,False,False,0.006047549000868457,0.004576481000185595,0.10937680000097316,0.10937680000097316,1.0984670269990602,1.2184678570010874,,0.00010395050048828125,0.00010395050048828125,421,0,565,160,405,21,200,664,2,False,,infeasible,,-inf,10087,,,,,"[{""converged"": false, ""phase"": ""lse"", ""summary"": true}, {""converged"": false, ""phase"": ""mellowmin"", ""summary"": true}]",
DEU_AachenBendplatz-1_151161_T-1180,/data_linux/Lab/commonroad-repairer-vp/scenarios/experiment_scenarios/generated_sampling/in4/DEU_AachenBendplatz-1_151161_T-1180.xml,10079,R_IN4,0,lin2025,20,lse_mellowmin,trajectory,20260922,True,True,False,False,0.005900002999624121,0.0037411299999803305,0.11087096999835921,0.11087096999835921,0.6288134269998409,0.7493255299978046,1.3265091399989615,0.037688493728637695,0.037688493728637695,421,0,563,160,403,21,200,662,4,True,1.042804397899572e-09,optimal,4708.7426964988135,0.01000000000041796,10087,2.6,"(10087,)",,"{""t"": 13, ""s"": 48.45597883566927, ""d"": -1.3497719826973054}","[{""iteration"": 1, ""max_slack"": 2.0735637495377122e-08, ""objective"": 4708.742696494282, ""original_change"": null, ""penalized_change"": null, ""penalized_objective"": 4708.742696544538, ""phase"": ""lse"", ""solver_time"": 0.009727001190185547, ""status"": ""optimal"", ""tau"": 0.005}, {""iteration"": 2, ""max_slack"": 1.3179733966209848e-07, ""objective"": 4708.742696501062, ""original_change"": 6.779373507015407e-09, ""penalized_change"": 5.956935638096184e-07, ""penalized_objective"": 4708.742697140232, ""phase"": ""lse"", ""solver_time"": 0.009179115295410156, ""status"": ""optimal"", ""tau"": 0.01}, {""converged"": true, ""phase"": ""lse"", ""summary"": true}, {""iteration"": 1, ""max_slack"": 2.4709116851586157e-09, ""objective"": 4708.742696493759, ""original_change"": null, ""penalized_change"": null, ""penalized_objective"": 4708.742696499546, ""phase"": ""mellowmin"", ""solver_time"": 0.009394168853759766, ""status"": ""optimal"", ""tau"": 0.005}, {""iteration"": 2, ""max_slack"": 1.042804397899572e-09, ""objective"": 4708.742696493757, ""original_change"": 1.8189894035458565e-12, ""penalized_change"": 7.321432349272072e-10, ""penalized_objective"": 4708.7426964988135, ""phase"": ""mellowmin"", ""solver_time"": 0.009388208389282227, ""status"": ""optimal"", ""tau"": 0.01}, {""converged"": true, ""phase"": ""mellowmin"", ""summary"": true}]",
DEU_AachenBendplatz-1_151162_T-1181,/data_linux/Lab/commonroad-repairer-vp/scenarios/experiment_scenarios/generated_sampling/in4/DEU_AachenBendplatz-1_151162_T-1181.xml,10079,R_IN4,0,lin2025,20,lse_mellowmin,trajectory,20260922,True,True,False,False,0.005131501000505523,0.0033122429995273706,0.1044386929988832,0.1044386929988832,1.1867902260000847,1.2996726629990007,1.1440939830008574,0.03851485252380371,0.03851485252380371,421,0,562,160,402,21,200,661,4,True,2.255270378873724e-09,optimal,4774.4818306869,0.01000000000213077,10087,1.8,"(10087,)",,"{""t"": 9, ""s"": 48.72300417831208, ""d"": -1.4155428429381942}","[{""iteration"": 1, ""max_slack"": 2.9251307149351765e-08, ""objective"": 4774.481830680628, ""original_change"": null, ""penalized_change"": null, ""penalized_objective"": 4774.481830751231, ""phase"": ""lse"", ""solver_time"": 0.009923934936523438, ""status"": ""optimal"", ""tau"": 0.005}, {""iteration"": 2, ""max_slack"": 5.659540080476416e-08, ""objective"": 4774.481830690148, ""original_change"": 9.51968104345724e-09, ""penalized_change"": 2.1380765247158706e-07, ""penalized_objective"": 4774.481830965039, ""phase"": ""lse"", ""solver_time"": 0.00949406623840332, ""status"": ""optimal"", ""tau"": 0.01}, {""converged"": true, ""phase"": ""lse"", ""summary"": true}, {""iteration"": 1, ""max_slack"": 1.0305971242818393e-08, ""objective"": 4774.481830676482, ""original_change"": null, ""penalized_change"": null, ""penalized_objective"": 4774.481830701232, ""phase"": ""mellowmin"", ""solver_time"": 0.009218931198120117, ""status"": ""optimal"", ""tau"": 0.005}, {""iteration"": 2, ""max_slack"": 2.255270378873724e-09, ""objective"": 4774.481830676038, ""original_change"": 4.43833414465189e-10, ""penalized_change"": 1.4331817510537803e-08, ""penalized_objective"": 4774.4818306869, ""phase"": ""mellowmin"", ""solver_time"": 0.009877920150756836, ""status"": ""optimal"", ""tau"": 0.01}, {""converged"": true, ""phase"": ""mellowmin"", ""summary"": true}]",
DEU_AachenBendplatz-1_151163_T-1182,/data_linux/Lab/commonroad-repairer-vp/scenarios/experiment_scenarios/generated_sampling/in4/DEU_AachenBendplatz-1_151163_T-1182.xml,10079,R_IN4,0,lin2025,20,lse_mellowmin,trajectory,20260922,True,True,False,False,0.005618309000055888,0.004739377000078093,0.11350449600104184,0.11350449600104184,1.166030074000446,1.2898922560016217,1.0909513869992224,0.03622698783874512,0.03622698783874512,421,0,561,160,401,21,200,660,4,True,1.2191971035416838e-09,optimal,4823.184778140902,0.010000000002546314,10087,1.4000000000000001,"(10087,)",,"{""t"": 7, ""s"": 48.81456483225365, ""d"": -1.442643771658588}","[{""iteration"": 1, ""max_slack"": 4.2905238387210725e-08, ""objective"": 4823.184778140794, ""original_change"": null, ""penalized_change"": null, ""penalized_objective"": 4823.184778243795, ""phase"": ""lse"", ""solver_time"": 0.009160995483398438, ""status"": ""optimal"", ""tau"": 0.005}, {""iteration"": 2, ""max_slack"": 4.766019025049326e-09, ""objective"": 4823.184778136057, ""original_change"": 4.737557901535183e-09, ""penalized_change"": 8.470124157611281e-08, ""penalized_objective"": 4823.184778159094, ""phase"": ""lse"", ""solver_time"": 0.009145021438598633, ""status"": ""optimal"", ""tau"": 0.01}, {""converged"": true, ""phase"": ""lse"", ""summary"": true}, {""iteration"": 1, ""max_slack"": 2.041122850038725e-07, ""objective"": 4823.184778165805, ""original_change"": null, ""penalized_change"": null, ""penalized_objective"": 4823.184778657358, ""phase"": ""mellowmin"", ""solver_time"": 0.008635997772216797, ""status"": ""optimal"", ""tau"": 0.005}, {""iteration"": 2, ""max_slack"": 1.2191971035416838e-09, ""objective"": 4823.184778134982, ""original_change"": 3.082368493778631e-08, ""penalized_change"": 5.164556569070555e-07, ""penalized_objective"": 4823.184778140902, ""phase"": ""mellowmin"", ""solver_time"": 0.00928497314453125, ""status"": ""optimal"", ""tau"": 0.01}, {""converged"": true, ""phase"": ""mellowmin"", ""summary"": true}]",
DEU_AachenBendplatz-1_151164_T-1183,/data_linux/Lab/commonroad-repairer-vp/scenarios/experiment_scenarios/generated_sampling/in4/DEU_AachenBendplatz-1_151164_T-1183.xml,10079,R_IN4,0,lin2025,20,lse_mellowmin,trajectory,20260922,True,True,False,False,0.008127173001412302,0.0035783000002993504,0.13135029499972006,0.13135029499972006,0.8174057379983424,0.9604615059997741,0.9265006040004664,0.03489208221435547,0.03489208221435547,421,0,561,160,401,21,200,660,4,True,4.72896612378579e-09,optimal,4852.08063685042,0.010000000003294018,10087,1.2000000000000002,"(10087,)",,"{""t"": 6, ""s"": 48.88843452194486, ""d"": -1.4618235121548437}","[{""iteration"": 1, ""max_slack"": 6.330474931168363e-09, ""objective"": 4852.080636827043, ""original_change"": null, ""penalized_change"": null, ""penalized_objective"": 4852.08063684098, ""phase"": ""lse"", ""solver_time"": 0.00828409194946289, ""status"": ""optimal"", ""tau"": 0.005}, {""iteration"": 2, ""max_slack"": 2.8401747275022387e-09, ""objective"": 4852.080636827307, ""original_change"": 2.637534635141492e-10, ""penalized_change"": 1.1186784831807017e-10, ""penalized_objective"": 4852.080636841092, ""phase"": ""lse"", ""solver_time"": 0.008749961853027344, ""status"": ""optimal"", ""tau"": 0.01}, {""converged"": true, ""phase"": ""lse"", ""summary"": true}, {""iteration"": 1, ""max_slack"": 6.080901668230114e-09, ""objective"": 4852.080636827035, ""original_change"": null, ""penalized_change"": null, ""penalized_objective"": 4852.08063684165, ""phase"": ""mellowmin"", ""solver_time"": 0.009300947189331055, ""status"": ""optimal"", ""tau"": 0.005}, {""iteration"": 2, ""max_slack"": 4.72896612378579e-09, ""objective"": 4852.080636827452, ""original_change"": 4.1654857341200113e-10, ""penalized_change"": 8.770257409196347e-09, ""penalized_objective"": 4852.08063685042, ""phase"": ""mellowmin"", ""solver_time"": 0.00855708122253418, ""status"": ""optimal"", ""tau"": 0.01}, {""converged"": true, ""phase"": ""mellowmin"", ""summary"": true}]",
DEU_AachenBendplatz-1_151165_T-1184,/data_linux/Lab/commonroad-repairer-vp/scenarios/experiment_scenarios/generated_sampling/in4/DEU_AachenBendplatz-1_151165_T-1184.xml,10079,R_IN4,0,lin2025,20,lse_mellowmin,trajectory,20260922,True,True,False,False,0.006136248999609961,0.005125455998495454,0.10866234300010547,0.10866234300010547,1.2277130269994814,1.3476370749976923,1.1356265610011178,0.03548097610473633,0.03548097610473633,421,0,561,160,401,21,200,660,4,True,3.163553264014555e-08,optimal,4869.659156212163,0.010000000057126012,10087,1.0,"(10087,)",,"{""t"": 5, ""s"": 48.915368783433685, ""d"": -1.4838592103365897}","[{""iteration"": 1, ""max_slack"": 3.2074416837251226e-10, ""objective"": 4869.659155531721, ""original_change"": null, ""penalized_change"": null, ""penalized_objective"": 4869.659155532467, ""phase"": ""lse"", ""solver_time"": 0.007463932037353516, ""status"": ""optimal"", ""tau"": 0.005}, {""iteration"": 2, ""max_slack"": 2.463312656129066e-10, ""objective"": 4869.6591555385685, ""original_change"": 6.847585609648377e-09, ""penalized_change"": 7.2050170274451375e-09, ""penalized_objective"": 4869.659155539672, ""phase"": ""lse"", ""solver_time"": 0.009516000747680664, ""status"": ""optimal"", ""tau"": 0.01}, {""converged"": true, ""phase"": ""lse"", ""summary"": true}, {""iteration"": 1, ""max_slack"": 7.646341343005576e-10, ""objective"": 4869.659155531339, ""original_change"": null, ""penalized_change"": null, ""penalized_objective"": 4869.659155532939, ""phase"": ""mellowmin"", ""solver_time"": 0.009277105331420898, ""status"": ""optimal"", ""tau"": 0.005}, {""iteration"": 2, ""max_slack"": 3.163553264014555e-08, ""objective"": 4869.659156074781, ""original_change"": 5.434421836980619e-07, ""penalized_change"": 6.792242857045494e-07, ""penalized_objective"": 4869.659156212163, ""phase"": ""mellowmin"", ""solver_time"": 0.00922393798828125, ""status"": ""optimal"", ""tau"": 0.01}, {""converged"": true, ""phase"": ""mellowmin"", ""summary"": true}]",
DEU_AachenBendplatz-1_92261_T-2280,/data_linux/Lab/commonroad-repairer-vp/scenarios/experiment_scenarios/generated_sampling/in4/DEU_AachenBendplatz-1_92261_T-2280.xml,10121,R_IN4,0,lin2025,20,lse_mellowmin,trajectory,20260922,False,False,False,False,0.004812309000044479,0.0032792960009828676,0.1041698009994434,0.1041698009994434,0.4923726160013757,0.6046340220018465,,9.298324584960938e-05,9.298324584960938e-05,421,0,557,160,397,21,200,656,2,False,,infeasible,,-inf,10129,,,,,"[{""converged"": false, ""phase"": ""lse"", ""summary"": true}, {""converged"": false, ""phase"": ""mellowmin"", ""summary"": true}]",
DEU_AachenBendplatz-1_92262_T-2281,/data_linux/Lab/commonroad-repairer-vp/scenarios/experiment_scenarios/generated_sampling/in4/DEU_AachenBendplatz-1_92262_T-2281.xml,10121,R_IN4,0,lin2025,20,lse_mellowmin,trajectory,20260922,False,False,False,False,0.004664894999223179,0.00344767599926854,0.8170961150008225,0.8170961150008225,0.6075701940008003,1.4327788800001144,,0.00011587142944335938,0.00011587142944335938,421,0,553,160,393,21,200,652,2,False,,infeasible,,-inf,10129,,,,,"[{""converged"": false, ""phase"": ""lse"", ""summary"": true}, {""converged"": false, ""phase"": ""mellowmin"", ""summary"": true}]",
DEU_AachenBendplatz-1_92263_T-2282,/data_linux/Lab/commonroad-repairer-vp/scenarios/experiment_scenarios/generated_sampling/in4/DEU_AachenBendplatz-1_92263_T-2282.xml,10121,R_IN4,0,lin2025,20,lse_mellowmin,trajectory,20260922,False,False,False,False,0.004488635999223334,0.0035439189996395726,0.10557532500024536,0.10557532500024536,0.5484651379993011,0.6620730179984093,,0.00011396408081054688,0.00011396408081054688,421,0,552,160,392,21,200,651,2,False,,infeasible,,-inf,10129,,,,,"[{""converged"": false, ""phase"": ""lse"", ""summary"": true}, {""converged"": false, ""phase"": ""mellowmin"", ""summary"": true}]",
DEU_AachenBendplatz-1_92264_T-2283,/data_linux/Lab/commonroad-repairer-vp/scenarios/experiment_scenarios/generated_sampling/in4/DEU_AachenBendplatz-1_92264_T-2283.xml,10121,R_IN4,0,lin2025,20,lse_mellowmin,trajectory,20260922,False,False,False,False,0.004604440000548493,0.003740525999091915,0.11415192200001911,0.11415192200001911,0.6065888930006622,0.7290857810003217,,0.00010824203491210938,0.00010824203491210938,421,0,551,160,391,21,200,650,2,False,,infeasible,,-inf,10129,,,,,"[{""converged"": false, ""phase"": ""lse"", ""summary"": true}, {""converged"": false, ""phase"": ""mellowmin"", ""summary"": true}]",
DEU_AachenBendplatz-1_92265_T-2284,/data_linux/Lab/commonroad-repairer-vp/scenarios/experiment_scenarios/generated_sampling/in4/DEU_AachenBendplatz-1_92265_T-2284.xml,10121,R_IN4,0,lin2025,20,lse_mellowmin,trajectory,20260922,False,False,False,False,0.003843292000965448,0.003858727000988438,0.10762740700010909,0.10762740700010909,0.5243664429999626,0.6396958690020256,,9.179115295410156e-05,9.179115295410156e-05,421,0,550,160,390,21,200,649,2,False,,infeasible,,-inf,10129,,,,,"[{""converged"": false, ""phase"": ""lse"", ""summary"": true}, {""converged"": false, ""phase"": ""mellowmin"", ""summary"": true}]",
DEU_AachenBendplatz-1_12961_T-980,/data_linux/Lab/commonroad-repairer-vp/scenarios/experiment_scenarios/generated_sampling/in5/DEU_AachenBendplatz-1_12961_T-980.xml,10047,R_IN5,0,lin2025,20,lse_mellowmin,trajectory,20260922,True,True,True,True,0.0076000419994670665,0.004102512999452301,0.11821599299946683,0.11821599299946683,0.6493395620000229,0.779258109998409,1.2370910529989487,0.009388923645019531,0.009388923645019531,421,0,564,160,404,21,200,663,4,True,5.188666535723888e-12,optimal,5009.131509862048,0.010000000000060396,10048,inf,,,,"[{""iteration"": 1, ""max_slack"": 1.3474665393626225e-08, ""objective"": 5009.131509870259, ""original_change"": null, ""penalized_change"": null, ""penalized_objective"": 5009.131509879471, ""phase"": ""lse"", ""solver_time"": 0.002980947494506836, ""status"": ""optimal"", ""tau"": 0.005}, {""iteration"": 2, ""max_slack"": 5.188961950835556e-12, ""objective"": 5009.131509862023, ""original_change"": 8.235474524553865e-09, ""penalized_change"": 1.742137101246044e-08, ""penalized_objective"": 5009.13150986205, ""phase"": ""lse"", ""solver_time"": 0.002017974853515625, ""status"": ""optimal"", ""tau"": 0.01}, {""converged"": true, ""phase"": ""lse"", ""summary"": true}, {""iteration"": 1, ""max_slack"": 1.8739112428120286e-11, ""objective"": 5009.131509862476, ""original_change"": null, ""penalized_change"": null, ""penalized_objective"": 5009.1315098625255, ""phase"": ""mellowmin"", ""solver_time"": 0.002048015594482422, ""status"": ""optimal"", ""tau"": 0.005}, {""iteration"": 2, ""max_slack"": 5.188666535723888e-12, ""objective"": 5009.131509862023, ""original_change"": 4.5292836148291826e-10, ""penalized_change"": 4.774847184307873e-10, ""penalized_objective"": 5009.131509862048, ""phase"": ""mellowmin"", ""solver_time"": 0.0023419857025146484, ""status"": ""optimal"", ""tau"": 0.01}, {""converged"": true, ""phase"": ""mellowmin"", ""summary"": true}]",
DEU_AachenBendplatz-1_12962_T-981,/data_linux/Lab/commonroad-repairer-vp/scenarios/experiment_scenarios/generated_sampling/in5/DEU_AachenBendplatz-1_12962_T-981.xml,10047,R_IN5,0,lin2025,20,lse_mellowmin,trajectory,20260922,True,True,True,True,0.003970420999394264,0.003872379000313231,0.12189999700058252,0.12189999700058252,2.231044963000386,2.360787760000676,1.2427288260005298,0.09463047981262207,0.09463047981262207,421,0,564,160,404,21,200,663,27,True,9.81045395228781e-10,optimal,5091.051176678329,0.010000000016321882,10048,inf,,,,"[{""iteration"": 1, ""max_slack"": 1.2189094004891722e-08, ""objective"": 5091.051176671631, ""original_change"": null, ""penalized_change"": null, ""penalized_objective"": 5091.051176682516, ""phase"": ""lse"", ""solver_time"": 0.003194093704223633, ""status"": ""optimal"", ""tau"": 0.005}, {""iteration"": 2, ""max_slack"": 2.630808817653136, ""objective"": 5622.29276011526, ""original_change"": 531.2415834436288, ""penalized_change"": 535.0666214249932, ""penalized_objective"": 5626.117798107509, ""phase"": ""lse"", ""solver_time"": 0.0022819042205810547, ""status"": ""optimal"", ""tau"": 0.01}, {""iteration"": 3, ""max_slack"": 9.240203561405402e-08, ""objective"": 5091.05117672947, ""original_change"": 531.2415833857895, ""penalized_change"": 535.0666210147192, ""penalized_objective"": 5091.05117709279, ""phase"": ""lse"", ""solver_time"": 0.003743886947631836, ""status"": ""optimal"", ""tau"": 0.02}, {""iteration"": 4, ""max_slack"": 2.614591248848318, ""objective"": 5622.348487359635, ""original_change"": 531.2973106301652, ""penalized_change"": 546.5081125624865, ""penalized_objective"": 5637.559289655276, ""phase"": ""lse"", ""solver_time"": 0.002443075180053711, ""status"": ""optimal"", ""tau"": 0.04}, {""iteration"": 5, ""max_slack"": 2.2574494143724676e-11, ""objective"": 5091.051176670414, ""original_change"": 531.2973106892214, ""penalized_change"": 546.5081129844821, ""penalized_objective"": 5091.051176670794, ""phase"": ""lse"", ""solver_time"": 0.004189968109130859, ""status"": ""optimal"", ""tau"": 0.08}, {""iteration"": 6, ""max_slack"": 2.549724103015647, ""objective"": 5623.241916014507, ""original_change"": 532.1907393440933, ""penalized_change"": 591.6044471632449, ""penalized_objective"": 5682.655623834039, ""phase"": ""lse"", ""solver_time"": 0.0024139881134033203, ""status"": ""optimal"", ""tau"": 0.16}, {""iteration"": 7, ""max_slack"": 4.991992015043378e-11, ""objective"": 5091.051176670736, ""original_change"": 532.1907393437714, ""penalized_change"": 591.6044471594851, ""penalized_objective"": 5091.051176674554, ""phase"": ""lse"", ""solver_time"": 0.0038352012634277344, ""status"": ""optimal"", ""tau"": 0.32}, {""iteration"": 8, ""max_slack"": 2.290255739713467, ""objective"": 5637.536908062994, ""original_change"": 546.4857313922585, ""penalized_change"": 761.2685672747402, ""penalized_objective"": 5852.319743949294, ""phase"": ""lse"", ""solver_time"": 0.0023870468139648438, ""status"": ""optimal"", ""tau"": 0.64}, {""iteration"": 9, ""max_slack"": 4.00437907019487e-12, ""objective"": 5091.051176670656, ""original_change"": 546.4857313923385, ""penalized_change"": 761.2685672775197, ""penalized_objective"": 5091.051176671775, ""phase"": ""lse"", ""solver_time"": 0.0044820308685302734, ""status"": ""optimal"", ""tau"": 1.28}, {""iteration"": 10, ""max_slack"": 1.414772649418118, ""objective"": 5814.130730078304, ""original_change"": 723.0795534076478, ""penalized_change"": 1272.0367444035064, ""penalized_objective"": 6363.087921075281, ""phase"": ""lse"", ""solver_time"": 0.002685070037841797, ""status"": ""optimal"", ""tau"": 2.56}, {""iteration"": 11, ""max_slack"": 8.175867506645346e-10, ""objective"": 5091.051177173222, ""original_change"": 723.079552905082, ""penalized_change"": 1272.0367429849457, ""penalized_objective"": 5091.051178090335, ""phase"": ""lse"", ""solver_time"": 0.003880023956298828, ""status"": ""optimal"", ""tau"": 5.12}, {""iteration"": 12, ""max_slack"": 0.6703877775802907, ""objective"": 6516.646995836906, ""original_change"": 1425.5958186636844, ""penalized_change"": 2533.868916296925, ""penalized_objective"": 7624.92009438726, ""phase"": ""lse"", ""solver_time"": 0.002977132797241211, ""status"": ""optimal"", ""tau"": 10.24}, {""iteration"": 13, ""max_slack"": 3.8091807250479166e-11, ""objective"": 5091.051176692841, ""original_change"": 1425.595819144065, ""penalized_change"": 2533.8689175037125, ""penalized_objective"": 5091.051176883548, ""phase"": ""lse"", ""solver_time"": 0.004179954528808594, ""status"": ""optimal"", ""tau"": 20.48}, {""iteration"": 14, ""max_slack"": 0.25074738615770475, ""objective"": 7862.182116773107, ""original_change"": 2771.1309400802656, ""penalized_change"": 4500.430726691517, ""penalized_objective"": 9591.481903575064, ""phase"": ""lse"", ""solver_time"": 0.0025391578674316406, ""status"": ""optimal"", ""tau"": 40.96}, {""iteration"": 15, ""max_slack"": 1.3724216679684211e-11, ""objective"": 5091.05117673454, ""original_change"": 2771.130940038567, ""penalized_change"": 4500.430726537841, ""penalized_objective"": 5091.051177037223, ""phase"": ""lse"", ""solver_time"": 0.004637956619262695, ""status"": ""optimal"", ""tau"": 81.92}, {""iteration"": 16, ""max_slack"": 0.07258804390438746, ""objective"": 9963.470970795068, ""original_change"": 4872.419794060528, ""penalized_change"": 7176.3046502466495, ""penalized_objective"": 12267.355827283873, ""phase"": ""lse"", ""solver_time"": 0.0025930404663085938, ""status"": ""optimal"", ""tau"": 163.84}, {""iteration"": 17, ""max_slack"": 9.929130438542042e-14, ""objective"": 5091.051176676003, ""original_change"": 4872.419794119065, ""penalized_change"": 7176.304650598339, ""penalized_objective"": 5091.051176685533, ""phase"": ""lse"", ""solver_time"": 0.005502939224243164, ""status"": ""optimal"", ""tau"": 327.68}, {""iteration"": 18, ""max_slack"": 0.026823628540381533, ""objective"": 12704.115710943519, ""original_change"": 7613.064534267516, ""penalized_change"": 10541.937183850037, ""penalized_objective"": 15632.98836053557, ""phase"": ""lse"", ""solver_time"": 0.002595186233520508, ""status"": ""optimal"", ""tau"": 655.36}, {""iteration"": 19, ""max_slack"": 2.7040978396007626e-12, ""objective"": 5091.051176711993, ""original_change"": 7613.064534231526, ""penalized_change"": 10541.937183028576, ""penalized_objective"": 5091.051177506994, ""phase"": ""lse"", ""solver_time"": 0.005630016326904297, ""status"": ""optimal"", ""tau"": 1000.0}, {""iteration"": 20, ""max_slack"": 0.02369159151436737, ""objective"": 13206.441033074567, ""original_change"": 8115.3898563625735, ""penalized_change"": 11971.483854111288, ""penalized_objective"": 17062.53503161828, ""phase"": ""lse"", ""solver_time"": 0.0024111270904541016, ""status"": ""optimal"", ""tau"": 1000.0}, {""iteration"": 21, ""max_slack"": 3.6127362474219e-12, ""objective"": 5091.051176727816, ""original_change"": 8115.389856346751, ""penalized_change"": 11971.48385382833, ""penalized_objective"": 5091.051177789952, ""phase"": ""lse"", ""solver_time"": 0.005731821060180664, ""status"": ""optimal"", ""tau"": 1000.0}, {""iteration"": 22, ""max_slack"": 0.023691591512155042, ""objective"": 13206.441033065705, ""original_change"": 8115.389856337889, ""penalized_change"": 11971.483853339774, ""penalized_objective"": 17062.535031129726, ""phase"": ""lse"", ""solver_time"": 0.0022559165954589844, ""status"": ""optimal"", ""tau"": 1000.0}, {""iteration"": 23, ""max_slack"": 3.612736248470765e-12, ""objective"": 5091.051176727816, ""original_change"": 8115.389856337889, ""penalized_change"": 11971.483853339774, ""penalized_objective"": 5091.051177789953, ""phase"": ""lse"", ""solver_time"": 0.005583047866821289, ""status"": ""optimal"", ""tau"": 1000.0}, {""iteration"": 24, ""max_slack"": 0.023691591512155132, ""objective"": 13206.4410330657, ""original_change"": 8115.389856337883, ""penalized_change"": 11971.483853339778, ""penalized_objective"": 17062.53503112973, ""phase"": ""lse"", ""solver_time"": 0.002476930618286133, ""status"": ""optimal"", ""tau"": 1000.0}, {""iteration"": 25, ""max_slack"": 3.612736248470765e-12, ""objective"": 5091.051176727816, ""original_change"": 8115.389856337883, ""penalized_change"": 11971.483853339778, ""penalized_objective"": 5091.051177789953, ""phase"": ""lse"", ""solver_time"": 0.00557398796081543, ""status"": ""optimal"", ""tau"": 1000.0}, {""converged"": false, ""phase"": ""lse"", ""summary"": true}, {""iteration"": 1, ""max_slack"": 4.0386569477953747e-10, ""objective"": 5091.0511766704385, ""original_change"": null, ""penalized_change"": null, ""penalized_objective"": 5091.051176671489, ""phase"": ""mellowmin"", ""solver_time"": 0.0023200511932373047, ""status"": ""optimal"", ""tau"": 0.005}, {""iteration"": 2, ""max_slack"": 9.81045395228781e-10, ""objective"": 5091.051176673246, ""original_change"": 2.8076101443730295e-09, ""penalized_change"": 6.840309652034193e-09, ""penalized_objective"": 5091.051176678329, ""phase"": ""mellowmin"", ""solver_time"": 0.0020859241485595703, ""status"": ""optimal"", ""tau"": 0.01}, {""converged"": true, ""phase"": ""mellowmin"", ""summary"": true}]",
DEU_AachenBendplatz-1_12963_T-982,/data_linux/Lab/commonroad-repairer-vp/scenarios/experiment_scenarios/generated_sampling/in5/DEU_AachenBendplatz-1_12963_T-982.xml,10047,R_IN5,0,lin2025,20,lse_mellowmin,trajectory,20260922,True,True,True,True,0.005065215998911299,0.004057764999743085,0.11836020500049926,0.11836020500049926,0.7015416009999171,0.8290247869990708,1.2127825130010024,0.009933233261108398,0.009933233261108398,421,0,564,160,404,21,200,663,4,True,6.017059105613278e-11,optimal,5174.845091193885,0.010000000001230842,10048,inf,,,,"[{""iteration"": 1, ""max_slack"": 3.2391521567476446e-10, ""objective"": 5174.845091193254, ""original_change"": null, ""penalized_change"": null, ""penalized_objective"": 5174.845091193616, ""phase"": ""lse"", ""solver_time"": 0.0033960342407226562, ""status"": ""optimal"", ""tau"": 0.005}, {""iteration"": 2, ""max_slack"": 3.248029141985039e-09, ""objective"": 5174.845091209277, ""original_change"": 1.6022568161133677e-08, ""penalized_change"": 3.2470779842697084e-08, ""penalized_objective"": 5174.845091226087, ""phase"": ""lse"", ""solver_time"": 0.002201080322265625, ""status"": ""optimal"", ""tau"": 0.01}, {""converged"": true, ""phase"": ""lse"", ""summary"": true}, {""iteration"": 1, ""max_slack"": 6.068000408642362e-09, ""objective"": 5174.845091213039, ""original_change"": null, ""penalized_change"": null, ""penalized_objective"": 5174.845091228806, ""phase"": ""mellowmin"", ""solver_time"": 0.002145051956176758, ""status"": ""optimal"", ""tau"": 0.005}, {""iteration"": 2, ""max_slack"": 6.017059105613278e-11, ""objective"": 5174.845091193578, ""original_change"": 1.946136762853712e-08, ""penalized_change"": 3.492095856927335e-08, ""penalized_objective"": 5174.845091193885, ""phase"": ""mellowmin"", ""solver_time"": 0.0021910667419433594, ""status"": ""optimal"", ""tau"": 0.01}, {""converged"": true, ""phase"": ""mellowmin"", ""summary"": true}]",
DEU_AachenBendplatz-1_12964_T-983,/data_linux/Lab/commonroad-repairer-vp/scenarios/experiment_scenarios/generated_sampling/in5/DEU_AachenBendplatz-1_12964_T-983.xml,10047,R_IN5,0,lin2025,20,lse_mellowmin,trajectory,20260922,True,True,True,True,0.003768843000216293,0.003734343999894918,0.11163180600124178,0.11163180600124178,1.3064008799992735,1.4255358730006265,1.3820786329997645,0.012699604034423828,0.012699604034423828,421,0,564,160,404,21,200,663,4,True,2.211118527227767e-10,optimal,5270.598444825457,0.010000000016809542,10048,inf,,,,"[{""iteration"": 1, ""max_slack"": 1.970474572761307e-07, ""objective"": 5270.598444800352, ""original_change"": null, ""penalized_change"": null, ""penalized_objective"": 5270.598444974637, ""phase"": ""lse"", ""solver_time"": 0.0034477710723876953, ""status"": ""optimal"", ""tau"": 0.005}, {""iteration"": 2, ""max_slack"": 1.738526860962736e-09, ""objective"": 5270.598444800804, ""original_change"": 4.5201886678114533e-10, ""penalized_change"": 1.6492413124069571e-07, ""penalized_objective"": 5270.598444809712, ""phase"": ""lse"", ""solver_time"": 0.0030870437622070312, ""status"": ""optimal"", ""tau"": 0.01}, {""converged"": true, ""phase"": ""lse"", ""summary"": true}, {""iteration"": 1, ""max_slack"": 1.1575345469177323e-09, ""objective"": 5270.5984447955225, ""original_change"": null, ""penalized_change"": null, ""penalized_objective"": 5270.598444798563, ""phase"": ""mellowmin"", ""solver_time"": 0.003477811813354492, ""status"": ""optimal"", ""tau"": 0.005}, {""iteration"": 2, ""max_slack"": 2.211118527227767e-10, ""objective"": 5270.5984448243, ""original_change"": 2.8777321858797222e-08, ""penalized_change"": 2.6893758331425488e-08, ""penalized_objective"": 5270.598444825457, ""phase"": ""mellowmin"", ""solver_time"": 0.0026869773864746094, ""status"": ""optimal"", ""tau"": 0.01}, {""converged"": true, ""phase"": ""mellowmin"", ""summary"": true}]",
DEU_AachenBendplatz-1_13558_T-577,/data_linux/Lab/commonroad-repairer-vp/scenarios/experiment_scenarios/generated_sampling/in5/DEU_AachenBendplatz-1_13558_T-577.xml,10037,R_IN5,0,lin2025,20,lse_mellowmin,trajectory,20260922,True,True,True,True,0.004893380000794423,0.0038031609983590897,0.11388938800155302,0.11388938800155302,0.633067316000961,0.7556532450016675,1.2830343149998953,0.010415077209472656,0.010415077209472656,421,0,581,160,421,21,200,680,4,True,6.116593759237566e-12,optimal,5872.251162219976,0.010000000000051303,10046,inf,,,,"[{""iteration"": 1, ""max_slack"": 5.050593024019303e-09, ""objective"": 5872.251162219992, ""original_change"": null, ""penalized_change"": null, ""penalized_objective"": 5872.251162224887, ""phase"": ""lse"", ""solver_time"": 0.0033991336822509766, ""status"": ""optimal"", ""tau"": 0.005}, {""iteration"": 2, ""max_slack"": 1.1220057398287583e-11, ""objective"": 5872.251162219938, ""original_change"": 5.3660187404602766e-11, ""penalized_change"": 4.888534022029489e-09, ""penalized_objective"": 5872.251162219998, ""phase"": ""lse"", ""solver_time"": 0.0025720596313476562, ""status"": ""optimal"", ""tau"": 0.01}, {""converged"": true, ""phase"": ""lse"", ""summary"": true}, {""iteration"": 1, ""max_slack"": 8.022328444785447e-12, ""objective"": 5872.251162219931, ""original_change"": null, ""penalized_change"": null, ""penalized_objective"": 5872.251162219951, ""phase"": ""mellowmin"", ""solver_time"": 0.0021920204162597656, ""status"": ""optimal"", ""tau"": 0.005}, {""iteration"": 2, ""max_slack"": 6.116593759237566e-12, ""objective"": 5872.251162219945, ""original_change"": 1.4551915228366852e-11, ""penalized_change"": 2.546585164964199e-11, ""penalized_objective"": 5872.251162219976, ""phase"": ""mellowmin"", ""solver_time"": 0.002251863479614258, ""status"": ""optimal"", ""tau"": 0.01}, {""converged"": true, ""phase"": ""mellowmin"", ""summary"": true}]",
DEU_AachenBendplatz-1_13559_T-578,/data_linux/Lab/commonroad-repairer-vp/scenarios/experiment_scenarios/generated_sampling/in5/DEU_AachenBendplatz-1_13559_T-578.xml,10037,R_IN5,0,lin2025,20,lse_mellowmin,trajectory,20260922,True,True,True,True,0.012113509001210332,1.5769348119993083,0.16149798300102702,0.16149798300102702,1.0995320429992717,2.8500783470008173,1.8773552820002806,0.020644187927246094,0.020644187927246094,421,0,581,160,421,21,200,680,4,True,2.614360524456743e-12,optimal,6055.64537721688,0.010000000000022491,10046,inf,,,,"[{""iteration"": 1, ""max_slack"": 6.819737553622008e-09, ""objective"": 6055.645377217064, ""original_change"": null, ""penalized_change"": null, ""penalized_objective"": 6055.6453772238365, ""phase"": ""lse"", ""solver_time"": 0.004445791244506836, ""status"": ""optimal"", ""tau"": 0.005}, {""iteration"": 2, ""max_slack"": 6.221393825986067e-11, ""objective"": 6055.645377216917, ""original_change"": 1.4733814168721437e-10, ""penalized_change"": 6.591108103748411e-09, ""penalized_objective"": 6055.645377217245, ""phase"": ""lse"", ""solver_time"": 0.005380153656005859, ""status"": ""optimal"", ""tau"": 0.01}, {""converged"": true, ""phase"": ""lse"", ""summary"": true}, {""iteration"": 1, ""max_slack"": 6.097707203270651e-12, ""objective"": 6055.645377216853, ""original_change"": null, ""penalized_change"": null, ""penalized_objective"": 6055.645377216868, ""phase"": ""mellowmin"", ""solver_time"": 0.005187034606933594, ""status"": ""optimal"", ""tau"": 0.005}, {""iteration"": 2, ""max_slack"": 2.614360524456743e-12, ""objective"": 6055.645377216866, ""original_change"": 1.2732925824820995e-11, ""penalized_change"": 1.1823431123048067e-11, ""penalized_objective"": 6055.64537721688, ""phase"": ""mellowmin"", ""solver_time"": 0.005631208419799805, ""status"": ""optimal"", ""tau"": 0.01}, {""converged"": true, ""phase"": ""mellowmin"", ""summary"": true}]",
DEU_AachenBendplatz-1_13561_T-580,/data_linux/Lab/commonroad-repairer-vp/scenarios/experiment_scenarios/generated_sampling/in5/DEU_AachenBendplatz-1_13561_T-580.xml,10037,R_IN5,0,lin2025,20,lse_mellowmin,trajectory,20260922,True,True,True,True,0.00526411300052132,0.00443811600052868,0.1313292270006059,0.1313292270006059,1.700397893000627,1.8414293490022828,1.6181982199996128,0.016382932662963867,0.016382932662963867,421,0,581,160,421,21,200,680,4,True,8.105595573272453e-08,optimal,6422.4628875728895,0.010000000134622744,10046,inf,,,,"[{""iteration"": 1, ""max_slack"": 1.5690713014952372e-07, ""objective"": 6422.462887510442, ""original_change"": null, ""penalized_change"": null, ""penalized_objective"": 6422.462887721507, ""phase"": ""lse"", ""solver_time"": 0.004647016525268555, ""status"": ""optimal"", ""tau"": 0.005}, {""iteration"": 2, ""max_slack"": 1.3222793378761928e-08, ""objective"": 6422.46288750747, ""original_change"": 2.9713191906921566e-09, ""penalized_change"": 1.9993967725895345e-07, ""penalized_objective"": 6422.462887521568, ""phase"": ""lse"", ""solver_time"": 0.002998828887939453, ""status"": ""optimal"", ""tau"": 0.01}, {""converged"": true, ""phase"": ""lse"", ""summary"": true}, {""iteration"": 1, ""max_slack"": 1.41323159156943e-09, ""objective"": 6422.462887504214, ""original_change"": null, ""penalized_change"": null, ""penalized_objective"": 6422.462887506149, ""phase"": ""mellowmin"", ""solver_time"": 0.006067037582397461, ""status"": ""optimal"", ""tau"": 0.005}, {""iteration"": 2, ""max_slack"": 8.105595573272453e-08, ""objective"": 6422.462887516836, ""original_change"": 1.2621967471204698e-08, ""penalized_change"": 6.674054020550102e-08, ""penalized_objective"": 6422.4628875728895, ""phase"": ""mellowmin"", ""solver_time"": 0.0026700496673583984, ""status"": ""optimal"", ""tau"": 0.01}, {""converged"": true, ""phase"": ""mellowmin"", ""summary"": true}]",
DEU_AachenBendplatz-1_13562_T-581,/data_linux/Lab/commonroad-repairer-vp/scenarios/experiment_scenarios/generated_sampling/in5/DEU_AachenBendplatz-1_13562_T-581.xml,10037,R_IN5,0,lin2025,20,lse_mellowmin,trajectory,20260922,True,True,True,True,0.005010296999898856,0.0036160850013402523,0.11951626799964288,0.11951626799964288,0.688696813000206,0.816839463001088,1.3426050200014288,0.01573014259338379,0.01573014259338379,421,0,581,160,421,21,200,680,4,True,2.220913154614033e-08,optimal,6614.641010914196,0.010000000025626146,10046,inf,,,,"[{""iteration"": 1, ""max_slack"": 8.629800929135583e-08, ""objective"": 6614.64101089406, ""original_change"": null, ""penalized_change"": null, ""penalized_objective"": 6614.641010985175, ""phase"": ""lse"", ""solver_time"": 0.0046651363372802734, ""status"": ""optimal"", ""tau"": 0.005}, {""iteration"": 2, ""max_slack"": 1.8728412301124097e-08, ""objective"": 6614.641010893737, ""original_change"": 3.228706191293895e-10, ""penalized_change"": 6.277150532696396e-08, ""penalized_objective"": 6614.641010922403, ""phase"": ""lse"", ""solver_time"": 0.002582073211669922, ""status"": ""optimal"", ""tau"": 0.01}, {""converged"": true, ""phase"": ""lse"", ""summary"": true}, {""iteration"": 1, ""max_slack"": 2.5345994852218667e-08, ""objective"": 6614.641010890678, ""original_change"": null, ""penalized_change"": null, ""penalized_objective"": 6614.641010928644, ""phase"": ""mellowmin"", ""solver_time"": 0.0057408809661865234, ""status"": ""optimal"", ""tau"": 0.005}, {""iteration"": 2, ""max_slack"": 2.220913154614033e-08, ""objective"": 6614.641010892727, ""original_change"": 2.0481820683926344e-09, ""penalized_change"": 1.4448232832364738e-08, ""penalized_objective"": 6614.641010914196, ""phase"": ""mellowmin"", ""solver_time"": 0.0027420520782470703, ""status"": ""optimal"", ""tau"": 0.01}, {""converged"": true, ""phase"": ""mellowmin"", ""summary"": true}]",
DEU_AachenBendplatz-1_13563_T-582,/data_linux/Lab/commonroad-repairer-vp/scenarios/experiment_scenarios/generated_sampling/in5/DEU_AachenBendplatz-1_13563_T-582.xml,10037,R_IN5,0,lin2025,20,lse_mellowmin,trajectory,20260922,True,True,True,True,0.005097795999972732,0.00374833899877558,0.11102656399998523,0.11102656399998523,1.2168772780005384,1.336749976999272,1.6302711499993165,0.026005983352661133,0.026005983352661133,421,0,581,160,421,21,200,680,5,True,1.6250113564988023e-07,optimal,6812.197673598873,0.010000000126174212,10046,inf,,,,"[{""iteration"": 1, ""max_slack"": 7.446511432751014, ""objective"": 6812.197821803967, ""original_change"": null, ""penalized_change"": null, ""penalized_objective"": 6813.352031097648, ""phase"": ""lse"", ""solver_time"": 0.0048449039459228516, ""status"": ""optimal"", ""tau"": 0.005}, {""iteration"": 2, ""max_slack"": 1.1131371407503492e-08, ""objective"": 6812.197673092787, ""original_change"": 0.0001487111794631346, ""penalized_change"": 1.1543579674462308, ""penalized_objective"": 6812.197673130202, ""phase"": ""lse"", ""solver_time"": 0.005223989486694336, ""status"": ""optimal"", ""tau"": 0.01}, {""iteration"": 3, ""max_slack"": 3.850985625892601e-08, ""objective"": 6812.197673173003, ""original_change"": 8.021561370696872e-08, ""penalized_change"": 3.0125374905765057e-07, ""penalized_objective"": 6812.197673431456, ""phase"": ""lse"", ""solver_time"": 0.004086971282958984, ""status"": ""optimal"", ""tau"": 0.02}, {""converged"": true, ""phase"": ""lse"", ""summary"": true}, {""iteration"": 1, ""max_slack"": 6.692087031320501e-07, ""objective"": 6812.197673114867, ""original_change"": null, ""penalized_change"": null, ""penalized_objective"": 6812.197674119455, ""phase"": ""mellowmin"", ""solver_time"": 0.0063130855560302734, ""status"": ""optimal"", ""tau"": 0.005}, {""iteration"": 2, ""max_slack"": 1.6250113564988023e-07, ""objective"": 6812.197673107929, ""original_change"": 6.937625585123897e-09, ""penalized_change"": 5.205820343689993e-07, ""penalized_objective"": 6812.197673598873, ""phase"": ""mellowmin"", ""solver_time"": 0.0055370330810546875, ""status"": ""optimal"", ""tau"": 0.01}, {""converged"": true, ""phase"": ""mellowmin"", ""summary"": true}]",
DEU_AachenBendplatz-1_13564_T-583,/data_linux/Lab/commonroad-repairer-vp/scenarios/experiment_scenarios/generated_sampling/in5/DEU_AachenBendplatz-1_13564_T-583.xml,10037,R_IN5,0,lin2025,20,lse_mellowmin,trajectory,20260922,True,True,True,True,0.0060326189995976165,0.006306633998974576,0.125715191999916,0.125715191999916,0.6712161140003445,0.8092705589988327,1.5154008099998464,0.03245401382446289,0.03245401382446289,421,0,581,160,421,21,200,680,5,True,1.9644647778371244e-09,optimal,6963.68627418113,0.010000000001195412,10046,inf,,,,"[{""iteration"": 1, ""max_slack"": 9.891778893197841, ""objective"": 6963.686586378993, ""original_change"": null, ""penalized_change"": null, ""penalized_objective"": 6966.295555300436, ""phase"": ""lse"", ""solver_time"": 0.005057096481323242, ""status"": ""optimal"", ""tau"": 0.005}, {""iteration"": 2, ""max_slack"": 5.0248737107087875e-09, ""objective"": 6963.686274175352, ""original_change"": 0.0003122036405329709, ""penalized_change"": 2.609281105530499, ""penalized_objective"": 6963.686274194905, ""phase"": ""lse"", ""solver_time"": 0.006617069244384766, ""status"": ""optimal"", ""tau"": 0.01}, {""iteration"": 3, ""max_slack"": 2.428112963550465e-09, ""objective"": 6963.686274175569, ""original_change"": 2.1736923372372985e-10, ""penalized_change"": 7.277776603586972e-09, ""penalized_objective"": 6963.6862741876275, ""phase"": ""lse"", ""solver_time"": 0.006118059158325195, ""status"": ""optimal"", ""tau"": 0.02}, {""converged"": true, ""phase"": ""lse"", ""summary"": true}, {""iteration"": 1, ""max_slack"": 6.973006430262046e-08, ""objective"": 6963.686274176536, ""original_change"": null, ""penalized_change"": null, ""penalized_objective"": 6963.686274280641, ""phase"": ""mellowmin"", ""solver_time"": 0.008275985717773438, ""status"": ""optimal"", ""tau"": 0.005}, {""iteration"": 2, ""max_slack"": 1.9644647778371244e-09, ""objective"": 6963.686274174917, ""original_change"": 1.6189005691558123e-09, ""penalized_change"": 9.95105438050814e-08, ""penalized_objective"": 6963.68627418113, ""phase"": ""mellowmin"", ""solver_time"": 0.00638580322265625, ""status"": ""optimal"", ""tau"": 0.01}, {""converged"": true, ""phase"": ""mellowmin"", ""summary"": true}]",
DEU_AachenBendplatz-1_13565_T-584,/data_linux/Lab/commonroad-repairer-vp/scenarios/experiment_scenarios/generated_sampling/in5/DEU_AachenBendplatz-1_13565_T-584.xml,10037,R_IN5,0,lin2025,20,lse_mellowmin,trajectory,20260922,True,True,False,False,0.005067502999736462,0.0037248119988362305,0.16471504800028924,0.16471504800028924,1.6891056059994298,1.8626129689982918,1.6241587969998363,0.03949785232543945,0.03949785232543945,421,0,581,160,421,21,200,680,5,True,5.7857799172198225e-08,optimal,7119.349919852819,0.010000000023087737,10046,1.8,"(10046,)",,"{""t"": 9, ""s"": 59.36958685470075, ""d"": -2.0334036906488677}","[{""iteration"": 1, ""max_slack"": 9.208120923478491, ""objective"": 7119.350546804458, ""original_change"": null, ""penalized_change"": null, ""penalized_objective"": 7123.196695129014, ""phase"": ""lse"", ""solver_time"": 0.007447957992553711, ""status"": ""optimal"", ""tau"": 0.005}, {""iteration"": 2, ""max_slack"": 5.187161905699806e-10, ""objective"": 7119.34991971033, ""original_change"": 0.0006270941275943187, ""penalized_change"": 3.8467754173325375, ""penalized_objective"": 7119.349919711682, ""phase"": ""lse"", ""solver_time"": 0.008059978485107422, ""status"": ""optimal"", ""tau"": 0.01}, {""iteration"": 3, ""max_slack"": 5.37434705458682e-10, ""objective"": 7119.349919710987, ""original_change"": 6.566551746800542e-10, ""penalized_change"": 2.2764652385376394e-09, ""penalized_objective"": 7119.349919713958, ""phase"": ""lse"", ""solver_time"": 0.007723093032836914, ""status"": ""optimal"", ""tau"": 0.02}, {""converged"": true, ""phase"": ""lse"", ""summary"": true}, {""iteration"": 1, ""max_slack"": 5.534278154438032e-07, ""objective"": 7119.349919727827, ""original_change"": null, ""penalized_change"": null, ""penalized_objective"": 7119.349920798717, ""phase"": ""mellowmin"", ""solver_time"": 0.00855398178100586, ""status"": ""optimal"", ""tau"": 0.005}, {""iteration"": 2, ""max_slack"": 5.7857799172198225e-08, ""objective"": 7119.349919712566, ""original_change"": 1.5261321095749736e-08, ""penalized_change"": 9.458981367060915e-07, ""penalized_objective"": 7119.349919852819, ""phase"": ""mellowmin"", ""solver_time"": 0.007712841033935547, ""status"": ""optimal"", ""tau"": 0.01}, {""converged"": true, ""phase"": ""mellowmin"", ""summary"": true}]",
DEU_AachenBendplatz-1_141555_T-1574,/data_linux/Lab/commonroad-repairer-vp/scenarios/experiment_scenarios/generated_sampling/in5/DEU_AachenBendplatz-1_141555_T-1574.xml,10095,R_IN5,0,lin2025,20,lse_mellowmin,trajectory,20260922,True,True,False,False,0.005349633998775971,0.003808778999882634,0.10603392000120948,0.10603392000120948,0.6758148919998348,0.7910072249997029,1.3492609139993874,0.04820704460144043,0.04820704460144043,421,0,566,160,406,21,200,665,5,True,2.4992849611243088e-08,optimal,16990.532646415,0.010000000004964704,10099,3.4000000000000004,"(10099,)",,"{""t"": 17, ""s"": 94.00579739511635, ""d"": -0.6910543064350207}","[{""iteration"": 1, ""max_slack"": 1.0854745537608084, ""objective"": 16990.532738729853, ""original_change"": null, ""penalized_change"": null, ""penalized_objective"": 16991.08935931353, ""phase"": ""lse"", ""solver_time"": 0.007234096527099609, ""status"": ""optimal"", ""tau"": 0.005}, {""iteration"": 2, ""max_slack"": 1.8263585908727268e-08, ""objective"": 16990.532646323758, ""original_change"": 9.24060950637795e-05, ""penalized_change"": 0.5567128967995814, ""penalized_objective"": 16990.53264641673, ""phase"": ""lse"", ""solver_time"": 0.01082301139831543, ""status"": ""optimal"", ""tau"": 0.01}, {""iteration"": 3, ""max_slack"": 4.9266083598997556e-09, ""objective"": 16990.53264632402, ""original_change"": 2.6193447411060333e-10, ""penalized_change"": 5.3507392294704914e-08, ""penalized_objective"": 16990.532646363223, ""phase"": ""lse"", ""solver_time"": 0.011256933212280273, ""status"": ""optimal"", ""tau"": 0.02}, {""converged"": true, ""phase"": ""lse"", ""summary"": true}, {""iteration"": 1, ""max_slack"": 1.455187824578182e-09, ""objective"": 16990.532646323252, ""original_change"": null, ""penalized_change"": null, ""penalized_objective"": 16990.532646326785, ""phase"": ""mellowmin"", ""solver_time"": 0.009016036987304688, ""status"": ""optimal"", ""tau"": 0.005}, {""iteration"": 2, ""max_slack"": 2.4992849611243088e-08, ""objective"": 16990.532646323943, ""original_change"": 6.912159733474255e-10, ""penalized_change"": 8.821371011435986e-08, ""penalized_objective"": 16990.532646415, ""phase"": ""mellowmin"", ""solver_time"": 0.00987696647644043, ""status"": ""optimal"", ""tau"": 0.01}, {""converged"": true, ""phase"": ""mellowmin"", ""summary"": true}]",
DEU_AachenBendplatz-1_141556_T-1575,/data_linux/Lab/commonroad-repairer-vp/scenarios/experiment_scenarios/generated_sampling/in5/DEU_AachenBendplatz-1_141556_T-1575.xml,10095,R_IN5,0,lin2025,20,lse_mellowmin,trajectory,20260922,True,True,False,False,0.0052967490009905305,0.003466424001089763,0.10439953799868817,0.10439953799868817,0.6652768809999543,0.7784395920007228,1.2620991469993896,0.04559326171875,0.04559326171875,421,0,565,160,405,21,200,664,5,True,1.1569970769587177e-08,optimal,17101.17031210513,0.010000000001625153,10099,3.2,"(10099,)",,"{""t"": 16, ""s"": 94.005797395113, ""d"": -0.7226176967205191}","[{""iteration"": 1, ""max_slack"": 0.8801474281087523, ""objective"": 17101.170562840358, ""original_change"": null, ""penalized_change"": null, ""penalized_objective"": 17101.73745476446, ""phase"": ""lse"", ""solver_time"": 0.006442070007324219, ""status"": ""optimal"", ""tau"": 0.005}, {""iteration"": 2, ""max_slack"": 6.66963978639178e-08, ""objective"": 17101.170312059774, ""original_change"": 0.00025078058388317004, ""penalized_change"": 0.5671423751300608, ""penalized_objective"": 17101.17031238933, ""phase"": ""lse"", ""solver_time"": 0.010348796844482422, ""status"": ""optimal"", ""tau"": 0.01}, {""iteration"": 3, ""max_slack"": 1.1647151069219179e-08, ""objective"": 17101.17031204481, ""original_change"": 1.4963006833568215e-08, ""penalized_change"": 2.210363163612783e-07, ""penalized_objective"": 17101.170312168295, ""phase"": ""lse"", ""solver_time"": 0.009943008422851562, ""status"": ""optimal"", ""tau"": 0.02}, {""converged"": true, ""phase"": ""lse"", ""summary"": true}, {""iteration"": 1, ""max_slack"": 1.362209937173309e-07, ""objective"": 17101.17031204546, ""original_change"": null, ""penalized_change"": null, ""penalized_objective"": 17101.17031225375, ""phase"": ""mellowmin"", ""solver_time"": 0.009317159652709961, ""status"": ""optimal"", ""tau"": 0.005}, {""iteration"": 2, ""max_slack"": 1.1569970769587177e-08, ""objective"": 17101.1703120443, ""original_change"": 1.1568772606551647e-09, ""penalized_change"": 1.4862234820611775e-07, ""penalized_objective"": 17101.17031210513, ""phase"": ""mellowmin"", ""solver_time"": 0.009542226791381836, ""status"": ""optimal"", ""tau"": 0.01}, {""converged"": true, ""phase"": ""mellowmin"", ""summary"": true}]",
DEU_AachenBendplatz-1_141557_T-1576,/data_linux/Lab/commonroad-repairer-vp/scenarios/experiment_scenarios/generated_sampling/in5/DEU_AachenBendplatz-1_141557_T-1576.xml,10095,R_IN5,0,lin2025,20,lse_mellowmin,trajectory,20260922,True,True,False,False,0.011018017999958829,0.006516659999761032,0.1643438450009853,0.1643438450009853,1.5598992020004516,1.7417777250011568,1.383319474000018,0.05071091651916504,0.05071091651916504,421,0,564,160,404,21,200,663,5,True,1.465832167045744e-09,optimal,17207.350141600964,0.010000000000431442,10099,3.0,"(10099,)",,"{""t"": 15, ""s"": 94.00579739511181, ""d"": -0.7047577125273676}","[{""iteration"": 1, ""max_slack"": 0.7947431847240136, ""objective"": 17207.350150170587, ""original_change"": null, ""penalized_change"": null, ""penalized_objective"": 17207.976750961367, ""phase"": ""lse"", ""solver_time"": 0.006103038787841797, ""status"": ""optimal"", ""tau"": 0.005}, {""iteration"": 2, ""max_slack"": 2.6346467083700583e-08, ""objective"": 17207.35014159957, ""original_change"": 8.571016223868355e-06, ""penalized_change"": 0.626609226113942, ""penalized_objective"": 17207.350141735253, ""phase"": ""lse"", ""solver_time"": 0.012237787246704102, ""status"": ""optimal"", ""tau"": 0.01}, {""iteration"": 3, ""max_slack"": 1.0153268363697796e-07, ""objective"": 17207.35014167105, ""original_change"": 7.147900760173798e-08, ""penalized_change"": 9.255199984181672e-07, ""penalized_objective"": 17207.350142660773, ""phase"": ""lse"", ""solver_time"": 0.011712074279785156, ""status"": ""optimal"", ""tau"": 0.02}, {""converged"": true, ""phase"": ""lse"", ""summary"": true}, {""iteration"": 1, ""max_slack"": 5.171236256698228e-09, ""objective"": 17207.350141594794, ""original_change"": null, ""penalized_change"": null, ""penalized_objective"": 17207.350141607658, ""phase"": ""mellowmin"", ""solver_time"": 0.010190010070800781, ""status"": ""optimal"", ""tau"": 0.005}, {""iteration"": 2, ""max_slack"": 1.465832167045744e-09, ""objective"": 17207.350141594718, ""original_change"": 7.639755494892597e-11, ""penalized_change"": 6.693881005048752e-09, ""penalized_objective"": 17207.350141600964, ""phase"": ""mellowmin"", ""solver_time"": 0.010468006134033203, ""status"": ""optimal"", ""tau"": 0.01}, {""converged"": true, ""phase"": ""mellowmin"", ""summary"": true}]",
DEU_AachenBendplatz-1_141558_T-1577,/data_linux/Lab/commonroad-repairer-vp/scenarios/experiment_scenarios/generated_sampling/in5/DEU_AachenBendplatz-1_141558_T-1577.xml,10095,R_IN5,0,lin2025,20,lse_mellowmin,trajectory,20260922,True,True,False,False,0.004596461998517043,0.0029708439997193636,0.09108921599909081,0.09108921599909081,0.5613555069994618,0.660012028996789,1.0629357750003692,0.04104208946228027,0.04104208946228027,421,0,563,160,403,21,200,662,5,True,1.5313942771026618e-08,optimal,17334.935028980566,0.010000000008517418,10099,2.8000000000000003,"(10099,)",,"{""t"": 14, ""s"": 94.0057973951199, ""d"": -0.6608776462028843}","[{""iteration"": 1, ""max_slack"": 0.7269248316171644, ""objective"": 17334.93503546539, ""original_change"": null, ""penalized_change"": null, ""penalized_objective"": 17335.572021399952, ""phase"": ""lse"", ""solver_time"": 0.004541158676147461, ""status"": ""optimal"", ""tau"": 0.005}, {""iteration"": 2, ""max_slack"": 6.440720597343901e-10, ""objective"": 17334.935028949425, ""original_change"": 6.515965651487932e-06, ""penalized_change"": 0.6369924474856816, ""penalized_objective"": 17334.935028952466, ""phase"": ""lse"", ""solver_time"": 0.010708093643188477, ""status"": ""optimal"", ""tau"": 0.01}, {""iteration"": 3, ""max_slack"": 1.20568758476709e-07, ""objective"": 17334.935028966087, ""original_change"": 1.6661942936480045e-08, ""penalized_change"": 1.0196599760092795e-06, ""penalized_objective"": 17334.935029972126, ""phase"": ""lse"", ""solver_time"": 0.009274959564208984, ""status"": ""optimal"", ""tau"": 0.02}, {""converged"": true, ""phase"": ""lse"", ""summary"": true}, {""iteration"": 1, ""max_slack"": 9.452546121605231e-09, ""objective"": 17334.935028949614, ""original_change"": null, ""penalized_change"": null, ""penalized_objective"": 17334.935028975087, ""phase"": ""mellowmin"", ""solver_time"": 0.008633852005004883, ""status"": ""optimal"", ""tau"": 0.005}, {""iteration"": 2, ""max_slack"": 1.5313942771026618e-08, ""objective"": 17334.93502895075, ""original_change"": 1.1350493878126144e-09, ""penalized_change"": 5.47879608348012e-09, ""penalized_objective"": 17334.935028980566, ""phase"": ""mellowmin"", ""solver_time"": 0.007884025573730469, ""status"": ""optimal"", ""tau"": 0.01}, {""converged"": true, ""phase"": ""mellowmin"", ""summary"": true}]",
