<?xml version='1.0' encoding='UTF-8'?>
<osm version="0.6" upload="true" generator="commonroad-scenario-designer">
  <node id="32613" action="modify" visible="true" version="1" lat="48.26435284240004" lon="11.669275717263607">
    <tag k="ele" v="520.4546103831381"/>
    <tag k="mgrs_code" v="32UPU9808849127"/>
  </node>
  <node id="32614" action="modify" visible="true" version="1" lat="48.26430124269614" lon="11.6697079850411">
    <tag k="ele" v="520.5148561773822"/>
    <tag k="mgrs_code" v="32UPU9812049122"/>
  </node>
  <node id="32615" action="modify" visible="true" version="1" lat="48.26432471960079" lon="11.669268044489504">
    <tag k="ele" v="520.4272067984566"/>
    <tag k="mgrs_code" v="32UPU9808849123"/>
  </node>
  <node id="32616" action="modify" visible="true" version="1" lat="48.26427336096214" lon="11.66970050217727">
    <tag k="ele" v="520.4337787013501"/>
    <tag k="mgrs_code" v="32UPU9812049119"/>
  </node>
  <node id="32621" action="modify" visible="true" version="1" lat="48.264564644527745" lon="11.667470413793147">
    <tag k="ele" v="520.577324195765"/>
    <tag k="mgrs_code" v="32UPU9795349145"/>
  </node>
  <node id="32622" action="modify" visible="true" version="1" lat="48.26456482078101" lon="11.667465720609481">
    <tag k="ele" v="520.5745897796005"/>
    <tag k="mgrs_code" v="32UPU9795349145"/>
  </node>
  <node id="32623" action="modify" visible="true" version="1" lat="48.264564428256975" lon="11.667460987936975">
    <tag k="ele" v="520.5720092393458"/>
    <tag k="mgrs_code" v="32UPU9795349145"/>
  </node>
  <node id="32624" action="modify" visible="true" version="1" lat="48.26456351239558" lon="11.667456318441438">
    <tag k="ele" v="520.5695700133219"/>
    <tag k="mgrs_code" v="32UPU9795249145"/>
  </node>
  <node id="32625" action="modify" visible="true" version="1" lat="48.26456212425557" lon="11.667451811936987">
    <tag k="ele" v="520.567259519361"/>
    <tag k="mgrs_code" v="32UPU9795249145"/>
  </node>
  <node id="32626" action="modify" visible="true" version="1" lat="48.264560321172425" lon="11.667447563389649">
    <tag k="ele" v="520.5650651948527"/>
    <tag k="mgrs_code" v="32UPU9795249145"/>
  </node>
  <node id="32627" action="modify" visible="true" version="1" lat="48.26455859805" lon="11.66744444078">
    <tag k="ele" v="520.56339261178"/>
    <tag k="mgrs_code" v="32UPU9795149145"/>
  </node>
  <node id="32628" action="modify" visible="true" version="1" lat="48.26455902883001" lon="11.66744522143">
    <tag k="ele" v="520.56381075755"/>
    <tag k="mgrs_code" v="32UPU9795149145"/>
  </node>
  <node id="32629" action="modify" visible="true" version="1" lat="48.26455945960999" lon="11.66744600209">
    <tag k="ele" v="520.56422890332"/>
    <tag k="mgrs_code" v="32UPU9795149145"/>
  </node>
  <node id="32630" action="modify" visible="true" version="1" lat="48.26455989038999" lon="11.66744678274">
    <tag k="ele" v="520.56464704908"/>
    <tag k="mgrs_code" v="32UPU9795249145"/>
  </node>
  <node id="32631" action="modify" visible="true" version="1" lat="48.264558167269755" lon="11.667443660130372">
    <tag k="ele" v="520.5629744660109"/>
    <tag k="mgrs_code" v="32UPU9795149145"/>
  </node>
  <node id="32632" action="modify" visible="true" version="1" lat="48.26455573363985" lon="11.667440178150557">
    <tag k="ele" v="520.5609747665003"/>
    <tag k="mgrs_code" v="32UPU9795149144"/>
  </node>
  <node id="32633" action="modify" visible="true" version="1" lat="48.26455309793875" lon="11.667437177456526">
    <tag k="ele" v="520.5590535188094"/>
    <tag k="mgrs_code" v="32UPU9795149144"/>
  </node>
  <node id="32634" action="modify" visible="true" version="1" lat="48.26454755481359" lon="11.667432747264437">
    <tag k="ele" v="520.555396114476"/>
    <tag k="mgrs_code" v="32UPU9795149143"/>
  </node>
  <node id="32635" action="modify" visible="true" version="1" lat="48.26454221059529" lon="11.667430323985634">
    <tag k="ele" v="520.5519016915932"/>
    <tag k="mgrs_code" v="32UPU9795049143"/>
  </node>
  <node id="32636" action="modify" visible="true" version="1" lat="48.264534127147435" lon="11.667428618752936">
    <tag k="ele" v="520.5449995324016"/>
    <tag k="mgrs_code" v="32UPU9795049142"/>
  </node>
  <node id="32637" action="modify" visible="true" version="1" lat="48.26451838042761" lon="11.66742463183983">
    <tag k="ele" v="520.5235154274851"/>
    <tag k="mgrs_code" v="32UPU9795049140"/>
  </node>
  <node id="32638" action="modify" visible="true" version="1" lat="48.26459476580762" lon="11.667477366885784">
    <tag k="ele" v="520.6547238016501"/>
    <tag k="mgrs_code" v="32UPU9795449149"/>
  </node>
  <node id="32639" action="modify" visible="true" version="1" lat="48.26459554880532" lon="11.667466724714624">
    <tag k="ele" v="520.6593975536525"/>
    <tag k="mgrs_code" v="32UPU9795349149"/>
  </node>
  <node id="32640" action="modify" visible="true" version="1" lat="48.26459571870203" lon="11.667455704506715">
    <tag k="ele" v="520.664337631315"/>
    <tag k="mgrs_code" v="32UPU9795249149"/>
  </node>
  <node id="32641" action="modify" visible="true" version="1" lat="48.264595202847005" lon="11.667444370000442">
    <tag k="ele" v="520.6694900011644"/>
    <tag k="mgrs_code" v="32UPU9795149149"/>
  </node>
  <node id="32642" action="modify" visible="true" version="1" lat="48.26459392164216" lon="11.667432819623487">
    <tag k="ele" v="520.6748006260023"/>
    <tag k="mgrs_code" v="32UPU9795049149"/>
  </node>
  <node id="32643" action="modify" visible="true" version="1" lat="48.26459179621394" lon="11.667421200099122">
    <tag k="ele" v="520.6802154779434"/>
    <tag k="mgrs_code" v="32UPU9794949148"/>
  </node>
  <node id="32644" action="modify" visible="true" version="1" lat="48.264588762832574" lon="11.667409717416843">
    <tag k="ele" v="520.6856805179268"/>
    <tag k="mgrs_code" v="32UPU9794949148"/>
  </node>
  <node id="32645" action="modify" visible="true" version="1" lat="48.26458479399984" lon="11.667398636745613">
    <tag k="ele" v="520.6911417134106"/>
    <tag k="mgrs_code" v="32UPU9794849147"/>
  </node>
  <node id="32646" action="modify" visible="true" version="1" lat="48.26457992109756" lon="11.667388261246806">
    <tag k="ele" v="520.6965450355783"/>
    <tag k="mgrs_code" v="32UPU9794749147"/>
  </node>
  <node id="32647" action="modify" visible="true" version="1" lat="48.26457424756592" lon="11.667378886287338">
    <tag k="ele" v="520.7018364407122"/>
    <tag k="mgrs_code" v="32UPU9794649146"/>
  </node>
  <node id="32648" action="modify" visible="true" version="1" lat="48.26456794124608" lon="11.6673707413989">
    <tag k="ele" v="520.7069619018584"/>
    <tag k="mgrs_code" v="32UPU9794649146"/>
  </node>
  <node id="32649" action="modify" visible="true" version="1" lat="48.26456120466594" lon="11.667363945822665">
    <tag k="ele" v="520.7118673818186"/>
    <tag k="mgrs_code" v="32UPU9794549145"/>
  </node>
  <node id="32650" action="modify" visible="true" version="1" lat="48.264554236209634" lon="11.667358498516592">
    <tag k="ele" v="520.7164988499135"/>
    <tag k="mgrs_code" v="32UPU9794549144"/>
  </node>
  <node id="32651" action="modify" visible="true" version="1" lat="48.26454719965479" lon="11.6673543020109">
    <tag k="ele" v="520.720802269876"/>
    <tag k="mgrs_code" v="32UPU9794549143"/>
  </node>
  <node id="32652" action="modify" visible="true" version="1" lat="48.264540211088296" lon="11.667351202014">
    <tag k="ele" v="520.724723611027"/>
    <tag k="mgrs_code" v="32UPU9794449142"/>
  </node>
  <node id="32653" action="modify" visible="true" version="1" lat="48.264533340884924" lon="11.667349023995556">
    <tag k="ele" v="520.7282088352367"/>
    <tag k="mgrs_code" v="32UPU9794449142"/>
  </node>
  <node id="32654" action="modify" visible="true" version="1" lat="48.26452662335088" lon="11.667347597750135">
    <tag k="ele" v="520.731203911826"/>
    <tag k="mgrs_code" v="32UPU9794449141"/>
  </node>
  <node id="32659" action="modify" visible="true" version="1" lat="48.26418858547404" lon="11.668472772533558">
    <tag k="ele" v="520.5645104665309"/>
    <tag k="mgrs_code" v="32UPU9802949106"/>
  </node>
  <node id="32660" action="modify" visible="true" version="1" lat="48.264246843368866" lon="11.668489223323869">
    <tag k="ele" v="520.5782008375973"/>
    <tag k="mgrs_code" v="32UPU9803049113"/>
  </node>
  <node id="32661" action="modify" visible="true" version="1" lat="48.26425277517406" lon="11.668490875471608">
    <tag k="ele" v="520.5807786509395"/>
    <tag k="mgrs_code" v="32UPU9803049113"/>
  </node>
  <node id="32662" action="modify" visible="true" version="1" lat="48.264178196696534" lon="11.66855888701938">
    <tag k="ele" v="520.4631388932467"/>
    <tag k="mgrs_code" v="32UPU9803649105"/>
  </node>
  <node id="32663" action="modify" visible="true" version="1" lat="48.26421438944601" lon="11.668568865836795">
    <tag k="ele" v="520.4678013334051"/>
    <tag k="mgrs_code" v="32UPU9803649109"/>
  </node>
  <node id="32664" action="modify" visible="true" version="1" lat="48.26424218019433" lon="11.668576577430077">
    <tag k="ele" v="520.4728041393682"/>
    <tag k="mgrs_code" v="32UPU9803749112"/>
  </node>
  <node id="32669" action="modify" visible="true" version="1" lat="48.26453465559319" lon="11.66772293334439">
    <tag k="ele" v="520.5056157028303"/>
    <tag k="mgrs_code" v="32UPU9797249143"/>
  </node>
  <node id="32670" action="modify" visible="true" version="1" lat="48.26453303828215" lon="11.667736781382558">
    <tag k="ele" v="520.5036399224773"/>
    <tag k="mgrs_code" v="32UPU9797349143"/>
  </node>
  <node id="32671" action="modify" visible="true" version="1" lat="48.264504885358065" lon="11.66771517527728">
    <tag k="ele" v="520.4911459423602"/>
    <tag k="mgrs_code" v="32UPU9797249139"/>
  </node>
  <node id="32672" action="modify" visible="true" version="1" lat="48.264503237463245" lon="11.66772913831757">
    <tag k="ele" v="520.4944686638191"/>
    <tag k="mgrs_code" v="32UPU9797349139"/>
  </node>
  <node id="32677" action="modify" visible="true" version="1" lat="48.264206843270344" lon="11.67047345830179">
    <tag k="ele" v="520.5067222025245"/>
    <tag k="mgrs_code" v="32UPU9817749113"/>
  </node>
  <node id="32678" action="modify" visible="true" version="1" lat="48.26419144885999" lon="11.67061027474">
    <tag k="ele" v="520.51418116735"/>
    <tag k="mgrs_code" v="32UPU9818849112"/>
  </node>
  <node id="32679" action="modify" visible="true" version="1" lat="48.264196580329994" lon="11.670564669260001">
    <tag k="ele" v="520.51169484574"/>
    <tag k="mgrs_code" v="32UPU9818449113"/>
  </node>
  <node id="32680" action="modify" visible="true" version="1" lat="48.2642017118" lon="11.67051906378">
    <tag k="ele" v="520.50920852413"/>
    <tag k="mgrs_code" v="32UPU9818149113"/>
  </node>
  <node id="32681" action="modify" visible="true" version="1" lat="48.26418631739189" lon="11.670655880213154">
    <tag k="ele" v="520.5166674889624"/>
    <tag k="mgrs_code" v="32UPU9819149112"/>
  </node>
  <node id="32682" action="modify" visible="true" version="1" lat="48.26417566717642" lon="11.670465304146266">
    <tag k="ele" v="520.4751736745238"/>
    <tag k="mgrs_code" v="32UPU9817749110"/>
  </node>
  <node id="32683" action="modify" visible="true" version="1" lat="48.26417165540782" lon="11.670489643296264">
    <tag k="ele" v="520.4595708586276"/>
    <tag k="mgrs_code" v="32UPU9817949110"/>
  </node>
  <node id="32684" action="modify" visible="true" version="1" lat="48.264169093582574" lon="11.670505167466978">
    <tag k="ele" v="520.4495798274875"/>
    <tag k="mgrs_code" v="32UPU9818049109"/>
  </node>
  <node id="32685" action="modify" visible="true" version="1" lat="48.26415752843032" lon="11.670575863265437">
    <tag k="ele" v="520.3924582106993"/>
    <tag k="mgrs_code" v="32UPU9818549108"/>
  </node>
  <node id="32686" action="modify" visible="true" version="1" lat="48.2641457924612" lon="11.670645380843595">
    <tag k="ele" v="520.4265522565693"/>
    <tag k="mgrs_code" v="32UPU9819049107"/>
  </node>
  <node id="32691" action="modify" visible="true" version="1" lat="48.26452192593868" lon="11.667830175784392">
    <tag k="ele" v="520.4881188934669"/>
    <tag k="mgrs_code" v="32UPU9798049142"/>
  </node>
  <node id="32692" action="modify" visible="true" version="1" lat="48.26451906858539" lon="11.66785395129373">
    <tag k="ele" v="520.4833480948582"/>
    <tag k="mgrs_code" v="32UPU9798249141"/>
  </node>
  <node id="32693" action="modify" visible="true" version="1" lat="48.2644922940502" lon="11.667822531426447">
    <tag k="ele" v="520.4721942609176"/>
    <tag k="mgrs_code" v="32UPU9798049138"/>
  </node>
  <node id="32694" action="modify" visible="true" version="1" lat="48.26448944314044" lon="11.667846057444146">
    <tag k="ele" v="520.4657107377425"/>
    <tag k="mgrs_code" v="32UPU9798149138"/>
  </node>
  <node id="32699" action="modify" visible="true" version="1" lat="48.26454911834357" lon="11.667861958213205">
    <tag k="ele" v="520.631136524491"/>
    <tag k="mgrs_code" v="32UPU9798249145"/>
  </node>
  <node id="32700" action="modify" visible="true" version="1" lat="48.2645518243724" lon="11.667837888914095">
    <tag k="ele" v="520.640601862222"/>
    <tag k="mgrs_code" v="32UPU9798149145"/>
  </node>
  <node id="32704" action="modify" visible="true" version="1" lat="48.26502537753683" lon="11.669655423504306">
    <tag k="ele" v="520.4741397723556"/>
    <tag k="mgrs_code" v="32UPU9811449202"/>
  </node>
  <node id="32705" action="modify" visible="true" version="1" lat="48.2650241945112" lon="11.669665165692738">
    <tag k="ele" v="520.4740733560175"/>
    <tag k="mgrs_code" v="32UPU9811449202"/>
  </node>
  <node id="32706" action="modify" visible="true" version="1" lat="48.26502175245514" lon="11.669685275943413">
    <tag k="ele" v="520.4739365363494"/>
    <tag k="mgrs_code" v="32UPU9811649202"/>
  </node>
  <node id="32707" action="modify" visible="true" version="1" lat="48.2649868116762" lon="11.669645424293627">
    <tag k="ele" v="520.6113930465654"/>
    <tag k="mgrs_code" v="32UPU9811349198"/>
  </node>
  <node id="32708" action="modify" visible="true" version="1" lat="48.26498505066" lon="11.669660373229998">
    <tag k="ele" v="520.6127052526"/>
    <tag k="mgrs_code" v="32UPU9811449198"/>
  </node>
  <node id="32709" action="modify" visible="true" version="1" lat="48.26498328964065" lon="11.669675322157245">
    <tag k="ele" v="520.6140174586326"/>
    <tag k="mgrs_code" v="32UPU9811549198"/>
  </node>
  <node id="32714" action="modify" visible="true" version="1" lat="48.264223835938836" lon="11.670341924390316">
    <tag k="ele" v="520.5187954306602"/>
    <tag k="mgrs_code" v="32UPU9816849115"/>
  </node>
  <node id="32715" action="modify" visible="true" version="1" lat="48.2642150367515" lon="11.670407607821902">
    <tag k="ele" v="520.5126679483801"/>
    <tag k="mgrs_code" v="32UPU9817349114"/>
  </node>
  <node id="32716" action="modify" visible="true" version="1" lat="48.264210940009995" lon="11.67044053306">
    <tag k="ele" v="520.50969507545"/>
    <tag k="mgrs_code" v="32UPU9817549114"/>
  </node>
  <node id="32717" action="modify" visible="true" version="1" lat="48.26419294527832" lon="11.670333454330782">
    <tag k="ele" v="520.433168521151"/>
    <tag k="mgrs_code" v="32UPU9816749112"/>
  </node>
  <node id="32718" action="modify" visible="true" version="1" lat="48.26418473864486" lon="11.670399452736593">
    <tag k="ele" v="520.4540802277625"/>
    <tag k="mgrs_code" v="32UPU9817249111"/>
  </node>
  <node id="32719" action="modify" visible="true" version="1" lat="48.264180424707895" lon="11.670432425356056">
    <tag k="ele" v="520.4646042343229"/>
    <tag k="mgrs_code" v="32UPU9817549110"/>
  </node>
  <node id="32724" action="modify" visible="true" version="1" lat="48.26418631739189" lon="11.670655880213154">
    <tag k="ele" v="520.5166674889624"/>
    <tag k="mgrs_code" v="32UPU9819149112"/>
  </node>
  <node id="32725" action="modify" visible="true" version="1" lat="48.2642017118" lon="11.67051906378">
    <tag k="ele" v="520.50920852413"/>
    <tag k="mgrs_code" v="32UPU9818149113"/>
  </node>
  <node id="32726" action="modify" visible="true" version="1" lat="48.264197435579995" lon="11.67055706835">
    <tag k="ele" v="520.5112804588"/>
    <tag k="mgrs_code" v="32UPU9818449113"/>
  </node>
  <node id="32727" action="modify" visible="true" version="1" lat="48.26419829081999" lon="11.67054946743">
    <tag k="ele" v="520.51086607187"/>
    <tag k="mgrs_code" v="32UPU9818349113"/>
  </node>
  <node id="32728" action="modify" visible="true" version="1" lat="48.264199146059994" lon="11.67054186652">
    <tag k="ele" v="520.51045168494"/>
    <tag k="mgrs_code" v="32UPU9818349113"/>
  </node>
  <node id="32729" action="modify" visible="true" version="1" lat="48.26420000131001" lon="11.67053426561">
    <tag k="ele" v="520.510037298"/>
    <tag k="mgrs_code" v="32UPU9818249113"/>
  </node>
  <node id="32730" action="modify" visible="true" version="1" lat="48.26420085656" lon="11.67052666469">
    <tag k="ele" v="520.50962291106"/>
    <tag k="mgrs_code" v="32UPU9818149113"/>
  </node>
  <node id="32731" action="modify" visible="true" version="1" lat="48.264196580329994" lon="11.670564669260001">
    <tag k="ele" v="520.51169484574"/>
    <tag k="mgrs_code" v="32UPU9818449113"/>
  </node>
  <node id="32732" action="modify" visible="true" version="1" lat="48.26419144885999" lon="11.67061027474">
    <tag k="ele" v="520.51418116735"/>
    <tag k="mgrs_code" v="32UPU9818849112"/>
  </node>
  <node id="32733" action="modify" visible="true" version="1" lat="48.264206843270344" lon="11.67047345830179">
    <tag k="ele" v="520.5067222025245"/>
    <tag k="mgrs_code" v="32UPU9817749113"/>
  </node>
  <node id="32734" action="modify" visible="true" version="1" lat="48.26423743692521" lon="11.670669124501046">
    <tag k="ele" v="520.3608439043164"/>
    <tag k="mgrs_code" v="32UPU9819249117"/>
  </node>
  <node id="32735" action="modify" visible="true" version="1" lat="48.264238687635306" lon="11.67065757897535">
    <tag k="ele" v="520.3618692783639"/>
    <tag k="mgrs_code" v="32UPU9819149117"/>
  </node>
  <node id="32736" action="modify" visible="true" version="1" lat="48.264239460301" lon="11.670645932589212">
    <tag k="ele" v="520.3676973879337"/>
    <tag k="mgrs_code" v="32UPU9819049117"/>
  </node>
  <node id="32737" action="modify" visible="true" version="1" lat="48.2642398360768" lon="11.670622416224957">
    <tag k="ele" v="520.3913341481239"/>
    <tag k="mgrs_code" v="32UPU9818849117"/>
  </node>
  <node id="32738" action="modify" visible="true" version="1" lat="48.26423909528318" lon="11.670598715172693">
    <tag k="ele" v="520.4268988603726"/>
    <tag k="mgrs_code" v="32UPU9818749117"/>
  </node>
  <node id="32739" action="modify" visible="true" version="1" lat="48.26423639736118" lon="11.67055122106837">
    <tag k="ele" v="520.5143908383325"/>
    <tag k="mgrs_code" v="32UPU9818349117"/>
  </node>
  <node id="32740" action="modify" visible="true" version="1" lat="48.26423550814818" lon="11.670527642981435">
    <tag k="ele" v="520.5566074531525"/>
    <tag k="mgrs_code" v="32UPU9818149117"/>
  </node>
  <node id="32741" action="modify" visible="true" version="1" lat="48.26423563606753" lon="11.670504331727411">
    <tag k="ele" v="520.5913307126611"/>
    <tag k="mgrs_code" v="32UPU9818049117"/>
  </node>
  <node id="32742" action="modify" visible="true" version="1" lat="48.264236247293695" lon="11.670492818769512">
    <tag k="ele" v="520.6043650461361"/>
    <tag k="mgrs_code" v="32UPU9817949117"/>
  </node>
  <node id="32743" action="modify" visible="true" version="1" lat="48.26423731139736" lon="11.670481427297227">
    <tag k="ele" v="520.6137052960694"/>
    <tag k="mgrs_code" v="32UPU9817849117"/>
  </node>
  <node id="32748" action="modify" visible="true" version="1" lat="48.26407009492462" lon="11.66844417602583">
    <tag k="ele" v="520.5576585652307"/>
    <tag k="mgrs_code" v="32UPU9802749093"/>
  </node>
  <node id="32749" action="modify" visible="true" version="1" lat="48.26412981418457" lon="11.668457580558233">
    <tag k="ele" v="520.5961048714817"/>
    <tag k="mgrs_code" v="32UPU9802849100"/>
  </node>
  <node id="32750" action="modify" visible="true" version="1" lat="48.264149638544886" lon="11.668462448355115">
    <tag k="ele" v="520.6017857650295"/>
    <tag k="mgrs_code" v="32UPU9802849102"/>
  </node>
  <node id="32751" action="modify" visible="true" version="1" lat="48.26418051042634" lon="11.668470597739901">
    <tag k="ele" v="520.5917183728889"/>
    <tag k="mgrs_code" v="32UPU9802949105"/>
  </node>
  <node id="32752" action="modify" visible="true" version="1" lat="48.2640615876912" lon="11.668527930162496">
    <tag k="ele" v="520.4149855477735"/>
    <tag k="mgrs_code" v="32UPU9803449092"/>
  </node>
  <node id="32753" action="modify" visible="true" version="1" lat="48.26410533650001" lon="11.668539469129998">
    <tag k="ele" v="520.44241459016"/>
    <tag k="mgrs_code" v="32UPU9803449097"/>
  </node>
  <node id="32754" action="modify" visible="true" version="1" lat="48.26408346209" lon="11.66853369964">
    <tag k="ele" v="520.42870006897"/>
    <tag k="mgrs_code" v="32UPU9803449095"/>
  </node>
  <node id="32755" action="modify" visible="true" version="1" lat="48.264127210898046" lon="11.66854523860971">
    <tag k="ele" v="520.4561291113496"/>
    <tag k="mgrs_code" v="32UPU9803549100"/>
  </node>
  <node id="32760" action="modify" visible="true" version="1" lat="48.265165593260946" lon="11.6684768760694">
    <tag k="ele" v="520.4987657926977"/>
    <tag k="mgrs_code" v="32UPU9802649215"/>
  </node>
  <node id="32761" action="modify" visible="true" version="1" lat="48.2651554764081" lon="11.668561913828215">
    <tag k="ele" v="520.5308931954205"/>
    <tag k="mgrs_code" v="32UPU9803249214"/>
  </node>
  <node id="32762" action="modify" visible="true" version="1" lat="48.26515388363656" lon="11.668575295676924">
    <tag k="ele" v="520.559046395123"/>
    <tag k="mgrs_code" v="32UPU9803349214"/>
  </node>
  <node id="32763" action="modify" visible="true" version="1" lat="48.26514245981902" lon="11.668671320250334">
    <tag k="ele" v="520.5766622098163"/>
    <tag k="mgrs_code" v="32UPU9804049213"/>
  </node>
  <node id="32764" action="modify" visible="true" version="1" lat="48.265128844932576" lon="11.668785778989966">
    <tag k="ele" v="520.5273099569604"/>
    <tag k="mgrs_code" v="32UPU9804949212"/>
  </node>
  <node id="32765" action="modify" visible="true" version="1" lat="48.26512805992024" lon="11.668461699097621">
    <tag k="ele" v="520.5783260408789"/>
    <tag k="mgrs_code" v="32UPU9802549211"/>
  </node>
  <node id="32766" action="modify" visible="true" version="1" lat="48.26512675132026" lon="11.668472651133587">
    <tag k="ele" v="520.579971560277"/>
    <tag k="mgrs_code" v="32UPU9802549210"/>
  </node>
  <node id="32767" action="modify" visible="true" version="1" lat="48.265113690179994" lon="11.66858196241">
    <tag k="ele" v="520.59640652407"/>
    <tag k="mgrs_code" v="32UPU9803449209"/>
  </node>
  <node id="32768" action="modify" visible="true" version="1" lat="48.26510062903918" lon="11.668691273676611">
    <tag k="ele" v="520.6128414878622"/>
    <tag k="mgrs_code" v="32UPU9804249208"/>
  </node>
  <node id="32769" action="modify" visible="true" version="1" lat="48.26509109379131" lon="11.668771268173987">
    <tag k="ele" v="520.6167489988729"/>
    <tag k="mgrs_code" v="32UPU9804849207"/>
  </node>
  <node id="32774" action="modify" visible="true" version="1" lat="48.263908803448885" lon="11.669496185271798">
    <tag k="ele" v="520.3825395256281"/>
    <tag k="mgrs_code" v="32UPU9810649078"/>
  </node>
  <node id="32775" action="modify" visible="true" version="1" lat="48.26390056457001" lon="11.66956470809">
    <tag k="ele" v="520.38333103154"/>
    <tag k="mgrs_code" v="32UPU9811149077"/>
  </node>
  <node id="32776" action="modify" visible="true" version="1" lat="48.26389232568479" lon="11.669633230910515">
    <tag k="ele" v="520.384122537449"/>
    <tag k="mgrs_code" v="32UPU9811649076"/>
  </node>
  <node id="32777" action="modify" visible="true" version="1" lat="48.26387219729821" lon="11.669486350230832">
    <tag k="ele" v="520.49071538914"/>
    <tag k="mgrs_code" v="32UPU9810649074"/>
  </node>
  <node id="32778" action="modify" visible="true" version="1" lat="48.26385943049262" lon="11.669592821736284">
    <tag k="ele" v="520.4907057695091"/>
    <tag k="mgrs_code" v="32UPU9811349073"/>
  </node>
  <node id="32779" action="modify" visible="true" version="1" lat="48.263855865184546" lon="11.669623219284928">
    <tag k="ele" v="520.4908904507756"/>
    <tag k="mgrs_code" v="32UPU9811649072"/>
  </node>
  <node id="32784" action="modify" visible="true" version="1" lat="48.26427656190566" lon="11.670625377636785">
    <tag k="ele" v="520.4264888111502"/>
    <tag k="mgrs_code" v="32UPU9818849122"/>
  </node>
  <node id="32785" action="modify" visible="true" version="1" lat="48.26426852559251" lon="11.670622434892815">
    <tag k="ele" v="520.4252492142841"/>
    <tag k="mgrs_code" v="32UPU9818849121"/>
  </node>
  <node id="32786" action="modify" visible="true" version="1" lat="48.264260636569624" lon="11.670618393795985">
    <tag k="ele" v="520.426637086086"/>
    <tag k="mgrs_code" v="32UPU9818849120"/>
  </node>
  <node id="32787" action="modify" visible="true" version="1" lat="48.26425295505262" lon="11.670613266120785">
    <tag k="ele" v="520.4302680930123"/>
    <tag k="mgrs_code" v="32UPU9818849119"/>
  </node>
  <node id="32788" action="modify" visible="true" version="1" lat="48.26424554545767" lon="11.670607061435017">
    <tag k="ele" v="520.4357578903437"/>
    <tag k="mgrs_code" v="32UPU9818749118"/>
  </node>
  <node id="32789" action="modify" visible="true" version="1" lat="48.264238479471906" lon="11.670599789389513">
    <tag k="ele" v="520.442722142674"/>
    <tag k="mgrs_code" v="32UPU9818749117"/>
  </node>
  <node id="32790" action="modify" visible="true" version="1" lat="48.26423183905478" lon="11.670591464609164">
    <tag k="ele" v="520.4507765164599"/>
    <tag k="mgrs_code" v="32UPU9818649117"/>
  </node>
  <node id="32791" action="modify" visible="true" version="1" lat="48.26422571849386" lon="11.670582115089806">
    <tag k="ele" v="520.4595366651192"/>
    <tag k="mgrs_code" v="32UPU9818549116"/>
  </node>
  <node id="32792" action="modify" visible="true" version="1" lat="48.264220223864854" lon="11.670571794431444">
    <tag k="ele" v="520.4686182541773"/>
    <tag k="mgrs_code" v="32UPU9818549115"/>
  </node>
  <node id="32793" action="modify" visible="true" version="1" lat="48.264215467520316" lon="11.670560596381257">
    <tag k="ele" v="520.4776369454339"/>
    <tag k="mgrs_code" v="32UPU9818449115"/>
  </node>
  <node id="32794" action="modify" visible="true" version="1" lat="48.26421155549968" lon="11.670548666771836">
    <tag k="ele" v="520.4862083988264"/>
    <tag k="mgrs_code" v="32UPU9818349114"/>
  </node>
  <node id="32795" action="modify" visible="true" version="1" lat="48.264208568343925" lon="11.670536204591883">
    <tag k="ele" v="520.4939482780173"/>
    <tag k="mgrs_code" v="32UPU9818249114"/>
  </node>
  <node id="32796" action="modify" visible="true" version="1" lat="48.264206540760064" lon="11.670523444794755">
    <tag k="ele" v="520.5004722420126"/>
    <tag k="mgrs_code" v="32UPU9818149114"/>
  </node>
  <node id="32797" action="modify" visible="true" version="1" lat="48.2642054494679" lon="11.670510623875979">
    <tag k="ele" v="520.5053959582001"/>
    <tag k="mgrs_code" v="32UPU9818049113"/>
  </node>
  <node id="32798" action="modify" visible="true" version="1" lat="48.26420521626418" lon="11.67049794094072">
    <tag k="ele" v="520.5083350809291"/>
    <tag k="mgrs_code" v="32UPU9817949113"/>
  </node>
  <node id="32799" action="modify" visible="true" version="1" lat="48.26420572491981" lon="11.670485530926767">
    <tag k="ele" v="520.5089052757248"/>
    <tag k="mgrs_code" v="32UPU9817849113"/>
  </node>
  <node id="32800" action="modify" visible="true" version="1" lat="48.26428841962008" lon="11.670534759803617">
    <tag k="ele" v="520.5169126689434"/>
    <tag k="mgrs_code" v="32UPU9818249123"/>
  </node>
  <node id="32801" action="modify" visible="true" version="1" lat="48.264266738289585" lon="11.670530147007552">
    <tag k="ele" v="520.5997465411201"/>
    <tag k="mgrs_code" v="32UPU9818149120"/>
  </node>
  <node id="32802" action="modify" visible="true" version="1" lat="48.264259360276725" lon="11.670527999996377">
    <tag k="ele" v="520.6227747593075"/>
    <tag k="mgrs_code" v="32UPU9818149119"/>
  </node>
  <node id="32803" action="modify" visible="true" version="1" lat="48.26425271453256" lon="11.670525559712093">
    <tag k="ele" v="520.6279835645109"/>
    <tag k="mgrs_code" v="32UPU9818149119"/>
  </node>
  <node id="32804" action="modify" visible="true" version="1" lat="48.26424937084156" lon="11.670523708804886">
    <tag k="ele" v="520.6265304256231"/>
    <tag k="mgrs_code" v="32UPU9818149118"/>
  </node>
  <node id="32805" action="modify" visible="true" version="1" lat="48.26424631268201" lon="11.670521119343233">
    <tag k="ele" v="520.6267910711467"/>
    <tag k="mgrs_code" v="32UPU9818149118"/>
  </node>
  <node id="32806" action="modify" visible="true" version="1" lat="48.264243808176246" lon="11.670518184515128">
    <tag k="ele" v="520.6294661052525"/>
    <tag k="mgrs_code" v="32UPU9818149118"/>
  </node>
  <node id="32807" action="modify" visible="true" version="1" lat="48.26424209455" lon="11.67051562421">
    <tag k="ele" v="520.63189023267"/>
    <tag k="mgrs_code" v="32UPU9818049117"/>
  </node>
  <node id="32808" action="modify" visible="true" version="1" lat="48.26424266576" lon="11.67051647764">
    <tag k="ele" v="520.6310821902"/>
    <tag k="mgrs_code" v="32UPU9818149118"/>
  </node>
  <node id="32809" action="modify" visible="true" version="1" lat="48.26424323697" lon="11.670517331080001">
    <tag k="ele" v="520.63027414773"/>
    <tag k="mgrs_code" v="32UPU9818149118"/>
  </node>
  <node id="32810" action="modify" visible="true" version="1" lat="48.26424152334329" lon="11.670514770769183">
    <tag k="ele" v="520.6326982751489"/>
    <tag k="mgrs_code" v="32UPU9818049117"/>
  </node>
  <node id="32811" action="modify" visible="true" version="1" lat="48.26423962411317" lon="11.670510845835251">
    <tag k="ele" v="520.6353473514318"/>
    <tag k="mgrs_code" v="32UPU9818049117"/>
  </node>
  <node id="32812" action="modify" visible="true" version="1" lat="48.264238283630014" lon="11.67050645298915">
    <tag k="ele" v="520.6362731009722"/>
    <tag k="mgrs_code" v="32UPU9818049117"/>
  </node>
  <node id="32813" action="modify" visible="true" version="1" lat="48.26423728123942" lon="11.670500549819659">
    <tag k="ele" v="520.6346792755648"/>
    <tag k="mgrs_code" v="32UPU9817949117"/>
  </node>
  <node id="32814" action="modify" visible="true" version="1" lat="48.264236784731764" lon="11.670494348940299">
    <tag k="ele" v="520.6305360095575"/>
    <tag k="mgrs_code" v="32UPU9817949117"/>
  </node>
  <node id="32815" action="modify" visible="true" version="1" lat="48.26423679772992" lon="11.670487943817324">
    <tag k="ele" v="520.6236193394288"/>
    <tag k="mgrs_code" v="32UPU9817849117"/>
  </node>
  <node id="32820" action="modify" visible="true" version="1" lat="48.26451739796189" lon="11.667867644440046">
    <tag k="ele" v="520.4804103299975"/>
    <tag k="mgrs_code" v="32UPU9798349141"/>
  </node>
  <node id="32821" action="modify" visible="true" version="1" lat="48.264547458779404" lon="11.667875846108856">
    <tag k="ele" v="520.6254971455783"/>
    <tag k="mgrs_code" v="32UPU9798349145"/>
  </node>
  <node id="32826" action="modify" visible="true" version="1" lat="48.26453465559319" lon="11.66772293334439">
    <tag k="ele" v="520.5056157028303"/>
    <tag k="mgrs_code" v="32UPU9797249143"/>
  </node>
  <node id="32827" action="modify" visible="true" version="1" lat="48.26454223481934" lon="11.667659853438263">
    <tag k="ele" v="520.5196801181883"/>
    <tag k="mgrs_code" v="32UPU9796749143"/>
  </node>
  <node id="32828" action="modify" visible="true" version="1" lat="48.26455770110283" lon="11.667533716532066">
    <tag k="ele" v="520.5494939424098"/>
    <tag k="mgrs_code" v="32UPU9795849145"/>
  </node>
  <node id="32829" action="modify" visible="true" version="1" lat="48.2645648167297" lon="11.667730793289003">
    <tag k="ele" v="520.6203224193305"/>
    <tag k="mgrs_code" v="32UPU9797349146"/>
  </node>
  <node id="32830" action="modify" visible="true" version="1" lat="48.26458463416819" lon="11.667562936994656">
    <tag k="ele" v="520.6278245896101"/>
    <tag k="mgrs_code" v="32UPU9796049148"/>
  </node>
  <node id="32831" action="modify" visible="true" version="1" lat="48.264589871866995" lon="11.667520230694466">
    <tag k="ele" v="520.6364338127896"/>
    <tag k="mgrs_code" v="32UPU9795749148"/>
  </node>
  <node id="32836" action="modify" visible="true" version="1" lat="48.26422712395177" lon="11.670317373145492">
    <tag k="ele" v="520.5201425841078"/>
    <tag k="mgrs_code" v="32UPU9816649115"/>
  </node>
  <node id="32837" action="modify" visible="true" version="1" lat="48.26422960348287" lon="11.670298557936485">
    <tag k="ele" v="520.5209807474166"/>
    <tag k="mgrs_code" v="32UPU9816449116"/>
  </node>
  <node id="32838" action="modify" visible="true" version="1" lat="48.264229768530434" lon="11.670297303014314">
    <tag k="ele" v="520.5210323473439"/>
    <tag k="mgrs_code" v="32UPU9816449116"/>
  </node>
  <node id="32839" action="modify" visible="true" version="1" lat="48.26425581097377" lon="11.670325273957687">
    <tag k="ele" v="520.6095857443288"/>
    <tag k="mgrs_code" v="32UPU9816649118"/>
  </node>
  <node id="32840" action="modify" visible="true" version="1" lat="48.26425702107999" lon="11.67031521836">
    <tag k="ele" v="520.60935793119"/>
    <tag k="mgrs_code" v="32UPU9816649119"/>
  </node>
  <node id="32841" action="modify" visible="true" version="1" lat="48.26425823117707" lon="11.67030516275865">
    <tag k="ele" v="520.6091301180422"/>
    <tag k="mgrs_code" v="32UPU9816549119"/>
  </node>
  <node id="32846" action="modify" visible="true" version="1" lat="48.26412233568926" lon="11.667756475489078">
    <tag k="ele" v="520.556074289605"/>
    <tag k="mgrs_code" v="32UPU9797649097"/>
  </node>
  <node id="32847" action="modify" visible="true" version="1" lat="48.26411866364054" lon="11.667786600591421">
    <tag k="ele" v="520.5555252917111"/>
    <tag k="mgrs_code" v="32UPU9797849097"/>
  </node>
  <node id="32848" action="modify" visible="true" version="1" lat="48.264116918549995" lon="11.667801691619998">
    <tag k="ele" v="520.55525803706"/>
    <tag k="mgrs_code" v="32UPU9798049097"/>
  </node>
  <node id="32849" action="modify" visible="true" version="1" lat="48.26411517346713" lon="11.667816782646439">
    <tag k="ele" v="520.5549907824025"/>
    <tag k="mgrs_code" v="32UPU9798149096"/>
  </node>
  <node id="32850" action="modify" visible="true" version="1" lat="48.2640833995071" lon="11.668085778236026">
    <tag k="ele" v="520.5401382744312"/>
    <tag k="mgrs_code" v="32UPU9800149094"/>
  </node>
  <node id="32851" action="modify" visible="true" version="1" lat="48.26407883907212" lon="11.66774366748855">
    <tag k="ele" v="520.6425833776593"/>
    <tag k="mgrs_code" v="32UPU9797549092"/>
  </node>
  <node id="32852" action="modify" visible="true" version="1" lat="48.26406834950087" lon="11.667826076721681">
    <tag k="ele" v="520.6329040657729"/>
    <tag k="mgrs_code" v="32UPU9798249091"/>
  </node>
  <node id="32853" action="modify" visible="true" version="1" lat="48.26405837658705" lon="11.667908580229819">
    <tag k="ele" v="520.6375106889755"/>
    <tag k="mgrs_code" v="32UPU9798849090"/>
  </node>
  <node id="32854" action="modify" visible="true" version="1" lat="48.26404884405147" lon="11.667991152771211">
    <tag k="ele" v="520.6440027030185"/>
    <tag k="mgrs_code" v="32UPU9799449089"/>
  </node>
  <node id="32855" action="modify" visible="true" version="1" lat="48.26403967527999" lon="11.668073773473589">
    <tag k="ele" v="520.643928325735"/>
    <tag k="mgrs_code" v="32UPU9800049089"/>
  </node>
  <node id="32860" action="modify" visible="true" version="1" lat="48.26494482043399" lon="11.667359485547307">
    <tag k="ele" v="520.4492066148669"/>
    <tag k="mgrs_code" v="32UPU9794449187"/>
  </node>
  <node id="32861" action="modify" visible="true" version="1" lat="48.26494762632371" lon="11.667360204724496">
    <tag k="ele" v="520.4484321372584"/>
    <tag k="mgrs_code" v="32UPU9794449188"/>
  </node>
  <node id="32862" action="modify" visible="true" version="1" lat="48.26504564126148" lon="11.667389271479294">
    <tag k="ele" v="520.5664800545201"/>
    <tag k="mgrs_code" v="32UPU9794549199"/>
  </node>
  <node id="32863" action="modify" visible="true" version="1" lat="48.265059537895674" lon="11.667393034653218">
    <tag k="ele" v="520.5700409691781"/>
    <tag k="mgrs_code" v="32UPU9794649200"/>
  </node>
  <node id="32864" action="modify" visible="true" version="1" lat="48.265102473519704" lon="11.66740425873869">
    <tag k="ele" v="520.5610351283103"/>
    <tag k="mgrs_code" v="32UPU9794649205"/>
  </node>
  <node id="32865" action="modify" visible="true" version="1" lat="48.265146541357744" lon="11.667415231141154">
    <tag k="ele" v="520.5410069655627"/>
    <tag k="mgrs_code" v="32UPU9794749210"/>
  </node>
  <node id="32866" action="modify" visible="true" version="1" lat="48.26522205101787" lon="11.6674355654711">
    <tag k="ele" v="520.5179495727643"/>
    <tag k="mgrs_code" v="32UPU9794849218"/>
  </node>
  <node id="32867" action="modify" visible="true" version="1" lat="48.26523697672146" lon="11.667439254183844">
    <tag k="ele" v="520.521645931527"/>
    <tag k="mgrs_code" v="32UPU9794849220"/>
  </node>
  <node id="32868" action="modify" visible="true" version="1" lat="48.26525242180379" lon="11.667443395706544">
    <tag k="ele" v="520.5254358546808"/>
    <tag k="mgrs_code" v="32UPU9794949222"/>
  </node>
  <node id="32869" action="modify" visible="true" version="1" lat="48.2652591853501" lon="11.667445211635549">
    <tag k="ele" v="520.5155042326078"/>
    <tag k="mgrs_code" v="32UPU9794949223"/>
  </node>
  <node id="32870" action="modify" visible="true" version="1" lat="48.26526581170926" lon="11.667447484648745">
    <tag k="ele" v="520.4950792668387"/>
    <tag k="mgrs_code" v="32UPU9794949223"/>
  </node>
  <node id="32871" action="modify" visible="true" version="1" lat="48.26494286120908" lon="11.667455270163732">
    <tag k="ele" v="520.6768499119207"/>
    <tag k="mgrs_code" v="32UPU9795149187"/>
  </node>
  <node id="32872" action="modify" visible="true" version="1" lat="48.26497054449394" lon="11.667463041918179">
    <tag k="ele" v="520.6815781975165"/>
    <tag k="mgrs_code" v="32UPU9795149191"/>
  </node>
  <node id="32873" action="modify" visible="true" version="1" lat="48.2650098542549" lon="11.66747344311269">
    <tag k="ele" v="520.6617177799344"/>
    <tag k="mgrs_code" v="32UPU9795249195"/>
  </node>
  <node id="32874" action="modify" visible="true" version="1" lat="48.265041590909995" lon="11.667482381759998">
    <tag k="ele" v="520.64410589023"/>
    <tag k="mgrs_code" v="32UPU9795249198"/>
  </node>
  <node id="32875" action="modify" visible="true" version="1" lat="48.26503630146999" lon="11.667480891979999">
    <tag k="ele" v="520.64704120518"/>
    <tag k="mgrs_code" v="32UPU9795249198"/>
  </node>
  <node id="32876" action="modify" visible="true" version="1" lat="48.26503101201999" lon="11.667479402209999">
    <tag k="ele" v="520.64997652013"/>
    <tag k="mgrs_code" v="32UPU9795249197"/>
  </node>
  <node id="32877" action="modify" visible="true" version="1" lat="48.26502572257999" lon="11.66747791243">
    <tag k="ele" v="520.65291183508"/>
    <tag k="mgrs_code" v="32UPU9795249197"/>
  </node>
  <node id="32878" action="modify" visible="true" version="1" lat="48.26502043314001" lon="11.66747642266">
    <tag k="ele" v="520.65584715003"/>
    <tag k="mgrs_code" v="32UPU9795249196"/>
  </node>
  <node id="32879" action="modify" visible="true" version="1" lat="48.2650151437" lon="11.667474932890002">
    <tag k="ele" v="520.65878246498"/>
    <tag k="mgrs_code" v="32UPU9795249196"/>
  </node>
  <node id="32880" action="modify" visible="true" version="1" lat="48.26504688035055" lon="11.66748387152952">
    <tag k="ele" v="520.6411705752835"/>
    <tag k="mgrs_code" v="32UPU9795249199"/>
  </node>
  <node id="32881" action="modify" visible="true" version="1" lat="48.26521275122443" lon="11.667529054450014">
    <tag k="ele" v="520.6898170839995"/>
    <tag k="mgrs_code" v="32UPU9795549218"/>
  </node>
  <node id="32886" action="modify" visible="true" version="1" lat="48.26443007477794" lon="11.667401694360262">
    <tag k="ele" v="520.5604558466002"/>
    <tag k="mgrs_code" v="32UPU9794949130"/>
  </node>
  <node id="32887" action="modify" visible="true" version="1" lat="48.26442297749924" lon="11.66739982269447">
    <tag k="ele" v="520.5644924240187"/>
    <tag k="mgrs_code" v="32UPU9794949130"/>
  </node>
  <node id="32888" action="modify" visible="true" version="1" lat="48.26438928412051" lon="11.6673910667876">
    <tag k="ele" v="520.578522996977"/>
    <tag k="mgrs_code" v="32UPU9794849126"/>
  </node>
  <node id="32889" action="modify" visible="true" version="1" lat="48.264372930873925" lon="11.66738681706949">
    <tag k="ele" v="520.5853336201981"/>
    <tag k="mgrs_code" v="32UPU9794849124"/>
  </node>
  <node id="32890" action="modify" visible="true" version="1" lat="48.26433854726915" lon="11.66737799044707">
    <tag k="ele" v="520.5889859264717"/>
    <tag k="mgrs_code" v="32UPU9794749120"/>
  </node>
  <node id="32891" action="modify" visible="true" version="1" lat="48.26443689562123" lon="11.667325507377058">
    <tag k="ele" v="520.7255161656067"/>
    <tag k="mgrs_code" v="32UPU9794349131"/>
  </node>
  <node id="32892" action="modify" visible="true" version="1" lat="48.26436959416" lon="11.66730851379">
    <tag k="ele" v="520.72913951846"/>
    <tag k="mgrs_code" v="32UPU9794249123"/>
  </node>
  <node id="32893" action="modify" visible="true" version="1" lat="48.26439202798001" lon="11.667314178320002">
    <tag k="ele" v="520.72793173417"/>
    <tag k="mgrs_code" v="32UPU9794249126"/>
  </node>
  <node id="32894" action="modify" visible="true" version="1" lat="48.2644144618" lon="11.667319842849999">
    <tag k="ele" v="520.72672394989"/>
    <tag k="mgrs_code" v="32UPU9794349128"/>
  </node>
  <node id="32895" action="modify" visible="true" version="1" lat="48.26434716033386" lon="11.667302849255904">
    <tag k="ele" v="520.7303473027423"/>
    <tag k="mgrs_code" v="32UPU9794249121"/>
  </node>
  <node id="32900" action="modify" visible="true" version="1" lat="48.26424404345874" lon="11.67018707759091">
    <tag k="ele" v="520.5234881034121"/>
    <tag k="mgrs_code" v="32UPU9815649117"/>
  </node>
  <node id="32901" action="modify" visible="true" version="1" lat="48.264271521470256" lon="11.67019465748877">
    <tag k="ele" v="520.6069313203916"/>
    <tag k="mgrs_code" v="32UPU9815749120"/>
  </node>
  <node id="32906" action="modify" visible="true" version="1" lat="48.26511663965871" lon="11.668887081437289">
    <tag k="ele" v="520.447793405503"/>
    <tag k="mgrs_code" v="32UPU9805649210"/>
  </node>
  <node id="32907" action="modify" visible="true" version="1" lat="48.26511628052422" lon="11.668890060415414">
    <tag k="ele" v="520.4537888644263"/>
    <tag k="mgrs_code" v="32UPU9805649210"/>
  </node>
  <node id="32908" action="modify" visible="true" version="1" lat="48.265114577329776" lon="11.668904188199473">
    <tag k="ele" v="520.4822223819792"/>
    <tag k="mgrs_code" v="32UPU9805849210"/>
  </node>
  <node id="32909" action="modify" visible="true" version="1" lat="48.26511323600094" lon="11.668915314342607">
    <tag k="ele" v="520.5046149296686"/>
    <tag k="mgrs_code" v="32UPU9805849210"/>
  </node>
  <node id="32910" action="modify" visible="true" version="1" lat="48.26507919212922" lon="11.668873552747197">
    <tag k="ele" v="520.6221899120137"/>
    <tag k="mgrs_code" v="32UPU9805549206"/>
  </node>
  <node id="32911" action="modify" visible="true" version="1" lat="48.26507697950999" lon="11.66889259168">
    <tag k="ele" v="520.6230400481"/>
    <tag k="mgrs_code" v="32UPU9805749206"/>
  </node>
  <node id="32912" action="modify" visible="true" version="1" lat="48.26507808582001" lon="11.66888307221">
    <tag k="ele" v="520.62261498005"/>
    <tag k="mgrs_code" v="32UPU9805649206"/>
  </node>
  <node id="32913" action="modify" visible="true" version="1" lat="48.265075873199166" lon="11.668902111147087">
    <tag k="ele" v="520.6234651161358"/>
    <tag k="mgrs_code" v="32UPU9805849206"/>
  </node>
  <node id="32918" action="modify" visible="true" version="1" lat="48.26420963156626" lon="11.66983568133241">
    <tag k="ele" v="520.3866284843534"/>
    <tag k="mgrs_code" v="32UPU9813049112"/>
  </node>
  <node id="32919" action="modify" visible="true" version="1" lat="48.26421109861799" lon="11.669827449414742">
    <tag k="ele" v="520.3918858943507"/>
    <tag k="mgrs_code" v="32UPU9813049112"/>
  </node>
  <node id="32920" action="modify" visible="true" version="1" lat="48.26421281524423" lon="11.669819143331907">
    <tag k="ele" v="520.3976226076484"/>
    <tag k="mgrs_code" v="32UPU9812949112"/>
  </node>
  <node id="32921" action="modify" visible="true" version="1" lat="48.26421493311946" lon="11.66981084522025">
    <tag k="ele" v="520.4037748035043"/>
    <tag k="mgrs_code" v="32UPU9812849113"/>
  </node>
  <node id="32922" action="modify" visible="true" version="1" lat="48.26421759218981" lon="11.669802704388804">
    <tag k="ele" v="520.4102786555886"/>
    <tag k="mgrs_code" v="32UPU9812849113"/>
  </node>
  <node id="32923" action="modify" visible="true" version="1" lat="48.26421942418399" lon="11.669798302128852">
    <tag k="ele" v="520.41408662498"/>
    <tag k="mgrs_code" v="32UPU9812749113"/>
  </node>
  <node id="32924" action="modify" visible="true" version="1" lat="48.2642215503523" lon="11.669794171363183">
    <tag k="ele" v="520.417975043878"/>
    <tag k="mgrs_code" v="32UPU9812749113"/>
  </node>
  <node id="32925" action="modify" visible="true" version="1" lat="48.26422656590121" lon="11.669786942305135">
    <tag k="ele" v="520.4259471185505"/>
    <tag k="mgrs_code" v="32UPU9812649114"/>
  </node>
  <node id="32926" action="modify" visible="true" version="1" lat="48.26423234291848" lon="11.669781337420215">
    <tag k="ele" v="520.4341026507318"/>
    <tag k="mgrs_code" v="32UPU9812649114"/>
  </node>
  <node id="32927" action="modify" visible="true" version="1" lat="48.26423856282256" lon="11.669777437256698">
    <tag k="ele" v="520.4423494152725"/>
    <tag k="mgrs_code" v="32UPU9812649115"/>
  </node>
  <node id="32928" action="modify" visible="true" version="1" lat="48.26424496853236" lon="11.669775107627283">
    <tag k="ele" v="520.4505951879546"/>
    <tag k="mgrs_code" v="32UPU9812549116"/>
  </node>
  <node id="32929" action="modify" visible="true" version="1" lat="48.2642535662" lon="11.66977365001">
    <tag k="ele" v="520.46134162229"/>
    <tag k="mgrs_code" v="32UPU9812549117"/>
  </node>
  <node id="32930" action="modify" visible="true" version="1" lat="48.264249267370005" lon="11.66977437882">
    <tag k="ele" v="520.45596840512"/>
    <tag k="mgrs_code" v="32UPU9812549116"/>
  </node>
  <node id="32931" action="modify" visible="true" version="1" lat="48.264257865041266" lon="11.669772921207834">
    <tag k="ele" v="520.466714839451"/>
    <tag k="mgrs_code" v="32UPU9812549117"/>
  </node>
  <node id="32932" action="modify" visible="true" version="1" lat="48.264264515915414" lon="11.669770955014203">
    <tag k="ele" v="520.4744042642415"/>
    <tag k="mgrs_code" v="32UPU9812549118"/>
  </node>
  <node id="32933" action="modify" visible="true" version="1" lat="48.2642712954495" lon="11.669767630214338">
    <tag k="ele" v="520.4817237909883"/>
    <tag k="mgrs_code" v="32UPU9812549119"/>
  </node>
  <node id="32934" action="modify" visible="true" version="1" lat="48.26427801177955" lon="11.669762457306302">
    <tag k="ele" v="520.4885811889544"/>
    <tag k="mgrs_code" v="32UPU9812449120"/>
  </node>
  <node id="32935" action="modify" visible="true" version="1" lat="48.26428427591398" lon="11.669755297054605">
    <tag k="ele" v="520.4948842311278"/>
    <tag k="mgrs_code" v="32UPU9812449120"/>
  </node>
  <node id="32936" action="modify" visible="true" version="1" lat="48.26428967384204" lon="11.669746589207254">
    <tag k="ele" v="520.5005406932905"/>
    <tag k="mgrs_code" v="32UPU9812349121"/>
  </node>
  <node id="32937" action="modify" visible="true" version="1" lat="48.26429401233533" lon="11.669737066422067">
    <tag k="ele" v="520.5054583419114"/>
    <tag k="mgrs_code" v="32UPU9812249121"/>
  </node>
  <node id="32938" action="modify" visible="true" version="1" lat="48.26429732122244" lon="11.66972730159598">
    <tag k="ele" v="520.5095449592918"/>
    <tag k="mgrs_code" v="32UPU9812249122"/>
  </node>
  <node id="32939" action="modify" visible="true" version="1" lat="48.26429970395127" lon="11.669717578895343">
    <tag k="ele" v="520.5127083119005"/>
    <tag k="mgrs_code" v="32UPU9812149122"/>
  </node>
  <node id="32940" action="modify" visible="true" version="1" lat="48.26430124269614" lon="11.6697079850411">
    <tag k="ele" v="520.5148561773822"/>
    <tag k="mgrs_code" v="32UPU9812049122"/>
  </node>
  <node id="32941" action="modify" visible="true" version="1" lat="48.26423859172541" lon="11.669846017686748">
    <tag k="ele" v="520.4221726572141"/>
    <tag k="mgrs_code" v="32UPU9813149115"/>
  </node>
  <node id="32942" action="modify" visible="true" version="1" lat="48.264239334868094" lon="11.669841669259473">
    <tag k="ele" v="520.4272041916847"/>
    <tag k="mgrs_code" v="32UPU9813049115"/>
  </node>
  <node id="32943" action="modify" visible="true" version="1" lat="48.26424141353268" lon="11.669833979683057">
    <tag k="ele" v="520.4380088066682"/>
    <tag k="mgrs_code" v="32UPU9813049116"/>
  </node>
  <node id="32944" action="modify" visible="true" version="1" lat="48.26424417824824" lon="11.66982792321636">
    <tag k="ele" v="520.4496621992439"/>
    <tag k="mgrs_code" v="32UPU9812949116"/>
  </node>
  <node id="32945" action="modify" visible="true" version="1" lat="48.264245759299854" lon="11.669825586947887">
    <tag k="ele" v="520.4557547084987"/>
    <tag k="mgrs_code" v="32UPU9812949116"/>
  </node>
  <node id="32946" action="modify" visible="true" version="1" lat="48.26424919094967" lon="11.669822291562554">
    <tag k="ele" v="520.4683663928881"/>
    <tag k="mgrs_code" v="32UPU9812949116"/>
  </node>
  <node id="32947" action="modify" visible="true" version="1" lat="48.26425288708074" lon="11.669820566315822">
    <tag k="ele" v="520.4814070193097"/>
    <tag k="mgrs_code" v="32UPU9812949117"/>
  </node>
  <node id="32948" action="modify" visible="true" version="1" lat="48.26425686401022" lon="11.669819964704491">
    <tag k="ele" v="520.4947086572647"/>
    <tag k="mgrs_code" v="32UPU9812949117"/>
  </node>
  <node id="32949" action="modify" visible="true" version="1" lat="48.264263509623525" lon="11.669820425654256">
    <tag k="ele" v="520.5147831467912"/>
    <tag k="mgrs_code" v="32UPU9812949118"/>
  </node>
  <node id="32950" action="modify" visible="true" version="1" lat="48.26427316277472" lon="11.669817205687249">
    <tag k="ele" v="520.5280025945976"/>
    <tag k="mgrs_code" v="32UPU9812949119"/>
  </node>
  <node id="32951" action="modify" visible="true" version="1" lat="48.264278465079364" lon="11.669814654098419">
    <tag k="ele" v="520.5345002748072"/>
    <tag k="mgrs_code" v="32UPU9812849120"/>
  </node>
  <node id="32952" action="modify" visible="true" version="1" lat="48.26428400079976" lon="11.669811317705442">
    <tag k="ele" v="520.5408952757716"/>
    <tag k="mgrs_code" v="32UPU9812849120"/>
  </node>
  <node id="32953" action="modify" visible="true" version="1" lat="48.26428973258243" lon="11.669807014615996">
    <tag k="ele" v="520.5471666036174"/>
    <tag k="mgrs_code" v="32UPU9812849121"/>
  </node>
  <node id="32954" action="modify" visible="true" version="1" lat="48.26429556183175" lon="11.669801593091478">
    <tag k="ele" v="520.5532932626083"/>
    <tag k="mgrs_code" v="32UPU9812749122"/>
  </node>
  <node id="32955" action="modify" visible="true" version="1" lat="48.26430131696573" lon="11.669794998104008">
    <tag k="ele" v="520.559254264459"/>
    <tag k="mgrs_code" v="32UPU9812749122"/>
  </node>
  <node id="32956" action="modify" visible="true" version="1" lat="48.264306774068054" lon="11.669787338813851">
    <tag k="ele" v="520.5650286180899"/>
    <tag k="mgrs_code" v="32UPU9812649123"/>
  </node>
  <node id="32957" action="modify" visible="true" version="1" lat="48.264311716602045" lon="11.66977890238806">
    <tag k="ele" v="520.5705953305587"/>
    <tag k="mgrs_code" v="32UPU9812649123"/>
  </node>
  <node id="32958" action="modify" visible="true" version="1" lat="48.26431600321698" lon="11.669770079917766">
    <tag k="ele" v="520.5759334089234"/>
    <tag k="mgrs_code" v="32UPU9812549124"/>
  </node>
  <node id="32959" action="modify" visible="true" version="1" lat="48.26431959692888" lon="11.669761244922178">
    <tag k="ele" v="520.5810218621045"/>
    <tag k="mgrs_code" v="32UPU9812449124"/>
  </node>
  <node id="32960" action="modify" visible="true" version="1" lat="48.26432254392984" lon="11.669752664621528">
    <tag k="ele" v="520.5858396999538"/>
    <tag k="mgrs_code" v="32UPU9812449124"/>
  </node>
  <node id="32961" action="modify" visible="true" version="1" lat="48.26432493046934" lon="11.66974448024488">
    <tag k="ele" v="520.5903659267351"/>
    <tag k="mgrs_code" v="32UPU9812349125"/>
  </node>
  <node id="32962" action="modify" visible="true" version="1" lat="48.264328373396694" lon="11.669729409725237">
    <tag k="ele" v="520.5984595902264"/>
    <tag k="mgrs_code" v="32UPU9812249125"/>
  </node>
  <node id="32963" action="modify" visible="true" version="1" lat="48.26433047298094" lon="11.66971582983615">
    <tag k="ele" v="520.6051349174231"/>
    <tag k="mgrs_code" v="32UPU9812149125"/>
  </node>
  <node id="32968" action="modify" visible="true" version="1" lat="48.264563217399704" lon="11.667744521479623">
    <tag k="ele" v="520.6232392387465"/>
    <tag k="mgrs_code" v="32UPU9797449146"/>
  </node>
  <node id="32972" action="modify" visible="true" version="1" lat="48.264974402557236" lon="11.670084531854268">
    <tag k="ele" v="520.4866760578007"/>
    <tag k="mgrs_code" v="32UPU9814649198"/>
  </node>
  <node id="32973" action="modify" visible="true" version="1" lat="48.264972462656054" lon="11.670100841160528">
    <tag k="ele" v="520.4973439406604"/>
    <tag k="mgrs_code" v="32UPU9814749198"/>
  </node>
  <node id="32974" action="modify" visible="true" version="1" lat="48.26496124260005" lon="11.670195164441873">
    <tag k="ele" v="520.5361675191671"/>
    <tag k="mgrs_code" v="32UPU9815449197"/>
  </node>
  <node id="32975" action="modify" visible="true" version="1" lat="48.26495025260372" lon="11.670289719162067">
    <tag k="ele" v="520.5176829984412"/>
    <tag k="mgrs_code" v="32UPU9816149196"/>
  </node>
  <node id="32976" action="modify" visible="true" version="1" lat="48.26494765610286" lon="11.670311316679333">
    <tag k="ele" v="520.4977838387713"/>
    <tag k="mgrs_code" v="32UPU9816349195"/>
  </node>
  <node id="32977" action="modify" visible="true" version="1" lat="48.2649453587896" lon="11.670332972597615">
    <tag k="ele" v="520.477827896364"/>
    <tag k="mgrs_code" v="32UPU9816449195"/>
  </node>
  <node id="32978" action="modify" visible="true" version="1" lat="48.264947923406" lon="11.670338532052734">
    <tag k="ele" v="520.5068710306659"/>
    <tag k="mgrs_code" v="32UPU9816549195"/>
  </node>
  <node id="32979" action="modify" visible="true" version="1" lat="48.264955390258976" lon="11.670352217002984">
    <tag k="ele" v="520.5080597447231"/>
    <tag k="mgrs_code" v="32UPU9816649196"/>
  </node>
  <node id="32980" action="modify" visible="true" version="1" lat="48.26495722650328" lon="11.67035573077846">
    <tag k="ele" v="520.502597800456"/>
    <tag k="mgrs_code" v="32UPU9816649197"/>
  </node>
  <node id="32981" action="modify" visible="true" version="1" lat="48.2649585577533" lon="11.670359148579058">
    <tag k="ele" v="520.4889320647344"/>
    <tag k="mgrs_code" v="32UPU9816649197"/>
  </node>
  <node id="32982" action="modify" visible="true" version="1" lat="48.264958802207545" lon="11.670360917597778">
    <tag k="ele" v="520.4769148100168"/>
    <tag k="mgrs_code" v="32UPU9816649197"/>
  </node>
  <node id="32983" action="modify" visible="true" version="1" lat="48.26495878485058" lon="11.670362635285471">
    <tag k="ele" v="520.4613212216645"/>
    <tag k="mgrs_code" v="32UPU9816649197"/>
  </node>
  <node id="32984" action="modify" visible="true" version="1" lat="48.26493552317133" lon="11.670077330071456">
    <tag k="ele" v="520.5700404457748"/>
    <tag k="mgrs_code" v="32UPU9814549193"/>
  </node>
  <node id="32985" action="modify" visible="true" version="1" lat="48.26491963541515" lon="11.67021492169615">
    <tag k="ele" v="520.5955502903089"/>
    <tag k="mgrs_code" v="32UPU9815649192"/>
  </node>
  <node id="32986" action="modify" visible="true" version="1" lat="48.26490509514999" lon="11.670338021609998">
    <tag k="ele" v="520.5668520092"/>
    <tag k="mgrs_code" v="32UPU9816549191"/>
  </node>
  <node id="32987" action="modify" visible="true" version="1" lat="48.26490671074" lon="11.67032434384">
    <tag k="ele" v="520.5700407071"/>
    <tag k="mgrs_code" v="32UPU9816449191"/>
  </node>
  <node id="32988" action="modify" visible="true" version="1" lat="48.26490832631999" lon="11.67031066607">
    <tag k="ele" v="520.573229405"/>
    <tag k="mgrs_code" v="32UPU9816349191"/>
  </node>
  <node id="32989" action="modify" visible="true" version="1" lat="48.26490994191" lon="11.67029698831">
    <tag k="ele" v="520.57641810291"/>
    <tag k="mgrs_code" v="32UPU9816249191"/>
  </node>
  <node id="32990" action="modify" visible="true" version="1" lat="48.264911557489995" lon="11.67028331054">
    <tag k="ele" v="520.57960680081"/>
    <tag k="mgrs_code" v="32UPU9816149191"/>
  </node>
  <node id="32991" action="modify" visible="true" version="1" lat="48.26491317308" lon="11.67026963277">
    <tag k="ele" v="520.58279549871"/>
    <tag k="mgrs_code" v="32UPU9816049191"/>
  </node>
  <node id="32992" action="modify" visible="true" version="1" lat="48.26491478866" lon="11.670255955">
    <tag k="ele" v="520.58598419661"/>
    <tag k="mgrs_code" v="32UPU9815949192"/>
  </node>
  <node id="32993" action="modify" visible="true" version="1" lat="48.26491640425001" lon="11.67024227723">
    <tag k="ele" v="520.58917289451"/>
    <tag k="mgrs_code" v="32UPU9815849192"/>
  </node>
  <node id="32994" action="modify" visible="true" version="1" lat="48.26491801983" lon="11.67022859946">
    <tag k="ele" v="520.59236159241"/>
    <tag k="mgrs_code" v="32UPU9815749192"/>
  </node>
  <node id="32995" action="modify" visible="true" version="1" lat="48.26490347956828" lon="11.670351699377681">
    <tag k="ele" v="520.5636633113027"/>
    <tag k="mgrs_code" v="32UPU9816649191"/>
  </node>
  <node id="33000" action="modify" visible="true" version="1" lat="48.264426325945806" lon="11.668657685953463">
    <tag k="ele" v="520.3688115421683"/>
    <tag k="mgrs_code" v="32UPU9804249133"/>
  </node>
  <node id="33001" action="modify" visible="true" version="1" lat="48.26438972847538" lon="11.668966747383605">
    <tag k="ele" v="520.4068738529459"/>
    <tag k="mgrs_code" v="32UPU9806549130"/>
  </node>
  <node id="33002" action="modify" visible="true" version="1" lat="48.26439829814295" lon="11.668650245596552">
    <tag k="ele" v="520.4966015806422"/>
    <tag k="mgrs_code" v="32UPU9804149130"/>
  </node>
  <node id="33003" action="modify" visible="true" version="1" lat="48.264370418269266" lon="11.668884673241305">
    <tag k="ele" v="520.4256289545447"/>
    <tag k="mgrs_code" v="32UPU9805949128"/>
  </node>
  <node id="33008" action="modify" visible="true" version="1" lat="48.264065512993454" lon="11.668171334939776">
    <tag k="ele" v="520.5558193586767"/>
    <tag k="mgrs_code" v="32UPU9800749092"/>
  </node>
  <node id="33009" action="modify" visible="true" version="1" lat="48.264064223601096" lon="11.66818152720488">
    <tag k="ele" v="520.5476802606136"/>
    <tag k="mgrs_code" v="32UPU9800849092"/>
  </node>
  <node id="33010" action="modify" visible="true" version="1" lat="48.26406117039039" lon="11.668205644199356">
    <tag k="ele" v="520.5280342642218"/>
    <tag k="mgrs_code" v="32UPU9801049091"/>
  </node>
  <node id="33011" action="modify" visible="true" version="1" lat="48.26405203410866" lon="11.668282063199106">
    <tag k="ele" v="520.5371376927942"/>
    <tag k="mgrs_code" v="32UPU9801549091"/>
  </node>
  <node id="33012" action="modify" visible="true" version="1" lat="48.26404623068025" lon="11.6683317042434">
    <tag k="ele" v="520.5361524512991"/>
    <tag k="mgrs_code" v="32UPU9801949090"/>
  </node>
  <node id="33013" action="modify" visible="true" version="1" lat="48.264040240308475" lon="11.66838130644272">
    <tag k="ele" v="520.5320685952902"/>
    <tag k="mgrs_code" v="32UPU9802349090"/>
  </node>
  <node id="33014" action="modify" visible="true" version="1" lat="48.2640302440976" lon="11.668161634052993">
    <tag k="ele" v="520.6427946006879"/>
    <tag k="mgrs_code" v="32UPU9800749088"/>
  </node>
  <node id="33015" action="modify" visible="true" version="1" lat="48.26402087595" lon="11.66824028231">
    <tag k="ele" v="520.6298756781"/>
    <tag k="mgrs_code" v="32UPU9801249087"/>
  </node>
  <node id="33016" action="modify" visible="true" version="1" lat="48.264023998659994" lon="11.66821406623">
    <tag k="ele" v="520.63418198563"/>
    <tag k="mgrs_code" v="32UPU9801149087"/>
  </node>
  <node id="33017" action="modify" visible="true" version="1" lat="48.264027121379996" lon="11.66818785014">
    <tag k="ele" v="520.63848829316"/>
    <tag k="mgrs_code" v="32UPU9800949088"/>
  </node>
  <node id="33018" action="modify" visible="true" version="1" lat="48.264017753229815" lon="11.668266498399092">
    <tag k="ele" v="520.6255693705752"/>
    <tag k="mgrs_code" v="32UPU9801449087"/>
  </node>
  <node id="33019" action="modify" visible="true" version="1" lat="48.2640047863455" lon="11.668371161880408">
    <tag k="ele" v="520.604527272284"/>
    <tag k="mgrs_code" v="32UPU9802249086"/>
  </node>
  <node id="33024" action="modify" visible="true" version="1" lat="48.26487355284213" lon="11.667341684687555">
    <tag k="ele" v="520.5338456127793"/>
    <tag k="mgrs_code" v="32UPU9794249179"/>
  </node>
  <node id="33025" action="modify" visible="true" version="1" lat="48.26489568528081" lon="11.667347054150879">
    <tag k="ele" v="520.5316140558571"/>
    <tag k="mgrs_code" v="32UPU9794349182"/>
  </node>
  <node id="33026" action="modify" visible="true" version="1" lat="48.26487400315169" lon="11.667436666617416">
    <tag k="ele" v="520.6935840668157"/>
    <tag k="mgrs_code" v="32UPU9795049180"/>
  </node>
  <node id="33027" action="modify" visible="true" version="1" lat="48.26490897348762" lon="11.667445487172374">
    <tag k="ele" v="520.6842741733417"/>
    <tag k="mgrs_code" v="32UPU9795049184"/>
  </node>
  <node id="33032" action="modify" visible="true" version="1" lat="48.26435284240004" lon="11.669275717263607">
    <tag k="ele" v="520.4546103831381"/>
    <tag k="mgrs_code" v="32UPU9808849127"/>
  </node>
  <node id="33033" action="modify" visible="true" version="1" lat="48.264380506959995" lon="11.66904398985">
    <tag k="ele" v="520.41880798549"/>
    <tag k="mgrs_code" v="32UPU9807149129"/>
  </node>
  <node id="33034" action="modify" visible="true" version="1" lat="48.26437128543999" lon="11.66912123232">
    <tag k="ele" v="520.43074211804"/>
    <tag k="mgrs_code" v="32UPU9807649128"/>
  </node>
  <node id="33035" action="modify" visible="true" version="1" lat="48.26436206391999" lon="11.66919847479">
    <tag k="ele" v="520.44267625059"/>
    <tag k="mgrs_code" v="32UPU9808249127"/>
  </node>
  <node id="33036" action="modify" visible="true" version="1" lat="48.26438972847538" lon="11.668966747383605">
    <tag k="ele" v="520.4068738529459"/>
    <tag k="mgrs_code" v="32UPU9806549130"/>
  </node>
  <node id="33037" action="modify" visible="true" version="1" lat="48.264426325945806" lon="11.668657685953463">
    <tag k="ele" v="520.3688115421683"/>
    <tag k="mgrs_code" v="32UPU9804249133"/>
  </node>
  <node id="33038" action="modify" visible="true" version="1" lat="48.26438095739626" lon="11.669283387917394">
    <tag k="ele" v="520.6215396532789"/>
    <tag k="mgrs_code" v="32UPU9808849130"/>
  </node>
  <node id="33039" action="modify" visible="true" version="1" lat="48.26438817918621" lon="11.66921658684249">
    <tag k="ele" v="520.581102388911"/>
    <tag k="mgrs_code" v="32UPU9808349130"/>
  </node>
  <node id="33040" action="modify" visible="true" version="1" lat="48.2643957309282" lon="11.669149869980213">
    <tag k="ele" v="520.5613071322441"/>
    <tag k="mgrs_code" v="32UPU9807949131"/>
  </node>
  <node id="33041" action="modify" visible="true" version="1" lat="48.2644195571245" lon="11.668950264622914">
    <tag k="ele" v="520.5691312775016"/>
    <tag k="mgrs_code" v="32UPU9806449133"/>
  </node>
  <node id="33042" action="modify" visible="true" version="1" lat="48.264443168086984" lon="11.668750550223441">
    <tag k="ele" v="520.5966873178259"/>
    <tag k="mgrs_code" v="32UPU9804949135"/>
  </node>
  <node id="33043" action="modify" visible="true" version="1" lat="48.264452891542255" lon="11.668664738155663">
    <tag k="ele" v="520.6121877701953"/>
    <tag k="mgrs_code" v="32UPU9804249136"/>
  </node>
  <node id="33048" action="modify" visible="true" version="1" lat="48.26425801594875" lon="11.66849232023141">
    <tag k="ele" v="520.5838283048943"/>
    <tag k="mgrs_code" v="32UPU9803049114"/>
  </node>
  <node id="33049" action="modify" visible="true" version="1" lat="48.26433067557459" lon="11.668512075161141">
    <tag k="ele" v="520.6136820362881"/>
    <tag k="mgrs_code" v="32UPU9803149122"/>
  </node>
  <node id="33050" action="modify" visible="true" version="1" lat="48.264373014040785" lon="11.668522606135015">
    <tag k="ele" v="520.5911554163322"/>
    <tag k="mgrs_code" v="32UPU9803249127"/>
  </node>
  <node id="33051" action="modify" visible="true" version="1" lat="48.264387067881096" lon="11.66852642679611">
    <tag k="ele" v="520.5758258560672"/>
    <tag k="mgrs_code" v="32UPU9803249128"/>
  </node>
  <node id="33052" action="modify" visible="true" version="1" lat="48.264316929164956" lon="11.668596966469888">
    <tag k="ele" v="520.4885143628344"/>
    <tag k="mgrs_code" v="32UPU9803849121"/>
  </node>
  <node id="33053" action="modify" visible="true" version="1" lat="48.26433956783" lon="11.66860293357">
    <tag k="ele" v="520.49382399768"/>
    <tag k="mgrs_code" v="32UPU9803849123"/>
  </node>
  <node id="33054" action="modify" visible="true" version="1" lat="48.26436220649589" lon="11.668608900667685">
    <tag k="ele" v="520.4991336325184"/>
    <tag k="mgrs_code" v="32UPU9803949126"/>
  </node>
  <node id="33055" action="modify" visible="true" version="1" lat="48.26437736966042" lon="11.668612471261001">
    <tag k="ele" v="520.5028645377606"/>
    <tag k="mgrs_code" v="32UPU9803949128"/>
  </node>
  <node id="33060" action="modify" visible="true" version="1" lat="48.26385401160329" lon="11.670348653988619">
    <tag k="ele" v="520.3589684562758"/>
    <tag k="mgrs_code" v="32UPU9817049074"/>
  </node>
  <node id="33061" action="modify" visible="true" version="1" lat="48.263857691064715" lon="11.670356916790768">
    <tag k="ele" v="520.3589664073661"/>
    <tag k="mgrs_code" v="32UPU9817049074"/>
  </node>
  <node id="33062" action="modify" visible="true" version="1" lat="48.26386168018076" lon="11.67036484541424">
    <tag k="ele" v="520.3589588096365"/>
    <tag k="mgrs_code" v="32UPU9817149075"/>
  </node>
  <node id="33063" action="modify" visible="true" version="1" lat="48.263870445708655" lon="11.670379696822495">
    <tag k="ele" v="520.358919176273"/>
    <tag k="mgrs_code" v="32UPU9817249076"/>
  </node>
  <node id="33064" action="modify" visible="true" version="1" lat="48.26388004356779" lon="11.670393266868892">
    <tag k="ele" v="520.3588339565322"/>
    <tag k="mgrs_code" v="32UPU9817349077"/>
  </node>
  <node id="33065" action="modify" visible="true" version="1" lat="48.26389024837455" lon="11.670405707902363">
    <tag k="ele" v="520.3586875647306"/>
    <tag k="mgrs_code" v="32UPU9817449078"/>
  </node>
  <node id="33066" action="modify" visible="true" version="1" lat="48.26389697011352" lon="11.670413003255675">
    <tag k="ele" v="520.3585682874545"/>
    <tag k="mgrs_code" v="32UPU9817449079"/>
  </node>
  <node id="33067" action="modify" visible="true" version="1" lat="48.2639039195301" lon="11.670419781679653">
    <tag k="ele" v="520.358440936543"/>
    <tag k="mgrs_code" v="32UPU9817549080"/>
  </node>
  <node id="33068" action="modify" visible="true" version="1" lat="48.26391107655064" lon="11.670426033852971">
    <tag k="ele" v="520.35830586683"/>
    <tag k="mgrs_code" v="32UPU9817549080"/>
  </node>
  <node id="33069" action="modify" visible="true" version="1" lat="48.26391842144865" lon="11.670431751717816">
    <tag k="ele" v="520.3581634266302"/>
    <tag k="mgrs_code" v="32UPU9817549081"/>
  </node>
  <node id="33070" action="modify" visible="true" version="1" lat="48.26392593491939" lon="11.670436928308224">
    <tag k="ele" v="520.3580139717087"/>
    <tag k="mgrs_code" v="32UPU9817649082"/>
  </node>
  <node id="33071" action="modify" visible="true" version="1" lat="48.26393359813746" lon="11.67044155759767">
    <tag k="ele" v="520.3578578447923"/>
    <tag k="mgrs_code" v="32UPU9817649083"/>
  </node>
  <node id="33072" action="modify" visible="true" version="1" lat="48.26394139280092" lon="11.670445634367757">
    <tag k="ele" v="520.3576954016462"/>
    <tag k="mgrs_code" v="32UPU9817649084"/>
  </node>
  <node id="33073" action="modify" visible="true" version="1" lat="48.263949301168296" lon="11.670449154099398">
    <tag k="ele" v="520.3575269943103"/>
    <tag k="mgrs_code" v="32UPU9817749085"/>
  </node>
  <node id="33074" action="modify" visible="true" version="1" lat="48.263959311481514" lon="11.67045273988088">
    <tag k="ele" v="520.3596693407744"/>
    <tag k="mgrs_code" v="32UPU9817749086"/>
  </node>
  <node id="33075" action="modify" visible="true" version="1" lat="48.263969442900546" lon="11.670455395363385">
    <tag k="ele" v="520.3646347410977"/>
    <tag k="mgrs_code" v="32UPU9817749087"/>
  </node>
  <node id="33076" action="modify" visible="true" version="1" lat="48.26397965892231" lon="11.670457104508698">
    <tag k="ele" v="520.3695892011747"/>
    <tag k="mgrs_code" v="32UPU9817749088"/>
  </node>
  <node id="33077" action="modify" visible="true" version="1" lat="48.26398992275898" lon="11.670457853589618">
    <tag k="ele" v="520.3716987250373"/>
    <tag k="mgrs_code" v="32UPU9817749089"/>
  </node>
  <node id="33078" action="modify" visible="true" version="1" lat="48.26399670543623" lon="11.670457838035702">
    <tag k="ele" v="520.3712706333026"/>
    <tag k="mgrs_code" v="32UPU9817749090"/>
  </node>
  <node id="33079" action="modify" visible="true" version="1" lat="48.264010253203146" lon="11.670456607256694">
    <tag k="ele" v="520.3692844007164"/>
    <tag k="mgrs_code" v="32UPU9817749092"/>
  </node>
  <node id="33080" action="modify" visible="true" version="1" lat="48.26402034347" lon="11.670454395280002">
    <tag k="ele" v="520.3673620231"/>
    <tag k="mgrs_code" v="32UPU9817749093"/>
  </node>
  <node id="33081" action="modify" visible="true" version="1" lat="48.264016980049995" lon="11.6704551326">
    <tag k="ele" v="520.36800281564"/>
    <tag k="mgrs_code" v="32UPU9817749092"/>
  </node>
  <node id="33082" action="modify" visible="true" version="1" lat="48.26401361663" lon="11.67045586993">
    <tag k="ele" v="520.36864360818"/>
    <tag k="mgrs_code" v="32UPU9817749092"/>
  </node>
  <node id="33083" action="modify" visible="true" version="1" lat="48.2640237068985" lon="11.6704536579483">
    <tag k="ele" v="520.366721230559"/>
    <tag k="mgrs_code" v="32UPU9817749093"/>
  </node>
  <node id="33084" action="modify" visible="true" version="1" lat="48.26403036509554" lon="11.670451498908664">
    <tag k="ele" v="520.3655719663948"/>
    <tag k="mgrs_code" v="32UPU9817749094"/>
  </node>
  <node id="33085" action="modify" visible="true" version="1" lat="48.264043813534315" lon="11.670445774476267">
    <tag k="ele" v="520.3642354235053"/>
    <tag k="mgrs_code" v="32UPU9817649095"/>
  </node>
  <node id="33086" action="modify" visible="true" version="1" lat="48.26404934424706" lon="11.670442898215613">
    <tag k="ele" v="520.3644120860845"/>
    <tag k="mgrs_code" v="32UPU9817649096"/>
  </node>
  <node id="33087" action="modify" visible="true" version="1" lat="48.26406015475633" lon="11.670436328812462">
    <tag k="ele" v="520.3662961954251"/>
    <tag k="mgrs_code" v="32UPU9817549097"/>
  </node>
  <node id="33088" action="modify" visible="true" version="1" lat="48.26406542384283" lon="11.670432640104845">
    <tag k="ele" v="520.3676184266806"/>
    <tag k="mgrs_code" v="32UPU9817549098"/>
  </node>
  <node id="33089" action="modify" visible="true" version="1" lat="48.2640756669083" lon="11.670424470744015">
    <tag k="ele" v="520.370060198009"/>
    <tag k="mgrs_code" v="32UPU9817449099"/>
  </node>
  <node id="33090" action="modify" visible="true" version="1" lat="48.264085493886554" lon="11.670415274584613">
    <tag k="ele" v="520.3709476664662"/>
    <tag k="mgrs_code" v="32UPU9817449100"/>
  </node>
  <node id="33091" action="modify" visible="true" version="1" lat="48.26409226261528" lon="11.670408102977659">
    <tag k="ele" v="520.3705734713003"/>
    <tag k="mgrs_code" v="32UPU9817349101"/>
  </node>
  <node id="33092" action="modify" visible="true" version="1" lat="48.26409880832336" lon="11.670400445629365">
    <tag k="ele" v="520.3700341796502"/>
    <tag k="mgrs_code" v="32UPU9817249101"/>
  </node>
  <node id="33093" action="modify" visible="true" version="1" lat="48.26410511258576" lon="11.670392292371032">
    <tag k="ele" v="520.3693382032216"/>
    <tag k="mgrs_code" v="32UPU9817249102"/>
  </node>
  <node id="33094" action="modify" visible="true" version="1" lat="48.26411115620574" lon="11.670383640882395">
    <tag k="ele" v="520.3684843014926"/>
    <tag k="mgrs_code" v="32UPU9817149103"/>
  </node>
  <node id="33095" action="modify" visible="true" version="1" lat="48.26411691977546" lon="11.67037449661369">
    <tag k="ele" v="520.3674711557105"/>
    <tag k="mgrs_code" v="32UPU9817049103"/>
  </node>
  <node id="33096" action="modify" visible="true" version="1" lat="48.264122384254435" lon="11.670364872255217">
    <tag k="ele" v="520.3662974471226"/>
    <tag k="mgrs_code" v="32UPU9817049104"/>
  </node>
  <node id="33097" action="modify" visible="true" version="1" lat="48.26412753148983" lon="11.670354786816793">
    <tag k="ele" v="520.364961870946"/>
    <tag k="mgrs_code" v="32UPU9816949104"/>
  </node>
  <node id="33098" action="modify" visible="true" version="1" lat="48.26413234461934" lon="11.670344264430982">
    <tag k="ele" v="520.3634630991146"/>
    <tag k="mgrs_code" v="32UPU9816849105"/>
  </node>
  <node id="33099" action="modify" visible="true" version="1" lat="48.26413662622475" lon="11.6703338959545">
    <tag k="ele" v="520.3618468372151"/>
    <tag k="mgrs_code" v="32UPU9816749105"/>
  </node>
  <node id="33100" action="modify" visible="true" version="1" lat="48.264140643327806" lon="11.67032323204917">
    <tag k="ele" v="520.3600223436952"/>
    <tag k="mgrs_code" v="32UPU9816749106"/>
  </node>
  <node id="33101" action="modify" visible="true" version="1" lat="48.26414791126042" lon="11.67030112939806">
    <tag k="ele" v="520.3558452567086"/>
    <tag k="mgrs_code" v="32UPU9816549106"/>
  </node>
  <node id="33102" action="modify" visible="true" version="1" lat="48.2638243513797" lon="11.670376549264596">
    <tag k="ele" v="520.483535733074"/>
    <tag k="mgrs_code" v="32UPU9817249071"/>
  </node>
  <node id="33103" action="modify" visible="true" version="1" lat="48.2638294174659" lon="11.670387963271027">
    <tag k="ele" v="520.4828886920586"/>
    <tag k="mgrs_code" v="32UPU9817349071"/>
  </node>
  <node id="33104" action="modify" visible="true" version="1" lat="48.26383489690583" lon="11.670398928779063">
    <tag k="ele" v="520.4822365725413"/>
    <tag k="mgrs_code" v="32UPU9817349072"/>
  </node>
  <node id="33105" action="modify" visible="true" version="1" lat="48.26384075392115" lon="11.670409427725085">
    <tag k="ele" v="520.4815793819726"/>
    <tag k="mgrs_code" v="32UPU9817449073"/>
  </node>
  <node id="33106" action="modify" visible="true" version="1" lat="48.26384695359657" lon="11.670419449238784">
    <tag k="ele" v="520.4809171184897"/>
    <tag k="mgrs_code" v="32UPU9817549073"/>
  </node>
  <node id="33107" action="modify" visible="true" version="1" lat="48.26385346247874" lon="11.670428989181508">
    <tag k="ele" v="520.4802497783676"/>
    <tag k="mgrs_code" v="32UPU9817649074"/>
  </node>
  <node id="33108" action="modify" visible="true" version="1" lat="48.26386024910216" lon="11.670438049564732">
    <tag k="ele" v="520.4795773681253"/>
    <tag k="mgrs_code" v="32UPU9817649075"/>
  </node>
  <node id="33109" action="modify" visible="true" version="1" lat="48.26386728443748" lon="11.670446637884579">
    <tag k="ele" v="520.478899882175"/>
    <tag k="mgrs_code" v="32UPU9817749076"/>
  </node>
  <node id="33110" action="modify" visible="true" version="1" lat="48.26387454226407" lon="11.670454766402928">
    <tag k="ele" v="520.4782173205167"/>
    <tag k="mgrs_code" v="32UPU9817749076"/>
  </node>
  <node id="33111" action="modify" visible="true" version="1" lat="48.263882552894096" lon="11.670462926593965">
    <tag k="ele" v="520.4774747090414"/>
    <tag k="mgrs_code" v="32UPU9817849077"/>
  </node>
  <node id="33112" action="modify" visible="true" version="1" lat="48.26389081161932" lon="11.67047048099146">
    <tag k="ele" v="520.4767171237618"/>
    <tag k="mgrs_code" v="32UPU9817849078"/>
  </node>
  <node id="33113" action="modify" visible="true" version="1" lat="48.26389929632932" lon="11.670477421147504">
    <tag k="ele" v="520.4759500669315"/>
    <tag k="mgrs_code" v="32UPU9817949079"/>
  </node>
  <node id="33114" action="modify" visible="true" version="1" lat="48.26390798572715" lon="11.670483740036506">
    <tag k="ele" v="520.4751790259033"/>
    <tag k="mgrs_code" v="32UPU9817949080"/>
  </node>
  <node id="33115" action="modify" visible="true" version="1" lat="48.26391685932228" lon="11.670489431734941">
    <tag k="ele" v="520.4744094954804"/>
    <tag k="mgrs_code" v="32UPU9818049081"/>
  </node>
  <node id="33116" action="modify" visible="true" version="1" lat="48.26392589739019" lon="11.670494491148313">
    <tag k="ele" v="520.4736469713971"/>
    <tag k="mgrs_code" v="32UPU9818049082"/>
  </node>
  <node id="33117" action="modify" visible="true" version="1" lat="48.26393508090611" lon="11.67049891379075">
    <tag k="ele" v="520.4728969419375"/>
    <tag k="mgrs_code" v="32UPU9818049083"/>
  </node>
  <node id="33118" action="modify" visible="true" version="1" lat="48.2639443914634" lon="11.670502695621995">
    <tag k="ele" v="520.472164908424"/>
    <tag k="mgrs_code" v="32UPU9818149084"/>
  </node>
  <node id="33119" action="modify" visible="true" version="1" lat="48.26395498575662" lon="11.670506187926907">
    <tag k="ele" v="520.4713669950143"/>
    <tag k="mgrs_code" v="32UPU9818149086"/>
  </node>
  <node id="33120" action="modify" visible="true" version="1" lat="48.26396569409145" lon="11.670508860366462">
    <tag k="ele" v="520.4705850686878"/>
    <tag k="mgrs_code" v="32UPU9818149087"/>
  </node>
  <node id="33121" action="modify" visible="true" version="1" lat="48.2639764937487" lon="11.670510674657201">
    <tag k="ele" v="520.4698046632111"/>
    <tag k="mgrs_code" v="32UPU9818149088"/>
  </node>
  <node id="33122" action="modify" visible="true" version="1" lat="48.26398735720118" lon="11.670511592845079">
    <tag k="ele" v="520.4690113235265"/>
    <tag k="mgrs_code" v="32UPU9818149089"/>
  </node>
  <node id="33123" action="modify" visible="true" version="1" lat="48.26399516980062" lon="11.670511697108253">
    <tag k="ele" v="520.4684340115637"/>
    <tag k="mgrs_code" v="32UPU9818149090"/>
  </node>
  <node id="33124" action="modify" visible="true" version="1" lat="48.26401079878057" lon="11.670510531020552">
    <tag k="ele" v="520.4672731310129"/>
    <tag k="mgrs_code" v="32UPU9818149092"/>
  </node>
  <node id="33125" action="modify" visible="true" version="1" lat="48.26402634918246" lon="11.670507473371593">
    <tag k="ele" v="520.4660934619606"/>
    <tag k="mgrs_code" v="32UPU9818149093"/>
  </node>
  <node id="33126" action="modify" visible="true" version="1" lat="48.264034059763034" lon="11.670505218075684">
    <tag k="ele" v="520.465492661111"/>
    <tag k="mgrs_code" v="32UPU9818049094"/>
  </node>
  <node id="33127" action="modify" visible="true" version="1" lat="48.26404911380494" lon="11.670499384534168">
    <tag k="ele" v="520.464261286892"/>
    <tag k="mgrs_code" v="32UPU9818049096"/>
  </node>
  <node id="33128" action="modify" visible="true" version="1" lat="48.264056374639914" lon="11.670495958533449">
    <tag k="ele" v="520.4636510154232"/>
    <tag k="mgrs_code" v="32UPU9818049097"/>
  </node>
  <node id="33129" action="modify" visible="true" version="1" lat="48.26407071212211" lon="11.670487961188531">
    <tag k="ele" v="520.4624424409121"/>
    <tag k="mgrs_code" v="32UPU9817949098"/>
  </node>
  <node id="33130" action="modify" visible="true" version="1" lat="48.264084709460796" lon="11.67047836685879">
    <tag k="ele" v="520.4611894628033"/>
    <tag k="mgrs_code" v="32UPU9817849100"/>
  </node>
  <node id="33131" action="modify" visible="true" version="1" lat="48.26409823984652" lon="11.670467131240905">
    <tag k="ele" v="520.4598196558654"/>
    <tag k="mgrs_code" v="32UPU9817749101"/>
  </node>
  <node id="33132" action="modify" visible="true" version="1" lat="48.264104788157574" lon="11.670460899154348">
    <tag k="ele" v="520.4590683002025"/>
    <tag k="mgrs_code" v="32UPU9817749102"/>
  </node>
  <node id="33133" action="modify" visible="true" version="1" lat="48.26411173686232" lon="11.670453649279146">
    <tag k="ele" v="520.4581051133573"/>
    <tag k="mgrs_code" v="32UPU9817649103"/>
  </node>
  <node id="33134" action="modify" visible="true" version="1" lat="48.264118470005734" lon="11.670445941599889">
    <tag k="ele" v="520.4569680951536"/>
    <tag k="mgrs_code" v="32UPU9817649104"/>
  </node>
  <node id="33135" action="modify" visible="true" version="1" lat="48.26412497222295" lon="11.670437799318078">
    <tag k="ele" v="520.45574744232"/>
    <tag k="mgrs_code" v="32UPU9817549104"/>
  </node>
  <node id="33136" action="modify" visible="true" version="1" lat="48.26413123095828" lon="11.670429249242806">
    <tag k="ele" v="520.4545259429142"/>
    <tag k="mgrs_code" v="32UPU9817449105"/>
  </node>
  <node id="33137" action="modify" visible="true" version="1" lat="48.26414298370746" lon="11.670411045619305">
    <tag k="ele" v="520.4524060450494"/>
    <tag k="mgrs_code" v="32UPU9817349106"/>
  </node>
  <node id="33138" action="modify" visible="true" version="1" lat="48.264153692773064" lon="11.67039158238265">
    <tag k="ele" v="520.45125965029"/>
    <tag k="mgrs_code" v="32UPU9817249107"/>
  </node>
  <node id="33139" action="modify" visible="true" version="1" lat="48.26416063425543" lon="11.670377301331646">
    <tag k="ele" v="520.4583851955831"/>
    <tag k="mgrs_code" v="32UPU9817149108"/>
  </node>
  <node id="33140" action="modify" visible="true" version="1" lat="48.26416700434725" lon="11.670362526558355">
    <tag k="ele" v="520.4655115026981"/>
    <tag k="mgrs_code" v="32UPU9816949109"/>
  </node>
  <node id="33141" action="modify" visible="true" version="1" lat="48.264170665495534" lon="11.670353046870577">
    <tag k="ele" v="520.4645831417292"/>
    <tag k="mgrs_code" v="32UPU9816949109"/>
  </node>
  <node id="33142" action="modify" visible="true" version="1" lat="48.26417726022536" lon="11.670333626971331">
    <tag k="ele" v="520.4583166409284"/>
    <tag k="mgrs_code" v="32UPU9816749110"/>
  </node>
  <node id="33143" action="modify" visible="true" version="1" lat="48.264180117264075" lon="11.670323666290448">
    <tag k="ele" v="520.452977469191"/>
    <tag k="mgrs_code" v="32UPU9816649110"/>
  </node>
  <node id="33148" action="modify" visible="true" version="1" lat="48.264389792493986" lon="11.668526997986422">
    <tag k="ele" v="520.5602468093857"/>
    <tag k="mgrs_code" v="32UPU9803249129"/>
  </node>
  <node id="33149" action="modify" visible="true" version="1" lat="48.264378172870686" lon="11.66861262712399">
    <tag k="ele" v="520.5044779395685"/>
    <tag k="mgrs_code" v="32UPU9803949128"/>
  </node>
  <node id="33154" action="modify" visible="true" version="1" lat="48.26418378815927" lon="11.67067560093932">
    <tag k="ele" v="520.5105699161068"/>
    <tag k="mgrs_code" v="32UPU9819349111"/>
  </node>
  <node id="33155" action="modify" visible="true" version="1" lat="48.26418072178973" lon="11.670695201505064">
    <tag k="ele" v="520.5158727345988"/>
    <tag k="mgrs_code" v="32UPU9819449111"/>
  </node>
  <node id="33156" action="modify" visible="true" version="1" lat="48.26417972382159" lon="11.6706998682091">
    <tag k="ele" v="520.518968205899"/>
    <tag k="mgrs_code" v="32UPU9819449111"/>
  </node>
  <node id="33157" action="modify" visible="true" version="1" lat="48.26417238428868" lon="11.670722540343887">
    <tag k="ele" v="520.5435732053593"/>
    <tag k="mgrs_code" v="32UPU9819649110"/>
  </node>
  <node id="33158" action="modify" visible="true" version="1" lat="48.264171280093436" lon="11.67072718012418">
    <tag k="ele" v="520.5503491004929"/>
    <tag k="mgrs_code" v="32UPU9819649110"/>
  </node>
  <node id="33159" action="modify" visible="true" version="1" lat="48.26417057470309" lon="11.670731936712201">
    <tag k="ele" v="520.5577530739829"/>
    <tag k="mgrs_code" v="32UPU9819749110"/>
  </node>
  <node id="33160" action="modify" visible="true" version="1" lat="48.26413956260424" lon="11.670683075827078">
    <tag k="ele" v="520.4405893972144"/>
    <tag k="mgrs_code" v="32UPU9819349106"/>
  </node>
  <node id="33161" action="modify" visible="true" version="1" lat="48.26413477682" lon="11.67071361572">
    <tag k="ele" v="520.44342952948"/>
    <tag k="mgrs_code" v="32UPU9819649106"/>
  </node>
  <node id="33162" action="modify" visible="true" version="1" lat="48.26413597325999" lon="11.67070598075">
    <tag k="ele" v="520.44271949641"/>
    <tag k="mgrs_code" v="32UPU9819549106"/>
  </node>
  <node id="33163" action="modify" visible="true" version="1" lat="48.26413716970999" lon="11.670698345769999">
    <tag k="ele" v="520.44200946335"/>
    <tag k="mgrs_code" v="32UPU9819449106"/>
  </node>
  <node id="33164" action="modify" visible="true" version="1" lat="48.26413836616001" lon="11.6706907108">
    <tag k="ele" v="520.44129943028"/>
    <tag k="mgrs_code" v="32UPU9819449106"/>
  </node>
  <node id="33165" action="modify" visible="true" version="1" lat="48.26413358036784" lon="11.670721250696387">
    <tag k="ele" v="520.4441395625472"/>
    <tag k="mgrs_code" v="32UPU9819649106"/>
  </node>
  <node id="33170" action="modify" visible="true" version="1" lat="48.26420982931346" lon="11.669836808382588">
    <tag k="ele" v="520.3820864828303"/>
    <tag k="mgrs_code" v="32UPU9813049112"/>
  </node>
  <node id="33171" action="modify" visible="true" version="1" lat="48.264211307364384" lon="11.669828971971627">
    <tag k="ele" v="520.3879198143259"/>
    <tag k="mgrs_code" v="32UPU9813049112"/>
  </node>
  <node id="33172" action="modify" visible="true" version="1" lat="48.264213351684965" lon="11.669820708496683">
    <tag k="ele" v="520.3938230480999"/>
    <tag k="mgrs_code" v="32UPU9812949112"/>
  </node>
  <node id="33173" action="modify" visible="true" version="1" lat="48.264216248113186" lon="11.669811918786113">
    <tag k="ele" v="520.3996786056086"/>
    <tag k="mgrs_code" v="32UPU9812849113"/>
  </node>
  <node id="33174" action="modify" visible="true" version="1" lat="48.26422050773455" lon="11.669802616444818">
    <tag k="ele" v="520.4053689232096"/>
    <tag k="mgrs_code" v="32UPU9812849113"/>
  </node>
  <node id="33175" action="modify" visible="true" version="1" lat="48.264223382687746" lon="11.66979791604917">
    <tag k="ele" v="520.408115375787"/>
    <tag k="mgrs_code" v="32UPU9812749114"/>
  </node>
  <node id="33176" action="modify" visible="true" version="1" lat="48.264226875384196" lon="11.669793416811883">
    <tag k="ele" v="520.4107764270157"/>
    <tag k="mgrs_code" v="32UPU9812749114"/>
  </node>
  <node id="33177" action="modify" visible="true" version="1" lat="48.264230994776646" lon="11.669789435297744">
    <tag k="ele" v="520.4133373806253"/>
    <tag k="mgrs_code" v="32UPU9812749114"/>
  </node>
  <node id="33178" action="modify" visible="true" version="1" lat="48.26423560553476" lon="11.66978633559398">
    <tag k="ele" v="520.4157835422084"/>
    <tag k="mgrs_code" v="32UPU9812649115"/>
  </node>
  <node id="33179" action="modify" visible="true" version="1" lat="48.26424042966207" lon="11.669784369409589">
    <tag k="ele" v="520.4181351587176"/>
    <tag k="mgrs_code" v="32UPU9812649115"/>
  </node>
  <node id="33180" action="modify" visible="true" version="1" lat="48.2642451557953" lon="11.669783550951559">
    <tag k="ele" v="520.4204813437536"/>
    <tag k="mgrs_code" v="32UPU9812649116"/>
  </node>
  <node id="33181" action="modify" visible="true" version="1" lat="48.26424956572339" lon="11.669783692037113">
    <tag k="ele" v="520.4228265285492"/>
    <tag k="mgrs_code" v="32UPU9812649116"/>
  </node>
  <node id="33182" action="modify" visible="true" version="1" lat="48.264253572606066" lon="11.6697845353924">
    <tag k="ele" v="520.4251696066931"/>
    <tag k="mgrs_code" v="32UPU9812649117"/>
  </node>
  <node id="33183" action="modify" visible="true" version="1" lat="48.26426070754272" lon="11.669787635836883">
    <tag k="ele" v="520.4298450574279"/>
    <tag k="mgrs_code" v="32UPU9812649118"/>
  </node>
  <node id="33184" action="modify" visible="true" version="1" lat="48.26426436973143" lon="11.669790080477854">
    <tag k="ele" v="520.4321752293035"/>
    <tag k="mgrs_code" v="32UPU9812749118"/>
  </node>
  <node id="33185" action="modify" visible="true" version="1" lat="48.2642680589852" lon="11.669793316122835">
    <tag k="ele" v="520.4344989024103"/>
    <tag k="mgrs_code" v="32UPU9812749118"/>
  </node>
  <node id="33186" action="modify" visible="true" version="1" lat="48.26427162112458" lon="11.669797415940675">
    <tag k="ele" v="520.4368149787188"/>
    <tag k="mgrs_code" v="32UPU9812749119"/>
  </node>
  <node id="33187" action="modify" visible="true" version="1" lat="48.26427485521842" lon="11.66980231791833">
    <tag k="ele" v="520.4391223546118"/>
    <tag k="mgrs_code" v="32UPU9812749119"/>
  </node>
  <node id="33188" action="modify" visible="true" version="1" lat="48.264277580053744" lon="11.669807798831494">
    <tag k="ele" v="520.44141993206"/>
    <tag k="mgrs_code" v="32UPU9812849120"/>
  </node>
  <node id="33189" action="modify" visible="true" version="1" lat="48.26427970614326" lon="11.669813544984672">
    <tag k="ele" v="520.443706615828"/>
    <tag k="mgrs_code" v="32UPU9812849120"/>
  </node>
  <node id="33190" action="modify" visible="true" version="1" lat="48.26428125310927" lon="11.669819271899923">
    <tag k="ele" v="520.4459813022986"/>
    <tag k="mgrs_code" v="32UPU9812949120"/>
  </node>
  <node id="33191" action="modify" visible="true" version="1" lat="48.2642823100845" lon="11.669824797633183">
    <tag k="ele" v="520.4482428962365"/>
    <tag k="mgrs_code" v="32UPU9812949120"/>
  </node>
  <node id="33192" action="modify" visible="true" version="1" lat="48.264283376316975" lon="11.66983499636561">
    <tag k="ele" v="520.4527223994955"/>
    <tag k="mgrs_code" v="32UPU9813049120"/>
  </node>
  <node id="33193" action="modify" visible="true" version="1" lat="48.26428359292286" lon="11.66984412788331">
    <tag k="ele" v="520.4571363376454"/>
    <tag k="mgrs_code" v="32UPU9813049120"/>
  </node>
  <node id="33194" action="modify" visible="true" version="1" lat="48.26428336596126" lon="11.669852453833675">
    <tag k="ele" v="520.4614759143442"/>
    <tag k="mgrs_code" v="32UPU9813149120"/>
  </node>
  <node id="33195" action="modify" visible="true" version="1" lat="48.26423934845532" lon="11.669847044612837">
    <tag k="ele" v="520.4063433278352"/>
    <tag k="mgrs_code" v="32UPU9813149115"/>
  </node>
  <node id="33196" action="modify" visible="true" version="1" lat="48.26424148634234" lon="11.669840126716993">
    <tag k="ele" v="520.4053244926035"/>
    <tag k="mgrs_code" v="32UPU9813049116"/>
  </node>
  <node id="33197" action="modify" visible="true" version="1" lat="48.264243659415406" lon="11.669834438601825">
    <tag k="ele" v="520.4051076639444"/>
    <tag k="mgrs_code" v="32UPU9813049116"/>
  </node>
  <node id="33198" action="modify" visible="true" version="1" lat="48.26424562327912" lon="11.669830804730587">
    <tag k="ele" v="520.4058420844376"/>
    <tag k="mgrs_code" v="32UPU9813049116"/>
  </node>
  <node id="33199" action="modify" visible="true" version="1" lat="48.264246725086686" lon="11.669829599028247">
    <tag k="ele" v="520.4076769975945"/>
    <tag k="mgrs_code" v="32UPU9813049116"/>
  </node>
  <node id="33200" action="modify" visible="true" version="1" lat="48.264248728996265" lon="11.669828600632567">
    <tag k="ele" v="520.4111276399344"/>
    <tag k="mgrs_code" v="32UPU9812949116"/>
  </node>
  <node id="33201" action="modify" visible="true" version="1" lat="48.26425094799" lon="11.669828822079998">
    <tag k="ele" v="520.41272132019"/>
    <tag k="mgrs_code" v="32UPU9812949117"/>
  </node>
  <node id="33202" action="modify" visible="true" version="1" lat="48.26425077729999" lon="11.669828805039998">
    <tag k="ele" v="520.4125987294"/>
    <tag k="mgrs_code" v="32UPU9812949117"/>
  </node>
  <node id="33203" action="modify" visible="true" version="1" lat="48.26425060660999" lon="11.669828788009998">
    <tag k="ele" v="520.41247613861"/>
    <tag k="mgrs_code" v="32UPU9812949117"/>
  </node>
  <node id="33204" action="modify" visible="true" version="1" lat="48.26425043592" lon="11.669828770979999">
    <tag k="ele" v="520.41235354782"/>
    <tag k="mgrs_code" v="32UPU9812949117"/>
  </node>
  <node id="33205" action="modify" visible="true" version="1" lat="48.26425026522" lon="11.66982875394">
    <tag k="ele" v="520.41223095703"/>
    <tag k="mgrs_code" v="32UPU9812949117"/>
  </node>
  <node id="33206" action="modify" visible="true" version="1" lat="48.264250094530006" lon="11.66982873691">
    <tag k="ele" v="520.41210836624"/>
    <tag k="mgrs_code" v="32UPU9812949117"/>
  </node>
  <node id="33207" action="modify" visible="true" version="1" lat="48.264249923840005" lon="11.66982871987">
    <tag k="ele" v="520.41198577546"/>
    <tag k="mgrs_code" v="32UPU9812949117"/>
  </node>
  <node id="33208" action="modify" visible="true" version="1" lat="48.26424975315" lon="11.66982870284">
    <tag k="ele" v="520.41186318467"/>
    <tag k="mgrs_code" v="32UPU9812949117"/>
  </node>
  <node id="33209" action="modify" visible="true" version="1" lat="48.26424958246001" lon="11.6698286858">
    <tag k="ele" v="520.41174059388"/>
    <tag k="mgrs_code" v="32UPU9812949117"/>
  </node>
  <node id="33210" action="modify" visible="true" version="1" lat="48.26424941175999" lon="11.66982866877">
    <tag k="ele" v="520.41161800309"/>
    <tag k="mgrs_code" v="32UPU9812949116"/>
  </node>
  <node id="33211" action="modify" visible="true" version="1" lat="48.26424924106999" lon="11.669828651740001">
    <tag k="ele" v="520.4114954123"/>
    <tag k="mgrs_code" v="32UPU9812949116"/>
  </node>
  <node id="33212" action="modify" visible="true" version="1" lat="48.26424907037999" lon="11.6698286347">
    <tag k="ele" v="520.41137282151"/>
    <tag k="mgrs_code" v="32UPU9812949116"/>
  </node>
  <node id="33213" action="modify" visible="true" version="1" lat="48.26424889968999" lon="11.669828617669998">
    <tag k="ele" v="520.41125023072"/>
    <tag k="mgrs_code" v="32UPU9812949116"/>
  </node>
  <node id="33214" action="modify" visible="true" version="1" lat="48.26425111868539" lon="11.66982883911366">
    <tag k="ele" v="520.4128439109772"/>
    <tag k="mgrs_code" v="32UPU9812949117"/>
  </node>
  <node id="33215" action="modify" visible="true" version="1" lat="48.26425290742029" lon="11.66982970805237">
    <tag k="ele" v="520.4144661091268"/>
    <tag k="mgrs_code" v="32UPU9813049117"/>
  </node>
  <node id="33216" action="modify" visible="true" version="1" lat="48.26425423760572" lon="11.669831452857512">
    <tag k="ele" v="520.4160872856155"/>
    <tag k="mgrs_code" v="32UPU9813049117"/>
  </node>
  <node id="33217" action="modify" visible="true" version="1" lat="48.264255262153384" lon="11.669834974947815">
    <tag k="ele" v="520.4168037492782"/>
    <tag k="mgrs_code" v="32UPU9813049117"/>
  </node>
  <node id="33218" action="modify" visible="true" version="1" lat="48.2642557823089" lon="11.669840924288481">
    <tag k="ele" v="520.4167914185673"/>
    <tag k="mgrs_code" v="32UPU9813049117"/>
  </node>
  <node id="33219" action="modify" visible="true" version="1" lat="48.26425558923221" lon="11.669848328148625">
    <tag k="ele" v="520.4162262212485"/>
    <tag k="mgrs_code" v="32UPU9813149117"/>
  </node>
  <node id="33224" action="modify" visible="true" version="1" lat="48.264204699637226" lon="11.669877924324604">
    <tag k="ele" v="520.3693661112338"/>
    <tag k="mgrs_code" v="32UPU9813349112"/>
  </node>
  <node id="33225" action="modify" visible="true" version="1" lat="48.26420684808523" lon="11.66985711835862">
    <tag k="ele" v="520.3753822660074"/>
    <tag k="mgrs_code" v="32UPU9813249112"/>
  </node>
  <node id="33226" action="modify" visible="true" version="1" lat="48.26420823983" lon="11.66984639985">
    <tag k="ele" v="520.38100537518"/>
    <tag k="mgrs_code" v="32UPU9813149112"/>
  </node>
  <node id="33227" action="modify" visible="true" version="1" lat="48.26423403498098" lon="11.669885519164682">
    <tag k="ele" v="520.425216906704"/>
    <tag k="mgrs_code" v="32UPU9813449115"/>
  </node>
  <node id="33228" action="modify" visible="true" version="1" lat="48.26423479334441" lon="11.669879040225839">
    <tag k="ele" v="520.4251085901633"/>
    <tag k="mgrs_code" v="32UPU9813349115"/>
  </node>
  <node id="33229" action="modify" visible="true" version="1" lat="48.26423620854525" lon="11.669866942636004">
    <tag k="ele" v="520.4249123996124"/>
    <tag k="mgrs_code" v="32UPU9813249115"/>
  </node>
  <node id="33234" action="modify" visible="true" version="1" lat="48.26418139989651" lon="11.670735063631453">
    <tag k="ele" v="520.5470326365903"/>
    <tag k="mgrs_code" v="32UPU9819749111"/>
  </node>
  <node id="33235" action="modify" visible="true" version="1" lat="48.26418194795041" lon="11.670725504916732">
    <tag k="ele" v="520.5372311240062"/>
    <tag k="mgrs_code" v="32UPU9819649111"/>
  </node>
  <node id="33236" action="modify" visible="true" version="1" lat="48.26418220395025" lon="11.670706175892917">
    <tag k="ele" v="520.521475915797"/>
    <tag k="mgrs_code" v="32UPU9819549111"/>
  </node>
  <node id="33237" action="modify" visible="true" version="1" lat="48.2641825920941" lon="11.670696602098566">
    <tag k="ele" v="520.5154594928026"/>
    <tag k="mgrs_code" v="32UPU9819449111"/>
  </node>
  <node id="33238" action="modify" visible="true" version="1" lat="48.264184231815875" lon="11.670676159505861">
    <tag k="ele" v="520.5107938712463"/>
    <tag k="mgrs_code" v="32UPU9819349111"/>
  </node>
  <node id="33239" action="modify" visible="true" version="1" lat="48.26422719826146" lon="11.670748292766866">
    <tag k="ele" v="520.4814646458253"/>
    <tag k="mgrs_code" v="32UPU9819849116"/>
  </node>
  <node id="33240" action="modify" visible="true" version="1" lat="48.264228843556246" lon="11.670735754202255">
    <tag k="ele" v="520.475258748047"/>
    <tag k="mgrs_code" v="32UPU9819749117"/>
  </node>
  <node id="33241" action="modify" visible="true" version="1" lat="48.26423080142" lon="11.67072042584">
    <tag k="ele" v="520.45498081343"/>
    <tag k="mgrs_code" v="32UPU9819649117"/>
  </node>
  <node id="33242" action="modify" visible="true" version="1" lat="48.264232759281775" lon="11.670705097471481">
    <tag k="ele" v="520.4347028788179"/>
    <tag k="mgrs_code" v="32UPU9819549117"/>
  </node>
  <node id="33243" action="modify" visible="true" version="1" lat="48.264235716869166" lon="11.670682399668802">
    <tag k="ele" v="520.3944898964837"/>
    <tag k="mgrs_code" v="32UPU9819349117"/>
  </node>
  <node id="33248" action="modify" visible="true" version="1" lat="48.26512448331576" lon="11.668822227538703">
    <tag k="ele" v="520.5055854348466"/>
    <tag k="mgrs_code" v="32UPU9805149211"/>
  </node>
  <node id="33249" action="modify" visible="true" version="1" lat="48.26508514295999" lon="11.66882241046">
    <tag k="ele" v="520.61946945544"/>
    <tag k="mgrs_code" v="32UPU9805249207"/>
  </node>
  <node id="33254" action="modify" visible="true" version="1" lat="48.264566210690006" lon="11.667455438049998">
    <tag k="ele" v="520.57991236821"/>
    <tag k="mgrs_code" v="32UPU9795249146"/>
  </node>
  <node id="33255" action="modify" visible="true" version="1" lat="48.264567776861924" lon="11.667440462315891">
    <tag k="ele" v="520.5825005406514"/>
    <tag k="mgrs_code" v="32UPU9795149146"/>
  </node>
  <node id="33256" action="modify" visible="true" version="1" lat="48.26457117036338" lon="11.667409913471337">
    <tag k="ele" v="520.5831352034584"/>
    <tag k="mgrs_code" v="32UPU9794949146"/>
  </node>
  <node id="33257" action="modify" visible="true" version="1" lat="48.26459789430557" lon="11.667450293696213">
    <tag k="ele" v="520.6752168387175"/>
    <tag k="mgrs_code" v="32UPU9795249149"/>
  </node>
  <node id="33258" action="modify" visible="true" version="1" lat="48.26459972578995" lon="11.667437276638566">
    <tag k="ele" v="520.683705529198"/>
    <tag k="mgrs_code" v="32UPU9795149149"/>
  </node>
  <node id="33259" action="modify" visible="true" version="1" lat="48.26460177599106" lon="11.667424641953414">
    <tag k="ele" v="520.6911681909114"/>
    <tag k="mgrs_code" v="32UPU9795049149"/>
  </node>
  <node id="33264" action="modify" visible="true" version="1" lat="48.26420267910857" lon="11.670289822483872">
    <tag k="ele" v="520.4145238548517"/>
    <tag k="mgrs_code" v="32UPU9816449112"/>
  </node>
  <node id="33265" action="modify" visible="true" version="1" lat="48.26420142537" lon="11.67029988629">
    <tag k="ele" v="520.4138969644"/>
    <tag k="mgrs_code" v="32UPU9816549112"/>
  </node>
  <node id="33266" action="modify" visible="true" version="1" lat="48.2642001716387" lon="11.67030995010494">
    <tag k="ele" v="520.4132700739428"/>
    <tag k="mgrs_code" v="32UPU9816549112"/>
  </node>
  <node id="33270" action="modify" visible="true" version="1" lat="48.2638272011058" lon="11.670170499909625">
    <tag k="ele" v="520.4022399941459"/>
    <tag k="mgrs_code" v="32UPU9815649070"/>
  </node>
  <node id="33271" action="modify" visible="true" version="1" lat="48.263826168793486" lon="11.670186536342685">
    <tag k="ele" v="520.4007050376385"/>
    <tag k="mgrs_code" v="32UPU9815849070"/>
  </node>
  <node id="33272" action="modify" visible="true" version="1" lat="48.26382543749783" lon="11.67020245945911">
    <tag k="ele" v="520.3983473358676"/>
    <tag k="mgrs_code" v="32UPU9815949070"/>
  </node>
  <node id="33273" action="modify" visible="true" version="1" lat="48.26382518826368" lon="11.670218269149693">
    <tag k="ele" v="520.3951838314533"/>
    <tag k="mgrs_code" v="32UPU9816049070"/>
  </node>
  <node id="33274" action="modify" visible="true" version="1" lat="48.26382560078378" lon="11.670233923010557">
    <tag k="ele" v="520.3912314595655"/>
    <tag k="mgrs_code" v="32UPU9816149070"/>
  </node>
  <node id="33275" action="modify" visible="true" version="1" lat="48.26382668531625" lon="11.670248423030177">
    <tag k="ele" v="520.3838204490021"/>
    <tag k="mgrs_code" v="32UPU9816249071"/>
  </node>
  <node id="33276" action="modify" visible="true" version="1" lat="48.26382839419003" lon="11.670262444533105">
    <tag k="ele" v="520.3727525249124"/>
    <tag k="mgrs_code" v="32UPU9816349071"/>
  </node>
  <node id="33277" action="modify" visible="true" version="1" lat="48.263830806807086" lon="11.670275913300715">
    <tag k="ele" v="520.3625361863524"/>
    <tag k="mgrs_code" v="32UPU9816449071"/>
  </node>
  <node id="33278" action="modify" visible="true" version="1" lat="48.26383392704057" lon="11.670289348274059">
    <tag k="ele" v="520.3576799370348"/>
    <tag k="mgrs_code" v="32UPU9816549072"/>
  </node>
  <node id="33279" action="modify" visible="true" version="1" lat="48.26383800865343" lon="11.67030414517232">
    <tag k="ele" v="520.3571967510507"/>
    <tag k="mgrs_code" v="32UPU9816649072"/>
  </node>
  <node id="33280" action="modify" visible="true" version="1" lat="48.26384272396336" lon="11.670319003823073">
    <tag k="ele" v="520.3572380403057"/>
    <tag k="mgrs_code" v="32UPU9816749073"/>
  </node>
  <node id="33281" action="modify" visible="true" version="1" lat="48.26384806608269" lon="11.670333861424481">
    <tag k="ele" v="520.3578224061057"/>
    <tag k="mgrs_code" v="32UPU9816849073"/>
  </node>
  <node id="33282" action="modify" visible="true" version="1" lat="48.263793379880944" lon="11.670165930070691">
    <tag k="ele" v="520.4871879555285"/>
    <tag k="mgrs_code" v="32UPU9815649067"/>
  </node>
  <node id="33283" action="modify" visible="true" version="1" lat="48.26379248440835" lon="11.670178563405388">
    <tag k="ele" v="520.486572294496"/>
    <tag k="mgrs_code" v="32UPU9815749067"/>
  </node>
  <node id="33284" action="modify" visible="true" version="1" lat="48.26379142822519" lon="11.670204135134508">
    <tag k="ele" v="520.4854098558426"/>
    <tag k="mgrs_code" v="32UPU9815949067"/>
  </node>
  <node id="33285" action="modify" visible="true" version="1" lat="48.2637913248013" lon="11.670217059543631">
    <tag k="ele" v="520.4848748482764"/>
    <tag k="mgrs_code" v="32UPU9816049067"/>
  </node>
  <node id="33286" action="modify" visible="true" version="1" lat="48.26379146159449" lon="11.670227542782895">
    <tag k="ele" v="520.4844711413607"/>
    <tag k="mgrs_code" v="32UPU9816149067"/>
  </node>
  <node id="33287" action="modify" visible="true" version="1" lat="48.263792362377814" lon="11.670248628585808">
    <tag k="ele" v="520.4837515549734"/>
    <tag k="mgrs_code" v="32UPU9816249067"/>
  </node>
  <node id="33288" action="modify" visible="true" version="1" lat="48.26379424041616" lon="11.670269839621529">
    <tag k="ele" v="520.4831696823239"/>
    <tag k="mgrs_code" v="32UPU9816449067"/>
  </node>
  <node id="33289" action="modify" visible="true" version="1" lat="48.263795689752236" lon="11.670280662288548">
    <tag k="ele" v="520.4829381164163"/>
    <tag k="mgrs_code" v="32UPU9816549067"/>
  </node>
  <node id="33290" action="modify" visible="true" version="1" lat="48.26379962491807" lon="11.670301760145401">
    <tag k="ele" v="520.4826091639698"/>
    <tag k="mgrs_code" v="32UPU9816649068"/>
  </node>
  <node id="33291" action="modify" visible="true" version="1" lat="48.26380473014786" lon="11.670321935159624">
    <tag k="ele" v="520.482479730621"/>
    <tag k="mgrs_code" v="32UPU9816849068"/>
  </node>
  <node id="33292" action="modify" visible="true" version="1" lat="48.26381072399348" lon="11.670341092107329">
    <tag k="ele" v="520.4825745308772"/>
    <tag k="mgrs_code" v="32UPU9816949069"/>
  </node>
  <node id="33293" action="modify" visible="true" version="1" lat="48.263817340141834" lon="11.670359261022497">
    <tag k="ele" v="520.482918292284"/>
    <tag k="mgrs_code" v="32UPU9817049070"/>
  </node>
  <node id="33298" action="modify" visible="true" version="1" lat="48.26452748211" lon="11.667783478579999">
    <tag k="ele" v="520.49587940797"/>
    <tag k="mgrs_code" v="32UPU9797749142"/>
  </node>
  <node id="33299" action="modify" visible="true" version="1" lat="48.26455770076399" lon="11.667790978825051">
    <tag k="ele" v="520.6324862698093"/>
    <tag k="mgrs_code" v="32UPU9797749145"/>
  </node>
  <node id="33304" action="modify" visible="true" version="1" lat="48.26425541692454" lon="11.667356319281936">
    <tag k="ele" v="520.5764421895146"/>
    <tag k="mgrs_code" v="32UPU9794649111"/>
  </node>
  <node id="33305" action="modify" visible="true" version="1" lat="48.264208823847326" lon="11.667344137251524">
    <tag k="ele" v="520.5763767110184"/>
    <tag k="mgrs_code" v="32UPU9794549106"/>
  </node>
  <node id="33306" action="modify" visible="true" version="1" lat="48.264204451087565" lon="11.667343027345087">
    <tag k="ele" v="520.5765762766823"/>
    <tag k="mgrs_code" v="32UPU9794549105"/>
  </node>
  <node id="33307" action="modify" visible="true" version="1" lat="48.26420182030364" lon="11.66734271301309">
    <tag k="ele" v="520.5769420843571"/>
    <tag k="mgrs_code" v="32UPU9794549105"/>
  </node>
  <node id="33308" action="modify" visible="true" version="1" lat="48.264197451382024" lon="11.667343231212943">
    <tag k="ele" v="520.5793988145888"/>
    <tag k="mgrs_code" v="32UPU9794549104"/>
  </node>
  <node id="33309" action="modify" visible="true" version="1" lat="48.26419511553886" lon="11.667343997813964">
    <tag k="ele" v="520.5903797028586"/>
    <tag k="mgrs_code" v="32UPU9794549104"/>
  </node>
  <node id="33310" action="modify" visible="true" version="1" lat="48.26419242635757" lon="11.667345396838785">
    <tag k="ele" v="520.6115892818198"/>
    <tag k="mgrs_code" v="32UPU9794549104"/>
  </node>
  <node id="33311" action="modify" visible="true" version="1" lat="48.26418948857083" lon="11.667347923809727">
    <tag k="ele" v="520.6320564243942"/>
    <tag k="mgrs_code" v="32UPU9794649103"/>
  </node>
  <node id="33312" action="modify" visible="true" version="1" lat="48.264186594315255" lon="11.667351832846638">
    <tag k="ele" v="520.6408513560891"/>
    <tag k="mgrs_code" v="32UPU9794649103"/>
  </node>
  <node id="33313" action="modify" visible="true" version="1" lat="48.26418575127" lon="11.66735349723">
    <tag k="ele" v="520.64054908161"/>
    <tag k="mgrs_code" v="32UPU9794649103"/>
  </node>
  <node id="33314" action="modify" visible="true" version="1" lat="48.26418603228999" lon="11.667352942439999">
    <tag k="ele" v="520.64064983977"/>
    <tag k="mgrs_code" v="32UPU9794649103"/>
  </node>
  <node id="33315" action="modify" visible="true" version="1" lat="48.2641863133" lon="11.66735238764">
    <tag k="ele" v="520.64075059793"/>
    <tag k="mgrs_code" v="32UPU9794649103"/>
  </node>
  <node id="33316" action="modify" visible="true" version="1" lat="48.26418547025587" lon="11.667354052023443">
    <tag k="ele" v="520.640448323451"/>
    <tag k="mgrs_code" v="32UPU9794649103"/>
  </node>
  <node id="33317" action="modify" visible="true" version="1" lat="48.26418451116678" lon="11.667356601436106">
    <tag k="ele" v="520.6398797743022"/>
    <tag k="mgrs_code" v="32UPU9794649103"/>
  </node>
  <node id="33318" action="modify" visible="true" version="1" lat="48.26418303246755" lon="11.66736243984217">
    <tag k="ele" v="520.6383908232674"/>
    <tag k="mgrs_code" v="32UPU9794749103"/>
  </node>
  <node id="33319" action="modify" visible="true" version="1" lat="48.26418117086511" lon="11.667375721570972">
    <tag k="ele" v="520.6350184828043"/>
    <tag k="mgrs_code" v="32UPU9794849103"/>
  </node>
  <node id="33320" action="modify" visible="true" version="1" lat="48.2641686749473" lon="11.667485432579648">
    <tag k="ele" v="520.6000095596537"/>
    <tag k="mgrs_code" v="32UPU9795649101"/>
  </node>
  <node id="33321" action="modify" visible="true" version="1" lat="48.26416270990452" lon="11.66753830517669">
    <tag k="ele" v="520.5750537486747"/>
    <tag k="mgrs_code" v="32UPU9796049101"/>
  </node>
  <node id="33322" action="modify" visible="true" version="1" lat="48.26415926790067" lon="11.667567349587053">
    <tag k="ele" v="520.5662824017927"/>
    <tag k="mgrs_code" v="32UPU9796249101"/>
  </node>
  <node id="33323" action="modify" visible="true" version="1" lat="48.26415721912094" lon="11.667584414379172">
    <tag k="ele" v="520.5636392198503"/>
    <tag k="mgrs_code" v="32UPU9796349100"/>
  </node>
  <node id="33324" action="modify" visible="true" version="1" lat="48.26415469572489" lon="11.66760266866399">
    <tag k="ele" v="520.5629418184981"/>
    <tag k="mgrs_code" v="32UPU9796549100"/>
  </node>
  <node id="33325" action="modify" visible="true" version="1" lat="48.26428190656149" lon="11.667285571729453">
    <tag k="ele" v="520.7390247117728"/>
    <tag k="mgrs_code" v="32UPU9794149114"/>
  </node>
  <node id="33326" action="modify" visible="true" version="1" lat="48.26421112726731" lon="11.667266946192926">
    <tag k="ele" v="520.7675316175446"/>
    <tag k="mgrs_code" v="32UPU9794049106"/>
  </node>
  <node id="33327" action="modify" visible="true" version="1" lat="48.26418048250457" lon="11.667258933497592">
    <tag k="ele" v="520.7285270141438"/>
    <tag k="mgrs_code" v="32UPU9793949102"/>
  </node>
  <node id="33328" action="modify" visible="true" version="1" lat="48.26416467054283" lon="11.667254126794102">
    <tag k="ele" v="520.7286653742194"/>
    <tag k="mgrs_code" v="32UPU9793949100"/>
  </node>
  <node id="33329" action="modify" visible="true" version="1" lat="48.26416040118286" lon="11.667253379953692">
    <tag k="ele" v="520.7290002778172"/>
    <tag k="mgrs_code" v="32UPU9793949100"/>
  </node>
  <node id="33330" action="modify" visible="true" version="1" lat="48.26415619851707" lon="11.66725323911116">
    <tag k="ele" v="520.7294555082917"/>
    <tag k="mgrs_code" v="32UPU9793949099"/>
  </node>
  <node id="33331" action="modify" visible="true" version="1" lat="48.26415219624752" lon="11.667253875040178">
    <tag k="ele" v="520.730031167157"/>
    <tag k="mgrs_code" v="32UPU9793949099"/>
  </node>
  <node id="33332" action="modify" visible="true" version="1" lat="48.264148543510345" lon="11.667255433982556">
    <tag k="ele" v="520.7307273577899"/>
    <tag k="mgrs_code" v="32UPU9793949099"/>
  </node>
  <node id="33333" action="modify" visible="true" version="1" lat="48.2641462289409" lon="11.667256969700022">
    <tag k="ele" v="520.734387899749"/>
    <tag k="mgrs_code" v="32UPU9793949098"/>
  </node>
  <node id="33334" action="modify" visible="true" version="1" lat="48.264141998783515" lon="11.667260721908857">
    <tag k="ele" v="520.7493390282616"/>
    <tag k="mgrs_code" v="32UPU9793949098"/>
  </node>
  <node id="33335" action="modify" visible="true" version="1" lat="48.26414012763451" lon="11.667262957084391">
    <tag k="ele" v="520.753170424141"/>
    <tag k="mgrs_code" v="32UPU9793949098"/>
  </node>
  <node id="33336" action="modify" visible="true" version="1" lat="48.264138248076506" lon="11.667265707365955">
    <tag k="ele" v="520.7539784228429"/>
    <tag k="mgrs_code" v="32UPU9794049098"/>
  </node>
  <node id="33337" action="modify" visible="true" version="1" lat="48.264136570648155" lon="11.66726867167116">
    <tag k="ele" v="520.7547265291214"/>
    <tag k="mgrs_code" v="32UPU9794049097"/>
  </node>
  <node id="33338" action="modify" visible="true" version="1" lat="48.26413378717816" lon="11.667275088609642">
    <tag k="ele" v="520.7560422029346"/>
    <tag k="mgrs_code" v="32UPU9794049097"/>
  </node>
  <node id="33339" action="modify" visible="true" version="1" lat="48.26413168530442" lon="11.667281929462511">
    <tag k="ele" v="520.7571157179773"/>
    <tag k="mgrs_code" v="32UPU9794149097"/>
  </node>
  <node id="33340" action="modify" visible="true" version="1" lat="48.264130144721804" lon="11.667288960343074">
    <tag k="ele" v="520.7579453401268"/>
    <tag k="mgrs_code" v="32UPU9794149097"/>
  </node>
  <node id="33341" action="modify" visible="true" version="1" lat="48.264129024867" lon="11.667295987829952">
    <tag k="ele" v="520.758529339917"/>
    <tag k="mgrs_code" v="32UPU9794249097"/>
  </node>
  <node id="33342" action="modify" visible="true" version="1" lat="48.2641266014314" lon="11.667315617664075">
    <tag k="ele" v="520.7587902797386"/>
    <tag k="mgrs_code" v="32UPU9794349096"/>
  </node>
  <node id="33343" action="modify" visible="true" version="1" lat="48.26412502857007" lon="11.667327033721206">
    <tag k="ele" v="520.749186385423"/>
    <tag k="mgrs_code" v="32UPU9794449096"/>
  </node>
  <node id="33344" action="modify" visible="true" version="1" lat="48.26410691996659" lon="11.667473338041953">
    <tag k="ele" v="520.7123631937429"/>
    <tag k="mgrs_code" v="32UPU9795549095"/>
  </node>
  <node id="33345" action="modify" visible="true" version="1" lat="48.26409319447478" lon="11.66758446612105">
    <tag k="ele" v="520.6701424559578"/>
    <tag k="mgrs_code" v="32UPU9796449093"/>
  </node>
  <node id="33350" action="modify" visible="true" version="1" lat="48.26442749146016" lon="11.668647596028126">
    <tag k="ele" v="520.3622528882697"/>
    <tag k="mgrs_code" v="32UPU9804149133"/>
  </node>
  <node id="33351" action="modify" visible="true" version="1" lat="48.26444085399004" lon="11.6685184985334">
    <tag k="ele" v="520.2721900166944"/>
    <tag k="mgrs_code" v="32UPU9803149134"/>
  </node>
  <node id="33352" action="modify" visible="true" version="1" lat="48.26445408711071" lon="11.668654637982277">
    <tag k="ele" v="520.6143430974334"/>
    <tag k="mgrs_code" v="32UPU9804249136"/>
  </node>
  <node id="33353" action="modify" visible="true" version="1" lat="48.264469733082954" lon="11.66852628964312">
    <tag k="ele" v="520.6353457514197"/>
    <tag k="mgrs_code" v="32UPU9803249138"/>
  </node>
  <node id="33358" action="modify" visible="true" version="1" lat="48.26401950521114" lon="11.66855377009537">
    <tag k="ele" v="520.4584543351084"/>
    <tag k="mgrs_code" v="32UPU9803649088"/>
  </node>
  <node id="33359" action="modify" visible="true" version="1" lat="48.26401476163064" lon="11.668594054116532">
    <tag k="ele" v="520.4571069851518"/>
    <tag k="mgrs_code" v="32UPU9803949087"/>
  </node>
  <node id="33360" action="modify" visible="true" version="1" lat="48.26400973960481" lon="11.66863425763687">
    <tag k="ele" v="520.4553505023941"/>
    <tag k="mgrs_code" v="32UPU9804249087"/>
  </node>
  <node id="33361" action="modify" visible="true" version="1" lat="48.26398417900906" lon="11.668544672753281">
    <tag k="ele" v="520.5864505870268"/>
    <tag k="mgrs_code" v="32UPU9803549084"/>
  </node>
  <node id="33362" action="modify" visible="true" version="1" lat="48.26397942286" lon="11.66858483485">
    <tag k="ele" v="520.56998414826"/>
    <tag k="mgrs_code" v="32UPU9803849083"/>
  </node>
  <node id="33363" action="modify" visible="true" version="1" lat="48.26397466670271" lon="11.668624996950125">
    <tag k="ele" v="520.5535177094862"/>
    <tag k="mgrs_code" v="32UPU9804149083"/>
  </node>
  <node id="33368" action="modify" visible="true" version="1" lat="48.26388505934953" lon="11.669692589939569">
    <tag k="ele" v="520.3858361132443"/>
    <tag k="mgrs_code" v="32UPU9812149076"/>
  </node>
  <node id="33369" action="modify" visible="true" version="1" lat="48.263876026506516" lon="11.669766198579353">
    <tag k="ele" v="520.3959033908322"/>
    <tag k="mgrs_code" v="32UPU9812649075"/>
  </node>
  <node id="33370" action="modify" visible="true" version="1" lat="48.263842074471285" lon="11.669737034383571">
    <tag k="ele" v="520.4992394000292"/>
    <tag k="mgrs_code" v="32UPU9812449071"/>
  </node>
  <node id="33371" action="modify" visible="true" version="1" lat="48.26383988323085" lon="11.669755952768663">
    <tag k="ele" v="520.4971085963771"/>
    <tag k="mgrs_code" v="32UPU9812649071"/>
  </node>
  <node id="33376" action="modify" visible="true" version="1" lat="48.263922091936706" lon="11.669370827945352">
    <tag k="ele" v="520.3639864455909"/>
    <tag k="mgrs_code" v="32UPU9809749079"/>
  </node>
  <node id="33377" action="modify" visible="true" version="1" lat="48.26391544768999" lon="11.669433506609998">
    <tag k="ele" v="520.37326298561"/>
    <tag k="mgrs_code" v="32UPU9810149078"/>
  </node>
  <node id="33378" action="modify" visible="true" version="1" lat="48.2638869800964" lon="11.669361483520655">
    <tag k="ele" v="520.4907154655084"/>
    <tag k="mgrs_code" v="32UPU9809649075"/>
  </node>
  <node id="33379" action="modify" visible="true" version="1" lat="48.26388651806192" lon="11.669365399810117">
    <tag k="ele" v="520.4907242087647"/>
    <tag k="mgrs_code" v="32UPU9809649075"/>
  </node>
  <node id="33384" action="modify" visible="true" version="1" lat="48.26399905311267" lon="11.66872554969225">
    <tag k="ele" v="520.4427155507728"/>
    <tag k="mgrs_code" v="32UPU9804949086"/>
  </node>
  <node id="33385" action="modify" visible="true" version="1" lat="48.263988191360156" lon="11.668816763027921">
    <tag k="ele" v="520.4165823403746"/>
    <tag k="mgrs_code" v="32UPU9805549085"/>
  </node>
  <node id="33386" action="modify" visible="true" version="1" lat="48.26396598322139" lon="11.668696940457108">
    <tag k="ele" v="520.5335070015863"/>
    <tag k="mgrs_code" v="32UPU9804749082"/>
  </node>
  <node id="33387" action="modify" visible="true" version="1" lat="48.26395293035514" lon="11.668807142898537">
    <tag k="ele" v="520.5064812730998"/>
    <tag k="mgrs_code" v="32UPU9805549081"/>
  </node>
  <node id="33392" action="modify" visible="true" version="1" lat="48.26439017344762" lon="11.668527400312524">
    <tag k="ele" v="520.5690815607086"/>
    <tag k="mgrs_code" v="32UPU9803249129"/>
  </node>
  <node id="33393" action="modify" visible="true" version="1" lat="48.26439567679758" lon="11.668529411289036">
    <tag k="ele" v="520.5284773865715"/>
    <tag k="mgrs_code" v="32UPU9803249129"/>
  </node>
  <node id="33394" action="modify" visible="true" version="1" lat="48.26440233217056" lon="11.66853120945856">
    <tag k="ele" v="520.4887218568474"/>
    <tag k="mgrs_code" v="32UPU9803349130"/>
  </node>
  <node id="33395" action="modify" visible="true" version="1" lat="48.26441000903404" lon="11.668531841653659">
    <tag k="ele" v="520.4496244322509"/>
    <tag k="mgrs_code" v="32UPU9803349131"/>
  </node>
  <node id="33396" action="modify" visible="true" version="1" lat="48.26441411109839" lon="11.668531460171266">
    <tag k="ele" v="520.4302991712466"/>
    <tag k="mgrs_code" v="32UPU9803349131"/>
  </node>
  <node id="33397" action="modify" visible="true" version="1" lat="48.26441830057992" lon="11.668530495518198">
    <tag k="ele" v="520.4113477943465"/>
    <tag k="mgrs_code" v="32UPU9803249132"/>
  </node>
  <node id="33398" action="modify" visible="true" version="1" lat="48.26442249806436" lon="11.668528873527245">
    <tag k="ele" v="520.3927098624408"/>
    <tag k="mgrs_code" v="32UPU9803249132"/>
  </node>
  <node id="33399" action="modify" visible="true" version="1" lat="48.26442558474999" lon="11.668527118959998">
    <tag k="ele" v="520.37887318502"/>
    <tag k="mgrs_code" v="32UPU9803249133"/>
  </node>
  <node id="33400" action="modify" visible="true" version="1" lat="48.26442455586" lon="11.66852770381">
    <tag k="ele" v="520.38348541083"/>
    <tag k="mgrs_code" v="32UPU9803249133"/>
  </node>
  <node id="33401" action="modify" visible="true" version="1" lat="48.264423526959995" lon="11.66852828867">
    <tag k="ele" v="520.38809763663"/>
    <tag k="mgrs_code" v="32UPU9803249132"/>
  </node>
  <node id="33402" action="modify" visible="true" version="1" lat="48.26442661364773" lon="11.668526534098952">
    <tag k="ele" v="520.3742609592155"/>
    <tag k="mgrs_code" v="32UPU9803249133"/>
  </node>
  <node id="33403" action="modify" visible="true" version="1" lat="48.26443054658361" lon="11.66852343520527">
    <tag k="ele" v="520.3558766506612"/>
    <tag k="mgrs_code" v="32UPU9803249133"/>
  </node>
  <node id="33404" action="modify" visible="true" version="1" lat="48.2644341852794" lon="11.668519558916286">
    <tag k="ele" v="520.337432523258"/>
    <tag k="mgrs_code" v="32UPU9803249134"/>
  </node>
  <node id="33405" action="modify" visible="true" version="1" lat="48.26443740844783" lon="11.668514919467038">
    <tag k="ele" v="520.3188041448593"/>
    <tag k="mgrs_code" v="32UPU9803149134"/>
  </node>
  <node id="33406" action="modify" visible="true" version="1" lat="48.2644400884045" lon="11.668509572693191">
    <tag k="ele" v="520.2998670935631"/>
    <tag k="mgrs_code" v="32UPU9803149134"/>
  </node>
  <node id="33407" action="modify" visible="true" version="1" lat="48.26444209744191" lon="11.668503625001085">
    <tag k="ele" v="520.2806280991063"/>
    <tag k="mgrs_code" v="32UPU9803049134"/>
  </node>
  <node id="33408" action="modify" visible="true" version="1" lat="48.26444281278944" lon="11.668500474334529">
    <tag k="ele" v="520.2709545316175"/>
    <tag k="mgrs_code" v="32UPU9803049135"/>
  </node>
  <node id="33409" action="modify" visible="true" version="1" lat="48.26444331755787" lon="11.66849723867063">
    <tag k="ele" v="520.2610489409417"/>
    <tag k="mgrs_code" v="32UPU9803049135"/>
  </node>
  <node id="33410" action="modify" visible="true" version="1" lat="48.26438797777071" lon="11.668614001746215">
    <tag k="ele" v="520.5209703939036"/>
    <tag k="mgrs_code" v="32UPU9803949129"/>
  </node>
  <node id="33411" action="modify" visible="true" version="1" lat="48.26439594060709" lon="11.668612500163757">
    <tag k="ele" v="520.5274001900107"/>
    <tag k="mgrs_code" v="32UPU9803949130"/>
  </node>
  <node id="33412" action="modify" visible="true" version="1" lat="48.2644035892504" lon="11.668610029223819">
    <tag k="ele" v="520.5340659581125"/>
    <tag k="mgrs_code" v="32UPU9803849130"/>
  </node>
  <node id="33413" action="modify" visible="true" version="1" lat="48.264410908027735" lon="11.668606696587613">
    <tag k="ele" v="520.5409438926727"/>
    <tag k="mgrs_code" v="32UPU9803849131"/>
  </node>
  <node id="33414" action="modify" visible="true" version="1" lat="48.26441789346295" lon="11.668602591040514">
    <tag k="ele" v="520.5480101704597"/>
    <tag k="mgrs_code" v="32UPU9803849132"/>
  </node>
  <node id="33415" action="modify" visible="true" version="1" lat="48.264424547807025" lon="11.668597781113364">
    <tag k="ele" v="520.5552409738302"/>
    <tag k="mgrs_code" v="32UPU9803749133"/>
  </node>
  <node id="33416" action="modify" visible="true" version="1" lat="48.26443087417482" lon="11.668592316196396">
    <tag k="ele" v="520.5626124888659"/>
    <tag k="mgrs_code" v="32UPU9803749133"/>
  </node>
  <node id="33417" action="modify" visible="true" version="1" lat="48.26443687301219" lon="11.66858622882503">
    <tag k="ele" v="520.5701370947063"/>
    <tag k="mgrs_code" v="32UPU9803749134"/>
  </node>
  <node id="33418" action="modify" visible="true" version="1" lat="48.264442539464916" lon="11.668579537472564">
    <tag k="ele" v="520.5780355893075"/>
    <tag k="mgrs_code" v="32UPU9803649135"/>
  </node>
  <node id="33419" action="modify" visible="true" version="1" lat="48.26444786126952" lon="11.668572249692653">
    <tag k="ele" v="520.5862475279719"/>
    <tag k="mgrs_code" v="32UPU9803549135"/>
  </node>
  <node id="33420" action="modify" visible="true" version="1" lat="48.26445281693665" lon="11.668564365806553">
    <tag k="ele" v="520.5946484934539"/>
    <tag k="mgrs_code" v="32UPU9803549136"/>
  </node>
  <node id="33421" action="modify" visible="true" version="1" lat="48.264457374199274" lon="11.668555883570859">
    <tag k="ele" v="520.603114056401"/>
    <tag k="mgrs_code" v="32UPU9803449136"/>
  </node>
  <node id="33422" action="modify" visible="true" version="1" lat="48.26446148898594" lon="11.668546804355103">
    <tag k="ele" v="520.6115197977051"/>
    <tag k="mgrs_code" v="32UPU9803449137"/>
  </node>
  <node id="33423" action="modify" visible="true" version="1" lat="48.264465105538854" lon="11.66853714119752">
    <tag k="ele" v="520.6197412880138"/>
    <tag k="mgrs_code" v="32UPU9803349137"/>
  </node>
  <node id="33424" action="modify" visible="true" version="1" lat="48.2644681586644" lon="11.668526928472646">
    <tag k="ele" v="520.6276541091502"/>
    <tag k="mgrs_code" v="32UPU9803249137"/>
  </node>
  <node id="33425" action="modify" visible="true" version="1" lat="48.26447057921579" lon="11.668516231622863">
    <tag k="ele" v="520.6352649852633"/>
    <tag k="mgrs_code" v="32UPU9803149138"/>
  </node>
  <node id="33426" action="modify" visible="true" version="1" lat="48.26447153179216" lon="11.66851073234419">
    <tag k="ele" v="520.6390163516626"/>
    <tag k="mgrs_code" v="32UPU9803149138"/>
  </node>
  <node id="33427" action="modify" visible="true" version="1" lat="48.26447230332209" lon="11.66850515370945">
    <tag k="ele" v="520.6425356958061"/>
    <tag k="mgrs_code" v="32UPU9803049138"/>
  </node>
  <node id="33432" action="modify" visible="true" version="1" lat="48.26499285624233" lon="11.669927588839437">
    <tag k="ele" v="520.4691577283666"/>
    <tag k="mgrs_code" v="32UPU9813449199"/>
  </node>
  <node id="33433" action="modify" visible="true" version="1" lat="48.26499164588608" lon="11.669937709903127">
    <tag k="ele" v="520.4675684440881"/>
    <tag k="mgrs_code" v="32UPU9813549199"/>
  </node>
  <node id="33434" action="modify" visible="true" version="1" lat="48.26498885021648" lon="11.669961087411712">
    <tag k="ele" v="520.4638978820294"/>
    <tag k="mgrs_code" v="32UPU9813649199"/>
  </node>
  <node id="33435" action="modify" visible="true" version="1" lat="48.2649870795462" lon="11.669975893810372">
    <tag k="ele" v="520.4615733427927"/>
    <tag k="mgrs_code" v="32UPU9813849199"/>
  </node>
  <node id="33436" action="modify" visible="true" version="1" lat="48.26495451908562" lon="11.66991879415937">
    <tag k="ele" v="520.5962027562782"/>
    <tag k="mgrs_code" v="32UPU9813349195"/>
  </node>
  <node id="33437" action="modify" visible="true" version="1" lat="48.26495381958576" lon="11.669924928924669">
    <tag k="ele" v="520.595462067984"/>
    <tag k="mgrs_code" v="32UPU9813449195"/>
  </node>
  <node id="33438" action="modify" visible="true" version="1" lat="48.26494516897999" lon="11.66999678791">
    <tag k="ele" v="520.58189338911"/>
    <tag k="mgrs_code" v="32UPU9813949194"/>
  </node>
  <node id="33439" action="modify" visible="true" version="1" lat="48.26493651838171" lon="11.670068646897322">
    <tag k="ele" v="520.5683247102425"/>
    <tag k="mgrs_code" v="32UPU9814549193"/>
  </node>
  <node id="33444" action="modify" visible="true" version="1" lat="48.26457276375418" lon="11.667397824859885">
    <tag k="ele" v="520.5823457930237"/>
    <tag k="mgrs_code" v="32UPU9794849146"/>
  </node>
  <node id="33445" action="modify" visible="true" version="1" lat="48.26457478968896" lon="11.667385685720014">
    <tag k="ele" v="520.5810552546754"/>
    <tag k="mgrs_code" v="32UPU9794749146"/>
  </node>
  <node id="33446" action="modify" visible="true" version="1" lat="48.264577333658444" lon="11.66737353944884">
    <tag k="ele" v="520.5793147590011"/>
    <tag k="mgrs_code" v="32UPU9794649147"/>
  </node>
  <node id="33447" action="modify" visible="true" version="1" lat="48.2645804821229" lon="11.667361456841006">
    <tag k="ele" v="520.5771754607558"/>
    <tag k="mgrs_code" v="32UPU9794549147"/>
  </node>
  <node id="33448" action="modify" visible="true" version="1" lat="48.26458431548479" lon="11.667349543063768">
    <tag k="ele" v="520.5746885221452"/>
    <tag k="mgrs_code" v="32UPU9794449147"/>
  </node>
  <node id="33449" action="modify" visible="true" version="1" lat="48.26458889743155" lon="11.667337941352105">
    <tag k="ele" v="520.5719051072374"/>
    <tag k="mgrs_code" v="32UPU9794349148"/>
  </node>
  <node id="33450" action="modify" visible="true" version="1" lat="48.264594261923705" lon="11.667326829373282">
    <tag k="ele" v="520.5688763745129"/>
    <tag k="mgrs_code" v="32UPU9794249148"/>
  </node>
  <node id="33451" action="modify" visible="true" version="1" lat="48.264600688862494" lon="11.66731609160852">
    <tag k="ele" v="520.56565348804"/>
    <tag k="mgrs_code" v="32UPU9794249149"/>
  </node>
  <node id="33452" action="modify" visible="true" version="1" lat="48.26460467542597" lon="11.667310817277622">
    <tag k="ele" v="520.5639852192253"/>
    <tag k="mgrs_code" v="32UPU9794149149"/>
  </node>
  <node id="33453" action="modify" visible="true" version="1" lat="48.2646089282901" lon="11.667306075217782">
    <tag k="ele" v="520.5622876044363"/>
    <tag k="mgrs_code" v="32UPU9794149150"/>
  </node>
  <node id="33454" action="modify" visible="true" version="1" lat="48.264613385421974" lon="11.66730189342045">
    <tag k="ele" v="520.5605670269579"/>
    <tag k="mgrs_code" v="32UPU9794149150"/>
  </node>
  <node id="33455" action="modify" visible="true" version="1" lat="48.26461798728405" lon="11.667298275687212">
    <tag k="ele" v="520.5588298859075"/>
    <tag k="mgrs_code" v="32UPU9794049151"/>
  </node>
  <node id="33456" action="modify" visible="true" version="1" lat="48.26462742458329" lon="11.667292657841095">
    <tag k="ele" v="520.5553314983845"/>
    <tag k="mgrs_code" v="32UPU9794049152"/>
  </node>
  <node id="33457" action="modify" visible="true" version="1" lat="48.2646369316623" lon="11.667288977379476">
    <tag k="ele" v="520.5518435975537"/>
    <tag k="mgrs_code" v="32UPU9793949153"/>
  </node>
  <node id="33458" action="modify" visible="true" version="1" lat="48.26464633158441" lon="11.667286939254355">
    <tag k="ele" v="520.548417349346"/>
    <tag k="mgrs_code" v="32UPU9793949154"/>
  </node>
  <node id="33459" action="modify" visible="true" version="1" lat="48.26465553542997" lon="11.66728627996313">
    <tag k="ele" v="520.5451039122418"/>
    <tag k="mgrs_code" v="32UPU9793949155"/>
  </node>
  <node id="33460" action="modify" visible="true" version="1" lat="48.26466450254823" lon="11.667286790175">
    <tag k="ele" v="520.5419544456527"/>
    <tag k="mgrs_code" v="32UPU9793949156"/>
  </node>
  <node id="33461" action="modify" visible="true" version="1" lat="48.26467321536319" lon="11.66728831074444">
    <tag k="ele" v="520.539020116441"/>
    <tag k="mgrs_code" v="32UPU9793949157"/>
  </node>
  <node id="33462" action="modify" visible="true" version="1" lat="48.26460511591392" lon="11.66740373370899">
    <tag k="ele" v="520.7233296493068"/>
    <tag k="mgrs_code" v="32UPU9794849150"/>
  </node>
  <node id="33463" action="modify" visible="true" version="1" lat="48.26460742204004" lon="11.667392851778997">
    <tag k="ele" v="520.7298695771024"/>
    <tag k="mgrs_code" v="32UPU9794749150"/>
  </node>
  <node id="33464" action="modify" visible="true" version="1" lat="48.26460884911023" lon="11.667387651910873">
    <tag k="ele" v="520.7306708972901"/>
    <tag k="mgrs_code" v="32UPU9794749150"/>
  </node>
  <node id="33465" action="modify" visible="true" version="1" lat="48.264610641999965" lon="11.667382815525066">
    <tag k="ele" v="520.7298405906186"/>
    <tag k="mgrs_code" v="32UPU9794749150"/>
  </node>
  <node id="33466" action="modify" visible="true" version="1" lat="48.26461312484123" lon="11.66737817962799">
    <tag k="ele" v="520.7202043496072"/>
    <tag k="mgrs_code" v="32UPU9794649151"/>
  </node>
  <node id="33467" action="modify" visible="true" version="1" lat="48.26461602526231" lon="11.667374186058666">
    <tag k="ele" v="520.7011075541377"/>
    <tag k="mgrs_code" v="32UPU9794649151"/>
  </node>
  <node id="33468" action="modify" visible="true" version="1" lat="48.26462097629" lon="11.66736875052">
    <tag k="ele" v="520.67778436318"/>
    <tag k="mgrs_code" v="32UPU9794549151"/>
  </node>
  <node id="33469" action="modify" visible="true" version="1" lat="48.26461973854" lon="11.6673701094">
    <tag k="ele" v="520.68361516092"/>
    <tag k="mgrs_code" v="32UPU9794649151"/>
  </node>
  <node id="33470" action="modify" visible="true" version="1" lat="48.26461850078" lon="11.66737146829">
    <tag k="ele" v="520.68944595866"/>
    <tag k="mgrs_code" v="32UPU9794649151"/>
  </node>
  <node id="33471" action="modify" visible="true" version="1" lat="48.26461726301999" lon="11.66737282717">
    <tag k="ele" v="520.6952767564"/>
    <tag k="mgrs_code" v="32UPU9794649151"/>
  </node>
  <node id="33472" action="modify" visible="true" version="1" lat="48.26462221405286" lon="11.66736739163428">
    <tag k="ele" v="520.6719535654411"/>
    <tag k="mgrs_code" v="32UPU9794549152"/>
  </node>
  <node id="33473" action="modify" visible="true" version="1" lat="48.26462695253592" lon="11.667363126403133">
    <tag k="ele" v="520.668693867512"/>
    <tag k="mgrs_code" v="32UPU9794549152"/>
  </node>
  <node id="33474" action="modify" visible="true" version="1" lat="48.26463127484183" lon="11.667360900416682">
    <tag k="ele" v="520.6665738457814"/>
    <tag k="mgrs_code" v="32UPU9794549153"/>
  </node>
  <node id="33475" action="modify" visible="true" version="1" lat="48.26463609141142" lon="11.667359509124866">
    <tag k="ele" v="520.6656634248793"/>
    <tag k="mgrs_code" v="32UPU9794549153"/>
  </node>
  <node id="33476" action="modify" visible="true" version="1" lat="48.26464144914101" lon="11.667358856991772">
    <tag k="ele" v="520.6660325368866"/>
    <tag k="mgrs_code" v="32UPU9794549154"/>
  </node>
  <node id="33477" action="modify" visible="true" version="1" lat="48.264647298748834" lon="11.667358889961212">
    <tag k="ele" v="520.6677511008456"/>
    <tag k="mgrs_code" v="32UPU9794549154"/>
  </node>
  <node id="33478" action="modify" visible="true" version="1" lat="48.26466012239896" lon="11.667360685467711">
    <tag k="ele" v="520.6755163064227"/>
    <tag k="mgrs_code" v="32UPU9794549156"/>
  </node>
  <node id="33479" action="modify" visible="true" version="1" lat="48.26466695046472" lon="11.667362235435528">
    <tag k="ele" v="520.6817027954385"/>
    <tag k="mgrs_code" v="32UPU9794549157"/>
  </node>
  <node id="33484" action="modify" visible="true" version="1" lat="48.264282840678035" lon="11.669858894503445">
    <tag k="ele" v="520.4663405725732"/>
    <tag k="mgrs_code" v="32UPU9813249120"/>
  </node>
  <node id="33485" action="modify" visible="true" version="1" lat="48.26428210470913" lon="11.669864978524522">
    <tag k="ele" v="520.4716159114614"/>
    <tag k="mgrs_code" v="32UPU9813249120"/>
  </node>
  <node id="33486" action="modify" visible="true" version="1" lat="48.26428003283093" lon="11.669882320806984">
    <tag k="ele" v="520.4904614863917"/>
    <tag k="mgrs_code" v="32UPU9813349120"/>
  </node>
  <node id="33487" action="modify" visible="true" version="1" lat="48.26427868405374" lon="11.669896397331113">
    <tag k="ele" v="520.5130324289203"/>
    <tag k="mgrs_code" v="32UPU9813449120"/>
  </node>
  <node id="33488" action="modify" visible="true" version="1" lat="48.26425495646653" lon="11.669857692541685">
    <tag k="ele" v="520.4233938762918"/>
    <tag k="mgrs_code" v="32UPU9813249117"/>
  </node>
  <node id="33489" action="modify" visible="true" version="1" lat="48.264254388729995" lon="11.66986266426">
    <tag k="ele" v="520.42683595559"/>
    <tag k="mgrs_code" v="32UPU9813249117"/>
  </node>
  <node id="33490" action="modify" visible="true" version="1" lat="48.264253820993616" lon="11.669867635974546">
    <tag k="ele" v="520.4302780348808"/>
    <tag k="mgrs_code" v="32UPU9813249117"/>
  </node>
  <node id="33491" action="modify" visible="true" version="1" lat="48.26425102657507" lon="11.669889742702892">
    <tag k="ele" v="520.4430230697617"/>
    <tag k="mgrs_code" v="32UPU9813449117"/>
  </node>
  <node id="33496" action="modify" visible="true" version="1" lat="48.26427868405374" lon="11.669896397331113">
    <tag k="ele" v="520.5130324289203"/>
    <tag k="mgrs_code" v="32UPU9813449120"/>
  </node>
  <node id="33497" action="modify" visible="true" version="1" lat="48.264283976299666" lon="11.669849150295695">
    <tag k="ele" v="520.5093944193795"/>
    <tag k="mgrs_code" v="32UPU9813149120"/>
  </node>
  <node id="33498" action="modify" visible="true" version="1" lat="48.26428682295" lon="11.66982559664">
    <tag k="ele" v="520.51063687121"/>
    <tag k="mgrs_code" v="32UPU9812949121"/>
  </node>
  <node id="33499" action="modify" visible="true" version="1" lat="48.264289669597964" lon="11.66980204297556">
    <tag k="ele" v="520.5118793230504"/>
    <tag k="mgrs_code" v="32UPU9812749121"/>
  </node>
  <node id="33500" action="modify" visible="true" version="1" lat="48.26430777820158" lon="11.669903397642218">
    <tag k="ele" v="520.5750756496564"/>
    <tag k="mgrs_code" v="32UPU9813549123"/>
  </node>
  <node id="33501" action="modify" visible="true" version="1" lat="48.26430808691715" lon="11.669900671797276">
    <tag k="ele" v="520.5753548005596"/>
    <tag k="mgrs_code" v="32UPU9813549123"/>
  </node>
  <node id="33502" action="modify" visible="true" version="1" lat="48.264314029442424" lon="11.669849062955493">
    <tag k="ele" v="520.5819761799648"/>
    <tag k="mgrs_code" v="32UPU9813149124"/>
  </node>
  <node id="33503" action="modify" visible="true" version="1" lat="48.26432022354096" lon="11.669797437077408">
    <tag k="ele" v="520.5928038200364"/>
    <tag k="mgrs_code" v="32UPU9812749124"/>
  </node>
  <node id="33508" action="modify" visible="true" version="1" lat="48.26384843259587" lon="11.669992617665464">
    <tag k="ele" v="520.4352310225368"/>
    <tag k="mgrs_code" v="32UPU9814349072"/>
  </node>
  <node id="33509" action="modify" visible="true" version="1" lat="48.26384308867166" lon="11.670039329187471">
    <tag k="ele" v="520.4198934985325"/>
    <tag k="mgrs_code" v="32UPU9814749072"/>
  </node>
  <node id="33510" action="modify" visible="true" version="1" lat="48.26383725184302" lon="11.670085478441793">
    <tag k="ele" v="520.4040763136"/>
    <tag k="mgrs_code" v="32UPU9815049071"/>
  </node>
  <node id="33511" action="modify" visible="true" version="1" lat="48.26383208486429" lon="11.67012414119472">
    <tag k="ele" v="520.4036600999534"/>
    <tag k="mgrs_code" v="32UPU9815349071"/>
  </node>
  <node id="33512" action="modify" visible="true" version="1" lat="48.26382790449438" lon="11.670162202975074">
    <tag k="ele" v="520.4029008187354"/>
    <tag k="mgrs_code" v="32UPU9815649071"/>
  </node>
  <node id="33513" action="modify" visible="true" version="1" lat="48.26382961503658" lon="11.669844604299927">
    <tag k="ele" v="520.4871278908104"/>
    <tag k="mgrs_code" v="32UPU9813249070"/>
  </node>
  <node id="33514" action="modify" visible="true" version="1" lat="48.263808590472784" lon="11.670017056346659">
    <tag k="ele" v="520.501274372451"/>
    <tag k="mgrs_code" v="32UPU9814549068"/>
  </node>
  <node id="33515" action="modify" visible="true" version="1" lat="48.26380261983339" lon="11.670066060771044">
    <tag k="ele" v="520.4960777815431"/>
    <tag k="mgrs_code" v="32UPU9814949067"/>
  </node>
  <node id="33516" action="modify" visible="true" version="1" lat="48.26379711473602" lon="11.670116134447685">
    <tag k="ele" v="520.4900299794972"/>
    <tag k="mgrs_code" v="32UPU9815349067"/>
  </node>
  <node id="33517" action="modify" visible="true" version="1" lat="48.263794948647075" lon="11.670140881886798">
    <tag k="ele" v="520.4886022489518"/>
    <tag k="mgrs_code" v="32UPU9815449067"/>
  </node>
  <node id="33522" action="modify" visible="true" version="1" lat="48.26521774799655" lon="11.668046047255547">
    <tag k="ele" v="520.6225947635248"/>
    <tag k="mgrs_code" v="32UPU9799349220"/>
  </node>
  <node id="33523" action="modify" visible="true" version="1" lat="48.26521316796121" lon="11.6680853148109">
    <tag k="ele" v="520.5777641804889"/>
    <tag k="mgrs_code" v="32UPU9799649219"/>
  </node>
  <node id="33524" action="modify" visible="true" version="1" lat="48.2652083426229" lon="11.668124550316167">
    <tag k="ele" v="520.5315955439582"/>
    <tag k="mgrs_code" v="32UPU9799949219"/>
  </node>
  <node id="33525" action="modify" visible="true" version="1" lat="48.26518007164331" lon="11.668034539634155">
    <tag k="ele" v="520.6530105508864"/>
    <tag k="mgrs_code" v="32UPU9799349215"/>
  </node>
  <node id="33526" action="modify" visible="true" version="1" lat="48.26517518286" lon="11.668073184100002">
    <tag k="ele" v="520.62993999198"/>
    <tag k="mgrs_code" v="32UPU9799649215"/>
  </node>
  <node id="33527" action="modify" visible="true" version="1" lat="48.26517029407363" lon="11.668111828566056">
    <tag k="ele" v="520.6068694330752"/>
    <tag k="mgrs_code" v="32UPU9799849214"/>
  </node>
  <node id="33532" action="modify" visible="true" version="1" lat="48.264410567275746" lon="11.668510327679948">
    <tag k="ele" v="520.5138484612107"/>
    <tag k="mgrs_code" v="32UPU9803149131"/>
  </node>
  <node id="33533" action="modify" visible="true" version="1" lat="48.264399316493694" lon="11.668640135913336">
    <tag k="ele" v="520.502542225644"/>
    <tag k="mgrs_code" v="32UPU9804149130"/>
  </node>
  <node id="33537" action="modify" visible="true" version="1" lat="48.264180673953156" lon="11.67007818061906">
    <tag k="ele" v="520.3546829344705"/>
    <tag k="mgrs_code" v="32UPU9814849109"/>
  </node>
  <node id="33538" action="modify" visible="true" version="1" lat="48.26418425871692" lon="11.670049380108448">
    <tag k="ele" v="520.3598727416247"/>
    <tag k="mgrs_code" v="32UPU9814649110"/>
  </node>
  <node id="33539" action="modify" visible="true" version="1" lat="48.264187651748024" lon="11.670020367921838">
    <tag k="ele" v="520.3642470696941"/>
    <tag k="mgrs_code" v="32UPU9814449110"/>
  </node>
  <node id="33540" action="modify" visible="true" version="1" lat="48.26421028411235" lon="11.670084235224099">
    <tag k="ele" v="520.4277053838596"/>
    <tag k="mgrs_code" v="32UPU9814949113"/>
  </node>
  <node id="33541" action="modify" visible="true" version="1" lat="48.26422251051049" lon="11.669984203381334">
    <tag k="ele" v="520.429512177594"/>
    <tag k="mgrs_code" v="32UPU9814149114"/>
  </node>
  <node id="33542" action="modify" visible="true" version="1" lat="48.26422827275001" lon="11.669934861270002">
    <tag k="ele" v="520.42736454215"/>
    <tag k="mgrs_code" v="32UPU9813749114"/>
  </node>
  <node id="33547" action="modify" visible="true" version="1" lat="48.26415369388622" lon="11.667610306819391">
    <tag k="ele" v="520.5653019966558"/>
    <tag k="mgrs_code" v="32UPU9796549100"/>
  </node>
  <node id="33548" action="modify" visible="true" version="1" lat="48.2641523775403" lon="11.667618410953905">
    <tag k="ele" v="520.5679048979655"/>
    <tag k="mgrs_code" v="32UPU9796649100"/>
  </node>
  <node id="33549" action="modify" visible="true" version="1" lat="48.26415083966437" lon="11.667626450865605">
    <tag k="ele" v="520.5705453623086"/>
    <tag k="mgrs_code" v="32UPU9796649100"/>
  </node>
  <node id="33550" action="modify" visible="true" version="1" lat="48.26414723038341" lon="11.667642377243103">
    <tag k="ele" v="520.5757680404931"/>
    <tag k="mgrs_code" v="32UPU9796849099"/>
  </node>
  <node id="33551" action="modify" visible="true" version="1" lat="48.26413449494717" lon="11.667689623112242">
    <tag k="ele" v="520.5878931293264"/>
    <tag k="mgrs_code" v="32UPU9797149098"/>
  </node>
  <node id="33552" action="modify" visible="true" version="1" lat="48.264130488602746" lon="11.667705448420925">
    <tag k="ele" v="520.5896142488346"/>
    <tag k="mgrs_code" v="32UPU9797249098"/>
  </node>
  <node id="33553" action="modify" visible="true" version="1" lat="48.264127039025176" lon="11.66772143902715">
    <tag k="ele" v="520.5896052792668"/>
    <tag k="mgrs_code" v="32UPU9797449097"/>
  </node>
  <node id="33554" action="modify" visible="true" version="1" lat="48.26412440855174" lon="11.667737671726293">
    <tag k="ele" v="520.587524346076"/>
    <tag k="mgrs_code" v="32UPU9797549097"/>
  </node>
  <node id="33555" action="modify" visible="true" version="1" lat="48.26409224436589" lon="11.667592143513222">
    <tag k="ele" v="520.6917132223025"/>
    <tag k="mgrs_code" v="32UPU9796449093"/>
  </node>
  <node id="33556" action="modify" visible="true" version="1" lat="48.2640912236192" lon="11.667611301917072">
    <tag k="ele" v="520.6828835019842"/>
    <tag k="mgrs_code" v="32UPU9796649093"/>
  </node>
  <node id="33557" action="modify" visible="true" version="1" lat="48.264088628953886" lon="11.66764943061714">
    <tag k="ele" v="520.6700789025053"/>
    <tag k="mgrs_code" v="32UPU9796849093"/>
  </node>
  <node id="33558" action="modify" visible="true" version="1" lat="48.26408612148" lon="11.66767784117">
    <tag k="ele" v="520.66277987626"/>
    <tag k="mgrs_code" v="32UPU9797049093"/>
  </node>
  <node id="33559" action="modify" visible="true" version="1" lat="48.264086957309985" lon="11.66766837099">
    <tag k="ele" v="520.66521288501"/>
    <tag k="mgrs_code" v="32UPU9797049093"/>
  </node>
  <node id="33560" action="modify" visible="true" version="1" lat="48.26408779313" lon="11.6676589008">
    <tag k="ele" v="520.66764589376"/>
    <tag k="mgrs_code" v="32UPU9796949093"/>
  </node>
  <node id="33561" action="modify" visible="true" version="1" lat="48.26408528565924" lon="11.667687311360854">
    <tag k="ele" v="520.6603468675166"/>
    <tag k="mgrs_code" v="32UPU9797149093"/>
  </node>
  <node id="33562" action="modify" visible="true" version="1" lat="48.26408118089331" lon="11.667724944550274">
    <tag k="ele" v="520.6496067112312"/>
    <tag k="mgrs_code" v="32UPU9797449092"/>
  </node>
  <node id="33567" action="modify" visible="true" version="1" lat="48.26427063918692" lon="11.66996924988317">
    <tag k="ele" v="520.5153156276792"/>
    <tag k="mgrs_code" v="32UPU9814049119"/>
  </node>
  <node id="33568" action="modify" visible="true" version="1" lat="48.26426212038732" lon="11.670041966972263">
    <tag k="ele" v="520.5178193040192"/>
    <tag k="mgrs_code" v="32UPU9814549118"/>
  </node>
  <node id="33569" action="modify" visible="true" version="1" lat="48.26424404345874" lon="11.67018707759091">
    <tag k="ele" v="520.5234881034121"/>
    <tag k="mgrs_code" v="32UPU9815649117"/>
  </node>
  <node id="33570" action="modify" visible="true" version="1" lat="48.26422779915998" lon="11.670082842819998">
    <tag k="ele" v="520.42881208876"/>
    <tag k="mgrs_code" v="32UPU9814849115"/>
  </node>
  <node id="33571" action="modify" visible="true" version="1" lat="48.26423941287" lon="11.66998629276">
    <tag k="ele" v="520.43591757926"/>
    <tag k="mgrs_code" v="32UPU9814149116"/>
  </node>
  <node id="33572" action="modify" visible="true" version="1" lat="48.264216185452035" lon="11.670179392878616">
    <tag k="ele" v="520.4217065982521"/>
    <tag k="mgrs_code" v="32UPU9815649114"/>
  </node>
  <node id="33580" action="modify" visible="true" version="1" lat="48.26444331755787" lon="11.66849723867063">
    <tag k="ele" v="520.2610489409417"/>
    <tag k="mgrs_code" v="32UPU9803049135"/>
  </node>
  <node id="33581" action="modify" visible="true" version="1" lat="48.26441339311744" lon="11.668489067320433">
    <tag k="ele" v="520.4900913927704"/>
    <tag k="mgrs_code" v="32UPU9802949131"/>
  </node>
  <node id="33586" action="modify" visible="true" version="1" lat="48.264389507666" lon="11.668527175133699">
    <tag k="ele" v="520.5704365447164"/>
    <tag k="mgrs_code" v="32UPU9803249129"/>
  </node>
  <node id="33587" action="modify" visible="true" version="1" lat="48.26438577948675" lon="11.66861421419139">
    <tag k="ele" v="520.5192786930129"/>
    <tag k="mgrs_code" v="32UPU9803949129"/>
  </node>
  <node id="33592" action="modify" visible="true" version="1" lat="48.26420639063" lon="11.66986322179">
    <tag k="ele" v="520.37319463259"/>
    <tag k="mgrs_code" v="32UPU9813249112"/>
  </node>
  <node id="33593" action="modify" visible="true" version="1" lat="48.26420808162222" lon="11.669848519263915">
    <tag k="ele" v="520.3770231539384"/>
    <tag k="mgrs_code" v="32UPU9813149112"/>
  </node>
  <node id="33594" action="modify" visible="true" version="1" lat="48.26423615436775" lon="11.669867173357181">
    <tag k="ele" v="520.4250070080161"/>
    <tag k="mgrs_code" v="32UPU9813249115"/>
  </node>
  <node id="33595" action="modify" visible="true" version="1" lat="48.26423756216049" lon="11.669856777390164">
    <tag k="ele" v="520.419705465436"/>
    <tag k="mgrs_code" v="32UPU9813249115"/>
  </node>
  <node id="33607" action="modify" visible="true" version="1" lat="48.2641659496471" lon="11.670776283498517">
    <tag k="ele" v="520.560125223361"/>
    <tag k="mgrs_code" v="32UPU9820049110"/>
  </node>
  <node id="33608" action="modify" visible="true" version="1" lat="48.26412682440347" lon="11.670764864995574">
    <tag k="ele" v="520.4383842097595"/>
    <tag k="mgrs_code" v="32UPU9819949105"/>
  </node>
  <node id="33613" action="modify" visible="true" version="1" lat="48.2649364827183" lon="11.670554135163165">
    <tag k="ele" v="520.4579292191193"/>
    <tag k="mgrs_code" v="32UPU9818149195"/>
  </node>
  <node id="33614" action="modify" visible="true" version="1" lat="48.26493532243953" lon="11.670562899647573">
    <tag k="ele" v="520.4621238559484"/>
    <tag k="mgrs_code" v="32UPU9818149195"/>
  </node>
  <node id="33615" action="modify" visible="true" version="1" lat="48.26492865982023" lon="11.6706188851135">
    <tag k="ele" v="520.4520908929408"/>
    <tag k="mgrs_code" v="32UPU9818549194"/>
  </node>
  <node id="33616" action="modify" visible="true" version="1" lat="48.26492208057964" lon="11.670676505400689">
    <tag k="ele" v="520.4376958822832"/>
    <tag k="mgrs_code" v="32UPU9819049193"/>
  </node>
  <node id="33617" action="modify" visible="true" version="1" lat="48.26491763526374" lon="11.670713445053117">
    <tag k="ele" v="520.4377877376974"/>
    <tag k="mgrs_code" v="32UPU9819349193"/>
  </node>
  <node id="33618" action="modify" visible="true" version="1" lat="48.26491646866108" lon="11.67072155909648">
    <tag k="ele" v="520.4454517392442"/>
    <tag k="mgrs_code" v="32UPU9819349193"/>
  </node>
  <node id="33619" action="modify" visible="true" version="1" lat="48.26491499762043" lon="11.670729925022897">
    <tag k="ele" v="520.4564181650057"/>
    <tag k="mgrs_code" v="32UPU9819449193"/>
  </node>
  <node id="33620" action="modify" visible="true" version="1" lat="48.26491298627225" lon="11.670739563443838">
    <tag k="ele" v="520.4636868629605"/>
    <tag k="mgrs_code" v="32UPU9819449193"/>
  </node>
  <node id="33621" action="modify" visible="true" version="1" lat="48.264910175195595" lon="11.670748819057874">
    <tag k="ele" v="520.4666813435033"/>
    <tag k="mgrs_code" v="32UPU9819549192"/>
  </node>
  <node id="33622" action="modify" visible="true" version="1" lat="48.26490818502636" lon="11.670753296984714">
    <tag k="ele" v="520.4662270629779"/>
    <tag k="mgrs_code" v="32UPU9819649192"/>
  </node>
  <node id="33623" action="modify" visible="true" version="1" lat="48.264905952575795" lon="11.670757440795212">
    <tag k="ele" v="520.4655563067645"/>
    <tag k="mgrs_code" v="32UPU9819649192"/>
  </node>
  <node id="33624" action="modify" visible="true" version="1" lat="48.26490347821134" lon="11.67076116375153">
    <tag k="ele" v="520.464690009132"/>
    <tag k="mgrs_code" v="32UPU9819649192"/>
  </node>
  <node id="33625" action="modify" visible="true" version="1" lat="48.264900768454424" lon="11.670764378447567">
    <tag k="ele" v="520.463649100624"/>
    <tag k="mgrs_code" v="32UPU9819649191"/>
  </node>
  <node id="33626" action="modify" visible="true" version="1" lat="48.26489659399407" lon="11.67076828436645">
    <tag k="ele" v="520.4614286841825"/>
    <tag k="mgrs_code" v="32UPU9819749191"/>
  </node>
  <node id="33627" action="modify" visible="true" version="1" lat="48.26489228566476" lon="11.670771529057607">
    <tag k="ele" v="520.4581208582968"/>
    <tag k="mgrs_code" v="32UPU9819749190"/>
  </node>
  <node id="33628" action="modify" visible="true" version="1" lat="48.264887904916456" lon="11.670774136796396">
    <tag k="ele" v="520.453881512396"/>
    <tag k="mgrs_code" v="32UPU9819749190"/>
  </node>
  <node id="33629" action="modify" visible="true" version="1" lat="48.26488350333153" lon="11.670776145488919">
    <tag k="ele" v="520.448868448846"/>
    <tag k="mgrs_code" v="32UPU9819749189"/>
  </node>
  <node id="33630" action="modify" visible="true" version="1" lat="48.264874794474615" lon="11.670778562980825">
    <tag k="ele" v="520.437178272754"/>
    <tag k="mgrs_code" v="32UPU9819849188"/>
  </node>
  <node id="33631" action="modify" visible="true" version="1" lat="48.264866384033326" lon="11.670779223752024">
    <tag k="ele" v="520.4243645267561"/>
    <tag k="mgrs_code" v="32UPU9819849188"/>
  </node>
  <node id="33632" action="modify" visible="true" version="1" lat="48.264858379914635" lon="11.670778597906226">
    <tag k="ele" v="520.4117414178327"/>
    <tag k="mgrs_code" v="32UPU9819849187"/>
  </node>
  <node id="33633" action="modify" visible="true" version="1" lat="48.2648508091838" lon="11.670777141016961">
    <tag k="ele" v="520.4006231483072"/>
    <tag k="mgrs_code" v="32UPU9819849186"/>
  </node>
  <node id="33634" action="modify" visible="true" version="1" lat="48.26483684300062" lon="11.6707733985403">
    <tag k="ele" v="520.388157909736"/>
    <tag k="mgrs_code" v="32UPU9819749184"/>
  </node>
  <node id="33635" action="modify" visible="true" version="1" lat="48.26482924419184" lon="11.670771125434777">
    <tag k="ele" v="520.386388329789"/>
    <tag k="mgrs_code" v="32UPU9819749183"/>
  </node>
  <node id="33636" action="modify" visible="true" version="1" lat="48.26488150032372" lon="11.6705391076995">
    <tag k="ele" v="520.5752537157387"/>
    <tag k="mgrs_code" v="32UPU9818049189"/>
  </node>
  <node id="33637" action="modify" visible="true" version="1" lat="48.26487965175379" lon="11.670555373336247">
    <tag k="ele" v="520.5768939023837"/>
    <tag k="mgrs_code" v="32UPU9818149188"/>
  </node>
  <node id="33638" action="modify" visible="true" version="1" lat="48.264874110273816" lon="11.67060504404206">
    <tag k="ele" v="520.5785742308944"/>
    <tag k="mgrs_code" v="32UPU9818549188"/>
  </node>
  <node id="33639" action="modify" visible="true" version="1" lat="48.26486845245894" lon="11.670653642772072">
    <tag k="ele" v="520.5757825868204"/>
    <tag k="mgrs_code" v="32UPU9818849187"/>
  </node>
  <node id="33640" action="modify" visible="true" version="1" lat="48.264867531327205" lon="11.670659807754662">
    <tag k="ele" v="520.5708044692874"/>
    <tag k="mgrs_code" v="32UPU9818949187"/>
  </node>
  <node id="33641" action="modify" visible="true" version="1" lat="48.26486630209771" lon="11.67066501610141">
    <tag k="ele" v="520.5657263798639"/>
    <tag k="mgrs_code" v="32UPU9818949187"/>
  </node>
  <node id="33642" action="modify" visible="true" version="1" lat="48.26486533671792" lon="11.670667954373908">
    <tag k="ele" v="520.5674089360982"/>
    <tag k="mgrs_code" v="32UPU9818949187"/>
  </node>
  <node id="33643" action="modify" visible="true" version="1" lat="48.264862929469466" lon="11.670673002392688">
    <tag k="ele" v="520.5771204596385"/>
    <tag k="mgrs_code" v="32UPU9819049187"/>
  </node>
  <node id="33644" action="modify" visible="true" version="1" lat="48.26486152346" lon="11.670674925939998">
    <tag k="ele" v="520.57912828018"/>
    <tag k="mgrs_code" v="32UPU9819049187"/>
  </node>
  <node id="33645" action="modify" visible="true" version="1" lat="48.26486169921" lon="11.67067468549">
    <tag k="ele" v="520.57887730261"/>
    <tag k="mgrs_code" v="32UPU9819049187"/>
  </node>
  <node id="33646" action="modify" visible="true" version="1" lat="48.26486187496" lon="11.670674445050002">
    <tag k="ele" v="520.57862632504"/>
    <tag k="mgrs_code" v="32UPU9819049187"/>
  </node>
  <node id="33647" action="modify" visible="true" version="1" lat="48.26486205070999" lon="11.670674204609998">
    <tag k="ele" v="520.57837534748"/>
    <tag k="mgrs_code" v="32UPU9819049187"/>
  </node>
  <node id="33648" action="modify" visible="true" version="1" lat="48.26486222645999" lon="11.67067396416">
    <tag k="ele" v="520.57812436991"/>
    <tag k="mgrs_code" v="32UPU9819049187"/>
  </node>
  <node id="33649" action="modify" visible="true" version="1" lat="48.26486240220999" lon="11.67067372372">
    <tag k="ele" v="520.57787339234"/>
    <tag k="mgrs_code" v="32UPU9819049187"/>
  </node>
  <node id="33650" action="modify" visible="true" version="1" lat="48.26486257797" lon="11.67067348328">
    <tag k="ele" v="520.57762241477"/>
    <tag k="mgrs_code" v="32UPU9819049187"/>
  </node>
  <node id="33651" action="modify" visible="true" version="1" lat="48.26486275372" lon="11.67067324284">
    <tag k="ele" v="520.57737143721"/>
    <tag k="mgrs_code" v="32UPU9819049187"/>
  </node>
  <node id="33652" action="modify" visible="true" version="1" lat="48.264861347704134" lon="11.670675166379654">
    <tag k="ele" v="520.579379257746"/>
    <tag k="mgrs_code" v="32UPU9819049187"/>
  </node>
  <node id="33653" action="modify" visible="true" version="1" lat="48.26485980128816" lon="11.67067679509769">
    <tag k="ele" v="520.5791781628504"/>
    <tag k="mgrs_code" v="32UPU9819049187"/>
  </node>
  <node id="33654" action="modify" visible="true" version="1" lat="48.26485382978546" lon="11.670680891594968">
    <tag k="ele" v="520.5776832522824"/>
    <tag k="mgrs_code" v="32UPU9819049186"/>
  </node>
  <node id="33655" action="modify" visible="true" version="1" lat="48.264851686136446" lon="11.670681488179442">
    <tag k="ele" v="520.5772532429546"/>
    <tag k="mgrs_code" v="32UPU9819049186"/>
  </node>
  <node id="33656" action="modify" visible="true" version="1" lat="48.26484430235015" lon="11.670680692021763">
    <tag k="ele" v="520.5758786294609"/>
    <tag k="mgrs_code" v="32UPU9819049185"/>
  </node>
  <node id="33657" action="modify" visible="true" version="1" lat="48.26483498463088" lon="11.670678419453578">
    <tag k="ele" v="520.5744294403121"/>
    <tag k="mgrs_code" v="32UPU9819049184"/>
  </node>
  <node id="33658" action="modify" visible="true" version="1" lat="48.264827073671924" lon="11.670676233080341">
    <tag k="ele" v="520.5733585357666"/>
    <tag k="mgrs_code" v="32UPU9819049183"/>
  </node>
  <node id="33663" action="modify" visible="true" version="1" lat="48.2652944544703" lon="11.667487765467696">
    <tag k="ele" v="520.5877028852701"/>
    <tag k="mgrs_code" v="32UPU9795249227"/>
  </node>
  <node id="33664" action="modify" visible="true" version="1" lat="48.26529609161567" lon="11.667500118252654">
    <tag k="ele" v="520.561055470258"/>
    <tag k="mgrs_code" v="32UPU9795349227"/>
  </node>
  <node id="33665" action="modify" visible="true" version="1" lat="48.265297053952764" lon="11.667512837727735">
    <tag k="ele" v="520.5512823062018"/>
    <tag k="mgrs_code" v="32UPU9795449227"/>
  </node>
  <node id="33666" action="modify" visible="true" version="1" lat="48.2652971599291" lon="11.667517786301884">
    <tag k="ele" v="520.553995042108"/>
    <tag k="mgrs_code" v="32UPU9795449227"/>
  </node>
  <node id="33667" action="modify" visible="true" version="1" lat="48.26529641180355" lon="11.667532361068602">
    <tag k="ele" v="520.5781237548217"/>
    <tag k="mgrs_code" v="32UPU9795549227"/>
  </node>
  <node id="33668" action="modify" visible="true" version="1" lat="48.2652941040361" lon="11.667549839360985">
    <tag k="ele" v="520.6045791171491"/>
    <tag k="mgrs_code" v="32UPU9795649227"/>
  </node>
  <node id="33669" action="modify" visible="true" version="1" lat="48.26529293588818" lon="11.667557126501018">
    <tag k="ele" v="520.6048982553184"/>
    <tag k="mgrs_code" v="32UPU9795749227"/>
  </node>
  <node id="33670" action="modify" visible="true" version="1" lat="48.26529100774887" lon="11.667576283472687">
    <tag k="ele" v="520.6027461886406"/>
    <tag k="mgrs_code" v="32UPU9795849226"/>
  </node>
  <node id="33671" action="modify" visible="true" version="1" lat="48.26529021979197" lon="11.667583013078668">
    <tag k="ele" v="520.602279830724"/>
    <tag k="mgrs_code" v="32UPU9795949226"/>
  </node>
  <node id="33672" action="modify" visible="true" version="1" lat="48.26527961618883" lon="11.667673819784893">
    <tag k="ele" v="520.5753372404724"/>
    <tag k="mgrs_code" v="32UPU9796649225"/>
  </node>
  <node id="33673" action="modify" visible="true" version="1" lat="48.265275512468826" lon="11.667709868660639">
    <tag k="ele" v="520.561998879537"/>
    <tag k="mgrs_code" v="32UPU9796849225"/>
  </node>
  <node id="33674" action="modify" visible="true" version="1" lat="48.26527415574405" lon="11.66772275784383">
    <tag k="ele" v="520.5513822734356"/>
    <tag k="mgrs_code" v="32UPU9796949225"/>
  </node>
  <node id="33675" action="modify" visible="true" version="1" lat="48.26527320465361" lon="11.667729155532507">
    <tag k="ele" v="520.5446453765035"/>
    <tag k="mgrs_code" v="32UPU9797049225"/>
  </node>
  <node id="33676" action="modify" visible="true" version="1" lat="48.26527154590635" lon="11.667735441401794">
    <tag k="ele" v="520.5371394818649"/>
    <tag k="mgrs_code" v="32UPU9797049225"/>
  </node>
  <node id="33677" action="modify" visible="true" version="1" lat="48.265236435231905" lon="11.667552416758898">
    <tag k="ele" v="520.757345026359"/>
    <tag k="mgrs_code" v="32UPU9795749220"/>
  </node>
  <node id="33678" action="modify" visible="true" version="1" lat="48.26523668453729" lon="11.667555300500613">
    <tag k="ele" v="520.7459298456088"/>
    <tag k="mgrs_code" v="32UPU9795749220"/>
  </node>
  <node id="33679" action="modify" visible="true" version="1" lat="48.26523632761188" lon="11.667556985043873">
    <tag k="ele" v="520.7347959801555"/>
    <tag k="mgrs_code" v="32UPU9795749220"/>
  </node>
  <node id="33680" action="modify" visible="true" version="1" lat="48.26523499623971" lon="11.667558921456965">
    <tag k="ele" v="520.7147081093863"/>
    <tag k="mgrs_code" v="32UPU9795749220"/>
  </node>
  <node id="33681" action="modify" visible="true" version="1" lat="48.26523245469431" lon="11.66758928821745">
    <tag k="ele" v="520.6926031298935"/>
    <tag k="mgrs_code" v="32UPU9795949220"/>
  </node>
  <node id="33682" action="modify" visible="true" version="1" lat="48.265229297530006" lon="11.667616593089999">
    <tag k="ele" v="520.68909966045"/>
    <tag k="mgrs_code" v="32UPU9796249220"/>
  </node>
  <node id="33683" action="modify" visible="true" version="1" lat="48.26522992895999" lon="11.66761113212">
    <tag k="ele" v="520.68980035434"/>
    <tag k="mgrs_code" v="32UPU9796149220"/>
  </node>
  <node id="33684" action="modify" visible="true" version="1" lat="48.26523056039" lon="11.66760567114">
    <tag k="ele" v="520.69050104823"/>
    <tag k="mgrs_code" v="32UPU9796149220"/>
  </node>
  <node id="33685" action="modify" visible="true" version="1" lat="48.26523119183" lon="11.66760021017">
    <tag k="ele" v="520.69120174212"/>
    <tag k="mgrs_code" v="32UPU9796049220"/>
  </node>
  <node id="33686" action="modify" visible="true" version="1" lat="48.265231823259995" lon="11.667594749189998">
    <tag k="ele" v="520.69190243601"/>
    <tag k="mgrs_code" v="32UPU9796049220"/>
  </node>
  <node id="33687" action="modify" visible="true" version="1" lat="48.26522866609386" lon="11.667622054067616">
    <tag k="ele" v="520.6883989665657"/>
    <tag k="mgrs_code" v="32UPU9796249220"/>
  </node>
  <node id="33688" action="modify" visible="true" version="1" lat="48.26522450589684" lon="11.667655360914113">
    <tag k="ele" v="520.6861484888941"/>
    <tag k="mgrs_code" v="32UPU9796449219"/>
  </node>
  <node id="33689" action="modify" visible="true" version="1" lat="48.26522009570322" lon="11.667690651573261">
    <tag k="ele" v="520.6862866552547"/>
    <tag k="mgrs_code" v="32UPU9796749219"/>
  </node>
  <node id="33690" action="modify" visible="true" version="1" lat="48.26521582997786" lon="11.667726911800175">
    <tag k="ele" v="520.6944980248809"/>
    <tag k="mgrs_code" v="32UPU9797049218"/>
  </node>
  <node id="33695" action="modify" visible="true" version="1" lat="48.264464022779514" lon="11.668323110771427">
    <tag k="ele" v="520.328523314558"/>
    <tag k="mgrs_code" v="32UPU9801749136"/>
  </node>
  <node id="33696" action="modify" visible="true" version="1" lat="48.26449055743" lon="11.668095328700002">
    <tag k="ele" v="520.40668706689"/>
    <tag k="mgrs_code" v="32UPU9800049139"/>
  </node>
  <node id="33697" action="modify" visible="true" version="1" lat="48.26447729011" lon="11.66820921973">
    <tag k="ele" v="520.36760519072"/>
    <tag k="mgrs_code" v="32UPU9800849138"/>
  </node>
  <node id="33698" action="modify" visible="true" version="1" lat="48.264503824756325" lon="11.66798143766044">
    <tag k="ele" v="520.4457689430565"/>
    <tag k="mgrs_code" v="32UPU9799149140"/>
  </node>
  <node id="33699" action="modify" visible="true" version="1" lat="48.26449296557022" lon="11.668330668270245">
    <tag k="ele" v="520.6527365418151"/>
    <tag k="mgrs_code" v="32UPU9801749140"/>
  </node>
  <node id="33700" action="modify" visible="true" version="1" lat="48.2645140604302" lon="11.668154825490419">
    <tag k="ele" v="520.647528462112"/>
    <tag k="mgrs_code" v="32UPU9800449142"/>
  </node>
  <node id="33701" action="modify" visible="true" version="1" lat="48.26453487366643" lon="11.66797920178975">
    <tag k="ele" v="520.6410261103883"/>
    <tag k="mgrs_code" v="32UPU9799149143"/>
  </node>
  <node id="33702" action="modify" visible="true" version="1" lat="48.264542352306705" lon="11.667916728201885">
    <tag k="ele" v="520.6383970789611"/>
    <tag k="mgrs_code" v="32UPU9798649144"/>
  </node>
  <node id="33707" action="modify" visible="true" version="1" lat="48.26527094806402" lon="11.667736675080091">
    <tag k="ele" v="520.5484143020585"/>
    <tag k="mgrs_code" v="32UPU9797049225"/>
  </node>
  <node id="33708" action="modify" visible="true" version="1" lat="48.26527006872939" lon="11.667737865475711">
    <tag k="ele" v="520.559382381849"/>
    <tag k="mgrs_code" v="32UPU9797049225"/>
  </node>
  <node id="33709" action="modify" visible="true" version="1" lat="48.26526265947093" lon="11.667744680732033">
    <tag k="ele" v="520.603283751756"/>
    <tag k="mgrs_code" v="32UPU9797149224"/>
  </node>
  <node id="33710" action="modify" visible="true" version="1" lat="48.26525663928453" lon="11.667750324891935">
    <tag k="ele" v="520.6107131550089"/>
    <tag k="mgrs_code" v="32UPU9797149223"/>
  </node>
  <node id="33711" action="modify" visible="true" version="1" lat="48.26525404420321" lon="11.66775319116645">
    <tag k="ele" v="520.6133717577904"/>
    <tag k="mgrs_code" v="32UPU9797249223"/>
  </node>
  <node id="33712" action="modify" visible="true" version="1" lat="48.26525256938908" lon="11.667756226775781">
    <tag k="ele" v="520.616910549812"/>
    <tag k="mgrs_code" v="32UPU9797249223"/>
  </node>
  <node id="33713" action="modify" visible="true" version="1" lat="48.26525164711594" lon="11.667761527771951">
    <tag k="ele" v="520.6262588016689"/>
    <tag k="mgrs_code" v="32UPU9797249223"/>
  </node>
  <node id="33714" action="modify" visible="true" version="1" lat="48.26525100072285" lon="11.66776687136145">
    <tag k="ele" v="520.634136127308"/>
    <tag k="mgrs_code" v="32UPU9797349222"/>
  </node>
  <node id="33715" action="modify" visible="true" version="1" lat="48.26523826416343" lon="11.667872854947545">
    <tag k="ele" v="520.677337191999"/>
    <tag k="mgrs_code" v="32UPU9798049221"/>
  </node>
  <node id="33716" action="modify" visible="true" version="1" lat="48.26523412034562" lon="11.667910793170705">
    <tag k="ele" v="520.670846416615"/>
    <tag k="mgrs_code" v="32UPU9798349221"/>
  </node>
  <node id="33717" action="modify" visible="true" version="1" lat="48.26520588205178" lon="11.667815697523219">
    <tag k="ele" v="520.7313111890107"/>
    <tag k="mgrs_code" v="32UPU9797649218"/>
  </node>
  <node id="33718" action="modify" visible="true" version="1" lat="48.26519662279001" lon="11.66789182211">
    <tag k="ele" v="520.72723383146"/>
    <tag k="mgrs_code" v="32UPU9798249217"/>
  </node>
  <node id="33719" action="modify" visible="true" version="1" lat="48.2651977802" lon="11.66788230654">
    <tag k="ele" v="520.72774350115"/>
    <tag k="mgrs_code" v="32UPU9798149217"/>
  </node>
  <node id="33720" action="modify" visible="true" version="1" lat="48.265198937609995" lon="11.667872790959999">
    <tag k="ele" v="520.72825317085"/>
    <tag k="mgrs_code" v="32UPU9798149217"/>
  </node>
  <node id="33721" action="modify" visible="true" version="1" lat="48.26520009502" lon="11.66786327539">
    <tag k="ele" v="520.72876284054"/>
    <tag k="mgrs_code" v="32UPU9798049217"/>
  </node>
  <node id="33722" action="modify" visible="true" version="1" lat="48.26520125242" lon="11.667853759819998">
    <tag k="ele" v="520.72927251024"/>
    <tag k="mgrs_code" v="32UPU9797949217"/>
  </node>
  <node id="33723" action="modify" visible="true" version="1" lat="48.265202409829996" lon="11.66784424424">
    <tag k="ele" v="520.72978217993"/>
    <tag k="mgrs_code" v="32UPU9797949217"/>
  </node>
  <node id="33724" action="modify" visible="true" version="1" lat="48.26520356724" lon="11.66783472867">
    <tag k="ele" v="520.73029184962"/>
    <tag k="mgrs_code" v="32UPU9797849217"/>
  </node>
  <node id="33725" action="modify" visible="true" version="1" lat="48.26520472464" lon="11.667825213099999">
    <tag k="ele" v="520.73080151932"/>
    <tag k="mgrs_code" v="32UPU9797749217"/>
  </node>
  <node id="33726" action="modify" visible="true" version="1" lat="48.26519546538686" lon="11.667901337681423">
    <tag k="ele" v="520.7267241617665"/>
    <tag k="mgrs_code" v="32UPU9798349217"/>
  </node>
  <node id="33731" action="modify" visible="true" version="1" lat="48.264824737167906" lon="11.670770260203202">
    <tag k="ele" v="520.3848828412592"/>
    <tag k="mgrs_code" v="32UPU9819749183"/>
  </node>
  <node id="33732" action="modify" visible="true" version="1" lat="48.26481856031686" lon="11.67076872513446">
    <tag k="ele" v="520.3827600674704"/>
    <tag k="mgrs_code" v="32UPU9819749182"/>
  </node>
  <node id="33733" action="modify" visible="true" version="1" lat="48.26480083107516" lon="11.670763354568841">
    <tag k="ele" v="520.3763414686546"/>
    <tag k="mgrs_code" v="32UPU9819749180"/>
  </node>
  <node id="33734" action="modify" visible="true" version="1" lat="48.26481212778" lon="11.670671951649998">
    <tag k="ele" v="520.5718960346"/>
    <tag k="mgrs_code" v="32UPU9819049181"/>
  </node>
  <node id="33735" action="modify" visible="true" version="1" lat="48.26481960073001" lon="11.670674092360002">
    <tag k="ele" v="520.57262728518"/>
    <tag k="mgrs_code" v="32UPU9819049182"/>
  </node>
  <node id="33736" action="modify" visible="true" version="1" lat="48.264804654841136" lon="11.6706698109284">
    <tag k="ele" v="520.5711647840217"/>
    <tag k="mgrs_code" v="32UPU9819049180"/>
  </node>
  <node id="33741" action="modify" visible="true" version="1" lat="48.26404091683785" lon="11.668408186124656">
    <tag k="ele" v="520.5487899780273"/>
    <tag k="mgrs_code" v="32UPU9802549090"/>
  </node>
  <node id="33742" action="modify" visible="true" version="1" lat="48.26404198999147" lon="11.668413764750875">
    <tag k="ele" v="520.5490334602073"/>
    <tag k="mgrs_code" v="32UPU9802549090"/>
  </node>
  <node id="33743" action="modify" visible="true" version="1" lat="48.26404360938686" lon="11.668419016386734">
    <tag k="ele" v="520.548625360243"/>
    <tag k="mgrs_code" v="32UPU9802649090"/>
  </node>
  <node id="33744" action="modify" visible="true" version="1" lat="48.26404566853319" lon="11.668423827415534">
    <tag k="ele" v="520.5477773034945"/>
    <tag k="mgrs_code" v="32UPU9802649090"/>
  </node>
  <node id="33745" action="modify" visible="true" version="1" lat="48.26404805628886" lon="11.66842811939503">
    <tag k="ele" v="520.5467009143904"/>
    <tag k="mgrs_code" v="32UPU9802649091"/>
  </node>
  <node id="33746" action="modify" visible="true" version="1" lat="48.264050288279996" lon="11.66843131697">
    <tag k="ele" v="520.54576397567"/>
    <tag k="mgrs_code" v="32UPU9802749091"/>
  </node>
  <node id="33747" action="modify" visible="true" version="1" lat="48.264049916279994" lon="11.66843078404">
    <tag k="ele" v="520.54592013213"/>
    <tag k="mgrs_code" v="32UPU9802649091"/>
  </node>
  <node id="33748" action="modify" visible="true" version="1" lat="48.26404954429001" lon="11.668430251110001">
    <tag k="ele" v="520.54607628858"/>
    <tag k="mgrs_code" v="32UPU9802649091"/>
  </node>
  <node id="33749" action="modify" visible="true" version="1" lat="48.26404917229" lon="11.66842971818">
    <tag k="ele" v="520.54623244503"/>
    <tag k="mgrs_code" v="32UPU9802649091"/>
  </node>
  <node id="33750" action="modify" visible="true" version="1" lat="48.26404880029" lon="11.66842918525">
    <tag k="ele" v="520.54638860149"/>
    <tag k="mgrs_code" v="32UPU9802649091"/>
  </node>
  <node id="33751" action="modify" visible="true" version="1" lat="48.26404842828999" lon="11.668428652320001">
    <tag k="ele" v="520.54654475794"/>
    <tag k="mgrs_code" v="32UPU9802649091"/>
  </node>
  <node id="33752" action="modify" visible="true" version="1" lat="48.26405066028337" lon="11.668431849894857">
    <tag k="ele" v="520.5456078192219"/>
    <tag k="mgrs_code" v="32UPU9802749091"/>
  </node>
  <node id="33753" action="modify" visible="true" version="1" lat="48.2640560920407" lon="11.668437656603048">
    <tag k="ele" v="520.544218018651"/>
    <tag k="mgrs_code" v="32UPU9802749091"/>
  </node>
  <node id="33754" action="modify" visible="true" version="1" lat="48.2640587446189" lon="11.668439860214974">
    <tag k="ele" v="520.5443445611745"/>
    <tag k="mgrs_code" v="32UPU9802749092"/>
  </node>
  <node id="33755" action="modify" visible="true" version="1" lat="48.26406163890802" lon="11.668441682128192">
    <tag k="ele" v="520.5454534320161"/>
    <tag k="mgrs_code" v="32UPU9802749092"/>
  </node>
  <node id="33756" action="modify" visible="true" version="1" lat="48.264064510228806" lon="11.668442827456587">
    <tag k="ele" v="520.5478532453999"/>
    <tag k="mgrs_code" v="32UPU9802749092"/>
  </node>
  <node id="33757" action="modify" visible="true" version="1" lat="48.26400240760097" lon="11.668421253904958">
    <tag k="ele" v="520.5050183637068"/>
    <tag k="mgrs_code" v="32UPU9802649085"/>
  </node>
  <node id="33758" action="modify" visible="true" version="1" lat="48.26400263836847" lon="11.66842974568407">
    <tag k="ele" v="520.4982481850311"/>
    <tag k="mgrs_code" v="32UPU9802749085"/>
  </node>
  <node id="33759" action="modify" visible="true" version="1" lat="48.26400331147649" lon="11.668438276921261">
    <tag k="ele" v="520.4911698233336"/>
    <tag k="mgrs_code" v="32UPU9802749086"/>
  </node>
  <node id="33760" action="modify" visible="true" version="1" lat="48.26400443574087" lon="11.668446803148514">
    <tag k="ele" v="520.4838819783181"/>
    <tag k="mgrs_code" v="32UPU9802849086"/>
  </node>
  <node id="33761" action="modify" visible="true" version="1" lat="48.264006021328925" lon="11.668455278385789">
    <tag k="ele" v="520.4764833506197"/>
    <tag k="mgrs_code" v="32UPU9802849086"/>
  </node>
  <node id="33762" action="modify" visible="true" version="1" lat="48.26400807954188" lon="11.668463653291033">
    <tag k="ele" v="520.4690726408735"/>
    <tag k="mgrs_code" v="32UPU9802949086"/>
  </node>
  <node id="33763" action="modify" visible="true" version="1" lat="48.26401062219214" lon="11.6684718731933">
    <tag k="ele" v="520.4617485469207"/>
    <tag k="mgrs_code" v="32UPU9803049086"/>
  </node>
  <node id="33764" action="modify" visible="true" version="1" lat="48.264013660458474" lon="11.668479876107813">
    <tag k="ele" v="520.4546097703278"/>
    <tag k="mgrs_code" v="32UPU9803049087"/>
  </node>
  <node id="33765" action="modify" visible="true" version="1" lat="48.26401720308907" lon="11.668487590941808">
    <tag k="ele" v="520.4477550117299"/>
    <tag k="mgrs_code" v="32UPU9803149087"/>
  </node>
  <node id="33766" action="modify" visible="true" version="1" lat="48.264021253848995" lon="11.668494936263542">
    <tag k="ele" v="520.4412829661742"/>
    <tag k="mgrs_code" v="32UPU9803149088"/>
  </node>
  <node id="33767" action="modify" visible="true" version="1" lat="48.26402580822156" lon="11.668501820196845">
    <tag k="ele" v="520.4352923417464"/>
    <tag k="mgrs_code" v="32UPU9803249088"/>
  </node>
  <node id="33768" action="modify" visible="true" version="1" lat="48.26403084959909" lon="11.668508142150477">
    <tag k="ele" v="520.429881834425"/>
    <tag k="mgrs_code" v="32UPU9803249089"/>
  </node>
  <node id="33769" action="modify" visible="true" version="1" lat="48.264036345545456" lon="11.668513797052302">
    <tag k="ele" v="520.4251501429826"/>
    <tag k="mgrs_code" v="32UPU9803349089"/>
  </node>
  <node id="33770" action="modify" visible="true" version="1" lat="48.26404224508316" lon="11.66851868236854">
    <tag k="ele" v="520.4211959671229"/>
    <tag k="mgrs_code" v="32UPU9803349090"/>
  </node>
  <node id="33771" action="modify" visible="true" version="1" lat="48.26404847815389" lon="11.668522707367245">
    <tag k="ele" v="520.4181180112064"/>
    <tag k="mgrs_code" v="32UPU9803349091"/>
  </node>
  <node id="33772" action="modify" visible="true" version="1" lat="48.26405495815821" lon="11.668525803021643">
    <tag k="ele" v="520.4160149712116"/>
    <tag k="mgrs_code" v="32UPU9803449092"/>
  </node>
  <node id="33777" action="modify" visible="true" version="1" lat="48.26439483644641" lon="11.668530234099446">
    <tag k="ele" v="520.5594995645806"/>
    <tag k="mgrs_code" v="32UPU9803349129"/>
  </node>
  <node id="33778" action="modify" visible="true" version="1" lat="48.26439958652675" lon="11.668534929223318">
    <tag k="ele" v="520.5576812382787"/>
    <tag k="mgrs_code" v="32UPU9803349130"/>
  </node>
  <node id="33779" action="modify" visible="true" version="1" lat="48.26440392450502" lon="11.668540774356437">
    <tag k="ele" v="520.5548785524443"/>
    <tag k="mgrs_code" v="32UPU9803349130"/>
  </node>
  <node id="33780" action="modify" visible="true" version="1" lat="48.264407773523914" lon="11.668547440319154">
    <tag k="ele" v="520.5511782253161"/>
    <tag k="mgrs_code" v="32UPU9803449131"/>
  </node>
  <node id="33781" action="modify" visible="true" version="1" lat="48.264411109660806" lon="11.668554591355845">
    <tag k="ele" v="520.5466669676825"/>
    <tag k="mgrs_code" v="32UPU9803449131"/>
  </node>
  <node id="33782" action="modify" visible="true" version="1" lat="48.264413970582076" lon="11.668561905243557">
    <tag k="ele" v="520.5414314996451"/>
    <tag k="mgrs_code" v="32UPU9803549132"/>
  </node>
  <node id="33783" action="modify" visible="true" version="1" lat="48.264418736986556" lon="11.668575945990627">
    <tag k="ele" v="520.529134793207"/>
    <tag k="mgrs_code" v="32UPU9803649132"/>
  </node>
  <node id="33784" action="modify" visible="true" version="1" lat="48.26442130213938" lon="11.668584242652322">
    <tag k="ele" v="520.5203504152596"/>
    <tag k="mgrs_code" v="32UPU9803649132"/>
  </node>
  <node id="33785" action="modify" visible="true" version="1" lat="48.26442337924147" lon="11.668592429427461">
    <tag k="ele" v="520.5108003485948"/>
    <tag k="mgrs_code" v="32UPU9803749133"/>
  </node>
  <node id="33786" action="modify" visible="true" version="1" lat="48.264425010510955" lon="11.668600477715115">
    <tag k="ele" v="520.500493391417"/>
    <tag k="mgrs_code" v="32UPU9803849133"/>
  </node>
  <node id="33787" action="modify" visible="true" version="1" lat="48.26442710003702" lon="11.668616120048894">
    <tag k="ele" v="520.4776440560818"/>
    <tag k="mgrs_code" v="32UPU9803949133"/>
  </node>
  <node id="33788" action="modify" visible="true" version="1" lat="48.26442782951179" lon="11.668631175461968">
    <tag k="ele" v="520.4518728628755"/>
    <tag k="mgrs_code" v="32UPU9804049133"/>
  </node>
  <node id="33789" action="modify" visible="true" version="1" lat="48.26442772784648" lon="11.668638493980467">
    <tag k="ele" v="520.4379135910422"/>
    <tag k="mgrs_code" v="32UPU9804049133"/>
  </node>
  <node id="33790" action="modify" visible="true" version="1" lat="48.264427342406115" lon="11.668645863193571">
    <tag k="ele" v="520.4259097287431"/>
    <tag k="mgrs_code" v="32UPU9804149133"/>
  </node>
  <node id="33791" action="modify" visible="true" version="1" lat="48.26442677059966" lon="11.668653104544923">
    <tag k="ele" v="520.4082126291469"/>
    <tag k="mgrs_code" v="32UPU9804249133"/>
  </node>
  <node id="33792" action="modify" visible="true" version="1" lat="48.264382253458045" lon="11.668612632203454">
    <tag k="ele" v="520.5091580739245"/>
    <tag k="mgrs_code" v="32UPU9803949128"/>
  </node>
  <node id="33793" action="modify" visible="true" version="1" lat="48.26438611891207" lon="11.668613390763674">
    <tag k="ele" v="520.5088600311428"/>
    <tag k="mgrs_code" v="32UPU9803949129"/>
  </node>
  <node id="33794" action="modify" visible="true" version="1" lat="48.26438990996076" lon="11.668615441670475">
    <tag k="ele" v="520.5052636601031"/>
    <tag k="mgrs_code" v="32UPU9803949129"/>
  </node>
  <node id="33795" action="modify" visible="true" version="1" lat="48.26439351230951" lon="11.668619330456135">
    <tag k="ele" v="520.5000488068908"/>
    <tag k="mgrs_code" v="32UPU9803949129"/>
  </node>
  <node id="33796" action="modify" visible="true" version="1" lat="48.26439653884261" lon="11.668625221093363">
    <tag k="ele" v="520.4948953231797"/>
    <tag k="mgrs_code" v="32UPU9804049130"/>
  </node>
  <node id="33797" action="modify" visible="true" version="1" lat="48.26439750062999" lon="11.668628226520001">
    <tag k="ele" v="520.49320467856"/>
    <tag k="mgrs_code" v="32UPU9804049130"/>
  </node>
  <node id="33798" action="modify" visible="true" version="1" lat="48.26439730828" lon="11.66862762544">
    <tag k="ele" v="520.49354280749"/>
    <tag k="mgrs_code" v="32UPU9804049130"/>
  </node>
  <node id="33799" action="modify" visible="true" version="1" lat="48.26439711591999" lon="11.66862702435">
    <tag k="ele" v="520.49388093641"/>
    <tag k="mgrs_code" v="32UPU9804049130"/>
  </node>
  <node id="33800" action="modify" visible="true" version="1" lat="48.264396923559985" lon="11.668626423259997">
    <tag k="ele" v="520.49421906533"/>
    <tag k="mgrs_code" v="32UPU9804049130"/>
  </node>
  <node id="33801" action="modify" visible="true" version="1" lat="48.2643967312" lon="11.668625822179997">
    <tag k="ele" v="520.49455719426"/>
    <tag k="mgrs_code" v="32UPU9804049130"/>
  </node>
  <node id="33802" action="modify" visible="true" version="1" lat="48.2643976929915" lon="11.668628827607105">
    <tag k="ele" v="520.4928665496409"/>
    <tag k="mgrs_code" v="32UPU9804049130"/>
  </node>
  <node id="33803" action="modify" visible="true" version="1" lat="48.26439854252551" lon="11.668632779675058">
    <tag k="ele" v="520.4914830587804"/>
    <tag k="mgrs_code" v="32UPU9804049130"/>
  </node>
  <node id="33804" action="modify" visible="true" version="1" lat="48.26439905057233" lon="11.668636990236996">
    <tag k="ele" v="520.4909548377618"/>
    <tag k="mgrs_code" v="32UPU9804049130"/>
  </node>
  <node id="33805" action="modify" visible="true" version="1" lat="48.26439919003923" lon="11.66864136708944">
    <tag k="ele" v="520.4914918644354"/>
    <tag k="mgrs_code" v="32UPU9804149130"/>
  </node>
  <node id="33806" action="modify" visible="true" version="1" lat="48.264398942703515" lon="11.66864581656692">
    <tag k="ele" v="520.4933041175827"/>
    <tag k="mgrs_code" v="32UPU9804149130"/>
  </node>
  <node id="33811" action="modify" visible="true" version="1" lat="48.26398565248197" lon="11.668837952443983">
    <tag k="ele" v="520.408946570009"/>
    <tag k="mgrs_code" v="32UPU9805749085"/>
  </node>
  <node id="33812" action="modify" visible="true" version="1" lat="48.26395740899587" lon="11.669074912475434">
    <tag k="ele" v="520.376754110679"/>
    <tag k="mgrs_code" v="32UPU9807549082"/>
  </node>
  <node id="33813" action="modify" visible="true" version="1" lat="48.263943416509996" lon="11.66919158865">
    <tag k="ele" v="520.37766368547"/>
    <tag k="mgrs_code" v="32UPU9808349081"/>
  </node>
  <node id="33814" action="modify" visible="true" version="1" lat="48.263929424021626" lon="11.669308264827267">
    <tag k="ele" v="520.3785732602701"/>
    <tag k="mgrs_code" v="32UPU9809249080"/>
  </node>
  <node id="33815" action="modify" visible="true" version="1" lat="48.26395040330899" lon="11.668828318589815">
    <tag k="ele" v="520.5060242814943"/>
    <tag k="mgrs_code" v="32UPU9805649081"/>
  </node>
  <node id="33816" action="modify" visible="true" version="1" lat="48.26394511360151" lon="11.66887255488522">
    <tag k="ele" v="520.5031570987776"/>
    <tag k="mgrs_code" v="32UPU9806049080"/>
  </node>
  <node id="33817" action="modify" visible="true" version="1" lat="48.26391562315968" lon="11.669120429593411">
    <tag k="ele" v="520.4772415831685"/>
    <tag k="mgrs_code" v="32UPU9807849078"/>
  </node>
  <node id="33818" action="modify" visible="true" version="1" lat="48.263894378471875" lon="11.669298946801257">
    <tag k="ele" v="520.4892217880115"/>
    <tag k="mgrs_code" v="32UPU9809249076"/>
  </node>
  <node id="33827" action="modify" visible="true" version="1" lat="48.26466547215629" lon="11.670728595025784">
    <tag k="ele" v="520.3926768619567"/>
    <tag k="mgrs_code" v="32UPU9819549165"/>
  </node>
  <node id="33828" action="modify" visible="true" version="1" lat="48.26466387758925" lon="11.670728164651793">
    <tag k="ele" v="520.3924840716645"/>
    <tag k="mgrs_code" v="32UPU9819549165"/>
  </node>
  <node id="33829" action="modify" visible="true" version="1" lat="48.26443279004347" lon="11.670667164263378">
    <tag k="ele" v="520.381454304792"/>
    <tag k="mgrs_code" v="32UPU9819149139"/>
  </node>
  <node id="33830" action="modify" visible="true" version="1" lat="48.264323353281966" lon="11.670638360652369">
    <tag k="ele" v="520.4098617667332"/>
    <tag k="mgrs_code" v="32UPU9818949127"/>
  </node>
  <node id="33831" action="modify" visible="true" version="1" lat="48.26427855334714" lon="11.670625930335799">
    <tag k="ele" v="520.425783906132"/>
    <tag k="mgrs_code" v="32UPU9818849122"/>
  </node>
  <node id="33832" action="modify" visible="true" version="1" lat="48.264675048849675" lon="11.670635703643876">
    <tag k="ele" v="520.5500311534852"/>
    <tag k="mgrs_code" v="32UPU9818849166"/>
  </node>
  <node id="33833" action="modify" visible="true" version="1" lat="48.26462723269853" lon="11.67062296784703">
    <tag k="ele" v="520.5448798257858"/>
    <tag k="mgrs_code" v="32UPU9818749161"/>
  </node>
  <node id="33834" action="modify" visible="true" version="1" lat="48.26437312289" lon="11.670556811810002">
    <tag k="ele" v="520.52390445815"/>
    <tag k="mgrs_code" v="32UPU9818349132"/>
  </node>
  <node id="33835" action="modify" visible="true" version="1" lat="48.26445782615999" lon="11.670578863829999">
    <tag k="ele" v="520.53089624736"/>
    <tag k="mgrs_code" v="32UPU9818449142"/>
  </node>
  <node id="33836" action="modify" visible="true" version="1" lat="48.26454252943001" lon="11.670600915840001">
    <tag k="ele" v="520.53788803658"/>
    <tag k="mgrs_code" v="32UPU9818649151"/>
  </node>
  <node id="33845" action="modify" visible="true" version="1" lat="48.26494979291078" lon="11.670442896612307">
    <tag k="ele" v="520.4249223554507"/>
    <tag k="mgrs_code" v="32UPU9817249196"/>
  </node>
  <node id="33846" action="modify" visible="true" version="1" lat="48.26494032690247" lon="11.67052321052619">
    <tag k="ele" v="520.4204505784437"/>
    <tag k="mgrs_code" v="32UPU9817849195"/>
  </node>
  <node id="33847" action="modify" visible="true" version="1" lat="48.26488882674" lon="11.670476638259998">
    <tag k="ele" v="520.57139024759"/>
    <tag k="mgrs_code" v="32UPU9817549189"/>
  </node>
  <node id="33848" action="modify" visible="true" version="1" lat="48.264896153150005" lon="11.670414168819999">
    <tag k="ele" v="520.56752677945"/>
    <tag k="mgrs_code" v="32UPU9817049190"/>
  </node>
  <node id="33853" action="modify" visible="true" version="1" lat="48.264464022779514" lon="11.668323110771427">
    <tag k="ele" v="520.328523314558"/>
    <tag k="mgrs_code" v="32UPU9801749136"/>
  </node>
  <node id="33854" action="modify" visible="true" version="1" lat="48.26445367016999" lon="11.66841017472">
    <tag k="ele" v="520.29478612775"/>
    <tag k="mgrs_code" v="32UPU9802349136"/>
  </node>
  <node id="33855" action="modify" visible="true" version="1" lat="48.264433794676684" lon="11.668315217663068">
    <tag k="ele" v="520.5007245838642"/>
    <tag k="mgrs_code" v="32UPU9801649133"/>
  </node>
  <node id="33856" action="modify" visible="true" version="1" lat="48.264423708339585" lon="11.66840220510598">
    <tag k="ele" v="520.4960573771968"/>
    <tag k="mgrs_code" v="32UPU9802349132"/>
  </node>
  <node id="33861" action="modify" visible="true" version="1" lat="48.264223835938836" lon="11.670341924390316">
    <tag k="ele" v="520.5187954306602"/>
    <tag k="mgrs_code" v="32UPU9816849115"/>
  </node>
  <node id="33862" action="modify" visible="true" version="1" lat="48.2642528552265" lon="11.670349881338558">
    <tag k="ele" v="520.6101664910093"/>
    <tag k="mgrs_code" v="32UPU9816849118"/>
  </node>
  <node id="33867" action="modify" visible="true" version="1" lat="48.26432704255" lon="11.669491851149997">
    <tag k="ele" v="520.48473328026"/>
    <tag k="mgrs_code" v="32UPU9810449124"/>
  </node>
  <node id="33868" action="modify" visible="true" version="1" lat="48.264330602833205" lon="11.669714718497763">
    <tag k="ele" v="520.6051749754697"/>
    <tag k="mgrs_code" v="32UPU9812149125"/>
  </node>
  <node id="33873" action="modify" visible="true" version="1" lat="48.26520688642952" lon="11.668136067372155">
    <tag k="ele" v="520.5351687464863"/>
    <tag k="mgrs_code" v="32UPU9800049219"/>
  </node>
  <node id="33874" action="modify" visible="true" version="1" lat="48.26520361816088" lon="11.668162963291953">
    <tag k="ele" v="520.5304239811376"/>
    <tag k="mgrs_code" v="32UPU9800249218"/>
  </node>
  <node id="33875" action="modify" visible="true" version="1" lat="48.265202817733226" lon="11.66816955033026">
    <tag k="ele" v="520.529262047261"/>
    <tag k="mgrs_code" v="32UPU9800349218"/>
  </node>
  <node id="33876" action="modify" visible="true" version="1" lat="48.26517326736254" lon="11.668412729792305">
    <tag k="ele" v="520.486392935738"/>
    <tag k="mgrs_code" v="32UPU9802149216"/>
  </node>
  <node id="33877" action="modify" visible="true" version="1" lat="48.265173064495464" lon="11.668414360491562">
    <tag k="ele" v="520.4862349471077"/>
    <tag k="mgrs_code" v="32UPU9802149215"/>
  </node>
  <node id="33878" action="modify" visible="true" version="1" lat="48.2651636710767" lon="11.66816296441008">
    <tag k="ele" v="520.5778811564669"/>
    <tag k="mgrs_code" v="32UPU9800249214"/>
  </node>
  <node id="33879" action="modify" visible="true" version="1" lat="48.26515830447243" lon="11.668206212396425">
    <tag k="ele" v="520.5677054151893"/>
    <tag k="mgrs_code" v="32UPU9800649213"/>
  </node>
  <node id="33880" action="modify" visible="true" version="1" lat="48.26515062357" lon="11.66827156936">
    <tag k="ele" v="520.57689184928"/>
    <tag k="mgrs_code" v="32UPU9801049213"/>
  </node>
  <node id="33881" action="modify" visible="true" version="1" lat="48.265142942661264" lon="11.668336926316371">
    <tag k="ele" v="520.586078283377"/>
    <tag k="mgrs_code" v="32UPU9801549212"/>
  </node>
  <node id="33882" action="modify" visible="true" version="1" lat="48.26513562943818" lon="11.668399418181087">
    <tag k="ele" v="520.5731299333274"/>
    <tag k="mgrs_code" v="32UPU9802049211"/>
  </node>
  <node id="33887" action="modify" visible="true" version="1" lat="48.2651071554008" lon="11.668966964406867">
    <tag k="ele" v="520.4945771386847"/>
    <tag k="mgrs_code" v="32UPU9806249210"/>
  </node>
  <node id="33888" action="modify" visible="true" version="1" lat="48.26509282666481" lon="11.669087798235159">
    <tag k="ele" v="520.4905246095732"/>
    <tag k="mgrs_code" v="32UPU9807149208"/>
  </node>
  <node id="33889" action="modify" visible="true" version="1" lat="48.26508443729665" lon="11.669157838509564">
    <tag k="ele" v="520.4617279320955"/>
    <tag k="mgrs_code" v="32UPU9807649208"/>
  </node>
  <node id="33890" action="modify" visible="true" version="1" lat="48.26508370718616" lon="11.66916393348054">
    <tag k="ele" v="520.4611403560266"/>
    <tag k="mgrs_code" v="32UPU9807749207"/>
  </node>
  <node id="33891" action="modify" visible="true" version="1" lat="48.26508182716998" lon="11.669179627864583">
    <tag k="ele" v="520.4596275184304"/>
    <tag k="mgrs_code" v="32UPU9807849207"/>
  </node>
  <node id="33892" action="modify" visible="true" version="1" lat="48.265080102303166" lon="11.669194027044691">
    <tag k="ele" v="520.4582397220656"/>
    <tag k="mgrs_code" v="32UPU9807949207"/>
  </node>
  <node id="33893" action="modify" visible="true" version="1" lat="48.26506623798024" lon="11.669309748406011">
    <tag k="ele" v="520.5163703057915"/>
    <tag k="mgrs_code" v="32UPU9808849206"/>
  </node>
  <node id="33894" action="modify" visible="true" version="1" lat="48.26506964379709" lon="11.668954310743981">
    <tag k="ele" v="520.6258291974664"/>
    <tag k="mgrs_code" v="32UPU9806149205"/>
  </node>
  <node id="33895" action="modify" visible="true" version="1" lat="48.265064788426024" lon="11.668993358316108">
    <tag k="ele" v="520.6275411965325"/>
    <tag k="mgrs_code" v="32UPU9806449205"/>
  </node>
  <node id="33896" action="modify" visible="true" version="1" lat="48.26505973891922" lon="11.66903234343893">
    <tag k="ele" v="520.6287757856771"/>
    <tag k="mgrs_code" v="32UPU9806749204"/>
  </node>
  <node id="33897" action="modify" visible="true" version="1" lat="48.26505409341999" lon="11.66907693193">
    <tag k="ele" v="520.62924779796"/>
    <tag k="mgrs_code" v="32UPU9807149204"/>
  </node>
  <node id="33898" action="modify" visible="true" version="1" lat="48.26505691617" lon="11.669054637679999">
    <tag k="ele" v="520.62901179182"/>
    <tag k="mgrs_code" v="32UPU9806949204"/>
  </node>
  <node id="33899" action="modify" visible="true" version="1" lat="48.26505127066396" lon="11.66909922617674">
    <tag k="ele" v="520.6294838041067"/>
    <tag k="mgrs_code" v="32UPU9807249204"/>
  </node>
  <node id="33900" action="modify" visible="true" version="1" lat="48.26502753752091" lon="11.669299362892433">
    <tag k="ele" v="520.622262022458"/>
    <tag k="mgrs_code" v="32UPU9808749202"/>
  </node>
  <node id="33905" action="modify" visible="true" version="1" lat="48.26416987501497" lon="11.667694598180363">
    <tag k="ele" v="520.5885201580822"/>
    <tag k="mgrs_code" v="32UPU9797149102"/>
  </node>
  <node id="33906" action="modify" visible="true" version="1" lat="48.26420806168772" lon="11.66770596198617">
    <tag k="ele" v="520.5838691927493"/>
    <tag k="mgrs_code" v="32UPU9797249106"/>
  </node>
  <node id="33907" action="modify" visible="true" version="1" lat="48.26424632352461" lon="11.667716731491309">
    <tag k="ele" v="520.5792182302102"/>
    <tag k="mgrs_code" v="32UPU9797349111"/>
  </node>
  <node id="33908" action="modify" visible="true" version="1" lat="48.264323002658024" lon="11.667736964246684">
    <tag k="ele" v="520.5699163088575"/>
    <tag k="mgrs_code" v="32UPU9797449119"/>
  </node>
  <node id="33909" action="modify" visible="true" version="1" lat="48.26447656880709" lon="11.66777555621011">
    <tag k="ele" v="520.5513124568388"/>
    <tag k="mgrs_code" v="32UPU9797649136"/>
  </node>
  <node id="33910" action="modify" visible="true" version="1" lat="48.26416626412659" lon="11.667723511194305">
    <tag k="ele" v="520.6353239333257"/>
    <tag k="mgrs_code" v="32UPU9797449102"/>
  </node>
  <node id="33911" action="modify" visible="true" version="1" lat="48.26424042713742" lon="11.667743908234966">
    <tag k="ele" v="520.6348634231836"/>
    <tag k="mgrs_code" v="32UPU9797549110"/>
  </node>
  <node id="33912" action="modify" visible="true" version="1" lat="48.26431463407738" lon="11.667763508979103">
    <tag k="ele" v="520.6296614268795"/>
    <tag k="mgrs_code" v="32UPU9797649118"/>
  </node>
  <node id="33913" action="modify" visible="true" version="1" lat="48.264463039388446" lon="11.66780146115424">
    <tag k="ele" v="520.605032959953"/>
    <tag k="mgrs_code" v="32UPU9797849135"/>
  </node>
  <node id="33914" action="modify" visible="true" version="1" lat="48.26447334341517" lon="11.667804020875836">
    <tag k="ele" v="520.5529773952439"/>
    <tag k="mgrs_code" v="32UPU9797849136"/>
  </node>
  <node id="33919" action="modify" visible="true" version="1" lat="48.265268331031585" lon="11.667448352574702">
    <tag k="ele" v="520.5042013078928"/>
    <tag k="mgrs_code" v="32UPU9794949224"/>
  </node>
  <node id="33920" action="modify" visible="true" version="1" lat="48.26527078406859" lon="11.667449581207821">
    <tag k="ele" v="520.5130382692441"/>
    <tag k="mgrs_code" v="32UPU9794949224"/>
  </node>
  <node id="33921" action="modify" visible="true" version="1" lat="48.26527559502869" lon="11.66745315457784">
    <tag k="ele" v="520.5298477942124"/>
    <tag k="mgrs_code" v="32UPU9794949224"/>
  </node>
  <node id="33922" action="modify" visible="true" version="1" lat="48.26528040554402" lon="11.667458249006245">
    <tag k="ele" v="520.5454895365983"/>
    <tag k="mgrs_code" v="32UPU9795049225"/>
  </node>
  <node id="33923" action="modify" visible="true" version="1" lat="48.26528530568376" lon="11.66746490115956">
    <tag k="ele" v="520.5599451856688"/>
    <tag k="mgrs_code" v="32UPU9795049226"/>
  </node>
  <node id="33924" action="modify" visible="true" version="1" lat="48.265287935733" lon="11.667469480632779">
    <tag k="ele" v="520.5674487994984"/>
    <tag k="mgrs_code" v="32UPU9795049226"/>
  </node>
  <node id="33925" action="modify" visible="true" version="1" lat="48.265290334079765" lon="11.667474888561799">
    <tag k="ele" v="520.574578370899"/>
    <tag k="mgrs_code" v="32UPU9795149226"/>
  </node>
  <node id="33926" action="modify" visible="true" version="1" lat="48.26529250754292" lon="11.667481021417704">
    <tag k="ele" v="520.5813307752833"/>
    <tag k="mgrs_code" v="32UPU9795149226"/>
  </node>
  <node id="33927" action="modify" visible="true" version="1" lat="48.26521701931489" lon="11.667530622500587">
    <tag k="ele" v="520.6910330718383"/>
    <tag k="mgrs_code" v="32UPU9795549218"/>
  </node>
  <node id="33928" action="modify" visible="true" version="1" lat="48.265224937217845" lon="11.667532974239561">
    <tag k="ele" v="520.6932901721448"/>
    <tag k="mgrs_code" v="32UPU9795549219"/>
  </node>
  <node id="33929" action="modify" visible="true" version="1" lat="48.26522776542011" lon="11.667535232286864">
    <tag k="ele" v="520.6943239700049"/>
    <tag k="mgrs_code" v="32UPU9795549219"/>
  </node>
  <node id="33930" action="modify" visible="true" version="1" lat="48.26523097268999" lon="11.667539676540002">
    <tag k="ele" v="520.69579098684"/>
    <tag k="mgrs_code" v="32UPU9795649220"/>
  </node>
  <node id="33931" action="modify" visible="true" version="1" lat="48.265229369059995" lon="11.66753745442">
    <tag k="ele" v="520.69505747842"/>
    <tag k="mgrs_code" v="32UPU9795649219"/>
  </node>
  <node id="33932" action="modify" visible="true" version="1" lat="48.26523257632815" lon="11.667541898671379">
    <tag k="ele" v="520.6965244952589"/>
    <tag k="mgrs_code" v="32UPU9795649220"/>
  </node>
  <node id="33933" action="modify" visible="true" version="1" lat="48.26523388249008" lon="11.667544213196212">
    <tag k="ele" v="520.7064449395984"/>
    <tag k="mgrs_code" v="32UPU9795649220"/>
  </node>
  <node id="33934" action="modify" visible="true" version="1" lat="48.26523607438331" lon="11.667550888451029">
    <tag k="ele" v="520.7568696411327"/>
    <tag k="mgrs_code" v="32UPU9795749220"/>
  </node>
  <node id="33939" action="modify" visible="true" version="1" lat="48.26502154192291" lon="11.669687068375051">
    <tag k="ele" v="520.4740837169811"/>
    <tag k="mgrs_code" v="32UPU9811649202"/>
  </node>
  <node id="33940" action="modify" visible="true" version="1" lat="48.26501205467781" lon="11.669767571503428">
    <tag k="ele" v="520.4826147314161"/>
    <tag k="mgrs_code" v="32UPU9812249201"/>
  </node>
  <node id="33941" action="modify" visible="true" version="1" lat="48.265002370156296" lon="11.66984803270566">
    <tag k="ele" v="520.4816534025595"/>
    <tag k="mgrs_code" v="32UPU9812849200"/>
  </node>
  <node id="33942" action="modify" visible="true" version="1" lat="48.26499750040006" lon="11.669887861346457">
    <tag k="ele" v="520.4752194024622"/>
    <tag k="mgrs_code" v="32UPU9813149200"/>
  </node>
  <node id="33943" action="modify" visible="true" version="1" lat="48.264973248213934" lon="11.669760001804848">
    <tag k="ele" v="520.6191189140081"/>
    <tag k="mgrs_code" v="32UPU9812249197"/>
  </node>
  <node id="33944" action="modify" visible="true" version="1" lat="48.264959201370004" lon="11.66987909607">
    <tag k="ele" v="520.60193179571"/>
    <tag k="mgrs_code" v="32UPU9813049196"/>
  </node>
  <node id="33945" action="modify" visible="true" version="1" lat="48.26496388365" lon="11.66983939798">
    <tag k="ele" v="520.60766083514"/>
    <tag k="mgrs_code" v="32UPU9812749196"/>
  </node>
  <node id="33946" action="modify" visible="true" version="1" lat="48.26496856593" lon="11.66979969989">
    <tag k="ele" v="520.61338987458"/>
    <tag k="mgrs_code" v="32UPU9812549196"/>
  </node>
  <node id="33955" action="modify" visible="true" version="1" lat="48.265171914359996" lon="11.66842389955">
    <tag k="ele" v="520.48831683863"/>
    <tag k="mgrs_code" v="32UPU9802249215"/>
  </node>
  <node id="33956" action="modify" visible="true" version="1" lat="48.26517076422714" lon="11.668433438600418">
    <tag k="ele" v="520.4903987301514"/>
    <tag k="mgrs_code" v="32UPU9802249215"/>
  </node>
  <node id="33957" action="modify" visible="true" version="1" lat="48.26513474804068" lon="11.668406243680042">
    <tag k="ele" v="520.5724095897749"/>
    <tag k="mgrs_code" v="32UPU9802049211"/>
  </node>
  <node id="33958" action="modify" visible="true" version="1" lat="48.265133235081294" lon="11.668418386683383">
    <tag k="ele" v="520.5718194926158"/>
    <tag k="mgrs_code" v="32UPU9802149211"/>
  </node>
  <node id="33967" action="modify" visible="true" version="1" lat="48.264697577187135" lon="11.667293432396596">
    <tag k="ele" v="520.5355163104832"/>
    <tag k="mgrs_code" v="32UPU9794049160"/>
  </node>
  <node id="33968" action="modify" visible="true" version="1" lat="48.26472213946257" lon="11.667299394935577">
    <tag k="ele" v="520.5327900573611"/>
    <tag k="mgrs_code" v="32UPU9794049163"/>
  </node>
  <node id="33969" action="modify" visible="true" version="1" lat="48.26474447225" lon="11.667305352199998">
    <tag k="ele" v="520.53105365392"/>
    <tag k="mgrs_code" v="32UPU9794049165"/>
  </node>
  <node id="33970" action="modify" visible="true" version="1" lat="48.26474199082999" lon="11.66730469028">
    <tag k="ele" v="520.53124658763"/>
    <tag k="mgrs_code" v="32UPU9794049165"/>
  </node>
  <node id="33971" action="modify" visible="true" version="1" lat="48.26473950941" lon="11.66730402836">
    <tag k="ele" v="520.53143952135"/>
    <tag k="mgrs_code" v="32UPU9794049164"/>
  </node>
  <node id="33972" action="modify" visible="true" version="1" lat="48.26473702799" lon="11.66730336644">
    <tag k="ele" v="520.53163245507"/>
    <tag k="mgrs_code" v="32UPU9794049164"/>
  </node>
  <node id="33973" action="modify" visible="true" version="1" lat="48.26473454657" lon="11.66730270452">
    <tag k="ele" v="520.53182538878"/>
    <tag k="mgrs_code" v="32UPU9794049164"/>
  </node>
  <node id="33974" action="modify" visible="true" version="1" lat="48.26473206514999" lon="11.667302042609998">
    <tag k="ele" v="520.5320183225"/>
    <tag k="mgrs_code" v="32UPU9794049164"/>
  </node>
  <node id="33975" action="modify" visible="true" version="1" lat="48.264729583729995" lon="11.66730138069">
    <tag k="ele" v="520.53221125621"/>
    <tag k="mgrs_code" v="32UPU9794049163"/>
  </node>
  <node id="33976" action="modify" visible="true" version="1" lat="48.26472710230001" lon="11.66730071877">
    <tag k="ele" v="520.53240418993"/>
    <tag k="mgrs_code" v="32UPU9794049163"/>
  </node>
  <node id="33977" action="modify" visible="true" version="1" lat="48.26472462087999" lon="11.667300056849998">
    <tag k="ele" v="520.53259712365"/>
    <tag k="mgrs_code" v="32UPU9794049163"/>
  </node>
  <node id="33978" action="modify" visible="true" version="1" lat="48.26474695367335" lon="11.66730601411398">
    <tag k="ele" v="520.5308607202023"/>
    <tag k="mgrs_code" v="32UPU9794049165"/>
  </node>
  <node id="33979" action="modify" visible="true" version="1" lat="48.26484812723466" lon="11.667334926552702">
    <tag k="ele" v="520.5314998719841"/>
    <tag k="mgrs_code" v="32UPU9794249177"/>
  </node>
  <node id="33980" action="modify" visible="true" version="1" lat="48.26466846482823" lon="11.667362737551457">
    <tag k="ele" v="520.6780272126198"/>
    <tag k="mgrs_code" v="32UPU9794549157"/>
  </node>
  <node id="33981" action="modify" visible="true" version="1" lat="48.26466994831985" lon="11.667363618474605">
    <tag k="ele" v="520.6742531210184"/>
    <tag k="mgrs_code" v="32UPU9794549157"/>
  </node>
  <node id="33982" action="modify" visible="true" version="1" lat="48.26467284858368" lon="11.667366279831436">
    <tag k="ele" v="520.666409438476"/>
    <tag k="mgrs_code" v="32UPU9794549157"/>
  </node>
  <node id="33983" action="modify" visible="true" version="1" lat="48.264678540865724" lon="11.66737353763389">
    <tag k="ele" v="520.6495401738212"/>
    <tag k="mgrs_code" v="32UPU9794649158"/>
  </node>
  <node id="33984" action="modify" visible="true" version="1" lat="48.26468090299788" lon="11.667377574566538">
    <tag k="ele" v="520.6404858194292"/>
    <tag k="mgrs_code" v="32UPU9794649158"/>
  </node>
  <node id="33985" action="modify" visible="true" version="1" lat="48.26468560617179" lon="11.667386700586137">
    <tag k="ele" v="520.6215298585594"/>
    <tag k="mgrs_code" v="32UPU9794749159"/>
  </node>
  <node id="33986" action="modify" visible="true" version="1" lat="48.26468683877084" lon="11.667388258314487">
    <tag k="ele" v="520.6187105914578"/>
    <tag k="mgrs_code" v="32UPU9794749159"/>
  </node>
  <node id="33987" action="modify" visible="true" version="1" lat="48.26468811198143" lon="11.667389202783825">
    <tag k="ele" v="520.6173779228702"/>
    <tag k="mgrs_code" v="32UPU9794749159"/>
  </node>
  <node id="33988" action="modify" visible="true" version="1" lat="48.26469399770071" lon="11.667390896736801">
    <tag k="ele" v="520.6216454133391"/>
    <tag k="mgrs_code" v="32UPU9794749160"/>
  </node>
  <node id="33989" action="modify" visible="true" version="1" lat="48.264708313309804" lon="11.667394515142757">
    <tag k="ele" v="520.642725857906"/>
    <tag k="mgrs_code" v="32UPU9794749161"/>
  </node>
  <node id="33990" action="modify" visible="true" version="1" lat="48.264751044069506" lon="11.66740344686992">
    <tag k="ele" v="520.7133434312418"/>
    <tag k="mgrs_code" v="32UPU9794849166"/>
  </node>
  <node id="33991" action="modify" visible="true" version="1" lat="48.264773407251774" lon="11.66740892020188">
    <tag k="ele" v="520.7109323777258"/>
    <tag k="mgrs_code" v="32UPU9794849168"/>
  </node>
  <node id="33992" action="modify" visible="true" version="1" lat="48.26483959466246" lon="11.667427166931056">
    <tag k="ele" v="520.7008577799425"/>
    <tag k="mgrs_code" v="32UPU9794949176"/>
  </node>
  <node id="33997" action="modify" visible="true" version="1" lat="48.26415263520983" lon="11.667618310645175">
    <tag k="ele" v="520.5833543231711"/>
    <tag k="mgrs_code" v="32UPU9796649100"/>
  </node>
  <node id="33998" action="modify" visible="true" version="1" lat="48.26415156606383" lon="11.66762600238078">
    <tag k="ele" v="520.5920178061351"/>
    <tag k="mgrs_code" v="32UPU9796649100"/>
  </node>
  <node id="33999" action="modify" visible="true" version="1" lat="48.26415085087469" lon="11.667634501999254">
    <tag k="ele" v="520.597121367231"/>
    <tag k="mgrs_code" v="32UPU9796749100"/>
  </node>
  <node id="34000" action="modify" visible="true" version="1" lat="48.26415078957802" lon="11.66764237937092">
    <tag k="ele" v="520.5991763146594"/>
    <tag k="mgrs_code" v="32UPU9796849100"/>
  </node>
  <node id="34001" action="modify" visible="true" version="1" lat="48.26415153508065" lon="11.66765141119158">
    <tag k="ele" v="520.6008067540824"/>
    <tag k="mgrs_code" v="32UPU9796849100"/>
  </node>
  <node id="34002" action="modify" visible="true" version="1" lat="48.26415349406749" lon="11.667661281788945">
    <tag k="ele" v="520.6016702512279"/>
    <tag k="mgrs_code" v="32UPU9796949100"/>
  </node>
  <node id="34003" action="modify" visible="true" version="1" lat="48.26415630228998" lon="11.66766973535">
    <tag k="ele" v="520.6014653556"/>
    <tag k="mgrs_code" v="32UPU9797049101"/>
  </node>
  <node id="34004" action="modify" visible="true" version="1" lat="48.26415574064999" lon="11.66766804463">
    <tag k="ele" v="520.60150633473"/>
    <tag k="mgrs_code" v="32UPU9796949101"/>
  </node>
  <node id="34005" action="modify" visible="true" version="1" lat="48.264155179" lon="11.667666353919998">
    <tag k="ele" v="520.60154731385"/>
    <tag k="mgrs_code" v="32UPU9796949100"/>
  </node>
  <node id="34006" action="modify" visible="true" version="1" lat="48.26415461736001" lon="11.667664663210001">
    <tag k="ele" v="520.60158829298"/>
    <tag k="mgrs_code" v="32UPU9796949100"/>
  </node>
  <node id="34007" action="modify" visible="true" version="1" lat="48.264154055709994" lon="11.6676629725">
    <tag k="ele" v="520.6016292721"/>
    <tag k="mgrs_code" v="32UPU9796949100"/>
  </node>
  <node id="34008" action="modify" visible="true" version="1" lat="48.26415686393963" lon="11.667671426056378">
    <tag k="ele" v="520.6014243764803"/>
    <tag k="mgrs_code" v="32UPU9797049101"/>
  </node>
  <node id="34009" action="modify" visible="true" version="1" lat="48.26415930506561" lon="11.667678096561994">
    <tag k="ele" v="520.6000730302185"/>
    <tag k="mgrs_code" v="32UPU9797049101"/>
  </node>
  <node id="34010" action="modify" visible="true" version="1" lat="48.264162137229896" lon="11.667685241328206">
    <tag k="ele" v="520.5972860911861"/>
    <tag k="mgrs_code" v="32UPU9797149101"/>
  </node>
  <node id="34011" action="modify" visible="true" version="1" lat="48.2641656512059" lon="11.667691292851023">
    <tag k="ele" v="520.5933422362432"/>
    <tag k="mgrs_code" v="32UPU9797149102"/>
  </node>
  <node id="34012" action="modify" visible="true" version="1" lat="48.264167681851944" lon="11.667693393358507">
    <tag k="ele" v="520.5910235587507"/>
    <tag k="mgrs_code" v="32UPU9797149102"/>
  </node>
  <node id="34013" action="modify" visible="true" version="1" lat="48.264092346825336" lon="11.66759028732206">
    <tag k="ele" v="520.6673482321203"/>
    <tag k="mgrs_code" v="32UPU9796449093"/>
  </node>
  <node id="34014" action="modify" visible="true" version="1" lat="48.264091310949816" lon="11.667602413023767">
    <tag k="ele" v="520.662534664385"/>
    <tag k="mgrs_code" v="32UPU9796549093"/>
  </node>
  <node id="34015" action="modify" visible="true" version="1" lat="48.26409122195864" lon="11.667615056600956">
    <tag k="ele" v="520.6586520522833"/>
    <tag k="mgrs_code" v="32UPU9796649093"/>
  </node>
  <node id="34016" action="modify" visible="true" version="1" lat="48.26409215679063" lon="11.667628023477198">
    <tag k="ele" v="520.6555777285248"/>
    <tag k="mgrs_code" v="32UPU9796749093"/>
  </node>
  <node id="34017" action="modify" visible="true" version="1" lat="48.26409417544735" lon="11.667641064230262">
    <tag k="ele" v="520.6531890286133"/>
    <tag k="mgrs_code" v="32UPU9796849094"/>
  </node>
  <node id="34018" action="modify" visible="true" version="1" lat="48.26409730349369" lon="11.667653877170714">
    <tag k="ele" v="520.6513632889837"/>
    <tag k="mgrs_code" v="32UPU9796949094"/>
  </node>
  <node id="34019" action="modify" visible="true" version="1" lat="48.264101513734516" lon="11.667666126855144">
    <tag k="ele" v="520.6499778423458"/>
    <tag k="mgrs_code" v="32UPU9797049094"/>
  </node>
  <node id="34020" action="modify" visible="true" version="1" lat="48.26410399851776" lon="11.66767193513181">
    <tag k="ele" v="520.6494118990377"/>
    <tag k="mgrs_code" v="32UPU9797049095"/>
  </node>
  <node id="34021" action="modify" visible="true" version="1" lat="48.26410963923386" lon="11.667682730202246">
    <tag k="ele" v="520.6484569003806"/>
    <tag k="mgrs_code" v="32UPU9797149095"/>
  </node>
  <node id="34022" action="modify" visible="true" version="1" lat="48.2641160191229" lon="11.667692239389778">
    <tag k="ele" v="520.6476355362684"/>
    <tag k="mgrs_code" v="32UPU9797149096"/>
  </node>
  <node id="34023" action="modify" visible="true" version="1" lat="48.26412292745633" lon="11.667700331153503">
    <tag k="ele" v="520.6468251431361"/>
    <tag k="mgrs_code" v="32UPU9797249097"/>
  </node>
  <node id="34024" action="modify" visible="true" version="1" lat="48.264130155009674" lon="11.667706990505724">
    <tag k="ele" v="520.6459030527622"/>
    <tag k="mgrs_code" v="32UPU9797249098"/>
  </node>
  <node id="34025" action="modify" visible="true" version="1" lat="48.26413752075469" lon="11.667712302071982">
    <tag k="ele" v="520.6447466043755"/>
    <tag k="mgrs_code" v="32UPU9797349099"/>
  </node>
  <node id="34026" action="modify" visible="true" version="1" lat="48.26414488676014" lon="11.667716418715553">
    <tag k="ele" v="520.6432331325486"/>
    <tag k="mgrs_code" v="32UPU9797349099"/>
  </node>
  <node id="34027" action="modify" visible="true" version="1" lat="48.26415216114179" lon="11.667719528672208">
    <tag k="ele" v="520.6412399746478"/>
    <tag k="mgrs_code" v="32UPU9797349100"/>
  </node>
  <node id="34028" action="modify" visible="true" version="1" lat="48.26415929303075" lon="11.667721829485936">
    <tag k="ele" v="520.63864446152"/>
    <tag k="mgrs_code" v="32UPU9797349101"/>
  </node>
  <node id="34037" action="modify" visible="true" version="1" lat="48.26451778939401" lon="11.667864116134638">
    <tag k="ele" v="520.5021564457566"/>
    <tag k="mgrs_code" v="32UPU9798349141"/>
  </node>
  <node id="34038" action="modify" visible="true" version="1" lat="48.264517984838406" lon="11.667860566138554">
    <tag k="ele" v="520.51506216079"/>
    <tag k="mgrs_code" v="32UPU9798249141"/>
  </node>
  <node id="34039" action="modify" visible="true" version="1" lat="48.2645181677616" lon="11.66785332884801">
    <tag k="ele" v="520.5163066908717"/>
    <tag k="mgrs_code" v="32UPU9798249141"/>
  </node>
  <node id="34040" action="modify" visible="true" version="1" lat="48.264517919342836" lon="11.667846137828759">
    <tag k="ele" v="520.5180535363033"/>
    <tag k="mgrs_code" v="32UPU9798149141"/>
  </node>
  <node id="34041" action="modify" visible="true" version="1" lat="48.26451726098727" lon="11.66783903124365">
    <tag k="ele" v="520.52022422757"/>
    <tag k="mgrs_code" v="32UPU9798149141"/>
  </node>
  <node id="34042" action="modify" visible="true" version="1" lat="48.264516208848" lon="11.667832043849701">
    <tag k="ele" v="520.5227403016761"/>
    <tag k="mgrs_code" v="32UPU9798049141"/>
  </node>
  <node id="34043" action="modify" visible="true" version="1" lat="48.264514774117" lon="11.667825210087114">
    <tag k="ele" v="520.5255232965574"/>
    <tag k="mgrs_code" v="32UPU9798049141"/>
  </node>
  <node id="34044" action="modify" visible="true" version="1" lat="48.26451296352327" lon="11.66781856695291">
    <tag k="ele" v="520.5284947492182"/>
    <tag k="mgrs_code" v="32UPU9797949141"/>
  </node>
  <node id="34045" action="modify" visible="true" version="1" lat="48.26451078018751" lon="11.667812156865148">
    <tag k="ele" v="520.5315761966631"/>
    <tag k="mgrs_code" v="32UPU9797949140"/>
  </node>
  <node id="34046" action="modify" visible="true" version="1" lat="48.26450822512046" lon="11.667806030517204">
    <tag k="ele" v="520.534689172171"/>
    <tag k="mgrs_code" v="32UPU9797849140"/>
  </node>
  <node id="34047" action="modify" visible="true" version="1" lat="48.26450529975477" lon="11.667800249353025">
    <tag k="ele" v="520.5377552146092"/>
    <tag k="mgrs_code" v="32UPU9797849140"/>
  </node>
  <node id="34048" action="modify" visible="true" version="1" lat="48.26450200986949" lon="11.667794886685478">
    <tag k="ele" v="520.5406958609819"/>
    <tag k="mgrs_code" v="32UPU9797849139"/>
  </node>
  <node id="34049" action="modify" visible="true" version="1" lat="48.26449837085975" lon="11.667790025715513">
    <tag k="ele" v="520.543432649225"/>
    <tag k="mgrs_code" v="32UPU9797749139"/>
  </node>
  <node id="34050" action="modify" visible="true" version="1" lat="48.26449441328563" lon="11.667785752340885">
    <tag k="ele" v="520.5458871098235"/>
    <tag k="mgrs_code" v="32UPU9797749138"/>
  </node>
  <node id="34051" action="modify" visible="true" version="1" lat="48.2644901861931" lon="11.66778214182289">
    <tag k="ele" v="520.5479807853699"/>
    <tag k="mgrs_code" v="32UPU9797749138"/>
  </node>
  <node id="34052" action="modify" visible="true" version="1" lat="48.26448575506029" lon="11.667779241919526">
    <tag k="ele" v="520.5496352119371"/>
    <tag k="mgrs_code" v="32UPU9797649137"/>
  </node>
  <node id="34053" action="modify" visible="true" version="1" lat="48.26448119310642" lon="11.667777059274492">
    <tag k="ele" v="520.5507719218731"/>
    <tag k="mgrs_code" v="32UPU9797649137"/>
  </node>
  <node id="34054" action="modify" visible="true" version="1" lat="48.26447656880709" lon="11.66777555621011">
    <tag k="ele" v="520.5513124568388"/>
    <tag k="mgrs_code" v="32UPU9797649136"/>
  </node>
  <node id="34055" action="modify" visible="true" version="1" lat="48.26454818645243" lon="11.667870191159006">
    <tag k="ele" v="520.6225455198437"/>
    <tag k="mgrs_code" v="32UPU9798349145"/>
  </node>
  <node id="34056" action="modify" visible="true" version="1" lat="48.26454884400582" lon="11.667858891448654">
    <tag k="ele" v="520.6171858673915"/>
    <tag k="mgrs_code" v="32UPU9798249145"/>
  </node>
  <node id="34057" action="modify" visible="true" version="1" lat="48.26454851512608" lon="11.667847709507521">
    <tag k="ele" v="520.6124729113653"/>
    <tag k="mgrs_code" v="32UPU9798149145"/>
  </node>
  <node id="34058" action="modify" visible="true" version="1" lat="48.26454728415041" lon="11.66783674131541">
    <tag k="ele" v="520.6083129206672"/>
    <tag k="mgrs_code" v="32UPU9798049144"/>
  </node>
  <node id="34059" action="modify" visible="true" version="1" lat="48.26454522458879" lon="11.667826060736699">
    <tag k="ele" v="520.6046121763065"/>
    <tag k="mgrs_code" v="32UPU9798049144"/>
  </node>
  <node id="34060" action="modify" visible="true" version="1" lat="48.2645423987601" lon="11.667815729159225">
    <tag k="ele" v="520.601276951842"/>
    <tag k="mgrs_code" v="32UPU9797949144"/>
  </node>
  <node id="34061" action="modify" visible="true" version="1" lat="48.26453885814183" lon="11.667805803641397">
    <tag k="ele" v="520.5982135180384"/>
    <tag k="mgrs_code" v="32UPU9797849143"/>
  </node>
  <node id="34062" action="modify" visible="true" version="1" lat="48.26453464462611" lon="11.66779634467633">
    <tag k="ele" v="520.5953281540424"/>
    <tag k="mgrs_code" v="32UPU9797849143"/>
  </node>
  <node id="34063" action="modify" visible="true" version="1" lat="48.26453221903001" lon="11.667791884360001">
    <tag k="ele" v="520.59392764233"/>
    <tag k="mgrs_code" v="32UPU9797749143"/>
  </node>
  <node id="34064" action="modify" visible="true" version="1" lat="48.26452979342471" lon="11.667787424053362">
    <tag k="ele" v="520.5925271306187"/>
    <tag k="mgrs_code" v="32UPU9797749142"/>
  </node>
  <node id="34065" action="modify" visible="true" version="1" lat="48.264524338824216" lon="11.667779132131601">
    <tag k="ele" v="520.5897167250514"/>
    <tag k="mgrs_code" v="32UPU9797649142"/>
  </node>
  <node id="34066" action="modify" visible="true" version="1" lat="48.26451832395853" lon="11.667771581711333">
    <tag k="ele" v="520.5868032090366"/>
    <tag k="mgrs_code" v="32UPU9797649141"/>
  </node>
  <node id="34067" action="modify" visible="true" version="1" lat="48.26451181427403" lon="11.667764902805512">
    <tag k="ele" v="520.5836928607896"/>
    <tag k="mgrs_code" v="32UPU9797549140"/>
  </node>
  <node id="34068" action="modify" visible="true" version="1" lat="48.264508403751925" lon="11.667761930653679">
    <tag k="ele" v="520.5820345869288"/>
    <tag k="mgrs_code" v="32UPU9797549140"/>
  </node>
  <node id="34069" action="modify" visible="true" version="1" lat="48.26450135282963" lon="11.667756783415228">
    <tag k="ele" v="520.5784532530233"/>
    <tag k="mgrs_code" v="32UPU9797549139"/>
  </node>
  <node id="34070" action="modify" visible="true" version="1" lat="48.264494125708765" lon="11.667752727221147">
    <tag k="ele" v="520.5744407726452"/>
    <tag k="mgrs_code" v="32UPU9797449138"/>
  </node>
  <node id="34071" action="modify" visible="true" version="1" lat="48.26448688065049" lon="11.667749702895723">
    <tag k="ele" v="520.5699034193531"/>
    <tag k="mgrs_code" v="32UPU9797449138"/>
  </node>
  <node id="34072" action="modify" visible="true" version="1" lat="48.26447974301256" lon="11.667747543210073">
    <tag k="ele" v="520.5647474676371"/>
    <tag k="mgrs_code" v="32UPU9797449137"/>
  </node>
  <node id="34081" action="modify" visible="true" version="1" lat="48.26448274528931" lon="11.668417906060712">
    <tag k="ele" v="520.6482855137438"/>
    <tag k="mgrs_code" v="32UPU9802449139"/>
  </node>
  <node id="34085" action="modify" visible="true" version="1" lat="48.26449776575999" lon="11.66777583487">
    <tag k="ele" v="520.48333146237"/>
    <tag k="mgrs_code" v="32UPU9797649139"/>
  </node>
  <node id="34089" action="modify" visible="true" version="1" lat="48.264289669597964" lon="11.66980204297556">
    <tag k="ele" v="520.5118793230504"/>
    <tag k="mgrs_code" v="32UPU9812749121"/>
  </node>
  <node id="34090" action="modify" visible="true" version="1" lat="48.264283976299666" lon="11.669849150295695">
    <tag k="ele" v="520.5093944193795"/>
    <tag k="mgrs_code" v="32UPU9813149120"/>
  </node>
  <node id="34091" action="modify" visible="true" version="1" lat="48.26425847137" lon="11.66982666253">
    <tag k="ele" v="520.43994161362"/>
    <tag k="mgrs_code" v="32UPU9812949117"/>
  </node>
  <node id="34092" action="modify" visible="true" version="1" lat="48.26426591616999" lon="11.669763582349999">
    <tag k="ele" v="520.43686015749"/>
    <tag k="mgrs_code" v="32UPU9812549118"/>
  </node>
  <node id="34097" action="modify" visible="true" version="1" lat="48.26453412652189" lon="11.66772674148016">
    <tag k="ele" v="520.5203327881172"/>
    <tag k="mgrs_code" v="32UPU9797249143"/>
  </node>
  <node id="34098" action="modify" visible="true" version="1" lat="48.26453335384698" lon="11.66773050385967">
    <tag k="ele" v="520.5293789329007"/>
    <tag k="mgrs_code" v="32UPU9797349143"/>
  </node>
  <node id="34099" action="modify" visible="true" version="1" lat="48.26453185685044" lon="11.667736851091032">
    <tag k="ele" v="520.5313422307372"/>
    <tag k="mgrs_code" v="32UPU9797349142"/>
  </node>
  <node id="34100" action="modify" visible="true" version="1" lat="48.26452993437743" lon="11.667743064456898">
    <tag k="ele" v="520.5339126084"/>
    <tag k="mgrs_code" v="32UPU9797449142"/>
  </node>
  <node id="34101" action="modify" visible="true" version="1" lat="48.264527577886085" lon="11.667749058732472">
    <tag k="ele" v="520.5368000725284"/>
    <tag k="mgrs_code" v="32UPU9797449142"/>
  </node>
  <node id="34102" action="modify" visible="true" version="1" lat="48.26452478743212" lon="11.66775473210019">
    <tag k="ele" v="520.5397146400064"/>
    <tag k="mgrs_code" v="32UPU9797449142"/>
  </node>
  <node id="34103" action="modify" visible="true" version="1" lat="48.26452157797679" lon="11.66775996872207">
    <tag k="ele" v="520.5423663072288"/>
    <tag k="mgrs_code" v="32UPU9797549141"/>
  </node>
  <node id="34104" action="modify" visible="true" version="1" lat="48.264517985793944" lon="11.667764647517663">
    <tag k="ele" v="520.5444650892168"/>
    <tag k="mgrs_code" v="32UPU9797549141"/>
  </node>
  <node id="34105" action="modify" visible="true" version="1" lat="48.26451407199644" lon="11.667768658183281">
    <tag k="ele" v="520.5460602631792"/>
    <tag k="mgrs_code" v="32UPU9797649141"/>
  </node>
  <node id="34106" action="modify" visible="true" version="1" lat="48.26450991966567" lon="11.667771921492161">
    <tag k="ele" v="520.5476372931153"/>
    <tag k="mgrs_code" v="32UPU9797649140"/>
  </node>
  <node id="34107" action="modify" visible="true" version="1" lat="48.26450562325313" lon="11.667774406316317">
    <tag k="ele" v="520.5491379098967"/>
    <tag k="mgrs_code" v="32UPU9797649140"/>
  </node>
  <node id="34108" action="modify" visible="true" version="1" lat="48.264501273401436" lon="11.667776135219004">
    <tag k="ele" v="520.5504884263501"/>
    <tag k="mgrs_code" v="32UPU9797649139"/>
  </node>
  <node id="34109" action="modify" visible="true" version="1" lat="48.264496943438104" lon="11.66777717614833">
    <tag k="ele" v="520.5516151459888"/>
    <tag k="mgrs_code" v="32UPU9797649139"/>
  </node>
  <node id="34110" action="modify" visible="true" version="1" lat="48.264492682424724" lon="11.667777625316585">
    <tag k="ele" v="520.5524443713948"/>
    <tag k="mgrs_code" v="32UPU9797649138"/>
  </node>
  <node id="34111" action="modify" visible="true" version="1" lat="48.26448444758459" lon="11.667777171984394">
    <tag k="ele" v="520.5529155666009"/>
    <tag k="mgrs_code" v="32UPU9797649137"/>
  </node>
  <node id="34112" action="modify" visible="true" version="1" lat="48.26450371721135" lon="11.667723302012812">
    <tag k="ele" v="520.496984061785"/>
    <tag k="mgrs_code" v="32UPU9797249139"/>
  </node>
  <node id="34113" action="modify" visible="true" version="1" lat="48.26450212845144" lon="11.66773035971863">
    <tag k="ele" v="520.5070558656007"/>
    <tag k="mgrs_code" v="32UPU9797349139"/>
  </node>
  <node id="34114" action="modify" visible="true" version="1" lat="48.2645000342163" lon="11.667736187938527">
    <tag k="ele" v="520.5180040709674"/>
    <tag k="mgrs_code" v="32UPU9797349139"/>
  </node>
  <node id="34115" action="modify" visible="true" version="1" lat="48.26449875793653" lon="11.667738636365685">
    <tag k="ele" v="520.5229098023847"/>
    <tag k="mgrs_code" v="32UPU9797349139"/>
  </node>
  <node id="34116" action="modify" visible="true" version="1" lat="48.26449749861" lon="11.66774047742">
    <tag k="ele" v="520.52726953676"/>
    <tag k="mgrs_code" v="32UPU9797449139"/>
  </node>
  <node id="34117" action="modify" visible="true" version="1" lat="48.26449770850001" lon="11.66774017058">
    <tag k="ele" v="520.52654291437"/>
    <tag k="mgrs_code" v="32UPU9797449139"/>
  </node>
  <node id="34118" action="modify" visible="true" version="1" lat="48.264497918390006" lon="11.66773986374">
    <tag k="ele" v="520.52581629197"/>
    <tag k="mgrs_code" v="32UPU9797349139"/>
  </node>
  <node id="34119" action="modify" visible="true" version="1" lat="48.264498128279996" lon="11.6677395569">
    <tag k="ele" v="520.52508966957"/>
    <tag k="mgrs_code" v="32UPU9797349139"/>
  </node>
  <node id="34120" action="modify" visible="true" version="1" lat="48.264498338159996" lon="11.66773925005">
    <tag k="ele" v="520.52436304718"/>
    <tag k="mgrs_code" v="32UPU9797349139"/>
  </node>
  <node id="34121" action="modify" visible="true" version="1" lat="48.26449854804999" lon="11.667738943210002">
    <tag k="ele" v="520.52363642478"/>
    <tag k="mgrs_code" v="32UPU9797349139"/>
  </node>
  <node id="34122" action="modify" visible="true" version="1" lat="48.264497288726574" lon="11.667740784267707">
    <tag k="ele" v="520.5279961591586"/>
    <tag k="mgrs_code" v="32UPU9797449139"/>
  </node>
  <node id="34123" action="modify" visible="true" version="1" lat="48.26449411605295" lon="11.667744131323493">
    <tag k="ele" v="520.5376375894994"/>
    <tag k="mgrs_code" v="32UPU9797449138"/>
  </node>
  <node id="34124" action="modify" visible="true" version="1" lat="48.264490071338564" lon="11.667746717190377">
    <tag k="ele" v="520.5473897624761"/>
    <tag k="mgrs_code" v="32UPU9797449138"/>
  </node>
  <node id="34125" action="modify" visible="true" version="1" lat="48.26448517362269" lon="11.667748000368936">
    <tag k="ele" v="520.5566329583526"/>
    <tag k="mgrs_code" v="32UPU9797449137"/>
  </node>
  <node id="34126" action="modify" visible="true" version="1" lat="48.26448249950395" lon="11.66774800851701">
    <tag k="ele" v="520.5608700308949"/>
    <tag k="mgrs_code" v="32UPU9797449137"/>
  </node>
  <node id="34134" action="modify" visible="true" version="1" lat="48.26415948803709" lon="11.670255245595836">
    <tag k="ele" v="520.3454935057089"/>
    <tag k="mgrs_code" v="32UPU9816149108"/>
  </node>
  <node id="34135" action="modify" visible="true" version="1" lat="48.264161646704025" lon="11.670238122372181">
    <tag k="ele" v="520.3451935620978"/>
    <tag k="mgrs_code" v="32UPU9816049108"/>
  </node>
  <node id="34136" action="modify" visible="true" version="1" lat="48.264166762366685" lon="11.670194775783022">
    <tag k="ele" v="520.3461441528052"/>
    <tag k="mgrs_code" v="32UPU9815749108"/>
  </node>
  <node id="34137" action="modify" visible="true" version="1" lat="48.26417341694664" lon="11.670136781947596">
    <tag k="ele" v="520.349354179576"/>
    <tag k="mgrs_code" v="32UPU9815349109"/>
  </node>
  <node id="34138" action="modify" visible="true" version="1" lat="48.26418865761956" lon="11.67027023557843">
    <tag k="ele" v="520.4429003661498"/>
    <tag k="mgrs_code" v="32UPU9816249111"/>
  </node>
  <node id="34139" action="modify" visible="true" version="1" lat="48.264189080595806" lon="11.670263948102402">
    <tag k="ele" v="520.4425503592938"/>
    <tag k="mgrs_code" v="32UPU9816249111"/>
  </node>
  <node id="34140" action="modify" visible="true" version="1" lat="48.26419602653355" lon="11.670203604819966">
    <tag k="ele" v="520.4354017870501"/>
    <tag k="mgrs_code" v="32UPU9815749112"/>
  </node>
  <node id="34141" action="modify" visible="true" version="1" lat="48.26420308801232" lon="11.670144268317571">
    <tag k="ele" v="520.4291244419292"/>
    <tag k="mgrs_code" v="32UPU9815349112"/>
  </node>
  <node id="34146" action="modify" visible="true" version="1" lat="48.26403944162359" lon="11.668387807565095">
    <tag k="ele" v="520.5389522863552"/>
    <tag k="mgrs_code" v="32UPU9802349089"/>
  </node>
  <node id="34147" action="modify" visible="true" version="1" lat="48.26403946773511" lon="11.668394580235185">
    <tag k="ele" v="520.5437940508127"/>
    <tag k="mgrs_code" v="32UPU9802449089"/>
  </node>
  <node id="34148" action="modify" visible="true" version="1" lat="48.26404005223988" lon="11.668401395084466">
    <tag k="ele" v="520.5469534331933"/>
    <tag k="mgrs_code" v="32UPU9802449090"/>
  </node>
  <node id="34149" action="modify" visible="true" version="1" lat="48.2640034302508" lon="11.668381200867758">
    <tag k="ele" v="520.5397741394117"/>
    <tag k="mgrs_code" v="32UPU9802349085"/>
  </node>
  <node id="34150" action="modify" visible="true" version="1" lat="48.264002657826445" lon="11.668391090312966">
    <tag k="ele" v="520.5295460848138"/>
    <tag k="mgrs_code" v="32UPU9802449085"/>
  </node>
  <node id="34151" action="modify" visible="true" version="1" lat="48.264002376114014" lon="11.6684010378173">
    <tag k="ele" v="520.5202233521268"/>
    <tag k="mgrs_code" v="32UPU9802449085"/>
  </node>
  <node id="34156" action="modify" visible="true" version="1" lat="48.26424767395" lon="11.670393729990002">
    <tag k="ele" v="520.6113460927"/>
    <tag k="mgrs_code" v="32UPU9817149118"/>
  </node>
  <node id="34157" action="modify" visible="true" version="1" lat="48.26424249267" lon="11.67043757864">
    <tag k="ele" v="520.61252569438"/>
    <tag k="mgrs_code" v="32UPU9817549117"/>
  </node>
  <node id="34164" action="modify" visible="true" version="1" lat="48.26506485744393" lon="11.669321207580042">
    <tag k="ele" v="520.5249940464273"/>
    <tag k="mgrs_code" v="32UPU9808949206"/>
  </node>
  <node id="34165" action="modify" visible="true" version="1" lat="48.26505745182" lon="11.669384157880001">
    <tag k="ele" v="520.55446545826"/>
    <tag k="mgrs_code" v="32UPU9809349205"/>
  </node>
  <node id="34166" action="modify" visible="true" version="1" lat="48.265050046204244" lon="11.669447108189706">
    <tag k="ele" v="520.5839368700981"/>
    <tag k="mgrs_code" v="32UPU9809849204"/>
  </node>
  <node id="34167" action="modify" visible="true" version="1" lat="48.265012784942265" lon="11.66942510030508">
    <tag k="ele" v="520.6108803665265"/>
    <tag k="mgrs_code" v="32UPU9809749200"/>
  </node>
  <node id="34168" action="modify" visible="true" version="1" lat="48.26500977513813" lon="11.66945056437252">
    <tag k="ele" v="520.6076220935211"/>
    <tag k="mgrs_code" v="32UPU9809849200"/>
  </node>
  <node id="34169" action="modify" visible="true" version="1" lat="48.26500215729328" lon="11.669515013960087">
    <tag k="ele" v="520.5993779888377"/>
    <tag k="mgrs_code" v="32UPU9810349199"/>
  </node>
  <node id="34174" action="modify" visible="true" version="1" lat="48.264487320249394" lon="11.667859438171483">
    <tag k="ele" v="520.4253794252872"/>
    <tag k="mgrs_code" v="32UPU9798249138"/>
  </node>
  <node id="34175" action="modify" visible="true" version="1" lat="48.26448106982175" lon="11.667915748378059">
    <tag k="ele" v="520.4427142618224"/>
    <tag k="mgrs_code" v="32UPU9798749137"/>
  </node>
  <node id="34176" action="modify" visible="true" version="1" lat="48.26447461365913" lon="11.667971974574549">
    <tag k="ele" v="520.4577862098813"/>
    <tag k="mgrs_code" v="32UPU9799149137"/>
  </node>
  <node id="34177" action="modify" visible="true" version="1" lat="48.264434577174946" lon="11.668308446913777">
    <tag k="ele" v="520.5006972225383"/>
    <tag k="mgrs_code" v="32UPU9801649133"/>
  </node>
  <node id="34181" action="modify" visible="true" version="1" lat="48.26416987501497" lon="11.667694598180363">
    <tag k="ele" v="520.5885201580822"/>
    <tag k="mgrs_code" v="32UPU9797149102"/>
  </node>
  <node id="34182" action="modify" visible="true" version="1" lat="48.26416763959189" lon="11.667694095195353">
    <tag k="ele" v="520.5937045291066"/>
    <tag k="mgrs_code" v="32UPU9797149102"/>
  </node>
  <node id="34183" action="modify" visible="true" version="1" lat="48.26416528797748" lon="11.667693909492009">
    <tag k="ele" v="520.5984509522095"/>
    <tag k="mgrs_code" v="32UPU9797149102"/>
  </node>
  <node id="34184" action="modify" visible="true" version="1" lat="48.264160267846755" lon="11.66769439789906">
    <tag k="ele" v="520.6066155545413"/>
    <tag k="mgrs_code" v="32UPU9797149101"/>
  </node>
  <node id="34185" action="modify" visible="true" version="1" lat="48.26415496585727" lon="11.66769591813954">
    <tag k="ele" v="520.6129851201549"/>
    <tag k="mgrs_code" v="32UPU9797249100"/>
  </node>
  <node id="34186" action="modify" visible="true" version="1" lat="48.264149635093965" lon="11.66769836251696">
    <tag k="ele" v="520.6175308097154"/>
    <tag k="mgrs_code" v="32UPU9797249100"/>
  </node>
  <node id="34187" action="modify" visible="true" version="1" lat="48.264144592349204" lon="11.667701606821446">
    <tag k="ele" v="520.6202237885445"/>
    <tag k="mgrs_code" v="32UPU9797249099"/>
  </node>
  <node id="34188" action="modify" visible="true" version="1" lat="48.26413827167411" lon="11.667707432234735">
    <tag k="ele" v="520.6207263413817"/>
    <tag k="mgrs_code" v="32UPU9797249099"/>
  </node>
  <node id="34189" action="modify" visible="true" version="1" lat="48.26413497463" lon="11.66771200464">
    <tag k="ele" v="520.61766372733"/>
    <tag k="mgrs_code" v="32UPU9797349098"/>
  </node>
  <node id="34190" action="modify" visible="true" version="1" lat="48.264135798889995" lon="11.66771086154">
    <tag k="ele" v="520.61842938084"/>
    <tag k="mgrs_code" v="32UPU9797349098"/>
  </node>
  <node id="34191" action="modify" visible="true" version="1" lat="48.26413662315001" lon="11.667709718440001">
    <tag k="ele" v="520.61919503435"/>
    <tag k="mgrs_code" v="32UPU9797349098"/>
  </node>
  <node id="34192" action="modify" visible="true" version="1" lat="48.26413744741001" lon="11.66770857533">
    <tag k="ele" v="520.61996068787"/>
    <tag k="mgrs_code" v="32UPU9797349099"/>
  </node>
  <node id="34193" action="modify" visible="true" version="1" lat="48.26413415037495" lon="11.667713147735794">
    <tag k="ele" v="520.6168980738148"/>
    <tag k="mgrs_code" v="32UPU9797349098"/>
  </node>
  <node id="34194" action="modify" visible="true" version="1" lat="48.264131174901806" lon="11.667718009763506">
    <tag k="ele" v="520.6108230957761"/>
    <tag k="mgrs_code" v="32UPU9797349098"/>
  </node>
  <node id="34195" action="modify" visible="true" version="1" lat="48.2641284804566" lon="11.667723588637175">
    <tag k="ele" v="520.6036803554744"/>
    <tag k="mgrs_code" v="32UPU9797449098"/>
  </node>
  <node id="34196" action="modify" visible="true" version="1" lat="48.26412610922001" lon="11.667730134230643">
    <tag k="ele" v="520.5957339406013"/>
    <tag k="mgrs_code" v="32UPU9797449097"/>
  </node>
  <node id="34197" action="modify" visible="true" version="1" lat="48.2641243069823" lon="11.66773757830708">
    <tag k="ele" v="520.5872479164973"/>
    <tag k="mgrs_code" v="32UPU9797549097"/>
  </node>
  <node id="34198" action="modify" visible="true" version="1" lat="48.2641236455332" lon="11.667742233224631">
    <tag k="ele" v="520.5811802139506"/>
    <tag k="mgrs_code" v="32UPU9797549097"/>
  </node>
  <node id="34199" action="modify" visible="true" version="1" lat="48.26417307905672" lon="11.66766894280653">
    <tag k="ele" v="520.6367658553645"/>
    <tag k="mgrs_code" v="32UPU9796949102"/>
  </node>
  <node id="34200" action="modify" visible="true" version="1" lat="48.26416911697757" lon="11.667667784931403">
    <tag k="ele" v="520.6406902018934"/>
    <tag k="mgrs_code" v="32UPU9796949102"/>
  </node>
  <node id="34201" action="modify" visible="true" version="1" lat="48.26415251434108" lon="11.667661437544963">
    <tag k="ele" v="520.6467951200902"/>
    <tag k="mgrs_code" v="32UPU9796949100"/>
  </node>
  <node id="34202" action="modify" visible="true" version="1" lat="48.26414513630719" lon="11.66765962345822">
    <tag k="ele" v="520.6473323209211"/>
    <tag k="mgrs_code" v="32UPU9796949099"/>
  </node>
  <node id="34203" action="modify" visible="true" version="1" lat="48.26413667926681" lon="11.66765899281981">
    <tag k="ele" v="520.6473164306954"/>
    <tag k="mgrs_code" v="32UPU9796949098"/>
  </node>
  <node id="34204" action="modify" visible="true" version="1" lat="48.26413172407232" lon="11.667659501512224">
    <tag k="ele" v="520.6471377946436"/>
    <tag k="mgrs_code" v="32UPU9796949098"/>
  </node>
  <node id="34205" action="modify" visible="true" version="1" lat="48.26412648098255" lon="11.667660859792159">
    <tag k="ele" v="520.646864939481"/>
    <tag k="mgrs_code" v="32UPU9796949097"/>
  </node>
  <node id="34206" action="modify" visible="true" version="1" lat="48.264121307988106" lon="11.667663057843658">
    <tag k="ele" v="520.6465125530958"/>
    <tag k="mgrs_code" v="32UPU9796949097"/>
  </node>
  <node id="34207" action="modify" visible="true" version="1" lat="48.264116341685444" lon="11.667666032163066">
    <tag k="ele" v="520.6460953177884"/>
    <tag k="mgrs_code" v="32UPU9796949096"/>
  </node>
  <node id="34208" action="modify" visible="true" version="1" lat="48.26411169007797" lon="11.667669661115658">
    <tag k="ele" v="520.6456279233098"/>
    <tag k="mgrs_code" v="32UPU9797049096"/>
  </node>
  <node id="34209" action="modify" visible="true" version="1" lat="48.26410741821795" lon="11.667673796314912">
    <tag k="ele" v="520.645125051029"/>
    <tag k="mgrs_code" v="32UPU9797049095"/>
  </node>
  <node id="34210" action="modify" visible="true" version="1" lat="48.264103549036705" lon="11.667678293443325">
    <tag k="ele" v="520.6446013879031"/>
    <tag k="mgrs_code" v="32UPU9797049095"/>
  </node>
  <node id="34211" action="modify" visible="true" version="1" lat="48.26410007402814" lon="11.667683031576617">
    <tag k="ele" v="520.6440716153011"/>
    <tag k="mgrs_code" v="32UPU9797149094"/>
  </node>
  <node id="34212" action="modify" visible="true" version="1" lat="48.26409419119538" lon="11.667692894536064">
    <tag k="ele" v="520.6430524941534"/>
    <tag k="mgrs_code" v="32UPU9797249094"/>
  </node>
  <node id="34213" action="modify" visible="true" version="1" lat="48.2640894998603" lon="11.66770295727613">
    <tag k="ele" v="520.6421851636842"/>
    <tag k="mgrs_code" v="32UPU9797249093"/>
  </node>
  <node id="34214" action="modify" visible="true" version="1" lat="48.264085758499924" lon="11.667713059665767">
    <tag k="ele" v="520.641587109305"/>
    <tag k="mgrs_code" v="32UPU9797349093"/>
  </node>
  <node id="34215" action="modify" visible="true" version="1" lat="48.264082796531184" lon="11.66772317456787">
    <tag k="ele" v="520.6413758052513"/>
    <tag k="mgrs_code" v="32UPU9797449093"/>
  </node>
  <node id="34216" action="modify" visible="true" version="1" lat="48.264080507914635" lon="11.667733343453406">
    <tag k="ele" v="520.6416687360033"/>
    <tag k="mgrs_code" v="32UPU9797549092"/>
  </node>
  <node id="34221" action="modify" visible="true" version="1" lat="48.26415109951997" lon="11.670289897582395">
    <tag k="ele" v="520.3532664142549"/>
    <tag k="mgrs_code" v="32UPU9816449107"/>
  </node>
  <node id="34222" action="modify" visible="true" version="1" lat="48.26415308975001" lon="11.67028229594">
    <tag k="ele" v="520.35154362457"/>
    <tag k="mgrs_code" v="32UPU9816349107"/>
  </node>
  <node id="34223" action="modify" visible="true" version="1" lat="48.26415209463" lon="11.67028609676">
    <tag k="ele" v="520.35240501941"/>
    <tag k="mgrs_code" v="32UPU9816449107"/>
  </node>
  <node id="34224" action="modify" visible="true" version="1" lat="48.26415408485988" lon="11.670278495112667">
    <tag k="ele" v="520.350682229735"/>
    <tag k="mgrs_code" v="32UPU9816349107"/>
  </node>
  <node id="34225" action="modify" visible="true" version="1" lat="48.26418391276182" lon="11.670309463056862">
    <tag k="ele" v="520.4473595516756"/>
    <tag k="mgrs_code" v="32UPU9816549110"/>
  </node>
  <node id="34226" action="modify" visible="true" version="1" lat="48.26418718175043" lon="11.670295043194962">
    <tag k="ele" v="520.4442339166999"/>
    <tag k="mgrs_code" v="32UPU9816449111"/>
  </node>
  <node id="34227" action="modify" visible="true" version="1" lat="48.26418801135447" lon="11.670289031982024">
    <tag k="ele" v="520.4437440428883"/>
    <tag k="mgrs_code" v="32UPU9816449111"/>
  </node>
  <node id="34228" action="modify" visible="true" version="1" lat="48.26418841260348" lon="11.670282818102402">
    <tag k="ele" v="520.4433585591614"/>
    <tag k="mgrs_code" v="32UPU9816349111"/>
  </node>
  <node id="34233" action="modify" visible="true" version="1" lat="48.26417599758261" lon="11.670779215940163">
    <tag k="ele" v="520.5617392361164"/>
    <tag k="mgrs_code" v="32UPU9820049111"/>
  </node>
  <node id="34234" action="modify" visible="true" version="1" lat="48.26418028032075" lon="11.670746158338986">
    <tag k="ele" v="520.5515642594546"/>
    <tag k="mgrs_code" v="32UPU9819849111"/>
  </node>
  <node id="34235" action="modify" visible="true" version="1" lat="48.264221284400584" lon="11.670792432694727">
    <tag k="ele" v="520.4943354958668"/>
    <tag k="mgrs_code" v="32UPU9820149116"/>
  </node>
  <node id="34236" action="modify" visible="true" version="1" lat="48.26422424132998" lon="11.67077036273">
    <tag k="ele" v="520.48790007085"/>
    <tag k="mgrs_code" v="32UPU9819949116"/>
  </node>
  <node id="34241" action="modify" visible="true" version="1" lat="48.26402957635281" lon="11.668467554459205">
    <tag k="ele" v="520.4920569248497"/>
    <tag k="mgrs_code" v="32UPU9802949089"/>
  </node>
  <node id="34242" action="modify" visible="true" version="1" lat="48.26402454077999" lon="11.668510662279997">
    <tag k="ele" v="520.47525562998"/>
    <tag k="mgrs_code" v="32UPU9803349088"/>
  </node>
  <node id="34243" action="modify" visible="true" version="1" lat="48.263998420488754" lon="11.668427109112084">
    <tag k="ele" v="520.6012613931671"/>
    <tag k="mgrs_code" v="32UPU9802649085"/>
  </node>
  <node id="34244" action="modify" visible="true" version="1" lat="48.26399113672072" lon="11.668485726559458">
    <tag k="ele" v="520.5888164294884"/>
    <tag k="mgrs_code" v="32UPU9803149084"/>
  </node>
  <node id="34249" action="modify" visible="true" version="1" lat="48.264484612757556" lon="11.667806983206154">
    <tag k="ele" v="520.5636640135199"/>
    <tag k="mgrs_code" v="32UPU9797949137"/>
  </node>
  <node id="34250" action="modify" visible="true" version="1" lat="48.264490756816315" lon="11.667808287804304">
    <tag k="ele" v="520.5683242399246"/>
    <tag k="mgrs_code" v="32UPU9797949138"/>
  </node>
  <node id="34251" action="modify" visible="true" version="1" lat="48.264497348946925" lon="11.66780911750009">
    <tag k="ele" v="520.5726507874206"/>
    <tag k="mgrs_code" v="32UPU9797949139"/>
  </node>
  <node id="34252" action="modify" visible="true" version="1" lat="48.2645044138144" lon="11.667809149178092">
    <tag k="ele" v="520.5767349330708"/>
    <tag k="mgrs_code" v="32UPU9797949140"/>
  </node>
  <node id="34253" action="modify" visible="true" version="1" lat="48.264511899094636" lon="11.667808046310226">
    <tag k="ele" v="520.5806679539382"/>
    <tag k="mgrs_code" v="32UPU9797849140"/>
  </node>
  <node id="34254" action="modify" visible="true" version="1" lat="48.264519656432995" lon="11.667805514848567">
    <tag k="ele" v="520.5845411345363"/>
    <tag k="mgrs_code" v="32UPU9797849141"/>
  </node>
  <node id="34255" action="modify" visible="true" version="1" lat="48.26452744683744" lon="11.667801374463595">
    <tag k="ele" v="520.5884457509965"/>
    <tag k="mgrs_code" v="32UPU9797849142"/>
  </node>
  <node id="34256" action="modify" visible="true" version="1" lat="48.26453121312999" lon="11.66779849375">
    <tag k="ele" v="520.59045941755"/>
    <tag k="mgrs_code" v="32UPU9797849143"/>
  </node>
  <node id="34257" action="modify" visible="true" version="1" lat="48.264534979413845" lon="11.667795613045701">
    <tag k="ele" v="520.592473084107"/>
    <tag k="mgrs_code" v="32UPU9797749143"/>
  </node>
  <node id="34258" action="modify" visible="true" version="1" lat="48.26454197088866" lon="11.667788390706074">
    <tag k="ele" v="520.5963386949152"/>
    <tag k="mgrs_code" v="32UPU9797749144"/>
  </node>
  <node id="34259" action="modify" visible="true" version="1" lat="48.2645481968079" lon="11.66777998910255">
    <tag k="ele" v="520.5996513757855"/>
    <tag k="mgrs_code" v="32UPU9797649144"/>
  </node>
  <node id="34260" action="modify" visible="true" version="1" lat="48.26455351260465" lon="11.667770736923545">
    <tag k="ele" v="520.6027589803562"/>
    <tag k="mgrs_code" v="32UPU9797649145"/>
  </node>
  <node id="34261" action="modify" visible="true" version="1" lat="48.26455784523073" lon="11.667760948506462">
    <tag k="ele" v="520.6060206983238"/>
    <tag k="mgrs_code" v="32UPU9797549145"/>
  </node>
  <node id="34262" action="modify" visible="true" version="1" lat="48.26456117051785" lon="11.66775089210837">
    <tag k="ele" v="520.6097957203165"/>
    <tag k="mgrs_code" v="32UPU9797449146"/>
  </node>
  <node id="34263" action="modify" visible="true" version="1" lat="48.26456349043718" lon="11.667740783516217">
    <tag k="ele" v="520.6144432304427"/>
    <tag k="mgrs_code" v="32UPU9797349146"/>
  </node>
  <node id="34267" action="modify" visible="true" version="1" lat="48.26478486146895" lon="11.670759580828499">
    <tag k="ele" v="520.3764131795615"/>
    <tag k="mgrs_code" v="32UPU9819649178"/>
  </node>
  <node id="34268" action="modify" visible="true" version="1" lat="48.26475482638137" lon="11.670752172920686">
    <tag k="ele" v="520.3774890359491"/>
    <tag k="mgrs_code" v="32UPU9819649175"/>
  </node>
  <node id="34269" action="modify" visible="true" version="1" lat="48.26471825085" lon="11.67064707274">
    <tag k="ele" v="520.557075697"/>
    <tag k="mgrs_code" v="32UPU9818849171"/>
  </node>
  <node id="34270" action="modify" visible="true" version="1" lat="48.26476145284" lon="11.67065844183">
    <tag k="ele" v="520.56412024051"/>
    <tag k="mgrs_code" v="32UPU9818949176"/>
  </node>
  <node id="34275" action="modify" visible="true" version="1" lat="48.265228353907794" lon="11.667959962878369">
    <tag k="ele" v="520.6546537363902"/>
    <tag k="mgrs_code" v="32UPU9798749220"/>
  </node>
  <node id="34276" action="modify" visible="true" version="1" lat="48.26522223947332" lon="11.668009071472685">
    <tag k="ele" v="520.6427295478061"/>
    <tag k="mgrs_code" v="32UPU9799149220"/>
  </node>
  <node id="34277" action="modify" visible="true" version="1" lat="48.26521956616325" lon="11.668030760028842">
    <tag k="ele" v="520.6432807799429"/>
    <tag k="mgrs_code" v="32UPU9799249220"/>
  </node>
  <node id="34278" action="modify" visible="true" version="1" lat="48.26518808795193" lon="11.667967910303933">
    <tag k="ele" v="520.6917273681611"/>
    <tag k="mgrs_code" v="32UPU9798849216"/>
  </node>
  <node id="34279" action="modify" visible="true" version="1" lat="48.26518274375001" lon="11.66801232986">
    <tag k="ele" v="520.66591615664"/>
    <tag k="mgrs_code" v="32UPU9799149216"/>
  </node>
  <node id="34280" action="modify" visible="true" version="1" lat="48.26518541585" lon="11.66799012008">
    <tag k="ele" v="520.6788217624"/>
    <tag k="mgrs_code" v="32UPU9798949216"/>
  </node>
  <node id="34285" action="modify" visible="true" version="1" lat="48.26426653509758" lon="11.6706221818492">
    <tag k="ele" v="520.4402126129717"/>
    <tag k="mgrs_code" v="32UPU9818849120"/>
  </node>
  <node id="34286" action="modify" visible="true" version="1" lat="48.26425623194439" lon="11.67061925589143">
    <tag k="ele" v="520.4496334278956"/>
    <tag k="mgrs_code" v="32UPU9818849119"/>
  </node>
  <node id="34287" action="modify" visible="true" version="1" lat="48.264234872301046" lon="11.670612281997105">
    <tag k="ele" v="520.4619082538411"/>
    <tag k="mgrs_code" v="32UPU9818849117"/>
  </node>
  <node id="34288" action="modify" visible="true" version="1" lat="48.264229877677685" lon="11.670611355202956">
    <tag k="ele" v="520.464393784292"/>
    <tag k="mgrs_code" v="32UPU9818849116"/>
  </node>
  <node id="34289" action="modify" visible="true" version="1" lat="48.26422464342275" lon="11.670611064774834">
    <tag k="ele" v="520.4671031469479"/>
    <tag k="mgrs_code" v="32UPU9818849116"/>
  </node>
  <node id="34290" action="modify" visible="true" version="1" lat="48.26421922519418" lon="11.670611622811254">
    <tag k="ele" v="520.470127902925"/>
    <tag k="mgrs_code" v="32UPU9818849115"/>
  </node>
  <node id="34291" action="modify" visible="true" version="1" lat="48.264213716863914" lon="11.670613220234031">
    <tag k="ele" v="520.473559611477"/>
    <tag k="mgrs_code" v="32UPU9818849115"/>
  </node>
  <node id="34292" action="modify" visible="true" version="1" lat="48.26420893540999" lon="11.67061565556">
    <tag k="ele" v="520.47699856164"/>
    <tag k="mgrs_code" v="32UPU9818849114"/>
  </node>
  <node id="34293" action="modify" visible="true" version="1" lat="48.26420961847" lon="11.67061530766">
    <tag k="ele" v="520.47650728305"/>
    <tag k="mgrs_code" v="32UPU9818849114"/>
  </node>
  <node id="34294" action="modify" visible="true" version="1" lat="48.264210301540004" lon="11.670614959760002">
    <tag k="ele" v="520.47601600445"/>
    <tag k="mgrs_code" v="32UPU9818849114"/>
  </node>
  <node id="34295" action="modify" visible="true" version="1" lat="48.2642109846" lon="11.670614611849999">
    <tag k="ele" v="520.47552472586"/>
    <tag k="mgrs_code" v="32UPU9818849114"/>
  </node>
  <node id="34296" action="modify" visible="true" version="1" lat="48.26421166767" lon="11.670614263949998">
    <tag k="ele" v="520.47503344726"/>
    <tag k="mgrs_code" v="32UPU9818849114"/>
  </node>
  <node id="34297" action="modify" visible="true" version="1" lat="48.26421235073" lon="11.67061391604">
    <tag k="ele" v="520.47454216867"/>
    <tag k="mgrs_code" v="32UPU9818849114"/>
  </node>
  <node id="34298" action="modify" visible="true" version="1" lat="48.2642130338" lon="11.670613568139999">
    <tag k="ele" v="520.47405089007"/>
    <tag k="mgrs_code" v="32UPU9818849114"/>
  </node>
  <node id="34299" action="modify" visible="true" version="1" lat="48.264208252339444" lon="11.670616003468313">
    <tag k="ele" v="520.4774898402393"/>
    <tag k="mgrs_code" v="32UPU9818849114"/>
  </node>
  <node id="34300" action="modify" visible="true" version="1" lat="48.26420300048005" lon="11.670620049498005">
    <tag k="ele" v="520.482010143809"/>
    <tag k="mgrs_code" v="32UPU9818849113"/>
  </node>
  <node id="34301" action="modify" visible="true" version="1" lat="48.26419815182545" lon="11.670625346896413">
    <tag k="ele" v="520.487212090753"/>
    <tag k="mgrs_code" v="32UPU9818949113"/>
  </node>
  <node id="34302" action="modify" visible="true" version="1" lat="48.26419389939927" lon="11.670631790668999">
    <tag k="ele" v="520.493187234737"/>
    <tag k="mgrs_code" v="32UPU9818949112"/>
  </node>
  <node id="34303" action="modify" visible="true" version="1" lat="48.26419041911522" lon="11.670639194158428">
    <tag k="ele" v="520.5000271424651"/>
    <tag k="mgrs_code" v="32UPU9819049112"/>
  </node>
  <node id="34304" action="modify" visible="true" version="1" lat="48.2641878557256" lon="11.670647314116557">
    <tag k="ele" v="520.5078233741224"/>
    <tag k="mgrs_code" v="32UPU9819049112"/>
  </node>
  <node id="34305" action="modify" visible="true" version="1" lat="48.26418695307144" lon="11.67065155859988">
    <tag k="ele" v="520.5121087227017"/>
    <tag k="mgrs_code" v="32UPU9819149112"/>
  </node>
  <node id="34306" action="modify" visible="true" version="1" lat="48.264270083461966" lon="11.670530693073088">
    <tag k="ele" v="520.5041858153418"/>
    <tag k="mgrs_code" v="32UPU9818149121"/>
  </node>
  <node id="34307" action="modify" visible="true" version="1" lat="48.26426071367168" lon="11.67052951338851">
    <tag k="ele" v="520.4965383373201"/>
    <tag k="mgrs_code" v="32UPU9818149120"/>
  </node>
  <node id="34308" action="modify" visible="true" version="1" lat="48.26425113457935" lon="11.67052904740169">
    <tag k="ele" v="520.4883296918124"/>
    <tag k="mgrs_code" v="32UPU9818149118"/>
  </node>
  <node id="34309" action="modify" visible="true" version="1" lat="48.26424130248367" lon="11.670529456068051">
    <tag k="ele" v="520.4797810278833"/>
    <tag k="mgrs_code" v="32UPU9818149117"/>
  </node>
  <node id="34310" action="modify" visible="true" version="1" lat="48.264231190595076" lon="11.670530946286274">
    <tag k="ele" v="520.4711134843528"/>
    <tag k="mgrs_code" v="32UPU9818249116"/>
  </node>
  <node id="34311" action="modify" visible="true" version="1" lat="48.26422080024459" lon="11.670533772454121">
    <tag k="ele" v="520.4625482140109"/>
    <tag k="mgrs_code" v="32UPU9818249115"/>
  </node>
  <node id="34312" action="modify" visible="true" version="1" lat="48.264210178572" lon="11.670538230596096">
    <tag k="ele" v="520.4543063621968"/>
    <tag k="mgrs_code" v="32UPU9818249114"/>
  </node>
  <node id="34313" action="modify" visible="true" version="1" lat="48.26419944246808" lon="11.670544635638933">
    <tag k="ele" v="520.4466090761125"/>
    <tag k="mgrs_code" v="32UPU9818349113"/>
  </node>
  <node id="34314" action="modify" visible="true" version="1" lat="48.264194093345104" lon="11.670548659948121">
    <tag k="ele" v="520.4430337538943"/>
    <tag k="mgrs_code" v="32UPU9818349112"/>
  </node>
  <node id="34315" action="modify" visible="true" version="1" lat="48.264188803119595" lon="11.67055327020075">
    <tag k="ele" v="520.4396775020286"/>
    <tag k="mgrs_code" v="32UPU9818349112"/>
  </node>
  <node id="34316" action="modify" visible="true" version="1" lat="48.264183614653575" lon="11.670558482714275">
    <tag k="ele" v="520.4365679649636"/>
    <tag k="mgrs_code" v="32UPU9818449111"/>
  </node>
  <node id="34317" action="modify" visible="true" version="1" lat="48.264178576113906" lon="11.67056430006245">
    <tag k="ele" v="520.4337327880785"/>
    <tag k="mgrs_code" v="32UPU9818449111"/>
  </node>
  <node id="34318" action="modify" visible="true" version="1" lat="48.26417373897076" lon="11.670570708363172">
    <tag k="ele" v="520.4311996111646"/>
    <tag k="mgrs_code" v="32UPU9818549110"/>
  </node>
  <node id="34319" action="modify" visible="true" version="1" lat="48.26416915522344" lon="11.670577675742424">
    <tag k="ele" v="520.4289960823953"/>
    <tag k="mgrs_code" v="32UPU9818549110"/>
  </node>
  <node id="34320" action="modify" visible="true" version="1" lat="48.264164874146864" lon="11.670585152487321">
    <tag k="ele" v="520.427149835974"/>
    <tag k="mgrs_code" v="32UPU9818649109"/>
  </node>
  <node id="34321" action="modify" visible="true" version="1" lat="48.26416093902666" lon="11.670593073123072">
    <tag k="ele" v="520.4256885247305"/>
    <tag k="mgrs_code" v="32UPU9818749109"/>
  </node>
  <node id="34322" action="modify" visible="true" version="1" lat="48.26415738441886" lon="11.670601360240527">
    <tag k="ele" v="520.4246397893876"/>
    <tag k="mgrs_code" v="32UPU9818749108"/>
  </node>
  <node id="34323" action="modify" visible="true" version="1" lat="48.26415423438301" lon="11.670609929500058">
    <tag k="ele" v="520.4240312725306"/>
    <tag k="mgrs_code" v="32UPU9818849108"/>
  </node>
  <node id="34324" action="modify" visible="true" version="1" lat="48.26415150191813" lon="11.67061869499007">
    <tag k="ele" v="520.4238906186074"/>
    <tag k="mgrs_code" v="32UPU9818849108"/>
  </node>
  <node id="34325" action="modify" visible="true" version="1" lat="48.2641491895601" lon="11.670627574112695">
    <tag k="ele" v="520.4242454664782"/>
    <tag k="mgrs_code" v="32UPU9818949107"/>
  </node>
  <node id="34326" action="modify" visible="true" version="1" lat="48.264147290874206" lon="11.670636491381636">
    <tag k="ele" v="520.4251234652475"/>
    <tag k="mgrs_code" v="32UPU9819049107"/>
  </node>
  <node id="34331" action="modify" visible="true" version="1" lat="48.264478207781686" lon="11.667805830904816">
    <tag k="ele" v="520.5528196720406"/>
    <tag k="mgrs_code" v="32UPU9797849137"/>
  </node>
  <node id="34332" action="modify" visible="true" version="1" lat="48.26448047360353" lon="11.66780728108506">
    <tag k="ele" v="520.5513369683176"/>
    <tag k="mgrs_code" v="32UPU9797949137"/>
  </node>
  <node id="34333" action="modify" visible="true" version="1" lat="48.26448258820691" lon="11.667809220968431">
    <tag k="ele" v="520.5490171760321"/>
    <tag k="mgrs_code" v="32UPU9797949137"/>
  </node>
  <node id="34334" action="modify" visible="true" version="1" lat="48.26448430217543" lon="11.667811345813893">
    <tag k="ele" v="520.543166462332"/>
    <tag k="mgrs_code" v="32UPU9797949137"/>
  </node>
  <node id="34335" action="modify" visible="true" version="1" lat="48.26448727507171" lon="11.66781658459444">
    <tag k="ele" v="520.5198301980272"/>
    <tag k="mgrs_code" v="32UPU9797949138"/>
  </node>
  <node id="34336" action="modify" visible="true" version="1" lat="48.26448835160999" lon="11.6678192569">
    <tag k="ele" v="520.50983538176"/>
    <tag k="mgrs_code" v="32UPU9797949138"/>
  </node>
  <node id="34337" action="modify" visible="true" version="1" lat="48.26448819781999" lon="11.66781887514">
    <tag k="ele" v="520.51126321265"/>
    <tag k="mgrs_code" v="32UPU9797949138"/>
  </node>
  <node id="34338" action="modify" visible="true" version="1" lat="48.26448804402" lon="11.66781849339">
    <tag k="ele" v="520.51269104355"/>
    <tag k="mgrs_code" v="32UPU9797949138"/>
  </node>
  <node id="34339" action="modify" visible="true" version="1" lat="48.26448789023001" lon="11.66781811163">
    <tag k="ele" v="520.51411887445"/>
    <tag k="mgrs_code" v="32UPU9797949138"/>
  </node>
  <node id="34340" action="modify" visible="true" version="1" lat="48.26448773644" lon="11.66781772987">
    <tag k="ele" v="520.51554670534"/>
    <tag k="mgrs_code" v="32UPU9797949138"/>
  </node>
  <node id="34341" action="modify" visible="true" version="1" lat="48.264487582650005" lon="11.667817348110002">
    <tag k="ele" v="520.51697453624"/>
    <tag k="mgrs_code" v="32UPU9797949138"/>
  </node>
  <node id="34342" action="modify" visible="true" version="1" lat="48.26448742886" lon="11.66781696635">
    <tag k="ele" v="520.51840236713"/>
    <tag k="mgrs_code" v="32UPU9797949138"/>
  </node>
  <node id="34343" action="modify" visible="true" version="1" lat="48.26448850539643" lon="11.667819638660038">
    <tag k="ele" v="520.5084075508639"/>
    <tag k="mgrs_code" v="32UPU9797949138"/>
  </node>
  <node id="34344" action="modify" visible="true" version="1" lat="48.2644897417211" lon="11.667824363910555">
    <tag k="ele" v="520.4950593337417"/>
    <tag k="mgrs_code" v="32UPU9798049138"/>
  </node>
  <node id="34345" action="modify" visible="true" version="1" lat="48.26449034000768" lon="11.66782952184462">
    <tag k="ele" v="520.4822895284742"/>
    <tag k="mgrs_code" v="32UPU9798049138"/>
  </node>
  <node id="34346" action="modify" visible="true" version="1" lat="48.2644903953446" lon="11.667834845237046">
    <tag k="ele" v="520.470233171247"/>
    <tag k="mgrs_code" v="32UPU9798149138"/>
  </node>
  <node id="34347" action="modify" visible="true" version="1" lat="48.26449003413893" lon="11.667840141742332">
    <tag k="ele" v="520.4590252954513"/>
    <tag k="mgrs_code" v="32UPU9798149138"/>
  </node>
  <node id="34351" action="modify" visible="true" version="1" lat="48.26451823327" lon="11.667860797870002">
    <tag k="ele" v="520.48187921243"/>
    <tag k="mgrs_code" v="32UPU9798249141"/>
  </node>
  <node id="34352" action="modify" visible="true" version="1" lat="48.264488218099395" lon="11.667852706920527">
    <tag k="ele" v="520.4455634737387"/>
    <tag k="mgrs_code" v="32UPU9798249138"/>
  </node>
  <node id="34357" action="modify" visible="true" version="1" lat="48.26424955119615" lon="11.667689645791853">
    <tag k="ele" v="520.6187612581998"/>
    <tag k="mgrs_code" v="32UPU9797149111"/>
  </node>
  <node id="34358" action="modify" visible="true" version="1" lat="48.26423041883" lon="11.66768456452">
    <tag k="ele" v="520.62326240772"/>
    <tag k="mgrs_code" v="32UPU9797049109"/>
  </node>
  <node id="34359" action="modify" visible="true" version="1" lat="48.26421128646172" lon="11.66767948324826">
    <tag k="ele" v="520.6277635572478"/>
    <tag k="mgrs_code" v="32UPU9797049107"/>
  </node>
  <node id="34363" action="modify" visible="true" version="1" lat="48.265170179504146" lon="11.668438327731785">
    <tag k="ele" v="520.4919148180634"/>
    <tag k="mgrs_code" v="32UPU9802349215"/>
  </node>
  <node id="34364" action="modify" visible="true" version="1" lat="48.26516898861936" lon="11.668448338319434">
    <tag k="ele" v="520.492596572265"/>
    <tag k="mgrs_code" v="32UPU9802349215"/>
  </node>
  <node id="34365" action="modify" visible="true" version="1" lat="48.26512978497" lon="11.66844726163">
    <tag k="ele" v="520.57615719146"/>
    <tag k="mgrs_code" v="32UPU9802449211"/>
  </node>
  <node id="34366" action="modify" visible="true" version="1" lat="48.26513151003" lon="11.668432824149999">
    <tag k="ele" v="520.57398834204"/>
    <tag k="mgrs_code" v="32UPU9802249211"/>
  </node>
  <node id="34371" action="modify" visible="true" version="1" lat="48.264534653390825" lon="11.66746349075049">
    <tag k="ele" v="520.4696136182174"/>
    <tag k="mgrs_code" v="32UPU9795349142"/>
  </node>
  <node id="34372" action="modify" visible="true" version="1" lat="48.26452766511399" lon="11.667523432117122">
    <tag k="ele" v="520.4518507923931"/>
    <tag k="mgrs_code" v="32UPU9795749141"/>
  </node>
  <node id="34373" action="modify" visible="true" version="1" lat="48.264520415259334" lon="11.667583396323748">
    <tag k="ele" v="520.4500527624041"/>
    <tag k="mgrs_code" v="32UPU9796249141"/>
  </node>
  <node id="34377" action="modify" visible="true" version="1" lat="48.26426212038732" lon="11.670041966972263">
    <tag k="ele" v="520.5178193040192"/>
    <tag k="mgrs_code" v="32UPU9814549118"/>
  </node>
  <node id="34378" action="modify" visible="true" version="1" lat="48.26426637978999" lon="11.670005608429998">
    <tag k="ele" v="520.51656746585"/>
    <tag k="mgrs_code" v="32UPU9814349119"/>
  </node>
  <node id="34379" action="modify" visible="true" version="1" lat="48.26427063918692" lon="11.66996924988317">
    <tag k="ele" v="520.5153156276792"/>
    <tag k="mgrs_code" v="32UPU9814049119"/>
  </node>
  <node id="34380" action="modify" visible="true" version="1" lat="48.26427278533725" lon="11.670190207217834">
    <tag k="ele" v="520.5941842952743"/>
    <tag k="mgrs_code" v="32UPU9815649120"/>
  </node>
  <node id="34381" action="modify" visible="true" version="1" lat="48.264273744384816" lon="11.670185672315798">
    <tag k="ele" v="520.5865107318386"/>
    <tag k="mgrs_code" v="32UPU9815649120"/>
  </node>
  <node id="34382" action="modify" visible="true" version="1" lat="48.264282106244906" lon="11.670115322846984">
    <tag k="ele" v="520.5746518261731"/>
    <tag k="mgrs_code" v="32UPU9815149121"/>
  </node>
  <node id="34387" action="modify" visible="true" version="1" lat="48.26963149560105" lon="11.668372315840209">
    <tag k="ele" v="519.0883811274543"/>
    <tag k="mgrs_code" v="32UPU9800149711"/>
  </node>
  <node id="34388" action="modify" visible="true" version="1" lat="48.26963366420525" lon="11.668375798234266">
    <tag k="ele" v="519.0883811274543"/>
    <tag k="mgrs_code" v="32UPU9800149711"/>
  </node>
  <node id="34390" action="modify" visible="true" version="1" lat="48.264277229460305" lon="11.670616160562725">
    <tag k="ele" v="520.436002430506"/>
    <tag k="mgrs_code" v="32UPU9818849122"/>
  </node>
  <node id="34391" action="modify" visible="true" version="1" lat="48.26428692628041" lon="11.670543731002224">
    <tag k="ele" v="520.5094026504084"/>
    <tag k="mgrs_code" v="32UPU9818249123"/>
  </node>
  <node id="34393" action="modify" visible="true" version="1" lat="48.264387691441286" lon="11.668535875553138">
    <tag k="ele" v="520.5683518210426"/>
    <tag k="mgrs_code" v="32UPU9803349129"/>
  </node>
  <node id="34394" action="modify" visible="true" version="1" lat="48.264380080017304" lon="11.6686044194994">
    <tag k="ele" v="520.5106475586072"/>
    <tag k="mgrs_code" v="32UPU9803849128"/>
  </node>
  <node id="34396" action="modify" visible="true" version="1" lat="48.26454479319897" lon="11.6678726577487">
    <tag k="ele" v="520.6101813307032"/>
    <tag k="mgrs_code" v="32UPU9798349144"/>
  </node>
  <node id="34397" action="modify" visible="true" version="1" lat="48.2645206505176" lon="11.66786594357222">
    <tag k="ele" v="520.4956817524508"/>
    <tag k="mgrs_code" v="32UPU9798349142"/>
  </node>
  <node id="34399" action="modify" visible="true" version="1" lat="48.26417223856695" lon="11.66767292504943">
    <tag k="ele" v="520.6252037901431"/>
    <tag k="mgrs_code" v="32UPU9797049102"/>
  </node>
  <node id="34400" action="modify" visible="true" version="1" lat="48.264169775115555" lon="11.667692106280189">
    <tag k="ele" v="520.5925919609144"/>
    <tag k="mgrs_code" v="32UPU9797149102"/>
  </node>
  <node id="34402" action="modify" visible="true" version="1" lat="48.26447517693643" lon="11.667801269436477">
    <tag k="ele" v="520.5517338579521"/>
    <tag k="mgrs_code" v="32UPU9797849136"/>
  </node>
  <node id="34403" action="modify" visible="true" version="1" lat="48.26447751891706" lon="11.667778762110471">
    <tag k="ele" v="520.5510617913678"/>
    <tag k="mgrs_code" v="32UPU9797649137"/>
  </node>
  <node id="34405" action="modify" visible="true" version="1" lat="48.26427554765402" lon="11.670615951315968">
    <tag k="ele" v="520.4358257399872"/>
    <tag k="mgrs_code" v="32UPU9818849121"/>
  </node>
  <node id="34406" action="modify" visible="true" version="1" lat="48.26428505798454" lon="11.670544732557415">
    <tag k="ele" v="520.5075749987736"/>
    <tag k="mgrs_code" v="32UPU9818249122"/>
  </node>
  <node id="34408" action="modify" visible="true" version="1" lat="48.26447675508365" lon="11.667778536174973">
    <tag k="ele" v="520.5508957980201"/>
    <tag k="mgrs_code" v="32UPU9797649136"/>
  </node>
  <node id="34409" action="modify" visible="true" version="1" lat="48.26447398707385" lon="11.667801258228717">
    <tag k="ele" v="520.5513983899727"/>
    <tag k="mgrs_code" v="32UPU9797849136"/>
  </node>
  <way id="32617" action="modify" visible="true" version="1">
    <nd ref="32613"/>
    <nd ref="32614"/>
  </way>
  <way id="32618" action="modify" visible="true" version="1">
    <nd ref="32615"/>
    <nd ref="32616"/>
  </way>
  <way id="32655" action="modify" visible="true" version="1">
    <nd ref="32621"/>
    <nd ref="32622"/>
    <nd ref="32623"/>
    <nd ref="32624"/>
    <nd ref="32625"/>
    <nd ref="32626"/>
    <nd ref="32627"/>
    <nd ref="32628"/>
    <nd ref="32629"/>
    <nd ref="32630"/>
    <nd ref="32631"/>
    <nd ref="32632"/>
    <nd ref="32633"/>
    <nd ref="32634"/>
    <nd ref="32635"/>
    <nd ref="32636"/>
    <nd ref="32637"/>
  </way>
  <way id="32656" action="modify" visible="true" version="1">
    <nd ref="32638"/>
    <nd ref="32639"/>
    <nd ref="32640"/>
    <nd ref="32641"/>
    <nd ref="32642"/>
    <nd ref="32643"/>
    <nd ref="32644"/>
    <nd ref="32645"/>
    <nd ref="32646"/>
    <nd ref="32647"/>
    <nd ref="32648"/>
    <nd ref="32649"/>
    <nd ref="32650"/>
    <nd ref="32651"/>
    <nd ref="32652"/>
    <nd ref="32653"/>
    <nd ref="32654"/>
  </way>
  <way id="32665" action="modify" visible="true" version="1">
    <nd ref="32659"/>
    <nd ref="32660"/>
    <nd ref="32661"/>
  </way>
  <way id="32666" action="modify" visible="true" version="1">
    <nd ref="32662"/>
    <nd ref="32663"/>
    <nd ref="32664"/>
  </way>
  <way id="32673" action="modify" visible="true" version="1">
    <nd ref="32669"/>
    <nd ref="32670"/>
  </way>
  <way id="32674" action="modify" visible="true" version="1">
    <nd ref="32671"/>
    <nd ref="32672"/>
  </way>
  <way id="32687" action="modify" visible="true" version="1">
    <nd ref="32677"/>
    <nd ref="32678"/>
    <nd ref="32679"/>
    <nd ref="32680"/>
    <nd ref="32681"/>
  </way>
  <way id="32688" action="modify" visible="true" version="1">
    <nd ref="32682"/>
    <nd ref="32683"/>
    <nd ref="32684"/>
    <nd ref="32685"/>
    <nd ref="32686"/>
  </way>
  <way id="32695" action="modify" visible="true" version="1">
    <nd ref="32691"/>
    <nd ref="32692"/>
  </way>
  <way id="32696" action="modify" visible="true" version="1">
    <nd ref="32693"/>
    <nd ref="32694"/>
  </way>
  <way id="32701" action="modify" visible="true" version="1">
    <nd ref="32699"/>
    <nd ref="32700"/>
  </way>
  <way id="32710" action="modify" visible="true" version="1">
    <nd ref="32704"/>
    <nd ref="32705"/>
    <nd ref="32706"/>
  </way>
  <way id="32711" action="modify" visible="true" version="1">
    <nd ref="32707"/>
    <nd ref="32708"/>
    <nd ref="32709"/>
  </way>
  <way id="32720" action="modify" visible="true" version="1">
    <nd ref="32714"/>
    <nd ref="32715"/>
    <nd ref="32716"/>
    <nd ref="32677"/>
  </way>
  <way id="32721" action="modify" visible="true" version="1">
    <nd ref="32717"/>
    <nd ref="32718"/>
    <nd ref="32719"/>
    <nd ref="32682"/>
  </way>
  <way id="32744" action="modify" visible="true" version="1">
    <nd ref="32724"/>
    <nd ref="32725"/>
    <nd ref="32726"/>
    <nd ref="32727"/>
    <nd ref="32728"/>
    <nd ref="32729"/>
    <nd ref="32730"/>
    <nd ref="32731"/>
    <nd ref="32732"/>
    <nd ref="32733"/>
  </way>
  <way id="32745" action="modify" visible="true" version="1">
    <nd ref="32734"/>
    <nd ref="32735"/>
    <nd ref="32736"/>
    <nd ref="32737"/>
    <nd ref="32738"/>
    <nd ref="32739"/>
    <nd ref="32740"/>
    <nd ref="32741"/>
    <nd ref="32742"/>
    <nd ref="32743"/>
  </way>
  <way id="32756" action="modify" visible="true" version="1">
    <nd ref="32748"/>
    <nd ref="32749"/>
    <nd ref="32750"/>
    <nd ref="32751"/>
    <nd ref="32659"/>
  </way>
  <way id="32757" action="modify" visible="true" version="1">
    <nd ref="32752"/>
    <nd ref="32753"/>
    <nd ref="32754"/>
    <nd ref="32755"/>
    <nd ref="32662"/>
  </way>
  <way id="32770" action="modify" visible="true" version="1">
    <nd ref="32760"/>
    <nd ref="32761"/>
    <nd ref="32762"/>
    <nd ref="32763"/>
    <nd ref="32764"/>
  </way>
  <way id="32771" action="modify" visible="true" version="1">
    <nd ref="32765"/>
    <nd ref="32766"/>
    <nd ref="32767"/>
    <nd ref="32768"/>
    <nd ref="32769"/>
  </way>
  <way id="32780" action="modify" visible="true" version="1">
    <nd ref="32774"/>
    <nd ref="32775"/>
    <nd ref="32776"/>
  </way>
  <way id="32781" action="modify" visible="true" version="1">
    <nd ref="32777"/>
    <nd ref="32778"/>
    <nd ref="32779"/>
  </way>
  <way id="32816" action="modify" visible="true" version="1">
    <nd ref="32784"/>
    <nd ref="32785"/>
    <nd ref="32786"/>
    <nd ref="32787"/>
    <nd ref="32788"/>
    <nd ref="32789"/>
    <nd ref="32790"/>
    <nd ref="32791"/>
    <nd ref="32792"/>
    <nd ref="32793"/>
    <nd ref="32794"/>
    <nd ref="32795"/>
    <nd ref="32796"/>
    <nd ref="32797"/>
    <nd ref="32798"/>
    <nd ref="32799"/>
    <nd ref="32733"/>
  </way>
  <way id="32817" action="modify" visible="true" version="1">
    <nd ref="32800"/>
    <nd ref="32801"/>
    <nd ref="32802"/>
    <nd ref="32803"/>
    <nd ref="32804"/>
    <nd ref="32805"/>
    <nd ref="32806"/>
    <nd ref="32807"/>
    <nd ref="32808"/>
    <nd ref="32809"/>
    <nd ref="32810"/>
    <nd ref="32811"/>
    <nd ref="32812"/>
    <nd ref="32813"/>
    <nd ref="32814"/>
    <nd ref="32815"/>
    <nd ref="32743"/>
  </way>
  <way id="32822" action="modify" visible="true" version="1">
    <nd ref="32820"/>
    <nd ref="32692"/>
  </way>
  <way id="32823" action="modify" visible="true" version="1">
    <nd ref="32821"/>
    <nd ref="32699"/>
  </way>
  <way id="32832" action="modify" visible="true" version="1">
    <nd ref="32826"/>
    <nd ref="32827"/>
    <nd ref="32828"/>
    <nd ref="32621"/>
  </way>
  <way id="32833" action="modify" visible="true" version="1">
    <nd ref="32829"/>
    <nd ref="32830"/>
    <nd ref="32831"/>
    <nd ref="32638"/>
  </way>
  <way id="32842" action="modify" visible="true" version="1">
    <nd ref="32836"/>
    <nd ref="32837"/>
    <nd ref="32838"/>
  </way>
  <way id="32843" action="modify" visible="true" version="1">
    <nd ref="32839"/>
    <nd ref="32840"/>
    <nd ref="32841"/>
  </way>
  <way id="32856" action="modify" visible="true" version="1">
    <nd ref="32846"/>
    <nd ref="32847"/>
    <nd ref="32848"/>
    <nd ref="32849"/>
    <nd ref="32850"/>
  </way>
  <way id="32857" action="modify" visible="true" version="1">
    <nd ref="32851"/>
    <nd ref="32852"/>
    <nd ref="32853"/>
    <nd ref="32854"/>
    <nd ref="32855"/>
  </way>
  <way id="32882" action="modify" visible="true" version="1">
    <nd ref="32860"/>
    <nd ref="32861"/>
    <nd ref="32862"/>
    <nd ref="32863"/>
    <nd ref="32864"/>
    <nd ref="32865"/>
    <nd ref="32866"/>
    <nd ref="32867"/>
    <nd ref="32868"/>
    <nd ref="32869"/>
    <nd ref="32870"/>
  </way>
  <way id="32883" action="modify" visible="true" version="1">
    <nd ref="32871"/>
    <nd ref="32872"/>
    <nd ref="32873"/>
    <nd ref="32874"/>
    <nd ref="32875"/>
    <nd ref="32876"/>
    <nd ref="32877"/>
    <nd ref="32878"/>
    <nd ref="32879"/>
    <nd ref="32880"/>
    <nd ref="32881"/>
  </way>
  <way id="32896" action="modify" visible="true" version="1">
    <nd ref="32637"/>
    <nd ref="32886"/>
    <nd ref="32887"/>
    <nd ref="32888"/>
    <nd ref="32889"/>
    <nd ref="32890"/>
  </way>
  <way id="32897" action="modify" visible="true" version="1">
    <nd ref="32654"/>
    <nd ref="32891"/>
    <nd ref="32892"/>
    <nd ref="32893"/>
    <nd ref="32894"/>
    <nd ref="32895"/>
  </way>
  <way id="32902" action="modify" visible="true" version="1">
    <nd ref="32838"/>
    <nd ref="32900"/>
  </way>
  <way id="32903" action="modify" visible="true" version="1">
    <nd ref="32841"/>
    <nd ref="32901"/>
  </way>
  <way id="32914" action="modify" visible="true" version="1">
    <nd ref="32906"/>
    <nd ref="32907"/>
    <nd ref="32908"/>
    <nd ref="32909"/>
  </way>
  <way id="32915" action="modify" visible="true" version="1">
    <nd ref="32910"/>
    <nd ref="32911"/>
    <nd ref="32912"/>
    <nd ref="32913"/>
  </way>
  <way id="32964" action="modify" visible="true" version="1">
    <nd ref="32918"/>
    <nd ref="32919"/>
    <nd ref="32920"/>
    <nd ref="32921"/>
    <nd ref="32922"/>
    <nd ref="32923"/>
    <nd ref="32924"/>
    <nd ref="32925"/>
    <nd ref="32926"/>
    <nd ref="32927"/>
    <nd ref="32928"/>
    <nd ref="32929"/>
    <nd ref="32930"/>
    <nd ref="32931"/>
    <nd ref="32932"/>
    <nd ref="32933"/>
    <nd ref="32934"/>
    <nd ref="32935"/>
    <nd ref="32936"/>
    <nd ref="32937"/>
    <nd ref="32938"/>
    <nd ref="32939"/>
    <nd ref="32940"/>
  </way>
  <way id="32965" action="modify" visible="true" version="1">
    <nd ref="32941"/>
    <nd ref="32942"/>
    <nd ref="32943"/>
    <nd ref="32944"/>
    <nd ref="32945"/>
    <nd ref="32946"/>
    <nd ref="32947"/>
    <nd ref="32948"/>
    <nd ref="32949"/>
    <nd ref="32950"/>
    <nd ref="32951"/>
    <nd ref="32952"/>
    <nd ref="32953"/>
    <nd ref="32954"/>
    <nd ref="32955"/>
    <nd ref="32956"/>
    <nd ref="32957"/>
    <nd ref="32958"/>
    <nd ref="32959"/>
    <nd ref="32960"/>
    <nd ref="32961"/>
    <nd ref="32962"/>
    <nd ref="32963"/>
  </way>
  <way id="32969" action="modify" visible="true" version="1">
    <nd ref="32968"/>
    <nd ref="32829"/>
  </way>
  <way id="32996" action="modify" visible="true" version="1">
    <nd ref="32972"/>
    <nd ref="32973"/>
    <nd ref="32974"/>
    <nd ref="32975"/>
    <nd ref="32976"/>
    <nd ref="32977"/>
    <nd ref="32978"/>
    <nd ref="32979"/>
    <nd ref="32980"/>
    <nd ref="32981"/>
    <nd ref="32982"/>
    <nd ref="32983"/>
  </way>
  <way id="32997" action="modify" visible="true" version="1">
    <nd ref="32984"/>
    <nd ref="32985"/>
    <nd ref="32986"/>
    <nd ref="32987"/>
    <nd ref="32988"/>
    <nd ref="32989"/>
    <nd ref="32990"/>
    <nd ref="32991"/>
    <nd ref="32992"/>
    <nd ref="32993"/>
    <nd ref="32994"/>
    <nd ref="32995"/>
  </way>
  <way id="33004" action="modify" visible="true" version="1">
    <nd ref="33000"/>
    <nd ref="33001"/>
    <nd ref="32613"/>
  </way>
  <way id="33005" action="modify" visible="true" version="1">
    <nd ref="33002"/>
    <nd ref="33003"/>
    <nd ref="32615"/>
  </way>
  <way id="33020" action="modify" visible="true" version="1">
    <nd ref="33008"/>
    <nd ref="33009"/>
    <nd ref="33010"/>
    <nd ref="33011"/>
    <nd ref="33012"/>
    <nd ref="33013"/>
  </way>
  <way id="33021" action="modify" visible="true" version="1">
    <nd ref="33014"/>
    <nd ref="33015"/>
    <nd ref="33016"/>
    <nd ref="33017"/>
    <nd ref="33018"/>
    <nd ref="33019"/>
  </way>
  <way id="33028" action="modify" visible="true" version="1">
    <nd ref="33024"/>
    <nd ref="33025"/>
    <nd ref="32860"/>
  </way>
  <way id="33029" action="modify" visible="true" version="1">
    <nd ref="33026"/>
    <nd ref="33027"/>
    <nd ref="32871"/>
  </way>
  <way id="33044" action="modify" visible="true" version="1">
    <nd ref="33032"/>
    <nd ref="33033"/>
    <nd ref="33034"/>
    <nd ref="33035"/>
    <nd ref="33036"/>
    <nd ref="33037"/>
  </way>
  <way id="33045" action="modify" visible="true" version="1">
    <nd ref="33038"/>
    <nd ref="33039"/>
    <nd ref="33040"/>
    <nd ref="33041"/>
    <nd ref="33042"/>
    <nd ref="33043"/>
  </way>
  <way id="33056" action="modify" visible="true" version="1">
    <nd ref="32661"/>
    <nd ref="33048"/>
    <nd ref="33049"/>
    <nd ref="33050"/>
    <nd ref="33051"/>
  </way>
  <way id="33057" action="modify" visible="true" version="1">
    <nd ref="32664"/>
    <nd ref="33052"/>
    <nd ref="33053"/>
    <nd ref="33054"/>
    <nd ref="33055"/>
  </way>
  <way id="33144" action="modify" visible="true" version="1">
    <nd ref="33060"/>
    <nd ref="33061"/>
    <nd ref="33062"/>
    <nd ref="33063"/>
    <nd ref="33064"/>
    <nd ref="33065"/>
    <nd ref="33066"/>
    <nd ref="33067"/>
    <nd ref="33068"/>
    <nd ref="33069"/>
    <nd ref="33070"/>
    <nd ref="33071"/>
    <nd ref="33072"/>
    <nd ref="33073"/>
    <nd ref="33074"/>
    <nd ref="33075"/>
    <nd ref="33076"/>
    <nd ref="33077"/>
    <nd ref="33078"/>
    <nd ref="33079"/>
    <nd ref="33080"/>
    <nd ref="33081"/>
    <nd ref="33082"/>
    <nd ref="33083"/>
    <nd ref="33084"/>
    <nd ref="33085"/>
    <nd ref="33086"/>
    <nd ref="33087"/>
    <nd ref="33088"/>
    <nd ref="33089"/>
    <nd ref="33090"/>
    <nd ref="33091"/>
    <nd ref="33092"/>
    <nd ref="33093"/>
    <nd ref="33094"/>
    <nd ref="33095"/>
    <nd ref="33096"/>
    <nd ref="33097"/>
    <nd ref="33098"/>
    <nd ref="33099"/>
    <nd ref="33100"/>
    <nd ref="33101"/>
  </way>
  <way id="33145" action="modify" visible="true" version="1">
    <nd ref="33102"/>
    <nd ref="33103"/>
    <nd ref="33104"/>
    <nd ref="33105"/>
    <nd ref="33106"/>
    <nd ref="33107"/>
    <nd ref="33108"/>
    <nd ref="33109"/>
    <nd ref="33110"/>
    <nd ref="33111"/>
    <nd ref="33112"/>
    <nd ref="33113"/>
    <nd ref="33114"/>
    <nd ref="33115"/>
    <nd ref="33116"/>
    <nd ref="33117"/>
    <nd ref="33118"/>
    <nd ref="33119"/>
    <nd ref="33120"/>
    <nd ref="33121"/>
    <nd ref="33122"/>
    <nd ref="33123"/>
    <nd ref="33124"/>
    <nd ref="33125"/>
    <nd ref="33126"/>
    <nd ref="33127"/>
    <nd ref="33128"/>
    <nd ref="33129"/>
    <nd ref="33130"/>
    <nd ref="33131"/>
    <nd ref="33132"/>
    <nd ref="33133"/>
    <nd ref="33134"/>
    <nd ref="33135"/>
    <nd ref="33136"/>
    <nd ref="33137"/>
    <nd ref="33138"/>
    <nd ref="33139"/>
    <nd ref="33140"/>
    <nd ref="33141"/>
    <nd ref="33142"/>
    <nd ref="33143"/>
  </way>
  <way id="33150" action="modify" visible="true" version="1">
    <nd ref="33051"/>
    <nd ref="33148"/>
  </way>
  <way id="33151" action="modify" visible="true" version="1">
    <nd ref="33055"/>
    <nd ref="33149"/>
  </way>
  <way id="33166" action="modify" visible="true" version="1">
    <nd ref="32681"/>
    <nd ref="33154"/>
    <nd ref="33155"/>
    <nd ref="33156"/>
    <nd ref="33157"/>
    <nd ref="33158"/>
    <nd ref="33159"/>
  </way>
  <way id="33167" action="modify" visible="true" version="1">
    <nd ref="32686"/>
    <nd ref="33160"/>
    <nd ref="33161"/>
    <nd ref="33162"/>
    <nd ref="33163"/>
    <nd ref="33164"/>
    <nd ref="33165"/>
  </way>
  <way id="33220" action="modify" visible="true" version="1">
    <nd ref="33170"/>
    <nd ref="33171"/>
    <nd ref="33172"/>
    <nd ref="33173"/>
    <nd ref="33174"/>
    <nd ref="33175"/>
    <nd ref="33176"/>
    <nd ref="33177"/>
    <nd ref="33178"/>
    <nd ref="33179"/>
    <nd ref="33180"/>
    <nd ref="33181"/>
    <nd ref="33182"/>
    <nd ref="33183"/>
    <nd ref="33184"/>
    <nd ref="33185"/>
    <nd ref="33186"/>
    <nd ref="33187"/>
    <nd ref="33188"/>
    <nd ref="33189"/>
    <nd ref="33190"/>
    <nd ref="33191"/>
    <nd ref="33192"/>
    <nd ref="33193"/>
    <nd ref="33194"/>
  </way>
  <way id="33221" action="modify" visible="true" version="1">
    <nd ref="33195"/>
    <nd ref="33196"/>
    <nd ref="33197"/>
    <nd ref="33198"/>
    <nd ref="33199"/>
    <nd ref="33200"/>
    <nd ref="33201"/>
    <nd ref="33202"/>
    <nd ref="33203"/>
    <nd ref="33204"/>
    <nd ref="33205"/>
    <nd ref="33206"/>
    <nd ref="33207"/>
    <nd ref="33208"/>
    <nd ref="33209"/>
    <nd ref="33210"/>
    <nd ref="33211"/>
    <nd ref="33212"/>
    <nd ref="33213"/>
    <nd ref="33214"/>
    <nd ref="33215"/>
    <nd ref="33216"/>
    <nd ref="33217"/>
    <nd ref="33218"/>
    <nd ref="33219"/>
  </way>
  <way id="33230" action="modify" visible="true" version="1">
    <nd ref="33224"/>
    <nd ref="33225"/>
    <nd ref="33226"/>
    <nd ref="32918"/>
  </way>
  <way id="33231" action="modify" visible="true" version="1">
    <nd ref="33227"/>
    <nd ref="33228"/>
    <nd ref="33229"/>
    <nd ref="32941"/>
  </way>
  <way id="33244" action="modify" visible="true" version="1">
    <nd ref="33234"/>
    <nd ref="33235"/>
    <nd ref="33236"/>
    <nd ref="33237"/>
    <nd ref="33238"/>
    <nd ref="32724"/>
  </way>
  <way id="33245" action="modify" visible="true" version="1">
    <nd ref="33239"/>
    <nd ref="33240"/>
    <nd ref="33241"/>
    <nd ref="33242"/>
    <nd ref="33243"/>
    <nd ref="32734"/>
  </way>
  <way id="33250" action="modify" visible="true" version="1">
    <nd ref="32764"/>
    <nd ref="33248"/>
    <nd ref="32906"/>
  </way>
  <way id="33251" action="modify" visible="true" version="1">
    <nd ref="32769"/>
    <nd ref="33249"/>
    <nd ref="32910"/>
  </way>
  <way id="33260" action="modify" visible="true" version="1">
    <nd ref="32621"/>
    <nd ref="33254"/>
    <nd ref="33255"/>
    <nd ref="33256"/>
  </way>
  <way id="33261" action="modify" visible="true" version="1">
    <nd ref="32638"/>
    <nd ref="33257"/>
    <nd ref="33258"/>
    <nd ref="33259"/>
  </way>
  <way id="33267" action="modify" visible="true" version="1">
    <nd ref="33264"/>
    <nd ref="33265"/>
    <nd ref="33266"/>
  </way>
  <way id="33294" action="modify" visible="true" version="1">
    <nd ref="33270"/>
    <nd ref="33271"/>
    <nd ref="33272"/>
    <nd ref="33273"/>
    <nd ref="33274"/>
    <nd ref="33275"/>
    <nd ref="33276"/>
    <nd ref="33277"/>
    <nd ref="33278"/>
    <nd ref="33279"/>
    <nd ref="33280"/>
    <nd ref="33281"/>
    <nd ref="33060"/>
  </way>
  <way id="33295" action="modify" visible="true" version="1">
    <nd ref="33282"/>
    <nd ref="33283"/>
    <nd ref="33284"/>
    <nd ref="33285"/>
    <nd ref="33286"/>
    <nd ref="33287"/>
    <nd ref="33288"/>
    <nd ref="33289"/>
    <nd ref="33290"/>
    <nd ref="33291"/>
    <nd ref="33292"/>
    <nd ref="33293"/>
    <nd ref="33102"/>
  </way>
  <way id="33300" action="modify" visible="true" version="1">
    <nd ref="32691"/>
    <nd ref="33298"/>
    <nd ref="32670"/>
  </way>
  <way id="33301" action="modify" visible="true" version="1">
    <nd ref="32700"/>
    <nd ref="33299"/>
    <nd ref="32968"/>
  </way>
  <way id="33346" action="modify" visible="true" version="1">
    <nd ref="32890"/>
    <nd ref="33304"/>
    <nd ref="33305"/>
    <nd ref="33306"/>
    <nd ref="33307"/>
    <nd ref="33308"/>
    <nd ref="33309"/>
    <nd ref="33310"/>
    <nd ref="33311"/>
    <nd ref="33312"/>
    <nd ref="33313"/>
    <nd ref="33314"/>
    <nd ref="33315"/>
    <nd ref="33316"/>
    <nd ref="33317"/>
    <nd ref="33318"/>
    <nd ref="33319"/>
    <nd ref="33320"/>
    <nd ref="33321"/>
    <nd ref="33322"/>
    <nd ref="33323"/>
    <nd ref="33324"/>
  </way>
  <way id="33347" action="modify" visible="true" version="1">
    <nd ref="32895"/>
    <nd ref="33325"/>
    <nd ref="33326"/>
    <nd ref="33327"/>
    <nd ref="33328"/>
    <nd ref="33329"/>
    <nd ref="33330"/>
    <nd ref="33331"/>
    <nd ref="33332"/>
    <nd ref="33333"/>
    <nd ref="33334"/>
    <nd ref="33335"/>
    <nd ref="33336"/>
    <nd ref="33337"/>
    <nd ref="33338"/>
    <nd ref="33339"/>
    <nd ref="33340"/>
    <nd ref="33341"/>
    <nd ref="33342"/>
    <nd ref="33343"/>
    <nd ref="33344"/>
    <nd ref="33345"/>
  </way>
  <way id="33354" action="modify" visible="true" version="1">
    <nd ref="33350"/>
    <nd ref="33351"/>
  </way>
  <way id="33355" action="modify" visible="true" version="1">
    <nd ref="33352"/>
    <nd ref="33353"/>
  </way>
  <way id="33364" action="modify" visible="true" version="1">
    <nd ref="33358"/>
    <nd ref="33359"/>
    <nd ref="33360"/>
  </way>
  <way id="33365" action="modify" visible="true" version="1">
    <nd ref="33361"/>
    <nd ref="33362"/>
    <nd ref="33363"/>
  </way>
  <way id="33372" action="modify" visible="true" version="1">
    <nd ref="32776"/>
    <nd ref="33368"/>
    <nd ref="33369"/>
  </way>
  <way id="33373" action="modify" visible="true" version="1">
    <nd ref="32779"/>
    <nd ref="33370"/>
    <nd ref="33371"/>
  </way>
  <way id="33380" action="modify" visible="true" version="1">
    <nd ref="33376"/>
    <nd ref="33377"/>
    <nd ref="32774"/>
  </way>
  <way id="33381" action="modify" visible="true" version="1">
    <nd ref="33378"/>
    <nd ref="33379"/>
    <nd ref="32777"/>
  </way>
  <way id="33388" action="modify" visible="true" version="1">
    <nd ref="33360"/>
    <nd ref="33384"/>
    <nd ref="33385"/>
  </way>
  <way id="33389" action="modify" visible="true" version="1">
    <nd ref="33363"/>
    <nd ref="33386"/>
    <nd ref="33387"/>
  </way>
  <way id="33428" action="modify" visible="true" version="1">
    <nd ref="33392"/>
    <nd ref="33393"/>
    <nd ref="33394"/>
    <nd ref="33395"/>
    <nd ref="33396"/>
    <nd ref="33397"/>
    <nd ref="33398"/>
    <nd ref="33399"/>
    <nd ref="33400"/>
    <nd ref="33401"/>
    <nd ref="33402"/>
    <nd ref="33403"/>
    <nd ref="33404"/>
    <nd ref="33405"/>
    <nd ref="33406"/>
    <nd ref="33407"/>
    <nd ref="33408"/>
    <nd ref="33409"/>
  </way>
  <way id="33429" action="modify" visible="true" version="1">
    <nd ref="33410"/>
    <nd ref="33411"/>
    <nd ref="33412"/>
    <nd ref="33413"/>
    <nd ref="33414"/>
    <nd ref="33415"/>
    <nd ref="33416"/>
    <nd ref="33417"/>
    <nd ref="33418"/>
    <nd ref="33419"/>
    <nd ref="33420"/>
    <nd ref="33421"/>
    <nd ref="33422"/>
    <nd ref="33423"/>
    <nd ref="33424"/>
    <nd ref="33425"/>
    <nd ref="33426"/>
    <nd ref="33427"/>
  </way>
  <way id="33440" action="modify" visible="true" version="1">
    <nd ref="33432"/>
    <nd ref="33433"/>
    <nd ref="33434"/>
    <nd ref="33435"/>
    <nd ref="32972"/>
  </way>
  <way id="33441" action="modify" visible="true" version="1">
    <nd ref="33436"/>
    <nd ref="33437"/>
    <nd ref="33438"/>
    <nd ref="33439"/>
    <nd ref="32984"/>
  </way>
  <way id="33480" action="modify" visible="true" version="1">
    <nd ref="33256"/>
    <nd ref="33444"/>
    <nd ref="33445"/>
    <nd ref="33446"/>
    <nd ref="33447"/>
    <nd ref="33448"/>
    <nd ref="33449"/>
    <nd ref="33450"/>
    <nd ref="33451"/>
    <nd ref="33452"/>
    <nd ref="33453"/>
    <nd ref="33454"/>
    <nd ref="33455"/>
    <nd ref="33456"/>
    <nd ref="33457"/>
    <nd ref="33458"/>
    <nd ref="33459"/>
    <nd ref="33460"/>
    <nd ref="33461"/>
  </way>
  <way id="33481" action="modify" visible="true" version="1">
    <nd ref="33259"/>
    <nd ref="33462"/>
    <nd ref="33463"/>
    <nd ref="33464"/>
    <nd ref="33465"/>
    <nd ref="33466"/>
    <nd ref="33467"/>
    <nd ref="33468"/>
    <nd ref="33469"/>
    <nd ref="33470"/>
    <nd ref="33471"/>
    <nd ref="33472"/>
    <nd ref="33473"/>
    <nd ref="33474"/>
    <nd ref="33475"/>
    <nd ref="33476"/>
    <nd ref="33477"/>
    <nd ref="33478"/>
    <nd ref="33479"/>
  </way>
  <way id="33492" action="modify" visible="true" version="1">
    <nd ref="33194"/>
    <nd ref="33484"/>
    <nd ref="33485"/>
    <nd ref="33486"/>
    <nd ref="33487"/>
  </way>
  <way id="33493" action="modify" visible="true" version="1">
    <nd ref="33219"/>
    <nd ref="33488"/>
    <nd ref="33489"/>
    <nd ref="33490"/>
    <nd ref="33491"/>
  </way>
  <way id="33504" action="modify" visible="true" version="1">
    <nd ref="33496"/>
    <nd ref="33497"/>
    <nd ref="33498"/>
    <nd ref="33499"/>
    <nd ref="32940"/>
  </way>
  <way id="33505" action="modify" visible="true" version="1">
    <nd ref="33500"/>
    <nd ref="33501"/>
    <nd ref="33502"/>
    <nd ref="33503"/>
    <nd ref="32963"/>
  </way>
  <way id="33518" action="modify" visible="true" version="1">
    <nd ref="33369"/>
    <nd ref="33508"/>
    <nd ref="33509"/>
    <nd ref="33510"/>
    <nd ref="33511"/>
    <nd ref="33512"/>
    <nd ref="33270"/>
  </way>
  <way id="33519" action="modify" visible="true" version="1">
    <nd ref="33371"/>
    <nd ref="33513"/>
    <nd ref="33514"/>
    <nd ref="33515"/>
    <nd ref="33516"/>
    <nd ref="33517"/>
    <nd ref="33282"/>
  </way>
  <way id="33528" action="modify" visible="true" version="1">
    <nd ref="33522"/>
    <nd ref="33523"/>
    <nd ref="33524"/>
  </way>
  <way id="33529" action="modify" visible="true" version="1">
    <nd ref="33525"/>
    <nd ref="33526"/>
    <nd ref="33527"/>
  </way>
  <way id="33534" action="modify" visible="true" version="1">
    <nd ref="33532"/>
    <nd ref="33533"/>
  </way>
  <way id="33543" action="modify" visible="true" version="1">
    <nd ref="33537"/>
    <nd ref="33538"/>
    <nd ref="33539"/>
    <nd ref="33224"/>
  </way>
  <way id="33544" action="modify" visible="true" version="1">
    <nd ref="33540"/>
    <nd ref="33541"/>
    <nd ref="33542"/>
    <nd ref="33227"/>
  </way>
  <way id="33563" action="modify" visible="true" version="1">
    <nd ref="33547"/>
    <nd ref="33548"/>
    <nd ref="33549"/>
    <nd ref="33550"/>
    <nd ref="33551"/>
    <nd ref="33552"/>
    <nd ref="33553"/>
    <nd ref="33554"/>
    <nd ref="32846"/>
  </way>
  <way id="33564" action="modify" visible="true" version="1">
    <nd ref="33555"/>
    <nd ref="33556"/>
    <nd ref="33557"/>
    <nd ref="33558"/>
    <nd ref="33559"/>
    <nd ref="33560"/>
    <nd ref="33561"/>
    <nd ref="33562"/>
    <nd ref="32851"/>
  </way>
  <way id="33573" action="modify" visible="true" version="1">
    <nd ref="33487"/>
    <nd ref="33567"/>
    <nd ref="33568"/>
    <nd ref="33569"/>
  </way>
  <way id="33574" action="modify" visible="true" version="1">
    <nd ref="33491"/>
    <nd ref="33570"/>
    <nd ref="33571"/>
    <nd ref="33572"/>
  </way>
  <way id="33577" action="modify" visible="true" version="1">
    <nd ref="33572"/>
    <nd ref="33264"/>
  </way>
  <way id="33582" action="modify" visible="true" version="1">
    <nd ref="33580"/>
    <nd ref="33351"/>
  </way>
  <way id="33583" action="modify" visible="true" version="1">
    <nd ref="33581"/>
    <nd ref="33532"/>
  </way>
  <way id="33588" action="modify" visible="true" version="1">
    <nd ref="33051"/>
    <nd ref="33586"/>
  </way>
  <way id="33589" action="modify" visible="true" version="1">
    <nd ref="33055"/>
    <nd ref="33587"/>
  </way>
  <way id="33596" action="modify" visible="true" version="1">
    <nd ref="33224"/>
    <nd ref="33592"/>
    <nd ref="33593"/>
    <nd ref="33170"/>
  </way>
  <way id="33597" action="modify" visible="true" version="1">
    <nd ref="33227"/>
    <nd ref="33594"/>
    <nd ref="33595"/>
    <nd ref="33195"/>
  </way>
  <way id="33600" action="modify" visible="true" version="1">
    <nd ref="33586"/>
    <nd ref="33392"/>
  </way>
  <way id="33601" action="modify" visible="true" version="1">
    <nd ref="33587"/>
    <nd ref="33410"/>
  </way>
  <way id="33604" action="modify" visible="true" version="1">
    <nd ref="33353"/>
    <nd ref="33427"/>
  </way>
  <way id="33609" action="modify" visible="true" version="1">
    <nd ref="33159"/>
    <nd ref="33607"/>
  </way>
  <way id="33610" action="modify" visible="true" version="1">
    <nd ref="33165"/>
    <nd ref="33608"/>
  </way>
  <way id="33659" action="modify" visible="true" version="1">
    <nd ref="33613"/>
    <nd ref="33614"/>
    <nd ref="33615"/>
    <nd ref="33616"/>
    <nd ref="33617"/>
    <nd ref="33618"/>
    <nd ref="33619"/>
    <nd ref="33620"/>
    <nd ref="33621"/>
    <nd ref="33622"/>
    <nd ref="33623"/>
    <nd ref="33624"/>
    <nd ref="33625"/>
    <nd ref="33626"/>
    <nd ref="33627"/>
    <nd ref="33628"/>
    <nd ref="33629"/>
    <nd ref="33630"/>
    <nd ref="33631"/>
    <nd ref="33632"/>
    <nd ref="33633"/>
    <nd ref="33634"/>
    <nd ref="33635"/>
  </way>
  <way id="33660" action="modify" visible="true" version="1">
    <nd ref="33636"/>
    <nd ref="33637"/>
    <nd ref="33638"/>
    <nd ref="33639"/>
    <nd ref="33640"/>
    <nd ref="33641"/>
    <nd ref="33642"/>
    <nd ref="33643"/>
    <nd ref="33644"/>
    <nd ref="33645"/>
    <nd ref="33646"/>
    <nd ref="33647"/>
    <nd ref="33648"/>
    <nd ref="33649"/>
    <nd ref="33650"/>
    <nd ref="33651"/>
    <nd ref="33652"/>
    <nd ref="33653"/>
    <nd ref="33654"/>
    <nd ref="33655"/>
    <nd ref="33656"/>
    <nd ref="33657"/>
    <nd ref="33658"/>
  </way>
  <way id="33691" action="modify" visible="true" version="1">
    <nd ref="33663"/>
    <nd ref="33664"/>
    <nd ref="33665"/>
    <nd ref="33666"/>
    <nd ref="33667"/>
    <nd ref="33668"/>
    <nd ref="33669"/>
    <nd ref="33670"/>
    <nd ref="33671"/>
    <nd ref="33672"/>
    <nd ref="33673"/>
    <nd ref="33674"/>
    <nd ref="33675"/>
    <nd ref="33676"/>
  </way>
  <way id="33692" action="modify" visible="true" version="1">
    <nd ref="33677"/>
    <nd ref="33678"/>
    <nd ref="33679"/>
    <nd ref="33680"/>
    <nd ref="33681"/>
    <nd ref="33682"/>
    <nd ref="33683"/>
    <nd ref="33684"/>
    <nd ref="33685"/>
    <nd ref="33686"/>
    <nd ref="33687"/>
    <nd ref="33688"/>
    <nd ref="33689"/>
    <nd ref="33690"/>
  </way>
  <way id="33703" action="modify" visible="true" version="1">
    <nd ref="33695"/>
    <nd ref="33696"/>
    <nd ref="33697"/>
    <nd ref="33698"/>
    <nd ref="32820"/>
  </way>
  <way id="33704" action="modify" visible="true" version="1">
    <nd ref="33699"/>
    <nd ref="33700"/>
    <nd ref="33701"/>
    <nd ref="33702"/>
    <nd ref="32821"/>
  </way>
  <way id="33727" action="modify" visible="true" version="1">
    <nd ref="33676"/>
    <nd ref="33707"/>
    <nd ref="33708"/>
    <nd ref="33709"/>
    <nd ref="33710"/>
    <nd ref="33711"/>
    <nd ref="33712"/>
    <nd ref="33713"/>
    <nd ref="33714"/>
    <nd ref="33715"/>
    <nd ref="33716"/>
  </way>
  <way id="33728" action="modify" visible="true" version="1">
    <nd ref="33690"/>
    <nd ref="33717"/>
    <nd ref="33718"/>
    <nd ref="33719"/>
    <nd ref="33720"/>
    <nd ref="33721"/>
    <nd ref="33722"/>
    <nd ref="33723"/>
    <nd ref="33724"/>
    <nd ref="33725"/>
    <nd ref="33726"/>
  </way>
  <way id="33737" action="modify" visible="true" version="1">
    <nd ref="33635"/>
    <nd ref="33731"/>
    <nd ref="33732"/>
    <nd ref="33733"/>
  </way>
  <way id="33738" action="modify" visible="true" version="1">
    <nd ref="33658"/>
    <nd ref="33734"/>
    <nd ref="33735"/>
    <nd ref="33736"/>
  </way>
  <way id="33773" action="modify" visible="true" version="1">
    <nd ref="33741"/>
    <nd ref="33742"/>
    <nd ref="33743"/>
    <nd ref="33744"/>
    <nd ref="33745"/>
    <nd ref="33746"/>
    <nd ref="33747"/>
    <nd ref="33748"/>
    <nd ref="33749"/>
    <nd ref="33750"/>
    <nd ref="33751"/>
    <nd ref="33752"/>
    <nd ref="33753"/>
    <nd ref="33754"/>
    <nd ref="33755"/>
    <nd ref="33756"/>
    <nd ref="32748"/>
  </way>
  <way id="33774" action="modify" visible="true" version="1">
    <nd ref="33757"/>
    <nd ref="33758"/>
    <nd ref="33759"/>
    <nd ref="33760"/>
    <nd ref="33761"/>
    <nd ref="33762"/>
    <nd ref="33763"/>
    <nd ref="33764"/>
    <nd ref="33765"/>
    <nd ref="33766"/>
    <nd ref="33767"/>
    <nd ref="33768"/>
    <nd ref="33769"/>
    <nd ref="33770"/>
    <nd ref="33771"/>
    <nd ref="33772"/>
    <nd ref="32752"/>
  </way>
  <way id="33807" action="modify" visible="true" version="1">
    <nd ref="33148"/>
    <nd ref="33777"/>
    <nd ref="33778"/>
    <nd ref="33779"/>
    <nd ref="33780"/>
    <nd ref="33781"/>
    <nd ref="33782"/>
    <nd ref="33783"/>
    <nd ref="33784"/>
    <nd ref="33785"/>
    <nd ref="33786"/>
    <nd ref="33787"/>
    <nd ref="33788"/>
    <nd ref="33789"/>
    <nd ref="33790"/>
    <nd ref="33791"/>
    <nd ref="33000"/>
  </way>
  <way id="33808" action="modify" visible="true" version="1">
    <nd ref="33149"/>
    <nd ref="33792"/>
    <nd ref="33793"/>
    <nd ref="33794"/>
    <nd ref="33795"/>
    <nd ref="33796"/>
    <nd ref="33797"/>
    <nd ref="33798"/>
    <nd ref="33799"/>
    <nd ref="33800"/>
    <nd ref="33801"/>
    <nd ref="33802"/>
    <nd ref="33803"/>
    <nd ref="33804"/>
    <nd ref="33805"/>
    <nd ref="33806"/>
    <nd ref="33002"/>
  </way>
  <way id="33819" action="modify" visible="true" version="1">
    <nd ref="33811"/>
    <nd ref="33812"/>
    <nd ref="33813"/>
    <nd ref="33814"/>
  </way>
  <way id="33820" action="modify" visible="true" version="1">
    <nd ref="33815"/>
    <nd ref="33816"/>
    <nd ref="33817"/>
    <nd ref="33818"/>
  </way>
  <way id="33823" action="modify" visible="true" version="1">
    <nd ref="33385"/>
    <nd ref="33811"/>
  </way>
  <way id="33824" action="modify" visible="true" version="1">
    <nd ref="33387"/>
    <nd ref="33815"/>
  </way>
  <way id="33837" action="modify" visible="true" version="1">
    <nd ref="33827"/>
    <nd ref="33828"/>
    <nd ref="33829"/>
    <nd ref="33830"/>
    <nd ref="33831"/>
    <nd ref="32784"/>
  </way>
  <way id="33838" action="modify" visible="true" version="1">
    <nd ref="33832"/>
    <nd ref="33833"/>
    <nd ref="33834"/>
    <nd ref="33835"/>
    <nd ref="33836"/>
    <nd ref="32800"/>
  </way>
  <way id="33841" action="modify" visible="true" version="1">
    <nd ref="33324"/>
    <nd ref="33547"/>
  </way>
  <way id="33842" action="modify" visible="true" version="1">
    <nd ref="33345"/>
    <nd ref="33555"/>
  </way>
  <way id="33849" action="modify" visible="true" version="1">
    <nd ref="32983"/>
    <nd ref="33845"/>
    <nd ref="33846"/>
    <nd ref="33613"/>
  </way>
  <way id="33850" action="modify" visible="true" version="1">
    <nd ref="32995"/>
    <nd ref="33847"/>
    <nd ref="33848"/>
    <nd ref="33636"/>
  </way>
  <way id="33857" action="modify" visible="true" version="1">
    <nd ref="33853"/>
    <nd ref="33854"/>
    <nd ref="33580"/>
  </way>
  <way id="33858" action="modify" visible="true" version="1">
    <nd ref="33855"/>
    <nd ref="33856"/>
    <nd ref="33581"/>
  </way>
  <way id="33863" action="modify" visible="true" version="1">
    <nd ref="33861"/>
    <nd ref="32836"/>
  </way>
  <way id="33864" action="modify" visible="true" version="1">
    <nd ref="33862"/>
    <nd ref="32839"/>
  </way>
  <way id="33869" action="modify" visible="true" version="1">
    <nd ref="32940"/>
    <nd ref="33867"/>
    <nd ref="33032"/>
  </way>
  <way id="33870" action="modify" visible="true" version="1">
    <nd ref="32963"/>
    <nd ref="33868"/>
    <nd ref="33038"/>
  </way>
  <way id="33883" action="modify" visible="true" version="1">
    <nd ref="33524"/>
    <nd ref="33873"/>
    <nd ref="33874"/>
    <nd ref="33875"/>
    <nd ref="33876"/>
    <nd ref="33877"/>
  </way>
  <way id="33884" action="modify" visible="true" version="1">
    <nd ref="33527"/>
    <nd ref="33878"/>
    <nd ref="33879"/>
    <nd ref="33880"/>
    <nd ref="33881"/>
    <nd ref="33882"/>
  </way>
  <way id="33901" action="modify" visible="true" version="1">
    <nd ref="33887"/>
    <nd ref="33888"/>
    <nd ref="33889"/>
    <nd ref="33890"/>
    <nd ref="33891"/>
    <nd ref="33892"/>
    <nd ref="33893"/>
  </way>
  <way id="33902" action="modify" visible="true" version="1">
    <nd ref="33894"/>
    <nd ref="33895"/>
    <nd ref="33896"/>
    <nd ref="33897"/>
    <nd ref="33898"/>
    <nd ref="33899"/>
    <nd ref="33900"/>
  </way>
  <way id="33915" action="modify" visible="true" version="1">
    <nd ref="33905"/>
    <nd ref="33906"/>
    <nd ref="33907"/>
    <nd ref="33908"/>
    <nd ref="33909"/>
  </way>
  <way id="33916" action="modify" visible="true" version="1">
    <nd ref="33910"/>
    <nd ref="33911"/>
    <nd ref="33912"/>
    <nd ref="33913"/>
    <nd ref="33914"/>
  </way>
  <way id="33935" action="modify" visible="true" version="1">
    <nd ref="32870"/>
    <nd ref="33919"/>
    <nd ref="33920"/>
    <nd ref="33921"/>
    <nd ref="33922"/>
    <nd ref="33923"/>
    <nd ref="33924"/>
    <nd ref="33925"/>
    <nd ref="33926"/>
    <nd ref="33663"/>
  </way>
  <way id="33936" action="modify" visible="true" version="1">
    <nd ref="32881"/>
    <nd ref="33927"/>
    <nd ref="33928"/>
    <nd ref="33929"/>
    <nd ref="33930"/>
    <nd ref="33931"/>
    <nd ref="33932"/>
    <nd ref="33933"/>
    <nd ref="33934"/>
    <nd ref="33677"/>
  </way>
  <way id="33947" action="modify" visible="true" version="1">
    <nd ref="32706"/>
    <nd ref="33939"/>
    <nd ref="33940"/>
    <nd ref="33941"/>
    <nd ref="33942"/>
    <nd ref="33432"/>
  </way>
  <way id="33948" action="modify" visible="true" version="1">
    <nd ref="32709"/>
    <nd ref="33943"/>
    <nd ref="33944"/>
    <nd ref="33945"/>
    <nd ref="33946"/>
    <nd ref="33436"/>
  </way>
  <way id="33951" action="modify" visible="true" version="1">
    <nd ref="33814"/>
    <nd ref="33376"/>
  </way>
  <way id="33952" action="modify" visible="true" version="1">
    <nd ref="33818"/>
    <nd ref="33378"/>
  </way>
  <way id="33959" action="modify" visible="true" version="1">
    <nd ref="33877"/>
    <nd ref="33955"/>
    <nd ref="33956"/>
  </way>
  <way id="33960" action="modify" visible="true" version="1">
    <nd ref="33882"/>
    <nd ref="33957"/>
    <nd ref="33958"/>
  </way>
  <way id="33963" action="modify" visible="true" version="1">
    <nd ref="32909"/>
    <nd ref="33887"/>
  </way>
  <way id="33964" action="modify" visible="true" version="1">
    <nd ref="32913"/>
    <nd ref="33894"/>
  </way>
  <way id="33993" action="modify" visible="true" version="1">
    <nd ref="33461"/>
    <nd ref="33967"/>
    <nd ref="33968"/>
    <nd ref="33969"/>
    <nd ref="33970"/>
    <nd ref="33971"/>
    <nd ref="33972"/>
    <nd ref="33973"/>
    <nd ref="33974"/>
    <nd ref="33975"/>
    <nd ref="33976"/>
    <nd ref="33977"/>
    <nd ref="33978"/>
    <nd ref="33979"/>
    <nd ref="33024"/>
  </way>
  <way id="33994" action="modify" visible="true" version="1">
    <nd ref="33479"/>
    <nd ref="33980"/>
    <nd ref="33981"/>
    <nd ref="33982"/>
    <nd ref="33983"/>
    <nd ref="33984"/>
    <nd ref="33985"/>
    <nd ref="33986"/>
    <nd ref="33987"/>
    <nd ref="33988"/>
    <nd ref="33989"/>
    <nd ref="33990"/>
    <nd ref="33991"/>
    <nd ref="33992"/>
    <nd ref="33026"/>
  </way>
  <way id="34029" action="modify" visible="true" version="1">
    <nd ref="33324"/>
    <nd ref="33997"/>
    <nd ref="33998"/>
    <nd ref="33999"/>
    <nd ref="34000"/>
    <nd ref="34001"/>
    <nd ref="34002"/>
    <nd ref="34003"/>
    <nd ref="34004"/>
    <nd ref="34005"/>
    <nd ref="34006"/>
    <nd ref="34007"/>
    <nd ref="34008"/>
    <nd ref="34009"/>
    <nd ref="34010"/>
    <nd ref="34011"/>
    <nd ref="34012"/>
    <nd ref="33905"/>
  </way>
  <way id="34030" action="modify" visible="true" version="1">
    <nd ref="33345"/>
    <nd ref="34013"/>
    <nd ref="34014"/>
    <nd ref="34015"/>
    <nd ref="34016"/>
    <nd ref="34017"/>
    <nd ref="34018"/>
    <nd ref="34019"/>
    <nd ref="34020"/>
    <nd ref="34021"/>
    <nd ref="34022"/>
    <nd ref="34023"/>
    <nd ref="34024"/>
    <nd ref="34025"/>
    <nd ref="34026"/>
    <nd ref="34027"/>
    <nd ref="34028"/>
    <nd ref="33910"/>
  </way>
  <way id="34033" action="modify" visible="true" version="1">
    <nd ref="33350"/>
    <nd ref="33000"/>
  </way>
  <way id="34034" action="modify" visible="true" version="1">
    <nd ref="33533"/>
    <nd ref="33002"/>
  </way>
  <way id="34073" action="modify" visible="true" version="1">
    <nd ref="32820"/>
    <nd ref="34037"/>
    <nd ref="34038"/>
    <nd ref="34039"/>
    <nd ref="34040"/>
    <nd ref="34041"/>
    <nd ref="34042"/>
    <nd ref="34043"/>
    <nd ref="34044"/>
    <nd ref="34045"/>
    <nd ref="34046"/>
    <nd ref="34047"/>
    <nd ref="34048"/>
    <nd ref="34049"/>
    <nd ref="34050"/>
    <nd ref="34051"/>
    <nd ref="34052"/>
    <nd ref="34053"/>
    <nd ref="34054"/>
  </way>
  <way id="34074" action="modify" visible="true" version="1">
    <nd ref="32821"/>
    <nd ref="34055"/>
    <nd ref="34056"/>
    <nd ref="34057"/>
    <nd ref="34058"/>
    <nd ref="34059"/>
    <nd ref="34060"/>
    <nd ref="34061"/>
    <nd ref="34062"/>
    <nd ref="34063"/>
    <nd ref="34064"/>
    <nd ref="34065"/>
    <nd ref="34066"/>
    <nd ref="34067"/>
    <nd ref="34068"/>
    <nd ref="34069"/>
    <nd ref="34070"/>
    <nd ref="34071"/>
    <nd ref="34072"/>
  </way>
  <way id="34077" action="modify" visible="true" version="1">
    <nd ref="32850"/>
    <nd ref="33008"/>
  </way>
  <way id="34078" action="modify" visible="true" version="1">
    <nd ref="32855"/>
    <nd ref="33014"/>
  </way>
  <way id="34082" action="modify" visible="true" version="1">
    <nd ref="33427"/>
    <nd ref="34081"/>
    <nd ref="33699"/>
  </way>
  <way id="34086" action="modify" visible="true" version="1">
    <nd ref="32672"/>
    <nd ref="34085"/>
    <nd ref="32693"/>
  </way>
  <way id="34093" action="modify" visible="true" version="1">
    <nd ref="32614"/>
    <nd ref="34089"/>
    <nd ref="34090"/>
    <nd ref="33487"/>
  </way>
  <way id="34094" action="modify" visible="true" version="1">
    <nd ref="32616"/>
    <nd ref="34091"/>
    <nd ref="34092"/>
    <nd ref="33491"/>
  </way>
  <way id="34127" action="modify" visible="true" version="1">
    <nd ref="32669"/>
    <nd ref="34097"/>
    <nd ref="34098"/>
    <nd ref="34099"/>
    <nd ref="34100"/>
    <nd ref="34101"/>
    <nd ref="34102"/>
    <nd ref="34103"/>
    <nd ref="34104"/>
    <nd ref="34105"/>
    <nd ref="34106"/>
    <nd ref="34107"/>
    <nd ref="34108"/>
    <nd ref="34109"/>
    <nd ref="34110"/>
    <nd ref="34111"/>
    <nd ref="34054"/>
  </way>
  <way id="34128" action="modify" visible="true" version="1">
    <nd ref="32671"/>
    <nd ref="34112"/>
    <nd ref="34113"/>
    <nd ref="34114"/>
    <nd ref="34115"/>
    <nd ref="34116"/>
    <nd ref="34117"/>
    <nd ref="34118"/>
    <nd ref="34119"/>
    <nd ref="34120"/>
    <nd ref="34121"/>
    <nd ref="34122"/>
    <nd ref="34123"/>
    <nd ref="34124"/>
    <nd ref="34125"/>
    <nd ref="34126"/>
    <nd ref="34072"/>
  </way>
  <way id="34131" action="modify" visible="true" version="1">
    <nd ref="33266"/>
    <nd ref="32717"/>
  </way>
  <way id="34142" action="modify" visible="true" version="1">
    <nd ref="34134"/>
    <nd ref="34135"/>
    <nd ref="34136"/>
    <nd ref="34137"/>
    <nd ref="33537"/>
  </way>
  <way id="34143" action="modify" visible="true" version="1">
    <nd ref="34138"/>
    <nd ref="34139"/>
    <nd ref="34140"/>
    <nd ref="34141"/>
    <nd ref="33540"/>
  </way>
  <way id="34152" action="modify" visible="true" version="1">
    <nd ref="33013"/>
    <nd ref="34146"/>
    <nd ref="34147"/>
    <nd ref="34148"/>
    <nd ref="33741"/>
  </way>
  <way id="34153" action="modify" visible="true" version="1">
    <nd ref="33019"/>
    <nd ref="34149"/>
    <nd ref="34150"/>
    <nd ref="34151"/>
    <nd ref="33757"/>
  </way>
  <way id="34158" action="modify" visible="true" version="1">
    <nd ref="32743"/>
    <nd ref="34156"/>
    <nd ref="34157"/>
    <nd ref="33862"/>
  </way>
  <way id="34161" action="modify" visible="true" version="1">
    <nd ref="33043"/>
    <nd ref="33352"/>
  </way>
  <way id="34170" action="modify" visible="true" version="1">
    <nd ref="33893"/>
    <nd ref="34164"/>
    <nd ref="34165"/>
    <nd ref="34166"/>
    <nd ref="32704"/>
  </way>
  <way id="34171" action="modify" visible="true" version="1">
    <nd ref="33900"/>
    <nd ref="34167"/>
    <nd ref="34168"/>
    <nd ref="34169"/>
    <nd ref="32707"/>
  </way>
  <way id="34178" action="modify" visible="true" version="1">
    <nd ref="34174"/>
    <nd ref="34175"/>
    <nd ref="34176"/>
    <nd ref="34177"/>
    <nd ref="33855"/>
  </way>
  <way id="34217" action="modify" visible="true" version="1">
    <nd ref="34181"/>
    <nd ref="34182"/>
    <nd ref="34183"/>
    <nd ref="34184"/>
    <nd ref="34185"/>
    <nd ref="34186"/>
    <nd ref="34187"/>
    <nd ref="34188"/>
    <nd ref="34189"/>
    <nd ref="34190"/>
    <nd ref="34191"/>
    <nd ref="34192"/>
    <nd ref="34193"/>
    <nd ref="34194"/>
    <nd ref="34195"/>
    <nd ref="34196"/>
    <nd ref="34197"/>
    <nd ref="34198"/>
    <nd ref="32846"/>
  </way>
  <way id="34218" action="modify" visible="true" version="1">
    <nd ref="34199"/>
    <nd ref="34200"/>
    <nd ref="34201"/>
    <nd ref="34202"/>
    <nd ref="34203"/>
    <nd ref="34204"/>
    <nd ref="34205"/>
    <nd ref="34206"/>
    <nd ref="34207"/>
    <nd ref="34208"/>
    <nd ref="34209"/>
    <nd ref="34210"/>
    <nd ref="34211"/>
    <nd ref="34212"/>
    <nd ref="34213"/>
    <nd ref="34214"/>
    <nd ref="34215"/>
    <nd ref="34216"/>
    <nd ref="32851"/>
  </way>
  <way id="34229" action="modify" visible="true" version="1">
    <nd ref="33101"/>
    <nd ref="34221"/>
    <nd ref="34222"/>
    <nd ref="34223"/>
    <nd ref="34224"/>
    <nd ref="34134"/>
  </way>
  <way id="34230" action="modify" visible="true" version="1">
    <nd ref="33143"/>
    <nd ref="34225"/>
    <nd ref="34226"/>
    <nd ref="34227"/>
    <nd ref="34228"/>
    <nd ref="34138"/>
  </way>
  <way id="34237" action="modify" visible="true" version="1">
    <nd ref="34233"/>
    <nd ref="34234"/>
    <nd ref="33234"/>
  </way>
  <way id="34238" action="modify" visible="true" version="1">
    <nd ref="34235"/>
    <nd ref="34236"/>
    <nd ref="33239"/>
  </way>
  <way id="34245" action="modify" visible="true" version="1">
    <nd ref="33013"/>
    <nd ref="34241"/>
    <nd ref="34242"/>
    <nd ref="33358"/>
  </way>
  <way id="34246" action="modify" visible="true" version="1">
    <nd ref="33019"/>
    <nd ref="34243"/>
    <nd ref="34244"/>
    <nd ref="33361"/>
  </way>
  <way id="34264" action="modify" visible="true" version="1">
    <nd ref="33914"/>
    <nd ref="34249"/>
    <nd ref="34250"/>
    <nd ref="34251"/>
    <nd ref="34252"/>
    <nd ref="34253"/>
    <nd ref="34254"/>
    <nd ref="34255"/>
    <nd ref="34256"/>
    <nd ref="34257"/>
    <nd ref="34258"/>
    <nd ref="34259"/>
    <nd ref="34260"/>
    <nd ref="34261"/>
    <nd ref="34262"/>
    <nd ref="34263"/>
    <nd ref="32829"/>
  </way>
  <way id="34271" action="modify" visible="true" version="1">
    <nd ref="33733"/>
    <nd ref="34267"/>
    <nd ref="34268"/>
    <nd ref="33827"/>
  </way>
  <way id="34272" action="modify" visible="true" version="1">
    <nd ref="33736"/>
    <nd ref="34269"/>
    <nd ref="34270"/>
    <nd ref="33832"/>
  </way>
  <way id="34281" action="modify" visible="true" version="1">
    <nd ref="33716"/>
    <nd ref="34275"/>
    <nd ref="34276"/>
    <nd ref="34277"/>
    <nd ref="33522"/>
  </way>
  <way id="34282" action="modify" visible="true" version="1">
    <nd ref="33726"/>
    <nd ref="34278"/>
    <nd ref="34279"/>
    <nd ref="34280"/>
    <nd ref="33525"/>
  </way>
  <way id="34327" action="modify" visible="true" version="1">
    <nd ref="32784"/>
    <nd ref="34285"/>
    <nd ref="34286"/>
    <nd ref="34287"/>
    <nd ref="34288"/>
    <nd ref="34289"/>
    <nd ref="34290"/>
    <nd ref="34291"/>
    <nd ref="34292"/>
    <nd ref="34293"/>
    <nd ref="34294"/>
    <nd ref="34295"/>
    <nd ref="34296"/>
    <nd ref="34297"/>
    <nd ref="34298"/>
    <nd ref="34299"/>
    <nd ref="34300"/>
    <nd ref="34301"/>
    <nd ref="34302"/>
    <nd ref="34303"/>
    <nd ref="34304"/>
    <nd ref="34305"/>
    <nd ref="32681"/>
  </way>
  <way id="34328" action="modify" visible="true" version="1">
    <nd ref="32800"/>
    <nd ref="34306"/>
    <nd ref="34307"/>
    <nd ref="34308"/>
    <nd ref="34309"/>
    <nd ref="34310"/>
    <nd ref="34311"/>
    <nd ref="34312"/>
    <nd ref="34313"/>
    <nd ref="34314"/>
    <nd ref="34315"/>
    <nd ref="34316"/>
    <nd ref="34317"/>
    <nd ref="34318"/>
    <nd ref="34319"/>
    <nd ref="34320"/>
    <nd ref="34321"/>
    <nd ref="34322"/>
    <nd ref="34323"/>
    <nd ref="34324"/>
    <nd ref="34325"/>
    <nd ref="34326"/>
    <nd ref="32686"/>
  </way>
  <way id="34348" action="modify" visible="true" version="1">
    <nd ref="33914"/>
    <nd ref="34331"/>
    <nd ref="34332"/>
    <nd ref="34333"/>
    <nd ref="34334"/>
    <nd ref="34335"/>
    <nd ref="34336"/>
    <nd ref="34337"/>
    <nd ref="34338"/>
    <nd ref="34339"/>
    <nd ref="34340"/>
    <nd ref="34341"/>
    <nd ref="34342"/>
    <nd ref="34343"/>
    <nd ref="34344"/>
    <nd ref="34345"/>
    <nd ref="34346"/>
    <nd ref="34347"/>
    <nd ref="34174"/>
  </way>
  <way id="34353" action="modify" visible="true" version="1">
    <nd ref="32692"/>
    <nd ref="34351"/>
    <nd ref="32820"/>
  </way>
  <way id="34354" action="modify" visible="true" version="1">
    <nd ref="32694"/>
    <nd ref="34352"/>
    <nd ref="34174"/>
  </way>
  <way id="34360" action="modify" visible="true" version="1">
    <nd ref="34072"/>
    <nd ref="34357"/>
    <nd ref="34358"/>
    <nd ref="34359"/>
    <nd ref="34199"/>
  </way>
  <way id="34367" action="modify" visible="true" version="1">
    <nd ref="33956"/>
    <nd ref="34363"/>
    <nd ref="34364"/>
    <nd ref="32760"/>
  </way>
  <way id="34368" action="modify" visible="true" version="1">
    <nd ref="33958"/>
    <nd ref="34365"/>
    <nd ref="34366"/>
    <nd ref="32765"/>
  </way>
  <way id="34374" action="modify" visible="true" version="1">
    <nd ref="34371"/>
    <nd ref="34372"/>
    <nd ref="34373"/>
    <nd ref="32671"/>
  </way>
  <way id="34383" action="modify" visible="true" version="1">
    <nd ref="32900"/>
    <nd ref="34377"/>
    <nd ref="34378"/>
    <nd ref="34379"/>
    <nd ref="33496"/>
  </way>
  <way id="34384" action="modify" visible="true" version="1">
    <nd ref="32901"/>
    <nd ref="34380"/>
    <nd ref="34381"/>
    <nd ref="34382"/>
    <nd ref="33500"/>
  </way>
  <way id="34389" action="modify" visible="true" version="1">
    <nd ref="34387"/>
    <nd ref="34388"/>
    <tag k="subtype" v="de274"/>
    <tag k="type" v="traffic_sign"/>
    <tag k="virtual" v="True"/>
  </way>
  <way id="34392" action="modify" visible="true" version="1">
    <nd ref="34390"/>
    <nd ref="34391"/>
    <tag k="type" v="stop_line"/>
  </way>
  <way id="34395" action="modify" visible="true" version="1">
    <nd ref="34393"/>
    <nd ref="34394"/>
    <tag k="type" v="stop_line"/>
  </way>
  <way id="34398" action="modify" visible="true" version="1">
    <nd ref="34396"/>
    <nd ref="34397"/>
    <tag k="type" v="stop_line"/>
  </way>
  <way id="34401" action="modify" visible="true" version="1">
    <nd ref="34399"/>
    <nd ref="34400"/>
    <tag k="type" v="stop_line"/>
  </way>
  <way id="34404" action="modify" visible="true" version="1">
    <nd ref="34402"/>
    <nd ref="34403"/>
    <tag k="type" v="stop_line"/>
  </way>
  <way id="34407" action="modify" visible="true" version="1">
    <nd ref="34405"/>
    <nd ref="34406"/>
    <tag k="type" v="stop_line"/>
  </way>
  <way id="34410" action="modify" visible="true" version="1">
    <nd ref="34408"/>
    <nd ref="34409"/>
    <tag k="type" v="stop_line"/>
  </way>
  <relation id="32619" action="modify" visible="true" version="1">
    <member type="way" ref="32618" role="right"/>
    <member type="way" ref="32617" role="left"/>
    <member type="relation" ref="32620" role="regulatory_element"/>
    <tag k="type" v="lanelet"/>
    <tag k="subtype" v="road"/>
    <tag k="location" v="urban"/>
    <tag k="one_way:vehicle:emergency" v="no"/>
  </relation>
  <relation id="32657" action="modify" visible="true" version="1">
    <member type="way" ref="32656" role="right"/>
    <member type="way" ref="32655" role="left"/>
    <member type="relation" ref="32658" role="regulatory_element"/>
    <tag k="type" v="lanelet"/>
    <tag k="subtype" v="road"/>
    <tag k="location" v="urban"/>
    <tag k="one_way:vehicle:emergency" v="no"/>
  </relation>
  <relation id="32667" action="modify" visible="true" version="1">
    <member type="way" ref="32666" role="right"/>
    <member type="way" ref="32665" role="left"/>
    <member type="relation" ref="32668" role="regulatory_element"/>
    <tag k="type" v="lanelet"/>
    <tag k="subtype" v="road"/>
    <tag k="location" v="urban"/>
    <tag k="one_way:vehicle:emergency" v="no"/>
  </relation>
  <relation id="32675" action="modify" visible="true" version="1">
    <member type="way" ref="32674" role="right"/>
    <member type="way" ref="32673" role="left"/>
    <member type="relation" ref="32676" role="regulatory_element"/>
    <tag k="type" v="lanelet"/>
    <tag k="subtype" v="road"/>
    <tag k="location" v="urban"/>
    <tag k="one_way:vehicle:emergency" v="no"/>
  </relation>
  <relation id="32689" action="modify" visible="true" version="1">
    <member type="way" ref="32688" role="right"/>
    <member type="way" ref="32687" role="left"/>
    <member type="relation" ref="32690" role="regulatory_element"/>
    <tag k="type" v="lanelet"/>
    <tag k="subtype" v="road"/>
    <tag k="location" v="urban"/>
    <tag k="one_way:vehicle:emergency" v="no"/>
  </relation>
  <relation id="32697" action="modify" visible="true" version="1">
    <member type="way" ref="32696" role="right"/>
    <member type="way" ref="32695" role="left"/>
    <member type="relation" ref="32698" role="regulatory_element"/>
    <tag k="type" v="lanelet"/>
    <tag k="subtype" v="road"/>
    <tag k="location" v="urban"/>
    <tag k="one_way:vehicle:emergency" v="no"/>
  </relation>
  <relation id="32702" action="modify" visible="true" version="1">
    <member type="way" ref="32701" role="right"/>
    <member type="way" ref="32695" role="left"/>
    <member type="relation" ref="32703" role="regulatory_element"/>
    <tag k="type" v="lanelet"/>
    <tag k="subtype" v="road"/>
    <tag k="location" v="urban"/>
    <tag k="one_way:vehicle:emergency" v="no"/>
  </relation>
  <relation id="32712" action="modify" visible="true" version="1">
    <member type="way" ref="32711" role="right"/>
    <member type="way" ref="32710" role="left"/>
    <member type="relation" ref="32713" role="regulatory_element"/>
    <tag k="type" v="lanelet"/>
    <tag k="subtype" v="road"/>
    <tag k="location" v="urban"/>
    <tag k="one_way:vehicle:emergency" v="no"/>
  </relation>
  <relation id="32722" action="modify" visible="true" version="1">
    <member type="way" ref="32721" role="right"/>
    <member type="way" ref="32720" role="left"/>
    <member type="relation" ref="32723" role="regulatory_element"/>
    <tag k="type" v="lanelet"/>
    <tag k="subtype" v="road"/>
    <tag k="location" v="urban"/>
    <tag k="one_way:vehicle:emergency" v="no"/>
  </relation>
  <relation id="32746" action="modify" visible="true" version="1">
    <member type="way" ref="32745" role="right"/>
    <member type="way" ref="32744" role="left"/>
    <member type="relation" ref="32747" role="regulatory_element"/>
    <tag k="type" v="lanelet"/>
    <tag k="subtype" v="road"/>
    <tag k="location" v="urban"/>
    <tag k="one_way:vehicle:emergency" v="no"/>
  </relation>
  <relation id="32758" action="modify" visible="true" version="1">
    <member type="way" ref="32757" role="right"/>
    <member type="way" ref="32756" role="left"/>
    <member type="relation" ref="32759" role="regulatory_element"/>
    <tag k="type" v="lanelet"/>
    <tag k="subtype" v="road"/>
    <tag k="location" v="urban"/>
    <tag k="one_way:vehicle:emergency" v="no"/>
  </relation>
  <relation id="32772" action="modify" visible="true" version="1">
    <member type="way" ref="32771" role="right"/>
    <member type="way" ref="32770" role="left"/>
    <member type="relation" ref="32773" role="regulatory_element"/>
    <tag k="type" v="lanelet"/>
    <tag k="subtype" v="road"/>
    <tag k="location" v="urban"/>
    <tag k="one_way:vehicle:emergency" v="no"/>
  </relation>
  <relation id="32782" action="modify" visible="true" version="1">
    <member type="way" ref="32781" role="right"/>
    <member type="way" ref="32780" role="left"/>
    <member type="relation" ref="32783" role="regulatory_element"/>
    <tag k="type" v="lanelet"/>
    <tag k="subtype" v="road"/>
    <tag k="location" v="urban"/>
    <tag k="one_way:vehicle:emergency" v="no"/>
  </relation>
  <relation id="32818" action="modify" visible="true" version="1">
    <member type="way" ref="32817" role="right"/>
    <member type="way" ref="32816" role="left"/>
    <member type="relation" ref="32819" role="regulatory_element"/>
    <tag k="type" v="lanelet"/>
    <tag k="subtype" v="road"/>
    <tag k="location" v="urban"/>
    <tag k="one_way:vehicle:emergency" v="no"/>
  </relation>
  <relation id="32824" action="modify" visible="true" version="1">
    <member type="way" ref="32823" role="right"/>
    <member type="way" ref="32822" role="left"/>
    <member type="relation" ref="32825" role="regulatory_element"/>
    <tag k="type" v="lanelet"/>
    <tag k="subtype" v="road"/>
    <tag k="location" v="urban"/>
    <tag k="one_way:vehicle:emergency" v="no"/>
  </relation>
  <relation id="32834" action="modify" visible="true" version="1">
    <member type="way" ref="32833" role="right"/>
    <member type="way" ref="32832" role="left"/>
    <member type="relation" ref="32835" role="regulatory_element"/>
    <tag k="type" v="lanelet"/>
    <tag k="subtype" v="road"/>
    <tag k="location" v="urban"/>
    <tag k="one_way:vehicle:emergency" v="no"/>
  </relation>
  <relation id="32844" action="modify" visible="true" version="1">
    <member type="way" ref="32843" role="right"/>
    <member type="way" ref="32842" role="left"/>
    <member type="relation" ref="32845" role="regulatory_element"/>
    <tag k="type" v="lanelet"/>
    <tag k="subtype" v="road"/>
    <tag k="location" v="urban"/>
    <tag k="one_way:vehicle:emergency" v="no"/>
  </relation>
  <relation id="32858" action="modify" visible="true" version="1">
    <member type="way" ref="32857" role="right"/>
    <member type="way" ref="32856" role="left"/>
    <member type="relation" ref="32859" role="regulatory_element"/>
    <tag k="type" v="lanelet"/>
    <tag k="subtype" v="road"/>
    <tag k="location" v="urban"/>
    <tag k="one_way:vehicle:emergency" v="no"/>
  </relation>
  <relation id="32884" action="modify" visible="true" version="1">
    <member type="way" ref="32883" role="right"/>
    <member type="way" ref="32882" role="left"/>
    <member type="relation" ref="32885" role="regulatory_element"/>
    <tag k="type" v="lanelet"/>
    <tag k="subtype" v="road"/>
    <tag k="location" v="urban"/>
    <tag k="one_way:vehicle:emergency" v="no"/>
  </relation>
  <relation id="32898" action="modify" visible="true" version="1">
    <member type="way" ref="32897" role="right"/>
    <member type="way" ref="32896" role="left"/>
    <member type="relation" ref="32899" role="regulatory_element"/>
    <tag k="type" v="lanelet"/>
    <tag k="subtype" v="road"/>
    <tag k="location" v="urban"/>
    <tag k="one_way:vehicle:emergency" v="no"/>
  </relation>
  <relation id="32904" action="modify" visible="true" version="1">
    <member type="way" ref="32903" role="right"/>
    <member type="way" ref="32902" role="left"/>
    <member type="relation" ref="32905" role="regulatory_element"/>
    <tag k="type" v="lanelet"/>
    <tag k="subtype" v="road"/>
    <tag k="location" v="urban"/>
    <tag k="one_way:vehicle:emergency" v="no"/>
  </relation>
  <relation id="32916" action="modify" visible="true" version="1">
    <member type="way" ref="32915" role="right"/>
    <member type="way" ref="32914" role="left"/>
    <member type="relation" ref="32917" role="regulatory_element"/>
    <tag k="type" v="lanelet"/>
    <tag k="subtype" v="road"/>
    <tag k="location" v="urban"/>
    <tag k="one_way:vehicle:emergency" v="no"/>
  </relation>
  <relation id="32966" action="modify" visible="true" version="1">
    <member type="way" ref="32965" role="right"/>
    <member type="way" ref="32964" role="left"/>
    <member type="relation" ref="32967" role="regulatory_element"/>
    <tag k="type" v="lanelet"/>
    <tag k="subtype" v="road"/>
    <tag k="location" v="urban"/>
    <tag k="one_way:vehicle:emergency" v="no"/>
  </relation>
  <relation id="32970" action="modify" visible="true" version="1">
    <member type="way" ref="32969" role="right"/>
    <member type="way" ref="32673" role="left"/>
    <member type="relation" ref="32971" role="regulatory_element"/>
    <tag k="type" v="lanelet"/>
    <tag k="subtype" v="road"/>
    <tag k="location" v="urban"/>
    <tag k="one_way:vehicle:emergency" v="no"/>
  </relation>
  <relation id="32998" action="modify" visible="true" version="1">
    <member type="way" ref="32997" role="right"/>
    <member type="way" ref="32996" role="left"/>
    <member type="relation" ref="32999" role="regulatory_element"/>
    <tag k="type" v="lanelet"/>
    <tag k="subtype" v="road"/>
    <tag k="location" v="urban"/>
    <tag k="one_way:vehicle:emergency" v="no"/>
  </relation>
  <relation id="33006" action="modify" visible="true" version="1">
    <member type="way" ref="33005" role="right"/>
    <member type="way" ref="33004" role="left"/>
    <member type="relation" ref="33007" role="regulatory_element"/>
    <tag k="type" v="lanelet"/>
    <tag k="subtype" v="road"/>
    <tag k="location" v="urban"/>
    <tag k="one_way:vehicle:emergency" v="no"/>
  </relation>
  <relation id="33022" action="modify" visible="true" version="1">
    <member type="way" ref="33021" role="right"/>
    <member type="way" ref="33020" role="left"/>
    <member type="relation" ref="33023" role="regulatory_element"/>
    <tag k="type" v="lanelet"/>
    <tag k="subtype" v="road"/>
    <tag k="location" v="urban"/>
    <tag k="one_way:vehicle:emergency" v="no"/>
  </relation>
  <relation id="33030" action="modify" visible="true" version="1">
    <member type="way" ref="33029" role="right"/>
    <member type="way" ref="33028" role="left"/>
    <member type="relation" ref="33031" role="regulatory_element"/>
    <tag k="type" v="lanelet"/>
    <tag k="subtype" v="road"/>
    <tag k="location" v="urban"/>
    <tag k="one_way:vehicle:emergency" v="no"/>
  </relation>
  <relation id="33046" action="modify" visible="true" version="1">
    <member type="way" ref="33045" role="right"/>
    <member type="way" ref="33044" role="left"/>
    <member type="relation" ref="33047" role="regulatory_element"/>
    <tag k="type" v="lanelet"/>
    <tag k="subtype" v="road"/>
    <tag k="location" v="urban"/>
    <tag k="one_way:vehicle:emergency" v="no"/>
  </relation>
  <relation id="33058" action="modify" visible="true" version="1">
    <member type="way" ref="33057" role="right"/>
    <member type="way" ref="33056" role="left"/>
    <member type="relation" ref="33059" role="regulatory_element"/>
    <tag k="type" v="lanelet"/>
    <tag k="subtype" v="road"/>
    <tag k="location" v="urban"/>
    <tag k="one_way:vehicle:emergency" v="no"/>
  </relation>
  <relation id="33146" action="modify" visible="true" version="1">
    <member type="way" ref="33145" role="right"/>
    <member type="way" ref="33144" role="left"/>
    <member type="relation" ref="33147" role="regulatory_element"/>
    <tag k="type" v="lanelet"/>
    <tag k="subtype" v="road"/>
    <tag k="location" v="urban"/>
    <tag k="one_way:vehicle:emergency" v="no"/>
  </relation>
  <relation id="33152" action="modify" visible="true" version="1">
    <member type="way" ref="33151" role="right"/>
    <member type="way" ref="33150" role="left"/>
    <member type="relation" ref="33153" role="regulatory_element"/>
    <tag k="type" v="lanelet"/>
    <tag k="subtype" v="road"/>
    <tag k="location" v="urban"/>
    <tag k="one_way:vehicle:emergency" v="no"/>
  </relation>
  <relation id="33168" action="modify" visible="true" version="1">
    <member type="way" ref="33167" role="right"/>
    <member type="way" ref="33166" role="left"/>
    <member type="relation" ref="33169" role="regulatory_element"/>
    <tag k="type" v="lanelet"/>
    <tag k="subtype" v="road"/>
    <tag k="location" v="urban"/>
    <tag k="one_way:vehicle:emergency" v="no"/>
  </relation>
  <relation id="33222" action="modify" visible="true" version="1">
    <member type="way" ref="33221" role="right"/>
    <member type="way" ref="33220" role="left"/>
    <member type="relation" ref="33223" role="regulatory_element"/>
    <tag k="type" v="lanelet"/>
    <tag k="subtype" v="road"/>
    <tag k="location" v="urban"/>
    <tag k="one_way:vehicle:emergency" v="no"/>
  </relation>
  <relation id="33232" action="modify" visible="true" version="1">
    <member type="way" ref="33231" role="right"/>
    <member type="way" ref="33230" role="left"/>
    <member type="relation" ref="33233" role="regulatory_element"/>
    <tag k="type" v="lanelet"/>
    <tag k="subtype" v="road"/>
    <tag k="location" v="urban"/>
    <tag k="one_way:vehicle:emergency" v="no"/>
  </relation>
  <relation id="33246" action="modify" visible="true" version="1">
    <member type="way" ref="33245" role="right"/>
    <member type="way" ref="33244" role="left"/>
    <member type="relation" ref="33247" role="regulatory_element"/>
    <tag k="type" v="lanelet"/>
    <tag k="subtype" v="road"/>
    <tag k="location" v="urban"/>
    <tag k="one_way:vehicle:emergency" v="no"/>
  </relation>
  <relation id="33252" action="modify" visible="true" version="1">
    <member type="way" ref="33251" role="right"/>
    <member type="way" ref="33250" role="left"/>
    <member type="relation" ref="33253" role="regulatory_element"/>
    <tag k="type" v="lanelet"/>
    <tag k="subtype" v="road"/>
    <tag k="location" v="urban"/>
    <tag k="one_way:vehicle:emergency" v="no"/>
  </relation>
  <relation id="33262" action="modify" visible="true" version="1">
    <member type="way" ref="33261" role="right"/>
    <member type="way" ref="33260" role="left"/>
    <member type="relation" ref="33263" role="regulatory_element"/>
    <tag k="type" v="lanelet"/>
    <tag k="subtype" v="road"/>
    <tag k="location" v="urban"/>
    <tag k="one_way:vehicle:emergency" v="no"/>
  </relation>
  <relation id="33268" action="modify" visible="true" version="1">
    <member type="way" ref="33267" role="right"/>
    <member type="way" ref="32842" role="left"/>
    <member type="relation" ref="33269" role="regulatory_element"/>
    <tag k="type" v="lanelet"/>
    <tag k="subtype" v="road"/>
    <tag k="location" v="urban"/>
    <tag k="one_way:vehicle:emergency" v="no"/>
  </relation>
  <relation id="33296" action="modify" visible="true" version="1">
    <member type="way" ref="33295" role="right"/>
    <member type="way" ref="33294" role="left"/>
    <member type="relation" ref="33297" role="regulatory_element"/>
    <tag k="type" v="lanelet"/>
    <tag k="subtype" v="road"/>
    <tag k="location" v="urban"/>
    <tag k="one_way:vehicle:emergency" v="no"/>
  </relation>
  <relation id="33302" action="modify" visible="true" version="1">
    <member type="way" ref="33301" role="right"/>
    <member type="way" ref="33300" role="left"/>
    <member type="relation" ref="33303" role="regulatory_element"/>
    <tag k="type" v="lanelet"/>
    <tag k="subtype" v="road"/>
    <tag k="location" v="urban"/>
    <tag k="one_way:vehicle:emergency" v="no"/>
  </relation>
  <relation id="33348" action="modify" visible="true" version="1">
    <member type="way" ref="33347" role="right"/>
    <member type="way" ref="33346" role="left"/>
    <member type="relation" ref="33349" role="regulatory_element"/>
    <tag k="type" v="lanelet"/>
    <tag k="subtype" v="road"/>
    <tag k="location" v="urban"/>
    <tag k="one_way:vehicle:emergency" v="no"/>
  </relation>
  <relation id="33356" action="modify" visible="true" version="1">
    <member type="way" ref="33355" role="right"/>
    <member type="way" ref="33354" role="left"/>
    <member type="relation" ref="33357" role="regulatory_element"/>
    <tag k="type" v="lanelet"/>
    <tag k="subtype" v="road"/>
    <tag k="location" v="urban"/>
    <tag k="one_way:vehicle:emergency" v="no"/>
  </relation>
  <relation id="33366" action="modify" visible="true" version="1">
    <member type="way" ref="33365" role="right"/>
    <member type="way" ref="33364" role="left"/>
    <member type="relation" ref="33367" role="regulatory_element"/>
    <tag k="type" v="lanelet"/>
    <tag k="subtype" v="road"/>
    <tag k="location" v="urban"/>
    <tag k="one_way:vehicle:emergency" v="no"/>
  </relation>
  <relation id="33374" action="modify" visible="true" version="1">
    <member type="way" ref="33373" role="right"/>
    <member type="way" ref="33372" role="left"/>
    <member type="relation" ref="33375" role="regulatory_element"/>
    <tag k="type" v="lanelet"/>
    <tag k="subtype" v="road"/>
    <tag k="location" v="urban"/>
    <tag k="one_way:vehicle:emergency" v="no"/>
  </relation>
  <relation id="33382" action="modify" visible="true" version="1">
    <member type="way" ref="33381" role="right"/>
    <member type="way" ref="33380" role="left"/>
    <member type="relation" ref="33383" role="regulatory_element"/>
    <tag k="type" v="lanelet"/>
    <tag k="subtype" v="road"/>
    <tag k="location" v="urban"/>
    <tag k="one_way:vehicle:emergency" v="no"/>
  </relation>
  <relation id="33390" action="modify" visible="true" version="1">
    <member type="way" ref="33389" role="right"/>
    <member type="way" ref="33388" role="left"/>
    <member type="relation" ref="33391" role="regulatory_element"/>
    <tag k="type" v="lanelet"/>
    <tag k="subtype" v="road"/>
    <tag k="location" v="urban"/>
    <tag k="one_way:vehicle:emergency" v="no"/>
  </relation>
  <relation id="33430" action="modify" visible="true" version="1">
    <member type="way" ref="33429" role="right"/>
    <member type="way" ref="33428" role="left"/>
    <member type="relation" ref="33431" role="regulatory_element"/>
    <tag k="type" v="lanelet"/>
    <tag k="subtype" v="road"/>
    <tag k="location" v="urban"/>
    <tag k="one_way:vehicle:emergency" v="no"/>
  </relation>
  <relation id="33442" action="modify" visible="true" version="1">
    <member type="way" ref="33441" role="right"/>
    <member type="way" ref="33440" role="left"/>
    <member type="relation" ref="33443" role="regulatory_element"/>
    <tag k="type" v="lanelet"/>
    <tag k="subtype" v="road"/>
    <tag k="location" v="urban"/>
    <tag k="one_way:vehicle:emergency" v="no"/>
  </relation>
  <relation id="33482" action="modify" visible="true" version="1">
    <member type="way" ref="33481" role="right"/>
    <member type="way" ref="33480" role="left"/>
    <member type="relation" ref="33483" role="regulatory_element"/>
    <tag k="type" v="lanelet"/>
    <tag k="subtype" v="road"/>
    <tag k="location" v="urban"/>
    <tag k="one_way:vehicle:emergency" v="no"/>
  </relation>
  <relation id="33494" action="modify" visible="true" version="1">
    <member type="way" ref="33493" role="right"/>
    <member type="way" ref="33492" role="left"/>
    <member type="relation" ref="33495" role="regulatory_element"/>
    <tag k="type" v="lanelet"/>
    <tag k="subtype" v="road"/>
    <tag k="location" v="urban"/>
    <tag k="one_way:vehicle:emergency" v="no"/>
  </relation>
  <relation id="33506" action="modify" visible="true" version="1">
    <member type="way" ref="33505" role="right"/>
    <member type="way" ref="33504" role="left"/>
    <member type="relation" ref="33507" role="regulatory_element"/>
    <tag k="type" v="lanelet"/>
    <tag k="subtype" v="road"/>
    <tag k="location" v="urban"/>
    <tag k="one_way:vehicle:emergency" v="no"/>
  </relation>
  <relation id="33520" action="modify" visible="true" version="1">
    <member type="way" ref="33519" role="right"/>
    <member type="way" ref="33518" role="left"/>
    <member type="relation" ref="33521" role="regulatory_element"/>
    <tag k="type" v="lanelet"/>
    <tag k="subtype" v="road"/>
    <tag k="location" v="urban"/>
    <tag k="one_way:vehicle:emergency" v="no"/>
  </relation>
  <relation id="33530" action="modify" visible="true" version="1">
    <member type="way" ref="33529" role="right"/>
    <member type="way" ref="33528" role="left"/>
    <member type="relation" ref="33531" role="regulatory_element"/>
    <tag k="type" v="lanelet"/>
    <tag k="subtype" v="road"/>
    <tag k="location" v="urban"/>
    <tag k="one_way:vehicle:emergency" v="no"/>
  </relation>
  <relation id="33535" action="modify" visible="true" version="1">
    <member type="way" ref="33534" role="right"/>
    <member type="way" ref="33354" role="left"/>
    <member type="relation" ref="33536" role="regulatory_element"/>
    <tag k="type" v="lanelet"/>
    <tag k="subtype" v="road"/>
    <tag k="location" v="urban"/>
    <tag k="one_way:vehicle:emergency" v="no"/>
  </relation>
  <relation id="33545" action="modify" visible="true" version="1">
    <member type="way" ref="33544" role="right"/>
    <member type="way" ref="33543" role="left"/>
    <member type="relation" ref="33546" role="regulatory_element"/>
    <tag k="type" v="lanelet"/>
    <tag k="subtype" v="road"/>
    <tag k="location" v="urban"/>
    <tag k="one_way:vehicle:emergency" v="no"/>
  </relation>
  <relation id="33565" action="modify" visible="true" version="1">
    <member type="way" ref="33564" role="right"/>
    <member type="way" ref="33563" role="left"/>
    <member type="relation" ref="33566" role="regulatory_element"/>
    <tag k="type" v="lanelet"/>
    <tag k="subtype" v="road"/>
    <tag k="location" v="urban"/>
    <tag k="one_way:vehicle:emergency" v="no"/>
  </relation>
  <relation id="33575" action="modify" visible="true" version="1">
    <member type="way" ref="33574" role="right"/>
    <member type="way" ref="33573" role="left"/>
    <member type="relation" ref="33576" role="regulatory_element"/>
    <tag k="type" v="lanelet"/>
    <tag k="subtype" v="road"/>
    <tag k="location" v="urban"/>
    <tag k="one_way:vehicle:emergency" v="no"/>
  </relation>
  <relation id="33578" action="modify" visible="true" version="1">
    <member type="way" ref="33577" role="right"/>
    <member type="way" ref="32902" role="left"/>
    <member type="relation" ref="33579" role="regulatory_element"/>
    <tag k="type" v="lanelet"/>
    <tag k="subtype" v="road"/>
    <tag k="location" v="urban"/>
    <tag k="one_way:vehicle:emergency" v="no"/>
  </relation>
  <relation id="33584" action="modify" visible="true" version="1">
    <member type="way" ref="33583" role="right"/>
    <member type="way" ref="33582" role="left"/>
    <member type="relation" ref="33585" role="regulatory_element"/>
    <tag k="type" v="lanelet"/>
    <tag k="subtype" v="road"/>
    <tag k="location" v="urban"/>
    <tag k="one_way:vehicle:emergency" v="no"/>
  </relation>
  <relation id="33590" action="modify" visible="true" version="1">
    <member type="way" ref="33589" role="right"/>
    <member type="way" ref="33588" role="left"/>
    <member type="relation" ref="33591" role="regulatory_element"/>
    <tag k="type" v="lanelet"/>
    <tag k="subtype" v="road"/>
    <tag k="location" v="urban"/>
    <tag k="one_way:vehicle:emergency" v="no"/>
  </relation>
  <relation id="33598" action="modify" visible="true" version="1">
    <member type="way" ref="33597" role="right"/>
    <member type="way" ref="33596" role="left"/>
    <member type="relation" ref="33599" role="regulatory_element"/>
    <tag k="type" v="lanelet"/>
    <tag k="subtype" v="road"/>
    <tag k="location" v="urban"/>
    <tag k="one_way:vehicle:emergency" v="no"/>
  </relation>
  <relation id="33602" action="modify" visible="true" version="1">
    <member type="way" ref="33601" role="right"/>
    <member type="way" ref="33600" role="left"/>
    <member type="relation" ref="33603" role="regulatory_element"/>
    <tag k="type" v="lanelet"/>
    <tag k="subtype" v="road"/>
    <tag k="location" v="urban"/>
    <tag k="one_way:vehicle:emergency" v="no"/>
  </relation>
  <relation id="33605" action="modify" visible="true" version="1">
    <member type="way" ref="33604" role="right"/>
    <member type="way" ref="33582" role="left"/>
    <member type="relation" ref="33606" role="regulatory_element"/>
    <tag k="type" v="lanelet"/>
    <tag k="subtype" v="road"/>
    <tag k="location" v="urban"/>
    <tag k="one_way:vehicle:emergency" v="no"/>
  </relation>
  <relation id="33611" action="modify" visible="true" version="1">
    <member type="way" ref="33610" role="right"/>
    <member type="way" ref="33609" role="left"/>
    <member type="relation" ref="33612" role="regulatory_element"/>
    <tag k="type" v="lanelet"/>
    <tag k="subtype" v="road"/>
    <tag k="location" v="urban"/>
    <tag k="one_way:vehicle:emergency" v="no"/>
  </relation>
  <relation id="33661" action="modify" visible="true" version="1">
    <member type="way" ref="33660" role="right"/>
    <member type="way" ref="33659" role="left"/>
    <member type="relation" ref="33662" role="regulatory_element"/>
    <tag k="type" v="lanelet"/>
    <tag k="subtype" v="road"/>
    <tag k="location" v="urban"/>
    <tag k="one_way:vehicle:emergency" v="no"/>
  </relation>
  <relation id="33693" action="modify" visible="true" version="1">
    <member type="way" ref="33692" role="right"/>
    <member type="way" ref="33691" role="left"/>
    <member type="relation" ref="33694" role="regulatory_element"/>
    <tag k="type" v="lanelet"/>
    <tag k="subtype" v="road"/>
    <tag k="location" v="urban"/>
    <tag k="one_way:vehicle:emergency" v="no"/>
  </relation>
  <relation id="33705" action="modify" visible="true" version="1">
    <member type="way" ref="33704" role="right"/>
    <member type="way" ref="33703" role="left"/>
    <member type="relation" ref="33706" role="regulatory_element"/>
    <tag k="type" v="lanelet"/>
    <tag k="subtype" v="road"/>
    <tag k="location" v="urban"/>
    <tag k="one_way:vehicle:emergency" v="no"/>
  </relation>
  <relation id="33729" action="modify" visible="true" version="1">
    <member type="way" ref="33728" role="right"/>
    <member type="way" ref="33727" role="left"/>
    <member type="relation" ref="33730" role="regulatory_element"/>
    <tag k="type" v="lanelet"/>
    <tag k="subtype" v="road"/>
    <tag k="location" v="urban"/>
    <tag k="one_way:vehicle:emergency" v="no"/>
  </relation>
  <relation id="33739" action="modify" visible="true" version="1">
    <member type="way" ref="33738" role="right"/>
    <member type="way" ref="33737" role="left"/>
    <member type="relation" ref="33740" role="regulatory_element"/>
    <tag k="type" v="lanelet"/>
    <tag k="subtype" v="road"/>
    <tag k="location" v="urban"/>
    <tag k="one_way:vehicle:emergency" v="no"/>
  </relation>
  <relation id="33775" action="modify" visible="true" version="1">
    <member type="way" ref="33774" role="right"/>
    <member type="way" ref="33773" role="left"/>
    <member type="relation" ref="33776" role="regulatory_element"/>
    <tag k="type" v="lanelet"/>
    <tag k="subtype" v="road"/>
    <tag k="location" v="urban"/>
    <tag k="one_way:vehicle:emergency" v="no"/>
  </relation>
  <relation id="33809" action="modify" visible="true" version="1">
    <member type="way" ref="33808" role="right"/>
    <member type="way" ref="33807" role="left"/>
    <member type="relation" ref="33810" role="regulatory_element"/>
    <tag k="type" v="lanelet"/>
    <tag k="subtype" v="road"/>
    <tag k="location" v="urban"/>
    <tag k="one_way:vehicle:emergency" v="no"/>
  </relation>
  <relation id="33821" action="modify" visible="true" version="1">
    <member type="way" ref="33820" role="right"/>
    <member type="way" ref="33819" role="left"/>
    <member type="relation" ref="33822" role="regulatory_element"/>
    <tag k="type" v="lanelet"/>
    <tag k="subtype" v="road"/>
    <tag k="location" v="urban"/>
    <tag k="one_way:vehicle:emergency" v="no"/>
  </relation>
  <relation id="33825" action="modify" visible="true" version="1">
    <member type="way" ref="33824" role="right"/>
    <member type="way" ref="33823" role="left"/>
    <member type="relation" ref="33826" role="regulatory_element"/>
    <tag k="type" v="lanelet"/>
    <tag k="subtype" v="road"/>
    <tag k="location" v="urban"/>
    <tag k="one_way:vehicle:emergency" v="no"/>
  </relation>
  <relation id="33839" action="modify" visible="true" version="1">
    <member type="way" ref="33838" role="right"/>
    <member type="way" ref="33837" role="left"/>
    <member type="relation" ref="33840" role="regulatory_element"/>
    <tag k="type" v="lanelet"/>
    <tag k="subtype" v="road"/>
    <tag k="location" v="urban"/>
    <tag k="one_way:vehicle:emergency" v="no"/>
  </relation>
  <relation id="33843" action="modify" visible="true" version="1">
    <member type="way" ref="33842" role="right"/>
    <member type="way" ref="33841" role="left"/>
    <member type="relation" ref="33844" role="regulatory_element"/>
    <tag k="type" v="lanelet"/>
    <tag k="subtype" v="road"/>
    <tag k="location" v="urban"/>
    <tag k="one_way:vehicle:emergency" v="no"/>
  </relation>
  <relation id="33851" action="modify" visible="true" version="1">
    <member type="way" ref="33850" role="right"/>
    <member type="way" ref="33849" role="left"/>
    <member type="relation" ref="33852" role="regulatory_element"/>
    <tag k="type" v="lanelet"/>
    <tag k="subtype" v="road"/>
    <tag k="location" v="urban"/>
    <tag k="one_way:vehicle:emergency" v="no"/>
  </relation>
  <relation id="33859" action="modify" visible="true" version="1">
    <member type="way" ref="33858" role="right"/>
    <member type="way" ref="33857" role="left"/>
    <member type="relation" ref="33860" role="regulatory_element"/>
    <tag k="type" v="lanelet"/>
    <tag k="subtype" v="road"/>
    <tag k="location" v="urban"/>
    <tag k="one_way:vehicle:emergency" v="no"/>
  </relation>
  <relation id="33865" action="modify" visible="true" version="1">
    <member type="way" ref="33864" role="right"/>
    <member type="way" ref="33863" role="left"/>
    <member type="relation" ref="33866" role="regulatory_element"/>
    <tag k="type" v="lanelet"/>
    <tag k="subtype" v="road"/>
    <tag k="location" v="urban"/>
    <tag k="one_way:vehicle:emergency" v="no"/>
  </relation>
  <relation id="33871" action="modify" visible="true" version="1">
    <member type="way" ref="33870" role="right"/>
    <member type="way" ref="33869" role="left"/>
    <member type="relation" ref="33872" role="regulatory_element"/>
    <tag k="type" v="lanelet"/>
    <tag k="subtype" v="road"/>
    <tag k="location" v="urban"/>
    <tag k="one_way:vehicle:emergency" v="no"/>
  </relation>
  <relation id="33885" action="modify" visible="true" version="1">
    <member type="way" ref="33884" role="right"/>
    <member type="way" ref="33883" role="left"/>
    <member type="relation" ref="33886" role="regulatory_element"/>
    <tag k="type" v="lanelet"/>
    <tag k="subtype" v="road"/>
    <tag k="location" v="urban"/>
    <tag k="one_way:vehicle:emergency" v="no"/>
  </relation>
  <relation id="33903" action="modify" visible="true" version="1">
    <member type="way" ref="33902" role="right"/>
    <member type="way" ref="33901" role="left"/>
    <member type="relation" ref="33904" role="regulatory_element"/>
    <tag k="type" v="lanelet"/>
    <tag k="subtype" v="road"/>
    <tag k="location" v="urban"/>
    <tag k="one_way:vehicle:emergency" v="no"/>
  </relation>
  <relation id="33917" action="modify" visible="true" version="1">
    <member type="way" ref="33916" role="right"/>
    <member type="way" ref="33915" role="left"/>
    <member type="relation" ref="33918" role="regulatory_element"/>
    <tag k="type" v="lanelet"/>
    <tag k="subtype" v="road"/>
    <tag k="location" v="urban"/>
    <tag k="one_way:vehicle:emergency" v="no"/>
  </relation>
  <relation id="33937" action="modify" visible="true" version="1">
    <member type="way" ref="33936" role="right"/>
    <member type="way" ref="33935" role="left"/>
    <member type="relation" ref="33938" role="regulatory_element"/>
    <tag k="type" v="lanelet"/>
    <tag k="subtype" v="road"/>
    <tag k="location" v="urban"/>
    <tag k="one_way:vehicle:emergency" v="no"/>
  </relation>
  <relation id="33949" action="modify" visible="true" version="1">
    <member type="way" ref="33948" role="right"/>
    <member type="way" ref="33947" role="left"/>
    <member type="relation" ref="33950" role="regulatory_element"/>
    <tag k="type" v="lanelet"/>
    <tag k="subtype" v="road"/>
    <tag k="location" v="urban"/>
    <tag k="one_way:vehicle:emergency" v="no"/>
  </relation>
  <relation id="33953" action="modify" visible="true" version="1">
    <member type="way" ref="33952" role="right"/>
    <member type="way" ref="33951" role="left"/>
    <member type="relation" ref="33954" role="regulatory_element"/>
    <tag k="type" v="lanelet"/>
    <tag k="subtype" v="road"/>
    <tag k="location" v="urban"/>
    <tag k="one_way:vehicle:emergency" v="no"/>
  </relation>
  <relation id="33961" action="modify" visible="true" version="1">
    <member type="way" ref="33960" role="right"/>
    <member type="way" ref="33959" role="left"/>
    <member type="relation" ref="33962" role="regulatory_element"/>
    <tag k="type" v="lanelet"/>
    <tag k="subtype" v="road"/>
    <tag k="location" v="urban"/>
    <tag k="one_way:vehicle:emergency" v="no"/>
  </relation>
  <relation id="33965" action="modify" visible="true" version="1">
    <member type="way" ref="33964" role="right"/>
    <member type="way" ref="33963" role="left"/>
    <member type="relation" ref="33966" role="regulatory_element"/>
    <tag k="type" v="lanelet"/>
    <tag k="subtype" v="road"/>
    <tag k="location" v="urban"/>
    <tag k="one_way:vehicle:emergency" v="no"/>
  </relation>
  <relation id="33995" action="modify" visible="true" version="1">
    <member type="way" ref="33994" role="right"/>
    <member type="way" ref="33993" role="left"/>
    <member type="relation" ref="33996" role="regulatory_element"/>
    <tag k="type" v="lanelet"/>
    <tag k="subtype" v="road"/>
    <tag k="location" v="urban"/>
    <tag k="one_way:vehicle:emergency" v="no"/>
  </relation>
  <relation id="34031" action="modify" visible="true" version="1">
    <member type="way" ref="34030" role="right"/>
    <member type="way" ref="34029" role="left"/>
    <member type="relation" ref="34032" role="regulatory_element"/>
    <tag k="type" v="lanelet"/>
    <tag k="subtype" v="road"/>
    <tag k="location" v="urban"/>
    <tag k="one_way:vehicle:emergency" v="no"/>
  </relation>
  <relation id="34035" action="modify" visible="true" version="1">
    <member type="way" ref="34034" role="right"/>
    <member type="way" ref="34033" role="left"/>
    <member type="relation" ref="34036" role="regulatory_element"/>
    <tag k="type" v="lanelet"/>
    <tag k="subtype" v="road"/>
    <tag k="location" v="urban"/>
    <tag k="one_way:vehicle:emergency" v="no"/>
  </relation>
  <relation id="34075" action="modify" visible="true" version="1">
    <member type="way" ref="34074" role="right"/>
    <member type="way" ref="34073" role="left"/>
    <member type="relation" ref="34076" role="regulatory_element"/>
    <tag k="type" v="lanelet"/>
    <tag k="subtype" v="road"/>
    <tag k="location" v="urban"/>
    <tag k="one_way:vehicle:emergency" v="no"/>
  </relation>
  <relation id="34079" action="modify" visible="true" version="1">
    <member type="way" ref="34078" role="right"/>
    <member type="way" ref="34077" role="left"/>
    <member type="relation" ref="34080" role="regulatory_element"/>
    <tag k="type" v="lanelet"/>
    <tag k="subtype" v="road"/>
    <tag k="location" v="urban"/>
    <tag k="one_way:vehicle:emergency" v="no"/>
  </relation>
  <relation id="34083" action="modify" visible="true" version="1">
    <member type="way" ref="34082" role="right"/>
    <member type="way" ref="33857" role="left"/>
    <member type="relation" ref="34084" role="regulatory_element"/>
    <tag k="type" v="lanelet"/>
    <tag k="subtype" v="road"/>
    <tag k="location" v="urban"/>
    <tag k="one_way:vehicle:emergency" v="no"/>
  </relation>
  <relation id="34087" action="modify" visible="true" version="1">
    <member type="way" ref="34086" role="right"/>
    <member type="way" ref="33300" role="left"/>
    <member type="relation" ref="34088" role="regulatory_element"/>
    <tag k="type" v="lanelet"/>
    <tag k="subtype" v="road"/>
    <tag k="location" v="urban"/>
    <tag k="one_way:vehicle:emergency" v="no"/>
  </relation>
  <relation id="34095" action="modify" visible="true" version="1">
    <member type="way" ref="34094" role="right"/>
    <member type="way" ref="34093" role="left"/>
    <member type="relation" ref="34096" role="regulatory_element"/>
    <tag k="type" v="lanelet"/>
    <tag k="subtype" v="road"/>
    <tag k="location" v="urban"/>
    <tag k="one_way:vehicle:emergency" v="no"/>
  </relation>
  <relation id="34129" action="modify" visible="true" version="1">
    <member type="way" ref="34128" role="right"/>
    <member type="way" ref="34127" role="left"/>
    <member type="relation" ref="34130" role="regulatory_element"/>
    <tag k="type" v="lanelet"/>
    <tag k="subtype" v="road"/>
    <tag k="location" v="urban"/>
    <tag k="one_way:vehicle:emergency" v="no"/>
  </relation>
  <relation id="34132" action="modify" visible="true" version="1">
    <member type="way" ref="34131" role="right"/>
    <member type="way" ref="33863" role="left"/>
    <member type="relation" ref="34133" role="regulatory_element"/>
    <tag k="type" v="lanelet"/>
    <tag k="subtype" v="road"/>
    <tag k="location" v="urban"/>
    <tag k="one_way:vehicle:emergency" v="no"/>
  </relation>
  <relation id="34144" action="modify" visible="true" version="1">
    <member type="way" ref="34143" role="right"/>
    <member type="way" ref="34142" role="left"/>
    <member type="relation" ref="34145" role="regulatory_element"/>
    <tag k="type" v="lanelet"/>
    <tag k="subtype" v="road"/>
    <tag k="location" v="urban"/>
    <tag k="one_way:vehicle:emergency" v="no"/>
  </relation>
  <relation id="34154" action="modify" visible="true" version="1">
    <member type="way" ref="34153" role="right"/>
    <member type="way" ref="34152" role="left"/>
    <member type="relation" ref="34155" role="regulatory_element"/>
    <tag k="type" v="lanelet"/>
    <tag k="subtype" v="road"/>
    <tag k="location" v="urban"/>
    <tag k="one_way:vehicle:emergency" v="no"/>
  </relation>
  <relation id="34159" action="modify" visible="true" version="1">
    <member type="way" ref="34158" role="right"/>
    <member type="way" ref="32720" role="left"/>
    <member type="relation" ref="34160" role="regulatory_element"/>
    <tag k="type" v="lanelet"/>
    <tag k="subtype" v="road"/>
    <tag k="location" v="urban"/>
    <tag k="one_way:vehicle:emergency" v="no"/>
  </relation>
  <relation id="34162" action="modify" visible="true" version="1">
    <member type="way" ref="34161" role="right"/>
    <member type="way" ref="34033" role="left"/>
    <member type="relation" ref="34163" role="regulatory_element"/>
    <tag k="type" v="lanelet"/>
    <tag k="subtype" v="road"/>
    <tag k="location" v="urban"/>
    <tag k="one_way:vehicle:emergency" v="no"/>
  </relation>
  <relation id="34172" action="modify" visible="true" version="1">
    <member type="way" ref="34171" role="right"/>
    <member type="way" ref="34170" role="left"/>
    <member type="relation" ref="34173" role="regulatory_element"/>
    <tag k="type" v="lanelet"/>
    <tag k="subtype" v="road"/>
    <tag k="location" v="urban"/>
    <tag k="one_way:vehicle:emergency" v="no"/>
  </relation>
  <relation id="34179" action="modify" visible="true" version="1">
    <member type="way" ref="34178" role="right"/>
    <member type="way" ref="33703" role="left"/>
    <member type="relation" ref="34180" role="regulatory_element"/>
    <tag k="type" v="lanelet"/>
    <tag k="subtype" v="road"/>
    <tag k="location" v="urban"/>
    <tag k="one_way:vehicle:emergency" v="no"/>
  </relation>
  <relation id="34219" action="modify" visible="true" version="1">
    <member type="way" ref="34218" role="right"/>
    <member type="way" ref="34217" role="left"/>
    <member type="relation" ref="34220" role="regulatory_element"/>
    <tag k="type" v="lanelet"/>
    <tag k="subtype" v="road"/>
    <tag k="location" v="urban"/>
    <tag k="one_way:vehicle:emergency" v="no"/>
  </relation>
  <relation id="34231" action="modify" visible="true" version="1">
    <member type="way" ref="34230" role="right"/>
    <member type="way" ref="34229" role="left"/>
    <member type="relation" ref="34232" role="regulatory_element"/>
    <tag k="type" v="lanelet"/>
    <tag k="subtype" v="road"/>
    <tag k="location" v="urban"/>
    <tag k="one_way:vehicle:emergency" v="no"/>
  </relation>
  <relation id="34239" action="modify" visible="true" version="1">
    <member type="way" ref="34238" role="right"/>
    <member type="way" ref="34237" role="left"/>
    <member type="relation" ref="34240" role="regulatory_element"/>
    <tag k="type" v="lanelet"/>
    <tag k="subtype" v="road"/>
    <tag k="location" v="urban"/>
    <tag k="one_way:vehicle:emergency" v="no"/>
  </relation>
  <relation id="34247" action="modify" visible="true" version="1">
    <member type="way" ref="34246" role="right"/>
    <member type="way" ref="34245" role="left"/>
    <member type="relation" ref="34248" role="regulatory_element"/>
    <tag k="type" v="lanelet"/>
    <tag k="subtype" v="road"/>
    <tag k="location" v="urban"/>
    <tag k="one_way:vehicle:emergency" v="no"/>
  </relation>
  <relation id="34265" action="modify" visible="true" version="1">
    <member type="way" ref="34264" role="right"/>
    <member type="way" ref="34127" role="left"/>
    <member type="relation" ref="34266" role="regulatory_element"/>
    <tag k="type" v="lanelet"/>
    <tag k="subtype" v="road"/>
    <tag k="location" v="urban"/>
    <tag k="one_way:vehicle:emergency" v="no"/>
  </relation>
  <relation id="34273" action="modify" visible="true" version="1">
    <member type="way" ref="34272" role="right"/>
    <member type="way" ref="34271" role="left"/>
    <member type="relation" ref="34274" role="regulatory_element"/>
    <tag k="type" v="lanelet"/>
    <tag k="subtype" v="road"/>
    <tag k="location" v="urban"/>
    <tag k="one_way:vehicle:emergency" v="no"/>
  </relation>
  <relation id="34283" action="modify" visible="true" version="1">
    <member type="way" ref="34282" role="right"/>
    <member type="way" ref="34281" role="left"/>
    <member type="relation" ref="34284" role="regulatory_element"/>
    <tag k="type" v="lanelet"/>
    <tag k="subtype" v="road"/>
    <tag k="location" v="urban"/>
    <tag k="one_way:vehicle:emergency" v="no"/>
  </relation>
  <relation id="34329" action="modify" visible="true" version="1">
    <member type="way" ref="34328" role="right"/>
    <member type="way" ref="34327" role="left"/>
    <member type="relation" ref="34330" role="regulatory_element"/>
    <tag k="type" v="lanelet"/>
    <tag k="subtype" v="road"/>
    <tag k="location" v="urban"/>
    <tag k="one_way:vehicle:emergency" v="no"/>
  </relation>
  <relation id="34349" action="modify" visible="true" version="1">
    <member type="way" ref="34348" role="right"/>
    <member type="way" ref="34073" role="left"/>
    <member type="relation" ref="34350" role="regulatory_element"/>
    <tag k="type" v="lanelet"/>
    <tag k="subtype" v="road"/>
    <tag k="location" v="urban"/>
    <tag k="one_way:vehicle:emergency" v="no"/>
  </relation>
  <relation id="34355" action="modify" visible="true" version="1">
    <member type="way" ref="34354" role="right"/>
    <member type="way" ref="34353" role="left"/>
    <member type="relation" ref="34356" role="regulatory_element"/>
    <tag k="type" v="lanelet"/>
    <tag k="subtype" v="road"/>
    <tag k="location" v="urban"/>
    <tag k="one_way:vehicle:emergency" v="no"/>
  </relation>
  <relation id="34361" action="modify" visible="true" version="1">
    <member type="way" ref="34360" role="right"/>
    <member type="way" ref="33915" role="left"/>
    <member type="relation" ref="34362" role="regulatory_element"/>
    <tag k="type" v="lanelet"/>
    <tag k="subtype" v="road"/>
    <tag k="location" v="urban"/>
    <tag k="one_way:vehicle:emergency" v="no"/>
  </relation>
  <relation id="34369" action="modify" visible="true" version="1">
    <member type="way" ref="34368" role="right"/>
    <member type="way" ref="34367" role="left"/>
    <member type="relation" ref="34370" role="regulatory_element"/>
    <tag k="type" v="lanelet"/>
    <tag k="subtype" v="road"/>
    <tag k="location" v="urban"/>
    <tag k="one_way:vehicle:emergency" v="no"/>
  </relation>
  <relation id="34375" action="modify" visible="true" version="1">
    <member type="way" ref="34374" role="right"/>
    <member type="way" ref="32832" role="left"/>
    <member type="relation" ref="34376" role="regulatory_element"/>
    <tag k="type" v="lanelet"/>
    <tag k="subtype" v="road"/>
    <tag k="location" v="urban"/>
    <tag k="one_way:vehicle:emergency" v="no"/>
  </relation>
  <relation id="34385" action="modify" visible="true" version="1">
    <member type="way" ref="34384" role="right"/>
    <member type="way" ref="34383" role="left"/>
    <member type="relation" ref="34386" role="regulatory_element"/>
    <tag k="type" v="lanelet"/>
    <tag k="subtype" v="road"/>
    <tag k="location" v="urban"/>
    <tag k="one_way:vehicle:emergency" v="no"/>
  </relation>
  <relation id="32620" action="modify" version="1" visible="true">
    <tag k="sign_type" v="de274-50"/>
    <tag k="subtype" v="speed_limit"/>
    <tag k="type" v="regulatory_element"/>
  </relation>
  <relation id="32658" action="modify" version="1" visible="true">
    <tag k="sign_type" v="de274-50"/>
    <tag k="subtype" v="speed_limit"/>
    <tag k="type" v="regulatory_element"/>
  </relation>
  <relation id="32668" action="modify" version="1" visible="true">
    <tag k="sign_type" v="de274-50"/>
    <tag k="subtype" v="speed_limit"/>
    <tag k="type" v="regulatory_element"/>
  </relation>
  <relation id="32676" action="modify" version="1" visible="true">
    <tag k="sign_type" v="de274-50"/>
    <tag k="subtype" v="speed_limit"/>
    <tag k="type" v="regulatory_element"/>
  </relation>
  <relation id="32690" action="modify" version="1" visible="true">
    <tag k="sign_type" v="de274-50"/>
    <tag k="subtype" v="speed_limit"/>
    <tag k="type" v="regulatory_element"/>
  </relation>
  <relation id="32698" action="modify" version="1" visible="true">
    <tag k="sign_type" v="de274-50"/>
    <tag k="subtype" v="speed_limit"/>
    <tag k="type" v="regulatory_element"/>
  </relation>
  <relation id="32703" action="modify" version="1" visible="true">
    <tag k="sign_type" v="de274-50"/>
    <tag k="subtype" v="speed_limit"/>
    <tag k="type" v="regulatory_element"/>
  </relation>
  <relation id="32713" action="modify" version="1" visible="true">
    <tag k="sign_type" v="de274-50"/>
    <tag k="subtype" v="speed_limit"/>
    <tag k="type" v="regulatory_element"/>
  </relation>
  <relation id="32723" action="modify" version="1" visible="true">
    <tag k="sign_type" v="de274-50"/>
    <tag k="subtype" v="speed_limit"/>
    <tag k="type" v="regulatory_element"/>
  </relation>
  <relation id="32747" action="modify" version="1" visible="true">
    <tag k="sign_type" v="de274-50"/>
    <tag k="subtype" v="speed_limit"/>
    <tag k="type" v="regulatory_element"/>
  </relation>
  <relation id="32759" action="modify" version="1" visible="true">
    <tag k="sign_type" v="de274-50"/>
    <tag k="subtype" v="speed_limit"/>
    <tag k="type" v="regulatory_element"/>
  </relation>
  <relation id="32773" action="modify" version="1" visible="true">
    <tag k="sign_type" v="de274-50"/>
    <tag k="subtype" v="speed_limit"/>
    <tag k="type" v="regulatory_element"/>
  </relation>
  <relation id="32783" action="modify" version="1" visible="true">
    <tag k="sign_type" v="de274-50"/>
    <tag k="subtype" v="speed_limit"/>
    <tag k="type" v="regulatory_element"/>
  </relation>
  <relation id="32819" action="modify" version="1" visible="true">
    <tag k="sign_type" v="de274-50"/>
    <tag k="subtype" v="speed_limit"/>
    <tag k="type" v="regulatory_element"/>
  </relation>
  <relation id="32825" action="modify" version="1" visible="true">
    <tag k="sign_type" v="de274-50"/>
    <tag k="subtype" v="speed_limit"/>
    <tag k="type" v="regulatory_element"/>
  </relation>
  <relation id="32835" action="modify" version="1" visible="true">
    <tag k="sign_type" v="de274-50"/>
    <tag k="subtype" v="speed_limit"/>
    <tag k="type" v="regulatory_element"/>
  </relation>
  <relation id="32845" action="modify" version="1" visible="true">
    <tag k="sign_type" v="de274-50"/>
    <tag k="subtype" v="speed_limit"/>
    <tag k="type" v="regulatory_element"/>
  </relation>
  <relation id="32859" action="modify" version="1" visible="true">
    <tag k="sign_type" v="de274-50"/>
    <tag k="subtype" v="speed_limit"/>
    <tag k="type" v="regulatory_element"/>
  </relation>
  <relation id="32885" action="modify" version="1" visible="true">
    <tag k="sign_type" v="de274-50"/>
    <tag k="subtype" v="speed_limit"/>
    <tag k="type" v="regulatory_element"/>
  </relation>
  <relation id="32899" action="modify" version="1" visible="true">
    <tag k="sign_type" v="de274-50"/>
    <tag k="subtype" v="speed_limit"/>
    <tag k="type" v="regulatory_element"/>
  </relation>
  <relation id="32905" action="modify" version="1" visible="true">
    <tag k="sign_type" v="de274-50"/>
    <tag k="subtype" v="speed_limit"/>
    <tag k="type" v="regulatory_element"/>
  </relation>
  <relation id="32917" action="modify" version="1" visible="true">
    <tag k="sign_type" v="de274-50"/>
    <tag k="subtype" v="speed_limit"/>
    <tag k="type" v="regulatory_element"/>
  </relation>
  <relation id="32967" action="modify" version="1" visible="true">
    <tag k="sign_type" v="de274-50"/>
    <tag k="subtype" v="speed_limit"/>
    <tag k="type" v="regulatory_element"/>
  </relation>
  <relation id="32971" action="modify" version="1" visible="true">
    <tag k="sign_type" v="de274-50"/>
    <tag k="subtype" v="speed_limit"/>
    <tag k="type" v="regulatory_element"/>
  </relation>
  <relation id="32999" action="modify" version="1" visible="true">
    <tag k="sign_type" v="de274-50"/>
    <tag k="subtype" v="speed_limit"/>
    <tag k="type" v="regulatory_element"/>
  </relation>
  <relation id="33007" action="modify" version="1" visible="true">
    <tag k="sign_type" v="de274-50"/>
    <tag k="subtype" v="speed_limit"/>
    <tag k="type" v="regulatory_element"/>
  </relation>
  <relation id="33023" action="modify" version="1" visible="true">
    <tag k="sign_type" v="de274-50"/>
    <tag k="subtype" v="speed_limit"/>
    <tag k="type" v="regulatory_element"/>
  </relation>
  <relation id="33031" action="modify" version="1" visible="true">
    <tag k="sign_type" v="de274-50"/>
    <tag k="subtype" v="speed_limit"/>
    <tag k="type" v="regulatory_element"/>
  </relation>
  <relation id="33047" action="modify" version="1" visible="true">
    <tag k="sign_type" v="de274-50"/>
    <tag k="subtype" v="speed_limit"/>
    <tag k="type" v="regulatory_element"/>
  </relation>
  <relation id="33059" action="modify" version="1" visible="true">
    <tag k="sign_type" v="de274-50"/>
    <tag k="subtype" v="speed_limit"/>
    <tag k="type" v="regulatory_element"/>
  </relation>
  <relation id="33147" action="modify" version="1" visible="true">
    <tag k="sign_type" v="de274-50"/>
    <tag k="subtype" v="speed_limit"/>
    <tag k="type" v="regulatory_element"/>
  </relation>
  <relation id="33153" action="modify" version="1" visible="true">
    <tag k="sign_type" v="de274-50"/>
    <tag k="subtype" v="speed_limit"/>
    <tag k="type" v="regulatory_element"/>
  </relation>
  <relation id="33169" action="modify" version="1" visible="true">
    <tag k="sign_type" v="de274-50"/>
    <tag k="subtype" v="speed_limit"/>
    <tag k="type" v="regulatory_element"/>
  </relation>
  <relation id="33223" action="modify" version="1" visible="true">
    <tag k="sign_type" v="de274-50"/>
    <tag k="subtype" v="speed_limit"/>
    <tag k="type" v="regulatory_element"/>
  </relation>
  <relation id="33233" action="modify" version="1" visible="true">
    <tag k="sign_type" v="de274-50"/>
    <tag k="subtype" v="speed_limit"/>
    <tag k="type" v="regulatory_element"/>
  </relation>
  <relation id="33247" action="modify" version="1" visible="true">
    <tag k="sign_type" v="de274-50"/>
    <tag k="subtype" v="speed_limit"/>
    <tag k="type" v="regulatory_element"/>
  </relation>
  <relation id="33253" action="modify" version="1" visible="true">
    <tag k="sign_type" v="de274-50"/>
    <tag k="subtype" v="speed_limit"/>
    <tag k="type" v="regulatory_element"/>
  </relation>
  <relation id="33263" action="modify" version="1" visible="true">
    <tag k="sign_type" v="de274-50"/>
    <tag k="subtype" v="speed_limit"/>
    <tag k="type" v="regulatory_element"/>
  </relation>
  <relation id="33269" action="modify" version="1" visible="true">
    <tag k="sign_type" v="de274-50"/>
    <tag k="subtype" v="speed_limit"/>
    <tag k="type" v="regulatory_element"/>
  </relation>
  <relation id="33297" action="modify" version="1" visible="true">
    <tag k="sign_type" v="de274-50"/>
    <tag k="subtype" v="speed_limit"/>
    <tag k="type" v="regulatory_element"/>
  </relation>
  <relation id="33303" action="modify" version="1" visible="true">
    <tag k="sign_type" v="de274-50"/>
    <tag k="subtype" v="speed_limit"/>
    <tag k="type" v="regulatory_element"/>
  </relation>
  <relation id="33349" action="modify" version="1" visible="true">
    <tag k="sign_type" v="de274-50"/>
    <tag k="subtype" v="speed_limit"/>
    <tag k="type" v="regulatory_element"/>
  </relation>
  <relation id="33357" action="modify" version="1" visible="true">
    <tag k="sign_type" v="de274-50"/>
    <tag k="subtype" v="speed_limit"/>
    <tag k="type" v="regulatory_element"/>
  </relation>
  <relation id="33367" action="modify" version="1" visible="true">
    <tag k="sign_type" v="de274-50"/>
    <tag k="subtype" v="speed_limit"/>
    <tag k="type" v="regulatory_element"/>
  </relation>
  <relation id="33375" action="modify" version="1" visible="true">
    <tag k="sign_type" v="de274-50"/>
    <tag k="subtype" v="speed_limit"/>
    <tag k="type" v="regulatory_element"/>
  </relation>
  <relation id="33383" action="modify" version="1" visible="true">
    <tag k="sign_type" v="de274-50"/>
    <tag k="subtype" v="speed_limit"/>
    <tag k="type" v="regulatory_element"/>
  </relation>
  <relation id="33391" action="modify" version="1" visible="true">
    <tag k="sign_type" v="de274-50"/>
    <tag k="subtype" v="speed_limit"/>
    <tag k="type" v="regulatory_element"/>
  </relation>
  <relation id="33431" action="modify" version="1" visible="true">
    <tag k="sign_type" v="de274-50"/>
    <tag k="subtype" v="speed_limit"/>
    <tag k="type" v="regulatory_element"/>
  </relation>
  <relation id="33443" action="modify" version="1" visible="true">
    <tag k="sign_type" v="de274-50"/>
    <tag k="subtype" v="speed_limit"/>
    <tag k="type" v="regulatory_element"/>
  </relation>
  <relation id="33483" action="modify" version="1" visible="true">
    <tag k="sign_type" v="de274-50"/>
    <tag k="subtype" v="speed_limit"/>
    <tag k="type" v="regulatory_element"/>
  </relation>
  <relation id="33495" action="modify" version="1" visible="true">
    <tag k="sign_type" v="de274-50"/>
    <tag k="subtype" v="speed_limit"/>
    <tag k="type" v="regulatory_element"/>
  </relation>
  <relation id="33507" action="modify" version="1" visible="true">
    <tag k="sign_type" v="de274-50"/>
    <tag k="subtype" v="speed_limit"/>
    <tag k="type" v="regulatory_element"/>
  </relation>
  <relation id="33521" action="modify" version="1" visible="true">
    <tag k="sign_type" v="de274-50"/>
    <tag k="subtype" v="speed_limit"/>
    <tag k="type" v="regulatory_element"/>
  </relation>
  <relation id="33531" action="modify" version="1" visible="true">
    <tag k="sign_type" v="de274-50"/>
    <tag k="subtype" v="speed_limit"/>
    <tag k="type" v="regulatory_element"/>
  </relation>
  <relation id="33536" action="modify" version="1" visible="true">
    <tag k="sign_type" v="de274-50"/>
    <tag k="subtype" v="speed_limit"/>
    <tag k="type" v="regulatory_element"/>
  </relation>
  <relation id="33546" action="modify" version="1" visible="true">
    <tag k="sign_type" v="de274-50"/>
    <tag k="subtype" v="speed_limit"/>
    <tag k="type" v="regulatory_element"/>
  </relation>
  <relation id="33566" action="modify" version="1" visible="true">
    <tag k="sign_type" v="de274-50"/>
    <tag k="subtype" v="speed_limit"/>
    <tag k="type" v="regulatory_element"/>
  </relation>
  <relation id="33576" action="modify" version="1" visible="true">
    <tag k="sign_type" v="de274-50"/>
    <tag k="subtype" v="speed_limit"/>
    <tag k="type" v="regulatory_element"/>
  </relation>
  <relation id="33579" action="modify" version="1" visible="true">
    <tag k="sign_type" v="de274-50"/>
    <tag k="subtype" v="speed_limit"/>
    <tag k="type" v="regulatory_element"/>
  </relation>
  <relation id="33585" action="modify" version="1" visible="true">
    <tag k="sign_type" v="de274-50"/>
    <tag k="subtype" v="speed_limit"/>
    <tag k="type" v="regulatory_element"/>
  </relation>
  <relation id="33591" action="modify" version="1" visible="true">
    <tag k="sign_type" v="de274-50"/>
    <tag k="subtype" v="speed_limit"/>
    <tag k="type" v="regulatory_element"/>
  </relation>
  <relation id="33599" action="modify" version="1" visible="true">
    <tag k="sign_type" v="de274-50"/>
    <tag k="subtype" v="speed_limit"/>
    <tag k="type" v="regulatory_element"/>
  </relation>
  <relation id="33603" action="modify" version="1" visible="true">
    <tag k="sign_type" v="de274-50"/>
    <tag k="subtype" v="speed_limit"/>
    <tag k="type" v="regulatory_element"/>
  </relation>
  <relation id="33606" action="modify" version="1" visible="true">
    <tag k="sign_type" v="de274-50"/>
    <tag k="subtype" v="speed_limit"/>
    <tag k="type" v="regulatory_element"/>
  </relation>
  <relation id="33612" action="modify" version="1" visible="true">
    <tag k="sign_type" v="de274-50"/>
    <tag k="subtype" v="speed_limit"/>
    <tag k="type" v="regulatory_element"/>
  </relation>
  <relation id="33662" action="modify" version="1" visible="true">
    <tag k="sign_type" v="de274-50"/>
    <tag k="subtype" v="speed_limit"/>
    <tag k="type" v="regulatory_element"/>
  </relation>
  <relation id="33694" action="modify" version="1" visible="true">
    <tag k="sign_type" v="de274-50"/>
    <tag k="subtype" v="speed_limit"/>
    <tag k="type" v="regulatory_element"/>
  </relation>
  <relation id="33706" action="modify" version="1" visible="true">
    <tag k="sign_type" v="de274-50"/>
    <tag k="subtype" v="speed_limit"/>
    <tag k="type" v="regulatory_element"/>
  </relation>
  <relation id="33730" action="modify" version="1" visible="true">
    <tag k="sign_type" v="de274-50"/>
    <tag k="subtype" v="speed_limit"/>
    <tag k="type" v="regulatory_element"/>
  </relation>
  <relation id="33740" action="modify" version="1" visible="true">
    <tag k="sign_type" v="de274-50"/>
    <tag k="subtype" v="speed_limit"/>
    <tag k="type" v="regulatory_element"/>
  </relation>
  <relation id="33776" action="modify" version="1" visible="true">
    <tag k="sign_type" v="de274-50"/>
    <tag k="subtype" v="speed_limit"/>
    <tag k="type" v="regulatory_element"/>
  </relation>
  <relation id="33810" action="modify" version="1" visible="true">
    <tag k="sign_type" v="de274-50"/>
    <tag k="subtype" v="speed_limit"/>
    <tag k="type" v="regulatory_element"/>
  </relation>
  <relation id="33822" action="modify" version="1" visible="true">
    <tag k="sign_type" v="de274-50"/>
    <tag k="subtype" v="speed_limit"/>
    <tag k="type" v="regulatory_element"/>
  </relation>
  <relation id="33826" action="modify" version="1" visible="true">
    <tag k="sign_type" v="de274-50"/>
    <tag k="subtype" v="speed_limit"/>
    <tag k="type" v="regulatory_element"/>
  </relation>
  <relation id="33840" action="modify" version="1" visible="true">
    <tag k="sign_type" v="de274-50"/>
    <tag k="subtype" v="speed_limit"/>
    <tag k="type" v="regulatory_element"/>
  </relation>
  <relation id="33844" action="modify" version="1" visible="true">
    <tag k="sign_type" v="de274-50"/>
    <tag k="subtype" v="speed_limit"/>
    <tag k="type" v="regulatory_element"/>
  </relation>
  <relation id="33852" action="modify" version="1" visible="true">
    <tag k="sign_type" v="de274-50"/>
    <tag k="subtype" v="speed_limit"/>
    <tag k="type" v="regulatory_element"/>
  </relation>
  <relation id="33860" action="modify" version="1" visible="true">
    <tag k="sign_type" v="de274-50"/>
    <tag k="subtype" v="speed_limit"/>
    <tag k="type" v="regulatory_element"/>
  </relation>
  <relation id="33866" action="modify" version="1" visible="true">
    <tag k="sign_type" v="de274-50"/>
    <tag k="subtype" v="speed_limit"/>
    <tag k="type" v="regulatory_element"/>
  </relation>
  <relation id="33872" action="modify" version="1" visible="true">
    <tag k="sign_type" v="de274-50"/>
    <tag k="subtype" v="speed_limit"/>
    <tag k="type" v="regulatory_element"/>
  </relation>
  <relation id="33886" action="modify" version="1" visible="true">
    <tag k="sign_type" v="de274-50"/>
    <tag k="subtype" v="speed_limit"/>
    <tag k="type" v="regulatory_element"/>
  </relation>
  <relation id="33904" action="modify" version="1" visible="true">
    <tag k="sign_type" v="de274-50"/>
    <tag k="subtype" v="speed_limit"/>
    <tag k="type" v="regulatory_element"/>
  </relation>
  <relation id="33918" action="modify" version="1" visible="true">
    <tag k="sign_type" v="de274-50"/>
    <tag k="subtype" v="speed_limit"/>
    <tag k="type" v="regulatory_element"/>
  </relation>
  <relation id="33938" action="modify" version="1" visible="true">
    <tag k="sign_type" v="de274-50"/>
    <tag k="subtype" v="speed_limit"/>
    <tag k="type" v="regulatory_element"/>
  </relation>
  <relation id="33950" action="modify" version="1" visible="true">
    <tag k="sign_type" v="de274-50"/>
    <tag k="subtype" v="speed_limit"/>
    <tag k="type" v="regulatory_element"/>
  </relation>
  <relation id="33954" action="modify" version="1" visible="true">
    <tag k="sign_type" v="de274-50"/>
    <tag k="subtype" v="speed_limit"/>
    <tag k="type" v="regulatory_element"/>
  </relation>
  <relation id="33962" action="modify" version="1" visible="true">
    <tag k="sign_type" v="de274-50"/>
    <tag k="subtype" v="speed_limit"/>
    <tag k="type" v="regulatory_element"/>
  </relation>
  <relation id="33966" action="modify" version="1" visible="true">
    <tag k="sign_type" v="de274-50"/>
    <tag k="subtype" v="speed_limit"/>
    <tag k="type" v="regulatory_element"/>
  </relation>
  <relation id="33996" action="modify" version="1" visible="true">
    <tag k="sign_type" v="de274-50"/>
    <tag k="subtype" v="speed_limit"/>
    <tag k="type" v="regulatory_element"/>
  </relation>
  <relation id="34032" action="modify" version="1" visible="true">
    <tag k="sign_type" v="de274-50"/>
    <tag k="subtype" v="speed_limit"/>
    <tag k="type" v="regulatory_element"/>
  </relation>
  <relation id="34036" action="modify" version="1" visible="true">
    <tag k="sign_type" v="de274-50"/>
    <tag k="subtype" v="speed_limit"/>
    <tag k="type" v="regulatory_element"/>
  </relation>
  <relation id="34076" action="modify" version="1" visible="true">
    <tag k="sign_type" v="de274-50"/>
    <tag k="subtype" v="speed_limit"/>
    <tag k="type" v="regulatory_element"/>
  </relation>
  <relation id="34080" action="modify" version="1" visible="true">
    <tag k="sign_type" v="de274-50"/>
    <tag k="subtype" v="speed_limit"/>
    <tag k="type" v="regulatory_element"/>
  </relation>
  <relation id="34084" action="modify" version="1" visible="true">
    <tag k="sign_type" v="de274-50"/>
    <tag k="subtype" v="speed_limit"/>
    <tag k="type" v="regulatory_element"/>
  </relation>
  <relation id="34088" action="modify" version="1" visible="true">
    <tag k="sign_type" v="de274-50"/>
    <tag k="subtype" v="speed_limit"/>
    <tag k="type" v="regulatory_element"/>
  </relation>
  <relation id="34096" action="modify" version="1" visible="true">
    <tag k="sign_type" v="de274-50"/>
    <tag k="subtype" v="speed_limit"/>
    <tag k="type" v="regulatory_element"/>
  </relation>
  <relation id="34130" action="modify" version="1" visible="true">
    <tag k="sign_type" v="de274-50"/>
    <tag k="subtype" v="speed_limit"/>
    <tag k="type" v="regulatory_element"/>
  </relation>
  <relation id="34133" action="modify" version="1" visible="true">
    <tag k="sign_type" v="de274-50"/>
    <tag k="subtype" v="speed_limit"/>
    <tag k="type" v="regulatory_element"/>
  </relation>
  <relation id="34145" action="modify" version="1" visible="true">
    <tag k="sign_type" v="de274-50"/>
    <tag k="subtype" v="speed_limit"/>
    <tag k="type" v="regulatory_element"/>
  </relation>
  <relation id="34155" action="modify" version="1" visible="true">
    <tag k="sign_type" v="de274-50"/>
    <tag k="subtype" v="speed_limit"/>
    <tag k="type" v="regulatory_element"/>
  </relation>
  <relation id="34160" action="modify" version="1" visible="true">
    <tag k="sign_type" v="de274-50"/>
    <tag k="subtype" v="speed_limit"/>
    <tag k="type" v="regulatory_element"/>
  </relation>
  <relation id="34163" action="modify" version="1" visible="true">
    <tag k="sign_type" v="de274-50"/>
    <tag k="subtype" v="speed_limit"/>
    <tag k="type" v="regulatory_element"/>
  </relation>
  <relation id="34173" action="modify" version="1" visible="true">
    <tag k="sign_type" v="de274-50"/>
    <tag k="subtype" v="speed_limit"/>
    <tag k="type" v="regulatory_element"/>
  </relation>
  <relation id="34180" action="modify" version="1" visible="true">
    <tag k="sign_type" v="de274-50"/>
    <tag k="subtype" v="speed_limit"/>
    <tag k="type" v="regulatory_element"/>
  </relation>
  <relation id="34220" action="modify" version="1" visible="true">
    <tag k="sign_type" v="de274-50"/>
    <tag k="subtype" v="speed_limit"/>
    <tag k="type" v="regulatory_element"/>
  </relation>
  <relation id="34232" action="modify" version="1" visible="true">
    <tag k="sign_type" v="de274-50"/>
    <tag k="subtype" v="speed_limit"/>
    <tag k="type" v="regulatory_element"/>
  </relation>
  <relation id="34240" action="modify" version="1" visible="true">
    <tag k="sign_type" v="de274-50"/>
    <tag k="subtype" v="speed_limit"/>
    <tag k="type" v="regulatory_element"/>
  </relation>
  <relation id="34248" action="modify" version="1" visible="true">
    <tag k="sign_type" v="de274-50"/>
    <tag k="subtype" v="speed_limit"/>
    <tag k="type" v="regulatory_element"/>
  </relation>
  <relation id="34266" action="modify" version="1" visible="true">
    <tag k="sign_type" v="de274-50"/>
    <tag k="subtype" v="speed_limit"/>
    <tag k="type" v="regulatory_element"/>
  </relation>
  <relation id="34274" action="modify" version="1" visible="true">
    <tag k="sign_type" v="de274-50"/>
    <tag k="subtype" v="speed_limit"/>
    <tag k="type" v="regulatory_element"/>
  </relation>
  <relation id="34284" action="modify" version="1" visible="true">
    <tag k="sign_type" v="de274-50"/>
    <tag k="subtype" v="speed_limit"/>
    <tag k="type" v="regulatory_element"/>
  </relation>
  <relation id="34330" action="modify" version="1" visible="true">
    <tag k="sign_type" v="de274-50"/>
    <tag k="subtype" v="speed_limit"/>
    <tag k="type" v="regulatory_element"/>
  </relation>
  <relation id="34350" action="modify" version="1" visible="true">
    <tag k="sign_type" v="de274-50"/>
    <tag k="subtype" v="speed_limit"/>
    <tag k="type" v="regulatory_element"/>
  </relation>
  <relation id="34356" action="modify" version="1" visible="true">
    <tag k="sign_type" v="de274-50"/>
    <tag k="subtype" v="speed_limit"/>
    <tag k="type" v="regulatory_element"/>
  </relation>
  <relation id="34362" action="modify" version="1" visible="true">
    <tag k="sign_type" v="de274-50"/>
    <tag k="subtype" v="speed_limit"/>
    <tag k="type" v="regulatory_element"/>
  </relation>
  <relation id="34370" action="modify" version="1" visible="true">
    <tag k="sign_type" v="de274-50"/>
    <tag k="subtype" v="speed_limit"/>
    <tag k="type" v="regulatory_element"/>
  </relation>
  <relation id="34376" action="modify" version="1" visible="true">
    <tag k="sign_type" v="de274-50"/>
    <tag k="subtype" v="speed_limit"/>
    <tag k="type" v="regulatory_element"/>
  </relation>
  <relation id="34386" action="modify" version="1" visible="true">
    <tag k="sign_type" v="de274-50"/>
    <tag k="subtype" v="speed_limit"/>
    <tag k="type" v="regulatory_element"/>
  </relation>
</osm>
