rule_group,scenario_id,ego_id,sat_solver_mode,monitor_ok,repair_ok,repaired,tv,tv_class,rule_to_tv,rule_to_tv_classes,iterations,error_type,error,captured_failure_lines,potential_masked_bug,wall_time
R_G1,DEU_LocationALower-34_37_T-1,9,dpll,True,True,True,2,finite_positive,{'R_G1': 2},{'R_G1': 'finite_positive'},1,,,,False,0.9556460380554199
R_G1,DEU_LocationALower-34_37_T-1,9,domain_dpll,True,True,True,2,finite_positive,{'R_G1': 2},{'R_G1': 'finite_positive'},1,,,"* 	<VPRepairer>: domain_dict construction failed, falling back to empty domains: 'DynamicObstacle' object has no attribute 'get_lane'",False,0.8331127166748047
R_G1,DEU_LocationALower-11_131_T-1,18,dpll,True,True,True,9,finite_positive,{'R_G1': 9},{'R_G1': 'finite_positive'},1,,,,False,0.9567854404449463
R_G1,DEU_LocationALower-11_131_T-1,18,domain_dpll,True,True,True,9,finite_positive,{'R_G1': 9},{'R_G1': 'finite_positive'},1,,,"* 	<VPRepairer>: domain_dict construction failed, falling back to empty domains: 'DynamicObstacle' object has no attribute 'get_lane'",False,1.048233985900879
R_G1,DEU_LocationALower-11_4_T-1,18,dpll,True,True,True,6,finite_positive,{'R_G1': 6},{'R_G1': 'finite_positive'},1,,,,False,0.8181350231170654
R_G1,DEU_LocationALower-11_4_T-1,18,domain_dpll,True,True,True,6,finite_positive,{'R_G1': 6},{'R_G1': 'finite_positive'},1,,,"* 	<VPRepairer>: domain_dict construction failed, falling back to empty domains: 'DynamicObstacle' object has no attribute 'get_lane'",False,0.8240053653717041
R_G1,DEU_LocationALower-11_43_T-1,17,dpll,True,True,True,2,finite_positive,{'R_G1': 2},{'R_G1': 'finite_positive'},2,,,* 	<VPRepairer>: VP repair failed for current SAT model: Infeasible lane constraint at time step 1 with prop in_same_lane__0_1.,False,0.8596611022949219
R_G1,DEU_LocationALower-11_43_T-1,17,domain_dpll,True,True,True,2,finite_positive,{'R_G1': 2},{'R_G1': 'finite_positive'},2,,,"* 	<VPRepairer>: domain_dict construction failed, falling back to empty domains: 'DynamicObstacle' object has no attribute 'get_lane' | * 	<VPRepairer>: VP repair failed for current SAT model: Infeasible lane constraint at time step 12 with prop in_same_lane__0_1.",False,0.9880936145782471
R_G1,DEU_LocationALower-11_56_T-1,15,dpll,True,True,True,14,finite_positive,{'R_G1': 14},{'R_G1': 'finite_positive'},1,,,,False,0.8251631259918213
R_G1,DEU_LocationALower-11_56_T-1,15,domain_dpll,True,True,True,14,finite_positive,{'R_G1': 14},{'R_G1': 'finite_positive'},1,,,"* 	<VPRepairer>: domain_dict construction failed, falling back to empty domains: 'DynamicObstacle' object has no attribute 'get_lane'",False,0.8256235122680664
R_G1,DEU_LocationALower-11_64_T-1,18,dpll,True,True,True,15,finite_positive,{'R_G1': 15},{'R_G1': 'finite_positive'},1,,,,False,0.8066964149475098
R_G1,DEU_LocationALower-11_64_T-1,18,domain_dpll,True,True,True,15,finite_positive,{'R_G1': 15},{'R_G1': 'finite_positive'},1,,,"* 	<VPRepairer>: domain_dict construction failed, falling back to empty domains: 'DynamicObstacle' object has no attribute 'get_lane'",False,0.8491628170013428
R_G1,DEU_LocationALower-12_109_T-1,20,dpll,True,True,True,19,finite_positive,{'R_G1': 19},{'R_G1': 'finite_positive'},1,,,,False,1.003882646560669
R_G1,DEU_LocationALower-12_109_T-1,20,domain_dpll,True,True,True,19,finite_positive,{'R_G1': 19},{'R_G1': 'finite_positive'},1,,,"* 	<VPRepairer>: domain_dict construction failed, falling back to empty domains: 'DynamicObstacle' object has no attribute 'get_lane'",False,0.9121577739715576
R_G1,DEU_LocationALower-12_217_T-1,14,dpll,True,True,True,17,finite_positive,{'R_G1': 17},{'R_G1': 'finite_positive'},1,,,,False,0.8093705177307129
R_G1,DEU_LocationALower-12_217_T-1,14,domain_dpll,True,True,True,17,finite_positive,{'R_G1': 17},{'R_G1': 'finite_positive'},1,,,"* 	<VPRepairer>: domain_dict construction failed, falling back to empty domains: 'DynamicObstacle' object has no attribute 'get_lane'",False,0.8335647583007812
R_G1,DEU_LocationALower-12_52_T-1,26,dpll,True,True,True,7,finite_positive,{'R_G1': 7},{'R_G1': 'finite_positive'},1,,,,False,0.948415994644165
R_G1,DEU_LocationALower-12_52_T-1,26,domain_dpll,True,True,True,7,finite_positive,{'R_G1': 7},{'R_G1': 'finite_positive'},1,,,"* 	<VPRepairer>: domain_dict construction failed, falling back to empty domains: 'DynamicObstacle' object has no attribute 'get_lane'",False,0.9316537380218506
R_G1,DEU_LocationALower-13_162_T-1,21,dpll,True,True,True,17,finite_positive,{'R_G1': 17},{'R_G1': 'finite_positive'},1,,,,False,0.9441361427307129
R_G1,DEU_LocationALower-13_162_T-1,21,domain_dpll,True,True,True,17,finite_positive,{'R_G1': 17},{'R_G1': 'finite_positive'},1,,,"* 	<VPRepairer>: domain_dict construction failed, falling back to empty domains: 'DynamicObstacle' object has no attribute 'get_lane'",False,0.8376238346099854
R_G1,DEU_LocationALower-13_167_T-1,17,dpll,True,True,True,8,finite_positive,{'R_G1': 8},{'R_G1': 'finite_positive'},1,,,,False,0.8354814052581787
R_G1,DEU_LocationALower-13_167_T-1,17,domain_dpll,True,True,True,8,finite_positive,{'R_G1': 8},{'R_G1': 'finite_positive'},1,,,"* 	<VPRepairer>: domain_dict construction failed, falling back to empty domains: 'DynamicObstacle' object has no attribute 'get_lane'",False,0.8175938129425049
R_G1,DEU_LocationALower-13_214_T-1,21,dpll,True,True,True,16,finite_positive,{'R_G1': 16},{'R_G1': 'finite_positive'},2,,,* 	<VPRepairer>: VP repair failed for current SAT model: Infeasible lane constraint at time step 18 with prop in_same_lane__0_1.,False,0.8418307304382324
R_G1,DEU_LocationALower-13_214_T-1,21,domain_dpll,True,True,True,16,finite_positive,{'R_G1': 16},{'R_G1': 'finite_positive'},2,,,"* 	<VPRepairer>: domain_dict construction failed, falling back to empty domains: 'DynamicObstacle' object has no attribute 'get_lane' | * 	<VPRepairer>: VP repair failed for current SAT model: Infeasible lane constraint at time step 6 with prop in_same_lane__0_1.",False,0.8459055423736572
R_G1,DEU_LocationALower-13_239_T-1,18,dpll,True,True,True,14,finite_positive,{'R_G1': 14},{'R_G1': 'finite_positive'},1,,,,False,0.8060877323150635
R_G1,DEU_LocationALower-13_239_T-1,18,domain_dpll,True,True,True,14,finite_positive,{'R_G1': 14},{'R_G1': 'finite_positive'},1,,,"* 	<VPRepairer>: domain_dict construction failed, falling back to empty domains: 'DynamicObstacle' object has no attribute 'get_lane'",False,0.9903345108032227
R_G1,DEU_LocationALower-13_241_T-1,20,dpll,True,True,True,18,finite_positive,{'R_G1': 18},{'R_G1': 'finite_positive'},1,,,,False,0.8493392467498779
R_G1,DEU_LocationALower-13_241_T-1,20,domain_dpll,True,True,True,18,finite_positive,{'R_G1': 18},{'R_G1': 'finite_positive'},1,,,"* 	<VPRepairer>: domain_dict construction failed, falling back to empty domains: 'DynamicObstacle' object has no attribute 'get_lane'",False,0.8704538345336914
R_G1,DEU_LocationALower-13_247_T-1,15,dpll,True,True,True,8,finite_positive,{'R_G1': 8},{'R_G1': 'finite_positive'},2,,,* 	<VPRepairer>: VP repair failed for current SAT model: Infeasible lane constraint at time step 1 with prop in_same_lane__0_1.,False,0.8080747127532959
R_G1,DEU_LocationALower-13_247_T-1,15,domain_dpll,True,True,True,8,finite_positive,{'R_G1': 8},{'R_G1': 'finite_positive'},2,,,"* 	<VPRepairer>: domain_dict construction failed, falling back to empty domains: 'DynamicObstacle' object has no attribute 'get_lane' | * 	<VPRepairer>: VP repair failed for current SAT model: Infeasible lane constraint at time step 1 with prop in_same_lane__0_1.",False,0.7875063419342041
R_G1,DEU_LocationALower-13_29_T-1,18,dpll,True,True,True,19,finite_positive,{'R_G1': 19},{'R_G1': 'finite_positive'},1,,,,False,0.926687479019165
R_G1,DEU_LocationALower-13_29_T-1,18,domain_dpll,True,True,True,19,finite_positive,{'R_G1': 19},{'R_G1': 'finite_positive'},1,,,"* 	<VPRepairer>: domain_dict construction failed, falling back to empty domains: 'DynamicObstacle' object has no attribute 'get_lane'",False,0.9145402908325195
R_G1,DEU_LocationALower-13_56_T-1,10,dpll,True,True,True,13,finite_positive,{'R_G1': 13},{'R_G1': 'finite_positive'},1,,,,False,1.0682320594787598
R_G1,DEU_LocationALower-13_56_T-1,10,domain_dpll,True,True,True,13,finite_positive,{'R_G1': 13},{'R_G1': 'finite_positive'},1,,,"* 	<VPRepairer>: domain_dict construction failed, falling back to empty domains: 'DynamicObstacle' object has no attribute 'get_lane'",False,0.9208793640136719
R_G1,DEU_LocationALower-11_110_T-1,16,dpll,True,True,True,8,finite_positive,{'R_G1': 8},{'R_G1': 'finite_positive'},1,,,,False,1.0005950927734375
R_G1,DEU_LocationALower-11_110_T-1,16,domain_dpll,True,True,True,8,finite_positive,{'R_G1': 8},{'R_G1': 'finite_positive'},1,,,"* 	<VPRepairer>: domain_dict construction failed, falling back to empty domains: 'DynamicObstacle' object has no attribute 'get_lane'",False,1.0162053108215332
R_G1,DEU_LocationALower-14_161_T-1,21,dpll,True,True,True,15,finite_positive,{'R_G1': 15},{'R_G1': 'finite_positive'},1,,,,False,0.9411599636077881
R_G1,DEU_LocationALower-14_161_T-1,21,domain_dpll,True,True,True,15,finite_positive,{'R_G1': 15},{'R_G1': 'finite_positive'},1,,,"* 	<VPRepairer>: domain_dict construction failed, falling back to empty domains: 'DynamicObstacle' object has no attribute 'get_lane'",False,0.934398889541626
R_G1,DEU_LocationALower-14_219_T-1,12,dpll,True,True,True,8,finite_positive,{'R_G1': 8},{'R_G1': 'finite_positive'},1,,,,False,0.844487190246582
R_G1,DEU_LocationALower-14_219_T-1,12,domain_dpll,True,True,True,8,finite_positive,{'R_G1': 8},{'R_G1': 'finite_positive'},1,,,"* 	<VPRepairer>: domain_dict construction failed, falling back to empty domains: 'DynamicObstacle' object has no attribute 'get_lane'",False,1.0571303367614746
R_G1,DEU_LocationALower-14_247_T-1,16,dpll,True,True,True,13,finite_positive,{'R_G1': 13},{'R_G1': 'finite_positive'},1,,,,False,0.8858473300933838
R_G1,DEU_LocationALower-14_247_T-1,16,domain_dpll,True,True,True,13,finite_positive,{'R_G1': 13},{'R_G1': 'finite_positive'},1,,,"* 	<VPRepairer>: domain_dict construction failed, falling back to empty domains: 'DynamicObstacle' object has no attribute 'get_lane'",False,0.9036543369293213
R_G1,DEU_LocationALower-14_252_T-1,12,dpll,True,True,True,18,finite_positive,{'R_G1': 18},{'R_G1': 'finite_positive'},1,,,,False,0.8533086776733398
R_G1,DEU_LocationALower-14_252_T-1,12,domain_dpll,True,True,True,18,finite_positive,{'R_G1': 18},{'R_G1': 'finite_positive'},1,,,"* 	<VPRepairer>: domain_dict construction failed, falling back to empty domains: 'DynamicObstacle' object has no attribute 'get_lane'",False,0.8693270683288574
R_G1,DEU_LocationALower-14_255_T-1,11,dpll,True,True,True,11,finite_positive,{'R_G1': 11},{'R_G1': 'finite_positive'},2,,,* 	<VPRepairer>: VP repair failed for current SAT model: Infeasible lane constraint at time step 1 with prop in_same_lane__0_1.,False,1.029336929321289
R_G1,DEU_LocationALower-14_255_T-1,11,domain_dpll,True,True,True,11,finite_positive,{'R_G1': 11},{'R_G1': 'finite_positive'},2,,,"* 	<VPRepairer>: domain_dict construction failed, falling back to empty domains: 'DynamicObstacle' object has no attribute 'get_lane' | * 	<VPRepairer>: VP repair failed for current SAT model: Infeasible lane constraint at time step 12 with prop in_same_lane__0_1.",False,1.0023589134216309
R_G1,DEU_LocationALower-14_39_T-1,15,dpll,True,True,True,14,finite_positive,{'R_G1': 14},{'R_G1': 'finite_positive'},1,,,,False,1.1160643100738525
R_G1,DEU_LocationALower-14_39_T-1,15,domain_dpll,True,True,True,14,finite_positive,{'R_G1': 14},{'R_G1': 'finite_positive'},1,,,"* 	<VPRepairer>: domain_dict construction failed, falling back to empty domains: 'DynamicObstacle' object has no attribute 'get_lane'",False,0.9859366416931152
R_G1,DEU_LocationALower-25_155_T-1,15,dpll,True,True,True,11,finite_positive,{'R_G1': 11},{'R_G1': 'finite_positive'},1,,,,False,0.885082483291626
R_G1,DEU_LocationALower-25_155_T-1,15,domain_dpll,True,True,True,11,finite_positive,{'R_G1': 11},{'R_G1': 'finite_positive'},1,,,"* 	<VPRepairer>: domain_dict construction failed, falling back to empty domains: 'DynamicObstacle' object has no attribute 'get_lane'",False,0.887052059173584
R_G1,DEU_LocationALower-27_140_T-1,14,dpll,True,True,True,8,finite_positive,{'R_G1': 8},{'R_G1': 'finite_positive'},1,,,,False,0.9201784133911133
R_G1,DEU_LocationALower-27_140_T-1,14,domain_dpll,True,True,True,8,finite_positive,{'R_G1': 8},{'R_G1': 'finite_positive'},1,,,"* 	<VPRepairer>: domain_dict construction failed, falling back to empty domains: 'DynamicObstacle' object has no attribute 'get_lane'",False,0.9152317047119141
R_G1,DEU_LocationALower-28_109_T-1,13,dpll,True,True,True,11,finite_positive,{'R_G1': 11},{'R_G1': 'finite_positive'},1,,,,False,0.9428372383117676
R_G1,DEU_LocationALower-28_109_T-1,13,domain_dpll,True,True,True,11,finite_positive,{'R_G1': 11},{'R_G1': 'finite_positive'},1,,,"* 	<VPRepairer>: domain_dict construction failed, falling back to empty domains: 'DynamicObstacle' object has no attribute 'get_lane'",False,1.1145336627960205
R_G1,DEU_LocationALower-28_109_T-1,18,dpll,True,True,True,9,finite_positive,{'R_G1': 9},{'R_G1': 'finite_positive'},1,,,,False,0.917870283126831
R_G1,DEU_LocationALower-28_109_T-1,18,domain_dpll,True,True,True,9,finite_positive,{'R_G1': 9},{'R_G1': 'finite_positive'},1,,,"* 	<VPRepairer>: domain_dict construction failed, falling back to empty domains: 'DynamicObstacle' object has no attribute 'get_lane'",False,0.9154810905456543
R_G1,DEU_LocationALower-28_228_T-1,11,dpll,True,True,True,17,finite_positive,{'R_G1': 17},{'R_G1': 'finite_positive'},1,,,,False,0.862269401550293
R_G1,DEU_LocationALower-28_228_T-1,11,domain_dpll,True,True,True,17,finite_positive,{'R_G1': 17},{'R_G1': 'finite_positive'},1,,,"* 	<VPRepairer>: domain_dict construction failed, falling back to empty domains: 'DynamicObstacle' object has no attribute 'get_lane'",False,0.8479156494140625
R_G1,DEU_LocationALower-28_252_T-1,12,dpll,True,True,True,12,finite_positive,{'R_G1': 12},{'R_G1': 'finite_positive'},1,,,,False,0.9491593837738037
R_G1,DEU_LocationALower-28_252_T-1,12,domain_dpll,True,True,True,12,finite_positive,{'R_G1': 12},{'R_G1': 'finite_positive'},1,,,"* 	<VPRepairer>: domain_dict construction failed, falling back to empty domains: 'DynamicObstacle' object has no attribute 'get_lane'",False,0.9017422199249268
R_G1,DEU_LocationALower-28_252_T-1,18,dpll,True,True,True,16,finite_positive,{'R_G1': 16},{'R_G1': 'finite_positive'},1,,,,False,0.9515118598937988
R_G1,DEU_LocationALower-28_252_T-1,18,domain_dpll,True,True,True,16,finite_positive,{'R_G1': 16},{'R_G1': 'finite_positive'},1,,,"* 	<VPRepairer>: domain_dict construction failed, falling back to empty domains: 'DynamicObstacle' object has no attribute 'get_lane'",False,0.9405453205108643
R_G1,DEU_LocationALower-29_123_T-1,16,dpll,True,True,True,9,finite_positive,{'R_G1': 9},{'R_G1': 'finite_positive'},1,,,,False,0.8560960292816162
R_G1,DEU_LocationALower-29_123_T-1,16,domain_dpll,True,True,True,9,finite_positive,{'R_G1': 9},{'R_G1': 'finite_positive'},1,,,"* 	<VPRepairer>: domain_dict construction failed, falling back to empty domains: 'DynamicObstacle' object has no attribute 'get_lane'",False,1.0580625534057617
R_G1,DEU_LocationALower-29_134_T-1,9,dpll,True,True,True,7,finite_positive,{'R_G1': 7},{'R_G1': 'finite_positive'},1,,,,False,0.9062094688415527
R_G1,DEU_LocationALower-29_134_T-1,9,domain_dpll,True,True,True,7,finite_positive,{'R_G1': 7},{'R_G1': 'finite_positive'},1,,,"* 	<VPRepairer>: domain_dict construction failed, falling back to empty domains: 'DynamicObstacle' object has no attribute 'get_lane'",False,0.9255673885345459
R_G1,DEU_LocationALower-29_192_T-1,9,dpll,True,True,False,17,finite_positive,{'R_G1': 17},{'R_G1': 'finite_positive'},4,,repair returned None,* 	<VPRepairer>: VP repair failed for current SAT model: LP failed: The problem is infeasible. (HiGHS Status 8: model_status is Infeasible; primal_status is None) | * 	<VPRepairer>: VP repair failed for current SAT model: LP failed: The problem is infeasible. (HiGHS Status 8: model_status is Infeasible; primal_status is None) | * 	<VPRepairer>: VP repair failed for current SAT model: LP failed: The problem is infeasible. (HiGHS Status 8: model_status is Infeasible; primal_status is None) | * 	<VPRepairer>: VP repair failed for current SAT model: LP failed: The problem is infeasible. (HiGHS Status 8: model_status is Infeasible; primal_status is None) | *******   Repairing Failed ಠ_ಠ with 5 iteration(s)  *******,True,0.8318312168121338
R_G1,DEU_LocationALower-29_192_T-1,9,domain_dpll,True,True,False,17,finite_positive,{'R_G1': 17},{'R_G1': 'finite_positive'},4,,repair returned None,"* 	<VPRepairer>: domain_dict construction failed, falling back to empty domains: 'DynamicObstacle' object has no attribute 'get_lane' | * 	<VPRepairer>: VP repair failed for current SAT model: LP failed: The problem is infeasible. (HiGHS Status 8: model_status is Infeasible; primal_status is None) | * 	<VPRepairer>: VP repair failed for current SAT model: LP failed: The problem is infeasible. (HiGHS Status 8: model_status is Infeasible; primal_status is None) | * 	<VPRepairer>: VP repair failed for current SAT model: LP failed: The problem is infeasible. (HiGHS Status 8: model_status is Infeasible; primal_status is None) | * 	<VPRepairer>: VP repair failed for current SAT model: LP failed: The problem is infeasible. (HiGHS Status 8: model_status is Infeasible; primal_status is None) | *******   Repairing Failed ಠ_ಠ with 5 iteration(s)  *******",True,0.8464076519012451
R_G1,DEU_LocationALower-29_245_T-1,12,dpll,True,True,True,19,finite_positive,{'R_G1': 19},{'R_G1': 'finite_positive'},1,,,,False,0.94142746925354
R_G1,DEU_LocationALower-29_245_T-1,12,domain_dpll,True,True,True,19,finite_positive,{'R_G1': 19},{'R_G1': 'finite_positive'},1,,,"* 	<VPRepairer>: domain_dict construction failed, falling back to empty domains: 'DynamicObstacle' object has no attribute 'get_lane'",False,0.95652174949646
R_G1,DEU_LocationALower-29_249_T-1,23,dpll,True,True,True,15,finite_positive,{'R_G1': 15},{'R_G1': 'finite_positive'},1,,,,False,1.003648042678833
R_G1,DEU_LocationALower-29_249_T-1,23,domain_dpll,True,True,True,15,finite_positive,{'R_G1': 15},{'R_G1': 'finite_positive'},1,,,"* 	<VPRepairer>: domain_dict construction failed, falling back to empty domains: 'DynamicObstacle' object has no attribute 'get_lane'",False,0.9945540428161621
R_G1,DEU_LocationALower-29_250_T-1,12,dpll,True,True,True,9,finite_positive,{'R_G1': 9},{'R_G1': 'finite_positive'},1,,,,False,0.9832868576049805
R_G1,DEU_LocationALower-29_250_T-1,12,domain_dpll,True,True,True,9,finite_positive,{'R_G1': 9},{'R_G1': 'finite_positive'},1,,,"* 	<VPRepairer>: domain_dict construction failed, falling back to empty domains: 'DynamicObstacle' object has no attribute 'get_lane'",False,1.0197839736938477
R_G1,DEU_LocationALower-29_65_T-1,8,dpll,True,True,True,17,finite_positive,{'R_G1': 17},{'R_G1': 'finite_positive'},1,,,,False,1.1773545742034912
R_G1,DEU_LocationALower-29_65_T-1,8,domain_dpll,True,True,True,17,finite_positive,{'R_G1': 17},{'R_G1': 'finite_positive'},1,,,"* 	<VPRepairer>: domain_dict construction failed, falling back to empty domains: 'DynamicObstacle' object has no attribute 'get_lane'",False,0.9655778408050537
R_G1,DEU_LocationALower-29_70_T-1,11,dpll,True,True,True,3,finite_positive,{'R_G1': 3},{'R_G1': 'finite_positive'},1,,,,False,0.998483419418335
R_G1,DEU_LocationALower-29_70_T-1,11,domain_dpll,True,True,True,3,finite_positive,{'R_G1': 3},{'R_G1': 'finite_positive'},1,,,"* 	<VPRepairer>: domain_dict construction failed, falling back to empty domains: 'DynamicObstacle' object has no attribute 'get_lane'",False,1.019017219543457
R_G1,DEU_LocationALower-30_218_T-1,16,dpll,True,True,True,13,finite_positive,{'R_G1': 13},{'R_G1': 'finite_positive'},1,,,,False,0.9149448871612549
R_G1,DEU_LocationALower-30_218_T-1,16,domain_dpll,True,True,True,13,finite_positive,{'R_G1': 13},{'R_G1': 'finite_positive'},1,,,"* 	<VPRepairer>: domain_dict construction failed, falling back to empty domains: 'DynamicObstacle' object has no attribute 'get_lane'",False,0.9093506336212158
R_G1,DEU_LocationALower-30_46_T-1,16,dpll,True,True,True,1,finite_positive,{'R_G1': 1},{'R_G1': 'finite_positive'},1,,,,False,1.0439186096191406
R_G1,DEU_LocationALower-30_46_T-1,16,domain_dpll,True,True,True,6,finite_positive,{'R_G1': 6},{'R_G1': 'finite_positive'},1,,,"* 	<VPRepairer>: domain_dict construction failed, falling back to empty domains: 'DynamicObstacle' object has no attribute 'get_lane'",False,1.0707707405090332
R_G1,DEU_LocationALower-31_154_T-1,9,dpll,True,True,True,10,finite_positive,{'R_G1': 10},{'R_G1': 'finite_positive'},1,,,,False,0.9194881916046143
R_G1,DEU_LocationALower-31_154_T-1,9,domain_dpll,True,True,True,10,finite_positive,{'R_G1': 10},{'R_G1': 'finite_positive'},1,,,"* 	<VPRepairer>: domain_dict construction failed, falling back to empty domains: 'DynamicObstacle' object has no attribute 'get_lane'",False,1.1531846523284912
R_G1,DEU_LocationALower-31_239_T-1,16,dpll,True,True,True,15,finite_positive,{'R_G1': 15},{'R_G1': 'finite_positive'},2,,,* 	<VPRepairer>: VP repair failed for current SAT model: Infeasible lane constraint at time step 5 with prop in_same_lane__0_1.,False,1.0707731246948242
R_G1,DEU_LocationALower-31_239_T-1,16,domain_dpll,True,True,True,15,finite_positive,{'R_G1': 15},{'R_G1': 'finite_positive'},2,,,"* 	<VPRepairer>: domain_dict construction failed, falling back to empty domains: 'DynamicObstacle' object has no attribute 'get_lane' | * 	<VPRepairer>: VP repair failed for current SAT model: Infeasible lane constraint at time step 5 with prop in_same_lane__0_1.",False,1.1106350421905518
R_G1,DEU_LocationALower-31_24_T-1,13,dpll,True,True,True,18,finite_positive,{'R_G1': 18},{'R_G1': 'finite_positive'},1,,,,False,1.0352609157562256
R_G1,DEU_LocationALower-31_24_T-1,13,domain_dpll,True,True,True,18,finite_positive,{'R_G1': 18},{'R_G1': 'finite_positive'},1,,,"* 	<VPRepairer>: domain_dict construction failed, falling back to empty domains: 'DynamicObstacle' object has no attribute 'get_lane'",False,1.0479676723480225
R_G1,DEU_LocationALower-31_31_T-1,15,dpll,True,True,True,17,finite_positive,{'R_G1': 17},{'R_G1': 'finite_positive'},1,,,,False,0.9288284778594971
R_G1,DEU_LocationALower-31_31_T-1,15,domain_dpll,True,True,True,17,finite_positive,{'R_G1': 17},{'R_G1': 'finite_positive'},1,,,"* 	<VPRepairer>: domain_dict construction failed, falling back to empty domains: 'DynamicObstacle' object has no attribute 'get_lane'",False,0.9593462944030762
R_G1,DEU_LocationALower-31_47_T-1,13,dpll,True,True,True,7,finite_positive,{'R_G1': 7},{'R_G1': 'finite_positive'},1,,,,False,0.9355099201202393
R_G1,DEU_LocationALower-31_47_T-1,13,domain_dpll,True,True,True,7,finite_positive,{'R_G1': 7},{'R_G1': 'finite_positive'},2,,,"* 	<VPRepairer>: domain_dict construction failed, falling back to empty domains: 'DynamicObstacle' object has no attribute 'get_lane' | * 	<VPRepairer>: VP repair failed for current SAT model: Infeasible lane constraint at time step 1 with prop in_same_lane__0_1.",False,0.94075608253479
R_G1,DEU_LocationALower-32_117_T-1,17,dpll,True,True,True,12,finite_positive,{'R_G1': 12},{'R_G1': 'finite_positive'},1,,,,False,0.9720394611358643
R_G1,DEU_LocationALower-32_117_T-1,17,domain_dpll,True,True,True,12,finite_positive,{'R_G1': 12},{'R_G1': 'finite_positive'},1,,,"* 	<VPRepairer>: domain_dict construction failed, falling back to empty domains: 'DynamicObstacle' object has no attribute 'get_lane'",False,0.9835724830627441
R_G1,DEU_LocationALower-32_136_T-1,16,dpll,True,True,True,1,finite_positive,{'R_G1': 1},{'R_G1': 'finite_positive'},1,,,,False,1.2676923274993896
R_G1,DEU_LocationALower-32_136_T-1,16,domain_dpll,True,True,True,11,finite_positive,{'R_G1': 11},{'R_G1': 'finite_positive'},1,,,"* 	<VPRepairer>: domain_dict construction failed, falling back to empty domains: 'DynamicObstacle' object has no attribute 'get_lane'",False,1.039109468460083
R_G1,DEU_LocationALower-32_186_T-1,12,dpll,True,True,True,10,finite_positive,{'R_G1': 10},{'R_G1': 'finite_positive'},1,,,,False,0.9900658130645752
R_G1,DEU_LocationALower-32_186_T-1,12,domain_dpll,True,True,True,10,finite_positive,{'R_G1': 10},{'R_G1': 'finite_positive'},1,,,"* 	<VPRepairer>: domain_dict construction failed, falling back to empty domains: 'DynamicObstacle' object has no attribute 'get_lane'",False,1.0225167274475098
R_G1,DEU_LocationALower-32_70_T-1,14,dpll,True,True,True,15,finite_positive,{'R_G1': 15},{'R_G1': 'finite_positive'},1,,,,False,0.9948809146881104
R_G1,DEU_LocationALower-32_70_T-1,14,domain_dpll,True,True,True,15,finite_positive,{'R_G1': 15},{'R_G1': 'finite_positive'},1,,,"* 	<VPRepairer>: domain_dict construction failed, falling back to empty domains: 'DynamicObstacle' object has no attribute 'get_lane'",False,1.0060744285583496
R_G1,DEU_LocationALower-32_84_T-1,13,dpll,True,True,True,8,finite_positive,{'R_G1': 8},{'R_G1': 'finite_positive'},1,,,,False,0.9119391441345215
R_G1,DEU_LocationALower-32_84_T-1,13,domain_dpll,True,True,True,8,finite_positive,{'R_G1': 8},{'R_G1': 'finite_positive'},1,,,"* 	<VPRepairer>: domain_dict construction failed, falling back to empty domains: 'DynamicObstacle' object has no attribute 'get_lane'",False,0.9248449802398682
R_G1,DEU_LocationALower-33_142_T-1,10,dpll,True,True,True,5,finite_positive,{'R_G1': 5},{'R_G1': 'finite_positive'},1,,,,False,1.0188441276550293
R_G1,DEU_LocationALower-33_142_T-1,10,domain_dpll,True,True,True,5,finite_positive,{'R_G1': 5},{'R_G1': 'finite_positive'},1,,,"* 	<VPRepairer>: domain_dict construction failed, falling back to empty domains: 'DynamicObstacle' object has no attribute 'get_lane'",False,1.0093626976013184
R_G1,DEU_LocationALower-33_16_T-1,12,dpll,True,True,True,12,finite_positive,{'R_G1': 12},{'R_G1': 'finite_positive'},1,,,,False,1.1602234840393066
R_G1,DEU_LocationALower-33_16_T-1,12,domain_dpll,True,True,True,12,finite_positive,{'R_G1': 12},{'R_G1': 'finite_positive'},1,,,"* 	<VPRepairer>: domain_dict construction failed, falling back to empty domains: 'DynamicObstacle' object has no attribute 'get_lane'",False,1.4160900115966797
R_G1,DEU_LocationALower-33_219_T-1,8,dpll,True,True,True,6,finite_positive,{'R_G1': 6},{'R_G1': 'finite_positive'},1,,,,False,0.9250349998474121
R_G1,DEU_LocationALower-33_219_T-1,8,domain_dpll,True,True,True,6,finite_positive,{'R_G1': 6},{'R_G1': 'finite_positive'},1,,,"* 	<VPRepairer>: domain_dict construction failed, falling back to empty domains: 'DynamicObstacle' object has no attribute 'get_lane'",False,0.9433162212371826
R_G1,DEU_LocationALower-33_228_T-1,14,dpll,True,True,True,15,finite_positive,{'R_G1': 15},{'R_G1': 'finite_positive'},1,,,,False,1.0065340995788574
R_G1,DEU_LocationALower-33_228_T-1,14,domain_dpll,True,True,True,15,finite_positive,{'R_G1': 15},{'R_G1': 'finite_positive'},1,,,"* 	<VPRepairer>: domain_dict construction failed, falling back to empty domains: 'DynamicObstacle' object has no attribute 'get_lane'",False,0.9782593250274658
R_G1,DEU_LocationALower-33_233_T-1,14,dpll,True,True,True,9,finite_positive,{'R_G1': 9},{'R_G1': 'finite_positive'},1,,,,False,0.974980354309082
R_G1,DEU_LocationALower-33_233_T-1,14,domain_dpll,True,True,True,9,finite_positive,{'R_G1': 9},{'R_G1': 'finite_positive'},1,,,"* 	<VPRepairer>: domain_dict construction failed, falling back to empty domains: 'DynamicObstacle' object has no attribute 'get_lane'",False,0.9866535663604736
R_G1,DEU_LocationALower-33_261_T-1,13,dpll,True,True,True,1,finite_positive,{'R_G1': 1},{'R_G1': 'finite_positive'},1,,,,False,1.0648388862609863
R_G1,DEU_LocationALower-33_261_T-1,13,domain_dpll,True,True,True,10,finite_positive,{'R_G1': 10},{'R_G1': 'finite_positive'},1,,,"* 	<VPRepairer>: domain_dict construction failed, falling back to empty domains: 'DynamicObstacle' object has no attribute 'get_lane'",False,1.0472772121429443
R_G1,DEU_LocationALower-33_265_T-1,22,dpll,True,True,True,13,finite_positive,{'R_G1': 13},{'R_G1': 'finite_positive'},1,,,,False,1.0518169403076172
R_G1,DEU_LocationALower-33_265_T-1,22,domain_dpll,True,True,True,13,finite_positive,{'R_G1': 13},{'R_G1': 'finite_positive'},1,,,"* 	<VPRepairer>: domain_dict construction failed, falling back to empty domains: 'DynamicObstacle' object has no attribute 'get_lane'",False,1.0515069961547852
R_G1,DEU_LocationALower-33_96_T-1,9,dpll,True,True,True,3,finite_positive,{'R_G1': 3},{'R_G1': 'finite_positive'},1,,,,False,1.0829429626464844
R_G1,DEU_LocationALower-33_96_T-1,9,domain_dpll,True,True,True,3,finite_positive,{'R_G1': 3},{'R_G1': 'finite_positive'},1,,,"* 	<VPRepairer>: domain_dict construction failed, falling back to empty domains: 'DynamicObstacle' object has no attribute 'get_lane'",False,1.0734062194824219
R_G1,DEU_LocationALower-34_120_T-1,17,dpll,True,True,True,19,finite_positive,{'R_G1': 19},{'R_G1': 'finite_positive'},1,,,,False,1.3071296215057373
R_G1,DEU_LocationALower-34_120_T-1,17,domain_dpll,True,True,True,19,finite_positive,{'R_G1': 19},{'R_G1': 'finite_positive'},1,,,"* 	<VPRepairer>: domain_dict construction failed, falling back to empty domains: 'DynamicObstacle' object has no attribute 'get_lane'",False,1.0503582954406738
R_G1,DEU_LocationALower-34_146_T-1,14,dpll,True,True,True,12,finite_positive,{'R_G1': 12},{'R_G1': 'finite_positive'},1,,,,False,0.9760942459106445
R_G1,DEU_LocationALower-34_146_T-1,14,domain_dpll,True,True,True,12,finite_positive,{'R_G1': 12},{'R_G1': 'finite_positive'},1,,,"* 	<VPRepairer>: domain_dict construction failed, falling back to empty domains: 'DynamicObstacle' object has no attribute 'get_lane'",False,0.9567680358886719
R_G1,DEU_LocationALower-34_147_T-1,16,dpll,True,True,True,16,finite_positive,{'R_G1': 16},{'R_G1': 'finite_positive'},1,,,,False,0.9837708473205566
R_G1,DEU_LocationALower-34_147_T-1,16,domain_dpll,True,True,True,16,finite_positive,{'R_G1': 16},{'R_G1': 'finite_positive'},1,,,"* 	<VPRepairer>: domain_dict construction failed, falling back to empty domains: 'DynamicObstacle' object has no attribute 'get_lane'",False,1.0036108493804932
R_G1,DEU_LocationALower-34_163_T-1,15,dpll,True,True,True,11,finite_positive,{'R_G1': 11},{'R_G1': 'finite_positive'},2,,,* 	<VPRepairer>: VP repair failed for current SAT model: Infeasible lane constraint at time step 13 with prop in_same_lane__0_1.,False,1.1075129508972168
R_G1,DEU_LocationALower-34_163_T-1,15,domain_dpll,True,True,True,11,finite_positive,{'R_G1': 11},{'R_G1': 'finite_positive'},2,,,"* 	<VPRepairer>: domain_dict construction failed, falling back to empty domains: 'DynamicObstacle' object has no attribute 'get_lane' | * 	<VPRepairer>: VP repair failed for current SAT model: Infeasible lane constraint at time step 1 with prop in_same_lane__0_1.",False,1.0851662158966064
R_G1,DEU_LocationALower-34_179_T-1,15,dpll,True,True,True,14,finite_positive,{'R_G1': 14},{'R_G1': 'finite_positive'},1,,,,False,1.0614452362060547
R_G1,DEU_LocationALower-34_179_T-1,15,domain_dpll,True,True,True,14,finite_positive,{'R_G1': 14},{'R_G1': 'finite_positive'},1,,,"* 	<VPRepairer>: domain_dict construction failed, falling back to empty domains: 'DynamicObstacle' object has no attribute 'get_lane'",False,1.0808634757995605
R_G1,DEU_LocationALower-14_14_T-1,13,dpll,True,True,True,1,finite_positive,{'R_G1': 1},{'R_G1': 'finite_positive'},1,,,,False,1.1641724109649658
R_G1,DEU_LocationALower-14_14_T-1,13,domain_dpll,True,True,True,1,finite_positive,{'R_G1': 1},{'R_G1': 'finite_positive'},1,,,"* 	<VPRepairer>: domain_dict construction failed, falling back to empty domains: 'DynamicObstacle' object has no attribute 'get_lane'",False,1.1631455421447754
R_G1,DEU_LocationALower-34_49_T-1,10,dpll,True,True,True,5,finite_positive,{'R_G1': 5},{'R_G1': 'finite_positive'},1,,,,False,1.3480470180511475
R_G1,DEU_LocationALower-34_49_T-1,10,domain_dpll,True,True,True,5,finite_positive,{'R_G1': 5},{'R_G1': 'finite_positive'},1,,,"* 	<VPRepairer>: domain_dict construction failed, falling back to empty domains: 'DynamicObstacle' object has no attribute 'get_lane'",False,1.0692939758300781
R_G1,DEU_LocationALower-34_96_T-1,14,dpll,True,True,True,8,finite_positive,{'R_G1': 8},{'R_G1': 'finite_positive'},1,,,,False,0.9920625686645508
R_G1,DEU_LocationALower-34_96_T-1,14,domain_dpll,True,True,True,8,finite_positive,{'R_G1': 8},{'R_G1': 'finite_positive'},1,,,"* 	<VPRepairer>: domain_dict construction failed, falling back to empty domains: 'DynamicObstacle' object has no attribute 'get_lane'",False,1.0041441917419434
R_G1,DEU_LocationALower-35_263_T-1,12,dpll,True,True,True,5,finite_positive,{'R_G1': 5},{'R_G1': 'finite_positive'},1,,,,False,1.0548686981201172
R_G1,DEU_LocationALower-35_263_T-1,12,domain_dpll,True,True,True,5,finite_positive,{'R_G1': 5},{'R_G1': 'finite_positive'},1,,,"* 	<VPRepairer>: domain_dict construction failed, falling back to empty domains: 'DynamicObstacle' object has no attribute 'get_lane'",False,1.079070806503296
R_G1,DEU_LocationALower-36_113_T-1,14,dpll,True,True,True,12,finite_positive,{'R_G1': 12},{'R_G1': 'finite_positive'},1,,,,False,1.04534912109375
R_G1,DEU_LocationALower-36_113_T-1,14,domain_dpll,True,True,True,12,finite_positive,{'R_G1': 12},{'R_G1': 'finite_positive'},1,,,"* 	<VPRepairer>: domain_dict construction failed, falling back to empty domains: 'DynamicObstacle' object has no attribute 'get_lane'",False,1.034658670425415
R_G1,DEU_LocationALower-36_123_T-1,15,dpll,True,True,True,1,finite_positive,{'R_G1': 1},{'R_G1': 'finite_positive'},2,,,* 	<VPRepairer>: VP repair failed for current SAT model: Infeasible lane constraint at time step 18 with prop in_same_lane__0_1.,False,1.055633306503296
R_G1,DEU_LocationALower-36_123_T-1,15,domain_dpll,True,True,True,7,finite_positive,{'R_G1': 7},{'R_G1': 'finite_positive'},1,,,"* 	<VPRepairer>: domain_dict construction failed, falling back to empty domains: 'DynamicObstacle' object has no attribute 'get_lane'",False,1.0377001762390137
R_G1,DEU_LocationALower-36_208_T-1,8,dpll,True,True,True,3,finite_positive,{'R_G1': 3},{'R_G1': 'finite_positive'},1,,,,False,1.0223469734191895
R_G1,DEU_LocationALower-36_208_T-1,8,domain_dpll,True,True,True,3,finite_positive,{'R_G1': 3},{'R_G1': 'finite_positive'},1,,,"* 	<VPRepairer>: domain_dict construction failed, falling back to empty domains: 'DynamicObstacle' object has no attribute 'get_lane'",False,1.046050786972046
R_G1,DEU_LocationALower-36_236_T-1,6,dpll,True,True,True,3,finite_positive,{'R_G1': 3},{'R_G1': 'finite_positive'},1,,,,False,0.9123070240020752
R_G1,DEU_LocationALower-36_236_T-1,6,domain_dpll,True,True,True,3,finite_positive,{'R_G1': 3},{'R_G1': 'finite_positive'},1,,,"* 	<VPRepairer>: domain_dict construction failed, falling back to empty domains: 'DynamicObstacle' object has no attribute 'get_lane'",False,0.8827347755432129
R_G1,DEU_LocationALower-36_269_T-1,18,dpll,True,True,False,-inf,-inf,{'R_G1': -inf},{'R_G1': '-inf'},0,,repair returned None,,False,1.0774612426757812
R_G1,DEU_LocationALower-36_269_T-1,18,domain_dpll,True,True,True,7,finite_positive,{'R_G1': 7},{'R_G1': 'finite_positive'},1,,,"* 	<VPRepairer>: domain_dict construction failed, falling back to empty domains: 'DynamicObstacle' object has no attribute 'get_lane'",False,1.1081609725952148
R_G1,DEU_LocationALower-36_291_T-1,13,dpll,True,True,True,11,finite_positive,{'R_G1': 11},{'R_G1': 'finite_positive'},1,,,,False,1.421837568283081
R_G1,DEU_LocationALower-36_291_T-1,13,domain_dpll,True,True,True,11,finite_positive,{'R_G1': 11},{'R_G1': 'finite_positive'},1,,,"* 	<VPRepairer>: domain_dict construction failed, falling back to empty domains: 'DynamicObstacle' object has no attribute 'get_lane'",False,1.051900863647461
R_G1,DEU_LocationALower-36_61_T-1,9,dpll,True,True,True,18,finite_positive,{'R_G1': 18},{'R_G1': 'finite_positive'},1,,,,False,0.9947543144226074
R_G1,DEU_LocationALower-36_61_T-1,9,domain_dpll,True,True,True,18,finite_positive,{'R_G1': 18},{'R_G1': 'finite_positive'},1,,,"* 	<VPRepairer>: domain_dict construction failed, falling back to empty domains: 'DynamicObstacle' object has no attribute 'get_lane'",False,1.0167231559753418
R_G1,DEU_LocationALower-37_1_T-1,11,dpll,True,True,True,8,finite_positive,{'R_G1': 8},{'R_G1': 'finite_positive'},1,,,,False,1.1082978248596191
R_G1,DEU_LocationALower-37_1_T-1,11,domain_dpll,True,True,True,8,finite_positive,{'R_G1': 8},{'R_G1': 'finite_positive'},1,,,"* 	<VPRepairer>: domain_dict construction failed, falling back to empty domains: 'DynamicObstacle' object has no attribute 'get_lane'",False,1.0751080513000488
R_G1,DEU_LocationALower-37_205_T-1,15,dpll,True,True,True,15,finite_positive,{'R_G1': 15},{'R_G1': 'finite_positive'},1,,,,False,1.0261549949645996
R_G1,DEU_LocationALower-37_205_T-1,15,domain_dpll,True,True,True,15,finite_positive,{'R_G1': 15},{'R_G1': 'finite_positive'},1,,,"* 	<VPRepairer>: domain_dict construction failed, falling back to empty domains: 'DynamicObstacle' object has no attribute 'get_lane'",False,1.044471025466919
R_G1,DEU_LocationALower-37_231_T-1,23,dpll,True,True,True,5,finite_positive,{'R_G1': 5},{'R_G1': 'finite_positive'},1,,,,False,1.2448551654815674
R_G1,DEU_LocationALower-37_231_T-1,23,domain_dpll,True,True,True,5,finite_positive,{'R_G1': 5},{'R_G1': 'finite_positive'},1,,,"* 	<VPRepairer>: domain_dict construction failed, falling back to empty domains: 'DynamicObstacle' object has no attribute 'get_lane'",False,1.2166223526000977
R_G1,DEU_LocationALower-37_240_T-1,8,dpll,True,True,True,3,finite_positive,{'R_G1': 3},{'R_G1': 'finite_positive'},1,,,,False,0.973583459854126
R_G1,DEU_LocationALower-37_240_T-1,8,domain_dpll,True,True,True,3,finite_positive,{'R_G1': 3},{'R_G1': 'finite_positive'},1,,,"* 	<VPRepairer>: domain_dict construction failed, falling back to empty domains: 'DynamicObstacle' object has no attribute 'get_lane'",False,1.017845869064331
R_G1,DEU_LocationALower-11_102_T-1,16,dpll,True,True,True,20,finite_positive,{'R_G1': 20},{'R_G1': 'finite_positive'},1,,,,False,1.0365979671478271
R_G1,DEU_LocationALower-11_102_T-1,16,domain_dpll,True,True,True,20,finite_positive,{'R_G1': 20},{'R_G1': 'finite_positive'},1,,,"* 	<VPRepairer>: domain_dict construction failed, falling back to empty domains: 'DynamicObstacle' object has no attribute 'get_lane'",False,1.0329768657684326
R_G1,DEU_LocationALower-12_167_T-1,12,dpll,True,True,True,1,finite_positive,{'R_G1': 1},{'R_G1': 'finite_positive'},2,,,* 	<VPRepairer>: VP repair failed for current SAT model: Infeasible lane constraint at time step 1 with prop in_same_lane__0_1.,False,1.1004021167755127
R_G1,DEU_LocationALower-12_167_T-1,12,domain_dpll,True,True,True,1,finite_positive,{'R_G1': 1},{'R_G1': 'finite_positive'},2,,,"* 	<VPRepairer>: domain_dict construction failed, falling back to empty domains: 'DynamicObstacle' object has no attribute 'get_lane' | * 	<VPRepairer>: VP repair failed for current SAT model: Infeasible lane constraint at time step 19 with prop in_same_lane__0_1.",False,1.1377544403076172
R_G1,DEU_LocationALower-13_82_T-1,17,dpll,True,True,True,1,finite_positive,{'R_G1': 1},{'R_G1': 'finite_positive'},2,,,* 	<VPRepairer>: VP repair failed for current SAT model: Infeasible lane constraint at time step 18 with prop in_same_lane__0_1.,False,1.522629737854004
R_G1,DEU_LocationALower-13_82_T-1,17,domain_dpll,True,True,True,20,finite_positive,{'R_G1': 20},{'R_G1': 'finite_positive'},1,,,"* 	<VPRepairer>: domain_dict construction failed, falling back to empty domains: 'DynamicObstacle' object has no attribute 'get_lane'",False,1.2360420227050781
R_G1,DEU_LocationALower-14_96_T-1,15,dpll,True,True,True,20,finite_positive,{'R_G1': 20},{'R_G1': 'finite_positive'},1,,,,False,1.1046533584594727
R_G1,DEU_LocationALower-14_96_T-1,15,domain_dpll,True,True,True,20,finite_positive,{'R_G1': 20},{'R_G1': 'finite_positive'},1,,,"* 	<VPRepairer>: domain_dict construction failed, falling back to empty domains: 'DynamicObstacle' object has no attribute 'get_lane'",False,1.0720467567443848
R_G1,DEU_LocationALower-27_184_T-1,13,dpll,True,True,True,20,finite_positive,{'R_G1': 20},{'R_G1': 'finite_positive'},1,,,,False,1.0896177291870117
R_G1,DEU_LocationALower-27_184_T-1,13,domain_dpll,True,True,True,20,finite_positive,{'R_G1': 20},{'R_G1': 'finite_positive'},1,,,"* 	<VPRepairer>: domain_dict construction failed, falling back to empty domains: 'DynamicObstacle' object has no attribute 'get_lane'",False,1.1076297760009766
R_G1,DEU_LocationALower-31_258_T-1,12,dpll,True,True,True,5,finite_positive,{'R_G1': 5},{'R_G1': 'finite_positive'},1,,,,False,1.1265573501586914
R_G1,DEU_LocationALower-31_258_T-1,12,domain_dpll,True,True,True,5,finite_positive,{'R_G1': 5},{'R_G1': 'finite_positive'},1,,,"* 	<VPRepairer>: domain_dict construction failed, falling back to empty domains: 'DynamicObstacle' object has no attribute 'get_lane'",False,1.1011717319488525
R_G1,DEU_LocationALower-35_34_T-1,19,dpll,True,True,True,1,finite_positive,{'R_G1': 1},{'R_G1': 'finite_positive'},1,,,,False,1.134303092956543
R_G1,DEU_LocationALower-35_34_T-1,19,domain_dpll,True,True,True,1,finite_positive,{'R_G1': 1},{'R_G1': 'finite_positive'},1,,,"* 	<VPRepairer>: domain_dict construction failed, falling back to empty domains: 'DynamicObstacle' object has no attribute 'get_lane'",False,1.1808600425720215
R_G1,DEU_LocationALower-37_235_T-1,8,dpll,True,True,True,2,finite_positive,{'R_G1': 2},{'R_G1': 'finite_positive'},2,,,* 	<VPRepairer>: VP repair failed for current SAT model: Infeasible lane constraint at time step 1 with prop in_same_lane__0_1.,False,0.9635186195373535
R_G1,DEU_LocationALower-37_235_T-1,8,domain_dpll,True,True,True,2,finite_positive,{'R_G1': 2},{'R_G1': 'finite_positive'},2,,,"* 	<VPRepairer>: domain_dict construction failed, falling back to empty domains: 'DynamicObstacle' object has no attribute 'get_lane' | * 	<VPRepairer>: VP repair failed for current SAT model: Infeasible lane constraint at time step 1 with prop in_same_lane__0_1.",False,0.9427158832550049
R_G1,DEU_LocationALower-37_4_T-1,22,dpll,True,True,False,-inf,-inf,{'R_G1': -inf},{'R_G1': '-inf'},0,,repair returned None,,False,1.1988461017608643
R_G1,DEU_LocationALower-37_4_T-1,22,domain_dpll,True,True,True,20,finite_positive,{'R_G1': 20},{'R_G1': 'finite_positive'},1,,,"* 	<VPRepairer>: domain_dict construction failed, falling back to empty domains: 'DynamicObstacle' object has no attribute 'get_lane'",False,1.2001824378967285
R_G1,DEU_LocationALower-36_263_T-1,15,dpll,True,True,True,6,finite_positive,{'R_G1': 6},{'R_G1': 'finite_positive'},1,,,,False,1.1296522617340088
R_G1,DEU_LocationALower-36_263_T-1,15,domain_dpll,True,True,True,6,finite_positive,{'R_G1': 6},{'R_G1': 'finite_positive'},1,,,"* 	<VPRepairer>: domain_dict construction failed, falling back to empty domains: 'DynamicObstacle' object has no attribute 'get_lane'",False,1.5413382053375244
R_G1,DEU_LocationALower-30_258_T-1,22,dpll,True,True,True,10,finite_positive,{'R_G1': 10},{'R_G1': 'finite_positive'},1,,,,False,1.171534538269043
R_G1,DEU_LocationALower-30_258_T-1,22,domain_dpll,True,True,True,10,finite_positive,{'R_G1': 10},{'R_G1': 'finite_positive'},1,,,"* 	<VPRepairer>: domain_dict construction failed, falling back to empty domains: 'DynamicObstacle' object has no attribute 'get_lane'",False,1.1363122463226318
R_G1,DEU_LocationALower-33_124_T-1,21,dpll,True,True,True,1,finite_positive,{'R_G1': 1},{'R_G1': 'finite_positive'},1,,,,False,1.2160515785217285
R_G1,DEU_LocationALower-33_124_T-1,21,domain_dpll,True,True,True,19,finite_positive,{'R_G1': 19},{'R_G1': 'finite_positive'},1,,,"* 	<VPRepairer>: domain_dict construction failed, falling back to empty domains: 'DynamicObstacle' object has no attribute 'get_lane'",False,1.2613799571990967
R_G1,DEU_LocationALower-33_128_T-1,6,dpll,True,True,True,15,finite_positive,{'R_G1': 15},{'R_G1': 'finite_positive'},1,,,,False,1.240058183670044
R_G1,DEU_LocationALower-33_128_T-1,6,domain_dpll,True,True,True,15,finite_positive,{'R_G1': 15},{'R_G1': 'finite_positive'},1,,,"* 	<VPRepairer>: domain_dict construction failed, falling back to empty domains: 'DynamicObstacle' object has no attribute 'get_lane'",False,1.2290465831756592
R_G1,DEU_LocationALower-33_183_T-1,25,dpll,True,True,True,6,finite_positive,{'R_G1': 6},{'R_G1': 'finite_positive'},1,,,,False,1.2823150157928467
R_G1,DEU_LocationALower-33_183_T-1,25,domain_dpll,True,True,True,6,finite_positive,{'R_G1': 6},{'R_G1': 'finite_positive'},1,,,"* 	<VPRepairer>: domain_dict construction failed, falling back to empty domains: 'DynamicObstacle' object has no attribute 'get_lane'",False,1.2721855640411377
R_G1,DEU_LocationALower-13_168_T-1,12,dpll,True,True,False,15,finite_positive,{'R_G1': 15},{'R_G1': 'finite_positive'},4,,repair returned None,* 	<VPRepairer>: VP repair failed for current SAT model: LP failed: The problem is infeasible. (HiGHS Status 8: model_status is Infeasible; primal_status is None) | * 	<VPRepairer>: VP repair failed for current SAT model: LP failed: The problem is infeasible. (HiGHS Status 8: model_status is Infeasible; primal_status is None) | * 	<VPRepairer>: VP repair failed for current SAT model: LP failed: The problem is infeasible. (HiGHS Status 8: model_status is Infeasible; primal_status is None) | * 	<VPRepairer>: VP repair failed for current SAT model: LP failed: The problem is infeasible. (HiGHS Status 8: model_status is Infeasible; primal_status is None) | *******   Repairing Failed ಠ_ಠ with 5 iteration(s)  *******,True,1.0917372703552246
R_G1,DEU_LocationALower-13_168_T-1,12,domain_dpll,True,True,False,15,finite_positive,{'R_G1': 15},{'R_G1': 'finite_positive'},4,,repair returned None,"* 	<VPRepairer>: domain_dict construction failed, falling back to empty domains: 'DynamicObstacle' object has no attribute 'get_lane' | * 	<VPRepairer>: VP repair failed for current SAT model: LP failed: The problem is infeasible. (HiGHS Status 8: model_status is Infeasible; primal_status is None) | * 	<VPRepairer>: VP repair failed for current SAT model: LP failed: The problem is infeasible. (HiGHS Status 8: model_status is Infeasible; primal_status is None) | * 	<VPRepairer>: VP repair failed for current SAT model: LP failed: The problem is infeasible. (HiGHS Status 8: model_status is Infeasible; primal_status is None) | * 	<VPRepairer>: VP repair failed for current SAT model: LP failed: The problem is infeasible. (HiGHS Status 8: model_status is Infeasible; primal_status is None) | *******   Repairing Failed ಠ_ಠ with 5 iteration(s)  *******",True,1.1047675609588623
R_G1,DEU_LocationALower-28_204_T-1,12,dpll,True,True,True,3,finite_positive,{'R_G1': 3},{'R_G1': 'finite_positive'},1,,,,False,1.0830671787261963
R_G1,DEU_LocationALower-28_204_T-1,12,domain_dpll,True,True,True,3,finite_positive,{'R_G1': 3},{'R_G1': 'finite_positive'},2,,,"* 	<VPRepairer>: domain_dict construction failed, falling back to empty domains: 'DynamicObstacle' object has no attribute 'get_lane' | * 	<VPRepairer>: VP repair failed for current SAT model: Infeasible lane constraint at time step 1 with prop in_same_lane__0_1.",False,1.4594037532806396
R_G1,DEU_LocationALower-33_120_T-1,9,dpll,True,True,True,2,finite_positive,{'R_G1': 2},{'R_G1': 'finite_positive'},1,,,,False,1.0886037349700928
R_G1,DEU_LocationALower-33_120_T-1,9,domain_dpll,True,True,True,2,finite_positive,{'R_G1': 2},{'R_G1': 'finite_positive'},1,,,"* 	<VPRepairer>: domain_dict construction failed, falling back to empty domains: 'DynamicObstacle' object has no attribute 'get_lane'",False,1.0924708843231201
R_G1,DEU_LocationALower-33_46_T-1,17,dpll,True,True,True,2,finite_positive,{'R_G1': 2},{'R_G1': 'finite_positive'},2,,,* 	<VPRepairer>: VP repair failed for current SAT model: Infeasible lane constraint at time step 1 with prop in_same_lane__0_1.,False,1.097583532333374
R_G1,DEU_LocationALower-33_46_T-1,17,domain_dpll,True,True,True,2,finite_positive,{'R_G1': 2},{'R_G1': 'finite_positive'},1,,,"* 	<VPRepairer>: domain_dict construction failed, falling back to empty domains: 'DynamicObstacle' object has no attribute 'get_lane'",False,1.090592861175537
R_G1,DEU_LocationALower-35_126_T-1,20,dpll,True,True,True,3,finite_positive,{'R_G1': 3},{'R_G1': 'finite_positive'},1,,,,False,1.214278221130371
R_G1,DEU_LocationALower-35_126_T-1,20,domain_dpll,True,True,True,3,finite_positive,{'R_G1': 3},{'R_G1': 'finite_positive'},1,,,"* 	<VPRepairer>: domain_dict construction failed, falling back to empty domains: 'DynamicObstacle' object has no attribute 'get_lane'",False,1.1815104484558105
R_G1,DEU_LocationALower-36_199_T-1,19,dpll,True,True,True,2,finite_positive,{'R_G1': 2},{'R_G1': 'finite_positive'},1,,,,False,1.1292831897735596
R_G1,DEU_LocationALower-36_199_T-1,19,domain_dpll,True,True,True,2,finite_positive,{'R_G1': 2},{'R_G1': 'finite_positive'},1,,,"* 	<VPRepairer>: domain_dict construction failed, falling back to empty domains: 'DynamicObstacle' object has no attribute 'get_lane'",False,1.12880277633667
R_G1,DEU_LocationALower-37_121_T-1,16,dpll,True,True,True,5,finite_positive,{'R_G1': 5},{'R_G1': 'finite_positive'},1,,,,False,1.1598708629608154
R_G1,DEU_LocationALower-37_121_T-1,16,domain_dpll,True,True,True,5,finite_positive,{'R_G1': 5},{'R_G1': 'finite_positive'},1,,,"* 	<VPRepairer>: domain_dict construction failed, falling back to empty domains: 'DynamicObstacle' object has no attribute 'get_lane'",False,1.1081507205963135
R_G3,DEU_LocationALower-11_102_T-1,16,dpll,True,True,True,9,finite_positive,{'R_G3': 9},{'R_G3': 'finite_positive'},1,,,,False,0.9310095310211182
R_G3,DEU_LocationALower-11_102_T-1,16,domain_dpll,True,True,True,9,finite_positive,{'R_G3': 9},{'R_G3': 'finite_positive'},1,,,"* 	<VPRepairer>: domain_dict construction failed, falling back to empty domains: 'DynamicObstacle' object has no attribute 'get_lane'",False,0.9392049312591553
R_G3,DEU_LocationALower-11_110_T-1,16,dpll,True,True,True,2,finite_positive,{'R_G3': 2},{'R_G3': 'finite_positive'},1,,,,False,1.0322659015655518
R_G3,DEU_LocationALower-11_110_T-1,16,domain_dpll,True,True,True,2,finite_positive,{'R_G3': 2},{'R_G3': 'finite_positive'},1,,,"* 	<VPRepairer>: domain_dict construction failed, falling back to empty domains: 'DynamicObstacle' object has no attribute 'get_lane'",False,1.0251598358154297
R_G3,DEU_LocationALower-11_131_T-1,18,dpll,True,True,True,19,finite_positive,{'R_G3': 19},{'R_G3': 'finite_positive'},1,,,,False,0.9987692832946777
R_G3,DEU_LocationALower-11_131_T-1,18,domain_dpll,True,True,True,19,finite_positive,{'R_G3': 19},{'R_G3': 'finite_positive'},1,,,"* 	<VPRepairer>: domain_dict construction failed, falling back to empty domains: 'DynamicObstacle' object has no attribute 'get_lane'",False,1.3986380100250244
R_G3,DEU_LocationALower-11_4_T-1,18,dpll,True,True,True,1,finite_positive,{'R_G3': 1},{'R_G3': 'finite_positive'},1,,,,False,1.0181992053985596
R_G3,DEU_LocationALower-11_4_T-1,18,domain_dpll,True,True,True,1,finite_positive,{'R_G3': 1},{'R_G3': 'finite_positive'},1,,,"* 	<VPRepairer>: domain_dict construction failed, falling back to empty domains: 'DynamicObstacle' object has no attribute 'get_lane'",False,0.996535062789917
R_G3,DEU_LocationALower-11_43_T-1,17,dpll,True,True,True,8,finite_positive,{'R_G3': 8},{'R_G3': 'finite_positive'},1,,,,False,1.0153899192810059
R_G3,DEU_LocationALower-11_43_T-1,17,domain_dpll,True,True,True,8,finite_positive,{'R_G3': 8},{'R_G3': 'finite_positive'},1,,,"* 	<VPRepairer>: domain_dict construction failed, falling back to empty domains: 'DynamicObstacle' object has no attribute 'get_lane'",False,1.0440723896026611
R_G3,DEU_LocationALower-11_56_T-1,15,dpll,True,True,True,1,finite_positive,{'R_G3': 1},{'R_G3': 'finite_positive'},1,,,,False,1.001833200454712
R_G3,DEU_LocationALower-11_56_T-1,15,domain_dpll,True,True,True,1,finite_positive,{'R_G3': 1},{'R_G3': 'finite_positive'},1,,,"* 	<VPRepairer>: domain_dict construction failed, falling back to empty domains: 'DynamicObstacle' object has no attribute 'get_lane'",False,0.9546561241149902
R_G3,DEU_LocationALower-11_64_T-1,18,dpll,True,True,True,15,finite_positive,{'R_G3': 15},{'R_G3': 'finite_positive'},1,,,,False,0.9743618965148926
R_G3,DEU_LocationALower-11_64_T-1,18,domain_dpll,True,True,True,15,finite_positive,{'R_G3': 15},{'R_G3': 'finite_positive'},1,,,"* 	<VPRepairer>: domain_dict construction failed, falling back to empty domains: 'DynamicObstacle' object has no attribute 'get_lane'",False,1.0114154815673828
R_G3,DEU_LocationALower-12_109_T-1,20,dpll,True,True,True,8,finite_positive,{'R_G3': 8},{'R_G3': 'finite_positive'},1,,,,False,1.0178885459899902
R_G3,DEU_LocationALower-12_109_T-1,20,domain_dpll,True,True,True,8,finite_positive,{'R_G3': 8},{'R_G3': 'finite_positive'},1,,,"* 	<VPRepairer>: domain_dict construction failed, falling back to empty domains: 'DynamicObstacle' object has no attribute 'get_lane'",False,0.9773609638214111
R_G3,DEU_LocationALower-12_167_T-1,12,dpll,True,True,True,11,finite_positive,{'R_G3': 11},{'R_G3': 'finite_positive'},1,,,,False,1.006181001663208
R_G3,DEU_LocationALower-12_167_T-1,12,domain_dpll,True,True,True,11,finite_positive,{'R_G3': 11},{'R_G3': 'finite_positive'},1,,,"* 	<VPRepairer>: domain_dict construction failed, falling back to empty domains: 'DynamicObstacle' object has no attribute 'get_lane'",False,1.0082554817199707
R_G3,DEU_LocationALower-12_217_T-1,14,dpll,True,True,True,6,finite_positive,{'R_G3': 6},{'R_G3': 'finite_positive'},1,,,,False,1.0544681549072266
R_G3,DEU_LocationALower-12_217_T-1,14,domain_dpll,True,True,True,6,finite_positive,{'R_G3': 6},{'R_G3': 'finite_positive'},1,,,"* 	<VPRepairer>: domain_dict construction failed, falling back to empty domains: 'DynamicObstacle' object has no attribute 'get_lane'",False,1.0419318675994873
R_G3,DEU_LocationALower-12_52_T-1,26,dpll,True,True,True,14,finite_positive,{'R_G3': 14},{'R_G3': 'finite_positive'},1,,,,False,1.031987190246582
R_G3,DEU_LocationALower-12_52_T-1,26,domain_dpll,True,True,True,14,finite_positive,{'R_G3': 14},{'R_G3': 'finite_positive'},1,,,"* 	<VPRepairer>: domain_dict construction failed, falling back to empty domains: 'DynamicObstacle' object has no attribute 'get_lane'",False,1.0239381790161133
R_G3,DEU_LocationALower-13_162_T-1,21,dpll,True,True,True,10,finite_positive,{'R_G3': 10},{'R_G3': 'finite_positive'},1,,,,False,0.9713413715362549
R_G3,DEU_LocationALower-13_162_T-1,21,domain_dpll,True,True,True,10,finite_positive,{'R_G3': 10},{'R_G3': 'finite_positive'},1,,,"* 	<VPRepairer>: domain_dict construction failed, falling back to empty domains: 'DynamicObstacle' object has no attribute 'get_lane'",False,0.9735286235809326
R_G3,DEU_LocationALower-13_167_T-1,17,dpll,True,True,True,2,finite_positive,{'R_G3': 2},{'R_G3': 'finite_positive'},1,,,,False,1.3329999446868896
R_G3,DEU_LocationALower-13_167_T-1,17,domain_dpll,True,True,True,2,finite_positive,{'R_G3': 2},{'R_G3': 'finite_positive'},1,,,"* 	<VPRepairer>: domain_dict construction failed, falling back to empty domains: 'DynamicObstacle' object has no attribute 'get_lane'",False,1.0342674255371094
R_G3,DEU_LocationALower-13_168_T-1,12,dpll,True,True,True,6,finite_positive,{'R_G3': 6},{'R_G3': 'finite_positive'},1,,,,False,0.9945974349975586
R_G3,DEU_LocationALower-13_168_T-1,12,domain_dpll,True,True,True,6,finite_positive,{'R_G3': 6},{'R_G3': 'finite_positive'},1,,,"* 	<VPRepairer>: domain_dict construction failed, falling back to empty domains: 'DynamicObstacle' object has no attribute 'get_lane'",False,0.9953691959381104
R_G3,DEU_LocationALower-13_214_T-1,21,dpll,True,True,True,14,finite_positive,{'R_G3': 14},{'R_G3': 'finite_positive'},1,,,,False,0.9998550415039062
R_G3,DEU_LocationALower-13_214_T-1,21,domain_dpll,True,True,True,14,finite_positive,{'R_G3': 14},{'R_G3': 'finite_positive'},1,,,"* 	<VPRepairer>: domain_dict construction failed, falling back to empty domains: 'DynamicObstacle' object has no attribute 'get_lane'",False,1.0019266605377197
R_G3,DEU_LocationALower-13_239_T-1,18,dpll,True,True,True,12,finite_positive,{'R_G3': 12},{'R_G3': 'finite_positive'},1,,,,False,0.9843876361846924
R_G3,DEU_LocationALower-13_239_T-1,18,domain_dpll,True,True,True,12,finite_positive,{'R_G3': 12},{'R_G3': 'finite_positive'},1,,,"* 	<VPRepairer>: domain_dict construction failed, falling back to empty domains: 'DynamicObstacle' object has no attribute 'get_lane'",False,0.9975504875183105
R_G3,DEU_LocationALower-13_241_T-1,20,dpll,True,True,True,20,finite_positive,{'R_G3': 20},{'R_G3': 'finite_positive'},1,,,,False,1.0108261108398438
R_G3,DEU_LocationALower-13_241_T-1,20,domain_dpll,True,True,True,20,finite_positive,{'R_G3': 20},{'R_G3': 'finite_positive'},1,,,"* 	<VPRepairer>: domain_dict construction failed, falling back to empty domains: 'DynamicObstacle' object has no attribute 'get_lane'",False,1.0058109760284424
R_G3,DEU_LocationALower-13_247_T-1,15,dpll,True,True,True,6,finite_positive,{'R_G3': 6},{'R_G3': 'finite_positive'},1,,,,False,0.9961678981781006
R_G3,DEU_LocationALower-13_247_T-1,15,domain_dpll,True,True,True,6,finite_positive,{'R_G3': 6},{'R_G3': 'finite_positive'},1,,,"* 	<VPRepairer>: domain_dict construction failed, falling back to empty domains: 'DynamicObstacle' object has no attribute 'get_lane'",False,0.9998772144317627
R_G3,DEU_LocationALower-13_29_T-1,18,dpll,True,True,True,15,finite_positive,{'R_G3': 15},{'R_G3': 'finite_positive'},1,,,,False,1.0075719356536865
R_G3,DEU_LocationALower-13_29_T-1,18,domain_dpll,True,True,True,15,finite_positive,{'R_G3': 15},{'R_G3': 'finite_positive'},1,,,"* 	<VPRepairer>: domain_dict construction failed, falling back to empty domains: 'DynamicObstacle' object has no attribute 'get_lane'",False,1.0359065532684326
R_G3,DEU_LocationALower-13_56_T-1,10,dpll,True,True,True,1,finite_positive,{'R_G3': 1},{'R_G3': 'finite_positive'},1,,,,False,1.0487074851989746
R_G3,DEU_LocationALower-13_56_T-1,10,domain_dpll,True,True,True,1,finite_positive,{'R_G3': 1},{'R_G3': 'finite_positive'},1,,,"* 	<VPRepairer>: domain_dict construction failed, falling back to empty domains: 'DynamicObstacle' object has no attribute 'get_lane'",False,1.036311388015747
R_G3,DEU_LocationALower-13_82_T-1,17,dpll,True,True,True,13,finite_positive,{'R_G3': 13},{'R_G3': 'finite_positive'},1,,,,False,1.0096874237060547
R_G3,DEU_LocationALower-13_82_T-1,17,domain_dpll,True,True,True,13,finite_positive,{'R_G3': 13},{'R_G3': 'finite_positive'},1,,,"* 	<VPRepairer>: domain_dict construction failed, falling back to empty domains: 'DynamicObstacle' object has no attribute 'get_lane'",False,1.026829719543457
R_G3,DEU_LocationALower-14_14_T-1,13,dpll,True,True,True,1,finite_positive,{'R_G3': 1},{'R_G3': 'finite_positive'},1,,,,False,1.0561678409576416
R_G3,DEU_LocationALower-14_14_T-1,13,domain_dpll,True,True,True,1,finite_positive,{'R_G3': 1},{'R_G3': 'finite_positive'},1,,,"* 	<VPRepairer>: domain_dict construction failed, falling back to empty domains: 'DynamicObstacle' object has no attribute 'get_lane'",False,1.044248342514038
R_G3,DEU_LocationALower-14_161_T-1,21,dpll,True,True,True,6,finite_positive,{'R_G3': 6},{'R_G3': 'finite_positive'},1,,,,False,1.396540641784668
R_G3,DEU_LocationALower-14_161_T-1,21,domain_dpll,True,True,True,6,finite_positive,{'R_G3': 6},{'R_G3': 'finite_positive'},1,,,"* 	<VPRepairer>: domain_dict construction failed, falling back to empty domains: 'DynamicObstacle' object has no attribute 'get_lane'",False,1.0531859397888184
R_G3,DEU_LocationALower-14_219_T-1,12,dpll,True,True,True,9,finite_positive,{'R_G3': 9},{'R_G3': 'finite_positive'},1,,,,False,1.0358288288116455
R_G3,DEU_LocationALower-14_219_T-1,12,domain_dpll,True,True,True,9,finite_positive,{'R_G3': 9},{'R_G3': 'finite_positive'},1,,,"* 	<VPRepairer>: domain_dict construction failed, falling back to empty domains: 'DynamicObstacle' object has no attribute 'get_lane'",False,1.0244901180267334
R_G3,DEU_LocationALower-14_247_T-1,16,dpll,True,True,True,19,finite_positive,{'R_G3': 19},{'R_G3': 'finite_positive'},1,,,,False,1.0132904052734375
R_G3,DEU_LocationALower-14_247_T-1,16,domain_dpll,True,True,True,19,finite_positive,{'R_G3': 19},{'R_G3': 'finite_positive'},1,,,"* 	<VPRepairer>: domain_dict construction failed, falling back to empty domains: 'DynamicObstacle' object has no attribute 'get_lane'",False,1.019446611404419
R_G3,DEU_LocationALower-14_252_T-1,12,dpll,True,True,True,9,finite_positive,{'R_G3': 9},{'R_G3': 'finite_positive'},1,,,,False,1.042154312133789
R_G3,DEU_LocationALower-14_252_T-1,12,domain_dpll,True,True,True,9,finite_positive,{'R_G3': 9},{'R_G3': 'finite_positive'},1,,,"* 	<VPRepairer>: domain_dict construction failed, falling back to empty domains: 'DynamicObstacle' object has no attribute 'get_lane'",False,1.0935442447662354
R_G3,DEU_LocationALower-14_255_T-1,11,dpll,True,True,True,3,finite_positive,{'R_G3': 3},{'R_G3': 'finite_positive'},1,,,,False,1.0405220985412598
R_G3,DEU_LocationALower-14_255_T-1,11,domain_dpll,True,True,True,3,finite_positive,{'R_G3': 3},{'R_G3': 'finite_positive'},1,,,"* 	<VPRepairer>: domain_dict construction failed, falling back to empty domains: 'DynamicObstacle' object has no attribute 'get_lane'",False,1.0460050106048584
R_G3,DEU_LocationALower-14_39_T-1,15,dpll,True,True,True,9,finite_positive,{'R_G3': 9},{'R_G3': 'finite_positive'},1,,,,False,1.0912127494812012
R_G3,DEU_LocationALower-14_39_T-1,15,domain_dpll,True,True,True,9,finite_positive,{'R_G3': 9},{'R_G3': 'finite_positive'},1,,,"* 	<VPRepairer>: domain_dict construction failed, falling back to empty domains: 'DynamicObstacle' object has no attribute 'get_lane'",False,1.0989031791687012
R_G3,DEU_LocationALower-14_96_T-1,15,dpll,True,True,True,16,finite_positive,{'R_G3': 16},{'R_G3': 'finite_positive'},1,,,,False,1.0362918376922607
R_G3,DEU_LocationALower-14_96_T-1,15,domain_dpll,True,True,True,16,finite_positive,{'R_G3': 16},{'R_G3': 'finite_positive'},1,,,"* 	<VPRepairer>: domain_dict construction failed, falling back to empty domains: 'DynamicObstacle' object has no attribute 'get_lane'",False,1.0399632453918457
R_G3,DEU_LocationALower-25_155_T-1,15,dpll,True,True,True,8,finite_positive,{'R_G3': 8},{'R_G3': 'finite_positive'},1,,,,False,1.0688247680664062
R_G3,DEU_LocationALower-25_155_T-1,15,domain_dpll,True,True,True,8,finite_positive,{'R_G3': 8},{'R_G3': 'finite_positive'},1,,,"* 	<VPRepairer>: domain_dict construction failed, falling back to empty domains: 'DynamicObstacle' object has no attribute 'get_lane'",False,1.077500343322754
R_G3,DEU_LocationALower-27_140_T-1,14,dpll,True,True,True,13,finite_positive,{'R_G3': 13},{'R_G3': 'finite_positive'},1,,,,False,1.0731539726257324
R_G3,DEU_LocationALower-27_140_T-1,14,domain_dpll,True,True,True,13,finite_positive,{'R_G3': 13},{'R_G3': 'finite_positive'},1,,,"* 	<VPRepairer>: domain_dict construction failed, falling back to empty domains: 'DynamicObstacle' object has no attribute 'get_lane'",False,1.047501802444458
R_G3,DEU_LocationALower-27_184_T-1,13,dpll,True,True,True,16,finite_positive,{'R_G3': 16},{'R_G3': 'finite_positive'},1,,,,False,1.0697708129882812
R_G3,DEU_LocationALower-27_184_T-1,13,domain_dpll,True,True,True,16,finite_positive,{'R_G3': 16},{'R_G3': 'finite_positive'},1,,,"* 	<VPRepairer>: domain_dict construction failed, falling back to empty domains: 'DynamicObstacle' object has no attribute 'get_lane'",False,1.519751787185669
R_G3,DEU_LocationALower-28_109_T-1,13,dpll,True,True,True,4,finite_positive,{'R_G3': 4},{'R_G3': 'finite_positive'},1,,,,False,1.0753614902496338
R_G3,DEU_LocationALower-28_109_T-1,13,domain_dpll,True,True,True,4,finite_positive,{'R_G3': 4},{'R_G3': 'finite_positive'},1,,,"* 	<VPRepairer>: domain_dict construction failed, falling back to empty domains: 'DynamicObstacle' object has no attribute 'get_lane'",False,1.08982253074646
R_G3,DEU_LocationALower-28_109_T-1,18,dpll,True,True,True,8,finite_positive,{'R_G3': 8},{'R_G3': 'finite_positive'},1,,,,False,1.104959487915039
R_G3,DEU_LocationALower-28_109_T-1,18,domain_dpll,True,True,True,8,finite_positive,{'R_G3': 8},{'R_G3': 'finite_positive'},1,,,"* 	<VPRepairer>: domain_dict construction failed, falling back to empty domains: 'DynamicObstacle' object has no attribute 'get_lane'",False,1.1008052825927734
R_G3,DEU_LocationALower-28_204_T-1,12,dpll,True,True,True,18,finite_positive,{'R_G3': 18},{'R_G3': 'finite_positive'},1,,,,False,1.0968806743621826
R_G3,DEU_LocationALower-28_204_T-1,12,domain_dpll,True,True,True,18,finite_positive,{'R_G3': 18},{'R_G3': 'finite_positive'},1,,,"* 	<VPRepairer>: domain_dict construction failed, falling back to empty domains: 'DynamicObstacle' object has no attribute 'get_lane'",False,1.1298787593841553
R_G3,DEU_LocationALower-28_228_T-1,11,dpll,True,True,True,16,finite_positive,{'R_G3': 16},{'R_G3': 'finite_positive'},1,,,,False,1.1333601474761963
R_G3,DEU_LocationALower-28_228_T-1,11,domain_dpll,True,True,True,16,finite_positive,{'R_G3': 16},{'R_G3': 'finite_positive'},1,,,"* 	<VPRepairer>: domain_dict construction failed, falling back to empty domains: 'DynamicObstacle' object has no attribute 'get_lane'",False,1.1023406982421875
R_G3,DEU_LocationALower-28_252_T-1,12,dpll,True,True,True,3,finite_positive,{'R_G3': 3},{'R_G3': 'finite_positive'},1,,,,False,1.0643067359924316
R_G3,DEU_LocationALower-28_252_T-1,12,domain_dpll,True,True,True,3,finite_positive,{'R_G3': 3},{'R_G3': 'finite_positive'},1,,,"* 	<VPRepairer>: domain_dict construction failed, falling back to empty domains: 'DynamicObstacle' object has no attribute 'get_lane'",False,1.0878379344940186
R_G3,DEU_LocationALower-28_252_T-1,18,dpll,True,True,True,5,finite_positive,{'R_G3': 5},{'R_G3': 'finite_positive'},1,,,,False,1.1716785430908203
R_G3,DEU_LocationALower-28_252_T-1,18,domain_dpll,True,True,True,5,finite_positive,{'R_G3': 5},{'R_G3': 'finite_positive'},1,,,"* 	<VPRepairer>: domain_dict construction failed, falling back to empty domains: 'DynamicObstacle' object has no attribute 'get_lane'",False,1.128530502319336
R_G3,DEU_LocationALower-29_123_T-1,16,dpll,True,True,True,15,finite_positive,{'R_G3': 15},{'R_G3': 'finite_positive'},1,,,,False,1.0885593891143799
R_G3,DEU_LocationALower-29_123_T-1,16,domain_dpll,True,True,True,15,finite_positive,{'R_G3': 15},{'R_G3': 'finite_positive'},1,,,"* 	<VPRepairer>: domain_dict construction failed, falling back to empty domains: 'DynamicObstacle' object has no attribute 'get_lane'",False,1.1072258949279785
R_G3,DEU_LocationALower-29_134_T-1,9,dpll,True,True,True,11,finite_positive,{'R_G3': 11},{'R_G3': 'finite_positive'},1,,,,False,1.169348955154419
R_G3,DEU_LocationALower-29_134_T-1,9,domain_dpll,True,True,True,11,finite_positive,{'R_G3': 11},{'R_G3': 'finite_positive'},1,,,"* 	<VPRepairer>: domain_dict construction failed, falling back to empty domains: 'DynamicObstacle' object has no attribute 'get_lane'",False,1.1457407474517822
R_G3,DEU_LocationALower-29_192_T-1,9,dpll,True,True,True,8,finite_positive,{'R_G3': 8},{'R_G3': 'finite_positive'},1,,,,False,1.100144863128662
R_G3,DEU_LocationALower-29_192_T-1,9,domain_dpll,True,True,True,8,finite_positive,{'R_G3': 8},{'R_G3': 'finite_positive'},1,,,"* 	<VPRepairer>: domain_dict construction failed, falling back to empty domains: 'DynamicObstacle' object has no attribute 'get_lane'",False,1.1339328289031982
R_G3,DEU_LocationALower-29_245_T-1,12,dpll,True,True,True,8,finite_positive,{'R_G3': 8},{'R_G3': 'finite_positive'},1,,,,False,1.1065850257873535
R_G3,DEU_LocationALower-29_245_T-1,12,domain_dpll,True,True,True,8,finite_positive,{'R_G3': 8},{'R_G3': 'finite_positive'},1,,,"* 	<VPRepairer>: domain_dict construction failed, falling back to empty domains: 'DynamicObstacle' object has no attribute 'get_lane'",False,1.1425416469573975
R_G3,DEU_LocationALower-29_249_T-1,23,dpll,True,True,True,3,finite_positive,{'R_G3': 3},{'R_G3': 'finite_positive'},1,,,,False,1.1343908309936523
R_G3,DEU_LocationALower-29_249_T-1,23,domain_dpll,True,True,True,3,finite_positive,{'R_G3': 3},{'R_G3': 'finite_positive'},1,,,"* 	<VPRepairer>: domain_dict construction failed, falling back to empty domains: 'DynamicObstacle' object has no attribute 'get_lane'",False,1.5090298652648926
R_G3,DEU_LocationALower-29_250_T-1,12,dpll,True,True,True,14,finite_positive,{'R_G3': 14},{'R_G3': 'finite_positive'},1,,,,False,1.0818819999694824
R_G3,DEU_LocationALower-29_250_T-1,12,domain_dpll,True,True,True,14,finite_positive,{'R_G3': 14},{'R_G3': 'finite_positive'},1,,,"* 	<VPRepairer>: domain_dict construction failed, falling back to empty domains: 'DynamicObstacle' object has no attribute 'get_lane'",False,1.160262107849121
R_G3,DEU_LocationALower-29_65_T-1,8,dpll,True,True,True,2,finite_positive,{'R_G3': 2},{'R_G3': 'finite_positive'},1,,,,False,1.1364457607269287
R_G3,DEU_LocationALower-29_65_T-1,8,domain_dpll,True,True,True,2,finite_positive,{'R_G3': 2},{'R_G3': 'finite_positive'},1,,,"* 	<VPRepairer>: domain_dict construction failed, falling back to empty domains: 'DynamicObstacle' object has no attribute 'get_lane'",False,1.0906457901000977
R_G3,DEU_LocationALower-29_70_T-1,11,dpll,True,True,True,2,finite_positive,{'R_G3': 2},{'R_G3': 'finite_positive'},1,,,,False,1.147787094116211
R_G3,DEU_LocationALower-29_70_T-1,11,domain_dpll,True,True,True,2,finite_positive,{'R_G3': 2},{'R_G3': 'finite_positive'},1,,,"* 	<VPRepairer>: domain_dict construction failed, falling back to empty domains: 'DynamicObstacle' object has no attribute 'get_lane'",False,1.1829643249511719
R_G3,DEU_LocationALower-30_218_T-1,16,dpll,True,True,True,5,finite_positive,{'R_G3': 5},{'R_G3': 'finite_positive'},1,,,,False,1.1317696571350098
R_G3,DEU_LocationALower-30_218_T-1,16,domain_dpll,True,True,True,5,finite_positive,{'R_G3': 5},{'R_G3': 'finite_positive'},1,,,"* 	<VPRepairer>: domain_dict construction failed, falling back to empty domains: 'DynamicObstacle' object has no attribute 'get_lane'",False,1.104114055633545
R_G3,DEU_LocationALower-30_258_T-1,22,dpll,True,True,True,2,finite_positive,{'R_G3': 2},{'R_G3': 'finite_positive'},1,,,,False,1.1425089836120605
R_G3,DEU_LocationALower-30_258_T-1,22,domain_dpll,True,True,True,2,finite_positive,{'R_G3': 2},{'R_G3': 'finite_positive'},1,,,"* 	<VPRepairer>: domain_dict construction failed, falling back to empty domains: 'DynamicObstacle' object has no attribute 'get_lane'",False,1.1744294166564941
R_G3,DEU_LocationALower-30_46_T-1,16,dpll,True,True,True,5,finite_positive,{'R_G3': 5},{'R_G3': 'finite_positive'},1,,,,False,1.1640799045562744
R_G3,DEU_LocationALower-30_46_T-1,16,domain_dpll,True,True,True,5,finite_positive,{'R_G3': 5},{'R_G3': 'finite_positive'},1,,,"* 	<VPRepairer>: domain_dict construction failed, falling back to empty domains: 'DynamicObstacle' object has no attribute 'get_lane'",False,1.180262565612793
R_G3,DEU_LocationALower-31_154_T-1,9,dpll,True,True,True,11,finite_positive,{'R_G3': 11},{'R_G3': 'finite_positive'},1,,,,False,1.1802563667297363
R_G3,DEU_LocationALower-31_154_T-1,9,domain_dpll,True,True,True,11,finite_positive,{'R_G3': 11},{'R_G3': 'finite_positive'},1,,,"* 	<VPRepairer>: domain_dict construction failed, falling back to empty domains: 'DynamicObstacle' object has no attribute 'get_lane'",False,1.171750545501709
R_G3,DEU_LocationALower-31_239_T-1,16,dpll,True,True,True,4,finite_positive,{'R_G3': 4},{'R_G3': 'finite_positive'},1,,,,False,1.1789298057556152
R_G3,DEU_LocationALower-31_239_T-1,16,domain_dpll,True,True,True,4,finite_positive,{'R_G3': 4},{'R_G3': 'finite_positive'},1,,,"* 	<VPRepairer>: domain_dict construction failed, falling back to empty domains: 'DynamicObstacle' object has no attribute 'get_lane'",False,1.221341609954834
R_G3,DEU_LocationALower-31_24_T-1,13,dpll,True,True,True,16,finite_positive,{'R_G3': 16},{'R_G3': 'finite_positive'},1,,,,False,1.1653130054473877
R_G3,DEU_LocationALower-31_24_T-1,13,domain_dpll,True,True,True,16,finite_positive,{'R_G3': 16},{'R_G3': 'finite_positive'},1,,,"* 	<VPRepairer>: domain_dict construction failed, falling back to empty domains: 'DynamicObstacle' object has no attribute 'get_lane'",False,1.5570042133331299
R_G3,DEU_LocationALower-31_258_T-1,12,dpll,True,True,True,5,finite_positive,{'R_G3': 5},{'R_G3': 'finite_positive'},1,,,,False,1.1843609809875488
R_G3,DEU_LocationALower-31_258_T-1,12,domain_dpll,True,True,True,5,finite_positive,{'R_G3': 5},{'R_G3': 'finite_positive'},1,,,"* 	<VPRepairer>: domain_dict construction failed, falling back to empty domains: 'DynamicObstacle' object has no attribute 'get_lane'",False,1.1940054893493652
R_G3,DEU_LocationALower-31_31_T-1,15,dpll,True,True,True,3,finite_positive,{'R_G3': 3},{'R_G3': 'finite_positive'},1,,,,False,1.1922264099121094
R_G3,DEU_LocationALower-31_31_T-1,15,domain_dpll,True,True,True,3,finite_positive,{'R_G3': 3},{'R_G3': 'finite_positive'},1,,,"* 	<VPRepairer>: domain_dict construction failed, falling back to empty domains: 'DynamicObstacle' object has no attribute 'get_lane'",False,1.178342580795288
R_G3,DEU_LocationALower-31_47_T-1,13,dpll,True,True,True,10,finite_positive,{'R_G3': 10},{'R_G3': 'finite_positive'},1,,,,False,1.2068371772766113
R_G3,DEU_LocationALower-31_47_T-1,13,domain_dpll,True,True,True,10,finite_positive,{'R_G3': 10},{'R_G3': 'finite_positive'},1,,,"* 	<VPRepairer>: domain_dict construction failed, falling back to empty domains: 'DynamicObstacle' object has no attribute 'get_lane'",False,1.158911943435669
R_G3,DEU_LocationALower-32_117_T-1,17,dpll,True,True,True,9,finite_positive,{'R_G3': 9},{'R_G3': 'finite_positive'},1,,,,False,1.2195475101470947
R_G3,DEU_LocationALower-32_117_T-1,17,domain_dpll,True,True,True,9,finite_positive,{'R_G3': 9},{'R_G3': 'finite_positive'},1,,,"* 	<VPRepairer>: domain_dict construction failed, falling back to empty domains: 'DynamicObstacle' object has no attribute 'get_lane'",False,1.238858938217163
R_G3,DEU_LocationALower-32_136_T-1,16,dpll,True,True,True,16,finite_positive,{'R_G3': 16},{'R_G3': 'finite_positive'},1,,,,False,1.1921565532684326
R_G3,DEU_LocationALower-32_136_T-1,16,domain_dpll,True,True,True,16,finite_positive,{'R_G3': 16},{'R_G3': 'finite_positive'},1,,,"* 	<VPRepairer>: domain_dict construction failed, falling back to empty domains: 'DynamicObstacle' object has no attribute 'get_lane'",False,1.1960961818695068
R_G3,DEU_LocationALower-32_186_T-1,12,dpll,True,True,True,2,finite_positive,{'R_G3': 2},{'R_G3': 'finite_positive'},1,,,,False,1.1891613006591797
R_G3,DEU_LocationALower-32_186_T-1,12,domain_dpll,True,True,True,2,finite_positive,{'R_G3': 2},{'R_G3': 'finite_positive'},1,,,"* 	<VPRepairer>: domain_dict construction failed, falling back to empty domains: 'DynamicObstacle' object has no attribute 'get_lane'",False,1.2271029949188232
R_G3,DEU_LocationALower-32_70_T-1,14,dpll,True,True,True,2,finite_positive,{'R_G3': 2},{'R_G3': 'finite_positive'},1,,,,False,1.2534871101379395
R_G3,DEU_LocationALower-32_70_T-1,14,domain_dpll,True,True,True,2,finite_positive,{'R_G3': 2},{'R_G3': 'finite_positive'},1,,,"* 	<VPRepairer>: domain_dict construction failed, falling back to empty domains: 'DynamicObstacle' object has no attribute 'get_lane'",False,1.2021217346191406
R_G3,DEU_LocationALower-32_84_T-1,13,dpll,True,True,True,10,finite_positive,{'R_G3': 10},{'R_G3': 'finite_positive'},1,,,,False,1.1499974727630615
R_G3,DEU_LocationALower-32_84_T-1,13,domain_dpll,True,True,True,10,finite_positive,{'R_G3': 10},{'R_G3': 'finite_positive'},1,,,"* 	<VPRepairer>: domain_dict construction failed, falling back to empty domains: 'DynamicObstacle' object has no attribute 'get_lane'",False,1.1888618469238281
R_G3,DEU_LocationALower-33_120_T-1,9,dpll,True,True,True,16,finite_positive,{'R_G3': 16},{'R_G3': 'finite_positive'},1,,,,False,1.19669508934021
R_G3,DEU_LocationALower-33_120_T-1,9,domain_dpll,True,True,True,16,finite_positive,{'R_G3': 16},{'R_G3': 'finite_positive'},1,,,"* 	<VPRepairer>: domain_dict construction failed, falling back to empty domains: 'DynamicObstacle' object has no attribute 'get_lane'",False,1.1733510494232178
R_G3,DEU_LocationALower-33_124_T-1,21,dpll,True,True,True,9,finite_positive,{'R_G3': 9},{'R_G3': 'finite_positive'},1,,,,False,1.2767117023468018
R_G3,DEU_LocationALower-33_124_T-1,21,domain_dpll,True,True,True,9,finite_positive,{'R_G3': 9},{'R_G3': 'finite_positive'},1,,,"* 	<VPRepairer>: domain_dict construction failed, falling back to empty domains: 'DynamicObstacle' object has no attribute 'get_lane'",False,1.2854969501495361
R_G3,DEU_LocationALower-33_128_T-1,6,dpll,True,True,True,8,finite_positive,{'R_G3': 8},{'R_G3': 'finite_positive'},1,,,,False,1.224151611328125
R_G3,DEU_LocationALower-33_128_T-1,6,domain_dpll,True,True,True,8,finite_positive,{'R_G3': 8},{'R_G3': 'finite_positive'},1,,,"* 	<VPRepairer>: domain_dict construction failed, falling back to empty domains: 'DynamicObstacle' object has no attribute 'get_lane'",False,1.5693669319152832
R_G3,DEU_LocationALower-33_142_T-1,10,dpll,True,True,True,8,finite_positive,{'R_G3': 8},{'R_G3': 'finite_positive'},1,,,,False,1.1546785831451416
R_G3,DEU_LocationALower-33_142_T-1,10,domain_dpll,True,True,True,8,finite_positive,{'R_G3': 8},{'R_G3': 'finite_positive'},1,,,"* 	<VPRepairer>: domain_dict construction failed, falling back to empty domains: 'DynamicObstacle' object has no attribute 'get_lane'",False,1.1704530715942383
R_G3,DEU_LocationALower-33_16_T-1,12,dpll,True,True,True,12,finite_positive,{'R_G3': 12},{'R_G3': 'finite_positive'},1,,,,False,1.2479925155639648
R_G3,DEU_LocationALower-33_16_T-1,12,domain_dpll,True,True,True,12,finite_positive,{'R_G3': 12},{'R_G3': 'finite_positive'},1,,,"* 	<VPRepairer>: domain_dict construction failed, falling back to empty domains: 'DynamicObstacle' object has no attribute 'get_lane'",False,1.2188012599945068
R_G3,DEU_LocationALower-33_183_T-1,25,dpll,True,True,True,19,finite_positive,{'R_G3': 19},{'R_G3': 'finite_positive'},1,,,,False,1.2128448486328125
R_G3,DEU_LocationALower-33_183_T-1,25,domain_dpll,True,True,True,19,finite_positive,{'R_G3': 19},{'R_G3': 'finite_positive'},1,,,"* 	<VPRepairer>: domain_dict construction failed, falling back to empty domains: 'DynamicObstacle' object has no attribute 'get_lane'",False,1.211686134338379
R_G3,DEU_LocationALower-33_219_T-1,8,dpll,True,True,True,15,finite_positive,{'R_G3': 15},{'R_G3': 'finite_positive'},1,,,,False,1.284053087234497
R_G3,DEU_LocationALower-33_219_T-1,8,domain_dpll,True,True,True,15,finite_positive,{'R_G3': 15},{'R_G3': 'finite_positive'},1,,,"* 	<VPRepairer>: domain_dict construction failed, falling back to empty domains: 'DynamicObstacle' object has no attribute 'get_lane'",False,1.3127577304840088
R_G3,DEU_LocationALower-33_228_T-1,14,dpll,True,True,True,18,finite_positive,{'R_G3': 18},{'R_G3': 'finite_positive'},1,,,,False,1.2634820938110352
R_G3,DEU_LocationALower-33_228_T-1,14,domain_dpll,True,True,True,18,finite_positive,{'R_G3': 18},{'R_G3': 'finite_positive'},1,,,"* 	<VPRepairer>: domain_dict construction failed, falling back to empty domains: 'DynamicObstacle' object has no attribute 'get_lane'",False,1.239386796951294
R_G3,DEU_LocationALower-33_233_T-1,14,dpll,True,True,True,20,finite_positive,{'R_G3': 20},{'R_G3': 'finite_positive'},1,,,,False,1.3028440475463867
R_G3,DEU_LocationALower-33_233_T-1,14,domain_dpll,True,True,True,20,finite_positive,{'R_G3': 20},{'R_G3': 'finite_positive'},1,,,"* 	<VPRepairer>: domain_dict construction failed, falling back to empty domains: 'DynamicObstacle' object has no attribute 'get_lane'",False,1.2633464336395264
R_G3,DEU_LocationALower-33_261_T-1,13,dpll,True,True,True,13,finite_positive,{'R_G3': 13},{'R_G3': 'finite_positive'},1,,,,False,1.1951704025268555
R_G3,DEU_LocationALower-33_261_T-1,13,domain_dpll,True,True,True,13,finite_positive,{'R_G3': 13},{'R_G3': 'finite_positive'},1,,,"* 	<VPRepairer>: domain_dict construction failed, falling back to empty domains: 'DynamicObstacle' object has no attribute 'get_lane'",False,1.2046880722045898
R_G3,DEU_LocationALower-33_265_T-1,22,dpll,True,True,True,11,finite_positive,{'R_G3': 11},{'R_G3': 'finite_positive'},1,,,,False,1.2073094844818115
R_G3,DEU_LocationALower-33_265_T-1,22,domain_dpll,True,True,True,11,finite_positive,{'R_G3': 11},{'R_G3': 'finite_positive'},1,,,"* 	<VPRepairer>: domain_dict construction failed, falling back to empty domains: 'DynamicObstacle' object has no attribute 'get_lane'",False,1.2098362445831299
R_G3,DEU_LocationALower-33_46_T-1,17,dpll,True,True,True,14,finite_positive,{'R_G3': 14},{'R_G3': 'finite_positive'},1,,,,False,1.190295696258545
R_G3,DEU_LocationALower-33_46_T-1,17,domain_dpll,True,True,True,14,finite_positive,{'R_G3': 14},{'R_G3': 'finite_positive'},1,,,"* 	<VPRepairer>: domain_dict construction failed, falling back to empty domains: 'DynamicObstacle' object has no attribute 'get_lane'",False,1.5529298782348633
R_G3,DEU_LocationALower-33_96_T-1,9,dpll,True,True,True,19,finite_positive,{'R_G3': 19},{'R_G3': 'finite_positive'},1,,,,False,1.250612497329712
R_G3,DEU_LocationALower-33_96_T-1,9,domain_dpll,True,True,True,19,finite_positive,{'R_G3': 19},{'R_G3': 'finite_positive'},1,,,"* 	<VPRepairer>: domain_dict construction failed, falling back to empty domains: 'DynamicObstacle' object has no attribute 'get_lane'",False,1.248138427734375
R_G3,DEU_LocationALower-34_120_T-1,17,dpll,True,True,True,15,finite_positive,{'R_G3': 15},{'R_G3': 'finite_positive'},1,,,,False,1.1779272556304932
R_G3,DEU_LocationALower-34_120_T-1,17,domain_dpll,True,True,True,15,finite_positive,{'R_G3': 15},{'R_G3': 'finite_positive'},1,,,"* 	<VPRepairer>: domain_dict construction failed, falling back to empty domains: 'DynamicObstacle' object has no attribute 'get_lane'",False,1.2047972679138184
R_G3,DEU_LocationALower-34_146_T-1,14,dpll,True,True,True,4,finite_positive,{'R_G3': 4},{'R_G3': 'finite_positive'},1,,,,False,1.2485837936401367
R_G3,DEU_LocationALower-34_146_T-1,14,domain_dpll,True,True,True,4,finite_positive,{'R_G3': 4},{'R_G3': 'finite_positive'},1,,,"* 	<VPRepairer>: domain_dict construction failed, falling back to empty domains: 'DynamicObstacle' object has no attribute 'get_lane'",False,1.2160658836364746
R_G3,DEU_LocationALower-34_147_T-1,16,dpll,True,True,True,16,finite_positive,{'R_G3': 16},{'R_G3': 'finite_positive'},1,,,,False,1.1791012287139893
R_G3,DEU_LocationALower-34_147_T-1,16,domain_dpll,True,True,True,16,finite_positive,{'R_G3': 16},{'R_G3': 'finite_positive'},1,,,"* 	<VPRepairer>: domain_dict construction failed, falling back to empty domains: 'DynamicObstacle' object has no attribute 'get_lane'",False,1.1843695640563965
R_G3,DEU_LocationALower-34_163_T-1,15,dpll,True,True,True,10,finite_positive,{'R_G3': 10},{'R_G3': 'finite_positive'},1,,,,False,1.3031373023986816
R_G3,DEU_LocationALower-34_163_T-1,15,domain_dpll,True,True,True,10,finite_positive,{'R_G3': 10},{'R_G3': 'finite_positive'},1,,,"* 	<VPRepairer>: domain_dict construction failed, falling back to empty domains: 'DynamicObstacle' object has no attribute 'get_lane'",False,1.2394258975982666
R_G3,DEU_LocationALower-34_179_T-1,15,dpll,True,True,True,12,finite_positive,{'R_G3': 12},{'R_G3': 'finite_positive'},1,,,,False,1.2386579513549805
R_G3,DEU_LocationALower-34_179_T-1,15,domain_dpll,True,True,True,12,finite_positive,{'R_G3': 12},{'R_G3': 'finite_positive'},1,,,"* 	<VPRepairer>: domain_dict construction failed, falling back to empty domains: 'DynamicObstacle' object has no attribute 'get_lane'",False,1.2513625621795654
R_G3,DEU_LocationALower-34_37_T-1,9,dpll,True,True,True,6,finite_positive,{'R_G3': 6},{'R_G3': 'finite_positive'},1,,,,False,1.2880351543426514
R_G3,DEU_LocationALower-34_37_T-1,9,domain_dpll,True,True,True,6,finite_positive,{'R_G3': 6},{'R_G3': 'finite_positive'},1,,,"* 	<VPRepairer>: domain_dict construction failed, falling back to empty domains: 'DynamicObstacle' object has no attribute 'get_lane'",False,1.2547886371612549
R_G3,DEU_LocationALower-34_49_T-1,10,dpll,True,True,True,3,finite_positive,{'R_G3': 3},{'R_G3': 'finite_positive'},1,,,,False,1.2456309795379639
R_G3,DEU_LocationALower-34_49_T-1,10,domain_dpll,True,True,True,3,finite_positive,{'R_G3': 3},{'R_G3': 'finite_positive'},1,,,"* 	<VPRepairer>: domain_dict construction failed, falling back to empty domains: 'DynamicObstacle' object has no attribute 'get_lane'",False,1.2545592784881592
R_G3,DEU_LocationALower-34_96_T-1,14,dpll,True,True,True,9,finite_positive,{'R_G3': 9},{'R_G3': 'finite_positive'},1,,,,False,1.2716994285583496
R_G3,DEU_LocationALower-34_96_T-1,14,domain_dpll,True,True,True,9,finite_positive,{'R_G3': 9},{'R_G3': 'finite_positive'},1,,,"* 	<VPRepairer>: domain_dict construction failed, falling back to empty domains: 'DynamicObstacle' object has no attribute 'get_lane'",False,1.271418571472168
R_G3,DEU_LocationALower-35_126_T-1,20,dpll,True,True,True,2,finite_positive,{'R_G3': 2},{'R_G3': 'finite_positive'},1,,,,False,1.2437665462493896
R_G3,DEU_LocationALower-35_126_T-1,20,domain_dpll,True,True,True,2,finite_positive,{'R_G3': 2},{'R_G3': 'finite_positive'},1,,,"* 	<VPRepairer>: domain_dict construction failed, falling back to empty domains: 'DynamicObstacle' object has no attribute 'get_lane'",False,1.2416846752166748
R_G3,DEU_LocationALower-35_263_T-1,12,dpll,True,True,True,1,finite_positive,{'R_G3': 1},{'R_G3': 'finite_positive'},1,,,,False,1.2275454998016357
R_G3,DEU_LocationALower-35_263_T-1,12,domain_dpll,True,True,True,1,finite_positive,{'R_G3': 1},{'R_G3': 'finite_positive'},1,,,"* 	<VPRepairer>: domain_dict construction failed, falling back to empty domains: 'DynamicObstacle' object has no attribute 'get_lane'",False,1.7046892642974854
R_G3,DEU_LocationALower-35_34_T-1,19,dpll,True,True,True,14,finite_positive,{'R_G3': 14},{'R_G3': 'finite_positive'},1,,,,False,1.3010222911834717
R_G3,DEU_LocationALower-35_34_T-1,19,domain_dpll,True,True,True,14,finite_positive,{'R_G3': 14},{'R_G3': 'finite_positive'},1,,,"* 	<VPRepairer>: domain_dict construction failed, falling back to empty domains: 'DynamicObstacle' object has no attribute 'get_lane'",False,1.3171501159667969
R_G3,DEU_LocationALower-36_113_T-1,14,dpll,True,True,True,9,finite_positive,{'R_G3': 9},{'R_G3': 'finite_positive'},1,,,,False,1.3993237018585205
R_G3,DEU_LocationALower-36_113_T-1,14,domain_dpll,True,True,True,9,finite_positive,{'R_G3': 9},{'R_G3': 'finite_positive'},1,,,"* 	<VPRepairer>: domain_dict construction failed, falling back to empty domains: 'DynamicObstacle' object has no attribute 'get_lane'",False,1.3936803340911865
R_G3,DEU_LocationALower-36_123_T-1,15,dpll,True,True,True,19,finite_positive,{'R_G3': 19},{'R_G3': 'finite_positive'},1,,,,False,1.3443787097930908
R_G3,DEU_LocationALower-36_123_T-1,15,domain_dpll,True,True,True,19,finite_positive,{'R_G3': 19},{'R_G3': 'finite_positive'},1,,,"* 	<VPRepairer>: domain_dict construction failed, falling back to empty domains: 'DynamicObstacle' object has no attribute 'get_lane'",False,1.4112443923950195
R_G3,DEU_LocationALower-36_199_T-1,19,dpll,True,True,True,13,finite_positive,{'R_G3': 13},{'R_G3': 'finite_positive'},1,,,,False,1.4512345790863037
R_G3,DEU_LocationALower-36_199_T-1,19,domain_dpll,True,True,True,13,finite_positive,{'R_G3': 13},{'R_G3': 'finite_positive'},1,,,"* 	<VPRepairer>: domain_dict construction failed, falling back to empty domains: 'DynamicObstacle' object has no attribute 'get_lane'",False,1.2791712284088135
R_G3,DEU_LocationALower-36_208_T-1,8,dpll,True,True,True,3,finite_positive,{'R_G3': 3},{'R_G3': 'finite_positive'},1,,,,False,1.312302827835083
R_G3,DEU_LocationALower-36_208_T-1,8,domain_dpll,True,True,True,3,finite_positive,{'R_G3': 3},{'R_G3': 'finite_positive'},1,,,"* 	<VPRepairer>: domain_dict construction failed, falling back to empty domains: 'DynamicObstacle' object has no attribute 'get_lane'",False,1.2685751914978027
R_G3,DEU_LocationALower-36_236_T-1,6,dpll,True,True,True,1,finite_positive,{'R_G3': 1},{'R_G3': 'finite_positive'},1,,,,False,1.2268569469451904
R_G3,DEU_LocationALower-36_236_T-1,6,domain_dpll,True,True,True,1,finite_positive,{'R_G3': 1},{'R_G3': 'finite_positive'},1,,,"* 	<VPRepairer>: domain_dict construction failed, falling back to empty domains: 'DynamicObstacle' object has no attribute 'get_lane'",False,1.2243812084197998
R_G3,DEU_LocationALower-36_263_T-1,15,dpll,True,True,True,3,finite_positive,{'R_G3': 3},{'R_G3': 'finite_positive'},1,,,,False,1.3103785514831543
R_G3,DEU_LocationALower-36_263_T-1,15,domain_dpll,True,True,True,3,finite_positive,{'R_G3': 3},{'R_G3': 'finite_positive'},1,,,"* 	<VPRepairer>: domain_dict construction failed, falling back to empty domains: 'DynamicObstacle' object has no attribute 'get_lane'",False,1.3244991302490234
R_G3,DEU_LocationALower-36_269_T-1,18,dpll,True,True,True,4,finite_positive,{'R_G3': 4},{'R_G3': 'finite_positive'},1,,,,False,1.2705750465393066
R_G3,DEU_LocationALower-36_269_T-1,18,domain_dpll,True,True,True,4,finite_positive,{'R_G3': 4},{'R_G3': 'finite_positive'},1,,,"* 	<VPRepairer>: domain_dict construction failed, falling back to empty domains: 'DynamicObstacle' object has no attribute 'get_lane'",False,1.2715227603912354
R_G3,DEU_LocationALower-36_291_T-1,13,dpll,True,True,True,19,finite_positive,{'R_G3': 19},{'R_G3': 'finite_positive'},1,,,,False,1.3075206279754639
R_G3,DEU_LocationALower-36_291_T-1,13,domain_dpll,True,True,True,19,finite_positive,{'R_G3': 19},{'R_G3': 'finite_positive'},1,,,"* 	<VPRepairer>: domain_dict construction failed, falling back to empty domains: 'DynamicObstacle' object has no attribute 'get_lane'",False,1.3335943222045898
R_G3,DEU_LocationALower-36_61_T-1,9,dpll,True,True,True,15,finite_positive,{'R_G3': 15},{'R_G3': 'finite_positive'},1,,,,False,1.2923684120178223
R_G3,DEU_LocationALower-36_61_T-1,9,domain_dpll,True,True,True,15,finite_positive,{'R_G3': 15},{'R_G3': 'finite_positive'},1,,,"* 	<VPRepairer>: domain_dict construction failed, falling back to empty domains: 'DynamicObstacle' object has no attribute 'get_lane'",False,1.2769708633422852
R_G3,DEU_LocationALower-37_1_T-1,11,dpll,True,True,True,1,finite_positive,{'R_G3': 1},{'R_G3': 'finite_positive'},1,,,,False,1.3533010482788086
R_G3,DEU_LocationALower-37_1_T-1,11,domain_dpll,True,True,True,1,finite_positive,{'R_G3': 1},{'R_G3': 'finite_positive'},1,,,"* 	<VPRepairer>: domain_dict construction failed, falling back to empty domains: 'DynamicObstacle' object has no attribute 'get_lane'",False,1.8015289306640625
R_G3,DEU_LocationALower-37_121_T-1,16,dpll,True,True,True,20,finite_positive,{'R_G3': 20},{'R_G3': 'finite_positive'},1,,,,False,1.3240363597869873
R_G3,DEU_LocationALower-37_121_T-1,16,domain_dpll,True,True,True,20,finite_positive,{'R_G3': 20},{'R_G3': 'finite_positive'},1,,,"* 	<VPRepairer>: domain_dict construction failed, falling back to empty domains: 'DynamicObstacle' object has no attribute 'get_lane'",False,1.3053195476531982
R_G3,DEU_LocationALower-37_205_T-1,15,dpll,True,True,True,17,finite_positive,{'R_G3': 17},{'R_G3': 'finite_positive'},1,,,,False,1.276341199874878
R_G3,DEU_LocationALower-37_205_T-1,15,domain_dpll,True,True,True,17,finite_positive,{'R_G3': 17},{'R_G3': 'finite_positive'},1,,,"* 	<VPRepairer>: domain_dict construction failed, falling back to empty domains: 'DynamicObstacle' object has no attribute 'get_lane'",False,1.307131290435791
R_G3,DEU_LocationALower-37_231_T-1,23,dpll,True,True,True,17,finite_positive,{'R_G3': 17},{'R_G3': 'finite_positive'},1,,,,False,1.391789197921753
R_G3,DEU_LocationALower-37_231_T-1,23,domain_dpll,True,True,True,17,finite_positive,{'R_G3': 17},{'R_G3': 'finite_positive'},1,,,"* 	<VPRepairer>: domain_dict construction failed, falling back to empty domains: 'DynamicObstacle' object has no attribute 'get_lane'",False,1.3727376461029053
R_G3,DEU_LocationALower-37_235_T-1,8,dpll,True,True,True,4,finite_positive,{'R_G3': 4},{'R_G3': 'finite_positive'},1,,,,False,1.3026394844055176
R_G3,DEU_LocationALower-37_235_T-1,8,domain_dpll,True,True,True,4,finite_positive,{'R_G3': 4},{'R_G3': 'finite_positive'},1,,,"* 	<VPRepairer>: domain_dict construction failed, falling back to empty domains: 'DynamicObstacle' object has no attribute 'get_lane'",False,1.2629849910736084
R_G3,DEU_LocationALower-37_240_T-1,8,dpll,True,True,True,14,finite_positive,{'R_G3': 14},{'R_G3': 'finite_positive'},1,,,,False,1.3072011470794678
R_G3,DEU_LocationALower-37_240_T-1,8,domain_dpll,True,True,True,14,finite_positive,{'R_G3': 14},{'R_G3': 'finite_positive'},1,,,"* 	<VPRepairer>: domain_dict construction failed, falling back to empty domains: 'DynamicObstacle' object has no attribute 'get_lane'",False,1.3297858238220215
R_G3,DEU_LocationALower-37_4_T-1,22,dpll,True,True,True,3,finite_positive,{'R_G3': 3},{'R_G3': 'finite_positive'},1,,,,False,1.352055549621582
R_G3,DEU_LocationALower-37_4_T-1,22,domain_dpll,True,True,True,3,finite_positive,{'R_G3': 3},{'R_G3': 'finite_positive'},1,,,"* 	<VPRepairer>: domain_dict construction failed, falling back to empty domains: 'DynamicObstacle' object has no attribute 'get_lane'",False,1.3541836738586426
R_G1_R_G3,DEU_LocationALower-11_102_T-1,16,dpll,True,True,True,1,finite_positive,"{'R_G3': 9, 'R_G1': 1}","{'R_G3': 'finite_positive', 'R_G1': 'finite_positive'}",1,,,,False,1.8912501335144043
R_G1_R_G3,DEU_LocationALower-11_102_T-1,16,domain_dpll,True,True,True,1,finite_positive,"{'R_G3': 9, 'R_G1': 1}","{'R_G3': 'finite_positive', 'R_G1': 'finite_positive'}",1,,,"* 	<VPRepairer>: domain_dict construction failed, falling back to empty domains: 'DynamicObstacle' object has no attribute 'get_lane'",False,1.853929042816162
R_G1_R_G3,DEU_LocationALower-11_110_T-1,16,dpll,True,True,True,1,finite_positive,"{'R_G3': 2, 'R_G1': 1}","{'R_G3': 'finite_positive', 'R_G1': 'finite_positive'}",1,,,,False,2.029508113861084
R_G1_R_G3,DEU_LocationALower-11_110_T-1,16,domain_dpll,True,True,True,1,finite_positive,"{'R_G3': 2, 'R_G1': 1}","{'R_G3': 'finite_positive', 'R_G1': 'finite_positive'}",1,,,"* 	<VPRepairer>: domain_dict construction failed, falling back to empty domains: 'DynamicObstacle' object has no attribute 'get_lane'",False,2.03143048286438
R_G1_R_G3,DEU_LocationALower-11_131_T-1,18,dpll,True,True,True,1,finite_positive,"{'R_G3': 19, 'R_G1': 1}","{'R_G3': 'finite_positive', 'R_G1': 'finite_positive'}",1,,,,False,2.0384838581085205
R_G1_R_G3,DEU_LocationALower-11_131_T-1,18,domain_dpll,True,True,True,1,finite_positive,"{'R_G3': 19, 'R_G1': 1}","{'R_G3': 'finite_positive', 'R_G1': 'finite_positive'}",1,,,"* 	<VPRepairer>: domain_dict construction failed, falling back to empty domains: 'DynamicObstacle' object has no attribute 'get_lane'",False,2.0712153911590576
R_G1_R_G3,DEU_LocationALower-11_4_T-1,18,dpll,True,True,True,1,finite_positive,"{'R_G3': 1, 'R_G1': 1}","{'R_G3': 'finite_positive', 'R_G1': 'finite_positive'}",1,,,,False,1.9611725807189941
R_G1_R_G3,DEU_LocationALower-11_4_T-1,18,domain_dpll,True,True,True,1,finite_positive,"{'R_G3': 1, 'R_G1': 1}","{'R_G3': 'finite_positive', 'R_G1': 'finite_positive'}",1,,,"* 	<VPRepairer>: domain_dict construction failed, falling back to empty domains: 'DynamicObstacle' object has no attribute 'get_lane'",False,2.403996467590332
R_G1_R_G3,DEU_LocationALower-11_43_T-1,17,dpll,True,True,True,1,finite_positive,"{'R_G3': 8, 'R_G1': 1}","{'R_G3': 'finite_positive', 'R_G1': 'finite_positive'}",1,,,,False,1.986330509185791
R_G1_R_G3,DEU_LocationALower-11_43_T-1,17,domain_dpll,True,True,True,1,finite_positive,"{'R_G3': 8, 'R_G1': 1}","{'R_G3': 'finite_positive', 'R_G1': 'finite_positive'}",1,,,"* 	<VPRepairer>: domain_dict construction failed, falling back to empty domains: 'DynamicObstacle' object has no attribute 'get_lane'",False,1.9787588119506836
R_G1_R_G3,DEU_LocationALower-11_56_T-1,15,dpll,True,True,True,1,finite_positive,"{'R_G3': 1, 'R_G1': 1}","{'R_G3': 'finite_positive', 'R_G1': 'finite_positive'}",1,,,,False,1.931917667388916
R_G1_R_G3,DEU_LocationALower-11_56_T-1,15,domain_dpll,True,True,True,1,finite_positive,"{'R_G3': 1, 'R_G1': 1}","{'R_G3': 'finite_positive', 'R_G1': 'finite_positive'}",1,,,"* 	<VPRepairer>: domain_dict construction failed, falling back to empty domains: 'DynamicObstacle' object has no attribute 'get_lane'",False,1.972118854522705
R_G1_R_G3,DEU_LocationALower-11_64_T-1,18,dpll,True,True,True,15,finite_positive,"{'R_G3': 15, 'R_G1': 15}","{'R_G3': 'finite_positive', 'R_G1': 'finite_positive'}",1,,,,False,1.9022870063781738
R_G1_R_G3,DEU_LocationALower-11_64_T-1,18,domain_dpll,True,True,True,15,finite_positive,"{'R_G3': 15, 'R_G1': 15}","{'R_G3': 'finite_positive', 'R_G1': 'finite_positive'}",1,,,"* 	<VPRepairer>: domain_dict construction failed, falling back to empty domains: 'DynamicObstacle' object has no attribute 'get_lane'",False,1.8912239074707031
R_G1_R_G3,DEU_LocationALower-12_109_T-1,20,dpll,True,True,True,1,finite_positive,"{'R_G3': 8, 'R_G1': 1}","{'R_G3': 'finite_positive', 'R_G1': 'finite_positive'}",1,,,,False,1.9985246658325195
R_G1_R_G3,DEU_LocationALower-12_109_T-1,20,domain_dpll,True,True,True,1,finite_positive,"{'R_G3': 8, 'R_G1': 1}","{'R_G3': 'finite_positive', 'R_G1': 'finite_positive'}",1,,,"* 	<VPRepairer>: domain_dict construction failed, falling back to empty domains: 'DynamicObstacle' object has no attribute 'get_lane'",False,2.0123188495635986
R_G1_R_G3,DEU_LocationALower-12_167_T-1,12,dpll,True,True,True,2,finite_positive,"{'R_G3': 11, 'R_G1': 2}","{'R_G3': 'finite_positive', 'R_G1': 'finite_positive'}",2,,,* 	<VPRepairer>: VP repair failed for current SAT model: Infeasible lane constraint at time step 19 with prop in_same_lane__0_1.,False,1.954528570175171
R_G1_R_G3,DEU_LocationALower-12_167_T-1,12,domain_dpll,True,True,True,2,finite_positive,"{'R_G3': 11, 'R_G1': 2}","{'R_G3': 'finite_positive', 'R_G1': 'finite_positive'}",2,,,"* 	<VPRepairer>: domain_dict construction failed, falling back to empty domains: 'DynamicObstacle' object has no attribute 'get_lane' | * 	<VPRepairer>: VP repair failed for current SAT model: Infeasible lane constraint at time step 19 with prop in_same_lane__0_1.",False,1.9441688060760498
R_G1_R_G3,DEU_LocationALower-12_217_T-1,14,dpll,True,True,True,6,finite_positive,"{'R_G3': 6, 'R_G1': 17}","{'R_G3': 'finite_positive', 'R_G1': 'finite_positive'}",1,,,,False,1.977959156036377
R_G1_R_G3,DEU_LocationALower-12_217_T-1,14,domain_dpll,True,True,True,6,finite_positive,"{'R_G3': 6, 'R_G1': 17}","{'R_G3': 'finite_positive', 'R_G1': 'finite_positive'}",1,,,"* 	<VPRepairer>: domain_dict construction failed, falling back to empty domains: 'DynamicObstacle' object has no attribute 'get_lane'",False,1.9858508110046387
R_G1_R_G3,DEU_LocationALower-12_52_T-1,26,dpll,True,True,True,1,finite_positive,"{'R_G3': 14, 'R_G1': 1}","{'R_G3': 'finite_positive', 'R_G1': 'finite_positive'}",1,,,,False,2.073669195175171
R_G1_R_G3,DEU_LocationALower-12_52_T-1,26,domain_dpll,True,True,True,1,finite_positive,"{'R_G3': 14, 'R_G1': 1}","{'R_G3': 'finite_positive', 'R_G1': 'finite_positive'}",1,,,"* 	<VPRepairer>: domain_dict construction failed, falling back to empty domains: 'DynamicObstacle' object has no attribute 'get_lane'",False,2.1007089614868164
R_G1_R_G3,DEU_LocationALower-13_162_T-1,21,dpll,True,True,True,10,finite_positive,"{'R_G3': 10, 'R_G1': 17}","{'R_G3': 'finite_positive', 'R_G1': 'finite_positive'}",1,,,,False,1.9014365673065186
R_G1_R_G3,DEU_LocationALower-13_162_T-1,21,domain_dpll,True,True,True,10,finite_positive,"{'R_G3': 10, 'R_G1': 17}","{'R_G3': 'finite_positive', 'R_G1': 'finite_positive'}",1,,,"* 	<VPRepairer>: domain_dict construction failed, falling back to empty domains: 'DynamicObstacle' object has no attribute 'get_lane'",False,1.9467544555664062
R_G1_R_G3,DEU_LocationALower-13_167_T-1,17,dpll,True,True,True,2,finite_positive,"{'R_G3': 2, 'R_G1': 8}","{'R_G3': 'finite_positive', 'R_G1': 'finite_positive'}",1,,,,False,1.931779146194458
R_G1_R_G3,DEU_LocationALower-13_167_T-1,17,domain_dpll,True,True,True,2,finite_positive,"{'R_G3': 2, 'R_G1': 8}","{'R_G3': 'finite_positive', 'R_G1': 'finite_positive'}",1,,,"* 	<VPRepairer>: domain_dict construction failed, falling back to empty domains: 'DynamicObstacle' object has no attribute 'get_lane'",False,1.9286839962005615
R_G1_R_G3,DEU_LocationALower-13_168_T-1,12,dpll,True,True,False,6,finite_positive,"{'R_G3': 6, 'R_G1': 15}","{'R_G3': 'finite_positive', 'R_G1': 'finite_positive'}",4,,repair returned None,* 	<VPRepairer>: VP repair failed for current SAT model: LP failed: The problem is infeasible. (HiGHS Status 8: model_status is Infeasible; primal_status is None) | * 	<VPRepairer>: VP repair failed for current SAT model: LP failed: The problem is infeasible. (HiGHS Status 8: model_status is Infeasible; primal_status is None) | * 	<VPRepairer>: VP repair failed for current SAT model: LP failed: The problem is infeasible. (HiGHS Status 8: model_status is Infeasible; primal_status is None) | * 	<VPRepairer>: VP repair failed for current SAT model: LP failed: The problem is infeasible. (HiGHS Status 8: model_status is Infeasible; primal_status is None) | *******   Repairing Failed ಠ_ಠ with 5 iteration(s)  *******,True,2.4302611351013184
R_G1_R_G3,DEU_LocationALower-13_168_T-1,12,domain_dpll,True,True,False,6,finite_positive,"{'R_G3': 6, 'R_G1': 15}","{'R_G3': 'finite_positive', 'R_G1': 'finite_positive'}",4,,repair returned None,"* 	<VPRepairer>: domain_dict construction failed, falling back to empty domains: 'DynamicObstacle' object has no attribute 'get_lane' | * 	<VPRepairer>: VP repair failed for current SAT model: LP failed: The problem is infeasible. (HiGHS Status 8: model_status is Infeasible; primal_status is None) | * 	<VPRepairer>: VP repair failed for current SAT model: Infeasible lane constraint at time step 1 with prop in_same_lane__0_1. | * 	<VPRepairer>: VP repair failed for current SAT model: LP failed: The problem is infeasible. (HiGHS Status 8: model_status is Infeasible; primal_status is None) | * 	<VPRepairer>: VP repair failed for current SAT model: LP failed: The problem is infeasible. (HiGHS Status 8: model_status is Infeasible; primal_status is None) | *******   Repairing Failed ಠ_ಠ with 5 iteration(s)  *******",True,1.9559166431427002
R_G1_R_G3,DEU_LocationALower-13_214_T-1,21,dpll,True,True,True,14,finite_positive,"{'R_G3': 14, 'R_G1': 16}","{'R_G3': 'finite_positive', 'R_G1': 'finite_positive'}",2,,,* 	<VPRepairer>: VP repair failed for current SAT model: Infeasible lane constraint at time step 18 with prop in_same_lane__0_1.,False,1.965406894683838
R_G1_R_G3,DEU_LocationALower-13_214_T-1,21,domain_dpll,True,True,True,14,finite_positive,"{'R_G3': 14, 'R_G1': 16}","{'R_G3': 'finite_positive', 'R_G1': 'finite_positive'}",2,,,"* 	<VPRepairer>: domain_dict construction failed, falling back to empty domains: 'DynamicObstacle' object has no attribute 'get_lane' | * 	<VPRepairer>: VP repair failed for current SAT model: Infeasible lane constraint at time step 6 with prop in_same_lane__0_1.",False,2.0385797023773193
R_G1_R_G3,DEU_LocationALower-13_239_T-1,18,dpll,True,True,True,12,finite_positive,"{'R_G3': 12, 'R_G1': 14}","{'R_G3': 'finite_positive', 'R_G1': 'finite_positive'}",1,,,,False,1.9846506118774414
R_G1_R_G3,DEU_LocationALower-13_239_T-1,18,domain_dpll,True,True,True,12,finite_positive,"{'R_G3': 12, 'R_G1': 14}","{'R_G3': 'finite_positive', 'R_G1': 'finite_positive'}",1,,,"* 	<VPRepairer>: domain_dict construction failed, falling back to empty domains: 'DynamicObstacle' object has no attribute 'get_lane'",False,1.9262070655822754
R_G1_R_G3,DEU_LocationALower-13_241_T-1,20,dpll,True,True,True,18,finite_positive,"{'R_G3': 20, 'R_G1': 18}","{'R_G3': 'finite_positive', 'R_G1': 'finite_positive'}",1,,,,False,1.9282238483428955
R_G1_R_G3,DEU_LocationALower-13_241_T-1,20,domain_dpll,True,True,True,18,finite_positive,"{'R_G3': 20, 'R_G1': 18}","{'R_G3': 'finite_positive', 'R_G1': 'finite_positive'}",1,,,"* 	<VPRepairer>: domain_dict construction failed, falling back to empty domains: 'DynamicObstacle' object has no attribute 'get_lane'",False,1.9493052959442139
R_G1_R_G3,DEU_LocationALower-13_247_T-1,15,dpll,True,True,True,6,finite_positive,"{'R_G3': 6, 'R_G1': 8}","{'R_G3': 'finite_positive', 'R_G1': 'finite_positive'}",1,,,,False,1.8879976272583008
R_G1_R_G3,DEU_LocationALower-13_247_T-1,15,domain_dpll,True,True,True,6,finite_positive,"{'R_G3': 6, 'R_G1': 8}","{'R_G3': 'finite_positive', 'R_G1': 'finite_positive'}",2,,,"* 	<VPRepairer>: domain_dict construction failed, falling back to empty domains: 'DynamicObstacle' object has no attribute 'get_lane' | * 	<VPRepairer>: VP repair failed for current SAT model: Infeasible lane constraint at time step 1 with prop in_same_lane__0_1.",False,1.9220027923583984
R_G1_R_G3,DEU_LocationALower-13_29_T-1,18,dpll,True,True,True,1,finite_positive,"{'R_G3': 15, 'R_G1': 1}","{'R_G3': 'finite_positive', 'R_G1': 'finite_positive'}",1,,,,False,2.021230697631836
R_G1_R_G3,DEU_LocationALower-13_29_T-1,18,domain_dpll,True,True,True,1,finite_positive,"{'R_G3': 15, 'R_G1': 1}","{'R_G3': 'finite_positive', 'R_G1': 'finite_positive'}",1,,,"* 	<VPRepairer>: domain_dict construction failed, falling back to empty domains: 'DynamicObstacle' object has no attribute 'get_lane'",False,1.9662277698516846
R_G1_R_G3,DEU_LocationALower-13_56_T-1,10,dpll,True,True,True,1,finite_positive,"{'R_G3': 1, 'R_G1': 13}","{'R_G3': 'finite_positive', 'R_G1': 'finite_positive'}",1,,,,False,2.043229103088379
R_G1_R_G3,DEU_LocationALower-13_56_T-1,10,domain_dpll,True,True,True,1,finite_positive,"{'R_G3': 1, 'R_G1': 13}","{'R_G3': 'finite_positive', 'R_G1': 'finite_positive'}",1,,,"* 	<VPRepairer>: domain_dict construction failed, falling back to empty domains: 'DynamicObstacle' object has no attribute 'get_lane'",False,2.0507898330688477
R_G1_R_G3,DEU_LocationALower-13_82_T-1,17,dpll,True,True,True,1,finite_positive,"{'R_G3': 13, 'R_G1': 1}","{'R_G3': 'finite_positive', 'R_G1': 'finite_positive'}",1,,,,False,2.0388834476470947
R_G1_R_G3,DEU_LocationALower-13_82_T-1,17,domain_dpll,True,True,True,1,finite_positive,"{'R_G3': 13, 'R_G1': 1}","{'R_G3': 'finite_positive', 'R_G1': 'finite_positive'}",1,,,"* 	<VPRepairer>: domain_dict construction failed, falling back to empty domains: 'DynamicObstacle' object has no attribute 'get_lane'",False,2.0327861309051514
R_G1_R_G3,DEU_LocationALower-14_14_T-1,13,dpll,True,True,True,1,finite_positive,"{'R_G3': 1, 'R_G1': 1}","{'R_G3': 'finite_positive', 'R_G1': 'finite_positive'}",1,,,,False,2.230729818344116
R_G1_R_G3,DEU_LocationALower-14_14_T-1,13,domain_dpll,True,True,True,1,finite_positive,"{'R_G3': 1, 'R_G1': 1}","{'R_G3': 'finite_positive', 'R_G1': 'finite_positive'}",1,,,"* 	<VPRepairer>: domain_dict construction failed, falling back to empty domains: 'DynamicObstacle' object has no attribute 'get_lane'",False,2.140852451324463
R_G1_R_G3,DEU_LocationALower-14_161_T-1,21,dpll,True,True,True,1,finite_positive,"{'R_G3': 6, 'R_G1': 1}","{'R_G3': 'finite_positive', 'R_G1': 'finite_positive'}",1,,,,False,2.635227680206299
R_G1_R_G3,DEU_LocationALower-14_161_T-1,21,domain_dpll,True,True,True,1,finite_positive,"{'R_G3': 6, 'R_G1': 1}","{'R_G3': 'finite_positive', 'R_G1': 'finite_positive'}",1,,,"* 	<VPRepairer>: domain_dict construction failed, falling back to empty domains: 'DynamicObstacle' object has no attribute 'get_lane'",False,2.1780154705047607
R_G1_R_G3,DEU_LocationALower-14_219_T-1,12,dpll,True,True,True,8,finite_positive,"{'R_G3': 9, 'R_G1': 8}","{'R_G3': 'finite_positive', 'R_G1': 'finite_positive'}",1,,,,False,2.072309970855713
R_G1_R_G3,DEU_LocationALower-14_219_T-1,12,domain_dpll,True,True,True,8,finite_positive,"{'R_G3': 9, 'R_G1': 8}","{'R_G3': 'finite_positive', 'R_G1': 'finite_positive'}",1,,,"* 	<VPRepairer>: domain_dict construction failed, falling back to empty domains: 'DynamicObstacle' object has no attribute 'get_lane'",False,2.0195670127868652
R_G1_R_G3,DEU_LocationALower-14_247_T-1,16,dpll,True,True,True,1,finite_positive,"{'R_G3': 19, 'R_G1': 1}","{'R_G3': 'finite_positive', 'R_G1': 'finite_positive'}",1,,,,False,2.0685226917266846
R_G1_R_G3,DEU_LocationALower-14_247_T-1,16,domain_dpll,True,True,True,1,finite_positive,"{'R_G3': 19, 'R_G1': 1}","{'R_G3': 'finite_positive', 'R_G1': 'finite_positive'}",1,,,"* 	<VPRepairer>: domain_dict construction failed, falling back to empty domains: 'DynamicObstacle' object has no attribute 'get_lane'",False,2.0571515560150146
R_G1_R_G3,DEU_LocationALower-14_252_T-1,12,dpll,True,True,True,9,finite_positive,"{'R_G3': 9, 'R_G1': 18}","{'R_G3': 'finite_positive', 'R_G1': 'finite_positive'}",1,,,,False,2.0151147842407227
R_G1_R_G3,DEU_LocationALower-14_252_T-1,12,domain_dpll,True,True,True,9,finite_positive,"{'R_G3': 9, 'R_G1': 18}","{'R_G3': 'finite_positive', 'R_G1': 'finite_positive'}",1,,,"* 	<VPRepairer>: domain_dict construction failed, falling back to empty domains: 'DynamicObstacle' object has no attribute 'get_lane'",False,2.041952133178711
R_G1_R_G3,DEU_LocationALower-14_39_T-1,15,dpll,True,True,True,1,finite_positive,"{'R_G3': 9, 'R_G1': 1}","{'R_G3': 'finite_positive', 'R_G1': 'finite_positive'}",1,,,,False,2.181300640106201
R_G1_R_G3,DEU_LocationALower-14_39_T-1,15,domain_dpll,True,True,True,1,finite_positive,"{'R_G3': 9, 'R_G1': 1}","{'R_G3': 'finite_positive', 'R_G1': 'finite_positive'}",1,,,"* 	<VPRepairer>: domain_dict construction failed, falling back to empty domains: 'DynamicObstacle' object has no attribute 'get_lane'",False,2.2093677520751953
R_G1_R_G3,DEU_LocationALower-14_96_T-1,15,dpll,True,True,True,16,finite_positive,"{'R_G3': 16, 'R_G1': 20}","{'R_G3': 'finite_positive', 'R_G1': 'finite_positive'}",1,,,,False,2.030374050140381
R_G1_R_G3,DEU_LocationALower-14_96_T-1,15,domain_dpll,True,True,True,16,finite_positive,"{'R_G3': 16, 'R_G1': 20}","{'R_G3': 'finite_positive', 'R_G1': 'finite_positive'}",1,,,"* 	<VPRepairer>: domain_dict construction failed, falling back to empty domains: 'DynamicObstacle' object has no attribute 'get_lane'",False,2.088313341140747
R_G1_R_G3,DEU_LocationALower-25_155_T-1,15,dpll,True,True,True,1,finite_positive,"{'R_G3': 8, 'R_G1': 1}","{'R_G3': 'finite_positive', 'R_G1': 'finite_positive'}",1,,,,False,2.172516345977783
R_G1_R_G3,DEU_LocationALower-25_155_T-1,15,domain_dpll,True,True,True,1,finite_positive,"{'R_G3': 8, 'R_G1': 1}","{'R_G3': 'finite_positive', 'R_G1': 'finite_positive'}",1,,,"* 	<VPRepairer>: domain_dict construction failed, falling back to empty domains: 'DynamicObstacle' object has no attribute 'get_lane'",False,2.196962833404541
R_G1_R_G3,DEU_LocationALower-27_140_T-1,14,dpll,True,True,True,1,finite_positive,"{'R_G3': 13, 'R_G1': 1}","{'R_G3': 'finite_positive', 'R_G1': 'finite_positive'}",1,,,,False,2.2582037448883057
R_G1_R_G3,DEU_LocationALower-27_140_T-1,14,domain_dpll,True,True,True,1,finite_positive,"{'R_G3': 13, 'R_G1': 1}","{'R_G3': 'finite_positive', 'R_G1': 'finite_positive'}",1,,,"* 	<VPRepairer>: domain_dict construction failed, falling back to empty domains: 'DynamicObstacle' object has no attribute 'get_lane'",False,2.267409324645996
R_G1_R_G3,DEU_LocationALower-27_184_T-1,13,dpll,True,True,True,16,finite_positive,"{'R_G3': 16, 'R_G1': 20}","{'R_G3': 'finite_positive', 'R_G1': 'finite_positive'}",1,,,,False,2.1214051246643066
R_G1_R_G3,DEU_LocationALower-27_184_T-1,13,domain_dpll,True,True,True,16,finite_positive,"{'R_G3': 16, 'R_G1': 20}","{'R_G3': 'finite_positive', 'R_G1': 'finite_positive'}",1,,,"* 	<VPRepairer>: domain_dict construction failed, falling back to empty domains: 'DynamicObstacle' object has no attribute 'get_lane'",False,2.1297991275787354
R_G1_R_G3,DEU_LocationALower-28_109_T-1,13,dpll,True,True,True,1,finite_positive,"{'R_G3': 4, 'R_G1': 1}","{'R_G3': 'finite_positive', 'R_G1': 'finite_positive'}",1,,,,False,2.14497971534729
R_G1_R_G3,DEU_LocationALower-28_109_T-1,13,domain_dpll,True,True,True,1,finite_positive,"{'R_G3': 4, 'R_G1': 1}","{'R_G3': 'finite_positive', 'R_G1': 'finite_positive'}",1,,,"* 	<VPRepairer>: domain_dict construction failed, falling back to empty domains: 'DynamicObstacle' object has no attribute 'get_lane'",False,2.1707494258880615
R_G1_R_G3,DEU_LocationALower-28_109_T-1,18,dpll,True,True,True,8,finite_positive,"{'R_G3': 8, 'R_G1': 9}","{'R_G3': 'finite_positive', 'R_G1': 'finite_positive'}",1,,,,False,2.678746223449707
R_G1_R_G3,DEU_LocationALower-28_109_T-1,18,domain_dpll,True,True,True,8,finite_positive,"{'R_G3': 8, 'R_G1': 9}","{'R_G3': 'finite_positive', 'R_G1': 'finite_positive'}",1,,,"* 	<VPRepairer>: domain_dict construction failed, falling back to empty domains: 'DynamicObstacle' object has no attribute 'get_lane'",False,2.171186685562134
R_G1_R_G3,DEU_LocationALower-28_228_T-1,11,dpll,True,True,True,16,finite_positive,"{'R_G3': 16, 'R_G1': 17}","{'R_G3': 'finite_positive', 'R_G1': 'finite_positive'}",1,,,,False,2.1598758697509766
R_G1_R_G3,DEU_LocationALower-28_228_T-1,11,domain_dpll,True,True,True,16,finite_positive,"{'R_G3': 16, 'R_G1': 17}","{'R_G3': 'finite_positive', 'R_G1': 'finite_positive'}",1,,,"* 	<VPRepairer>: domain_dict construction failed, falling back to empty domains: 'DynamicObstacle' object has no attribute 'get_lane'",False,2.112393379211426
R_G1_R_G3,DEU_LocationALower-28_252_T-1,12,dpll,True,True,True,3,finite_positive,"{'R_G3': 3, 'R_G1': 12}","{'R_G3': 'finite_positive', 'R_G1': 'finite_positive'}",1,,,,False,2.1910436153411865
R_G1_R_G3,DEU_LocationALower-28_252_T-1,12,domain_dpll,True,True,True,3,finite_positive,"{'R_G3': 3, 'R_G1': 12}","{'R_G3': 'finite_positive', 'R_G1': 'finite_positive'}",1,,,"* 	<VPRepairer>: domain_dict construction failed, falling back to empty domains: 'DynamicObstacle' object has no attribute 'get_lane'",False,2.1363775730133057
R_G1_R_G3,DEU_LocationALower-28_252_T-1,18,dpll,True,True,True,5,finite_positive,"{'R_G3': 5, 'R_G1': 16}","{'R_G3': 'finite_positive', 'R_G1': 'finite_positive'}",1,,,,False,2.2467103004455566
R_G1_R_G3,DEU_LocationALower-28_252_T-1,18,domain_dpll,True,True,True,5,finite_positive,"{'R_G3': 5, 'R_G1': 16}","{'R_G3': 'finite_positive', 'R_G1': 'finite_positive'}",1,,,"* 	<VPRepairer>: domain_dict construction failed, falling back to empty domains: 'DynamicObstacle' object has no attribute 'get_lane'",False,2.2571027278900146
R_G1_R_G3,DEU_LocationALower-29_123_T-1,16,dpll,True,True,True,9,finite_positive,"{'R_G3': 15, 'R_G1': 9}","{'R_G3': 'finite_positive', 'R_G1': 'finite_positive'}",1,,,,False,2.1622462272644043
R_G1_R_G3,DEU_LocationALower-29_123_T-1,16,domain_dpll,True,True,True,9,finite_positive,"{'R_G3': 15, 'R_G1': 9}","{'R_G3': 'finite_positive', 'R_G1': 'finite_positive'}",1,,,"* 	<VPRepairer>: domain_dict construction failed, falling back to empty domains: 'DynamicObstacle' object has no attribute 'get_lane'",False,2.10237717628479
R_G1_R_G3,DEU_LocationALower-29_134_T-1,9,dpll,True,True,True,1,finite_positive,"{'R_G3': 11, 'R_G1': 1}","{'R_G3': 'finite_positive', 'R_G1': 'finite_positive'}",2,,,* 	<VPRepairer>: VP repair failed for current SAT model: Infeasible lane constraint at time step 1 with prop in_same_lane__0_1.,False,2.156989336013794
R_G1_R_G3,DEU_LocationALower-29_134_T-1,9,domain_dpll,True,True,True,1,finite_positive,"{'R_G3': 11, 'R_G1': 1}","{'R_G3': 'finite_positive', 'R_G1': 'finite_positive'}",2,,,"* 	<VPRepairer>: domain_dict construction failed, falling back to empty domains: 'DynamicObstacle' object has no attribute 'get_lane' | * 	<VPRepairer>: VP repair failed for current SAT model: Infeasible lane constraint at time step 10 with prop in_same_lane__0_1.",False,2.1548476219177246
R_G1_R_G3,DEU_LocationALower-29_245_T-1,12,dpll,True,True,True,8,finite_positive,"{'R_G3': 8, 'R_G1': 19}","{'R_G3': 'finite_positive', 'R_G1': 'finite_positive'}",1,,,,False,2.175753593444824
R_G1_R_G3,DEU_LocationALower-29_245_T-1,12,domain_dpll,True,True,True,8,finite_positive,"{'R_G3': 8, 'R_G1': 19}","{'R_G3': 'finite_positive', 'R_G1': 'finite_positive'}",1,,,"* 	<VPRepairer>: domain_dict construction failed, falling back to empty domains: 'DynamicObstacle' object has no attribute 'get_lane'",False,2.178922653198242
R_G1_R_G3,DEU_LocationALower-29_249_T-1,23,dpll,True,True,True,1,finite_positive,"{'R_G3': 3, 'R_G1': 1}","{'R_G3': 'finite_positive', 'R_G1': 'finite_positive'}",1,,,,False,2.210495948791504
R_G1_R_G3,DEU_LocationALower-29_249_T-1,23,domain_dpll,True,True,True,1,finite_positive,"{'R_G3': 3, 'R_G1': 1}","{'R_G3': 'finite_positive', 'R_G1': 'finite_positive'}",1,,,"* 	<VPRepairer>: domain_dict construction failed, falling back to empty domains: 'DynamicObstacle' object has no attribute 'get_lane'",False,2.17844295501709
R_G1_R_G3,DEU_LocationALower-29_250_T-1,12,dpll,True,True,True,1,finite_positive,"{'R_G3': 14, 'R_G1': 1}","{'R_G3': 'finite_positive', 'R_G1': 'finite_positive'}",1,,,,False,2.174377679824829
R_G1_R_G3,DEU_LocationALower-29_250_T-1,12,domain_dpll,True,True,True,1,finite_positive,"{'R_G3': 14, 'R_G1': 1}","{'R_G3': 'finite_positive', 'R_G1': 'finite_positive'}",1,,,"* 	<VPRepairer>: domain_dict construction failed, falling back to empty domains: 'DynamicObstacle' object has no attribute 'get_lane'",False,2.173819065093994
R_G1_R_G3,DEU_LocationALower-29_65_T-1,8,dpll,True,True,True,2,finite_positive,"{'R_G3': 2, 'R_G1': 17}","{'R_G3': 'finite_positive', 'R_G1': 'finite_positive'}",1,,,,False,2.17529034614563
R_G1_R_G3,DEU_LocationALower-29_65_T-1,8,domain_dpll,True,True,True,2,finite_positive,"{'R_G3': 2, 'R_G1': 17}","{'R_G3': 'finite_positive', 'R_G1': 'finite_positive'}",1,,,"* 	<VPRepairer>: domain_dict construction failed, falling back to empty domains: 'DynamicObstacle' object has no attribute 'get_lane'",False,2.196915626525879
R_G1_R_G3,DEU_LocationALower-29_70_T-1,11,dpll,True,True,True,2,finite_positive,"{'R_G3': 2, 'R_G1': 3}","{'R_G3': 'finite_positive', 'R_G1': 'finite_positive'}",1,,,,False,2.2378597259521484
R_G1_R_G3,DEU_LocationALower-29_70_T-1,11,domain_dpll,True,True,True,2,finite_positive,"{'R_G3': 2, 'R_G1': 3}","{'R_G3': 'finite_positive', 'R_G1': 'finite_positive'}",1,,,"* 	<VPRepairer>: domain_dict construction failed, falling back to empty domains: 'DynamicObstacle' object has no attribute 'get_lane'",False,2.8721160888671875
R_G1_R_G3,DEU_LocationALower-30_218_T-1,16,dpll,True,True,True,5,finite_positive,"{'R_G3': 5, 'R_G1': 13}","{'R_G3': 'finite_positive', 'R_G1': 'finite_positive'}",1,,,,False,2.113624095916748
R_G1_R_G3,DEU_LocationALower-30_218_T-1,16,domain_dpll,True,True,True,5,finite_positive,"{'R_G3': 5, 'R_G1': 13}","{'R_G3': 'finite_positive', 'R_G1': 'finite_positive'}",1,,,"* 	<VPRepairer>: domain_dict construction failed, falling back to empty domains: 'DynamicObstacle' object has no attribute 'get_lane'",False,2.1331183910369873
R_G1_R_G3,DEU_LocationALower-30_46_T-1,16,dpll,True,True,True,1,finite_positive,"{'R_G3': 5, 'R_G1': 1}","{'R_G3': 'finite_positive', 'R_G1': 'finite_positive'}",1,,,,False,2.266702175140381
R_G1_R_G3,DEU_LocationALower-30_46_T-1,16,domain_dpll,True,True,True,1,finite_positive,"{'R_G3': 5, 'R_G1': 1}","{'R_G3': 'finite_positive', 'R_G1': 'finite_positive'}",1,,,"* 	<VPRepairer>: domain_dict construction failed, falling back to empty domains: 'DynamicObstacle' object has no attribute 'get_lane'",False,2.284335136413574
R_G1_R_G3,DEU_LocationALower-31_154_T-1,9,dpll,True,True,True,1,finite_positive,"{'R_G3': 11, 'R_G1': 1}","{'R_G3': 'finite_positive', 'R_G1': 'finite_positive'}",2,,,* 	<VPRepairer>: VP repair failed for current SAT model: Infeasible lane constraint at time step 11 with prop in_same_lane__0_1.,False,2.187649726867676
R_G1_R_G3,DEU_LocationALower-31_154_T-1,9,domain_dpll,True,True,True,1,finite_positive,"{'R_G3': 11, 'R_G1': 1}","{'R_G3': 'finite_positive', 'R_G1': 'finite_positive'}",2,,,"* 	<VPRepairer>: domain_dict construction failed, falling back to empty domains: 'DynamicObstacle' object has no attribute 'get_lane' | * 	<VPRepairer>: VP repair failed for current SAT model: Infeasible lane constraint at time step 11 with prop in_same_lane__0_1.",False,2.2234878540039062
R_G1_R_G3,DEU_LocationALower-31_239_T-1,16,dpll,True,True,True,1,finite_positive,"{'R_G3': 4, 'R_G1': 1}","{'R_G3': 'finite_positive', 'R_G1': 'finite_positive'}",1,,,,False,2.317380666732788
R_G1_R_G3,DEU_LocationALower-31_239_T-1,16,domain_dpll,True,True,True,1,finite_positive,"{'R_G3': 4, 'R_G1': 1}","{'R_G3': 'finite_positive', 'R_G1': 'finite_positive'}",1,,,"* 	<VPRepairer>: domain_dict construction failed, falling back to empty domains: 'DynamicObstacle' object has no attribute 'get_lane'",False,2.330512523651123
R_G1_R_G3,DEU_LocationALower-31_24_T-1,13,dpll,True,True,True,1,finite_positive,"{'R_G3': 16, 'R_G1': 1}","{'R_G3': 'finite_positive', 'R_G1': 'finite_positive'}",1,,,,False,2.250999689102173
R_G1_R_G3,DEU_LocationALower-31_24_T-1,13,domain_dpll,True,True,True,1,finite_positive,"{'R_G3': 16, 'R_G1': 1}","{'R_G3': 'finite_positive', 'R_G1': 'finite_positive'}",1,,,"* 	<VPRepairer>: domain_dict construction failed, falling back to empty domains: 'DynamicObstacle' object has no attribute 'get_lane'",False,2.2588131427764893
R_G1_R_G3,DEU_LocationALower-31_31_T-1,15,dpll,True,True,True,3,finite_positive,"{'R_G3': 3, 'R_G1': 17}","{'R_G3': 'finite_positive', 'R_G1': 'finite_positive'}",1,,,,False,2.1476776599884033
R_G1_R_G3,DEU_LocationALower-31_31_T-1,15,domain_dpll,True,True,True,3,finite_positive,"{'R_G3': 3, 'R_G1': 17}","{'R_G3': 'finite_positive', 'R_G1': 'finite_positive'}",1,,,"* 	<VPRepairer>: domain_dict construction failed, falling back to empty domains: 'DynamicObstacle' object has no attribute 'get_lane'",False,2.144021987915039
R_G1_R_G3,DEU_LocationALower-31_47_T-1,13,dpll,True,True,True,1,finite_positive,"{'R_G3': 10, 'R_G1': 1}","{'R_G3': 'finite_positive', 'R_G1': 'finite_positive'}",2,,,* 	<VPRepairer>: VP repair failed for current SAT model: Infeasible lane constraint at time step 1 with prop in_same_lane__0_1.,False,2.1954686641693115
R_G1_R_G3,DEU_LocationALower-31_47_T-1,13,domain_dpll,True,True,True,1,finite_positive,"{'R_G3': 10, 'R_G1': 1}","{'R_G3': 'finite_positive', 'R_G1': 'finite_positive'}",2,,,"* 	<VPRepairer>: domain_dict construction failed, falling back to empty domains: 'DynamicObstacle' object has no attribute 'get_lane' | * 	<VPRepairer>: VP repair failed for current SAT model: Infeasible lane constraint at time step 1 with prop in_same_lane__0_1.",False,2.1820099353790283
R_G1_R_G3,DEU_LocationALower-32_117_T-1,17,dpll,True,True,True,9,finite_positive,"{'R_G3': 9, 'R_G1': 12}","{'R_G3': 'finite_positive', 'R_G1': 'finite_positive'}",1,,,,False,2.251650333404541
R_G1_R_G3,DEU_LocationALower-32_117_T-1,17,domain_dpll,True,True,True,9,finite_positive,"{'R_G3': 9, 'R_G1': 12}","{'R_G3': 'finite_positive', 'R_G1': 'finite_positive'}",1,,,"* 	<VPRepairer>: domain_dict construction failed, falling back to empty domains: 'DynamicObstacle' object has no attribute 'get_lane'",False,2.18400502204895
R_G1_R_G3,DEU_LocationALower-32_136_T-1,16,dpll,True,True,True,11,finite_positive,"{'R_G3': 16, 'R_G1': 11}","{'R_G3': 'finite_positive', 'R_G1': 'finite_positive'}",1,,,,False,2.2227816581726074
R_G1_R_G3,DEU_LocationALower-32_136_T-1,16,domain_dpll,True,True,True,11,finite_positive,"{'R_G3': 16, 'R_G1': 11}","{'R_G3': 'finite_positive', 'R_G1': 'finite_positive'}",1,,,"* 	<VPRepairer>: domain_dict construction failed, falling back to empty domains: 'DynamicObstacle' object has no attribute 'get_lane'",False,2.209787607192993
R_G1_R_G3,DEU_LocationALower-32_186_T-1,12,dpll,True,True,True,2,finite_positive,"{'R_G3': 2, 'R_G1': 10}","{'R_G3': 'finite_positive', 'R_G1': 'finite_positive'}",1,,,,False,2.208015203475952
R_G1_R_G3,DEU_LocationALower-32_186_T-1,12,domain_dpll,True,True,True,2,finite_positive,"{'R_G3': 2, 'R_G1': 10}","{'R_G3': 'finite_positive', 'R_G1': 'finite_positive'}",1,,,"* 	<VPRepairer>: domain_dict construction failed, falling back to empty domains: 'DynamicObstacle' object has no attribute 'get_lane'",False,2.2621164321899414
R_G1_R_G3,DEU_LocationALower-32_70_T-1,14,dpll,True,True,True,1,finite_positive,"{'R_G3': 2, 'R_G1': 1}","{'R_G3': 'finite_positive', 'R_G1': 'finite_positive'}",1,,,,False,2.2571308612823486
R_G1_R_G3,DEU_LocationALower-32_70_T-1,14,domain_dpll,True,True,True,1,finite_positive,"{'R_G3': 2, 'R_G1': 1}","{'R_G3': 'finite_positive', 'R_G1': 'finite_positive'}",1,,,"* 	<VPRepairer>: domain_dict construction failed, falling back to empty domains: 'DynamicObstacle' object has no attribute 'get_lane'",False,2.250286340713501
R_G1_R_G3,DEU_LocationALower-32_84_T-1,13,dpll,True,True,True,8,finite_positive,"{'R_G3': 10, 'R_G1': 8}","{'R_G3': 'finite_positive', 'R_G1': 'finite_positive'}",1,,,,False,2.775015354156494
R_G1_R_G3,DEU_LocationALower-32_84_T-1,13,domain_dpll,True,True,True,8,finite_positive,"{'R_G3': 10, 'R_G1': 8}","{'R_G3': 'finite_positive', 'R_G1': 'finite_positive'}",1,,,"* 	<VPRepairer>: domain_dict construction failed, falling back to empty domains: 'DynamicObstacle' object has no attribute 'get_lane'",False,2.246657371520996
R_G1_R_G3,DEU_LocationALower-33_142_T-1,10,dpll,True,True,True,1,finite_positive,"{'R_G3': 8, 'R_G1': 1}","{'R_G3': 'finite_positive', 'R_G1': 'finite_positive'}",2,,,* 	<VPRepairer>: VP repair failed for current SAT model: Infeasible lane constraint at time step 4 with prop in_same_lane__0_1.,False,2.2964048385620117
R_G1_R_G3,DEU_LocationALower-33_142_T-1,10,domain_dpll,True,True,True,1,finite_positive,"{'R_G3': 8, 'R_G1': 1}","{'R_G3': 'finite_positive', 'R_G1': 'finite_positive'}",2,,,"* 	<VPRepairer>: domain_dict construction failed, falling back to empty domains: 'DynamicObstacle' object has no attribute 'get_lane' | * 	<VPRepairer>: VP repair failed for current SAT model: Infeasible lane constraint at time step 4 with prop in_same_lane__0_1.",False,2.2904574871063232
R_G1_R_G3,DEU_LocationALower-33_16_T-1,12,dpll,True,True,True,1,finite_positive,"{'R_G3': 12, 'R_G1': 1}","{'R_G3': 'finite_positive', 'R_G1': 'finite_positive'}",1,,,,False,2.461885452270508
R_G1_R_G3,DEU_LocationALower-33_16_T-1,12,domain_dpll,True,True,True,1,finite_positive,"{'R_G3': 12, 'R_G1': 1}","{'R_G3': 'finite_positive', 'R_G1': 'finite_positive'}",1,,,"* 	<VPRepairer>: domain_dict construction failed, falling back to empty domains: 'DynamicObstacle' object has no attribute 'get_lane'",False,2.4527621269226074
R_G1_R_G3,DEU_LocationALower-33_219_T-1,8,dpll,True,True,True,1,finite_positive,"{'R_G3': 15, 'R_G1': 1}","{'R_G3': 'finite_positive', 'R_G1': 'finite_positive'}",2,,,* 	<VPRepairer>: VP repair failed for current SAT model: Infeasible lane constraint at time step 16 with prop in_same_lane__0_1.,False,2.259345054626465
R_G1_R_G3,DEU_LocationALower-33_219_T-1,8,domain_dpll,True,True,True,1,finite_positive,"{'R_G3': 15, 'R_G1': 1}","{'R_G3': 'finite_positive', 'R_G1': 'finite_positive'}",2,,,"* 	<VPRepairer>: domain_dict construction failed, falling back to empty domains: 'DynamicObstacle' object has no attribute 'get_lane' | * 	<VPRepairer>: VP repair failed for current SAT model: Infeasible lane constraint at time step 16 with prop in_same_lane__0_1.",False,2.35975980758667
R_G1_R_G3,DEU_LocationALower-33_228_T-1,14,dpll,True,True,True,1,finite_positive,"{'R_G3': 18, 'R_G1': 1}","{'R_G3': 'finite_positive', 'R_G1': 'finite_positive'}",1,,,,False,2.367790937423706
R_G1_R_G3,DEU_LocationALower-33_228_T-1,14,domain_dpll,True,True,True,1,finite_positive,"{'R_G3': 18, 'R_G1': 1}","{'R_G3': 'finite_positive', 'R_G1': 'finite_positive'}",1,,,"* 	<VPRepairer>: domain_dict construction failed, falling back to empty domains: 'DynamicObstacle' object has no attribute 'get_lane'",False,2.386864185333252
R_G1_R_G3,DEU_LocationALower-33_233_T-1,14,dpll,True,True,True,9,finite_positive,"{'R_G3': 20, 'R_G1': 9}","{'R_G3': 'finite_positive', 'R_G1': 'finite_positive'}",1,,,,False,2.342618227005005
R_G1_R_G3,DEU_LocationALower-33_233_T-1,14,domain_dpll,True,True,True,9,finite_positive,"{'R_G3': 20, 'R_G1': 9}","{'R_G3': 'finite_positive', 'R_G1': 'finite_positive'}",1,,,"* 	<VPRepairer>: domain_dict construction failed, falling back to empty domains: 'DynamicObstacle' object has no attribute 'get_lane'",False,2.328766107559204
R_G1_R_G3,DEU_LocationALower-33_261_T-1,13,dpll,True,True,True,10,finite_positive,"{'R_G3': 13, 'R_G1': 10}","{'R_G3': 'finite_positive', 'R_G1': 'finite_positive'}",1,,,,False,2.333189010620117
R_G1_R_G3,DEU_LocationALower-33_261_T-1,13,domain_dpll,True,True,True,10,finite_positive,"{'R_G3': 13, 'R_G1': 10}","{'R_G3': 'finite_positive', 'R_G1': 'finite_positive'}",1,,,"* 	<VPRepairer>: domain_dict construction failed, falling back to empty domains: 'DynamicObstacle' object has no attribute 'get_lane'",False,2.2907536029815674
R_G1_R_G3,DEU_LocationALower-33_265_T-1,22,dpll,True,True,True,11,finite_positive,"{'R_G3': 11, 'R_G1': 13}","{'R_G3': 'finite_positive', 'R_G1': 'finite_positive'}",1,,,,False,2.3052945137023926
R_G1_R_G3,DEU_LocationALower-33_265_T-1,22,domain_dpll,True,True,True,11,finite_positive,"{'R_G3': 11, 'R_G1': 13}","{'R_G3': 'finite_positive', 'R_G1': 'finite_positive'}",1,,,"* 	<VPRepairer>: domain_dict construction failed, falling back to empty domains: 'DynamicObstacle' object has no attribute 'get_lane'",False,2.287144422531128
R_G1_R_G3,DEU_LocationALower-33_96_T-1,9,dpll,True,True,True,3,finite_positive,"{'R_G3': 19, 'R_G1': 3}","{'R_G3': 'finite_positive', 'R_G1': 'finite_positive'}",1,,,,False,2.3127658367156982
R_G1_R_G3,DEU_LocationALower-33_96_T-1,9,domain_dpll,True,True,True,3,finite_positive,"{'R_G3': 19, 'R_G1': 3}","{'R_G3': 'finite_positive', 'R_G1': 'finite_positive'}",1,,,"* 	<VPRepairer>: domain_dict construction failed, falling back to empty domains: 'DynamicObstacle' object has no attribute 'get_lane'",False,2.358505964279175
R_G1_R_G3,DEU_LocationALower-34_120_T-1,17,dpll,True,True,True,1,finite_positive,"{'R_G3': 15, 'R_G1': 1}","{'R_G3': 'finite_positive', 'R_G1': 'finite_positive'}",1,,,,False,2.2563910484313965
R_G1_R_G3,DEU_LocationALower-34_120_T-1,17,domain_dpll,True,True,True,1,finite_positive,"{'R_G3': 15, 'R_G1': 1}","{'R_G3': 'finite_positive', 'R_G1': 'finite_positive'}",1,,,"* 	<VPRepairer>: domain_dict construction failed, falling back to empty domains: 'DynamicObstacle' object has no attribute 'get_lane'",False,2.253596067428589
R_G1_R_G3,DEU_LocationALower-34_146_T-1,14,dpll,True,True,True,4,finite_positive,"{'R_G3': 4, 'R_G1': 12}","{'R_G3': 'finite_positive', 'R_G1': 'finite_positive'}",1,,,,False,2.233530044555664
R_G1_R_G3,DEU_LocationALower-34_146_T-1,14,domain_dpll,True,True,True,4,finite_positive,"{'R_G3': 4, 'R_G1': 12}","{'R_G3': 'finite_positive', 'R_G1': 'finite_positive'}",1,,,"* 	<VPRepairer>: domain_dict construction failed, falling back to empty domains: 'DynamicObstacle' object has no attribute 'get_lane'",False,2.220214605331421
R_G1_R_G3,DEU_LocationALower-34_147_T-1,16,dpll,True,True,True,16,finite_positive,"{'R_G3': 16, 'R_G1': 16}","{'R_G3': 'finite_positive', 'R_G1': 'finite_positive'}",1,,,,False,2.2059175968170166
R_G1_R_G3,DEU_LocationALower-34_147_T-1,16,domain_dpll,True,True,True,16,finite_positive,"{'R_G3': 16, 'R_G1': 16}","{'R_G3': 'finite_positive', 'R_G1': 'finite_positive'}",1,,,"* 	<VPRepairer>: domain_dict construction failed, falling back to empty domains: 'DynamicObstacle' object has no attribute 'get_lane'",False,2.235976457595825
R_G1_R_G3,DEU_LocationALower-34_163_T-1,15,dpll,True,True,True,1,finite_positive,"{'R_G3': 10, 'R_G1': 1}","{'R_G3': 'finite_positive', 'R_G1': 'finite_positive'}",2,,,* 	<VPRepairer>: VP repair failed for current SAT model: Infeasible lane constraint at time step 1 with prop in_same_lane__0_1.,False,2.9082112312316895
R_G1_R_G3,DEU_LocationALower-34_163_T-1,15,domain_dpll,True,True,True,1,finite_positive,"{'R_G3': 10, 'R_G1': 1}","{'R_G3': 'finite_positive', 'R_G1': 'finite_positive'}",2,,,"* 	<VPRepairer>: domain_dict construction failed, falling back to empty domains: 'DynamicObstacle' object has no attribute 'get_lane' | * 	<VPRepairer>: VP repair failed for current SAT model: Infeasible lane constraint at time step 13 with prop in_same_lane__0_1.",False,2.4139790534973145
R_G1_R_G3,DEU_LocationALower-34_179_T-1,15,dpll,True,True,True,12,finite_positive,"{'R_G3': 12, 'R_G1': 14}","{'R_G3': 'finite_positive', 'R_G1': 'finite_positive'}",1,,,,False,2.327237606048584
R_G1_R_G3,DEU_LocationALower-34_179_T-1,15,domain_dpll,True,True,True,12,finite_positive,"{'R_G3': 12, 'R_G1': 14}","{'R_G3': 'finite_positive', 'R_G1': 'finite_positive'}",1,,,"* 	<VPRepairer>: domain_dict construction failed, falling back to empty domains: 'DynamicObstacle' object has no attribute 'get_lane'",False,2.40281081199646
R_G1_R_G3,DEU_LocationALower-34_37_T-1,9,dpll,True,True,True,1,finite_positive,"{'R_G3': 6, 'R_G1': 1}","{'R_G3': 'finite_positive', 'R_G1': 'finite_positive'}",2,,,* 	<VPRepairer>: VP repair failed for current SAT model: Infeasible lane constraint at time step 18 with prop in_same_lane__0_1.,False,2.40340256690979
R_G1_R_G3,DEU_LocationALower-34_37_T-1,9,domain_dpll,True,True,True,1,finite_positive,"{'R_G3': 6, 'R_G1': 1}","{'R_G3': 'finite_positive', 'R_G1': 'finite_positive'}",2,,,"* 	<VPRepairer>: domain_dict construction failed, falling back to empty domains: 'DynamicObstacle' object has no attribute 'get_lane' | * 	<VPRepairer>: VP repair failed for current SAT model: Infeasible lane constraint at time step 18 with prop in_same_lane__0_1.",False,2.409857988357544
R_G1_R_G3,DEU_LocationALower-34_49_T-1,10,dpll,True,True,True,3,finite_positive,"{'R_G3': 3, 'R_G1': 5}","{'R_G3': 'finite_positive', 'R_G1': 'finite_positive'}",1,,,,False,2.3462975025177
R_G1_R_G3,DEU_LocationALower-34_49_T-1,10,domain_dpll,True,True,True,3,finite_positive,"{'R_G3': 3, 'R_G1': 5}","{'R_G3': 'finite_positive', 'R_G1': 'finite_positive'}",1,,,"* 	<VPRepairer>: domain_dict construction failed, falling back to empty domains: 'DynamicObstacle' object has no attribute 'get_lane'",False,2.366515874862671
R_G1_R_G3,DEU_LocationALower-34_96_T-1,14,dpll,True,True,True,1,finite_positive,"{'R_G3': 9, 'R_G1': 1}","{'R_G3': 'finite_positive', 'R_G1': 'finite_positive'}",1,,,,False,2.316859006881714
R_G1_R_G3,DEU_LocationALower-34_96_T-1,14,domain_dpll,True,True,True,1,finite_positive,"{'R_G3': 9, 'R_G1': 1}","{'R_G3': 'finite_positive', 'R_G1': 'finite_positive'}",1,,,"* 	<VPRepairer>: domain_dict construction failed, falling back to empty domains: 'DynamicObstacle' object has no attribute 'get_lane'",False,2.3414275646209717
R_G1_R_G3,DEU_LocationALower-35_126_T-1,20,dpll,True,True,True,1,finite_positive,"{'R_G3': 2, 'R_G1': 1}","{'R_G3': 'finite_positive', 'R_G1': 'finite_positive'}",1,,,,False,2.376776695251465
R_G1_R_G3,DEU_LocationALower-35_126_T-1,20,domain_dpll,True,True,True,1,finite_positive,"{'R_G3': 2, 'R_G1': 1}","{'R_G3': 'finite_positive', 'R_G1': 'finite_positive'}",1,,,"* 	<VPRepairer>: domain_dict construction failed, falling back to empty domains: 'DynamicObstacle' object has no attribute 'get_lane'",False,2.3887550830841064
R_G1_R_G3,DEU_LocationALower-35_263_T-1,12,dpll,True,True,True,1,finite_positive,"{'R_G3': 1, 'R_G1': 1}","{'R_G3': 'finite_positive', 'R_G1': 'finite_positive'}",1,,,,False,2.3476521968841553
R_G1_R_G3,DEU_LocationALower-35_263_T-1,12,domain_dpll,True,True,True,1,finite_positive,"{'R_G3': 1, 'R_G1': 1}","{'R_G3': 'finite_positive', 'R_G1': 'finite_positive'}",1,,,"* 	<VPRepairer>: domain_dict construction failed, falling back to empty domains: 'DynamicObstacle' object has no attribute 'get_lane'",False,2.3447048664093018
R_G1_R_G3,DEU_LocationALower-35_34_T-1,19,dpll,True,True,True,2,finite_positive,"{'R_G3': 14, 'R_G1': 2}","{'R_G3': 'finite_positive', 'R_G1': 'finite_positive'}",1,,,,False,2.3825621604919434
R_G1_R_G3,DEU_LocationALower-35_34_T-1,19,domain_dpll,True,True,True,2,finite_positive,"{'R_G3': 14, 'R_G1': 2}","{'R_G3': 'finite_positive', 'R_G1': 'finite_positive'}",1,,,"* 	<VPRepairer>: domain_dict construction failed, falling back to empty domains: 'DynamicObstacle' object has no attribute 'get_lane'",False,2.3786866664886475
R_G1_R_G3,DEU_LocationALower-36_113_T-1,14,dpll,True,True,True,9,finite_positive,"{'R_G3': 9, 'R_G1': 12}","{'R_G3': 'finite_positive', 'R_G1': 'finite_positive'}",1,,,,False,2.356055498123169
R_G1_R_G3,DEU_LocationALower-36_113_T-1,14,domain_dpll,True,True,True,9,finite_positive,"{'R_G3': 9, 'R_G1': 12}","{'R_G3': 'finite_positive', 'R_G1': 'finite_positive'}",1,,,"* 	<VPRepairer>: domain_dict construction failed, falling back to empty domains: 'DynamicObstacle' object has no attribute 'get_lane'",False,2.4101474285125732
R_G1_R_G3,DEU_LocationALower-36_123_T-1,15,dpll,True,True,True,1,finite_positive,"{'R_G3': 19, 'R_G1': 1}","{'R_G3': 'finite_positive', 'R_G1': 'finite_positive'}",2,,,* 	<VPRepairer>: VP repair failed for current SAT model: Infeasible lane constraint at time step 11 with prop in_same_lane__0_1.,False,2.32627272605896
R_G1_R_G3,DEU_LocationALower-36_123_T-1,15,domain_dpll,True,True,True,1,finite_positive,"{'R_G3': 19, 'R_G1': 1}","{'R_G3': 'finite_positive', 'R_G1': 'finite_positive'}",2,,,"* 	<VPRepairer>: domain_dict construction failed, falling back to empty domains: 'DynamicObstacle' object has no attribute 'get_lane' | * 	<VPRepairer>: VP repair failed for current SAT model: Infeasible lane constraint at time step 11 with prop in_same_lane__0_1.",False,2.2969799041748047
R_G1_R_G3,DEU_LocationALower-36_208_T-1,8,dpll,True,True,True,1,finite_positive,"{'R_G3': 3, 'R_G1': 1}","{'R_G3': 'finite_positive', 'R_G1': 'finite_positive'}",2,,,* 	<VPRepairer>: VP repair failed for current SAT model: Infeasible lane constraint at time step 9 with prop in_same_lane__0_1.,False,2.3372929096221924
R_G1_R_G3,DEU_LocationALower-36_208_T-1,8,domain_dpll,True,True,True,1,finite_positive,"{'R_G3': 3, 'R_G1': 1}","{'R_G3': 'finite_positive', 'R_G1': 'finite_positive'}",2,,,"* 	<VPRepairer>: domain_dict construction failed, falling back to empty domains: 'DynamicObstacle' object has no attribute 'get_lane' | * 	<VPRepairer>: VP repair failed for current SAT model: Infeasible lane constraint at time step 9 with prop in_same_lane__0_1.",False,2.2933950424194336
R_G1_R_G3,DEU_LocationALower-36_236_T-1,6,dpll,True,True,True,1,finite_positive,"{'R_G3': 1, 'R_G1': 3}","{'R_G3': 'finite_positive', 'R_G1': 'finite_positive'}",1,,,,False,2.1740148067474365
R_G1_R_G3,DEU_LocationALower-36_236_T-1,6,domain_dpll,True,True,True,1,finite_positive,"{'R_G3': 1, 'R_G1': 3}","{'R_G3': 'finite_positive', 'R_G1': 'finite_positive'}",1,,,"* 	<VPRepairer>: domain_dict construction failed, falling back to empty domains: 'DynamicObstacle' object has no attribute 'get_lane'",False,2.180840015411377
R_G1_R_G3,DEU_LocationALower-36_269_T-1,18,dpll,True,True,True,1,finite_positive,"{'R_G3': 4, 'R_G1': 1}","{'R_G3': 'finite_positive', 'R_G1': 'finite_positive'}",1,,,,False,3.0660393238067627
R_G1_R_G3,DEU_LocationALower-36_269_T-1,18,domain_dpll,True,True,True,1,finite_positive,"{'R_G3': 4, 'R_G1': 1}","{'R_G3': 'finite_positive', 'R_G1': 'finite_positive'}",1,,,"* 	<VPRepairer>: domain_dict construction failed, falling back to empty domains: 'DynamicObstacle' object has no attribute 'get_lane'",False,2.4635581970214844
R_G1_R_G3,DEU_LocationALower-36_291_T-1,13,dpll,True,True,True,1,finite_positive,"{'R_G3': 19, 'R_G1': 1}","{'R_G3': 'finite_positive', 'R_G1': 'finite_positive'}",1,,,,False,2.397632360458374
R_G1_R_G3,DEU_LocationALower-36_291_T-1,13,domain_dpll,True,True,True,1,finite_positive,"{'R_G3': 19, 'R_G1': 1}","{'R_G3': 'finite_positive', 'R_G1': 'finite_positive'}",1,,,"* 	<VPRepairer>: domain_dict construction failed, falling back to empty domains: 'DynamicObstacle' object has no attribute 'get_lane'",False,2.438439130783081
R_G1_R_G3,DEU_LocationALower-36_61_T-1,9,dpll,True,True,True,1,finite_positive,"{'R_G3': 15, 'R_G1': 1}","{'R_G3': 'finite_positive', 'R_G1': 'finite_positive'}",2,,,* 	<VPRepairer>: VP repair failed for current SAT model: Infeasible lane constraint at time step 19 with prop in_same_lane__0_1.,False,2.3369452953338623
R_G1_R_G3,DEU_LocationALower-36_61_T-1,9,domain_dpll,True,True,True,1,finite_positive,"{'R_G3': 15, 'R_G1': 1}","{'R_G3': 'finite_positive', 'R_G1': 'finite_positive'}",2,,,"* 	<VPRepairer>: domain_dict construction failed, falling back to empty domains: 'DynamicObstacle' object has no attribute 'get_lane' | * 	<VPRepairer>: VP repair failed for current SAT model: Infeasible lane constraint at time step 19 with prop in_same_lane__0_1.",False,2.3848354816436768
R_G1_R_G3,DEU_LocationALower-37_1_T-1,11,dpll,True,True,True,1,finite_positive,"{'R_G3': 1, 'R_G1': 1}","{'R_G3': 'finite_positive', 'R_G1': 'finite_positive'}",2,,,* 	<VPRepairer>: VP repair failed for current SAT model: Infeasible lane constraint at time step 14 with prop in_same_lane__0_1.,False,2.49307918548584
R_G1_R_G3,DEU_LocationALower-37_1_T-1,11,domain_dpll,True,True,True,1,finite_positive,"{'R_G3': 1, 'R_G1': 1}","{'R_G3': 'finite_positive', 'R_G1': 'finite_positive'}",2,,,"* 	<VPRepairer>: domain_dict construction failed, falling back to empty domains: 'DynamicObstacle' object has no attribute 'get_lane' | * 	<VPRepairer>: VP repair failed for current SAT model: Infeasible lane constraint at time step 14 with prop in_same_lane__0_1.",False,2.520427942276001
R_G1_R_G3,DEU_LocationALower-37_205_T-1,15,dpll,True,True,True,1,finite_positive,"{'R_G3': 17, 'R_G1': 1}","{'R_G3': 'finite_positive', 'R_G1': 'finite_positive'}",1,,,,False,2.437098264694214
R_G1_R_G3,DEU_LocationALower-37_205_T-1,15,domain_dpll,True,True,True,1,finite_positive,"{'R_G3': 17, 'R_G1': 1}","{'R_G3': 'finite_positive', 'R_G1': 'finite_positive'}",2,,,"* 	<VPRepairer>: domain_dict construction failed, falling back to empty domains: 'DynamicObstacle' object has no attribute 'get_lane' | * 	<VPRepairer>: VP repair failed for current SAT model: Infeasible lane constraint at time step 18 with prop in_same_lane__0_1.",False,2.406348466873169
R_G1_R_G3,DEU_LocationALower-37_231_T-1,23,dpll,True,True,True,1,finite_positive,"{'R_G3': 17, 'R_G1': 1}","{'R_G3': 'finite_positive', 'R_G1': 'finite_positive'}",1,,,,False,2.618042230606079
R_G1_R_G3,DEU_LocationALower-37_231_T-1,23,domain_dpll,True,True,True,1,finite_positive,"{'R_G3': 17, 'R_G1': 1}","{'R_G3': 'finite_positive', 'R_G1': 'finite_positive'}",1,,,"* 	<VPRepairer>: domain_dict construction failed, falling back to empty domains: 'DynamicObstacle' object has no attribute 'get_lane'",False,2.5655603408813477
R_G1_R_G3,DEU_LocationALower-37_240_T-1,8,dpll,True,True,True,1,finite_positive,"{'R_G3': 14, 'R_G1': 1}","{'R_G3': 'finite_positive', 'R_G1': 'finite_positive'}",1,,,,False,2.3523142337799072
R_G1_R_G3,DEU_LocationALower-37_240_T-1,8,domain_dpll,True,True,True,1,finite_positive,"{'R_G3': 14, 'R_G1': 1}","{'R_G3': 'finite_positive', 'R_G1': 'finite_positive'}",1,,,"* 	<VPRepairer>: domain_dict construction failed, falling back to empty domains: 'DynamicObstacle' object has no attribute 'get_lane'",False,2.3372299671173096
R_G1_R_G3,DEU_LocationALower-37_4_T-1,22,dpll,True,True,True,1,finite_positive,"{'R_G3': 3, 'R_G1': 1}","{'R_G3': 'finite_positive', 'R_G1': 'finite_positive'}",1,,,,False,2.5238077640533447
R_G1_R_G3,DEU_LocationALower-37_4_T-1,22,domain_dpll,True,True,True,1,finite_positive,"{'R_G3': 3, 'R_G1': 1}","{'R_G3': 'finite_positive', 'R_G1': 'finite_positive'}",1,,,"* 	<VPRepairer>: domain_dict construction failed, falling back to empty domains: 'DynamicObstacle' object has no attribute 'get_lane'",False,2.5297813415527344
R_G1_R_G3,DEU_LocationALower-11_102_T-1,16,dpll,True,True,True,1,finite_positive,"{'R_G3': 9, 'R_G1': 1}","{'R_G3': 'finite_positive', 'R_G1': 'finite_positive'}",1,,,,False,2.4018168449401855
R_G1_R_G3,DEU_LocationALower-11_102_T-1,16,domain_dpll,True,True,True,1,finite_positive,"{'R_G3': 9, 'R_G1': 1}","{'R_G3': 'finite_positive', 'R_G1': 'finite_positive'}",1,,,"* 	<VPRepairer>: domain_dict construction failed, falling back to empty domains: 'DynamicObstacle' object has no attribute 'get_lane'",False,2.3752758502960205
R_G1_R_G3,DEU_LocationALower-11_110_T-1,16,dpll,True,True,True,1,finite_positive,"{'R_G3': 2, 'R_G1': 1}","{'R_G3': 'finite_positive', 'R_G1': 'finite_positive'}",1,,,,False,2.580688953399658
R_G1_R_G3,DEU_LocationALower-11_110_T-1,16,domain_dpll,True,True,True,1,finite_positive,"{'R_G3': 2, 'R_G1': 1}","{'R_G3': 'finite_positive', 'R_G1': 'finite_positive'}",1,,,"* 	<VPRepairer>: domain_dict construction failed, falling back to empty domains: 'DynamicObstacle' object has no attribute 'get_lane'",False,2.5727767944335938
R_G1_R_G3,DEU_LocationALower-11_131_T-1,18,dpll,True,True,True,1,finite_positive,"{'R_G3': 19, 'R_G1': 1}","{'R_G3': 'finite_positive', 'R_G1': 'finite_positive'}",1,,,,False,2.6526997089385986
R_G1_R_G3,DEU_LocationALower-11_131_T-1,18,domain_dpll,True,True,True,1,finite_positive,"{'R_G3': 19, 'R_G1': 1}","{'R_G3': 'finite_positive', 'R_G1': 'finite_positive'}",1,,,"* 	<VPRepairer>: domain_dict construction failed, falling back to empty domains: 'DynamicObstacle' object has no attribute 'get_lane'",False,2.5800254344940186
R_G1_R_G3,DEU_LocationALower-11_4_T-1,18,dpll,True,True,True,1,finite_positive,"{'R_G3': 1, 'R_G1': 1}","{'R_G3': 'finite_positive', 'R_G1': 'finite_positive'}",1,,,,False,2.4877984523773193
R_G1_R_G3,DEU_LocationALower-11_4_T-1,18,domain_dpll,True,True,True,1,finite_positive,"{'R_G3': 1, 'R_G1': 1}","{'R_G3': 'finite_positive', 'R_G1': 'finite_positive'}",1,,,"* 	<VPRepairer>: domain_dict construction failed, falling back to empty domains: 'DynamicObstacle' object has no attribute 'get_lane'",False,2.4902873039245605
R_G1_R_G3,DEU_LocationALower-11_43_T-1,17,dpll,True,True,True,1,finite_positive,"{'R_G3': 8, 'R_G1': 1}","{'R_G3': 'finite_positive', 'R_G1': 'finite_positive'}",1,,,,False,3.2972421646118164
R_G1_R_G3,DEU_LocationALower-11_43_T-1,17,domain_dpll,True,True,True,1,finite_positive,"{'R_G3': 8, 'R_G1': 1}","{'R_G3': 'finite_positive', 'R_G1': 'finite_positive'}",1,,,"* 	<VPRepairer>: domain_dict construction failed, falling back to empty domains: 'DynamicObstacle' object has no attribute 'get_lane'",False,2.57119083404541
R_G1_R_G3,DEU_LocationALower-11_56_T-1,15,dpll,True,True,True,1,finite_positive,"{'R_G3': 1, 'R_G1': 1}","{'R_G3': 'finite_positive', 'R_G1': 'finite_positive'}",1,,,,False,2.5168004035949707
R_G1_R_G3,DEU_LocationALower-11_56_T-1,15,domain_dpll,True,True,True,1,finite_positive,"{'R_G3': 1, 'R_G1': 1}","{'R_G3': 'finite_positive', 'R_G1': 'finite_positive'}",1,,,"* 	<VPRepairer>: domain_dict construction failed, falling back to empty domains: 'DynamicObstacle' object has no attribute 'get_lane'",False,2.5169296264648438
R_G1_R_G3,DEU_LocationALower-11_64_T-1,18,dpll,True,True,True,15,finite_positive,"{'R_G3': 15, 'R_G1': 15}","{'R_G3': 'finite_positive', 'R_G1': 'finite_positive'}",1,,,,False,2.4933114051818848
R_G1_R_G3,DEU_LocationALower-11_64_T-1,18,domain_dpll,True,True,True,15,finite_positive,"{'R_G3': 15, 'R_G1': 15}","{'R_G3': 'finite_positive', 'R_G1': 'finite_positive'}",1,,,"* 	<VPRepairer>: domain_dict construction failed, falling back to empty domains: 'DynamicObstacle' object has no attribute 'get_lane'",False,2.4761962890625
R_G1_R_G3,DEU_LocationALower-12_109_T-1,20,dpll,True,True,True,1,finite_positive,"{'R_G3': 8, 'R_G1': 1}","{'R_G3': 'finite_positive', 'R_G1': 'finite_positive'}",1,,,,False,2.583641290664673
R_G1_R_G3,DEU_LocationALower-12_109_T-1,20,domain_dpll,True,True,True,1,finite_positive,"{'R_G3': 8, 'R_G1': 1}","{'R_G3': 'finite_positive', 'R_G1': 'finite_positive'}",1,,,"* 	<VPRepairer>: domain_dict construction failed, falling back to empty domains: 'DynamicObstacle' object has no attribute 'get_lane'",False,2.547468662261963
R_G1_R_G3,DEU_LocationALower-12_167_T-1,12,dpll,True,True,True,2,finite_positive,"{'R_G3': 11, 'R_G1': 2}","{'R_G3': 'finite_positive', 'R_G1': 'finite_positive'}",2,,,* 	<VPRepairer>: VP repair failed for current SAT model: Infeasible lane constraint at time step 19 with prop in_same_lane__0_1.,False,2.4698235988616943
R_G1_R_G3,DEU_LocationALower-12_167_T-1,12,domain_dpll,True,True,True,2,finite_positive,"{'R_G3': 11, 'R_G1': 2}","{'R_G3': 'finite_positive', 'R_G1': 'finite_positive'}",2,,,"* 	<VPRepairer>: domain_dict construction failed, falling back to empty domains: 'DynamicObstacle' object has no attribute 'get_lane' | * 	<VPRepairer>: VP repair failed for current SAT model: Infeasible lane constraint at time step 19 with prop in_same_lane__0_1.",False,2.4276015758514404
R_G1_R_G3,DEU_LocationALower-12_217_T-1,14,dpll,True,True,True,6,finite_positive,"{'R_G3': 6, 'R_G1': 17}","{'R_G3': 'finite_positive', 'R_G1': 'finite_positive'}",1,,,,False,2.5150790214538574
R_G1_R_G3,DEU_LocationALower-12_217_T-1,14,domain_dpll,True,True,True,6,finite_positive,"{'R_G3': 6, 'R_G1': 17}","{'R_G3': 'finite_positive', 'R_G1': 'finite_positive'}",1,,,"* 	<VPRepairer>: domain_dict construction failed, falling back to empty domains: 'DynamicObstacle' object has no attribute 'get_lane'",False,2.479492664337158
R_G1_R_G3,DEU_LocationALower-12_52_T-1,26,dpll,True,True,True,1,finite_positive,"{'R_G3': 14, 'R_G1': 1}","{'R_G3': 'finite_positive', 'R_G1': 'finite_positive'}",1,,,,False,2.5355660915374756
R_G1_R_G3,DEU_LocationALower-12_52_T-1,26,domain_dpll,True,True,True,1,finite_positive,"{'R_G3': 14, 'R_G1': 1}","{'R_G3': 'finite_positive', 'R_G1': 'finite_positive'}",1,,,"* 	<VPRepairer>: domain_dict construction failed, falling back to empty domains: 'DynamicObstacle' object has no attribute 'get_lane'",False,2.582669734954834
R_G1_R_G3,DEU_LocationALower-13_162_T-1,21,dpll,True,True,True,10,finite_positive,"{'R_G3': 10, 'R_G1': 17}","{'R_G3': 'finite_positive', 'R_G1': 'finite_positive'}",1,,,,False,2.3913614749908447
R_G1_R_G3,DEU_LocationALower-13_162_T-1,21,domain_dpll,True,True,True,10,finite_positive,"{'R_G3': 10, 'R_G1': 17}","{'R_G3': 'finite_positive', 'R_G1': 'finite_positive'}",1,,,"* 	<VPRepairer>: domain_dict construction failed, falling back to empty domains: 'DynamicObstacle' object has no attribute 'get_lane'",False,2.4371402263641357
R_G1_R_G3,DEU_LocationALower-13_167_T-1,17,dpll,True,True,True,2,finite_positive,"{'R_G3': 2, 'R_G1': 8}","{'R_G3': 'finite_positive', 'R_G1': 'finite_positive'}",1,,,,False,2.4717366695404053
R_G1_R_G3,DEU_LocationALower-13_167_T-1,17,domain_dpll,True,True,True,2,finite_positive,"{'R_G3': 2, 'R_G1': 8}","{'R_G3': 'finite_positive', 'R_G1': 'finite_positive'}",1,,,"* 	<VPRepairer>: domain_dict construction failed, falling back to empty domains: 'DynamicObstacle' object has no attribute 'get_lane'",False,2.4246230125427246
R_G1_R_G3,DEU_LocationALower-13_168_T-1,12,dpll,True,True,False,6,finite_positive,"{'R_G3': 6, 'R_G1': 15}","{'R_G3': 'finite_positive', 'R_G1': 'finite_positive'}",4,,repair returned None,* 	<VPRepairer>: VP repair failed for current SAT model: LP failed: The problem is infeasible. (HiGHS Status 8: model_status is Infeasible; primal_status is None) | * 	<VPRepairer>: VP repair failed for current SAT model: LP failed: The problem is infeasible. (HiGHS Status 8: model_status is Infeasible; primal_status is None) | * 	<VPRepairer>: VP repair failed for current SAT model: LP failed: The problem is infeasible. (HiGHS Status 8: model_status is Infeasible; primal_status is None) | * 	<VPRepairer>: VP repair failed for current SAT model: LP failed: The problem is infeasible. (HiGHS Status 8: model_status is Infeasible; primal_status is None) | *******   Repairing Failed ಠ_ಠ with 5 iteration(s)  *******,True,2.3995401859283447
R_G1_R_G3,DEU_LocationALower-13_168_T-1,12,domain_dpll,True,True,False,6,finite_positive,"{'R_G3': 6, 'R_G1': 15}","{'R_G3': 'finite_positive', 'R_G1': 'finite_positive'}",4,,repair returned None,"* 	<VPRepairer>: domain_dict construction failed, falling back to empty domains: 'DynamicObstacle' object has no attribute 'get_lane' | * 	<VPRepairer>: VP repair failed for current SAT model: LP failed: The problem is infeasible. (HiGHS Status 8: model_status is Infeasible; primal_status is None) | * 	<VPRepairer>: VP repair failed for current SAT model: Infeasible lane constraint at time step 1 with prop in_same_lane__0_1. | * 	<VPRepairer>: VP repair failed for current SAT model: LP failed: The problem is infeasible. (HiGHS Status 8: model_status is Infeasible; primal_status is None) | * 	<VPRepairer>: VP repair failed for current SAT model: LP failed: The problem is infeasible. (HiGHS Status 8: model_status is Infeasible; primal_status is None) | *******   Repairing Failed ಠ_ಠ with 5 iteration(s)  *******",True,2.355046510696411
R_IN1,DEU_AachenBendplatz-1_155320_T-5339,10335,dpll,True,True,True,4,finite_positive,{'R_IN1': 4},{'R_IN1': 'finite_positive'},1,,,,False,1.8353221416473389
R_IN1,DEU_AachenBendplatz-1_155320_T-5339,10335,domain_dpll,True,True,True,4,finite_positive,{'R_IN1': 4},{'R_IN1': 'finite_positive'},1,,,,False,1.7905762195587158
R_IN1,DEU_AachenBendplatz-1_75140_T-5159,10203,dpll,True,True,True,2,finite_positive,{'R_IN1': 2},{'R_IN1': 'finite_positive'},1,,,,False,1.808619737625122
R_IN1,DEU_AachenBendplatz-1_75140_T-5159,10203,domain_dpll,True,True,True,2,finite_positive,{'R_IN1': 2},{'R_IN1': 'finite_positive'},1,,,,False,2.372063398361206
R_IN1,DEU_AachenBendplatz-1_171600_T-1619,10125,dpll,True,True,True,2,finite_positive,{'R_IN1': 2},{'R_IN1': 'finite_positive'},1,,,,False,1.8269085884094238
R_IN1,DEU_AachenBendplatz-1_171600_T-1619,10125,domain_dpll,True,True,True,2,finite_positive,{'R_IN1': 2},{'R_IN1': 'finite_positive'},1,,,,False,1.8780975341796875
R_IN1,DEU_AachenBendplatz-1_124700_T-4719,10320,dpll,True,True,True,2,finite_positive,{'R_IN1': 2},{'R_IN1': 'finite_positive'},1,,,Error occurred while planning route: Planner <commonroad_route_planner.planners.networkx.NetworkxRoutePlanner object at 0x7821ae0ffd30> could not find a single route,False,1.7513420581817627
R_IN1,DEU_AachenBendplatz-1_124700_T-4719,10320,domain_dpll,True,True,True,2,finite_positive,{'R_IN1': 2},{'R_IN1': 'finite_positive'},1,,,Error occurred while planning route: Planner <commonroad_route_planner.planners.networkx.NetworkxRoutePlanner object at 0x7821d53367a0> could not find a single route,False,1.734682321548462
R_IN1,DEU_AachenBendplatz-1_12700_T-719,10035,dpll,True,True,True,4,finite_positive,{'R_IN1': 4},{'R_IN1': 'finite_positive'},1,,,,False,1.8191192150115967
R_IN1,DEU_AachenBendplatz-1_12700_T-719,10035,domain_dpll,True,True,True,4,finite_positive,{'R_IN1': 4},{'R_IN1': 'finite_positive'},1,,,,False,1.743091106414795
R_IN1,DEU_AachenBendplatz-1_162800_T-2819,10214,dpll,True,True,True,4,finite_positive,{'R_IN1': 4},{'R_IN1': 'finite_positive'},1,,,,False,1.8162081241607666
R_IN1,DEU_AachenBendplatz-1_162800_T-2819,10214,domain_dpll,True,True,True,4,finite_positive,{'R_IN1': 4},{'R_IN1': 'finite_positive'},1,,,,False,1.7622435092926025
R_IN1,DEU_AachenBendplatz-1_134900_T-4919,10351,dpll,True,True,False,5,finite_positive,{'R_IN1': 5},{'R_IN1': 'finite_positive'},5,,repair returned None,* 	<VPRepairer>: VP repair failed for current SAT model: x and/or y coordinate outside of projection domain | * 	<VPRepairer>: VP repair failed for current SAT model: x and/or y coordinate outside of projection domain | * 	<VPRepairer>: VP repair failed for current SAT model: x and/or y coordinate outside of projection domain | * 	<VPRepairer>: VP repair failed for current SAT model: x and/or y coordinate outside of projection domain | * 	<VPRepairer>: VP repair failed for current SAT model: x and/or y coordinate outside of projection domain | *******   Repairing Failed ಠ_ಠ with 6 iteration(s)  *******,True,2.0676238536834717
R_IN1,DEU_AachenBendplatz-1_134900_T-4919,10351,domain_dpll,True,True,False,5,finite_positive,{'R_IN1': 5},{'R_IN1': 'finite_positive'},2,,repair returned None,* 	<VPRepairer>: VP repair failed for current SAT model: x and/or y coordinate outside of projection domain | * 	<VPRepairer>: VP repair failed for current SAT model: x and/or y coordinate outside of projection domain | *******   Repairing Failed ಠ_ಠ with 3 iteration(s)  *******,True,2.0405750274658203
R_IN1,DEU_AachenBendplatz-1_172260_T-2279,10176,dpll,True,True,False,4,finite_positive,{'R_IN1': 4},{'R_IN1': 'finite_positive'},5,,repair returned None,* 	<VPRepairer>: VP repair failed for current SAT model: x and/or y coordinate outside of projection domain | * 	<VPRepairer>: VP repair failed for current SAT model: x and/or y coordinate outside of projection domain | * 	<VPRepairer>: VP repair failed for current SAT model: x and/or y coordinate outside of projection domain | * 	<VPRepairer>: VP repair failed for current SAT model: x and/or y coordinate outside of projection domain | * 	<VPRepairer>: VP repair failed for current SAT model: x and/or y coordinate outside of projection domain | *******   Repairing Failed ಠ_ಠ with 6 iteration(s)  *******,True,2.2565102577209473
R_IN1,DEU_AachenBendplatz-1_172260_T-2279,10176,domain_dpll,True,True,False,4,finite_positive,{'R_IN1': 4},{'R_IN1': 'finite_positive'},2,,repair returned None,* 	<VPRepairer>: VP repair failed for current SAT model: x and/or y coordinate outside of projection domain | * 	<VPRepairer>: VP repair failed for current SAT model: x and/or y coordinate outside of projection domain | *******   Repairing Failed ಠ_ಠ with 3 iteration(s)  *******,True,2.2580764293670654
R_IN1,DEU_AachenBendplatz-1_123940_T-3959,10258,dpll,True,True,True,4,finite_positive,{'R_IN1': 4},{'R_IN1': 'finite_positive'},1,,,,False,2.109165906906128
R_IN1,DEU_AachenBendplatz-1_123940_T-3959,10258,domain_dpll,True,True,True,4,finite_positive,{'R_IN1': 4},{'R_IN1': 'finite_positive'},1,,,,False,2.0506479740142822
R_IN1,DEU_AachenBendplatz-1_85160_T-5179,10405,dpll,True,True,False,5,finite_positive,{'R_IN1': 5},{'R_IN1': 'finite_positive'},5,,repair returned None,* 	<VPRepairer>: VP repair failed for current SAT model: x and/or y coordinate outside of projection domain | * 	<VPRepairer>: VP repair failed for current SAT model: x and/or y coordinate outside of projection domain | * 	<VPRepairer>: VP repair failed for current SAT model: x and/or y coordinate outside of projection domain | * 	<VPRepairer>: VP repair failed for current SAT model: x and/or y coordinate outside of projection domain | * 	<VPRepairer>: VP repair failed for current SAT model: x and/or y coordinate outside of projection domain | *******   Repairing Failed ಠ_ಠ with 6 iteration(s)  *******,True,1.9398274421691895
R_IN1,DEU_AachenBendplatz-1_85160_T-5179,10405,domain_dpll,True,True,False,5,finite_positive,{'R_IN1': 5},{'R_IN1': 'finite_positive'},2,,repair returned None,* 	<VPRepairer>: VP repair failed for current SAT model: x and/or y coordinate outside of projection domain | * 	<VPRepairer>: VP repair failed for current SAT model: x and/or y coordinate outside of projection domain | *******   Repairing Failed ಠ_ಠ with 3 iteration(s)  *******,True,1.8607842922210693
R_IN1,DEU_AachenBendplatz-1_141540_T-1559,10095,dpll,True,True,True,5,finite_positive,{'R_IN1': 5},{'R_IN1': 'finite_positive'},1,,,,False,1.8910408020019531
R_IN1,DEU_AachenBendplatz-1_141540_T-1559,10095,domain_dpll,True,True,True,5,finite_positive,{'R_IN1': 5},{'R_IN1': 'finite_positive'},1,,,,False,1.8052177429199219
R_IN1,DEU_AachenBendplatz-1_91260_T-1279,10075,dpll,True,True,True,5,finite_positive,{'R_IN1': 5},{'R_IN1': 'finite_positive'},1,,,Error occurred while planning route: Planner <commonroad_route_planner.planners.networkx.NetworkxRoutePlanner object at 0x7821d4b41240> could not find a single route,False,1.9106481075286865
R_IN1,DEU_AachenBendplatz-1_91260_T-1279,10075,domain_dpll,True,True,True,5,finite_positive,{'R_IN1': 5},{'R_IN1': 'finite_positive'},1,,,Error occurred while planning route: Planner <commonroad_route_planner.planners.networkx.NetworkxRoutePlanner object at 0x7822043006d0> could not find a single route,False,1.837803840637207
R_IN1,DEU_AachenBendplatz-1_91280_T-1299,10079,dpll,True,True,True,5,finite_positive,{'R_IN1': 5},{'R_IN1': 'finite_positive'},1,,,Error occurred while planning route: Planner <commonroad_route_planner.planners.networkx.NetworkxRoutePlanner object at 0x7821ad987520> could not find a single route | Error occurred while planning route: Planner <commonroad_route_planner.planners.networkx.NetworkxRoutePlanner object at 0x7821ad985210> could not find a single route,False,2.648552894592285
R_IN1,DEU_AachenBendplatz-1_91280_T-1299,10079,domain_dpll,True,True,True,5,finite_positive,{'R_IN1': 5},{'R_IN1': 'finite_positive'},1,,,Error occurred while planning route: Planner <commonroad_route_planner.planners.networkx.NetworkxRoutePlanner object at 0x7821ad3d0a90> could not find a single route | Error occurred while planning route: Planner <commonroad_route_planner.planners.networkx.NetworkxRoutePlanner object at 0x7821ae71b760> could not find a single route,False,1.9810001850128174
R_IN1,DEU_AachenBendplatz-1_85140_T-5159,10407,dpll,True,True,True,5,finite_positive,{'R_IN1': 5},{'R_IN1': 'finite_positive'},1,,,,False,1.9138984680175781
R_IN1,DEU_AachenBendplatz-1_85140_T-5159,10407,domain_dpll,True,True,True,5,finite_positive,{'R_IN1': 5},{'R_IN1': 'finite_positive'},1,,,,False,1.8963932991027832
R_IN1,DEU_AachenBendplatz-1_13540_T-559,10040,dpll,True,True,True,5,finite_positive,{'R_IN1': 5},{'R_IN1': 'finite_positive'},1,,,,False,1.9554190635681152
R_IN1,DEU_AachenBendplatz-1_13540_T-559,10040,domain_dpll,True,True,True,5,finite_positive,{'R_IN1': 5},{'R_IN1': 'finite_positive'},1,,,,False,1.9078714847564697
R_IN1,DEU_AachenBendplatz-1_154520_T-4539,10285,dpll,True,True,True,5,finite_positive,{'R_IN1': 5},{'R_IN1': 'finite_positive'},1,,,,False,1.8607187271118164
R_IN1,DEU_AachenBendplatz-1_154520_T-4539,10285,domain_dpll,True,True,True,5,finite_positive,{'R_IN1': 5},{'R_IN1': 'finite_positive'},1,,,,False,1.8371708393096924
R_IN1,DEU_AachenBendplatz-1_93520_T-3539,10208,dpll,True,True,True,6,finite_positive,{'R_IN1': 6},{'R_IN1': 'finite_positive'},1,,,,False,1.9075446128845215
R_IN1,DEU_AachenBendplatz-1_93520_T-3539,10208,domain_dpll,True,True,True,6,finite_positive,{'R_IN1': 6},{'R_IN1': 'finite_positive'},1,,,,False,1.8364646434783936
R_IN1,DEU_AachenBendplatz-1_143020_T-3039,10228,dpll,True,True,True,4,finite_positive,{'R_IN1': 4},{'R_IN1': 'finite_positive'},1,,,,False,1.8414292335510254
R_IN1,DEU_AachenBendplatz-1_143020_T-3039,10228,domain_dpll,True,True,True,4,finite_positive,{'R_IN1': 4},{'R_IN1': 'finite_positive'},1,,,,False,1.7916269302368164
R_IN1,DEU_AachenBendplatz-1_132600_T-2619,10185,dpll,True,True,True,7,finite_positive,{'R_IN1': 7},{'R_IN1': 'finite_positive'},1,,,,False,2.1707923412323
R_IN1,DEU_AachenBendplatz-1_132600_T-2619,10185,domain_dpll,True,True,True,7,finite_positive,{'R_IN1': 7},{'R_IN1': 'finite_positive'},1,,,,False,2.158928871154785
R_IN1,DEU_AachenBendplatz-1_11500_T-519,10043,dpll,True,True,False,6,finite_positive,{'R_IN1': 6},{'R_IN1': 'finite_positive'},5,,repair returned None,* 	<VPRepairer>: VP repair failed for current SAT model: Reference path misaligned. Max. allowed orientation difference is 1.5707963267948966 | * 	<VPRepairer>: VP repair failed for current SAT model: Reference path misaligned. Max. allowed orientation difference is 1.5707963267948966 | * 	<VPRepairer>: VP repair failed for current SAT model: Reference path misaligned. Max. allowed orientation difference is 1.5707963267948966 | * 	<VPRepairer>: VP repair failed for current SAT model: Reference path misaligned. Max. allowed orientation difference is 1.5707963267948966 | * 	<VPRepairer>: VP repair failed for current SAT model: Reference path misaligned. Max. allowed orientation difference is 1.5707963267948966 | *******   Repairing Failed ಠ_ಠ with 6 iteration(s)  *******,True,1.9001493453979492
R_IN1,DEU_AachenBendplatz-1_11500_T-519,10043,domain_dpll,True,True,False,6,finite_positive,{'R_IN1': 6},{'R_IN1': 'finite_positive'},3,,repair returned None,* 	<VPRepairer>: VP repair failed for current SAT model: Reference path misaligned. Max. allowed orientation difference is 1.5707963267948966 | * 	<VPRepairer>: VP repair failed for current SAT model: Reference path misaligned. Max. allowed orientation difference is 1.5707963267948966 | * 	<VPRepairer>: VP repair failed for current SAT model: Reference path misaligned. Max. allowed orientation difference is 1.5707963267948966 | *******   Repairing Failed ಠ_ಠ with 4 iteration(s)  *******,True,1.8568203449249268
R_IN1,DEU_AachenBendplatz-1_124040_T-4059,10264,dpll,True,True,True,6,finite_positive,{'R_IN1': 6},{'R_IN1': 'finite_positive'},1,,,,False,1.8927056789398193
R_IN1,DEU_AachenBendplatz-1_124040_T-4059,10264,domain_dpll,True,True,True,6,finite_positive,{'R_IN1': 6},{'R_IN1': 'finite_positive'},1,,,,False,1.8686730861663818
R_IN1,DEU_AachenBendplatz-1_113780_T-3799,10256,dpll,True,True,True,7,finite_positive,{'R_IN1': 7},{'R_IN1': 'finite_positive'},1,,,,False,1.9660592079162598
R_IN1,DEU_AachenBendplatz-1_113780_T-3799,10256,domain_dpll,True,True,True,7,finite_positive,{'R_IN1': 7},{'R_IN1': 'finite_positive'},1,,,,False,1.891983985900879
R_IN1,DEU_AachenBendplatz-1_71760_T-1779,10074,dpll,True,True,True,4,finite_positive,{'R_IN1': 4},{'R_IN1': 'finite_positive'},1,,,Error occurred while planning route: Planner <commonroad_route_planner.planners.networkx.NetworkxRoutePlanner object at 0x7821d4fb4f40> could not find a single route,False,1.9985854625701904
R_IN1,DEU_AachenBendplatz-1_71760_T-1779,10074,domain_dpll,True,True,True,4,finite_positive,{'R_IN1': 4},{'R_IN1': 'finite_positive'},1,,,Error occurred while planning route: Planner <commonroad_route_planner.planners.networkx.NetworkxRoutePlanner object at 0x7821acccd8d0> could not find a single route,False,1.9282164573669434
R_IN1,DEU_AachenBendplatz-1_73920_T-3939,10153,dpll,True,True,True,6,finite_positive,{'R_IN1': 6},{'R_IN1': 'finite_positive'},1,,,,False,1.8998661041259766
R_IN1,DEU_AachenBendplatz-1_73920_T-3939,10153,domain_dpll,True,True,True,6,finite_positive,{'R_IN1': 6},{'R_IN1': 'finite_positive'},1,,,,False,1.866497278213501
R_IN1,DEU_AachenBendplatz-1_161380_T-1399,10106,dpll,True,True,True,3,finite_positive,{'R_IN1': 3},{'R_IN1': 'finite_positive'},1,,,,False,2.7122185230255127
R_IN1,DEU_AachenBendplatz-1_161380_T-1399,10106,domain_dpll,True,True,True,3,finite_positive,{'R_IN1': 3},{'R_IN1': 'finite_positive'},1,,,,False,1.9306752681732178
R_IN1,DEU_AachenBendplatz-1_10700_T-719,10051,dpll,True,True,False,7,finite_positive,{'R_IN1': 7},{'R_IN1': 'finite_positive'},5,,repair returned None,* 	<VPRepairer>: VP repair failed for current SAT model: x and/or y coordinate outside of projection domain | * 	<VPRepairer>: VP repair failed for current SAT model: x and/or y coordinate outside of projection domain | * 	<VPRepairer>: VP repair failed for current SAT model: x and/or y coordinate outside of projection domain | * 	<VPRepairer>: VP repair failed for current SAT model: x and/or y coordinate outside of projection domain | * 	<VPRepairer>: VP repair failed for current SAT model: x and/or y coordinate outside of projection domain | *******   Repairing Failed ಠ_ಠ with 6 iteration(s)  *******,True,1.9962360858917236
R_IN1,DEU_AachenBendplatz-1_10700_T-719,10051,domain_dpll,True,True,False,7,finite_positive,{'R_IN1': 7},{'R_IN1': 'finite_positive'},2,,repair returned None,* 	<VPRepairer>: VP repair failed for current SAT model: x and/or y coordinate outside of projection domain | * 	<VPRepairer>: VP repair failed for current SAT model: x and/or y coordinate outside of projection domain | *******   Repairing Failed ಠ_ಠ with 3 iteration(s)  *******,True,1.9199886322021484
R_IN1,DEU_AachenBendplatz-1_83540_T-3559,10269,dpll,True,True,True,13,finite_positive,{'R_IN1': 13},{'R_IN1': 'finite_positive'},1,,,,False,1.926135778427124
R_IN1,DEU_AachenBendplatz-1_83540_T-3559,10269,domain_dpll,True,True,True,13,finite_positive,{'R_IN1': 13},{'R_IN1': 'finite_positive'},1,,,,False,1.9532253742218018
R_IN1,DEU_AachenBendplatz-1_113760_T-3779,10254,dpll,True,True,True,8,finite_positive,{'R_IN1': 8},{'R_IN1': 'finite_positive'},1,,,,False,1.9471333026885986
R_IN1,DEU_AachenBendplatz-1_113760_T-3779,10254,domain_dpll,True,True,True,8,finite_positive,{'R_IN1': 8},{'R_IN1': 'finite_positive'},1,,,,False,1.8888885974884033
R_IN1,DEU_AachenBendplatz-1_93760_T-3779,10229,dpll,True,True,True,6,finite_positive,{'R_IN1': 6},{'R_IN1': 'finite_positive'},1,,,Error occurred while planning route: Planner <commonroad_route_planner.planners.networkx.NetworkxRoutePlanner object at 0x7821ade53c40> could not find a single route,False,1.962700605392456
R_IN1,DEU_AachenBendplatz-1_93760_T-3779,10229,domain_dpll,True,True,True,6,finite_positive,{'R_IN1': 6},{'R_IN1': 'finite_positive'},1,,,Error occurred while planning route: Planner <commonroad_route_planner.planners.networkx.NetworkxRoutePlanner object at 0x7821ac990610> could not find a single route,False,1.9360899925231934
R_IN1,DEU_AachenBendplatz-1_141960_T-1979,10140,dpll,True,True,True,8,finite_positive,{'R_IN1': 8},{'R_IN1': 'finite_positive'},1,,,,False,1.933913230895996
R_IN1,DEU_AachenBendplatz-1_141960_T-1979,10140,domain_dpll,True,True,True,8,finite_positive,{'R_IN1': 8},{'R_IN1': 'finite_positive'},1,,,,False,1.889932632446289
R_IN1,DEU_AachenBendplatz-1_81000_T-1019,10078,dpll,True,True,True,9,finite_positive,{'R_IN1': 9},{'R_IN1': 'finite_positive'},1,,,,False,1.9688818454742432
R_IN1,DEU_AachenBendplatz-1_81000_T-1019,10078,domain_dpll,True,True,True,9,finite_positive,{'R_IN1': 9},{'R_IN1': 'finite_positive'},1,,,,False,1.89383864402771
R_IN1,DEU_AachenBendplatz-1_122260_T-2279,10128,dpll,True,True,False,11,finite_positive,{'R_IN1': 11},{'R_IN1': 'finite_positive'},5,,repair returned None,* 	<VPRepairer>: VP repair failed for current SAT model: x and/or y coordinate outside of projection domain | * 	<VPRepairer>: VP repair failed for current SAT model: x and/or y coordinate outside of projection domain | * 	<VPRepairer>: VP repair failed for current SAT model: x and/or y coordinate outside of projection domain | * 	<VPRepairer>: VP repair failed for current SAT model: x and/or y coordinate outside of projection domain | * 	<VPRepairer>: VP repair failed for current SAT model: x and/or y coordinate outside of projection domain | *******   Repairing Failed ಠ_ಠ with 6 iteration(s)  *******,True,2.1244282722473145
R_IN1,DEU_AachenBendplatz-1_122260_T-2279,10128,domain_dpll,True,True,False,11,finite_positive,{'R_IN1': 11},{'R_IN1': 'finite_positive'},2,,repair returned None,* 	<VPRepairer>: VP repair failed for current SAT model: x and/or y coordinate outside of projection domain | * 	<VPRepairer>: VP repair failed for current SAT model: x and/or y coordinate outside of projection domain | *******   Repairing Failed ಠ_ಠ with 3 iteration(s)  *******,True,2.052924394607544
R_IN1,DEU_AachenBendplatz-1_163720_T-3739,10270,dpll,True,True,True,8,finite_positive,{'R_IN1': 8},{'R_IN1': 'finite_positive'},1,,,,False,2.0183420181274414
R_IN1,DEU_AachenBendplatz-1_163720_T-3739,10270,domain_dpll,True,True,True,8,finite_positive,{'R_IN1': 8},{'R_IN1': 'finite_positive'},1,,,,False,1.9309587478637695
R_IN1,DEU_AachenBendplatz-1_13840_T-859,10063,dpll,True,True,True,8,finite_positive,{'R_IN1': 8},{'R_IN1': 'finite_positive'},1,,,,False,1.9309570789337158
R_IN1,DEU_AachenBendplatz-1_13840_T-859,10063,domain_dpll,True,True,True,8,finite_positive,{'R_IN1': 8},{'R_IN1': 'finite_positive'},1,,,,False,1.9062714576721191
R_IN1,DEU_AachenBendplatz-1_81940_T-1959,10157,dpll,True,True,False,8,finite_positive,{'R_IN1': 8},{'R_IN1': 'finite_positive'},5,,repair returned None,* 	<VPRepairer>: VP repair failed for current SAT model: x and/or y coordinate outside of projection domain | * 	<VPRepairer>: VP repair failed for current SAT model: x and/or y coordinate outside of projection domain | * 	<VPRepairer>: VP repair failed for current SAT model: x and/or y coordinate outside of projection domain | * 	<VPRepairer>: VP repair failed for current SAT model: x and/or y coordinate outside of projection domain | * 	<VPRepairer>: VP repair failed for current SAT model: x and/or y coordinate outside of projection domain | *******   Repairing Failed ಠ_ಠ with 6 iteration(s)  *******,True,2.0771613121032715
R_IN1,DEU_AachenBendplatz-1_81940_T-1959,10157,domain_dpll,True,True,False,8,finite_positive,{'R_IN1': 8},{'R_IN1': 'finite_positive'},2,,repair returned None,* 	<VPRepairer>: VP repair failed for current SAT model: x and/or y coordinate outside of projection domain | * 	<VPRepairer>: VP repair failed for current SAT model: x and/or y coordinate outside of projection domain | *******   Repairing Failed ಠ_ಠ with 3 iteration(s)  *******,True,2.7960917949676514
R_IN1,DEU_AachenBendplatz-1_171180_T-1199,10090,dpll,True,True,False,8,finite_positive,{'R_IN1': 8},{'R_IN1': 'finite_positive'},5,,repair returned None,* 	<VPRepairer>: VP repair failed for current SAT model: x and/or y coordinate outside of projection domain | * 	<VPRepairer>: VP repair failed for current SAT model: x and/or y coordinate outside of projection domain | * 	<VPRepairer>: VP repair failed for current SAT model: x and/or y coordinate outside of projection domain | * 	<VPRepairer>: VP repair failed for current SAT model: x and/or y coordinate outside of projection domain | * 	<VPRepairer>: VP repair failed for current SAT model: x and/or y coordinate outside of projection domain | *******   Repairing Failed ಠ_ಠ with 6 iteration(s)  *******,True,2.728963851928711
R_IN1,DEU_AachenBendplatz-1_171180_T-1199,10090,domain_dpll,True,True,False,8,finite_positive,{'R_IN1': 8},{'R_IN1': 'finite_positive'},2,,repair returned None,* 	<VPRepairer>: VP repair failed for current SAT model: x and/or y coordinate outside of projection domain | * 	<VPRepairer>: VP repair failed for current SAT model: x and/or y coordinate outside of projection domain | *******   Repairing Failed ಠ_ಠ with 3 iteration(s)  *******,True,2.687762498855591
R_IN1,DEU_AachenBendplatz-1_171380_T-1399,10107,dpll,True,True,True,8,finite_positive,{'R_IN1': 8},{'R_IN1': 'finite_positive'},1,,,,False,2.044001340866089
R_IN1,DEU_AachenBendplatz-1_171380_T-1399,10107,domain_dpll,True,True,True,8,finite_positive,{'R_IN1': 8},{'R_IN1': 'finite_positive'},1,,,,False,2.052574396133423
R_IN1,DEU_AachenBendplatz-1_14360_T-379,10028,dpll,True,True,True,9,finite_positive,{'R_IN1': 9},{'R_IN1': 'finite_positive'},1,,,,False,1.955963373184204
R_IN1,DEU_AachenBendplatz-1_14360_T-379,10028,domain_dpll,True,True,True,9,finite_positive,{'R_IN1': 9},{'R_IN1': 'finite_positive'},1,,,,False,1.9385535717010498
R_IN1,DEU_AachenBendplatz-1_132180_T-2199,10158,dpll,True,True,True,9,finite_positive,{'R_IN1': 9},{'R_IN1': 'finite_positive'},1,,,,False,2.209728717803955
R_IN1,DEU_AachenBendplatz-1_132180_T-2199,10158,domain_dpll,True,True,True,9,finite_positive,{'R_IN1': 9},{'R_IN1': 'finite_positive'},1,,,,False,2.1885628700256348
R_IN1,DEU_AachenBendplatz-1_134380_T-4399,10309,dpll,True,True,True,10,finite_positive,{'R_IN1': 10},{'R_IN1': 'finite_positive'},1,,,,False,2.321777582168579
R_IN1,DEU_AachenBendplatz-1_134380_T-4399,10309,domain_dpll,True,True,True,10,finite_positive,{'R_IN1': 10},{'R_IN1': 'finite_positive'},1,,,,False,2.286846160888672
R_IN1,DEU_AachenBendplatz-1_125580_T-5599,10402,dpll,True,True,False,10,finite_positive,{'R_IN1': 10},{'R_IN1': 'finite_positive'},5,,repair returned None,* 	<VPRepairer>: VP repair failed for current SAT model: x and/or y coordinate outside of projection domain | * 	<VPRepairer>: VP repair failed for current SAT model: x and/or y coordinate outside of projection domain | * 	<VPRepairer>: VP repair failed for current SAT model: x and/or y coordinate outside of projection domain | * 	<VPRepairer>: VP repair failed for current SAT model: x and/or y coordinate outside of projection domain | * 	<VPRepairer>: VP repair failed for current SAT model: x and/or y coordinate outside of projection domain | *******   Repairing Failed ಠ_ಠ with 6 iteration(s)  *******,True,2.3084614276885986
R_IN1,DEU_AachenBendplatz-1_125580_T-5599,10402,domain_dpll,True,True,False,10,finite_positive,{'R_IN1': 10},{'R_IN1': 'finite_positive'},2,,repair returned None,* 	<VPRepairer>: VP repair failed for current SAT model: x and/or y coordinate outside of projection domain | * 	<VPRepairer>: VP repair failed for current SAT model: x and/or y coordinate outside of projection domain | *******   Repairing Failed ಠ_ಠ with 3 iteration(s)  *******,True,2.2296535968780518
R_IN1,DEU_AachenBendplatz-1_102320_T-2339,10147,dpll,True,True,True,11,finite_positive,{'R_IN1': 11},{'R_IN1': 'finite_positive'},1,,,Error occurred while planning route: Planner <commonroad_route_planner.planners.networkx.NetworkxRoutePlanner object at 0x7821ab9fe110> could not find a single route,False,1.938887357711792
R_IN1,DEU_AachenBendplatz-1_102320_T-2339,10147,domain_dpll,True,True,True,11,finite_positive,{'R_IN1': 11},{'R_IN1': 'finite_positive'},1,,,Error occurred while planning route: Planner <commonroad_route_planner.planners.networkx.NetworkxRoutePlanner object at 0x7821d666acb0> could not find a single route,False,1.930084228515625
R_IN1,DEU_AachenBendplatz-1_102160_T-2179,10130,dpll,True,True,True,12,finite_positive,{'R_IN1': 12},{'R_IN1': 'finite_positive'},1,,,,False,2.0802032947540283
R_IN1,DEU_AachenBendplatz-1_102160_T-2179,10130,domain_dpll,True,True,True,12,finite_positive,{'R_IN1': 12},{'R_IN1': 'finite_positive'},1,,,,False,2.8097221851348877
R_IN1,DEU_AachenBendplatz-1_144920_T-4939,10367,dpll,True,True,True,16,finite_positive,{'R_IN1': 16},{'R_IN1': 'finite_positive'},1,,,Error occurred while planning route: Planner <commonroad_route_planner.planners.networkx.NetworkxRoutePlanner object at 0x7821ab9d9e70> could not find a single route,False,2.0325143337249756
R_IN1,DEU_AachenBendplatz-1_144920_T-4939,10367,domain_dpll,True,True,True,16,finite_positive,{'R_IN1': 16},{'R_IN1': 'finite_positive'},1,,,Error occurred while planning route: Planner <commonroad_route_planner.planners.networkx.NetworkxRoutePlanner object at 0x7822046b0070> could not find a single route,False,1.9898924827575684
R_IN1,DEU_AachenBendplatz-1_83420_T-3439,10262,dpll,True,True,True,11,finite_positive,{'R_IN1': 11},{'R_IN1': 'finite_positive'},1,,,Error occurred while planning route: Planner <commonroad_route_planner.planners.networkx.NetworkxRoutePlanner object at 0x7822042d9cf0> could not find a single route,False,1.9903323650360107
R_IN1,DEU_AachenBendplatz-1_83420_T-3439,10262,domain_dpll,True,True,True,11,finite_positive,{'R_IN1': 11},{'R_IN1': 'finite_positive'},1,,,Error occurred while planning route: Planner <commonroad_route_planner.planners.networkx.NetworkxRoutePlanner object at 0x7821d6537430> could not find a single route,False,1.9173460006713867
R_IN1,DEU_AachenBendplatz-1_124320_T-4339,10290,dpll,True,True,True,11,finite_positive,{'R_IN1': 11},{'R_IN1': 'finite_positive'},1,,,Error occurred while planning route: Planner <commonroad_route_planner.planners.networkx.NetworkxRoutePlanner object at 0x7821d610a9b0> could not find a single route,False,2.0396242141723633
R_IN1,DEU_AachenBendplatz-1_124320_T-4339,10290,domain_dpll,True,True,True,11,finite_positive,{'R_IN1': 11},{'R_IN1': 'finite_positive'},1,,,Error occurred while planning route: Planner <commonroad_route_planner.planners.networkx.NetworkxRoutePlanner object at 0x7821d610a9b0> could not find a single route,False,2.0011227130889893
R_IN1,DEU_AachenBendplatz-1_132580_T-2599,10183,dpll,True,True,True,11,finite_positive,{'R_IN1': 11},{'R_IN1': 'finite_positive'},1,,,,False,2.0864627361297607
R_IN1,DEU_AachenBendplatz-1_132580_T-2599,10183,domain_dpll,True,True,True,11,finite_positive,{'R_IN1': 11},{'R_IN1': 'finite_positive'},1,,,,False,2.073770761489868
R_IN1,DEU_AachenBendplatz-1_71480_T-1499,10069,dpll,True,True,True,11,finite_positive,{'R_IN1': 11},{'R_IN1': 'finite_positive'},1,,,Error occurred while planning route: Planner <commonroad_route_planner.planners.networkx.NetworkxRoutePlanner object at 0x7821cfbf66e0> could not find a single route,False,2.007614850997925
R_IN1,DEU_AachenBendplatz-1_71480_T-1499,10069,domain_dpll,True,True,True,11,finite_positive,{'R_IN1': 11},{'R_IN1': 'finite_positive'},1,,,Error occurred while planning route: Planner <commonroad_route_planner.planners.networkx.NetworkxRoutePlanner object at 0x78234305c9d0> could not find a single route,False,1.962667465209961
R_IN1,DEU_AachenBendplatz-1_143920_T-3939,10304,dpll,True,True,True,12,finite_positive,{'R_IN1': 12},{'R_IN1': 'finite_positive'},1,,,,False,2.027655839920044
R_IN1,DEU_AachenBendplatz-1_143920_T-3939,10304,domain_dpll,True,True,True,12,finite_positive,{'R_IN1': 12},{'R_IN1': 'finite_positive'},1,,,,False,2.01684832572937
R_IN1,DEU_AachenBendplatz-1_83340_T-3359,10255,dpll,True,True,True,12,finite_positive,{'R_IN1': 12},{'R_IN1': 'finite_positive'},1,,,Error occurred while planning route: Planner <commonroad_route_planner.planners.networkx.NetworkxRoutePlanner object at 0x7821d6000c40> could not find a single route,False,1.9983365535736084
R_IN1,DEU_AachenBendplatz-1_83340_T-3359,10255,domain_dpll,True,True,True,12,finite_positive,{'R_IN1': 12},{'R_IN1': 'finite_positive'},1,,,Error occurred while planning route: Planner <commonroad_route_planner.planners.networkx.NetworkxRoutePlanner object at 0x7821ab2aa350> could not find a single route,False,1.973578691482544
R_IN1,DEU_AachenBendplatz-1_143100_T-3119,10232,dpll,True,True,True,11,finite_positive,{'R_IN1': 11},{'R_IN1': 'finite_positive'},1,,,,False,2.0352320671081543
R_IN1,DEU_AachenBendplatz-1_143100_T-3119,10232,domain_dpll,True,True,True,11,finite_positive,{'R_IN1': 11},{'R_IN1': 'finite_positive'},1,,,,False,1.973170280456543
R_IN1,DEU_AachenBendplatz-1_162040_T-2059,10162,dpll,True,True,True,11,finite_positive,{'R_IN1': 11},{'R_IN1': 'finite_positive'},1,,,,False,2.0191872119903564
R_IN1,DEU_AachenBendplatz-1_162040_T-2059,10162,domain_dpll,True,True,True,11,finite_positive,{'R_IN1': 11},{'R_IN1': 'finite_positive'},1,,,,False,1.9556775093078613
R_IN1,DEU_AachenBendplatz-1_123880_T-3899,10251,dpll,True,True,True,13,finite_positive,{'R_IN1': 13},{'R_IN1': 'finite_positive'},1,,,,False,2.0713798999786377
R_IN1,DEU_AachenBendplatz-1_123880_T-3899,10251,domain_dpll,True,True,True,13,finite_positive,{'R_IN1': 13},{'R_IN1': 'finite_positive'},1,,,,False,2.026381015777588
R_IN1,DEU_AachenBendplatz-1_132020_T-2039,10150,dpll,True,True,True,12,finite_positive,{'R_IN1': 12},{'R_IN1': 'finite_positive'},1,,,,False,2.045797824859619
R_IN1,DEU_AachenBendplatz-1_132020_T-2039,10150,domain_dpll,True,True,True,12,finite_positive,{'R_IN1': 12},{'R_IN1': 'finite_positive'},1,,,,False,2.0051467418670654
R_IN1,DEU_AachenBendplatz-1_154860_T-4879,10303,dpll,True,True,True,12,finite_positive,{'R_IN1': 12},{'R_IN1': 'finite_positive'},1,,,,False,2.0417017936706543
R_IN1,DEU_AachenBendplatz-1_154860_T-4879,10303,domain_dpll,True,True,True,12,finite_positive,{'R_IN1': 12},{'R_IN1': 'finite_positive'},1,,,,False,2.767387628555298
R_IN1,DEU_AachenBendplatz-1_7120_T-139,10017,dpll,True,True,True,13,finite_positive,{'R_IN1': 13},{'R_IN1': 'finite_positive'},1,,,,False,2.087700605392456
R_IN1,DEU_AachenBendplatz-1_7120_T-139,10017,domain_dpll,True,True,True,13,finite_positive,{'R_IN1': 13},{'R_IN1': 'finite_positive'},1,,,,False,2.0193095207214355
R_IN1,DEU_AachenBendplatz-1_143560_T-3579,10274,dpll,True,True,True,12,finite_positive,{'R_IN1': 12},{'R_IN1': 'finite_positive'},1,,,Error occurred while planning route: Planner <commonroad_route_planner.planners.networkx.NetworkxRoutePlanner object at 0x7821cf39b580> could not find a single route,False,2.0122838020324707
R_IN1,DEU_AachenBendplatz-1_143560_T-3579,10274,domain_dpll,True,True,True,12,finite_positive,{'R_IN1': 12},{'R_IN1': 'finite_positive'},1,,,Error occurred while planning route: Planner <commonroad_route_planner.planners.networkx.NetworkxRoutePlanner object at 0x7821cd822560> could not find a single route,False,2.004322052001953
R_IN1,DEU_AachenBendplatz-1_122380_T-2399,10146,dpll,True,True,True,14,finite_positive,{'R_IN1': 14},{'R_IN1': 'finite_positive'},1,,,,False,2.1026456356048584
R_IN1,DEU_AachenBendplatz-1_122380_T-2399,10146,domain_dpll,True,True,True,14,finite_positive,{'R_IN1': 14},{'R_IN1': 'finite_positive'},1,,,,False,2.091621160507202
R_IN1,DEU_AachenBendplatz-1_125560_T-5579,10400,dpll,True,True,True,14,finite_positive,{'R_IN1': 14},{'R_IN1': 'finite_positive'},1,,,,False,2.12534499168396
R_IN1,DEU_AachenBendplatz-1_125560_T-5579,10400,domain_dpll,True,True,True,14,finite_positive,{'R_IN1': 14},{'R_IN1': 'finite_positive'},1,,,,False,2.093843698501587
R_IN1,DEU_AachenBendplatz-1_81800_T-1819,10144,dpll,True,True,False,15,finite_positive,{'R_IN1': 15},{'R_IN1': 'finite_positive'},5,,repair returned None,* 	<VPRepairer>: VP repair failed for current SAT model: x and/or y coordinate outside of projection domain | * 	<VPRepairer>: VP repair failed for current SAT model: x and/or y coordinate outside of projection domain | * 	<VPRepairer>: VP repair failed for current SAT model: x and/or y coordinate outside of projection domain | * 	<VPRepairer>: VP repair failed for current SAT model: x and/or y coordinate outside of projection domain | * 	<VPRepairer>: VP repair failed for current SAT model: x and/or y coordinate outside of projection domain | *******   Repairing Failed ಠ_ಠ with 6 iteration(s)  *******,True,2.232159376144409
R_IN1,DEU_AachenBendplatz-1_81800_T-1819,10144,domain_dpll,True,True,False,15,finite_positive,{'R_IN1': 15},{'R_IN1': 'finite_positive'},2,,repair returned None,* 	<VPRepairer>: VP repair failed for current SAT model: x and/or y coordinate outside of projection domain | * 	<VPRepairer>: VP repair failed for current SAT model: x and/or y coordinate outside of projection domain | *******   Repairing Failed ಠ_ಠ with 3 iteration(s)  *******,True,2.192699432373047
R_IN1,DEU_AachenBendplatz-1_124500_T-4519,10305,dpll,True,True,False,14,finite_positive,{'R_IN1': 14},{'R_IN1': 'finite_positive'},5,,repair returned None,* 	<VPRepairer>: VP repair failed for current SAT model: x and/or y coordinate outside of projection domain | * 	<VPRepairer>: VP repair failed for current SAT model: x and/or y coordinate outside of projection domain | * 	<VPRepairer>: VP repair failed for current SAT model: x and/or y coordinate outside of projection domain | * 	<VPRepairer>: VP repair failed for current SAT model: x and/or y coordinate outside of projection domain | * 	<VPRepairer>: VP repair failed for current SAT model: x and/or y coordinate outside of projection domain | *******   Repairing Failed ಠ_ಠ with 6 iteration(s)  *******,True,2.298943042755127
R_IN1,DEU_AachenBendplatz-1_124500_T-4519,10305,domain_dpll,True,True,False,14,finite_positive,{'R_IN1': 14},{'R_IN1': 'finite_positive'},2,,repair returned None,* 	<VPRepairer>: VP repair failed for current SAT model: x and/or y coordinate outside of projection domain | * 	<VPRepairer>: VP repair failed for current SAT model: x and/or y coordinate outside of projection domain | *******   Repairing Failed ಠ_ಠ with 3 iteration(s)  *******,True,2.2021844387054443
R_IN1,DEU_AachenBendplatz-1_82520_T-2539,10192,dpll,True,True,True,14,finite_positive,{'R_IN1': 14},{'R_IN1': 'finite_positive'},1,,,Error occurred while planning route: Planner <commonroad_route_planner.planners.networkx.NetworkxRoutePlanner object at 0x7821cca7acb0> could not find a single route,False,2.090730667114258
R_IN1,DEU_AachenBendplatz-1_82520_T-2539,10192,domain_dpll,True,True,True,14,finite_positive,{'R_IN1': 14},{'R_IN1': 'finite_positive'},1,,,Error occurred while planning route: Planner <commonroad_route_planner.planners.networkx.NetworkxRoutePlanner object at 0x7821aa95b7c0> could not find a single route,False,2.0066652297973633
R_IN1,DEU_AachenBendplatz-1_13520_T-539,10031,dpll,True,True,True,14,finite_positive,{'R_IN1': 14},{'R_IN1': 'finite_positive'},1,,,,False,2.2923688888549805
R_IN1,DEU_AachenBendplatz-1_13520_T-539,10031,domain_dpll,True,True,True,14,finite_positive,{'R_IN1': 14},{'R_IN1': 'finite_positive'},1,,,,False,2.302842378616333
R_IN1,DEU_AachenBendplatz-1_155340_T-5359,10343,dpll,True,True,True,15,finite_positive,{'R_IN1': 15},{'R_IN1': 'finite_positive'},1,,,,False,2.18855357170105
R_IN1,DEU_AachenBendplatz-1_155340_T-5359,10343,domain_dpll,True,True,True,15,finite_positive,{'R_IN1': 15},{'R_IN1': 'finite_positive'},1,,,,False,2.075434684753418
R_IN1,DEU_AachenBendplatz-1_121020_T-1039,10053,dpll,True,True,True,14,finite_positive,{'R_IN1': 14},{'R_IN1': 'finite_positive'},1,,,,False,2.1205203533172607
R_IN1,DEU_AachenBendplatz-1_121020_T-1039,10053,domain_dpll,True,True,True,14,finite_positive,{'R_IN1': 14},{'R_IN1': 'finite_positive'},1,,,,False,2.068596124649048
R_IN1,DEU_AachenBendplatz-1_82760_T-2779,10212,dpll,True,True,True,14,finite_positive,{'R_IN1': 14},{'R_IN1': 'finite_positive'},1,,,Error occurred while planning route: Planner <commonroad_route_planner.planners.networkx.NetworkxRoutePlanner object at 0x7821aa053340> could not find a single route,False,2.9761080741882324
R_IN1,DEU_AachenBendplatz-1_82760_T-2779,10212,domain_dpll,True,True,True,14,finite_positive,{'R_IN1': 14},{'R_IN1': 'finite_positive'},1,,,Error occurred while planning route: Planner <commonroad_route_planner.planners.networkx.NetworkxRoutePlanner object at 0x7821ae4517e0> could not find a single route,False,2.208021402359009
R_IN1,DEU_AachenBendplatz-1_142480_T-2499,10180,dpll,True,True,False,16,finite_positive,{'R_IN1': 16},{'R_IN1': 'finite_positive'},5,,repair returned None,* 	<VPRepairer>: VP repair failed for current SAT model: x and/or y coordinate outside of projection domain | * 	<VPRepairer>: VP repair failed for current SAT model: x and/or y coordinate outside of projection domain | * 	<VPRepairer>: VP repair failed for current SAT model: x and/or y coordinate outside of projection domain | * 	<VPRepairer>: VP repair failed for current SAT model: x and/or y coordinate outside of projection domain | * 	<VPRepairer>: VP repair failed for current SAT model: x and/or y coordinate outside of projection domain | *******   Repairing Failed ಠ_ಠ with 6 iteration(s)  *******,True,2.3190743923187256
R_IN1,DEU_AachenBendplatz-1_142480_T-2499,10180,domain_dpll,True,True,False,16,finite_positive,{'R_IN1': 16},{'R_IN1': 'finite_positive'},2,,repair returned None,* 	<VPRepairer>: VP repair failed for current SAT model: x and/or y coordinate outside of projection domain | * 	<VPRepairer>: VP repair failed for current SAT model: x and/or y coordinate outside of projection domain | *******   Repairing Failed ಠ_ಠ with 3 iteration(s)  *******,True,2.279550313949585
R_IN1,DEU_AachenBendplatz-1_81520_T-1539,10114,dpll,True,True,True,15,finite_positive,{'R_IN1': 15},{'R_IN1': 'finite_positive'},1,,,,False,2.147278070449829
R_IN1,DEU_AachenBendplatz-1_81520_T-1539,10114,domain_dpll,True,True,True,15,finite_positive,{'R_IN1': 15},{'R_IN1': 'finite_positive'},1,,,,False,2.0944173336029053
R_IN1,DEU_AachenBendplatz-1_151520_T-1539,10108,dpll,True,True,True,15,finite_positive,{'R_IN1': 15},{'R_IN1': 'finite_positive'},1,,,Error occurred while planning route: Planner <commonroad_route_planner.planners.networkx.NetworkxRoutePlanner object at 0x7821ae5b2590> could not find a single route,False,2.2995405197143555
R_IN1,DEU_AachenBendplatz-1_151520_T-1539,10108,domain_dpll,True,True,True,15,finite_positive,{'R_IN1': 15},{'R_IN1': 'finite_positive'},1,,,Error occurred while planning route: Planner <commonroad_route_planner.planners.networkx.NetworkxRoutePlanner object at 0x7821aa75a6b0> could not find a single route,False,2.2217888832092285
R_IN1,DEU_AachenBendplatz-1_101840_T-1859,10111,dpll,True,True,True,17,finite_positive,{'R_IN1': 17},{'R_IN1': 'finite_positive'},1,,,,False,2.1502082347869873
R_IN1,DEU_AachenBendplatz-1_101840_T-1859,10111,domain_dpll,True,True,True,17,finite_positive,{'R_IN1': 17},{'R_IN1': 'finite_positive'},1,,,,False,2.1223177909851074
R_IN1,DEU_AachenBendplatz-1_121740_T-1759,10096,dpll,True,True,False,17,finite_positive,{'R_IN1': 17},{'R_IN1': 'finite_positive'},5,,repair returned None,* 	<VPRepairer>: VP repair failed for current SAT model: x and/or y coordinate outside of projection domain | * 	<VPRepairer>: VP repair failed for current SAT model: x and/or y coordinate outside of projection domain | * 	<VPRepairer>: VP repair failed for current SAT model: x and/or y coordinate outside of projection domain | * 	<VPRepairer>: VP repair failed for current SAT model: x and/or y coordinate outside of projection domain | * 	<VPRepairer>: VP repair failed for current SAT model: x and/or y coordinate outside of projection domain | *******   Repairing Failed ಠ_ಠ with 6 iteration(s)  *******,True,2.4072725772857666
R_IN1,DEU_AachenBendplatz-1_121740_T-1759,10096,domain_dpll,True,True,False,17,finite_positive,{'R_IN1': 17},{'R_IN1': 'finite_positive'},2,,repair returned None,* 	<VPRepairer>: VP repair failed for current SAT model: x and/or y coordinate outside of projection domain | * 	<VPRepairer>: VP repair failed for current SAT model: x and/or y coordinate outside of projection domain | *******   Repairing Failed ಠ_ಠ with 3 iteration(s)  *******,True,2.3808467388153076
R_IN1,DEU_AachenBendplatz-1_161200_T-1219,10100,dpll,True,True,True,17,finite_positive,{'R_IN1': 17},{'R_IN1': 'finite_positive'},1,,,,False,2.154045581817627
R_IN1,DEU_AachenBendplatz-1_161200_T-1219,10100,domain_dpll,True,True,True,17,finite_positive,{'R_IN1': 17},{'R_IN1': 'finite_positive'},1,,,,False,2.128342866897583
R_IN1,DEU_AachenBendplatz-1_133380_T-3399,10235,dpll,True,True,True,19,finite_positive,{'R_IN1': 19},{'R_IN1': 'finite_positive'},1,,,,False,2.1013805866241455
R_IN1,DEU_AachenBendplatz-1_133380_T-3399,10235,domain_dpll,True,True,True,19,finite_positive,{'R_IN1': 19},{'R_IN1': 'finite_positive'},1,,,,False,2.055675745010376
R_IN1,DEU_AachenBendplatz-1_15920_T-939,10064,dpll,True,True,False,18,finite_positive,{'R_IN1': 18},{'R_IN1': 'finite_positive'},5,,repair returned None,* 	<VPRepairer>: VP repair failed for current SAT model: x and/or y coordinate outside of projection domain | * 	<VPRepairer>: VP repair failed for current SAT model: x and/or y coordinate outside of projection domain | * 	<VPRepairer>: VP repair failed for current SAT model: x and/or y coordinate outside of projection domain | * 	<VPRepairer>: VP repair failed for current SAT model: x and/or y coordinate outside of projection domain | * 	<VPRepairer>: VP repair failed for current SAT model: x and/or y coordinate outside of projection domain | *******   Repairing Failed ಠ_ಠ with 6 iteration(s)  *******,True,2.2296407222747803
R_IN1,DEU_AachenBendplatz-1_15920_T-939,10064,domain_dpll,True,True,False,18,finite_positive,{'R_IN1': 18},{'R_IN1': 'finite_positive'},2,,repair returned None,* 	<VPRepairer>: VP repair failed for current SAT model: x and/or y coordinate outside of projection domain | * 	<VPRepairer>: VP repair failed for current SAT model: x and/or y coordinate outside of projection domain | *******   Repairing Failed ಠ_ಠ with 3 iteration(s)  *******,True,2.2135684490203857
R_IN1,DEU_AachenBendplatz-1_122600_T-2619,10162,dpll,True,True,False,18,finite_positive,{'R_IN1': 18},{'R_IN1': 'finite_positive'},5,,repair returned None,* 	<VPRepairer>: VP repair failed for current SAT model: x and/or y coordinate outside of projection domain | * 	<VPRepairer>: VP repair failed for current SAT model: x and/or y coordinate outside of projection domain | * 	<VPRepairer>: VP repair failed for current SAT model: x and/or y coordinate outside of projection domain | * 	<VPRepairer>: VP repair failed for current SAT model: x and/or y coordinate outside of projection domain | * 	<VPRepairer>: VP repair failed for current SAT model: x and/or y coordinate outside of projection domain | *******   Repairing Failed ಠ_ಠ with 6 iteration(s)  *******,True,2.314509630203247
R_IN1,DEU_AachenBendplatz-1_122600_T-2619,10162,domain_dpll,True,True,False,18,finite_positive,{'R_IN1': 18},{'R_IN1': 'finite_positive'},2,,repair returned None,* 	<VPRepairer>: VP repair failed for current SAT model: x and/or y coordinate outside of projection domain | * 	<VPRepairer>: VP repair failed for current SAT model: x and/or y coordinate outside of projection domain | *******   Repairing Failed ಠ_ಠ with 3 iteration(s)  *******,True,2.2621607780456543
R_IN1,DEU_AachenBendplatz-1_112180_T-2199,10139,dpll,True,True,False,18,finite_positive,{'R_IN1': 18},{'R_IN1': 'finite_positive'},5,,repair returned None,"* 	<VPRepairer>: VP repair failed for current SAT model: Reference path orientations should be in [-2pi, 2pi] | * 	<VPRepairer>: VP repair failed for current SAT model: Reference path orientations should be in [-2pi, 2pi] | * 	<VPRepairer>: VP repair failed for current SAT model: Reference path orientations should be in [-2pi, 2pi] | * 	<VPRepairer>: VP repair failed for current SAT model: Reference path orientations should be in [-2pi, 2pi] | * 	<VPRepairer>: VP repair failed for current SAT model: Reference path orientations should be in [-2pi, 2pi] | *******   Repairing Failed ಠ_ಠ with 6 iteration(s)  *******",True,2.482969284057617
R_IN1,DEU_AachenBendplatz-1_112180_T-2199,10139,domain_dpll,True,True,False,18,finite_positive,{'R_IN1': 18},{'R_IN1': 'finite_positive'},3,,repair returned None,"* 	<VPRepairer>: VP repair failed for current SAT model: Reference path orientations should be in [-2pi, 2pi] | * 	<VPRepairer>: VP repair failed for current SAT model: Reference path orientations should be in [-2pi, 2pi] | * 	<VPRepairer>: VP repair failed for current SAT model: Reference path orientations should be in [-2pi, 2pi] | *******   Repairing Failed ಠ_ಠ with 4 iteration(s)  *******",True,2.4475622177124023
R_IN1,DEU_AachenBendplatz-1_174480_T-4499,10329,dpll,True,True,True,19,finite_positive,{'R_IN1': 19},{'R_IN1': 'finite_positive'},1,,,,False,2.159520387649536
R_IN1,DEU_AachenBendplatz-1_174480_T-4499,10329,domain_dpll,True,True,True,19,finite_positive,{'R_IN1': 19},{'R_IN1': 'finite_positive'},1,,,,False,2.098672866821289
R_IN1,DEU_AachenBendplatz-1_82620_T-2639,10197,dpll,True,True,True,19,finite_positive,{'R_IN1': 19},{'R_IN1': 'finite_positive'},1,,,,False,3.0007197856903076
R_IN1,DEU_AachenBendplatz-1_82620_T-2639,10197,domain_dpll,True,True,True,19,finite_positive,{'R_IN1': 19},{'R_IN1': 'finite_positive'},1,,,,False,2.099822759628296
R_IN4,DEU_AachenFrankenburg-1_184060_T-4079,10290,dpll,True,True,True,1,finite_positive,{'R_IN4': 1},{'R_IN4': 'finite_positive'},1,,,,False,6.190345764160156
R_IN4,DEU_AachenFrankenburg-1_184060_T-4079,10290,domain_dpll,True,True,True,1,finite_positive,{'R_IN4': 1},{'R_IN4': 'finite_positive'},1,,,,False,6.056295394897461
R_IN4,DEU_AachenBendplatz-1_172740_T-2759,10202,dpll,True,True,True,4,finite_positive,{'R_IN4': 4},{'R_IN4': 'finite_positive'},1,,,Error occurred while planning route: Planner <commonroad_route_planner.planners.networkx.NetworkxRoutePlanner object at 0x7821ccc83190> could not find a single route | Error occurred while planning route: Planner <commonroad_route_planner.planners.networkx.NetworkxRoutePlanner object at 0x7821ccc82710> could not find a single route,False,6.551911354064941
R_IN4,DEU_AachenBendplatz-1_172740_T-2759,10202,domain_dpll,True,True,True,4,finite_positive,{'R_IN4': 4},{'R_IN4': 'finite_positive'},1,,,Error occurred while planning route: Planner <commonroad_route_planner.planners.networkx.NetworkxRoutePlanner object at 0x7821d4d8eb60> could not find a single route | Error occurred while planning route: Planner <commonroad_route_planner.planners.networkx.NetworkxRoutePlanner object at 0x7821d4d8dfc0> could not find a single route,False,6.420883655548096
R_IN4,DEU_AachenFrankenburg-1_225620_T-5639,10507,dpll,True,True,True,11,finite_positive,{'R_IN4': 11},{'R_IN4': 'finite_positive'},1,,,,False,5.881642580032349
R_IN4,DEU_AachenFrankenburg-1_225620_T-5639,10507,domain_dpll,True,True,True,11,finite_positive,{'R_IN4': 11},{'R_IN4': 'finite_positive'},1,,,,False,5.7807135581970215
R_IN4,DEU_AachenFrankenburg-1_265260_T-5279,10453,dpll,True,True,True,9,finite_positive,{'R_IN4': 9},{'R_IN4': 'finite_positive'},1,,,Error occurred while planning route: Planner <commonroad_route_planner.planners.networkx.NetworkxRoutePlanner object at 0x7821a930b340> could not find a single route,False,5.852838039398193
R_IN4,DEU_AachenFrankenburg-1_265260_T-5279,10453,domain_dpll,True,True,True,9,finite_positive,{'R_IN4': 9},{'R_IN4': 'finite_positive'},1,,,Error occurred while planning route: Planner <commonroad_route_planner.planners.networkx.NetworkxRoutePlanner object at 0x7821a930e6e0> could not find a single route,False,5.787646055221558
R_IN4,DEU_AachenFrankenburg-1_206020_T-6039,10462,dpll,True,True,True,5,finite_positive,{'R_IN4': 5},{'R_IN4': 'finite_positive'},1,,,,False,5.771377801895142
R_IN4,DEU_AachenFrankenburg-1_206020_T-6039,10462,domain_dpll,True,True,True,5,finite_positive,{'R_IN4': 5},{'R_IN4': 'finite_positive'},1,,,,False,5.87866997718811
R_IN4,DEU_AachenBendplatz-1_13720_T-739,10057,dpll,True,True,False,3,finite_positive,{'R_IN4': 3},{'R_IN4': 'finite_positive'},26,,repair returned None,* 	<VPRepairer>: VP repair failed for current SAT model: x and/or y coordinate outside of projection domain | * 	<VPRepairer>: VP repair failed for current SAT model: x and/or y coordinate outside of projection domain | * 	<VPRepairer>: VP repair failed for current SAT model: x and/or y coordinate outside of projection domain | * 	<VPRepairer>: VP repair failed for current SAT model: x and/or y coordinate outside of projection domain | * 	<VPRepairer>: VP repair failed for current SAT model: x and/or y coordinate outside of projection domain | * 	<VPRepairer>: VP repair failed for current SAT model: x and/or y coordinate outside of projection domain | * 	<VPRepairer>: VP repair failed for current SAT model: x and/or y coordinate outside of projection domain | *******   Repairing Failed ಠ_ಠ with 27 iteration(s)  *******,True,6.889321804046631
R_IN4,DEU_AachenBendplatz-1_13720_T-739,10057,domain_dpll,True,False,False,3,finite_positive,{'R_IN4': 3},{'R_IN4': 'finite_positive'},0,RecursionError,RecursionError: maximum recursion depth exceeded in comparison,* 	<VPRepairer>: VP repair failed for current SAT model: x and/or y coordinate outside of projection domain | * 	<VPRepairer>: VP repair failed for current SAT model: x and/or y coordinate outside of projection domain | * 	<VPRepairer>: VP repair failed for current SAT model: x and/or y coordinate outside of projection domain | * 	<VPRepairer>: VP repair failed for current SAT model: x and/or y coordinate outside of projection domain | * 	<VPRepairer>: VP repair failed for current SAT model: x and/or y coordinate outside of projection domain | Traceback (most recent call last): | RecursionError: maximum recursion depth exceeded in comparison,True,10.154101133346558
R_IN4,DEU_AachenFrankenburg-1_2120_T-39,10023,dpll,True,True,True,3,finite_positive,{'R_IN4': 3},{'R_IN4': 'finite_positive'},1,,,,False,5.999983787536621
R_IN4,DEU_AachenFrankenburg-1_2120_T-39,10023,domain_dpll,True,True,True,3,finite_positive,{'R_IN4': 3},{'R_IN4': 'finite_positive'},1,,,,False,6.013214111328125
R_IN4,DEU_AachenBendplatz-1_83000_T-3019,10226,dpll,True,True,True,4,finite_positive,{'R_IN4': 4},{'R_IN4': 'finite_positive'},1,,,Error occurred while planning route: Planner <commonroad_route_planner.planners.networkx.NetworkxRoutePlanner object at 0x7821a8e5c580> could not find a single route,False,6.775705337524414
R_IN4,DEU_AachenBendplatz-1_83000_T-3019,10226,domain_dpll,True,True,True,4,finite_positive,{'R_IN4': 4},{'R_IN4': 'finite_positive'},1,,,Error occurred while planning route: Planner <commonroad_route_planner.planners.networkx.NetworkxRoutePlanner object at 0x7821ad9f28f0> could not find a single route,False,6.519176483154297
R_IN4,DEU_AachenFrankenburg-1_232260_T-2279,10208,dpll,True,True,False,5,finite_positive,{'R_IN4': 5},{'R_IN4': 'finite_positive'},31,,repair returned None,* 	<VPRepairer>: VP repair failed for current SAT model: x and/or y coordinate outside of projection domain | * 	<VPRepairer>: VP repair failed for current SAT model: x and/or y coordinate outside of projection domain | * 	<VPRepairer>: VP repair failed for current SAT model: x and/or y coordinate outside of projection domain | * 	<VPRepairer>: VP repair failed for current SAT model: x and/or y coordinate outside of projection domain | * 	<VPRepairer>: VP repair failed for current SAT model: x and/or y coordinate outside of projection domain | * 	<VPRepairer>: VP repair failed for current SAT model: x and/or y coordinate outside of projection domain | * 	<VPRepairer>: VP repair failed for current SAT model: x and/or y coordinate outside of projection domain | *******   Repairing Failed ಠ_ಠ with 32 iteration(s)  *******,True,6.343541622161865
R_IN4,DEU_AachenFrankenburg-1_232260_T-2279,10208,domain_dpll,True,False,False,5,finite_positive,{'R_IN4': 5},{'R_IN4': 'finite_positive'},0,RecursionError,RecursionError: maximum recursion depth exceeded in comparison,Error occurred while planning route: Planner <commonroad_route_planner.planners.networkx.NetworkxRoutePlanner object at 0x7821a85b3b50> could not find a single route | * 	<VPRepairer>: VP repair failed for current SAT model: x and/or y coordinate outside of projection domain | * 	<VPRepairer>: VP repair failed for current SAT model: x and/or y coordinate outside of projection domain | * 	<VPRepairer>: VP repair failed for current SAT model: x and/or y coordinate outside of projection domain | * 	<VPRepairer>: VP repair failed for current SAT model: x and/or y coordinate outside of projection domain | Traceback (most recent call last): | RecursionError: maximum recursion depth exceeded in comparison,True,8.640560626983643
R_IN4,DEU_AachenBendplatz-1_92340_T-2359,10140,dpll,True,True,False,5,finite_positive,{'R_IN4': 5},{'R_IN4': 'finite_positive'},32,,repair returned None,* 	<VPRepairer>: VP repair failed for current SAT model: x and/or y coordinate outside of projection domain | * 	<VPRepairer>: VP repair failed for current SAT model: x and/or y coordinate outside of projection domain | * 	<VPRepairer>: VP repair failed for current SAT model: x and/or y coordinate outside of projection domain | * 	<VPRepairer>: VP repair failed for current SAT model: x and/or y coordinate outside of projection domain | * 	<VPRepairer>: VP repair failed for current SAT model: x and/or y coordinate outside of projection domain | * 	<VPRepairer>: VP repair failed for current SAT model: x and/or y coordinate outside of projection domain | * 	<VPRepairer>: VP repair failed for current SAT model: x and/or y coordinate outside of projection domain | *******   Repairing Failed ಠ_ಠ with 33 iteration(s)  *******,True,6.895606756210327
R_IN4,DEU_AachenBendplatz-1_92340_T-2359,10140,domain_dpll,True,False,False,5,finite_positive,{'R_IN4': 5},{'R_IN4': 'finite_positive'},0,RecursionError,RecursionError: maximum recursion depth exceeded in comparison,* 	<VPRepairer>: VP repair failed for current SAT model: x and/or y coordinate outside of projection domain | * 	<VPRepairer>: VP repair failed for current SAT model: x and/or y coordinate outside of projection domain | * 	<VPRepairer>: VP repair failed for current SAT model: x and/or y coordinate outside of projection domain | * 	<VPRepairer>: VP repair failed for current SAT model: x and/or y coordinate outside of projection domain | * 	<VPRepairer>: VP repair failed for current SAT model: x and/or y coordinate outside of projection domain | Traceback (most recent call last): | RecursionError: maximum recursion depth exceeded in comparison,True,9.16765546798706
R_IN4,DEU_AachenFrankenburg-1_264440_T-4459,10391,dpll,True,True,True,8,finite_positive,{'R_IN4': 8},{'R_IN4': 'finite_positive'},1,,,,False,5.7091383934021
R_IN4,DEU_AachenFrankenburg-1_264440_T-4459,10391,domain_dpll,True,True,True,8,finite_positive,{'R_IN4': 8},{'R_IN4': 'finite_positive'},1,,,,False,5.792062759399414
R_IN4,DEU_AachenBendplatz-1_1740_T-59,10003,dpll,True,True,True,9,finite_positive,{'R_IN4': 9},{'R_IN4': 'finite_positive'},1,,,,False,6.581611633300781
R_IN4,DEU_AachenBendplatz-1_1740_T-59,10003,domain_dpll,True,True,True,9,finite_positive,{'R_IN4': 9},{'R_IN4': 'finite_positive'},1,,,,False,6.467762470245361
R_IN4,DEU_AachenBendplatz-1_15160_T-179,10016,dpll,True,True,True,9,finite_positive,{'R_IN4': 9},{'R_IN4': 'finite_positive'},1,,,,False,6.37024188041687
R_IN4,DEU_AachenBendplatz-1_15160_T-179,10016,domain_dpll,True,True,True,9,finite_positive,{'R_IN4': 9},{'R_IN4': 'finite_positive'},1,,,,False,6.475965976715088
R_IN4,DEU_AachenBendplatz-1_152620_T-2639,10164,dpll,True,True,True,12,finite_positive,{'R_IN4': 12},{'R_IN4': 'finite_positive'},1,,,,False,7.302470684051514
R_IN4,DEU_AachenBendplatz-1_152620_T-2639,10164,domain_dpll,True,True,True,12,finite_positive,{'R_IN4': 12},{'R_IN4': 'finite_positive'},1,,,,False,6.5021514892578125
R_IN4,DEU_AachenBendplatz-1_8340_T-359,10030,dpll,True,True,True,12,finite_positive,{'R_IN4': 12},{'R_IN4': 'finite_positive'},1,,,,False,6.578327894210815
R_IN4,DEU_AachenBendplatz-1_8340_T-359,10030,domain_dpll,True,True,True,12,finite_positive,{'R_IN4': 12},{'R_IN4': 'finite_positive'},1,,,,False,6.494704961776733
R_IN4,DEU_AachenBendplatz-1_93620_T-3639,10217,dpll,True,True,True,13,finite_positive,{'R_IN4': 13},{'R_IN4': 'finite_positive'},1,,,Error occurred while planning route: Planner <commonroad_route_planner.planners.networkx.NetworkxRoutePlanner object at 0x7821a80f8fd0> could not find a single route,False,6.650911092758179
R_IN4,DEU_AachenBendplatz-1_93620_T-3639,10217,domain_dpll,True,True,True,13,finite_positive,{'R_IN4': 13},{'R_IN4': 'finite_positive'},1,,,Error occurred while planning route: Planner <commonroad_route_planner.planners.networkx.NetworkxRoutePlanner object at 0x7821ac7e1a50> could not find a single route,False,6.4772655963897705
R_IN4,DEU_AachenBendplatz-1_172740_T-2759,10202,dpll,True,True,True,4,finite_positive,{'R_IN4': 4},{'R_IN4': 'finite_positive'},1,,,Error occurred while planning route: Planner <commonroad_route_planner.planners.networkx.NetworkxRoutePlanner object at 0x7821a79afe50> could not find a single route | Error occurred while planning route: Planner <commonroad_route_planner.planners.networkx.NetworkxRoutePlanner object at 0x7821a79afd30> could not find a single route,False,6.587138891220093
R_IN4,DEU_AachenBendplatz-1_172740_T-2759,10202,domain_dpll,True,True,True,4,finite_positive,{'R_IN4': 4},{'R_IN4': 'finite_positive'},1,,,Error occurred while planning route: Planner <commonroad_route_planner.planners.networkx.NetworkxRoutePlanner object at 0x7821d77fd840> could not find a single route | Error occurred while planning route: Planner <commonroad_route_planner.planners.networkx.NetworkxRoutePlanner object at 0x7821d77fcbe0> could not find a single route,False,6.499081373214722
R_IN4,DEU_AachenBendplatz-1_163680_T-3699,10267,dpll,True,True,False,12,finite_positive,{'R_IN4': 12},{'R_IN4': 'finite_positive'},27,,repair returned None,"* 	<VPRepairer>: VP repair failed for current SAT model: Reference path orientations should be in [-2pi, 2pi] | * 	<VPRepairer>: VP repair failed for current SAT model: Reference path orientations should be in [-2pi, 2pi] | * 	<VPRepairer>: VP repair failed for current SAT model: Reference path orientations should be in [-2pi, 2pi] | * 	<VPRepairer>: VP repair failed for current SAT model: Reference path orientations should be in [-2pi, 2pi] | * 	<VPRepairer>: VP repair failed for current SAT model: Reference path orientations should be in [-2pi, 2pi] | * 	<VPRepairer>: VP repair failed for current SAT model: Reference path orientations should be in [-2pi, 2pi] | * 	<VPRepairer>: VP repair failed for current SAT model: Reference path orientations should be in [-2pi, 2pi] | *******   Repairing Failed ಠ_ಠ with 28 iteration(s)  *******",True,6.719883441925049
R_IN4,DEU_AachenBendplatz-1_163680_T-3699,10267,domain_dpll,True,False,False,12,finite_positive,{'R_IN4': 12},{'R_IN4': 'finite_positive'},0,RecursionError,RecursionError: maximum recursion depth exceeded in comparison,"* 	<VPRepairer>: VP repair failed for current SAT model: Reference path orientations should be in [-2pi, 2pi] | * 	<VPRepairer>: VP repair failed for current SAT model: Reference path orientations should be in [-2pi, 2pi] | * 	<VPRepairer>: VP repair failed for current SAT model: Reference path orientations should be in [-2pi, 2pi] | * 	<VPRepairer>: VP repair failed for current SAT model: Reference path orientations should be in [-2pi, 2pi] | Traceback (most recent call last): | RecursionError: maximum recursion depth exceeded in comparison",True,9.42924165725708
R_IN4,DEU_AachenFrankenburg-1_225620_T-5639,10507,dpll,True,True,True,11,finite_positive,{'R_IN4': 11},{'R_IN4': 'finite_positive'},1,,,,False,5.840264081954956
R_IN4,DEU_AachenFrankenburg-1_225620_T-5639,10507,domain_dpll,True,True,True,11,finite_positive,{'R_IN4': 11},{'R_IN4': 'finite_positive'},1,,,,False,5.958999872207642
R_IN4,DEU_AachenFrankenburg-1_265260_T-5279,10453,dpll,True,True,True,9,finite_positive,{'R_IN4': 9},{'R_IN4': 'finite_positive'},1,,,Error occurred while planning route: Planner <commonroad_route_planner.planners.networkx.NetworkxRoutePlanner object at 0x7821a732ea10> could not find a single route,False,5.832448959350586
R_IN4,DEU_AachenFrankenburg-1_265260_T-5279,10453,domain_dpll,True,True,True,9,finite_positive,{'R_IN4': 9},{'R_IN4': 'finite_positive'},1,,,Error occurred while planning route: Planner <commonroad_route_planner.planners.networkx.NetworkxRoutePlanner object at 0x7821a71b8f40> could not find a single route,False,5.959908485412598
R_IN4,DEU_AachenBendplatz-1_133560_T-3579,10256,dpll,True,True,True,4,finite_positive,{'R_IN4': 4},{'R_IN4': 'finite_positive'},1,,,,False,6.561713457107544
R_IN4,DEU_AachenBendplatz-1_133560_T-3579,10256,domain_dpll,True,True,True,4,finite_positive,{'R_IN4': 4},{'R_IN4': 'finite_positive'},1,,,,False,6.541078567504883
R_IN4,DEU_AachenBendplatz-1_152620_T-2639,10164,dpll,True,True,True,12,finite_positive,{'R_IN4': 12},{'R_IN4': 'finite_positive'},1,,,,False,6.5006468296051025
R_IN4,DEU_AachenBendplatz-1_152620_T-2639,10164,domain_dpll,True,True,True,12,finite_positive,{'R_IN4': 12},{'R_IN4': 'finite_positive'},1,,,,False,7.652302980422974
R_IN4,DEU_AachenBendplatz-1_162280_T-2299,10179,dpll,True,True,True,9,finite_positive,{'R_IN4': 9},{'R_IN4': 'finite_positive'},1,,,,False,6.7378129959106445
R_IN4,DEU_AachenBendplatz-1_162280_T-2299,10179,domain_dpll,True,True,True,9,finite_positive,{'R_IN4': 9},{'R_IN4': 'finite_positive'},1,,,,False,6.613187789916992
